{
"type": "FeatureCollection",
"name": "natural_gas_pipelines_mn",
"crs": { "type": "name", "properties": { "name": "urn:ogc:def:crs:OGC:1.3:CRS84" } },
"features": [
{ "type": "Feature", "properties": { "TYPEPIPE": "Interstate", "Operator": "Alliance Pipeline System", "Status": "Operating", "Shape_Leng": 6.00436757745, "STATEFP": "27", "STATENS": "00662849", "AFFGEOID": "0400000US27", "GEOID": "27", "STUSPS": "MN", "NAME": "Minnesota", "LSAD": "00", "ALAND": 206228939448, "AWATER": 18945217189 }, "geometry": { "type": "MultiLineString", "coordinates": [ [ [ -96.563800205701114, 45.936229769851856 ], [ -96.562913, 45.935505 ] ] ] } },
{ "type": "Feature", "properties": { "TYPEPIPE": "Interstate", "Operator": "Alliance Pipeline System", "Status": "Operating", "Shape_Leng": 4.3697981500100003, "STATEFP": "27", "STATENS": "00662849", "AFFGEOID": "0400000US27", "GEOID": "27", "STUSPS": "MN", "NAME": "Minnesota", "LSAD": "00", "ALAND": 206228939448, "AWATER": 18945217189 }, "geometry": { "type": "MultiLineString", "coordinates": [ [ [ -96.562913, 45.935505 ], [ -94.806853, 44.855335 ], [ -94.002357, 44.364464 ], [ -94.002357, 44.267159 ], [ -93.888084, 44.223913 ], [ -93.333075, 43.70351 ], [ -93.224814, 43.635957 ], [ -93.006213570643524, 43.499555202761009 ] ] ] } },
{ "type": "Feature", "properties": { "TYPEPIPE": "Interstate", "Operator": "Centra Minnesota Pipeline Co", "Status": "Operating", "Shape_Leng": 0.30273557819000002, "STATEFP": "27", "STATENS": "00662849", "AFFGEOID": "0400000US27", "GEOID": "27", "STUSPS": "MN", "NAME": "Minnesota", "LSAD": "00", "ALAND": 206228939448, "AWATER": 18945217189 }, "geometry": { "type": "MultiLineString", "coordinates": [ [ [ -95.481179, 48.939324 ], [ -95.492773, 48.93548 ], [ -95.492157, 48.926 ], [ -95.496405, 48.923237 ], [ -95.502339, 48.920455 ], [ -95.509185, 48.917259 ], [ -95.514056, 48.915192 ], [ -95.519227, 48.912723 ], [ -95.52319, 48.911371 ], [ -95.52791, 48.909505 ], [ -95.532775, 48.907135 ], [ -95.537011, 48.903966 ], [ -95.539415, 48.901118 ], [ -95.541964, 48.897864 ], [ -95.543753, 48.895021 ], [ -95.54662, 48.892471 ], [ -95.548429, 48.890734 ], [ -95.55284, 48.888874 ], [ -95.556793, 48.887121 ], [ -95.559228, 48.886187 ], [ -95.563027, 48.884433 ], [ -95.566666, 48.882278 ], [ -95.569246, 48.880937 ], [ -95.571374, 48.880009 ], [ -95.572585, 48.879191 ], [ -95.576123, 48.879957 ], [ -95.581475, 48.8794 ], [ -95.585483, 48.880768 ], [ -95.590668, 48.879504 ], [ -95.5957, 48.87824 ], [ -95.600265, 48.876577 ], [ -95.603463, 48.875537 ], [ -95.607124, 48.87469 ], [ -95.611079, 48.873231 ], [ -95.614734, 48.872083 ], [ -95.618247, 48.871544 ], [ -95.622223, 48.871198 ], [ -95.62603, 48.870046 ], [ -95.630743, 48.868179 ], [ -95.635009, 48.867023 ], [ -95.639423, 48.865565 ], [ -95.642318, 48.864824 ], [ -95.645663, 48.863577 ], [ -95.649782, 48.862727 ], [ -95.654383, 48.86308 ], [ -95.662806, 48.863082 ], [ -95.671523, 48.862479 ], [ -95.7394, 48.864121 ], [ -95.739722, 48.857658 ], [ -95.749834, 48.857943 ] ] ] } },
{ "type": "Feature", "properties": { "TYPEPIPE": "Interstate", "Operator": "Centra Minnesota Pipeline Co", "Status": "Operating", "Shape_Leng": 0.95063145197, "STATEFP": "27", "STATENS": "00662849", "AFFGEOID": "0400000US27", "GEOID": "27", "STUSPS": "MN", "NAME": "Minnesota", "LSAD": "00", "ALAND": 206228939448, "AWATER": 18945217189 }, "geometry": { "type": "MultiLineString", "coordinates": [ [ [ -95.481179, 48.939324 ], [ -95.474106, 48.936871 ], [ -95.464653, 48.933349 ], [ -95.461352, 48.932708 ], [ -95.455493, 48.934064 ], [ -95.443649, 48.927516 ], [ -95.433071, 48.922546 ], [ -95.425786, 48.916756 ], [ -95.417769, 48.909444 ], [ -95.414922, 48.907126 ], [ -95.404768, 48.90604 ], [ -95.399238, 48.907247 ], [ -95.390648, 48.902585 ], [ -95.380333, 48.895308 ], [ -95.379077, 48.894353 ], [ -95.364954, 48.888875 ], [ -95.355646, 48.884431 ], [ -95.339073, 48.874183 ], [ -95.32937, 48.868277 ], [ -95.32001, 48.865431 ], [ -95.311627, 48.858947 ], [ -95.304576, 48.85676 ], [ -95.302861, 48.85581 ], [ -95.302068, 48.85492 ], [ -95.297254, 48.851928 ], [ -95.293892, 48.850169 ], [ -95.289396, 48.842928 ], [ -95.276626, 48.841797 ], [ -95.267078, 48.839503 ], [ -95.25266, 48.836721 ], [ -95.244037, 48.834966 ], [ -95.239553, 48.829254 ], [ -95.224089, 48.827946 ], [ -95.220596, 48.822842 ], [ -95.205785, 48.813168 ], [ -95.193415, 48.805262 ], [ -95.184995, 48.80148 ], [ -95.172632, 48.795939 ], [ -95.163362, 48.792374 ], [ -95.156393, 48.78885 ], [ -95.140419, 48.788989 ], [ -95.103273, 48.791349 ], [ -95.099325, 48.793698 ], [ -95.096559, 48.796517 ], [ -95.094715, 48.798977 ], [ -95.087417, 48.798651 ], [ -95.079727, 48.796519 ], [ -95.056256, 48.795761 ], [ -95.028771, 48.795947 ], [ -94.995759, 48.797094 ], [ -94.979214, 48.791014 ], [ -94.975006, 48.791061 ], [ -94.973234, 48.790174 ], [ -94.970406, 48.790483 ], [ -94.951177, 48.783033 ], [ -94.939892, 48.778627 ], [ -94.925649, 48.774668 ], [ -94.914159, 48.772626 ], [ -94.911217, 48.769732 ], [ -94.910511, 48.766605 ], [ -94.906506, 48.766021 ], [ -94.893066, 48.760862 ], [ -94.873012, 48.752703 ], [ -94.863572, 48.749661 ], [ -94.859512, 48.747681 ], [ -94.850887, 48.750685 ], [ -94.838875, 48.749405 ], [ -94.801682, 48.742707 ], [ -94.781553, 48.738493 ], [ -94.77052, 48.738447 ], [ -94.712188, 48.739749 ], [ -94.703839, 48.734031 ], [ -94.693785, 48.734663 ], [ -94.690774, 48.733712 ], [ -94.686189, 48.73256 ], [ -94.681211, 48.731342 ], [ -94.655401, 48.731734 ], [ -94.647978, 48.731992 ], [ -94.64201, 48.731266 ], [ -94.637001, 48.727122 ], [ -94.635581, 48.725041 ], [ -94.633691, 48.723802 ], [ -94.629962, 48.722641 ], [ -94.621695, 48.722207 ], [ -94.612052, 48.721502 ], [ -94.604816, 48.723906 ], [ -94.598504, 48.723852 ], [ -94.597248, 48.723818 ], [ -94.597243, 48.723871 ] ] ] } },
{ "type": "Feature", "properties": { "TYPEPIPE": "Interstate", "Operator": "Great Lakes Gas Trans Co", "Status": "Operating", "Shape_Leng": 0.02365241537, "STATEFP": "27", "STATENS": "00662849", "AFFGEOID": "0400000US27", "GEOID": "27", "STUSPS": "MN", "NAME": "Minnesota", "LSAD": "00", "ALAND": 206228939448, "AWATER": 18945217189 }, "geometry": { "type": "MultiLineString", "coordinates": [ [ [ -92.315224, 46.598358 ], [ -92.292260865510471, 46.598801764958765 ] ] ] } },
{ "type": "Feature", "properties": { "TYPEPIPE": "Interstate", "Operator": "Great Lakes Gas Trans Co", "Status": "Operating", "Shape_Leng": 0.15568146584000001, "STATEFP": "27", "STATENS": "00662849", "AFFGEOID": "0400000US27", "GEOID": "27", "STUSPS": "MN", "NAME": "Minnesota", "LSAD": "00", "ALAND": 206228939448, "AWATER": 18945217189 }, "geometry": { "type": "MultiLineString", "coordinates": [ [ [ -92.464463, 46.64268 ], [ -92.315224, 46.598358 ] ] ] } },
{ "type": "Feature", "properties": { "TYPEPIPE": "Interstate", "Operator": "Great Lakes Gas Trans Co", "Status": "Operating", "Shape_Leng": 0.03278060843, "STATEFP": "27", "STATENS": "00662849", "AFFGEOID": "0400000US27", "GEOID": "27", "STUSPS": "MN", "NAME": "Minnesota", "LSAD": "00", "ALAND": 206228939448, "AWATER": 18945217189 }, "geometry": { "type": "MultiLineString", "coordinates": [ [ [ -92.494563, 46.655663 ], [ -92.480395, 46.649552 ], [ -92.464463, 46.64268 ] ] ] } },
{ "type": "Feature", "properties": { "TYPEPIPE": "Interstate", "Operator": "Great Lakes Gas Trans Co", "Status": "Operating", "Shape_Leng": 0.65078323782000003, "STATEFP": "27", "STATENS": "00662849", "AFFGEOID": "0400000US27", "GEOID": "27", "STUSPS": "MN", "NAME": "Minnesota", "LSAD": "00", "ALAND": 206228939448, "AWATER": 18945217189 }, "geometry": { "type": "MultiLineString", "coordinates": [ [ [ -93.057069, 46.982933 ], [ -92.955029, 46.923749 ], [ -92.494563, 46.655663 ] ] ] } },
{ "type": "Feature", "properties": { "TYPEPIPE": "Interstate", "Operator": "Great Lakes Gas Trans Co", "Status": "Operating", "Shape_Leng": 0.41670465701999998, "STATEFP": "27", "STATENS": "00662849", "AFFGEOID": "0400000US27", "GEOID": "27", "STUSPS": "MN", "NAME": "Minnesota", "LSAD": "00", "ALAND": 206228939448, "AWATER": 18945217189 }, "geometry": { "type": "MultiLineString", "coordinates": [ [ [ -95.569787, 47.781693 ], [ -95.394588, 47.684386 ], [ -95.205499, 47.579364 ] ] ] } },
{ "type": "Feature", "properties": { "TYPEPIPE": "Interstate", "Operator": "Great Lakes Gas Trans Co", "Status": "Operating", "Shape_Leng": 0.17285638351, "STATEFP": "27", "STATENS": "00662849", "AFFGEOID": "0400000US27", "GEOID": "27", "STUSPS": "MN", "NAME": "Minnesota", "LSAD": "00", "ALAND": 206228939448, "AWATER": 18945217189 }, "geometry": { "type": "MultiLineString", "coordinates": [ [ [ -95.718198, 47.870313 ], [ -95.569787, 47.781693 ] ] ] } },
{ "type": "Feature", "properties": { "TYPEPIPE": "Interstate", "Operator": "Great Lakes Gas Trans Co", "Status": "Operating", "Shape_Leng": 0.18395357571000001, "STATEFP": "27", "STATENS": "00662849", "AFFGEOID": "0400000US27", "GEOID": "27", "STUSPS": "MN", "NAME": "Minnesota", "LSAD": "00", "ALAND": 206228939448, "AWATER": 18945217189 }, "geometry": { "type": "MultiLineString", "coordinates": [ [ [ -95.866065, 47.97974 ], [ -95.718198, 47.870313 ] ] ] } },
{ "type": "Feature", "properties": { "TYPEPIPE": "Interstate", "Operator": "Great Lakes Gas Trans Co", "Status": "Operating", "Shape_Leng": 0.25241690385, "STATEFP": "27", "STATENS": "00662849", "AFFGEOID": "0400000US27", "GEOID": "27", "STUSPS": "MN", "NAME": "Minnesota", "LSAD": "00", "ALAND": 206228939448, "AWATER": 18945217189 }, "geometry": { "type": "MultiLineString", "coordinates": [ [ [ -96.066649, 48.132973 ], [ -95.910605, 48.013765 ], [ -95.866065, 47.97974 ] ] ] } },
{ "type": "Feature", "properties": { "TYPEPIPE": "Interstate", "Operator": "Great Lakes Gas Trans Co", "Status": "Operating", "Shape_Leng": 0.11545351564, "STATEFP": "27", "STATENS": "00662849", "AFFGEOID": "0400000US27", "GEOID": "27", "STUSPS": "MN", "NAME": "Minnesota", "LSAD": "00", "ALAND": 206228939448, "AWATER": 18945217189 }, "geometry": { "type": "MultiLineString", "coordinates": [ [ [ -96.159856, 48.201105 ], [ -96.066649, 48.132973 ] ] ] } },
{ "type": "Feature", "properties": { "TYPEPIPE": "Interstate", "Operator": "Great Lakes Gas Trans Co", "Status": "Operating", "Shape_Leng": 0.54992093872000003, "STATEFP": "27", "STATENS": "00662849", "AFFGEOID": "0400000US27", "GEOID": "27", "STUSPS": "MN", "NAME": "Minnesota", "LSAD": "00", "ALAND": 206228939448, "AWATER": 18945217189 }, "geometry": { "type": "MultiLineString", "coordinates": [ [ [ -96.590133, 48.543559 ], [ -96.159856, 48.201105 ] ] ] } },
{ "type": "Feature", "properties": { "TYPEPIPE": "Interstate", "Operator": "Great Lakes Gas Trans Co", "Status": "Operating", "Shape_Leng": 0.00303257333, "STATEFP": "27", "STATENS": "00662849", "AFFGEOID": "0400000US27", "GEOID": "27", "STUSPS": "MN", "NAME": "Minnesota", "LSAD": "00", "ALAND": 206228939448, "AWATER": 18945217189 }, "geometry": { "type": "MultiLineString", "coordinates": [ [ [ -97.054646351612178, 49.000275707447358 ], [ -97.055075, 48.997419 ] ] ] } },
{ "type": "Feature", "properties": { "TYPEPIPE": "Interstate", "Operator": "Great Lakes Gas Trans Co", "Status": "Operating", "Shape_Leng": 0.01099373358, "STATEFP": "27", "STATENS": "00662849", "AFFGEOID": "0400000US27", "GEOID": "27", "STUSPS": "MN", "NAME": "Minnesota", "LSAD": "00", "ALAND": 206228939448, "AWATER": 18945217189 }, "geometry": { "type": "MultiLineString", "coordinates": [ [ [ -97.055075, 48.997419 ], [ -97.057482, 48.986692 ] ] ] } },
{ "type": "Feature", "properties": { "TYPEPIPE": "Interstate", "Operator": "Great Lakes Gas Trans Co", "Status": "Operating", "Shape_Leng": 0.37965883706999998, "STATEFP": "27", "STATENS": "00662849", "AFFGEOID": "0400000US27", "GEOID": "27", "STUSPS": "MN", "NAME": "Minnesota", "LSAD": "00", "ALAND": 206228939448, "AWATER": 18945217189 }, "geometry": { "type": "MultiLineString", "coordinates": [ [ [ -97.057482, 48.986692 ], [ -97.053578, 48.983 ], [ -96.781643, 48.725821 ] ] ] } },
{ "type": "Feature", "properties": { "TYPEPIPE": "Interstate", "Operator": "Great Lakes Gas Trans Co", "Status": "Operating", "Shape_Leng": 0.10824919313, "STATEFP": "27", "STATENS": "00662849", "AFFGEOID": "0400000US27", "GEOID": "27", "STUSPS": "MN", "NAME": "Minnesota", "LSAD": "00", "ALAND": 206228939448, "AWATER": 18945217189 }, "geometry": { "type": "MultiLineString", "coordinates": [ [ [ -93.957583, 47.321724 ], [ -93.849966, 47.333406 ] ] ] } },
{ "type": "Feature", "properties": { "TYPEPIPE": "Interstate", "Operator": "Great Lakes Gas Trans Co", "Status": "Operating", "Shape_Leng": 0.61692612127000002, "STATEFP": "27", "STATENS": "00662849", "AFFGEOID": "0400000US27", "GEOID": "27", "STUSPS": "MN", "NAME": "Minnesota", "LSAD": "00", "ALAND": 206228939448, "AWATER": 18945217189 }, "geometry": { "type": "MultiLineString", "coordinates": [ [ [ -94.574505, 47.319469 ], [ -93.957583, 47.321724 ] ] ] } },
{ "type": "Feature", "properties": { "TYPEPIPE": "Interstate", "Operator": "Great Lakes Gas Trans Co", "Status": "Operating", "Shape_Leng": 0.05501643134, "STATEFP": "27", "STATENS": "00662849", "AFFGEOID": "0400000US27", "GEOID": "27", "STUSPS": "MN", "NAME": "Minnesota", "LSAD": "00", "ALAND": 206228939448, "AWATER": 18945217189 }, "geometry": { "type": "MultiLineString", "coordinates": [ [ [ -94.626239, 47.338188 ], [ -94.574505, 47.319469 ] ] ] } },
{ "type": "Feature", "properties": { "TYPEPIPE": "Interstate", "Operator": "Great Lakes Gas Trans Co", "Status": "Operating", "Shape_Leng": 0.27965865762999997, "STATEFP": "27", "STATENS": "00662849", "AFFGEOID": "0400000US27", "GEOID": "27", "STUSPS": "MN", "NAME": "Minnesota", "LSAD": "00", "ALAND": 206228939448, "AWATER": 18945217189 }, "geometry": { "type": "MultiLineString", "coordinates": [ [ [ -94.88866, 47.43483 ], [ -94.77382, 47.391415 ], [ -94.760988, 47.386787 ], [ -94.626239, 47.338188 ] ] ] } },
{ "type": "Feature", "properties": { "TYPEPIPE": "Interstate", "Operator": "Great Lakes Gas Trans Co", "Status": "Operating", "Shape_Leng": 0.0170902576, "STATEFP": "27", "STATENS": "00662849", "AFFGEOID": "0400000US27", "GEOID": "27", "STUSPS": "MN", "NAME": "Minnesota", "LSAD": "00", "ALAND": 206228939448, "AWATER": 18945217189 }, "geometry": { "type": "MultiLineString", "coordinates": [ [ [ -95.205499, 47.579364 ], [ -95.189992, 47.57218 ] ] ] } },
{ "type": "Feature", "properties": { "TYPEPIPE": "Interstate", "Operator": "Great Lakes Gas Trans Co", "Status": "Operating", "Shape_Leng": 0.28922433315000001, "STATEFP": "27", "STATENS": "00662849", "AFFGEOID": "0400000US27", "GEOID": "27", "STUSPS": "MN", "NAME": "Minnesota", "LSAD": "00", "ALAND": 206228939448, "AWATER": 18945217189 }, "geometry": { "type": "MultiLineString", "coordinates": [ [ [ -95.189992, 47.57218 ], [ -94.928758, 47.448053 ] ] ] } },
{ "type": "Feature", "properties": { "TYPEPIPE": "Interstate", "Operator": "Great Lakes Gas Trans Co", "Status": "Operating", "Shape_Leng": 0.04222200058, "STATEFP": "27", "STATENS": "00662849", "AFFGEOID": "0400000US27", "GEOID": "27", "STUSPS": "MN", "NAME": "Minnesota", "LSAD": "00", "ALAND": 206228939448, "AWATER": 18945217189 }, "geometry": { "type": "MultiLineString", "coordinates": [ [ [ -94.928758, 47.448053 ], [ -94.88866, 47.43483 ] ] ] } },
{ "type": "Feature", "properties": { "TYPEPIPE": "Interstate", "Operator": "Great Lakes Gas Trans Co", "Status": "Operating", "Shape_Leng": 0.0784657561, "STATEFP": "27", "STATENS": "00662849", "AFFGEOID": "0400000US27", "GEOID": "27", "STUSPS": "MN", "NAME": "Minnesota", "LSAD": "00", "ALAND": 206228939448, "AWATER": 18945217189 }, "geometry": { "type": "MultiLineString", "coordinates": [ [ [ -93.849966, 47.333406 ], [ -93.773078, 47.31775 ] ] ] } },
{ "type": "Feature", "properties": { "TYPEPIPE": "Interstate", "Operator": "Great Lakes Gas Trans Co", "Status": "Operating", "Shape_Leng": 0.09263294569, "STATEFP": "27", "STATENS": "00662849", "AFFGEOID": "0400000US27", "GEOID": "27", "STUSPS": "MN", "NAME": "Minnesota", "LSAD": "00", "ALAND": 206228939448, "AWATER": 18945217189 }, "geometry": { "type": "MultiLineString", "coordinates": [ [ [ -93.773078, 47.31775 ], [ -93.684016, 47.292278 ] ] ] } },
{ "type": "Feature", "properties": { "TYPEPIPE": "Interstate", "Operator": "Great Lakes Gas Trans Co", "Status": "Operating", "Shape_Leng": 0.03632573546, "STATEFP": "27", "STATENS": "00662849", "AFFGEOID": "0400000US27", "GEOID": "27", "STUSPS": "MN", "NAME": "Minnesota", "LSAD": "00", "ALAND": 206228939448, "AWATER": 18945217189 }, "geometry": { "type": "MultiLineString", "coordinates": [ [ [ -93.089193, 46.999892 ], [ -93.057069, 46.982933 ] ] ] } },
{ "type": "Feature", "properties": { "TYPEPIPE": "Interstate", "Operator": "Great Lakes Gas Trans Co", "Status": "Operating", "Shape_Leng": 0.66280010134, "STATEFP": "27", "STATENS": "00662849", "AFFGEOID": "0400000US27", "GEOID": "27", "STUSPS": "MN", "NAME": "Minnesota", "LSAD": "00", "ALAND": 206228939448, "AWATER": 18945217189 }, "geometry": { "type": "MultiLineString", "coordinates": [ [ [ -93.684016, 47.292278 ], [ -93.576148, 47.239256 ], [ -93.539624, 47.221302 ], [ -93.395872, 47.15064 ], [ -93.089193, 46.999892 ] ] ] } },
{ "type": "Feature", "properties": { "TYPEPIPE": "Interstate", "Operator": "Great Lakes Gas Trans Co", "Status": "Operating", "Shape_Leng": 0.26436415416999998, "STATEFP": "27", "STATENS": "00662849", "AFFGEOID": "0400000US27", "GEOID": "27", "STUSPS": "MN", "NAME": "Minnesota", "LSAD": "00", "ALAND": 206228939448, "AWATER": 18945217189 }, "geometry": { "type": "MultiLineString", "coordinates": [ [ [ -96.781643, 48.725821 ], [ -96.590143, 48.543568 ] ] ] } },
{ "type": "Feature", "properties": { "TYPEPIPE": "Interstate", "Operator": "Northern Border PL Co", "Status": "Operating", "Shape_Leng": 0.49015558036000001, "STATEFP": "27", "STATENS": "00662849", "AFFGEOID": "0400000US27", "GEOID": "27", "STUSPS": "MN", "NAME": "Minnesota", "LSAD": "00", "ALAND": 206228939448, "AWATER": 18945217189 }, "geometry": { "type": "MultiLineString", "coordinates": [ [ [ -96.453297618591989, 44.544710470376423 ], [ -96.451563, 44.544095 ] ] ] } },
{ "type": "Feature", "properties": { "TYPEPIPE": "Interstate", "Operator": "Northern Border PL Co", "Status": "Operating", "Shape_Leng": 0.21934597078000001, "STATEFP": "27", "STATENS": "00662849", "AFFGEOID": "0400000US27", "GEOID": "27", "STUSPS": "MN", "NAME": "Minnesota", "LSAD": "00", "ALAND": 206228939448, "AWATER": 18945217189 }, "geometry": { "type": "MultiLineString", "coordinates": [ [ [ -96.451563, 44.544095 ], [ -96.438295, 44.537799 ], [ -96.433913, 44.532374 ], [ -96.420816, 44.526992 ], [ -96.402242, 44.515426 ], [ -96.372792, 44.503888 ], [ -96.365486, 44.503253 ], [ -96.365159, 44.50081 ], [ -96.314969, 44.471494 ], [ -96.29984, 44.472105 ], [ -96.276841, 44.456857 ], [ -96.258035, 44.452269 ] ] ] } },
{ "type": "Feature", "properties": { "TYPEPIPE": "Interstate", "Operator": "Northern Border PL Co", "Status": "Operating", "Shape_Leng": 0.08992755057, "STATEFP": "27", "STATENS": "00662849", "AFFGEOID": "0400000US27", "GEOID": "27", "STUSPS": "MN", "NAME": "Minnesota", "LSAD": "00", "ALAND": 206228939448, "AWATER": 18945217189 }, "geometry": { "type": "MultiLineString", "coordinates": [ [ [ -96.078742, 44.369485 ], [ -96.043299, 44.3579 ], [ -96.028589, 44.347322 ], [ -96.016649, 44.341462 ], [ -96.000803, 44.327348 ] ] ] } },
{ "type": "Feature", "properties": { "TYPEPIPE": "Interstate", "Operator": "Northern Border PL Co", "Status": "Operating", "Shape_Leng": 0.19907256176, "STATEFP": "27", "STATENS": "00662849", "AFFGEOID": "0400000US27", "GEOID": "27", "STUSPS": "MN", "NAME": "Minnesota", "LSAD": "00", "ALAND": 206228939448, "AWATER": 18945217189 }, "geometry": { "type": "MultiLineString", "coordinates": [ [ [ -96.258035, 44.452269 ], [ -96.255554, 44.44806 ], [ -96.219212, 44.437363 ], [ -96.170297, 44.416664 ], [ -96.15712, 44.411342 ], [ -96.139149, 44.403193 ], [ -96.127755, 44.398203 ], [ -96.105358, 44.38508 ], [ -96.093419, 44.378085 ], [ -96.078742, 44.369485 ] ] ] } },
{ "type": "Feature", "properties": { "TYPEPIPE": "Interstate", "Operator": "Northern Border PL Co", "Status": "Operating", "Shape_Leng": 0.37797320962999997, "STATEFP": "27", "STATENS": "00662849", "AFFGEOID": "0400000US27", "GEOID": "27", "STUSPS": "MN", "NAME": "Minnesota", "LSAD": "00", "ALAND": 206228939448, "AWATER": 18945217189 }, "geometry": { "type": "MultiLineString", "coordinates": [ [ [ -95.795848, 44.24231 ], [ -95.785336, 44.241696 ], [ -95.778177, 44.237037 ], [ -95.772294, 44.23751 ], [ -95.751196, 44.227289 ], [ -95.744918, 44.216992 ], [ -95.732137, 44.211351 ], [ -95.730883, 44.206939 ], [ -95.680171, 44.182307 ], [ -95.679258, 44.180051 ], [ -95.650253, 44.167551 ], [ -95.6492, 44.1654 ], [ -95.62007, 44.153105 ], [ -95.61902, 44.151054 ], [ -95.588641, 44.140199 ], [ -95.580169, 44.140063 ], [ -95.576033, 44.134439 ], [ -95.519148, 44.110505 ], [ -95.518369, 44.107424 ], [ -95.507968, 44.1038 ], [ -95.494031, 44.102669 ], [ -95.463454, 44.086429 ] ] ] } },
{ "type": "Feature", "properties": { "TYPEPIPE": "Interstate", "Operator": "Northern Border PL Co", "Status": "Operating", "Shape_Leng": 0.44178476137, "STATEFP": "27", "STATENS": "00662849", "AFFGEOID": "0400000US27", "GEOID": "27", "STUSPS": "MN", "NAME": "Minnesota", "LSAD": "00", "ALAND": 206228939448, "AWATER": 18945217189 }, "geometry": { "type": "MultiLineString", "coordinates": [ [ [ -95.463454, 44.086429 ], [ -95.444375, 44.074652 ], [ -95.428194, 44.064142 ], [ -95.396832, 44.049814 ], [ -95.378001, 44.038648 ], [ -95.377795, 44.035046 ], [ -95.358571, 44.033728 ], [ -95.337917, 44.02398 ], [ -95.337439, 44.021101 ], [ -95.307715, 44.008105 ], [ -95.306822, 44.006053 ], [ -95.269152, 43.9968 ], [ -95.268218, 43.991966 ], [ -95.236196, 43.97933 ], [ -95.218735, 43.975814 ], [ -95.200865, 43.968816 ], [ -95.182069, 43.955784 ], [ -95.166519, 43.949872 ], [ -95.166438, 43.947619 ], [ -95.127379, 43.935191 ], [ -95.126874, 43.932943 ], [ -95.118758, 43.932832 ], [ -95.07494, 43.904701 ] ] ] } },
{ "type": "Feature", "properties": { "TYPEPIPE": "Interstate", "Operator": "Northern Border PL Co", "Status": "Operating", "Shape_Leng": 0.24869988171, "STATEFP": "27", "STATENS": "00662849", "AFFGEOID": "0400000US27", "GEOID": "27", "STUSPS": "MN", "NAME": "Minnesota", "LSAD": "00", "ALAND": 206228939448, "AWATER": 18945217189 }, "geometry": { "type": "MultiLineString", "coordinates": [ [ [ -95.07494, 43.904701 ], [ -95.064784, 43.902283 ], [ -95.062413, 43.899345 ], [ -95.039309, 43.891576 ], [ -95.038942, 43.889126 ], [ -95.0088, 43.878477 ], [ -94.979512, 43.863299 ], [ -94.96411, 43.851825 ], [ -94.951788, 43.847785 ], [ -94.92195, 43.831876 ], [ -94.896437, 43.822991 ], [ -94.891092, 43.815164 ], [ -94.87533, 43.809424 ], [ -94.870904, 43.803738 ], [ -94.855456, 43.798809 ] ] ] } },
{ "type": "Feature", "properties": { "TYPEPIPE": "Interstate", "Operator": "Northern Border PL Co", "Status": "Operating", "Shape_Leng": 0.25262175975000001, "STATEFP": "27", "STATENS": "00662849", "AFFGEOID": "0400000US27", "GEOID": "27", "STUSPS": "MN", "NAME": "Minnesota", "LSAD": "00", "ALAND": 206228939448, "AWATER": 18945217189 }, "geometry": { "type": "MultiLineString", "coordinates": [ [ [ -94.572548, 43.660819 ], [ -94.567404, 43.657256 ], [ -94.558532, 43.646024 ], [ -94.548796, 43.642658 ], [ -94.539504, 43.630691 ], [ -94.52682, 43.624418 ], [ -94.517169, 43.610613 ], [ -94.506086, 43.6084 ], [ -94.484251, 43.590696 ], [ -94.468121, 43.57842 ], [ -94.463356, 43.578829 ], [ -94.45146, 43.5709 ], [ -94.450524, 43.562631 ], [ -94.441648, 43.562307 ], [ -94.42871, 43.552961 ], [ -94.423942, 43.553265 ], [ -94.399249, 43.535569 ], [ -94.393028, 43.534777 ], [ -94.373965, 43.523301 ] ] ] } },
{ "type": "Feature", "properties": { "TYPEPIPE": "Interstate", "Operator": "Northern Border PL Co", "Status": "Operating", "Shape_Leng": 0.32626675907000002, "STATEFP": "27", "STATENS": "00662849", "AFFGEOID": "0400000US27", "GEOID": "27", "STUSPS": "MN", "NAME": "Minnesota", "LSAD": "00", "ALAND": 206228939448, "AWATER": 18945217189 }, "geometry": { "type": "MultiLineString", "coordinates": [ [ [ -94.855456, 43.798809 ], [ -94.838142, 43.792618 ], [ -94.831111, 43.789986 ], [ -94.807673, 43.778078 ], [ -94.80696, 43.773164 ], [ -94.80044, 43.773046 ], [ -94.79308, 43.772919 ], [ -94.762366, 43.763445 ], [ -94.751651, 43.758326 ], [ -94.720466, 43.743428 ], [ -94.704047, 43.728133 ], [ -94.687806, 43.724013 ], [ -94.686578, 43.725663 ], [ -94.652935, 43.705735 ], [ -94.614887, 43.687325 ], [ -94.601596, 43.683533 ], [ -94.601458, 43.677705 ], [ -94.593569, 43.675634 ], [ -94.586292, 43.672928 ], [ -94.579749, 43.665619 ], [ -94.572548, 43.660819 ] ] ] } },
{ "type": "Feature", "properties": { "TYPEPIPE": "Interstate", "Operator": "Northern Border PL Co", "Status": "Operating", "Shape_Leng": 0.14632551265, "STATEFP": "27", "STATENS": "00662849", "AFFGEOID": "0400000US27", "GEOID": "27", "STUSPS": "MN", "NAME": "Minnesota", "LSAD": "00", "ALAND": 206228939448, "AWATER": 18945217189 }, "geometry": { "type": "MultiLineString", "coordinates": [ [ [ -96.000803, 44.327348 ], [ -95.996366, 44.326924 ], [ -95.974786, 44.315254 ], [ -95.974116, 44.312827 ], [ -95.957431, 44.30909 ], [ -95.948939, 44.30356 ], [ -95.935305, 44.30118 ], [ -95.929689, 44.296207 ], [ -95.894912, 44.285172 ], [ -95.895107, 44.282936 ], [ -95.882094, 44.281649 ], [ -95.876483, 44.2786 ], [ -95.869338, 44.27489 ] ] ] } },
{ "type": "Feature", "properties": { "TYPEPIPE": "Interstate", "Operator": "Northern Border PL Co", "Status": "Operating", "Shape_Leng": 0.08296244322, "STATEFP": "27", "STATENS": "00662849", "AFFGEOID": "0400000US27", "GEOID": "27", "STUSPS": "MN", "NAME": "Minnesota", "LSAD": "00", "ALAND": 206228939448, "AWATER": 18945217189 }, "geometry": { "type": "MultiLineString", "coordinates": [ [ [ -95.869338, 44.27489 ], [ -95.858378, 44.269538 ], [ -95.858463, 44.267272 ], [ -95.846592, 44.260679 ], [ -95.832937, 44.253345 ], [ -95.83291, 44.252315 ], [ -95.795848, 44.24231 ] ] ] } },
{ "type": "Feature", "properties": { "TYPEPIPE": "Interstate", "Operator": "Northern Border PL Co", "Status": "Operating", "Shape_Leng": 0.19151479805, "STATEFP": "27", "STATENS": "00662849", "AFFGEOID": "0400000US27", "GEOID": "27", "STUSPS": "MN", "NAME": "Minnesota", "LSAD": "00", "ALAND": 206228939448, "AWATER": 18945217189 }, "geometry": { "type": "MultiLineString", "coordinates": [ [ [ -94.330381, 43.501039 ], [ -94.329215480737659, 43.500342680596951 ] ] ] } },
{ "type": "Feature", "properties": { "TYPEPIPE": "Interstate", "Operator": "Northern Border PL Co", "Status": "Operating", "Shape_Leng": 0.04903863586, "STATEFP": "27", "STATENS": "00662849", "AFFGEOID": "0400000US27", "GEOID": "27", "STUSPS": "MN", "NAME": "Minnesota", "LSAD": "00", "ALAND": 206228939448, "AWATER": 18945217189 }, "geometry": { "type": "MultiLineString", "coordinates": [ [ [ -94.373965, 43.523301 ], [ -94.356932, 43.516284 ], [ -94.33532, 43.503801 ], [ -94.330381, 43.501039 ] ] ] } },
{ "type": "Feature", "properties": { "TYPEPIPE": "Interstate", "Operator": "Northern Natural Gas Co", "Status": "Operating", "Shape_Leng": 0.08101661894, "STATEFP": "27", "STATENS": "00662849", "AFFGEOID": "0400000US27", "GEOID": "27", "STUSPS": "MN", "NAME": "Minnesota", "LSAD": "00", "ALAND": 206228939448, "AWATER": 18945217189 }, "geometry": { "type": "MultiLineString", "coordinates": [ [ [ -93.4304, 44.648064 ], [ -93.386112, 44.715904 ] ] ] } },
{ "type": "Feature", "properties": { "TYPEPIPE": "Interstate", "Operator": "Northern Natural Gas Co", "Status": "Operating", "Shape_Leng": 0.25753984887999998, "STATEFP": "27", "STATENS": "00662849", "AFFGEOID": "0400000US27", "GEOID": "27", "STUSPS": "MN", "NAME": "Minnesota", "LSAD": "00", "ALAND": 206228939448, "AWATER": 18945217189 }, "geometry": { "type": "MultiLineString", "coordinates": [ [ [ -93.4304, 44.648064 ], [ -93.681792, 44.704 ] ] ] } },
{ "type": "Feature", "properties": { "TYPEPIPE": "Interstate", "Operator": "Northern Natural Gas Co", "Status": "Operating", "Shape_Leng": 0.09801064563, "STATEFP": "27", "STATENS": "00662849", "AFFGEOID": "0400000US27", "GEOID": "27", "STUSPS": "MN", "NAME": "Minnesota", "LSAD": "00", "ALAND": 206228939448, "AWATER": 18945217189 }, "geometry": { "type": "MultiLineString", "coordinates": [ [ [ -93.681792, 44.704 ], [ -93.774208, 44.73664 ] ] ] } },
{ "type": "Feature", "properties": { "TYPEPIPE": "Interstate", "Operator": "Northern Natural Gas Co", "Status": "Operating", "Shape_Leng": 0.05314482312, "STATEFP": "27", "STATENS": "00662849", "AFFGEOID": "0400000US27", "GEOID": "27", "STUSPS": "MN", "NAME": "Minnesota", "LSAD": "00", "ALAND": 206228939448, "AWATER": 18945217189 }, "geometry": { "type": "MultiLineString", "coordinates": [ [ [ -93.774208, 44.73664 ], [ -93.74464, 44.7808 ] ] ] } },
{ "type": "Feature", "properties": { "TYPEPIPE": "Interstate", "Operator": "Northern Natural Gas Co", "Status": "Operating", "Shape_Leng": 0.05817075444, "STATEFP": "27", "STATENS": "00662849", "AFFGEOID": "0400000US27", "GEOID": "27", "STUSPS": "MN", "NAME": "Minnesota", "LSAD": "00", "ALAND": 206228939448, "AWATER": 18945217189 }, "geometry": { "type": "MultiLineString", "coordinates": [ [ [ -93.774208, 44.73664 ], [ -93.829632, 44.754304 ] ] ] } },
{ "type": "Feature", "properties": { "TYPEPIPE": "Interstate", "Operator": "Northern Natural Gas Co", "Status": "Operating", "Shape_Leng": 0.16203323787000001, "STATEFP": "27", "STATENS": "00662849", "AFFGEOID": "0400000US27", "GEOID": "27", "STUSPS": "MN", "NAME": "Minnesota", "LSAD": "00", "ALAND": 206228939448, "AWATER": 18945217189 }, "geometry": { "type": "MultiLineString", "coordinates": [ [ [ -93.829632, 44.754304 ], [ -93.741056, 44.889984 ] ] ] } },
{ "type": "Feature", "properties": { "TYPEPIPE": "Interstate", "Operator": "Northern Natural Gas Co", "Status": "Operating", "Shape_Leng": 0.08118722264, "STATEFP": "27", "STATENS": "00662849", "AFFGEOID": "0400000US27", "GEOID": "27", "STUSPS": "MN", "NAME": "Minnesota", "LSAD": "00", "ALAND": 206228939448, "AWATER": 18945217189 }, "geometry": { "type": "MultiLineString", "coordinates": [ [ [ -93.829632, 44.754304 ], [ -93.907328, 44.777856 ] ] ] } },
{ "type": "Feature", "properties": { "TYPEPIPE": "Interstate", "Operator": "Northern Natural Gas Co", "Status": "Operating", "Shape_Leng": 0.09637881527, "STATEFP": "27", "STATENS": "00662849", "AFFGEOID": "0400000US27", "GEOID": "27", "STUSPS": "MN", "NAME": "Minnesota", "LSAD": "00", "ALAND": 206228939448, "AWATER": 18945217189 }, "geometry": { "type": "MultiLineString", "coordinates": [ [ [ -94.256896, 45.195264 ], [ -94.353152, 45.200128 ] ] ] } },
{ "type": "Feature", "properties": { "TYPEPIPE": "Interstate", "Operator": "Northern Natural Gas Co", "Status": "Operating", "Shape_Leng": 0.34423614741000003, "STATEFP": "27", "STATENS": "00662849", "AFFGEOID": "0400000US27", "GEOID": "27", "STUSPS": "MN", "NAME": "Minnesota", "LSAD": "00", "ALAND": 206228939448, "AWATER": 18945217189 }, "geometry": { "type": "MultiLineString", "coordinates": [ [ [ -93.913856, 45.166592 ], [ -94.256896, 45.195264 ] ] ] } },
{ "type": "Feature", "properties": { "TYPEPIPE": "Interstate", "Operator": "Northern Natural Gas Co", "Status": "Operating", "Shape_Leng": 0.1113662527, "STATEFP": "27", "STATENS": "00662849", "AFFGEOID": "0400000US27", "GEOID": "27", "STUSPS": "MN", "NAME": "Minnesota", "LSAD": "00", "ALAND": 206228939448, "AWATER": 18945217189 }, "geometry": { "type": "MultiLineString", "coordinates": [ [ [ -93.907328, 44.777856 ], [ -93.999872, 44.715904 ] ] ] } },
{ "type": "Feature", "properties": { "TYPEPIPE": "Interstate", "Operator": "Northern Natural Gas Co", "Status": "Operating", "Shape_Leng": 0.10139054441000001, "STATEFP": "27", "STATENS": "00662849", "AFFGEOID": "0400000US27", "GEOID": "27", "STUSPS": "MN", "NAME": "Minnesota", "LSAD": "00", "ALAND": 206228939448, "AWATER": 18945217189 }, "geometry": { "type": "MultiLineString", "coordinates": [ [ [ -93.907328, 44.777856 ], [ -94.007168, 44.79552 ] ] ] } },
{ "type": "Feature", "properties": { "TYPEPIPE": "Interstate", "Operator": "Northern Natural Gas Co", "Status": "Operating", "Shape_Leng": 0.23731144768000001, "STATEFP": "27", "STATENS": "00662849", "AFFGEOID": "0400000US27", "GEOID": "27", "STUSPS": "MN", "NAME": "Minnesota", "LSAD": "00", "ALAND": 206228939448, "AWATER": 18945217189 }, "geometry": { "type": "MultiLineString", "coordinates": [ [ [ -91.497216, 43.7888 ], [ -91.26016, 43.799808 ] ] ] } },
{ "type": "Feature", "properties": { "TYPEPIPE": "Interstate", "Operator": "Northern Natural Gas Co", "Status": "Operating", "Shape_Leng": 0.0717914562, "STATEFP": "27", "STATENS": "00662849", "AFFGEOID": "0400000US27", "GEOID": "27", "STUSPS": "MN", "NAME": "Minnesota", "LSAD": "00", "ALAND": 206228939448, "AWATER": 18945217189 }, "geometry": { "type": "MultiLineString", "coordinates": [ [ [ -91.725312, 43.561728 ], [ -91.65824, 43.536128 ] ] ] } },
{ "type": "Feature", "properties": { "TYPEPIPE": "Interstate", "Operator": "Northern Natural Gas Co", "Status": "Operating", "Shape_Leng": 0.06512672201, "STATEFP": "27", "STATENS": "00662849", "AFFGEOID": "0400000US27", "GEOID": "27", "STUSPS": "MN", "NAME": "Minnesota", "LSAD": "00", "ALAND": 206228939448, "AWATER": 18945217189 }, "geometry": { "type": "MultiLineString", "coordinates": [ [ [ -91.662848, 43.58016 ], [ -91.725312, 43.561728 ] ] ] } },
{ "type": "Feature", "properties": { "TYPEPIPE": "Interstate", "Operator": "Northern Natural Gas Co", "Status": "Operating", "Shape_Leng": 0.04987731508, "STATEFP": "27", "STATENS": "00662849", "AFFGEOID": "0400000US27", "GEOID": "27", "STUSPS": "MN", "NAME": "Minnesota", "LSAD": "00", "ALAND": 206228939448, "AWATER": 18945217189 }, "geometry": { "type": "MultiLineString", "coordinates": [ [ [ -91.6224, 43.609344 ], [ -91.662848, 43.58016 ] ] ] } },
{ "type": "Feature", "properties": { "TYPEPIPE": "Interstate", "Operator": "Northern Natural Gas Co", "Status": "Operating", "Shape_Leng": 0.07980838492, "STATEFP": "27", "STATENS": "00662849", "AFFGEOID": "0400000US27", "GEOID": "27", "STUSPS": "MN", "NAME": "Minnesota", "LSAD": "00", "ALAND": 206228939448, "AWATER": 18945217189 }, "geometry": { "type": "MultiLineString", "coordinates": [ [ [ -91.5776, 43.675392 ], [ -91.6224, 43.609344 ] ] ] } },
{ "type": "Feature", "properties": { "TYPEPIPE": "Interstate", "Operator": "Northern Natural Gas Co", "Status": "Operating", "Shape_Leng": 0.17680428303000001, "STATEFP": "27", "STATENS": "00662849", "AFFGEOID": "0400000US27", "GEOID": "27", "STUSPS": "MN", "NAME": "Minnesota", "LSAD": "00", "ALAND": 206228939448, "AWATER": 18945217189 }, "geometry": { "type": "MultiLineString", "coordinates": [ [ [ -91.5776, 43.675392 ], [ -91.403264, 43.645952 ] ] ] } },
{ "type": "Feature", "properties": { "TYPEPIPE": "Interstate", "Operator": "Northern Natural Gas Co", "Status": "Operating", "Shape_Leng": 0.13900705709, "STATEFP": "27", "STATENS": "00662849", "AFFGEOID": "0400000US27", "GEOID": "27", "STUSPS": "MN", "NAME": "Minnesota", "LSAD": "00", "ALAND": 206228939448, "AWATER": 18945217189 }, "geometry": { "type": "MultiLineString", "coordinates": [ [ [ -91.497216, 43.7888 ], [ -91.5776, 43.675392 ] ] ] } },
{ "type": "Feature", "properties": { "TYPEPIPE": "Interstate", "Operator": "Northern Natural Gas Co", "Status": "Operating", "Shape_Leng": 0.17468319026000001, "STATEFP": "27", "STATENS": "00662849", "AFFGEOID": "0400000US27", "GEOID": "27", "STUSPS": "MN", "NAME": "Minnesota", "LSAD": "00", "ALAND": 206228939448, "AWATER": 18945217189 }, "geometry": { "type": "MultiLineString", "coordinates": [ [ [ -91.671552, 43.799808 ], [ -91.497216, 43.7888 ] ] ] } },
{ "type": "Feature", "properties": { "TYPEPIPE": "Interstate", "Operator": "Northern Natural Gas Co", "Status": "Operating", "Shape_Leng": 0.10232637353, "STATEFP": "27", "STATENS": "00662849", "AFFGEOID": "0400000US27", "GEOID": "27", "STUSPS": "MN", "NAME": "Minnesota", "LSAD": "00", "ALAND": 206228939448, "AWATER": 18945217189 }, "geometry": { "type": "MultiLineString", "coordinates": [ [ [ -91.711744, 43.968 ], [ -91.653632, 44.052224 ] ] ] } },
{ "type": "Feature", "properties": { "TYPEPIPE": "Interstate", "Operator": "Northern Natural Gas Co", "Status": "Operating", "Shape_Leng": 0.12455524718, "STATEFP": "27", "STATENS": "00662849", "AFFGEOID": "0400000US27", "GEOID": "27", "STUSPS": "MN", "NAME": "Minnesota", "LSAD": "00", "ALAND": 206228939448, "AWATER": 18945217189 }, "geometry": { "type": "MultiLineString", "coordinates": [ [ [ -91.680512, 43.847424 ], [ -91.711744, 43.968 ] ] ] } },
{ "type": "Feature", "properties": { "TYPEPIPE": "Interstate", "Operator": "Northern Natural Gas Co", "Status": "Operating", "Shape_Leng": 0.04845167754, "STATEFP": "27", "STATENS": "00662849", "AFFGEOID": "0400000US27", "GEOID": "27", "STUSPS": "MN", "NAME": "Minnesota", "LSAD": "00", "ALAND": 206228939448, "AWATER": 18945217189 }, "geometry": { "type": "MultiLineString", "coordinates": [ [ [ -91.671552, 43.799808 ], [ -91.680512, 43.847424 ] ] ] } },
{ "type": "Feature", "properties": { "TYPEPIPE": "Interstate", "Operator": "Northern Natural Gas Co", "Status": "Operating", "Shape_Leng": 0.05376, "STATEFP": "27", "STATENS": "00662849", "AFFGEOID": "0400000US27", "GEOID": "27", "STUSPS": "MN", "NAME": "Minnesota", "LSAD": "00", "ALAND": 206228939448, "AWATER": 18945217189 }, "geometry": { "type": "MultiLineString", "coordinates": [ [ [ -91.725312, 43.799808 ], [ -91.671552, 43.799808 ] ] ] } },
{ "type": "Feature", "properties": { "TYPEPIPE": "Interstate", "Operator": "Northern Natural Gas Co", "Status": "Operating", "Shape_Leng": 0.08481176069, "STATEFP": "27", "STATENS": "00662849", "AFFGEOID": "0400000US27", "GEOID": "27", "STUSPS": "MN", "NAME": "Minnesota", "LSAD": "00", "ALAND": 206228939448, "AWATER": 18945217189 }, "geometry": { "type": "MultiLineString", "coordinates": [ [ [ -91.26016, 43.799808 ], [ -91.259758979045117, 43.799824962117768 ] ] ] } },
{ "type": "Feature", "properties": { "TYPEPIPE": "Interstate", "Operator": "Northern Natural Gas Co", "Status": "Operating", "Shape_Leng": 0.03584, "STATEFP": "27", "STATENS": "00662849", "AFFGEOID": "0400000US27", "GEOID": "27", "STUSPS": "MN", "NAME": "Minnesota", "LSAD": "00", "ALAND": 206228939448, "AWATER": 18945217189 }, "geometry": { "type": "MultiLineString", "coordinates": [ [ [ -92.713472, 44.02304 ], [ -92.677632, 44.02304 ] ] ] } },
{ "type": "Feature", "properties": { "TYPEPIPE": "Interstate", "Operator": "Northern Natural Gas Co", "Status": "Operating", "Shape_Leng": 0.05504, "STATEFP": "27", "STATENS": "00662849", "AFFGEOID": "0400000US27", "GEOID": "27", "STUSPS": "MN", "NAME": "Minnesota", "LSAD": "00", "ALAND": 206228939448, "AWATER": 18945217189 }, "geometry": { "type": "MultiLineString", "coordinates": [ [ [ -92.713472, 44.194816 ], [ -92.713472, 44.249856 ] ] ] } },
{ "type": "Feature", "properties": { "TYPEPIPE": "Interstate", "Operator": "Northern Natural Gas Co", "Status": "Operating", "Shape_Leng": 0.171776, "STATEFP": "27", "STATENS": "00662849", "AFFGEOID": "0400000US27", "GEOID": "27", "STUSPS": "MN", "NAME": "Minnesota", "LSAD": "00", "ALAND": 206228939448, "AWATER": 18945217189 }, "geometry": { "type": "MultiLineString", "coordinates": [ [ [ -92.713472, 44.02304 ], [ -92.713472, 44.194816 ] ] ] } },
{ "type": "Feature", "properties": { "TYPEPIPE": "Interstate", "Operator": "Northern Natural Gas Co", "Status": "Operating", "Shape_Leng": 0.268288, "STATEFP": "27", "STATENS": "00662849", "AFFGEOID": "0400000US27", "GEOID": "27", "STUSPS": "MN", "NAME": "Minnesota", "LSAD": "00", "ALAND": 206228939448, "AWATER": 18945217189 }, "geometry": { "type": "MultiLineString", "coordinates": [ [ [ -92.98176, 44.02304 ], [ -92.713472, 44.02304 ] ] ] } },
{ "type": "Feature", "properties": { "TYPEPIPE": "Interstate", "Operator": "Northern Natural Gas Co", "Status": "Operating", "Shape_Leng": 0.09507565661, "STATEFP": "27", "STATENS": "00662849", "AFFGEOID": "0400000US27", "GEOID": "27", "STUSPS": "MN", "NAME": "Minnesota", "LSAD": "00", "ALAND": 206228939448, "AWATER": 18945217189 }, "geometry": { "type": "MultiLineString", "coordinates": [ [ [ -92.98176, 44.110848 ], [ -92.986112, 44.205824 ] ] ] } },
{ "type": "Feature", "properties": { "TYPEPIPE": "Interstate", "Operator": "Northern Natural Gas Co", "Status": "Operating", "Shape_Leng": 0.07682474268, "STATEFP": "27", "STATENS": "00662849", "AFFGEOID": "0400000US27", "GEOID": "27", "STUSPS": "MN", "NAME": "Minnesota", "LSAD": "00", "ALAND": 206228939448, "AWATER": 18945217189 }, "geometry": { "type": "MultiLineString", "coordinates": [ [ [ -92.98176, 44.110848 ], [ -92.905728, 44.09984 ] ] ] } },
{ "type": "Feature", "properties": { "TYPEPIPE": "Interstate", "Operator": "Northern Natural Gas Co", "Status": "Operating", "Shape_Leng": 0.087808, "STATEFP": "27", "STATENS": "00662849", "AFFGEOID": "0400000US27", "GEOID": "27", "STUSPS": "MN", "NAME": "Minnesota", "LSAD": "00", "ALAND": 206228939448, "AWATER": 18945217189 }, "geometry": { "type": "MultiLineString", "coordinates": [ [ [ -92.98176, 44.02304 ], [ -92.98176, 44.110848 ] ] ] } },
{ "type": "Feature", "properties": { "TYPEPIPE": "Interstate", "Operator": "Northern Natural Gas Co", "Status": "Operating", "Shape_Leng": 0.058112, "STATEFP": "27", "STATENS": "00662849", "AFFGEOID": "0400000US27", "GEOID": "27", "STUSPS": "MN", "NAME": "Minnesota", "LSAD": "00", "ALAND": 206228939448, "AWATER": 18945217189 }, "geometry": { "type": "MultiLineString", "coordinates": [ [ [ -93.039872, 44.02304 ], [ -92.98176, 44.02304 ] ] ] } },
{ "type": "Feature", "properties": { "TYPEPIPE": "Interstate", "Operator": "Northern Natural Gas Co", "Status": "Operating", "Shape_Leng": 0.33973090528, "STATEFP": "27", "STATENS": "00662849", "AFFGEOID": "0400000US27", "GEOID": "27", "STUSPS": "MN", "NAME": "Minnesota", "LSAD": "00", "ALAND": 206228939448, "AWATER": 18945217189 }, "geometry": { "type": "MultiLineString", "coordinates": [ [ [ -92.85248, 43.821824 ], [ -92.512768, 43.81824 ] ] ] } },
{ "type": "Feature", "properties": { "TYPEPIPE": "Interstate", "Operator": "Northern Natural Gas Co", "Status": "Operating", "Shape_Leng": 0.036608, "STATEFP": "27", "STATENS": "00662849", "AFFGEOID": "0400000US27", "GEOID": "27", "STUSPS": "MN", "NAME": "Minnesota", "LSAD": "00", "ALAND": 206228939448, "AWATER": 18945217189 }, "geometry": { "type": "MultiLineString", "coordinates": [ [ [ -92.85248, 43.84384 ], [ -92.85248, 43.880448 ] ] ] } },
{ "type": "Feature", "properties": { "TYPEPIPE": "Interstate", "Operator": "Northern Natural Gas Co", "Status": "Operating", "Shape_Leng": 0.022016, "STATEFP": "27", "STATENS": "00662849", "AFFGEOID": "0400000US27", "GEOID": "27", "STUSPS": "MN", "NAME": "Minnesota", "LSAD": "00", "ALAND": 206228939448, "AWATER": 18945217189 }, "geometry": { "type": "MultiLineString", "coordinates": [ [ [ -92.85248, 43.821824 ], [ -92.85248, 43.84384 ] ] ] } },
{ "type": "Feature", "properties": { "TYPEPIPE": "Interstate", "Operator": "Northern Natural Gas Co", "Status": "Operating", "Shape_Leng": 0.189952, "STATEFP": "27", "STATENS": "00662849", "AFFGEOID": "0400000US27", "GEOID": "27", "STUSPS": "MN", "NAME": "Minnesota", "LSAD": "00", "ALAND": 206228939448, "AWATER": 18945217189 }, "geometry": { "type": "MultiLineString", "coordinates": [ [ [ -93.042432, 43.821824 ], [ -92.85248, 43.821824 ] ] ] } },
{ "type": "Feature", "properties": { "TYPEPIPE": "Interstate", "Operator": "Northern Natural Gas Co", "Status": "Operating", "Shape_Leng": 0.19673129467, "STATEFP": "27", "STATENS": "00662849", "AFFGEOID": "0400000US27", "GEOID": "27", "STUSPS": "MN", "NAME": "Minnesota", "LSAD": "00", "ALAND": 206228939448, "AWATER": 18945217189 }, "geometry": { "type": "MultiLineString", "coordinates": [ [ [ -92.91008, 43.584 ], [ -92.720128, 43.5328 ] ] ] } },
{ "type": "Feature", "properties": { "TYPEPIPE": "Interstate", "Operator": "Northern Natural Gas Co", "Status": "Operating", "Shape_Leng": 0.08250868483, "STATEFP": "27", "STATENS": "00662849", "AFFGEOID": "0400000US27", "GEOID": "27", "STUSPS": "MN", "NAME": "Minnesota", "LSAD": "00", "ALAND": 206228939448, "AWATER": 18945217189 }, "geometry": { "type": "MultiLineString", "coordinates": [ [ [ -92.91008, 43.584 ], [ -92.971776, 43.529216 ] ] ] } },
{ "type": "Feature", "properties": { "TYPEPIPE": "Interstate", "Operator": "Northern Natural Gas Co", "Status": "Operating", "Shape_Leng": 0.16247531653, "STATEFP": "27", "STATENS": "00662849", "AFFGEOID": "0400000US27", "GEOID": "27", "STUSPS": "MN", "NAME": "Minnesota", "LSAD": "00", "ALAND": 206228939448, "AWATER": 18945217189 }, "geometry": { "type": "MultiLineString", "coordinates": [ [ [ -93.046784, 43.671808 ], [ -92.91008, 43.584 ] ] ] } },
{ "type": "Feature", "properties": { "TYPEPIPE": "Interstate", "Operator": "Northern Natural Gas Co", "Status": "Operating", "Shape_Leng": 0.13226284038, "STATEFP": "27", "STATENS": "00662849", "AFFGEOID": "0400000US27", "GEOID": "27", "STUSPS": "MN", "NAME": "Minnesota", "LSAD": "00", "ALAND": 206228939448, "AWATER": 18945217189 }, "geometry": { "type": "MultiLineString", "coordinates": [ [ [ -93.046784, 43.671808 ], [ -92.963072, 43.774208 ] ] ] } },
{ "type": "Feature", "properties": { "TYPEPIPE": "Interstate", "Operator": "Northern Natural Gas Co", "Status": "Operating", "Shape_Leng": 0.183296, "STATEFP": "27", "STATENS": "00662849", "AFFGEOID": "0400000US27", "GEOID": "27", "STUSPS": "MN", "NAME": "Minnesota", "LSAD": "00", "ALAND": 206228939448, "AWATER": 18945217189 }, "geometry": { "type": "MultiLineString", "coordinates": [ [ [ -92.677632, 44.02304 ], [ -92.494336, 44.02304 ] ] ] } },
{ "type": "Feature", "properties": { "TYPEPIPE": "Interstate", "Operator": "Northern Natural Gas Co", "Status": "Operating", "Shape_Leng": 0.07652858708, "STATEFP": "27", "STATENS": "00662849", "AFFGEOID": "0400000US27", "GEOID": "27", "STUSPS": "MN", "NAME": "Minnesota", "LSAD": "00", "ALAND": 206228939448, "AWATER": 18945217189 }, "geometry": { "type": "MultiLineString", "coordinates": [ [ [ -92.208128, 44.22784 ], [ -92.2304, 44.301056 ] ] ] } },
{ "type": "Feature", "properties": { "TYPEPIPE": "Interstate", "Operator": "Northern Natural Gas Co", "Status": "Operating", "Shape_Leng": 0.06978430402, "STATEFP": "27", "STATENS": "00662849", "AFFGEOID": "0400000US27", "GEOID": "27", "STUSPS": "MN", "NAME": "Minnesota", "LSAD": "00", "ALAND": 206228939448, "AWATER": 18945217189 }, "geometry": { "type": "MultiLineString", "coordinates": [ [ [ -92.212736, 44.158208 ], [ -92.208128, 44.22784 ] ] ] } },
{ "type": "Feature", "properties": { "TYPEPIPE": "Interstate", "Operator": "Northern Natural Gas Co", "Status": "Operating", "Shape_Leng": 0.102912, "STATEFP": "27", "STATENS": "00662849", "AFFGEOID": "0400000US27", "GEOID": "27", "STUSPS": "MN", "NAME": "Minnesota", "LSAD": "00", "ALAND": 206228939448, "AWATER": 18945217189 }, "geometry": { "type": "MultiLineString", "coordinates": [ [ [ -92.212736, 44.158208 ], [ -92.109824, 44.158208 ] ] ] } },
{ "type": "Feature", "properties": { "TYPEPIPE": "Interstate", "Operator": "Northern Natural Gas Co", "Status": "Operating", "Shape_Leng": 0.05138462712, "STATEFP": "27", "STATENS": "00662849", "AFFGEOID": "0400000US27", "GEOID": "27", "STUSPS": "MN", "NAME": "Minnesota", "LSAD": "00", "ALAND": 206228939448, "AWATER": 18945217189 }, "geometry": { "type": "MultiLineString", "coordinates": [ [ [ -92.217088, 44.107008 ], [ -92.212736, 44.158208 ] ] ] } },
{ "type": "Feature", "properties": { "TYPEPIPE": "Interstate", "Operator": "Northern Natural Gas Co", "Status": "Operating", "Shape_Leng": 0.11633362231, "STATEFP": "27", "STATENS": "00662849", "AFFGEOID": "0400000US27", "GEOID": "27", "STUSPS": "MN", "NAME": "Minnesota", "LSAD": "00", "ALAND": 206228939448, "AWATER": 18945217189 }, "geometry": { "type": "MultiLineString", "coordinates": [ [ [ -92.217088, 44.107008 ], [ -92.315392, 44.0448 ] ] ] } },
{ "type": "Feature", "properties": { "TYPEPIPE": "Interstate", "Operator": "Northern Natural Gas Co", "Status": "Operating", "Shape_Leng": 0.10249243828, "STATEFP": "27", "STATENS": "00662849", "AFFGEOID": "0400000US27", "GEOID": "27", "STUSPS": "MN", "NAME": "Minnesota", "LSAD": "00", "ALAND": 206228939448, "AWATER": 18945217189 }, "geometry": { "type": "MultiLineString", "coordinates": [ [ [ -92.212736, 44.004608 ], [ -92.217088, 44.107008 ] ] ] } },
{ "type": "Feature", "properties": { "TYPEPIPE": "Interstate", "Operator": "Northern Natural Gas Co", "Status": "Operating", "Shape_Leng": 0.107264, "STATEFP": "27", "STATENS": "00662849", "AFFGEOID": "0400000US27", "GEOID": "27", "STUSPS": "MN", "NAME": "Minnesota", "LSAD": "00", "ALAND": 206228939448, "AWATER": 18945217189 }, "geometry": { "type": "MultiLineString", "coordinates": [ [ [ -92.02048, 43.532544 ], [ -92.127744, 43.532544 ] ] ] } },
{ "type": "Feature", "properties": { "TYPEPIPE": "Interstate", "Operator": "Northern Natural Gas Co", "Status": "Operating", "Shape_Leng": 0.03821180551, "STATEFP": "27", "STATENS": "00662849", "AFFGEOID": "0400000US27", "GEOID": "27", "STUSPS": "MN", "NAME": "Minnesota", "LSAD": "00", "ALAND": 206228939448, "AWATER": 18945217189 }, "geometry": { "type": "MultiLineString", "coordinates": [ [ [ -92.02048, 43.532544 ], [ -92.051712, 43.510528 ] ] ] } },
{ "type": "Feature", "properties": { "TYPEPIPE": "Interstate", "Operator": "Northern Natural Gas Co", "Status": "Operating", "Shape_Leng": 0.143104, "STATEFP": "27", "STATENS": "00662849", "AFFGEOID": "0400000US27", "GEOID": "27", "STUSPS": "MN", "NAME": "Minnesota", "LSAD": "00", "ALAND": 206228939448, "AWATER": 18945217189 }, "geometry": { "type": "MultiLineString", "coordinates": [ [ [ -91.877376, 43.532544 ], [ -92.02048, 43.532544 ] ] ] } },
{ "type": "Feature", "properties": { "TYPEPIPE": "Interstate", "Operator": "Northern Natural Gas Co", "Status": "Operating", "Shape_Leng": 0.033024, "STATEFP": "27", "STATENS": "00662849", "AFFGEOID": "0400000US27", "GEOID": "27", "STUSPS": "MN", "NAME": "Minnesota", "LSAD": "00", "ALAND": 206228939448, "AWATER": 18945217189 }, "geometry": { "type": "MultiLineString", "coordinates": [ [ [ -91.877376, 43.532544 ], [ -91.877376, 43.500688302959496 ] ] ] } },
{ "type": "Feature", "properties": { "TYPEPIPE": "Interstate", "Operator": "Northern Natural Gas Co", "Status": "Operating", "Shape_Leng": 0.15483916156, "STATEFP": "27", "STATENS": "00662849", "AFFGEOID": "0400000US27", "GEOID": "27", "STUSPS": "MN", "NAME": "Minnesota", "LSAD": "00", "ALAND": 206228939448, "AWATER": 18945217189 }, "geometry": { "type": "MultiLineString", "coordinates": [ [ [ -91.725312, 43.561728 ], [ -91.877376, 43.532544 ] ] ] } },
{ "type": "Feature", "properties": { "TYPEPIPE": "Interstate", "Operator": "Northern Natural Gas Co", "Status": "Operating", "Shape_Leng": 0.223488, "STATEFP": "27", "STATENS": "00662849", "AFFGEOID": "0400000US27", "GEOID": "27", "STUSPS": "MN", "NAME": "Minnesota", "LSAD": "00", "ALAND": 206228939448, "AWATER": 18945217189 }, "geometry": { "type": "MultiLineString", "coordinates": [ [ [ -91.9488, 43.799808 ], [ -91.725312, 43.799808 ] ] ] } },
{ "type": "Feature", "properties": { "TYPEPIPE": "Interstate", "Operator": "Northern Natural Gas Co", "Status": "Operating", "Shape_Leng": 0.14276287069, "STATEFP": "27", "STATENS": "00662849", "AFFGEOID": "0400000US27", "GEOID": "27", "STUSPS": "MN", "NAME": "Minnesota", "LSAD": "00", "ALAND": 206228939448, "AWATER": 18945217189 }, "geometry": { "type": "MultiLineString", "coordinates": [ [ [ -91.9488, 43.799808 ], [ -92.024832, 43.678976 ] ] ] } },
{ "type": "Feature", "properties": { "TYPEPIPE": "Interstate", "Operator": "Northern Natural Gas Co", "Status": "Operating", "Shape_Leng": 0.26396393257, "STATEFP": "27", "STATENS": "00662849", "AFFGEOID": "0400000US27", "GEOID": "27", "STUSPS": "MN", "NAME": "Minnesota", "LSAD": "00", "ALAND": 206228939448, "AWATER": 18945217189 }, "geometry": { "type": "MultiLineString", "coordinates": [ [ [ -92.212736, 43.795968 ], [ -91.9488, 43.799808 ] ] ] } },
{ "type": "Feature", "properties": { "TYPEPIPE": "Interstate", "Operator": "Northern Natural Gas Co", "Status": "Operating", "Shape_Leng": 0.09917282725, "STATEFP": "27", "STATENS": "00662849", "AFFGEOID": "0400000US27", "GEOID": "27", "STUSPS": "MN", "NAME": "Minnesota", "LSAD": "00", "ALAND": 206228939448, "AWATER": 18945217189 }, "geometry": { "type": "MultiLineString", "coordinates": [ [ [ -92.078592, 44.008192 ], [ -91.980032, 44.0192 ] ] ] } },
{ "type": "Feature", "properties": { "TYPEPIPE": "Interstate", "Operator": "Northern Natural Gas Co", "Status": "Operating", "Shape_Leng": 0.04821031259, "STATEFP": "27", "STATENS": "00662849", "AFFGEOID": "0400000US27", "GEOID": "27", "STUSPS": "MN", "NAME": "Minnesota", "LSAD": "00", "ALAND": 206228939448, "AWATER": 18945217189 }, "geometry": { "type": "MultiLineString", "coordinates": [ [ [ -92.078592, 44.008192 ], [ -92.105216, 43.968 ] ] ] } },
{ "type": "Feature", "properties": { "TYPEPIPE": "Interstate", "Operator": "Northern Natural Gas Co", "Status": "Operating", "Shape_Leng": 0.13419186932, "STATEFP": "27", "STATENS": "00662849", "AFFGEOID": "0400000US27", "GEOID": "27", "STUSPS": "MN", "NAME": "Minnesota", "LSAD": "00", "ALAND": 206228939448, "AWATER": 18945217189 }, "geometry": { "type": "MultiLineString", "coordinates": [ [ [ -92.212736, 44.004608 ], [ -92.078592, 44.008192 ] ] ] } },
{ "type": "Feature", "properties": { "TYPEPIPE": "Interstate", "Operator": "Northern Natural Gas Co", "Status": "Operating", "Shape_Leng": 0.153856, "STATEFP": "27", "STATENS": "00662849", "AFFGEOID": "0400000US27", "GEOID": "27", "STUSPS": "MN", "NAME": "Minnesota", "LSAD": "00", "ALAND": 206228939448, "AWATER": 18945217189 }, "geometry": { "type": "MultiLineString", "coordinates": [ [ [ -92.212736, 43.850752 ], [ -92.212736, 44.004608 ] ] ] } },
{ "type": "Feature", "properties": { "TYPEPIPE": "Interstate", "Operator": "Northern Natural Gas Co", "Status": "Operating", "Shape_Leng": 0.054784, "STATEFP": "27", "STATENS": "00662849", "AFFGEOID": "0400000US27", "GEOID": "27", "STUSPS": "MN", "NAME": "Minnesota", "LSAD": "00", "ALAND": 206228939448, "AWATER": 18945217189 }, "geometry": { "type": "MultiLineString", "coordinates": [ [ [ -92.212736, 43.795968 ], [ -92.212736, 43.850752 ] ] ] } },
{ "type": "Feature", "properties": { "TYPEPIPE": "Interstate", "Operator": "Northern Natural Gas Co", "Status": "Operating", "Shape_Leng": 0.11957173285, "STATEFP": "27", "STATENS": "00662849", "AFFGEOID": "0400000US27", "GEOID": "27", "STUSPS": "MN", "NAME": "Minnesota", "LSAD": "00", "ALAND": 206228939448, "AWATER": 18945217189 }, "geometry": { "type": "MultiLineString", "coordinates": [ [ [ -92.331776, 43.807232 ], [ -92.212736, 43.795968 ] ] ] } },
{ "type": "Feature", "properties": { "TYPEPIPE": "Interstate", "Operator": "Northern Natural Gas Co", "Status": "Operating", "Shape_Leng": 0.153856, "STATEFP": "27", "STATENS": "00662849", "AFFGEOID": "0400000US27", "GEOID": "27", "STUSPS": "MN", "NAME": "Minnesota", "LSAD": "00", "ALAND": 206228939448, "AWATER": 18945217189 }, "geometry": { "type": "MultiLineString", "coordinates": [ [ [ -92.331776, 43.807232 ], [ -92.331776, 43.653376 ] ] ] } },
{ "type": "Feature", "properties": { "TYPEPIPE": "Interstate", "Operator": "Northern Natural Gas Co", "Status": "Operating", "Shape_Leng": 0.07534928501, "STATEFP": "27", "STATENS": "00662849", "AFFGEOID": "0400000US27", "GEOID": "27", "STUSPS": "MN", "NAME": "Minnesota", "LSAD": "00", "ALAND": 206228939448, "AWATER": 18945217189 }, "geometry": { "type": "MultiLineString", "coordinates": [ [ [ -92.40704, 43.810816 ], [ -92.331776, 43.807232 ] ] ] } },
{ "type": "Feature", "properties": { "TYPEPIPE": "Interstate", "Operator": "Northern Natural Gas Co", "Status": "Operating", "Shape_Leng": 0.13699516558, "STATEFP": "27", "STATENS": "00662849", "AFFGEOID": "0400000US27", "GEOID": "27", "STUSPS": "MN", "NAME": "Minnesota", "LSAD": "00", "ALAND": 206228939448, "AWATER": 18945217189 }, "geometry": { "type": "MultiLineString", "coordinates": [ [ [ -92.429056, 43.84384 ], [ -92.4864, 43.968256 ] ] ] } },
{ "type": "Feature", "properties": { "TYPEPIPE": "Interstate", "Operator": "Northern Natural Gas Co", "Status": "Operating", "Shape_Leng": 0.03968990844, "STATEFP": "27", "STATENS": "00662849", "AFFGEOID": "0400000US27", "GEOID": "27", "STUSPS": "MN", "NAME": "Minnesota", "LSAD": "00", "ALAND": 206228939448, "AWATER": 18945217189 }, "geometry": { "type": "MultiLineString", "coordinates": [ [ [ -92.40704, 43.810816 ], [ -92.429056, 43.84384 ] ] ] } },
{ "type": "Feature", "properties": { "TYPEPIPE": "Interstate", "Operator": "Northern Natural Gas Co", "Status": "Operating", "Shape_Leng": 0.044032, "STATEFP": "27", "STATENS": "00662849", "AFFGEOID": "0400000US27", "GEOID": "27", "STUSPS": "MN", "NAME": "Minnesota", "LSAD": "00", "ALAND": 206228939448, "AWATER": 18945217189 }, "geometry": { "type": "MultiLineString", "coordinates": [ [ [ -92.451072, 43.810816 ], [ -92.40704, 43.810816 ] ] ] } },
{ "type": "Feature", "properties": { "TYPEPIPE": "Interstate", "Operator": "Northern Natural Gas Co", "Status": "Operating", "Shape_Leng": 0.06214106687, "STATEFP": "27", "STATENS": "00662849", "AFFGEOID": "0400000US27", "GEOID": "27", "STUSPS": "MN", "NAME": "Minnesota", "LSAD": "00", "ALAND": 206228939448, "AWATER": 18945217189 }, "geometry": { "type": "MultiLineString", "coordinates": [ [ [ -92.512768, 43.81824 ], [ -92.451072, 43.810816 ] ] ] } },
{ "type": "Feature", "properties": { "TYPEPIPE": "Interstate", "Operator": "Northern Natural Gas Co", "Status": "Operating", "Shape_Leng": 0.047616, "STATEFP": "27", "STATENS": "00662849", "AFFGEOID": "0400000US27", "GEOID": "27", "STUSPS": "MN", "NAME": "Minnesota", "LSAD": "00", "ALAND": 206228939448, "AWATER": 18945217189 }, "geometry": { "type": "MultiLineString", "coordinates": [ [ [ -92.512768, 43.81824 ], [ -92.512768, 43.770624 ] ] ] } },
{ "type": "Feature", "properties": { "TYPEPIPE": "Interstate", "Operator": "Northern Natural Gas Co", "Status": "Operating", "Shape_Leng": 0.2282925842, "STATEFP": "27", "STATENS": "00662849", "AFFGEOID": "0400000US27", "GEOID": "27", "STUSPS": "MN", "NAME": "Minnesota", "LSAD": "00", "ALAND": 206228939448, "AWATER": 18945217189 }, "geometry": { "type": "MultiLineString", "coordinates": [ [ [ -92.292864, 46.626816 ], [ -92.29223090944447, 46.626842292249947 ] ] ] } },
{ "type": "Feature", "properties": { "TYPEPIPE": "Interstate", "Operator": "Northern Natural Gas Co", "Status": "Operating", "Shape_Leng": 0.74578850423999998, "STATEFP": "27", "STATENS": "00662849", "AFFGEOID": "0400000US27", "GEOID": "27", "STUSPS": "MN", "NAME": "Minnesota", "LSAD": "00", "ALAND": 206228939448, "AWATER": 18945217189 }, "geometry": { "type": "MultiLineString", "coordinates": [ [ [ -92.292864, 46.626816 ], [ -92.292231025294839, 46.626733877903064 ] ] ] } },
{ "type": "Feature", "properties": { "TYPEPIPE": "Interstate", "Operator": "Northern Natural Gas Co", "Status": "Operating", "Shape_Leng": 0.18829665786, "STATEFP": "27", "STATENS": "00662849", "AFFGEOID": "0400000US27", "GEOID": "27", "STUSPS": "MN", "NAME": "Minnesota", "LSAD": "00", "ALAND": 206228939448, "AWATER": 18945217189 }, "geometry": { "type": "MultiLineString", "coordinates": [ [ [ -92.987648, 45.545984 ], [ -92.972032, 45.733632 ] ] ] } },
{ "type": "Feature", "properties": { "TYPEPIPE": "Interstate", "Operator": "Northern Natural Gas Co", "Status": "Operating", "Shape_Leng": 0.13065057251000001, "STATEFP": "27", "STATENS": "00662849", "AFFGEOID": "0400000US27", "GEOID": "27", "STUSPS": "MN", "NAME": "Minnesota", "LSAD": "00", "ALAND": 206228939448, "AWATER": 18945217189 }, "geometry": { "type": "MultiLineString", "coordinates": [ [ [ -92.972032, 45.733632 ], [ -92.841980545623343, 45.728786946639154 ] ] ] } },
{ "type": "Feature", "properties": { "TYPEPIPE": "Interstate", "Operator": "Northern Natural Gas Co", "Status": "Operating", "Shape_Leng": 0.08741453536, "STATEFP": "27", "STATENS": "00662849", "AFFGEOID": "0400000US27", "GEOID": "27", "STUSPS": "MN", "NAME": "Minnesota", "LSAD": "00", "ALAND": 206228939448, "AWATER": 18945217189 }, "geometry": { "type": "MultiLineString", "coordinates": [ [ [ -92.972032, 45.733632 ], [ -92.922368, 45.805568 ] ] ] } },
{ "type": "Feature", "properties": { "TYPEPIPE": "Interstate", "Operator": "Northern Natural Gas Co", "Status": "Operating", "Shape_Leng": 0.205568, "STATEFP": "27", "STATENS": "00662849", "AFFGEOID": "0400000US27", "GEOID": "27", "STUSPS": "MN", "NAME": "Minnesota", "LSAD": "00", "ALAND": 206228939448, "AWATER": 18945217189 }, "geometry": { "type": "MultiLineString", "coordinates": [ [ [ -92.922368, 45.805568 ], [ -93.127936, 45.805568 ] ] ] } },
{ "type": "Feature", "properties": { "TYPEPIPE": "Interstate", "Operator": "Northern Natural Gas Co", "Status": "Operating", "Shape_Leng": 0.074496, "STATEFP": "27", "STATENS": "00662849", "AFFGEOID": "0400000US27", "GEOID": "27", "STUSPS": "MN", "NAME": "Minnesota", "LSAD": "00", "ALAND": 206228939448, "AWATER": 18945217189 }, "geometry": { "type": "MultiLineString", "coordinates": [ [ [ -93.127936, 45.805568 ], [ -93.202432, 45.805568 ] ] ] } },
{ "type": "Feature", "properties": { "TYPEPIPE": "Interstate", "Operator": "Northern Natural Gas Co", "Status": "Operating", "Shape_Leng": 0.47082408965, "STATEFP": "27", "STATENS": "00662849", "AFFGEOID": "0400000US27", "GEOID": "27", "STUSPS": "MN", "NAME": "Minnesota", "LSAD": "00", "ALAND": 206228939448, "AWATER": 18945217189 }, "geometry": { "type": "MultiLineString", "coordinates": [ [ [ -92.922368, 45.805568 ], [ -92.916224, 46.276352 ] ] ] } },
{ "type": "Feature", "properties": { "TYPEPIPE": "Interstate", "Operator": "Northern Natural Gas Co", "Status": "Operating", "Shape_Leng": 0.08089356958, "STATEFP": "27", "STATENS": "00662849", "AFFGEOID": "0400000US27", "GEOID": "27", "STUSPS": "MN", "NAME": "Minnesota", "LSAD": "00", "ALAND": 206228939448, "AWATER": 18945217189 }, "geometry": { "type": "MultiLineString", "coordinates": [ [ [ -92.916224, 46.276352 ], [ -92.984576, 46.319616 ] ] ] } },
{ "type": "Feature", "properties": { "TYPEPIPE": "Interstate", "Operator": "Northern Natural Gas Co", "Status": "Operating", "Shape_Leng": 0.22293117345, "STATEFP": "27", "STATENS": "00662849", "AFFGEOID": "0400000US27", "GEOID": "27", "STUSPS": "MN", "NAME": "Minnesota", "LSAD": "00", "ALAND": 206228939448, "AWATER": 18945217189 }, "geometry": { "type": "MultiLineString", "coordinates": [ [ [ -92.916224, 46.276352 ], [ -92.742144, 46.415616 ] ] ] } },
{ "type": "Feature", "properties": { "TYPEPIPE": "Interstate", "Operator": "Northern Natural Gas Co", "Status": "Operating", "Shape_Leng": 0.35869875642, "STATEFP": "27", "STATENS": "00662849", "AFFGEOID": "0400000US27", "GEOID": "27", "STUSPS": "MN", "NAME": "Minnesota", "LSAD": "00", "ALAND": 206228939448, "AWATER": 18945217189 }, "geometry": { "type": "MultiLineString", "coordinates": [ [ [ -92.742144, 46.415616 ], [ -92.464463, 46.64268 ] ] ] } },
{ "type": "Feature", "properties": { "TYPEPIPE": "Interstate", "Operator": "Northern Natural Gas Co", "Status": "Operating", "Shape_Leng": 0.14526956791000001, "STATEFP": "27", "STATENS": "00662849", "AFFGEOID": "0400000US27", "GEOID": "27", "STUSPS": "MN", "NAME": "Minnesota", "LSAD": "00", "ALAND": 206228939448, "AWATER": 18945217189 }, "geometry": { "type": "MultiLineString", "coordinates": [ [ [ -93.167872, 44.825344 ], [ -93.041664, 44.753408 ] ] ] } },
{ "type": "Feature", "properties": { "TYPEPIPE": "Interstate", "Operator": "Northern Natural Gas Co", "Status": "Operating", "Shape_Leng": 0.09065509071, "STATEFP": "27", "STATENS": "00662849", "AFFGEOID": "0400000US27", "GEOID": "27", "STUSPS": "MN", "NAME": "Minnesota", "LSAD": "00", "ALAND": 206228939448, "AWATER": 18945217189 }, "geometry": { "type": "MultiLineString", "coordinates": [ [ [ -93.041664, 44.753408 ], [ -92.95744, 44.719872 ] ] ] } },
{ "type": "Feature", "properties": { "TYPEPIPE": "Interstate", "Operator": "Northern Natural Gas Co", "Status": "Operating", "Shape_Leng": 0.25758345487000001, "STATEFP": "27", "STATENS": "00662849", "AFFGEOID": "0400000US27", "GEOID": "27", "STUSPS": "MN", "NAME": "Minnesota", "LSAD": "00", "ALAND": 206228939448, "AWATER": 18945217189 }, "geometry": { "type": "MultiLineString", "coordinates": [ [ [ -92.816384, 44.751104 ], [ -92.836864, 45.007872 ] ] ] } },
{ "type": "Feature", "properties": { "TYPEPIPE": "Interstate", "Operator": "Northern Natural Gas Co", "Status": "Operating", "Shape_Leng": 0.071936, "STATEFP": "27", "STATENS": "00662849", "AFFGEOID": "0400000US27", "GEOID": "27", "STUSPS": "MN", "NAME": "Minnesota", "LSAD": "00", "ALAND": 206228939448, "AWATER": 18945217189 }, "geometry": { "type": "MultiLineString", "coordinates": [ [ [ -92.836864, 45.007872 ], [ -92.764928, 45.007872 ] ] ] } },
{ "type": "Feature", "properties": { "TYPEPIPE": "Interstate", "Operator": "Northern Natural Gas Co", "Status": "Operating", "Shape_Leng": 0.084224, "STATEFP": "27", "STATENS": "00662849", "AFFGEOID": "0400000US27", "GEOID": "27", "STUSPS": "MN", "NAME": "Minnesota", "LSAD": "00", "ALAND": 206228939448, "AWATER": 18945217189 }, "geometry": { "type": "MultiLineString", "coordinates": [ [ [ -92.764928, 45.007872 ], [ -92.759899952664341, 45.007872 ] ] ] } },
{ "type": "Feature", "properties": { "TYPEPIPE": "Interstate", "Operator": "Northern Natural Gas Co", "Status": "Operating", "Shape_Leng": 0.132608, "STATEFP": "27", "STATENS": "00662849", "AFFGEOID": "0400000US27", "GEOID": "27", "STUSPS": "MN", "NAME": "Minnesota", "LSAD": "00", "ALAND": 206228939448, "AWATER": 18945217189 }, "geometry": { "type": "MultiLineString", "coordinates": [ [ [ -92.836864, 45.007872 ], [ -92.969472, 45.007872 ] ] ] } },
{ "type": "Feature", "properties": { "TYPEPIPE": "Interstate", "Operator": "Northern Natural Gas Co", "Status": "Operating", "Shape_Leng": 0.067328, "STATEFP": "27", "STATENS": "00662849", "AFFGEOID": "0400000US27", "GEOID": "27", "STUSPS": "MN", "NAME": "Minnesota", "LSAD": "00", "ALAND": 206228939448, "AWATER": 18945217189 }, "geometry": { "type": "MultiLineString", "coordinates": [ [ [ -92.836864, 45.007872 ], [ -92.836864, 45.0752 ] ] ] } },
{ "type": "Feature", "properties": { "TYPEPIPE": "Interstate", "Operator": "Northern Natural Gas Co", "Status": "Operating", "Shape_Leng": 0.15086243122000001, "STATEFP": "27", "STATENS": "00662849", "AFFGEOID": "0400000US27", "GEOID": "27", "STUSPS": "MN", "NAME": "Minnesota", "LSAD": "00", "ALAND": 206228939448, "AWATER": 18945217189 }, "geometry": { "type": "MultiLineString", "coordinates": [ [ [ -92.836864, 45.0752 ], [ -92.987648, 45.070336 ] ] ] } },
{ "type": "Feature", "properties": { "TYPEPIPE": "Interstate", "Operator": "Northern Natural Gas Co", "Status": "Operating", "Shape_Leng": 0.16964786042, "STATEFP": "27", "STATENS": "00662849", "AFFGEOID": "0400000US27", "GEOID": "27", "STUSPS": "MN", "NAME": "Minnesota", "LSAD": "00", "ALAND": 206228939448, "AWATER": 18945217189 }, "geometry": { "type": "MultiLineString", "coordinates": [ [ [ -92.836864, 45.0752 ], [ -92.933376, 45.21472 ] ] ] } },
{ "type": "Feature", "properties": { "TYPEPIPE": "Interstate", "Operator": "Northern Natural Gas Co", "Status": "Operating", "Shape_Leng": 0.1866873747, "STATEFP": "27", "STATENS": "00662849", "AFFGEOID": "0400000US27", "GEOID": "27", "STUSPS": "MN", "NAME": "Minnesota", "LSAD": "00", "ALAND": 206228939448, "AWATER": 18945217189 }, "geometry": { "type": "MultiLineString", "coordinates": [ [ [ -92.933376, 45.21472 ], [ -92.765580293603392, 45.219093295168939 ] ] ] } },
{ "type": "Feature", "properties": { "TYPEPIPE": "Interstate", "Operator": "Northern Natural Gas Co", "Status": "Operating", "Shape_Leng": 0.090368, "STATEFP": "27", "STATENS": "00662849", "AFFGEOID": "0400000US27", "GEOID": "27", "STUSPS": "MN", "NAME": "Minnesota", "LSAD": "00", "ALAND": 206228939448, "AWATER": 18945217189 }, "geometry": { "type": "MultiLineString", "coordinates": [ [ [ -92.933376, 45.21472 ], [ -93.023744, 45.21472 ] ] ] } },
{ "type": "Feature", "properties": { "TYPEPIPE": "Interstate", "Operator": "Northern Natural Gas Co", "Status": "Operating", "Shape_Leng": 0.083968, "STATEFP": "27", "STATENS": "00662849", "AFFGEOID": "0400000US27", "GEOID": "27", "STUSPS": "MN", "NAME": "Minnesota", "LSAD": "00", "ALAND": 206228939448, "AWATER": 18945217189 }, "geometry": { "type": "MultiLineString", "coordinates": [ [ [ -93.023744, 45.21472 ], [ -93.107712, 45.21472 ] ] ] } },
{ "type": "Feature", "properties": { "TYPEPIPE": "Interstate", "Operator": "Northern Natural Gas Co", "Status": "Operating", "Shape_Leng": 0.048128, "STATEFP": "27", "STATENS": "00662849", "AFFGEOID": "0400000US27", "GEOID": "27", "STUSPS": "MN", "NAME": "Minnesota", "LSAD": "00", "ALAND": 206228939448, "AWATER": 18945217189 }, "geometry": { "type": "MultiLineString", "coordinates": [ [ [ -93.107712, 45.21472 ], [ -93.107712, 45.166592 ] ] ] } },
{ "type": "Feature", "properties": { "TYPEPIPE": "Interstate", "Operator": "Northern Natural Gas Co", "Status": "Operating", "Shape_Leng": 0.08698351108000001, "STATEFP": "27", "STATENS": "00662849", "AFFGEOID": "0400000US27", "GEOID": "27", "STUSPS": "MN", "NAME": "Minnesota", "LSAD": "00", "ALAND": 206228939448, "AWATER": 18945217189 }, "geometry": { "type": "MultiLineString", "coordinates": [ [ [ -92.933376, 45.21472 ], [ -92.939913, 45.232544 ], [ -92.963328, 45.296384 ] ] ] } },
{ "type": "Feature", "properties": { "TYPEPIPE": "Interstate", "Operator": "Northern Natural Gas Co", "Status": "Operating", "Shape_Leng": 0.062464, "STATEFP": "27", "STATENS": "00662849", "AFFGEOID": "0400000US27", "GEOID": "27", "STUSPS": "MN", "NAME": "Minnesota", "LSAD": "00", "ALAND": 206228939448, "AWATER": 18945217189 }, "geometry": { "type": "MultiLineString", "coordinates": [ [ [ -92.963328, 45.296384 ], [ -92.963328, 45.358848 ] ] ] } },
{ "type": "Feature", "properties": { "TYPEPIPE": "Interstate", "Operator": "Northern Natural Gas Co", "Status": "Operating", "Shape_Leng": 0.102144, "STATEFP": "27", "STATENS": "00662849", "AFFGEOID": "0400000US27", "GEOID": "27", "STUSPS": "MN", "NAME": "Minnesota", "LSAD": "00", "ALAND": 206228939448, "AWATER": 18945217189 }, "geometry": { "type": "MultiLineString", "coordinates": [ [ [ -92.963328, 45.358848 ], [ -92.861184, 45.358848 ] ] ] } },
{ "type": "Feature", "properties": { "TYPEPIPE": "Interstate", "Operator": "Northern Natural Gas Co", "Status": "Operating", "Shape_Leng": 0.03949253828, "STATEFP": "27", "STATENS": "00662849", "AFFGEOID": "0400000US27", "GEOID": "27", "STUSPS": "MN", "NAME": "Minnesota", "LSAD": "00", "ALAND": 206228939448, "AWATER": 18945217189 }, "geometry": { "type": "MultiLineString", "coordinates": [ [ [ -93.16815, 45.585432 ], [ -93.156096, 45.62304 ] ] ] } },
{ "type": "Feature", "properties": { "TYPEPIPE": "Interstate", "Operator": "Northern Natural Gas Co", "Status": "Operating", "Shape_Leng": 0.03141402693, "STATEFP": "27", "STATENS": "00662849", "AFFGEOID": "0400000US27", "GEOID": "27", "STUSPS": "MN", "NAME": "Minnesota", "LSAD": "00", "ALAND": 206228939448, "AWATER": 18945217189 }, "geometry": { "type": "MultiLineString", "coordinates": [ [ [ -92.987648, 45.545984 ], [ -93.0176, 45.536512 ] ] ] } },
{ "type": "Feature", "properties": { "TYPEPIPE": "Interstate", "Operator": "Northern Natural Gas Co", "Status": "Operating", "Shape_Leng": 0.15648386089, "STATEFP": "27", "STATENS": "00662849", "AFFGEOID": "0400000US27", "GEOID": "27", "STUSPS": "MN", "NAME": "Minnesota", "LSAD": "00", "ALAND": 206228939448, "AWATER": 18945217189 }, "geometry": { "type": "MultiLineString", "coordinates": [ [ [ -93.0176, 45.536512 ], [ -93.174016, 45.54112 ] ] ] } },
{ "type": "Feature", "properties": { "TYPEPIPE": "Interstate", "Operator": "Northern Natural Gas Co", "Status": "Operating", "Shape_Leng": 0.16630531326, "STATEFP": "27", "STATENS": "00662849", "AFFGEOID": "0400000US27", "GEOID": "27", "STUSPS": "MN", "NAME": "Minnesota", "LSAD": "00", "ALAND": 206228939448, "AWATER": 18945217189 }, "geometry": { "type": "MultiLineString", "coordinates": [ [ [ -92.963328, 45.358848 ], [ -92.993241, 45.522441 ] ] ] } },
{ "type": "Feature", "properties": { "TYPEPIPE": "Interstate", "Operator": "Northern Natural Gas Co", "Status": "Operating", "Shape_Leng": 0.19852152149, "STATEFP": "27", "STATENS": "00662849", "AFFGEOID": "0400000US27", "GEOID": "27", "STUSPS": "MN", "NAME": "Minnesota", "LSAD": "00", "ALAND": 206228939448, "AWATER": 18945217189 }, "geometry": { "type": "MultiLineString", "coordinates": [ [ [ -92.816384, 44.751104 ], [ -92.786800720868484, 44.75495170466268 ] ] ] } },
{ "type": "Feature", "properties": { "TYPEPIPE": "Interstate", "Operator": "Northern Natural Gas Co", "Status": "Operating", "Shape_Leng": 0.0374399453, "STATEFP": "27", "STATENS": "00662849", "AFFGEOID": "0400000US27", "GEOID": "27", "STUSPS": "MN", "NAME": "Minnesota", "LSAD": "00", "ALAND": 206228939448, "AWATER": 18945217189 }, "geometry": { "type": "MultiLineString", "coordinates": [ [ [ -92.807424, 44.714752 ], [ -92.816384, 44.751104 ] ] ] } },
{ "type": "Feature", "properties": { "TYPEPIPE": "Interstate", "Operator": "Northern Natural Gas Co", "Status": "Operating", "Shape_Leng": 0.29641505862, "STATEFP": "27", "STATENS": "00662849", "AFFGEOID": "0400000US27", "GEOID": "27", "STUSPS": "MN", "NAME": "Minnesota", "LSAD": "00", "ALAND": 206228939448, "AWATER": 18945217189 }, "geometry": { "type": "MultiLineString", "coordinates": [ [ [ -93.097984, 44.656128 ], [ -92.807424, 44.714752 ] ] ] } },
{ "type": "Feature", "properties": { "TYPEPIPE": "Interstate", "Operator": "Northern Natural Gas Co", "Status": "Operating", "Shape_Leng": 0.06970208238, "STATEFP": "27", "STATENS": "00662849", "AFFGEOID": "0400000US27", "GEOID": "27", "STUSPS": "MN", "NAME": "Minnesota", "LSAD": "00", "ALAND": 206228939448, "AWATER": 18945217189 }, "geometry": { "type": "MultiLineString", "coordinates": [ [ [ -93.120256, 44.59008 ], [ -93.097984, 44.656128 ] ] ] } },
{ "type": "Feature", "properties": { "TYPEPIPE": "Interstate", "Operator": "Northern Natural Gas Co", "Status": "Operating", "Shape_Leng": 0.06349264499, "STATEFP": "27", "STATENS": "00662849", "AFFGEOID": "0400000US27", "GEOID": "27", "STUSPS": "MN", "NAME": "Minnesota", "LSAD": "00", "ALAND": 206228939448, "AWATER": 18945217189 }, "geometry": { "type": "MultiLineString", "coordinates": [ [ [ -92.543488, 44.502272 ], [ -92.494336, 44.542464 ] ] ] } },
{ "type": "Feature", "properties": { "TYPEPIPE": "Interstate", "Operator": "Northern Natural Gas Co", "Status": "Operating", "Shape_Leng": 0.487424, "STATEFP": "27", "STATENS": "00662849", "AFFGEOID": "0400000US27", "GEOID": "27", "STUSPS": "MN", "NAME": "Minnesota", "LSAD": "00", "ALAND": 206228939448, "AWATER": 18945217189 }, "geometry": { "type": "MultiLineString", "coordinates": [ [ [ -93.030912, 44.502272 ], [ -92.543488, 44.502272 ] ] ] } },
{ "type": "Feature", "properties": { "TYPEPIPE": "Interstate", "Operator": "Northern Natural Gas Co", "Status": "Operating", "Shape_Leng": 0.12014622112, "STATEFP": "27", "STATENS": "00662849", "AFFGEOID": "0400000US27", "GEOID": "27", "STUSPS": "MN", "NAME": "Minnesota", "LSAD": "00", "ALAND": 206228939448, "AWATER": 18945217189 }, "geometry": { "type": "MultiLineString", "coordinates": [ [ [ -93.150997, 44.498437 ], [ -93.030912, 44.502272 ] ] ] } },
{ "type": "Feature", "properties": { "TYPEPIPE": "Interstate", "Operator": "Northern Natural Gas Co", "Status": "Operating", "Shape_Leng": 0.12717944991, "STATEFP": "27", "STATENS": "00662849", "AFFGEOID": "0400000US27", "GEOID": "27", "STUSPS": "MN", "NAME": "Minnesota", "LSAD": "00", "ALAND": 206228939448, "AWATER": 18945217189 }, "geometry": { "type": "MultiLineString", "coordinates": [ [ [ -93.160704, 44.469504 ], [ -93.120256, 44.59008 ] ] ] } },
{ "type": "Feature", "properties": { "TYPEPIPE": "Interstate", "Operator": "Northern Natural Gas Co", "Status": "Operating", "Shape_Leng": 0.08064, "STATEFP": "27", "STATENS": "00662849", "AFFGEOID": "0400000US27", "GEOID": "27", "STUSPS": "MN", "NAME": "Minnesota", "LSAD": "00", "ALAND": 206228939448, "AWATER": 18945217189 }, "geometry": { "type": "MultiLineString", "coordinates": [ [ [ -92.713472, 44.249856 ], [ -92.713472, 44.330496 ] ] ] } },
{ "type": "Feature", "properties": { "TYPEPIPE": "Interstate", "Operator": "Northern Natural Gas Co", "Status": "Operating", "Shape_Leng": 0.14353292428, "STATEFP": "27", "STATENS": "00662849", "AFFGEOID": "0400000US27", "GEOID": "27", "STUSPS": "MN", "NAME": "Minnesota", "LSAD": "00", "ALAND": 206228939448, "AWATER": 18945217189 }, "geometry": { "type": "MultiLineString", "coordinates": [ [ [ -92.713472, 44.249856 ], [ -92.829696, 44.33408 ] ] ] } },
{ "type": "Feature", "properties": { "TYPEPIPE": "Interstate", "Operator": "Northern Natural Gas Co", "Status": "Operating", "Shape_Leng": 0.17166971377000001, "STATEFP": "27", "STATENS": "00662849", "AFFGEOID": "0400000US27", "GEOID": "27", "STUSPS": "MN", "NAME": "Minnesota", "LSAD": "00", "ALAND": 206228939448, "AWATER": 18945217189 }, "geometry": { "type": "MultiLineString", "coordinates": [ [ [ -92.2304, 44.301056 ], [ -92.32, 44.447488 ] ] ] } },
{ "type": "Feature", "properties": { "TYPEPIPE": "Interstate", "Operator": "Northern Natural Gas Co", "Status": "Operating", "Shape_Leng": 0.11193612807, "STATEFP": "27", "STATENS": "00662849", "AFFGEOID": "0400000US27", "GEOID": "27", "STUSPS": "MN", "NAME": "Minnesota", "LSAD": "00", "ALAND": 206228939448, "AWATER": 18945217189 }, "geometry": { "type": "MultiLineString", "coordinates": [ [ [ -92.141056, 44.315648 ], [ -92.038144, 44.35968 ] ] ] } },
{ "type": "Feature", "properties": { "TYPEPIPE": "Interstate", "Operator": "Northern Natural Gas Co", "Status": "Operating", "Shape_Leng": 0.09052776812, "STATEFP": "27", "STATENS": "00662849", "AFFGEOID": "0400000US27", "GEOID": "27", "STUSPS": "MN", "NAME": "Minnesota", "LSAD": "00", "ALAND": 206228939448, "AWATER": 18945217189 }, "geometry": { "type": "MultiLineString", "coordinates": [ [ [ -92.2304, 44.301056 ], [ -92.141056, 44.315648 ] ] ] } },
{ "type": "Feature", "properties": { "TYPEPIPE": "Interstate", "Operator": "Northern Natural Gas Co", "Status": "Operating", "Shape_Leng": 0.17233073811, "STATEFP": "27", "STATENS": "00662849", "AFFGEOID": "0400000US27", "GEOID": "27", "STUSPS": "MN", "NAME": "Minnesota", "LSAD": "00", "ALAND": 206228939448, "AWATER": 18945217189 }, "geometry": { "type": "MultiLineString", "coordinates": [ [ [ -92.464463, 46.64268 ], [ -92.292864, 46.626816 ] ] ] } },
{ "type": "Feature", "properties": { "TYPEPIPE": "Interstate", "Operator": "Northern Natural Gas Co", "Status": "Operating", "Shape_Leng": 0.12989066332, "STATEFP": "27", "STATENS": "00662849", "AFFGEOID": "0400000US27", "GEOID": "27", "STUSPS": "MN", "NAME": "Minnesota", "LSAD": "00", "ALAND": 206228939448, "AWATER": 18945217189 }, "geometry": { "type": "MultiLineString", "coordinates": [ [ [ -92.464463, 46.64268 ], [ -92.424704, 46.766336 ] ] ] } },
{ "type": "Feature", "properties": { "TYPEPIPE": "Interstate", "Operator": "Northern Natural Gas Co", "Status": "Operating", "Shape_Leng": 0.08869023847, "STATEFP": "27", "STATENS": "00662849", "AFFGEOID": "0400000US27", "GEOID": "27", "STUSPS": "MN", "NAME": "Minnesota", "LSAD": "00", "ALAND": 206228939448, "AWATER": 18945217189 }, "geometry": { "type": "MultiLineString", "coordinates": [ [ [ -92.424704, 46.766336 ], [ -92.350208, 46.814464 ] ] ] } },
{ "type": "Feature", "properties": { "TYPEPIPE": "Interstate", "Operator": "Northern Natural Gas Co", "Status": "Operating", "Shape_Leng": 0.143104, "STATEFP": "27", "STATENS": "00662849", "AFFGEOID": "0400000US27", "GEOID": "27", "STUSPS": "MN", "NAME": "Minnesota", "LSAD": "00", "ALAND": 206228939448, "AWATER": 18945217189 }, "geometry": { "type": "MultiLineString", "coordinates": [ [ [ -92.350208, 46.814464 ], [ -92.207104, 46.814464 ] ] ] } },
{ "type": "Feature", "properties": { "TYPEPIPE": "Interstate", "Operator": "Northern Natural Gas Co", "Status": "Operating", "Shape_Leng": 0.052992, "STATEFP": "27", "STATENS": "00662849", "AFFGEOID": "0400000US27", "GEOID": "27", "STUSPS": "MN", "NAME": "Minnesota", "LSAD": "00", "ALAND": 206228939448, "AWATER": 18945217189 }, "geometry": { "type": "MultiLineString", "coordinates": [ [ [ -92.207104, 46.814464 ], [ -92.207104, 46.761472 ] ] ] } },
{ "type": "Feature", "properties": { "TYPEPIPE": "Interstate", "Operator": "Northern Natural Gas Co", "Status": "Operating", "Shape_Leng": 0.08741753417000001, "STATEFP": "27", "STATENS": "00662849", "AFFGEOID": "0400000US27", "GEOID": "27", "STUSPS": "MN", "NAME": "Minnesota", "LSAD": "00", "ALAND": 206228939448, "AWATER": 18945217189 }, "geometry": { "type": "MultiLineString", "coordinates": [ [ [ -92.207104, 46.814464 ], [ -92.119808, 46.819072 ] ] ] } },
{ "type": "Feature", "properties": { "TYPEPIPE": "Interstate", "Operator": "Northern Natural Gas Co", "Status": "Operating", "Shape_Leng": 0.62555673058000005, "STATEFP": "27", "STATENS": "00662849", "AFFGEOID": "0400000US27", "GEOID": "27", "STUSPS": "MN", "NAME": "Minnesota", "LSAD": "00", "ALAND": 206228939448, "AWATER": 18945217189 }, "geometry": { "type": "MultiLineString", "coordinates": [ [ [ -92.350208, 46.814464 ], [ -91.79008, 47.092992 ] ] ] } },
{ "type": "Feature", "properties": { "TYPEPIPE": "Interstate", "Operator": "Northern Natural Gas Co", "Status": "Operating", "Shape_Leng": 0.23099670287, "STATEFP": "27", "STATENS": "00662849", "AFFGEOID": "0400000US27", "GEOID": "27", "STUSPS": "MN", "NAME": "Minnesota", "LSAD": "00", "ALAND": 206228939448, "AWATER": 18945217189 }, "geometry": { "type": "MultiLineString", "coordinates": [ [ [ -91.79008, 47.092992 ], [ -91.572224, 47.169792 ] ] ] } },
{ "type": "Feature", "properties": { "TYPEPIPE": "Interstate", "Operator": "Northern Natural Gas Co", "Status": "Operating", "Shape_Leng": 0.04366282446, "STATEFP": "27", "STATENS": "00662849", "AFFGEOID": "0400000US27", "GEOID": "27", "STUSPS": "MN", "NAME": "Minnesota", "LSAD": "00", "ALAND": 206228939448, "AWATER": 18945217189 }, "geometry": { "type": "MultiLineString", "coordinates": [ [ [ -91.572224, 47.169792 ], [ -91.566336, 47.126528 ] ] ] } },
{ "type": "Feature", "properties": { "TYPEPIPE": "Interstate", "Operator": "Northern Natural Gas Co", "Status": "Operating", "Shape_Leng": 0.3421697379, "STATEFP": "27", "STATENS": "00662849", "AFFGEOID": "0400000US27", "GEOID": "27", "STUSPS": "MN", "NAME": "Minnesota", "LSAD": "00", "ALAND": 206228939448, "AWATER": 18945217189 }, "geometry": { "type": "MultiLineString", "coordinates": [ [ [ -91.572224, 47.169792 ], [ -91.367168, 47.443712 ] ] ] } },
{ "type": "Feature", "properties": { "TYPEPIPE": "Interstate", "Operator": "Northern Natural Gas Co", "Status": "Operating", "Shape_Leng": 0.343470822, "STATEFP": "27", "STATENS": "00662849", "AFFGEOID": "0400000US27", "GEOID": "27", "STUSPS": "MN", "NAME": "Minnesota", "LSAD": "00", "ALAND": 206228939448, "AWATER": 18945217189 }, "geometry": { "type": "MultiLineString", "coordinates": [ [ [ -91.367168, 47.443712 ], [ -91.024896, 47.472384 ] ] ] } },
{ "type": "Feature", "properties": { "TYPEPIPE": "Interstate", "Operator": "Northern Natural Gas Co", "Status": "Operating", "Shape_Leng": 0.27308337196, "STATEFP": "27", "STATENS": "00662849", "AFFGEOID": "0400000US27", "GEOID": "27", "STUSPS": "MN", "NAME": "Minnesota", "LSAD": "00", "ALAND": 206228939448, "AWATER": 18945217189 }, "geometry": { "type": "MultiLineString", "coordinates": [ [ [ -92.424704, 46.766336 ], [ -92.558383630999955, 47.00446261400004 ] ] ] } },
{ "type": "Feature", "properties": { "TYPEPIPE": "Interstate", "Operator": "Northern Natural Gas Co", "Status": "Operating", "Shape_Leng": 0.41669186810999997, "STATEFP": "27", "STATENS": "00662849", "AFFGEOID": "0400000US27", "GEOID": "27", "STUSPS": "MN", "NAME": "Minnesota", "LSAD": "00", "ALAND": 206228939448, "AWATER": 18945217189 }, "geometry": { "type": "MultiLineString", "coordinates": [ [ [ -92.558383630999955, 47.00446261400004 ], [ -92.655553592999965, 47.40966640400007 ] ] ] } },
{ "type": "Feature", "properties": { "TYPEPIPE": "Interstate", "Operator": "Northern Natural Gas Co", "Status": "Operating", "Shape_Leng": 0.61841509782000004, "STATEFP": "27", "STATENS": "00662849", "AFFGEOID": "0400000US27", "GEOID": "27", "STUSPS": "MN", "NAME": "Minnesota", "LSAD": "00", "ALAND": 206228939448, "AWATER": 18945217189 }, "geometry": { "type": "MultiLineString", "coordinates": [ [ [ -92.655553592999965, 47.40966640400007 ], [ -92.50637556599996, 47.429820045000035 ], [ -92.30182580599994, 47.483969649000066 ], [ -92.11639356299996, 47.533058352000069 ], [ -92.145198875999938, 47.59073121800003 ] ] ] } },
{ "type": "Feature", "properties": { "TYPEPIPE": "Interstate", "Operator": "Northern Natural Gas Co", "Status": "Operating", "Shape_Leng": 0.03689256705, "STATEFP": "27", "STATENS": "00662849", "AFFGEOID": "0400000US27", "GEOID": "27", "STUSPS": "MN", "NAME": "Minnesota", "LSAD": "00", "ALAND": 206228939448, "AWATER": 18945217189 }, "geometry": { "type": "MultiLineString", "coordinates": [ [ [ -92.30182580599994, 47.483969649000066 ], [ -92.30308590099996, 47.520840690000057 ] ] ] } },
{ "type": "Feature", "properties": { "TYPEPIPE": "Interstate", "Operator": "Northern Natural Gas Co", "Status": "Operating", "Shape_Leng": 0.12984577572, "STATEFP": "27", "STATENS": "00662849", "AFFGEOID": "0400000US27", "GEOID": "27", "STUSPS": "MN", "NAME": "Minnesota", "LSAD": "00", "ALAND": 206228939448, "AWATER": 18945217189 }, "geometry": { "type": "MultiLineString", "coordinates": [ [ [ -92.655553592999965, 47.40966640400007 ], [ -92.602159631999939, 47.451949439000032 ], [ -92.63201236999997, 47.505989268000057 ] ] ] } },
{ "type": "Feature", "properties": { "TYPEPIPE": "Interstate", "Operator": "Northern Natural Gas Co", "Status": "Operating", "Shape_Leng": 0.12832854002, "STATEFP": "27", "STATENS": "00662849", "AFFGEOID": "0400000US27", "GEOID": "27", "STUSPS": "MN", "NAME": "Minnesota", "LSAD": "00", "ALAND": 206228939448, "AWATER": 18945217189 }, "geometry": { "type": "MultiLineString", "coordinates": [ [ [ -92.63201236999997, 47.505989268000057 ], [ -92.572186062999947, 47.505281558000036 ], [ -92.529574348999958, 47.558912 ] ] ] } },
{ "type": "Feature", "properties": { "TYPEPIPE": "Interstate", "Operator": "Northern Natural Gas Co", "Status": "Operating", "Shape_Leng": 0.06063036773, "STATEFP": "27", "STATENS": "00662849", "AFFGEOID": "0400000US27", "GEOID": "27", "STUSPS": "MN", "NAME": "Minnesota", "LSAD": "00", "ALAND": 206228939448, "AWATER": 18945217189 }, "geometry": { "type": "MultiLineString", "coordinates": [ [ [ -92.63201236999997, 47.505989268000057 ], [ -92.644050480999965, 47.56541254100005 ] ] ] } },
{ "type": "Feature", "properties": { "TYPEPIPE": "Interstate", "Operator": "Northern Natural Gas Co", "Status": "Operating", "Shape_Leng": 0.47807834367000002, "STATEFP": "27", "STATENS": "00662849", "AFFGEOID": "0400000US27", "GEOID": "27", "STUSPS": "MN", "NAME": "Minnesota", "LSAD": "00", "ALAND": 206228939448, "AWATER": 18945217189 }, "geometry": { "type": "MultiLineString", "coordinates": [ [ [ -92.655553592999965, 47.40966640400007 ], [ -92.795031034999965, 47.406344367000038 ], [ -93.059126044, 47.400054220000065 ], [ -93.13029813699994, 47.37840660300003 ] ] ] } },
{ "type": "Feature", "properties": { "TYPEPIPE": "Interstate", "Operator": "Northern Natural Gas Co", "Status": "Operating", "Shape_Leng": 0.21377922773, "STATEFP": "27", "STATENS": "00662849", "AFFGEOID": "0400000US27", "GEOID": "27", "STUSPS": "MN", "NAME": "Minnesota", "LSAD": "00", "ALAND": 206228939448, "AWATER": 18945217189 }, "geometry": { "type": "MultiLineString", "coordinates": [ [ [ -92.795031034999965, 47.406344367000038 ], [ -92.832892674999968, 47.47143992000008 ], [ -92.971115695999956, 47.479766951000038 ] ] ] } },
{ "type": "Feature", "properties": { "TYPEPIPE": "Interstate", "Operator": "Northern Natural Gas Co", "Status": "Operating", "Shape_Leng": 0.11934632415, "STATEFP": "27", "STATENS": "00662849", "AFFGEOID": "0400000US27", "GEOID": "27", "STUSPS": "MN", "NAME": "Minnesota", "LSAD": "00", "ALAND": 206228939448, "AWATER": 18945217189 }, "geometry": { "type": "MultiLineString", "coordinates": [ [ [ -94.001152, 44.154624 ], [ -93.912704, 44.234752 ] ] ] } },
{ "type": "Feature", "properties": { "TYPEPIPE": "Interstate", "Operator": "Northern Natural Gas Co", "Status": "Operating", "Shape_Leng": 0.09920206449000001, "STATEFP": "27", "STATENS": "00662849", "AFFGEOID": "0400000US27", "GEOID": "27", "STUSPS": "MN", "NAME": "Minnesota", "LSAD": "00", "ALAND": 206228939448, "AWATER": 18945217189 }, "geometry": { "type": "MultiLineString", "coordinates": [ [ [ -93.912704, 44.234752 ], [ -93.992448, 44.29376 ] ] ] } },
{ "type": "Feature", "properties": { "TYPEPIPE": "Interstate", "Operator": "Northern Natural Gas Co", "Status": "Operating", "Shape_Leng": 0.17808071015, "STATEFP": "27", "STATENS": "00662849", "AFFGEOID": "0400000US27", "GEOID": "27", "STUSPS": "MN", "NAME": "Minnesota", "LSAD": "00", "ALAND": 206228939448, "AWATER": 18945217189 }, "geometry": { "type": "MultiLineString", "coordinates": [ [ [ -93.912704, 44.234752 ], [ -93.767552, 44.33792 ] ] ] } },
{ "type": "Feature", "properties": { "TYPEPIPE": "Interstate", "Operator": "Northern Natural Gas Co", "Status": "Operating", "Shape_Leng": 0.13470440211000001, "STATEFP": "27", "STATENS": "00662849", "AFFGEOID": "0400000US27", "GEOID": "27", "STUSPS": "MN", "NAME": "Minnesota", "LSAD": "00", "ALAND": 206228939448, "AWATER": 18945217189 }, "geometry": { "type": "MultiLineString", "coordinates": [ [ [ -94.584685, 43.652255 ], [ -94.572548, 43.660819 ], [ -94.474624, 43.72992 ] ] ] } },
{ "type": "Feature", "properties": { "TYPEPIPE": "Interstate", "Operator": "Northern Natural Gas Co", "Status": "Operating", "Shape_Leng": 0.19531910858000001, "STATEFP": "27", "STATENS": "00662849", "AFFGEOID": "0400000US27", "GEOID": "27", "STUSPS": "MN", "NAME": "Minnesota", "LSAD": "00", "ALAND": 206228939448, "AWATER": 18945217189 }, "geometry": { "type": "MultiLineString", "coordinates": [ [ [ -94.474624, 43.72992 ], [ -94.648704, 43.818496 ] ] ] } },
{ "type": "Feature", "properties": { "TYPEPIPE": "Interstate", "Operator": "Northern Natural Gas Co", "Status": "Operating", "Shape_Leng": 0.10469656697, "STATEFP": "27", "STATENS": "00662849", "AFFGEOID": "0400000US27", "GEOID": "27", "STUSPS": "MN", "NAME": "Minnesota", "LSAD": "00", "ALAND": 206228939448, "AWATER": 18945217189 }, "geometry": { "type": "MultiLineString", "coordinates": [ [ [ -94.474624, 43.72992 ], [ -94.39488, 43.66208 ] ] ] } },
{ "type": "Feature", "properties": { "TYPEPIPE": "Interstate", "Operator": "Northern Natural Gas Co", "Status": "Operating", "Shape_Leng": 0.21628364192, "STATEFP": "27", "STATENS": "00662849", "AFFGEOID": "0400000US27", "GEOID": "27", "STUSPS": "MN", "NAME": "Minnesota", "LSAD": "00", "ALAND": 206228939448, "AWATER": 18945217189 }, "geometry": { "type": "MultiLineString", "coordinates": [ [ [ -94.474624, 43.72992 ], [ -94.293376, 43.847936 ] ] ] } },
{ "type": "Feature", "properties": { "TYPEPIPE": "Interstate", "Operator": "Northern Natural Gas Co", "Status": "Operating", "Shape_Leng": 0.06277091811, "STATEFP": "27", "STATENS": "00662849", "AFFGEOID": "0400000US27", "GEOID": "27", "STUSPS": "MN", "NAME": "Minnesota", "LSAD": "00", "ALAND": 206228939448, "AWATER": 18945217189 }, "geometry": { "type": "MultiLineString", "coordinates": [ [ [ -94.293376, 43.847936 ], [ -94.246144, 43.806592 ] ] ] } },
{ "type": "Feature", "properties": { "TYPEPIPE": "Interstate", "Operator": "Northern Natural Gas Co", "Status": "Operating", "Shape_Leng": 0.24990281529, "STATEFP": "27", "STATENS": "00662849", "AFFGEOID": "0400000US27", "GEOID": "27", "STUSPS": "MN", "NAME": "Minnesota", "LSAD": "00", "ALAND": 206228939448, "AWATER": 18945217189 }, "geometry": { "type": "MultiLineString", "coordinates": [ [ [ -94.246144, 43.806592 ], [ -94.061312, 43.6384 ] ] ] } },
{ "type": "Feature", "properties": { "TYPEPIPE": "Interstate", "Operator": "Northern Natural Gas Co", "Status": "Operating", "Shape_Leng": 0.08199556515, "STATEFP": "27", "STATENS": "00662849", "AFFGEOID": "0400000US27", "GEOID": "27", "STUSPS": "MN", "NAME": "Minnesota", "LSAD": "00", "ALAND": 206228939448, "AWATER": 18945217189 }, "geometry": { "type": "MultiLineString", "coordinates": [ [ [ -94.293376, 43.847936 ], [ -94.365824, 43.886336 ] ] ] } },
{ "type": "Feature", "properties": { "TYPEPIPE": "Interstate", "Operator": "Northern Natural Gas Co", "Status": "Operating", "Shape_Leng": 0.10414151111, "STATEFP": "27", "STATENS": "00662849", "AFFGEOID": "0400000US27", "GEOID": "27", "STUSPS": "MN", "NAME": "Minnesota", "LSAD": "00", "ALAND": 206228939448, "AWATER": 18945217189 }, "geometry": { "type": "MultiLineString", "coordinates": [ [ [ -94.365824, 43.886336 ], [ -94.463744, 43.921792 ] ] ] } },
{ "type": "Feature", "properties": { "TYPEPIPE": "Interstate", "Operator": "Northern Natural Gas Co", "Status": "Operating", "Shape_Leng": 0.03713610685, "STATEFP": "27", "STATENS": "00662849", "AFFGEOID": "0400000US27", "GEOID": "27", "STUSPS": "MN", "NAME": "Minnesota", "LSAD": "00", "ALAND": 206228939448, "AWATER": 18945217189 }, "geometry": { "type": "MultiLineString", "coordinates": [ [ [ -94.463744, 43.921792 ], [ -94.48192, 43.889408 ] ] ] } },
{ "type": "Feature", "properties": { "TYPEPIPE": "Interstate", "Operator": "Northern Natural Gas Co", "Status": "Operating", "Shape_Leng": 0.11200431535, "STATEFP": "27", "STATENS": "00662849", "AFFGEOID": "0400000US27", "GEOID": "27", "STUSPS": "MN", "NAME": "Minnesota", "LSAD": "00", "ALAND": 206228939448, "AWATER": 18945217189 }, "geometry": { "type": "MultiLineString", "coordinates": [ [ [ -94.463744, 43.921792 ], [ -94.56896, 43.960192 ] ] ] } },
{ "type": "Feature", "properties": { "TYPEPIPE": "Interstate", "Operator": "Northern Natural Gas Co", "Status": "Operating", "Shape_Leng": 0.09675826406, "STATEFP": "27", "STATENS": "00662849", "AFFGEOID": "0400000US27", "GEOID": "27", "STUSPS": "MN", "NAME": "Minnesota", "LSAD": "00", "ALAND": 206228939448, "AWATER": 18945217189 }, "geometry": { "type": "MultiLineString", "coordinates": [ [ [ -94.56896, 43.960192 ], [ -94.499968, 44.028032 ] ] ] } },
{ "type": "Feature", "properties": { "TYPEPIPE": "Interstate", "Operator": "Northern Natural Gas Co", "Status": "Operating", "Shape_Leng": 0.07250270726, "STATEFP": "27", "STATENS": "00662849", "AFFGEOID": "0400000US27", "GEOID": "27", "STUSPS": "MN", "NAME": "Minnesota", "LSAD": "00", "ALAND": 206228939448, "AWATER": 18945217189 }, "geometry": { "type": "MultiLineString", "coordinates": [ [ [ -94.56896, 43.960192 ], [ -94.641408, 43.963008 ] ] ] } },
{ "type": "Feature", "properties": { "TYPEPIPE": "Interstate", "Operator": "Northern Natural Gas Co", "Status": "Operating", "Shape_Leng": 0.08083653511, "STATEFP": "27", "STATENS": "00662849", "AFFGEOID": "0400000US27", "GEOID": "27", "STUSPS": "MN", "NAME": "Minnesota", "LSAD": "00", "ALAND": 206228939448, "AWATER": 18945217189 }, "geometry": { "type": "MultiLineString", "coordinates": [ [ [ -94.293376, 43.847936 ], [ -94.235264, 43.904128 ] ] ] } },
{ "type": "Feature", "properties": { "TYPEPIPE": "Interstate", "Operator": "Northern Natural Gas Co", "Status": "Operating", "Shape_Leng": 0.10652261206, "STATEFP": "27", "STATENS": "00662849", "AFFGEOID": "0400000US27", "GEOID": "27", "STUSPS": "MN", "NAME": "Minnesota", "LSAD": "00", "ALAND": 206228939448, "AWATER": 18945217189 }, "geometry": { "type": "MultiLineString", "coordinates": [ [ [ -94.235264, 43.904128 ], [ -94.144768, 43.847936 ] ] ] } },
{ "type": "Feature", "properties": { "TYPEPIPE": "Interstate", "Operator": "Northern Natural Gas Co", "Status": "Operating", "Shape_Leng": 0.15056092157000001, "STATEFP": "27", "STATENS": "00662849", "AFFGEOID": "0400000US27", "GEOID": "27", "STUSPS": "MN", "NAME": "Minnesota", "LSAD": "00", "ALAND": 206228939448, "AWATER": 18945217189 }, "geometry": { "type": "MultiLineString", "coordinates": [ [ [ -94.235264, 43.904128 ], [ -94.115712, 43.995648 ] ] ] } },
{ "type": "Feature", "properties": { "TYPEPIPE": "Interstate", "Operator": "Northern Natural Gas Co", "Status": "Operating", "Shape_Leng": 0.10331059129, "STATEFP": "27", "STATENS": "00662849", "AFFGEOID": "0400000US27", "GEOID": "27", "STUSPS": "MN", "NAME": "Minnesota", "LSAD": "00", "ALAND": 206228939448, "AWATER": 18945217189 }, "geometry": { "type": "MultiLineString", "coordinates": [ [ [ -94.115712, 43.995648 ], [ -94.173696, 44.081152 ] ] ] } },
{ "type": "Feature", "properties": { "TYPEPIPE": "Interstate", "Operator": "Northern Natural Gas Co", "Status": "Operating", "Shape_Leng": 0.22251871364, "STATEFP": "27", "STATENS": "00662849", "AFFGEOID": "0400000US27", "GEOID": "27", "STUSPS": "MN", "NAME": "Minnesota", "LSAD": "00", "ALAND": 206228939448, "AWATER": 18945217189 }, "geometry": { "type": "MultiLineString", "coordinates": [ [ [ -94.173696, 44.081152 ], [ -94.365824, 44.193408 ] ] ] } },
{ "type": "Feature", "properties": { "TYPEPIPE": "Interstate", "Operator": "Northern Natural Gas Co", "Status": "Operating", "Shape_Leng": 0.09204873283, "STATEFP": "27", "STATENS": "00662849", "AFFGEOID": "0400000US27", "GEOID": "27", "STUSPS": "MN", "NAME": "Minnesota", "LSAD": "00", "ALAND": 206228939448, "AWATER": 18945217189 }, "geometry": { "type": "MultiLineString", "coordinates": [ [ [ -94.365824, 44.193408 ], [ -94.431104, 44.258304 ] ] ] } },
{ "type": "Feature", "properties": { "TYPEPIPE": "Interstate", "Operator": "Northern Natural Gas Co", "Status": "Operating", "Shape_Leng": 0.11487249446, "STATEFP": "27", "STATENS": "00662849", "AFFGEOID": "0400000US27", "GEOID": "27", "STUSPS": "MN", "NAME": "Minnesota", "LSAD": "00", "ALAND": 206228939448, "AWATER": 18945217189 }, "geometry": { "type": "MultiLineString", "coordinates": [ [ [ -94.115712, 43.995648 ], [ -94.03584, 44.078208 ] ] ] } },
{ "type": "Feature", "properties": { "TYPEPIPE": "Interstate", "Operator": "Northern Natural Gas Co", "Status": "Operating", "Shape_Leng": 0.08392057197, "STATEFP": "27", "STATENS": "00662849", "AFFGEOID": "0400000US27", "GEOID": "27", "STUSPS": "MN", "NAME": "Minnesota", "LSAD": "00", "ALAND": 206228939448, "AWATER": 18945217189 }, "geometry": { "type": "MultiLineString", "coordinates": [ [ [ -94.03584, 44.078208 ], [ -94.001152, 44.154624 ] ] ] } },
{ "type": "Feature", "properties": { "TYPEPIPE": "Interstate", "Operator": "Northern Natural Gas Co", "Status": "Operating", "Shape_Leng": 0.2365341643, "STATEFP": "27", "STATENS": "00662849", "AFFGEOID": "0400000US27", "GEOID": "27", "STUSPS": "MN", "NAME": "Minnesota", "LSAD": "00", "ALAND": 206228939448, "AWATER": 18945217189 }, "geometry": { "type": "MultiLineString", "coordinates": [ [ [ -93.768704, 44.110848 ], [ -94.001152, 44.154624 ] ] ] } },
{ "type": "Feature", "properties": { "TYPEPIPE": "Interstate", "Operator": "Northern Natural Gas Co", "Status": "Operating", "Shape_Leng": 0.10950009111, "STATEFP": "27", "STATENS": "00662849", "AFFGEOID": "0400000US27", "GEOID": "27", "STUSPS": "MN", "NAME": "Minnesota", "LSAD": "00", "ALAND": 206228939448, "AWATER": 18945217189 }, "geometry": { "type": "MultiLineString", "coordinates": [ [ [ -93.66144, 44.088832 ], [ -93.768704, 44.110848 ] ] ] } },
{ "type": "Feature", "properties": { "TYPEPIPE": "Interstate", "Operator": "Northern Natural Gas Co", "Status": "Operating", "Shape_Leng": 0.04730184538, "STATEFP": "27", "STATENS": "00662849", "AFFGEOID": "0400000US27", "GEOID": "27", "STUSPS": "MN", "NAME": "Minnesota", "LSAD": "00", "ALAND": 206228939448, "AWATER": 18945217189 }, "geometry": { "type": "MultiLineString", "coordinates": [ [ [ -93.66144, 44.088832 ], [ -93.64352, 44.132608 ] ] ] } },
{ "type": "Feature", "properties": { "TYPEPIPE": "Interstate", "Operator": "Northern Natural Gas Co", "Status": "Operating", "Shape_Leng": 0.26366322276999998, "STATEFP": "27", "STATENS": "00662849", "AFFGEOID": "0400000US27", "GEOID": "27", "STUSPS": "MN", "NAME": "Minnesota", "LSAD": "00", "ALAND": 206228939448, "AWATER": 18945217189 }, "geometry": { "type": "MultiLineString", "coordinates": [ [ [ -93.402112, 44.041216 ], [ -93.66144, 44.088832 ] ] ] } },
{ "type": "Feature", "properties": { "TYPEPIPE": "Interstate", "Operator": "Northern Natural Gas Co", "Status": "Operating", "Shape_Leng": 0.07394855899, "STATEFP": "27", "STATENS": "00662849", "AFFGEOID": "0400000US27", "GEOID": "27", "STUSPS": "MN", "NAME": "Minnesota", "LSAD": "00", "ALAND": 206228939448, "AWATER": 18945217189 }, "geometry": { "type": "MultiLineString", "coordinates": [ [ [ -93.330432, 44.02304 ], [ -93.402112, 44.041216 ] ] ] } },
{ "type": "Feature", "properties": { "TYPEPIPE": "Interstate", "Operator": "Northern Natural Gas Co", "Status": "Operating", "Shape_Leng": 0.03962049732, "STATEFP": "27", "STATENS": "00662849", "AFFGEOID": "0400000US27", "GEOID": "27", "STUSPS": "MN", "NAME": "Minnesota", "LSAD": "00", "ALAND": 206228939448, "AWATER": 18945217189 }, "geometry": { "type": "MultiLineString", "coordinates": [ [ [ -93.267968, 44.162048 ], [ -93.245696, 44.194816 ] ] ] } },
{ "type": "Feature", "properties": { "TYPEPIPE": "Interstate", "Operator": "Northern Natural Gas Co", "Status": "Operating", "Shape_Leng": 0.08247015266, "STATEFP": "27", "STATENS": "00662849", "AFFGEOID": "0400000US27", "GEOID": "27", "STUSPS": "MN", "NAME": "Minnesota", "LSAD": "00", "ALAND": 206228939448, "AWATER": 18945217189 }, "geometry": { "type": "MultiLineString", "coordinates": [ [ [ -93.267968, 44.162048 ], [ -93.187584, 44.143616 ] ] ] } },
{ "type": "Feature", "properties": { "TYPEPIPE": "Interstate", "Operator": "Northern Natural Gas Co", "Status": "Operating", "Shape_Leng": 0.111872, "STATEFP": "27", "STATENS": "00662849", "AFFGEOID": "0400000US27", "GEOID": "27", "STUSPS": "MN", "NAME": "Minnesota", "LSAD": "00", "ALAND": 206228939448, "AWATER": 18945217189 }, "geometry": { "type": "MultiLineString", "coordinates": [ [ [ -93.464576, 44.162048 ], [ -93.576448, 44.162048 ] ] ] } },
{ "type": "Feature", "properties": { "TYPEPIPE": "Interstate", "Operator": "Northern Natural Gas Co", "Status": "Operating", "Shape_Leng": 0.04064680258, "STATEFP": "27", "STATENS": "00662849", "AFFGEOID": "0400000US27", "GEOID": "27", "STUSPS": "MN", "NAME": "Minnesota", "LSAD": "00", "ALAND": 206228939448, "AWATER": 18945217189 }, "geometry": { "type": "MultiLineString", "coordinates": [ [ [ -93.446656, 44.194816 ], [ -93.428992, 44.231424 ] ] ] } },
{ "type": "Feature", "properties": { "TYPEPIPE": "Interstate", "Operator": "Northern Natural Gas Co", "Status": "Operating", "Shape_Leng": 0.03734793467, "STATEFP": "27", "STATENS": "00662849", "AFFGEOID": "0400000US27", "GEOID": "27", "STUSPS": "MN", "NAME": "Minnesota", "LSAD": "00", "ALAND": 206228939448, "AWATER": 18945217189 }, "geometry": { "type": "MultiLineString", "coordinates": [ [ [ -93.464576, 44.162048 ], [ -93.446656, 44.194816 ] ] ] } },
{ "type": "Feature", "properties": { "TYPEPIPE": "Interstate", "Operator": "Northern Natural Gas Co", "Status": "Operating", "Shape_Leng": 0.058112, "STATEFP": "27", "STATENS": "00662849", "AFFGEOID": "0400000US27", "GEOID": "27", "STUSPS": "MN", "NAME": "Minnesota", "LSAD": "00", "ALAND": 206228939448, "AWATER": 18945217189 }, "geometry": { "type": "MultiLineString", "coordinates": [ [ [ -93.406464, 44.162048 ], [ -93.464576, 44.162048 ] ] ] } },
{ "type": "Feature", "properties": { "TYPEPIPE": "Interstate", "Operator": "Northern Natural Gas Co", "Status": "Operating", "Shape_Leng": 0.138496, "STATEFP": "27", "STATENS": "00662849", "AFFGEOID": "0400000US27", "GEOID": "27", "STUSPS": "MN", "NAME": "Minnesota", "LSAD": "00", "ALAND": 206228939448, "AWATER": 18945217189 }, "geometry": { "type": "MultiLineString", "coordinates": [ [ [ -93.267968, 44.162048 ], [ -93.406464, 44.162048 ] ] ] } },
{ "type": "Feature", "properties": { "TYPEPIPE": "Interstate", "Operator": "Northern Natural Gas Co", "Status": "Operating", "Shape_Leng": 0.1523974257, "STATEFP": "27", "STATENS": "00662849", "AFFGEOID": "0400000US27", "GEOID": "27", "STUSPS": "MN", "NAME": "Minnesota", "LSAD": "00", "ALAND": 206228939448, "AWATER": 18945217189 }, "geometry": { "type": "MultiLineString", "coordinates": [ [ [ -93.330432, 44.02304 ], [ -93.283371, 44.12777 ], [ -93.267968, 44.162048 ] ] ] } },
{ "type": "Feature", "properties": { "TYPEPIPE": "Interstate", "Operator": "Northern Natural Gas Co", "Status": "Operating", "Shape_Leng": 0.29056, "STATEFP": "27", "STATENS": "00662849", "AFFGEOID": "0400000US27", "GEOID": "27", "STUSPS": "MN", "NAME": "Minnesota", "LSAD": "00", "ALAND": 206228939448, "AWATER": 18945217189 }, "geometry": { "type": "MultiLineString", "coordinates": [ [ [ -93.330432, 44.02304 ], [ -93.039872, 44.02304 ] ] ] } },
{ "type": "Feature", "properties": { "TYPEPIPE": "Interstate", "Operator": "Northern Natural Gas Co", "Status": "Operating", "Shape_Leng": 0.18203648367, "STATEFP": "27", "STATENS": "00662849", "AFFGEOID": "0400000US27", "GEOID": "27", "STUSPS": "MN", "NAME": "Minnesota", "LSAD": "00", "ALAND": 206228939448, "AWATER": 18945217189 }, "geometry": { "type": "MultiLineString", "coordinates": [ [ [ -93.387448, 43.850163 ], [ -93.330432, 44.02304 ] ] ] } },
{ "type": "Feature", "properties": { "TYPEPIPE": "Interstate", "Operator": "Northern Natural Gas Co", "Status": "Operating", "Shape_Leng": 0.03303046995, "STATEFP": "27", "STATENS": "00662849", "AFFGEOID": "0400000US27", "GEOID": "27", "STUSPS": "MN", "NAME": "Minnesota", "LSAD": "00", "ALAND": 206228939448, "AWATER": 18945217189 }, "geometry": { "type": "MultiLineString", "coordinates": [ [ [ -93.404416, 43.821824 ], [ -93.387448, 43.850163 ] ] ] } },
{ "type": "Feature", "properties": { "TYPEPIPE": "Interstate", "Operator": "Northern Natural Gas Co", "Status": "Operating", "Shape_Leng": 0.361984, "STATEFP": "27", "STATENS": "00662849", "AFFGEOID": "0400000US27", "GEOID": "27", "STUSPS": "MN", "NAME": "Minnesota", "LSAD": "00", "ALAND": 206228939448, "AWATER": 18945217189 }, "geometry": { "type": "MultiLineString", "coordinates": [ [ [ -93.404416, 43.821824 ], [ -93.042432, 43.821824 ] ] ] } },
{ "type": "Feature", "properties": { "TYPEPIPE": "Interstate", "Operator": "Northern Natural Gas Co", "Status": "Operating", "Shape_Leng": 0.13351743748, "STATEFP": "27", "STATENS": "00662849", "AFFGEOID": "0400000US27", "GEOID": "27", "STUSPS": "MN", "NAME": "Minnesota", "LSAD": "00", "ALAND": 206228939448, "AWATER": 18945217189 }, "geometry": { "type": "MultiLineString", "coordinates": [ [ [ -93.46176, 43.701248 ], [ -93.404416, 43.821824 ] ] ] } },
{ "type": "Feature", "properties": { "TYPEPIPE": "Interstate", "Operator": "Northern Natural Gas Co", "Status": "Operating", "Shape_Leng": 0.33109124398000001, "STATEFP": "27", "STATENS": "00662849", "AFFGEOID": "0400000US27", "GEOID": "27", "STUSPS": "MN", "NAME": "Minnesota", "LSAD": "00", "ALAND": 206228939448, "AWATER": 18945217189 }, "geometry": { "type": "MultiLineString", "coordinates": [ [ [ -93.377792, 43.664384 ], [ -93.046784, 43.671808 ] ] ] } },
{ "type": "Feature", "properties": { "TYPEPIPE": "Interstate", "Operator": "Northern Natural Gas Co", "Status": "Operating", "Shape_Leng": 0.09170375957, "STATEFP": "27", "STATENS": "00662849", "AFFGEOID": "0400000US27", "GEOID": "27", "STUSPS": "MN", "NAME": "Minnesota", "LSAD": "00", "ALAND": 206228939448, "AWATER": 18945217189 }, "geometry": { "type": "MultiLineString", "coordinates": [ [ [ -93.46176, 43.701248 ], [ -93.377792, 43.664384 ] ] ] } },
{ "type": "Feature", "properties": { "TYPEPIPE": "Interstate", "Operator": "Northern Natural Gas Co", "Status": "Operating", "Shape_Leng": 0.10843073336, "STATEFP": "27", "STATENS": "00662849", "AFFGEOID": "0400000US27", "GEOID": "27", "STUSPS": "MN", "NAME": "Minnesota", "LSAD": "00", "ALAND": 206228939448, "AWATER": 18945217189 }, "geometry": { "type": "MultiLineString", "coordinates": [ [ [ -93.642752, 43.671808 ], [ -93.719552, 43.748352 ] ] ] } },
{ "type": "Feature", "properties": { "TYPEPIPE": "Interstate", "Operator": "Northern Natural Gas Co", "Status": "Operating", "Shape_Leng": 0.18337071103, "STATEFP": "27", "STATENS": "00662849", "AFFGEOID": "0400000US27", "GEOID": "27", "STUSPS": "MN", "NAME": "Minnesota", "LSAD": "00", "ALAND": 206228939448, "AWATER": 18945217189 }, "geometry": { "type": "MultiLineString", "coordinates": [ [ [ -93.46176, 43.701248 ], [ -93.642752, 43.671808 ] ] ] } },
{ "type": "Feature", "properties": { "TYPEPIPE": "Interstate", "Operator": "Northern Natural Gas Co", "Status": "Operating", "Shape_Leng": 0.14243472835000001, "STATEFP": "27", "STATENS": "00662849", "AFFGEOID": "0400000US27", "GEOID": "27", "STUSPS": "MN", "NAME": "Minnesota", "LSAD": "00", "ALAND": 206228939448, "AWATER": 18945217189 }, "geometry": { "type": "MultiLineString", "coordinates": [ [ [ -93.523712, 43.572992 ], [ -93.46176, 43.701248 ] ] ] } },
{ "type": "Feature", "properties": { "TYPEPIPE": "Interstate", "Operator": "Northern Natural Gas Co", "Status": "Operating", "Shape_Leng": 0.21629352737, "STATEFP": "27", "STATENS": "00662849", "AFFGEOID": "0400000US27", "GEOID": "27", "STUSPS": "MN", "NAME": "Minnesota", "LSAD": "00", "ALAND": 206228939448, "AWATER": 18945217189 }, "geometry": { "type": "MultiLineString", "coordinates": [ [ [ -94.822656, 43.50272 ], [ -94.637696, 43.614848 ] ] ] } },
{ "type": "Feature", "properties": { "TYPEPIPE": "Interstate", "Operator": "Northern Natural Gas Co", "Status": "Operating", "Shape_Leng": 0.13451679497, "STATEFP": "27", "STATENS": "00662849", "AFFGEOID": "0400000US27", "GEOID": "27", "STUSPS": "MN", "NAME": "Minnesota", "LSAD": "00", "ALAND": 206228939448, "AWATER": 18945217189 }, "geometry": { "type": "MultiLineString", "coordinates": [ [ [ -94.637696, 43.614848 ], [ -94.750208, 43.688576 ] ] ] } },
{ "type": "Feature", "properties": { "TYPEPIPE": "Interstate", "Operator": "Northern Natural Gas Co", "Status": "Operating", "Shape_Leng": 0.19247906101000001, "STATEFP": "27", "STATENS": "00662849", "AFFGEOID": "0400000US27", "GEOID": "27", "STUSPS": "MN", "NAME": "Minnesota", "LSAD": "00", "ALAND": 206228939448, "AWATER": 18945217189 }, "geometry": { "type": "MultiLineString", "coordinates": [ [ [ -94.641408, 43.963008 ], [ -94.768256, 44.107776 ] ] ] } },
{ "type": "Feature", "properties": { "TYPEPIPE": "Interstate", "Operator": "Northern Natural Gas Co", "Status": "Operating", "Shape_Leng": 0.16466681375, "STATEFP": "27", "STATENS": "00662849", "AFFGEOID": "0400000US27", "GEOID": "27", "STUSPS": "MN", "NAME": "Minnesota", "LSAD": "00", "ALAND": 206228939448, "AWATER": 18945217189 }, "geometry": { "type": "MultiLineString", "coordinates": [ [ [ -94.768256, 44.107776 ], [ -94.89152, 44.21696 ] ] ] } },
{ "type": "Feature", "properties": { "TYPEPIPE": "Interstate", "Operator": "Northern Natural Gas Co", "Status": "Operating", "Shape_Leng": 0.08648453346, "STATEFP": "27", "STATENS": "00662849", "AFFGEOID": "0400000US27", "GEOID": "27", "STUSPS": "MN", "NAME": "Minnesota", "LSAD": "00", "ALAND": 206228939448, "AWATER": 18945217189 }, "geometry": { "type": "MultiLineString", "coordinates": [ [ [ -94.89152, 44.21696 ], [ -94.819072, 44.264192 ] ] ] } },
{ "type": "Feature", "properties": { "TYPEPIPE": "Interstate", "Operator": "Northern Natural Gas Co", "Status": "Operating", "Shape_Leng": 0.213888, "STATEFP": "27", "STATENS": "00662849", "AFFGEOID": "0400000US27", "GEOID": "27", "STUSPS": "MN", "NAME": "Minnesota", "LSAD": "00", "ALAND": 206228939448, "AWATER": 18945217189 }, "geometry": { "type": "MultiLineString", "coordinates": [ [ [ -94.89152, 44.21696 ], [ -95.105408, 44.21696 ] ] ] } },
{ "type": "Feature", "properties": { "TYPEPIPE": "Interstate", "Operator": "Northern Natural Gas Co", "Status": "Operating", "Shape_Leng": 0.4896, "STATEFP": "27", "STATENS": "00662849", "AFFGEOID": "0400000US27", "GEOID": "27", "STUSPS": "MN", "NAME": "Minnesota", "LSAD": "00", "ALAND": 206228939448, "AWATER": 18945217189 }, "geometry": { "type": "MultiLineString", "coordinates": [ [ [ -95.105408, 44.21696 ], [ -95.595008, 44.21696 ] ] ] } },
{ "type": "Feature", "properties": { "TYPEPIPE": "Interstate", "Operator": "Northern Natural Gas Co", "Status": "Operating", "Shape_Leng": 0.090496, "STATEFP": "27", "STATENS": "00662849", "AFFGEOID": "0400000US27", "GEOID": "27", "STUSPS": "MN", "NAME": "Minnesota", "LSAD": "00", "ALAND": 206228939448, "AWATER": 18945217189 }, "geometry": { "type": "MultiLineString", "coordinates": [ [ [ -95.595008, 44.21696 ], [ -95.685504, 44.21696 ] ] ] } },
{ "type": "Feature", "properties": { "TYPEPIPE": "Interstate", "Operator": "Northern Natural Gas Co", "Status": "Operating", "Shape_Leng": 0.0436631997, "STATEFP": "27", "STATENS": "00662849", "AFFGEOID": "0400000US27", "GEOID": "27", "STUSPS": "MN", "NAME": "Minnesota", "LSAD": "00", "ALAND": 206228939448, "AWATER": 18945217189 }, "geometry": { "type": "MultiLineString", "coordinates": [ [ [ -94.822656, 43.50272 ], [ -94.854784, 43.532288 ] ] ] } },
{ "type": "Feature", "properties": { "TYPEPIPE": "Interstate", "Operator": "Northern Natural Gas Co", "Status": "Operating", "Shape_Leng": 0.15904797083, "STATEFP": "27", "STATENS": "00662849", "AFFGEOID": "0400000US27", "GEOID": "27", "STUSPS": "MN", "NAME": "Minnesota", "LSAD": "00", "ALAND": 206228939448, "AWATER": 18945217189 }, "geometry": { "type": "MultiLineString", "coordinates": [ [ [ -94.854784, 43.532288 ], [ -95.001216, 43.594368 ] ] ] } },
{ "type": "Feature", "properties": { "TYPEPIPE": "Interstate", "Operator": "Northern Natural Gas Co", "Status": "Operating", "Shape_Leng": 0.1002672295, "STATEFP": "27", "STATENS": "00662849", "AFFGEOID": "0400000US27", "GEOID": "27", "STUSPS": "MN", "NAME": "Minnesota", "LSAD": "00", "ALAND": 206228939448, "AWATER": 18945217189 }, "geometry": { "type": "MultiLineString", "coordinates": [ [ [ -95.001216, 43.594368 ], [ -95.10144, 43.597312 ] ] ] } },
{ "type": "Feature", "properties": { "TYPEPIPE": "Interstate", "Operator": "Northern Natural Gas Co", "Status": "Operating", "Shape_Leng": 0.047104, "STATEFP": "27", "STATENS": "00662849", "AFFGEOID": "0400000US27", "GEOID": "27", "STUSPS": "MN", "NAME": "Minnesota", "LSAD": "00", "ALAND": 206228939448, "AWATER": 18945217189 }, "geometry": { "type": "MultiLineString", "coordinates": [ [ [ -95.10144, 43.597312 ], [ -95.10144, 43.644416 ] ] ] } },
{ "type": "Feature", "properties": { "TYPEPIPE": "Interstate", "Operator": "Northern Natural Gas Co", "Status": "Operating", "Shape_Leng": 0.17856, "STATEFP": "27", "STATENS": "00662849", "AFFGEOID": "0400000US27", "GEOID": "27", "STUSPS": "MN", "NAME": "Minnesota", "LSAD": "00", "ALAND": 206228939448, "AWATER": 18945217189 }, "geometry": { "type": "MultiLineString", "coordinates": [ [ [ -95.10144, 43.597312 ], [ -95.28, 43.597312 ] ] ] } },
{ "type": "Feature", "properties": { "TYPEPIPE": "Interstate", "Operator": "Northern Natural Gas Co", "Status": "Operating", "Shape_Leng": 0.11482577439, "STATEFP": "27", "STATENS": "00662849", "AFFGEOID": "0400000US27", "GEOID": "27", "STUSPS": "MN", "NAME": "Minnesota", "LSAD": "00", "ALAND": 206228939448, "AWATER": 18945217189 }, "geometry": { "type": "MultiLineString", "coordinates": [ [ [ -95.28, 43.597312 ], [ -95.340372046802301, 43.50059017616487 ] ] ] } },
{ "type": "Feature", "properties": { "TYPEPIPE": "Interstate", "Operator": "Northern Natural Gas Co", "Status": "Operating", "Shape_Leng": 0.17549952989000001, "STATEFP": "27", "STATENS": "00662849", "AFFGEOID": "0400000US27", "GEOID": "27", "STUSPS": "MN", "NAME": "Minnesota", "LSAD": "00", "ALAND": 206228939448, "AWATER": 18945217189 }, "geometry": { "type": "MultiLineString", "coordinates": [ [ [ -95.28, 43.597312 ], [ -95.455104, 43.609088 ] ] ] } },
{ "type": "Feature", "properties": { "TYPEPIPE": "Interstate", "Operator": "Northern Natural Gas Co", "Status": "Operating", "Shape_Leng": 0.17174724051000001, "STATEFP": "27", "STATENS": "00662849", "AFFGEOID": "0400000US27", "GEOID": "27", "STUSPS": "MN", "NAME": "Minnesota", "LSAD": "00", "ALAND": 206228939448, "AWATER": 18945217189 }, "geometry": { "type": "MultiLineString", "coordinates": [ [ [ -95.455104, 43.609088 ], [ -95.626624, 43.61792 ] ] ] } },
{ "type": "Feature", "properties": { "TYPEPIPE": "Interstate", "Operator": "Northern Natural Gas Co", "Status": "Operating", "Shape_Leng": 0.23855258044, "STATEFP": "27", "STATENS": "00662849", "AFFGEOID": "0400000US27", "GEOID": "27", "STUSPS": "MN", "NAME": "Minnesota", "LSAD": "00", "ALAND": 206228939448, "AWATER": 18945217189 }, "geometry": { "type": "MultiLineString", "coordinates": [ [ [ -95.001216, 43.594368 ], [ -95.051392, 43.827584 ] ] ] } },
{ "type": "Feature", "properties": { "TYPEPIPE": "Interstate", "Operator": "Northern Natural Gas Co", "Status": "Operating", "Shape_Leng": 0.01906297773, "STATEFP": "27", "STATENS": "00662849", "AFFGEOID": "0400000US27", "GEOID": "27", "STUSPS": "MN", "NAME": "Minnesota", "LSAD": "00", "ALAND": 206228939448, "AWATER": 18945217189 }, "geometry": { "type": "MultiLineString", "coordinates": [ [ [ -95.051392, 43.827584 ], [ -95.044224, 43.845248 ] ] ] } },
{ "type": "Feature", "properties": { "TYPEPIPE": "Interstate", "Operator": "Northern Natural Gas Co", "Status": "Operating", "Shape_Leng": 0.13940369464, "STATEFP": "27", "STATENS": "00662849", "AFFGEOID": "0400000US27", "GEOID": "27", "STUSPS": "MN", "NAME": "Minnesota", "LSAD": "00", "ALAND": 206228939448, "AWATER": 18945217189 }, "geometry": { "type": "MultiLineString", "coordinates": [ [ [ -95.044224, 43.845248 ], [ -94.929792, 43.924864 ] ] ] } },
{ "type": "Feature", "properties": { "TYPEPIPE": "Interstate", "Operator": "Northern Natural Gas Co", "Status": "Operating", "Shape_Leng": 0.06311996553, "STATEFP": "27", "STATENS": "00662849", "AFFGEOID": "0400000US27", "GEOID": "27", "STUSPS": "MN", "NAME": "Minnesota", "LSAD": "00", "ALAND": 206228939448, "AWATER": 18945217189 }, "geometry": { "type": "MultiLineString", "coordinates": [ [ [ -96.276224, 43.85536 ], [ -96.258816, 43.794688 ] ] ] } },
{ "type": "Feature", "properties": { "TYPEPIPE": "Interstate", "Operator": "Northern Natural Gas Co", "Status": "Operating", "Shape_Leng": 0.04018792336, "STATEFP": "27", "STATENS": "00662849", "AFFGEOID": "0400000US27", "GEOID": "27", "STUSPS": "MN", "NAME": "Minnesota", "LSAD": "00", "ALAND": 206228939448, "AWATER": 18945217189 }, "geometry": { "type": "MultiLineString", "coordinates": [ [ [ -96.304896, 43.88352 ], [ -96.276224, 43.85536 ] ] ] } },
{ "type": "Feature", "properties": { "TYPEPIPE": "Interstate", "Operator": "Northern Natural Gas Co", "Status": "Operating", "Shape_Leng": 0.10169517432, "STATEFP": "27", "STATENS": "00662849", "AFFGEOID": "0400000US27", "GEOID": "27", "STUSPS": "MN", "NAME": "Minnesota", "LSAD": "00", "ALAND": 206228939448, "AWATER": 18945217189 }, "geometry": { "type": "MultiLineString", "coordinates": [ [ [ -96.304896, 43.88352 ], [ -96.207104, 43.911424 ] ] ] } },
{ "type": "Feature", "properties": { "TYPEPIPE": "Interstate", "Operator": "Northern Natural Gas Co", "Status": "Operating", "Shape_Leng": 0.13862465005, "STATEFP": "27", "STATENS": "00662849", "AFFGEOID": "0400000US27", "GEOID": "27", "STUSPS": "MN", "NAME": "Minnesota", "LSAD": "00", "ALAND": 206228939448, "AWATER": 18945217189 }, "geometry": { "type": "MultiLineString", "coordinates": [ [ [ -96.36224, 44.009728 ], [ -96.304896, 43.88352 ] ] ] } },
{ "type": "Feature", "properties": { "TYPEPIPE": "Interstate", "Operator": "Northern Natural Gas Co", "Status": "Operating", "Shape_Leng": 0.14350095927000001, "STATEFP": "27", "STATENS": "00662849", "AFFGEOID": "0400000US27", "GEOID": "27", "STUSPS": "MN", "NAME": "Minnesota", "LSAD": "00", "ALAND": 206228939448, "AWATER": 18945217189 }, "geometry": { "type": "MultiLineString", "coordinates": [ [ [ -96.36224, 44.009728 ], [ -96.230144, 44.065792 ] ] ] } },
{ "type": "Feature", "properties": { "TYPEPIPE": "Interstate", "Operator": "Northern Natural Gas Co", "Status": "Operating", "Shape_Leng": 0.09425529248, "STATEFP": "27", "STATENS": "00662849", "AFFGEOID": "0400000US27", "GEOID": "27", "STUSPS": "MN", "NAME": "Minnesota", "LSAD": "00", "ALAND": 206228939448, "AWATER": 18945217189 }, "geometry": { "type": "MultiLineString", "coordinates": [ [ [ -96.448768, 43.972352 ], [ -96.36224, 44.009728 ] ] ] } },
{ "type": "Feature", "properties": { "TYPEPIPE": "Interstate", "Operator": "Northern Natural Gas Co", "Status": "Operating", "Shape_Leng": 0.26263516487, "STATEFP": "27", "STATENS": "00662849", "AFFGEOID": "0400000US27", "GEOID": "27", "STUSPS": "MN", "NAME": "Minnesota", "LSAD": "00", "ALAND": 206228939448, "AWATER": 18945217189 }, "geometry": { "type": "MultiLineString", "coordinates": [ [ [ -96.448768, 43.972352 ], [ -96.452738379933791, 43.975240193529658 ] ] ] } },
{ "type": "Feature", "properties": { "TYPEPIPE": "Interstate", "Operator": "Northern Natural Gas Co", "Status": "Operating", "Shape_Leng": 0.23501692358000001, "STATEFP": "27", "STATENS": "00662849", "AFFGEOID": "0400000US27", "GEOID": "27", "STUSPS": "MN", "NAME": "Minnesota", "LSAD": "00", "ALAND": 206228939448, "AWATER": 18945217189 }, "geometry": { "type": "MultiLineString", "coordinates": [ [ [ -96.452745955397916, 43.969682030917696 ], [ -96.448768, 43.972352 ] ] ] } },
{ "type": "Feature", "properties": { "TYPEPIPE": "Interstate", "Operator": "Northern Natural Gas Co", "Status": "Operating", "Shape_Leng": 0.08184516582, "STATEFP": "27", "STATENS": "00662849", "AFFGEOID": "0400000US27", "GEOID": "27", "STUSPS": "MN", "NAME": "Minnesota", "LSAD": "00", "ALAND": 206228939448, "AWATER": 18945217189 }, "geometry": { "type": "MultiLineString", "coordinates": [ [ [ -96.141568, 43.503104 ], [ -96.150016, 43.584512 ] ] ] } },
{ "type": "Feature", "properties": { "TYPEPIPE": "Interstate", "Operator": "Northern Natural Gas Co", "Status": "Operating", "Shape_Leng": 0.23831345114, "STATEFP": "27", "STATENS": "00662849", "AFFGEOID": "0400000US27", "GEOID": "27", "STUSPS": "MN", "NAME": "Minnesota", "LSAD": "00", "ALAND": 206228939448, "AWATER": 18945217189 }, "geometry": { "type": "MultiLineString", "coordinates": [ [ [ -96.144137540413993, 43.500279916598856 ], [ -96.141568, 43.503104 ] ] ] } },
{ "type": "Feature", "properties": { "TYPEPIPE": "Interstate", "Operator": "Northern Natural Gas Co", "Status": "Operating", "Shape_Leng": 0.081664, "STATEFP": "27", "STATENS": "00662849", "AFFGEOID": "0400000US27", "GEOID": "27", "STUSPS": "MN", "NAME": "Minnesota", "LSAD": "00", "ALAND": 206228939448, "AWATER": 18945217189 }, "geometry": { "type": "MultiLineString", "coordinates": [ [ [ -94.353152, 45.200128 ], [ -94.353152, 45.281792 ] ] ] } },
{ "type": "Feature", "properties": { "TYPEPIPE": "Interstate", "Operator": "Northern Natural Gas Co", "Status": "Operating", "Shape_Leng": 0.052992, "STATEFP": "27", "STATENS": "00662849", "AFFGEOID": "0400000US27", "GEOID": "27", "STUSPS": "MN", "NAME": "Minnesota", "LSAD": "00", "ALAND": 206228939448, "AWATER": 18945217189 }, "geometry": { "type": "MultiLineString", "coordinates": [ [ [ -94.353152, 45.281792 ], [ -94.353152, 45.334784 ] ] ] } },
{ "type": "Feature", "properties": { "TYPEPIPE": "Interstate", "Operator": "Northern Natural Gas Co", "Status": "Operating", "Shape_Leng": 0.15825625154, "STATEFP": "27", "STATENS": "00662849", "AFFGEOID": "0400000US27", "GEOID": "27", "STUSPS": "MN", "NAME": "Minnesota", "LSAD": "00", "ALAND": 206228939448, "AWATER": 18945217189 }, "geometry": { "type": "MultiLineString", "coordinates": [ [ [ -94.353152, 45.200128 ], [ -94.509568, 45.224192 ] ] ] } },
{ "type": "Feature", "properties": { "TYPEPIPE": "Interstate", "Operator": "Northern Natural Gas Co", "Status": "Operating", "Shape_Leng": 0.21048820661000001, "STATEFP": "27", "STATENS": "00662849", "AFFGEOID": "0400000US27", "GEOID": "27", "STUSPS": "MN", "NAME": "Minnesota", "LSAD": "00", "ALAND": 206228939448, "AWATER": 18945217189 }, "geometry": { "type": "MultiLineString", "coordinates": [ [ [ -94.281216, 45.411584 ], [ -94.491648, 45.416448 ] ] ] } },
{ "type": "Feature", "properties": { "TYPEPIPE": "Interstate", "Operator": "Northern Natural Gas Co", "Status": "Operating", "Shape_Leng": 0.043264, "STATEFP": "27", "STATENS": "00662849", "AFFGEOID": "0400000US27", "GEOID": "27", "STUSPS": "MN", "NAME": "Minnesota", "LSAD": "00", "ALAND": 206228939448, "AWATER": 18945217189 }, "geometry": { "type": "MultiLineString", "coordinates": [ [ [ -94.491648, 45.416448 ], [ -94.491648, 45.373184 ] ] ] } },
{ "type": "Feature", "properties": { "TYPEPIPE": "Interstate", "Operator": "Northern Natural Gas Co", "Status": "Operating", "Shape_Leng": 0.19074181889, "STATEFP": "27", "STATENS": "00662849", "AFFGEOID": "0400000US27", "GEOID": "27", "STUSPS": "MN", "NAME": "Minnesota", "LSAD": "00", "ALAND": 206228939448, "AWATER": 18945217189 }, "geometry": { "type": "MultiLineString", "coordinates": [ [ [ -94.491648, 45.416448 ], [ -94.671872, 45.353984 ] ] ] } },
{ "type": "Feature", "properties": { "TYPEPIPE": "Interstate", "Operator": "Northern Natural Gas Co", "Status": "Operating", "Shape_Leng": 0.20770815218, "STATEFP": "27", "STATENS": "00662849", "AFFGEOID": "0400000US27", "GEOID": "27", "STUSPS": "MN", "NAME": "Minnesota", "LSAD": "00", "ALAND": 206228939448, "AWATER": 18945217189 }, "geometry": { "type": "MultiLineString", "coordinates": [ [ [ -93.097984, 44.656128 ], [ -93.27616, 44.76288 ] ] ] } },
{ "type": "Feature", "properties": { "TYPEPIPE": "Interstate", "Operator": "Northern Natural Gas Co", "Status": "Operating", "Shape_Leng": 0.12501216837000001, "STATEFP": "27", "STATENS": "00662849", "AFFGEOID": "0400000US27", "GEOID": "27", "STUSPS": "MN", "NAME": "Minnesota", "LSAD": "00", "ALAND": 206228939448, "AWATER": 18945217189 }, "geometry": { "type": "MultiLineString", "coordinates": [ [ [ -93.27616, 44.76288 ], [ -93.167872, 44.825344 ] ] ] } },
{ "type": "Feature", "properties": { "TYPEPIPE": "Interstate", "Operator": "Northern Natural Gas Co", "Status": "Operating", "Shape_Leng": 0.15060656453, "STATEFP": "27", "STATENS": "00662849", "AFFGEOID": "0400000US27", "GEOID": "27", "STUSPS": "MN", "NAME": "Minnesota", "LSAD": "00", "ALAND": 206228939448, "AWATER": 18945217189 }, "geometry": { "type": "MultiLineString", "coordinates": [ [ [ -93.107712, 45.21472 ], [ -93.25824, 45.219584 ] ] ] } },
{ "type": "Feature", "properties": { "TYPEPIPE": "Interstate", "Operator": "Northern Natural Gas Co", "Status": "Operating", "Shape_Leng": 0.125184, "STATEFP": "27", "STATENS": "00662849", "AFFGEOID": "0400000US27", "GEOID": "27", "STUSPS": "MN", "NAME": "Minnesota", "LSAD": "00", "ALAND": 206228939448, "AWATER": 18945217189 }, "geometry": { "type": "MultiLineString", "coordinates": [ [ [ -93.25824, 45.219584 ], [ -93.25824, 45.0944 ] ] ] } },
{ "type": "Feature", "properties": { "TYPEPIPE": "Interstate", "Operator": "Northern Natural Gas Co", "Status": "Operating", "Shape_Leng": 0.030208, "STATEFP": "27", "STATENS": "00662849", "AFFGEOID": "0400000US27", "GEOID": "27", "STUSPS": "MN", "NAME": "Minnesota", "LSAD": "00", "ALAND": 206228939448, "AWATER": 18945217189 }, "geometry": { "type": "MultiLineString", "coordinates": [ [ [ -93.25824, 45.0944 ], [ -93.228032, 45.0944 ] ] ] } },
{ "type": "Feature", "properties": { "TYPEPIPE": "Interstate", "Operator": "Northern Natural Gas Co", "Status": "Operating", "Shape_Leng": 0.048128, "STATEFP": "27", "STATENS": "00662849", "AFFGEOID": "0400000US27", "GEOID": "27", "STUSPS": "MN", "NAME": "Minnesota", "LSAD": "00", "ALAND": 206228939448, "AWATER": 18945217189 }, "geometry": { "type": "MultiLineString", "coordinates": [ [ [ -93.228032, 45.0944 ], [ -93.179904, 45.0944 ] ] ] } },
{ "type": "Feature", "properties": { "TYPEPIPE": "Interstate", "Operator": "Northern Natural Gas Co", "Status": "Operating", "Shape_Leng": 0.12033470548, "STATEFP": "27", "STATENS": "00662849", "AFFGEOID": "0400000US27", "GEOID": "27", "STUSPS": "MN", "NAME": "Minnesota", "LSAD": "00", "ALAND": 206228939448, "AWATER": 18945217189 }, "geometry": { "type": "MultiLineString", "coordinates": [ [ [ -93.25824, 45.219584 ], [ -93.366528, 45.272064 ] ] ] } },
{ "type": "Feature", "properties": { "TYPEPIPE": "Interstate", "Operator": "Northern Natural Gas Co", "Status": "Operating", "Shape_Leng": 0.095744, "STATEFP": "27", "STATENS": "00662849", "AFFGEOID": "0400000US27", "GEOID": "27", "STUSPS": "MN", "NAME": "Minnesota", "LSAD": "00", "ALAND": 206228939448, "AWATER": 18945217189 }, "geometry": { "type": "MultiLineString", "coordinates": [ [ [ -93.366528, 45.272064 ], [ -93.366528, 45.17632 ] ] ] } },
{ "type": "Feature", "properties": { "TYPEPIPE": "Interstate", "Operator": "Northern Natural Gas Co", "Status": "Operating", "Shape_Leng": 0.108288, "STATEFP": "27", "STATENS": "00662849", "AFFGEOID": "0400000US27", "GEOID": "27", "STUSPS": "MN", "NAME": "Minnesota", "LSAD": "00", "ALAND": 206228939448, "AWATER": 18945217189 }, "geometry": { "type": "MultiLineString", "coordinates": [ [ [ -93.366528, 45.272064 ], [ -93.474816, 45.272064 ] ] ] } },
{ "type": "Feature", "properties": { "TYPEPIPE": "Interstate", "Operator": "Northern Natural Gas Co", "Status": "Operating", "Shape_Leng": 0.067328, "STATEFP": "27", "STATENS": "00662849", "AFFGEOID": "0400000US27", "GEOID": "27", "STUSPS": "MN", "NAME": "Minnesota", "LSAD": "00", "ALAND": 206228939448, "AWATER": 18945217189 }, "geometry": { "type": "MultiLineString", "coordinates": [ [ [ -93.474816, 45.272064 ], [ -93.474816, 45.339392 ] ] ] } },
{ "type": "Feature", "properties": { "TYPEPIPE": "Interstate", "Operator": "Northern Natural Gas Co", "Status": "Operating", "Shape_Leng": 0.07379419251, "STATEFP": "27", "STATENS": "00662849", "AFFGEOID": "0400000US27", "GEOID": "27", "STUSPS": "MN", "NAME": "Minnesota", "LSAD": "00", "ALAND": 206228939448, "AWATER": 18945217189 }, "geometry": { "type": "MultiLineString", "coordinates": [ [ [ -93.474816, 45.339392 ], [ -93.505024, 45.40672 ] ] ] } },
{ "type": "Feature", "properties": { "TYPEPIPE": "Interstate", "Operator": "Northern Natural Gas Co", "Status": "Operating", "Shape_Leng": 0.10941537033, "STATEFP": "27", "STATENS": "00662849", "AFFGEOID": "0400000US27", "GEOID": "27", "STUSPS": "MN", "NAME": "Minnesota", "LSAD": "00", "ALAND": 206228939448, "AWATER": 18945217189 }, "geometry": { "type": "MultiLineString", "coordinates": [ [ [ -93.505024, 45.40672 ], [ -93.565184, 45.498112 ] ] ] } },
{ "type": "Feature", "properties": { "TYPEPIPE": "Interstate", "Operator": "Northern Natural Gas Co", "Status": "Operating", "Shape_Leng": 0.03638893898, "STATEFP": "27", "STATENS": "00662849", "AFFGEOID": "0400000US27", "GEOID": "27", "STUSPS": "MN", "NAME": "Minnesota", "LSAD": "00", "ALAND": 206228939448, "AWATER": 18945217189 }, "geometry": { "type": "MultiLineString", "coordinates": [ [ [ -93.474816, 45.272064 ], [ -93.510912, 45.267456 ] ] ] } },
{ "type": "Feature", "properties": { "TYPEPIPE": "Interstate", "Operator": "Northern Natural Gas Co", "Status": "Operating", "Shape_Leng": 0.14637559753000001, "STATEFP": "27", "STATENS": "00662849", "AFFGEOID": "0400000US27", "GEOID": "27", "STUSPS": "MN", "NAME": "Minnesota", "LSAD": "00", "ALAND": 206228939448, "AWATER": 18945217189 }, "geometry": { "type": "MultiLineString", "coordinates": [ [ [ -93.510912, 45.267456 ], [ -93.655296, 45.29152 ] ] ] } },
{ "type": "Feature", "properties": { "TYPEPIPE": "Interstate", "Operator": "Northern Natural Gas Co", "Status": "Operating", "Shape_Leng": 0.096256, "STATEFP": "27", "STATENS": "00662849", "AFFGEOID": "0400000US27", "GEOID": "27", "STUSPS": "MN", "NAME": "Minnesota", "LSAD": "00", "ALAND": 206228939448, "AWATER": 18945217189 }, "geometry": { "type": "MultiLineString", "coordinates": [ [ [ -93.655296, 45.29152 ], [ -93.655296, 45.195264 ] ] ] } },
{ "type": "Feature", "properties": { "TYPEPIPE": "Interstate", "Operator": "Northern Natural Gas Co", "Status": "Operating", "Shape_Leng": 0.09422086869, "STATEFP": "27", "STATENS": "00662849", "AFFGEOID": "0400000US27", "GEOID": "27", "STUSPS": "MN", "NAME": "Minnesota", "LSAD": "00", "ALAND": 206228939448, "AWATER": 18945217189 }, "geometry": { "type": "MultiLineString", "coordinates": [ [ [ -93.655296, 45.195264 ], [ -93.577216, 45.142528 ] ] ] } },
{ "type": "Feature", "properties": { "TYPEPIPE": "Interstate", "Operator": "Northern Natural Gas Co", "Status": "Operating", "Shape_Leng": 0.09617562602, "STATEFP": "27", "STATENS": "00662849", "AFFGEOID": "0400000US27", "GEOID": "27", "STUSPS": "MN", "NAME": "Minnesota", "LSAD": "00", "ALAND": 206228939448, "AWATER": 18945217189 }, "geometry": { "type": "MultiLineString", "coordinates": [ [ [ -93.655296, 45.195264 ], [ -93.69728, 45.108736 ] ] ] } },
{ "type": "Feature", "properties": { "TYPEPIPE": "Interstate", "Operator": "Northern Natural Gas Co", "Status": "Operating", "Shape_Leng": 0.10839718373, "STATEFP": "27", "STATENS": "00662849", "AFFGEOID": "0400000US27", "GEOID": "27", "STUSPS": "MN", "NAME": "Minnesota", "LSAD": "00", "ALAND": 206228939448, "AWATER": 18945217189 }, "geometry": { "type": "MultiLineString", "coordinates": [ [ [ -93.655296, 45.29152 ], [ -93.763584, 45.296384 ] ] ] } },
{ "type": "Feature", "properties": { "TYPEPIPE": "Interstate", "Operator": "Northern Natural Gas Co", "Status": "Operating", "Shape_Leng": 0.19856393743, "STATEFP": "27", "STATENS": "00662849", "AFFGEOID": "0400000US27", "GEOID": "27", "STUSPS": "MN", "NAME": "Minnesota", "LSAD": "00", "ALAND": 206228939448, "AWATER": 18945217189 }, "geometry": { "type": "MultiLineString", "coordinates": [ [ [ -93.763584, 45.296384 ], [ -93.913856, 45.166592 ] ] ] } },
{ "type": "Feature", "properties": { "TYPEPIPE": "Interstate", "Operator": "Northern Natural Gas Co", "Status": "Operating", "Shape_Leng": 0.10522845668, "STATEFP": "27", "STATENS": "00662849", "AFFGEOID": "0400000US27", "GEOID": "27", "STUSPS": "MN", "NAME": "Minnesota", "LSAD": "00", "ALAND": 206228939448, "AWATER": 18945217189 }, "geometry": { "type": "MultiLineString", "coordinates": [ [ [ -93.763584, 44.96 ], [ -93.691648, 45.0368 ] ] ] } },
{ "type": "Feature", "properties": { "TYPEPIPE": "Interstate", "Operator": "Northern Natural Gas Co", "Status": "Operating", "Shape_Leng": 0.23203183892000001, "STATEFP": "27", "STATENS": "00662849", "AFFGEOID": "0400000US27", "GEOID": "27", "STUSPS": "MN", "NAME": "Minnesota", "LSAD": "00", "ALAND": 206228939448, "AWATER": 18945217189 }, "geometry": { "type": "MultiLineString", "coordinates": [ [ [ -93.907328, 44.777856 ], [ -93.763584, 44.96 ] ] ] } },
{ "type": "Feature", "properties": { "TYPEPIPE": "Interstate", "Operator": "Northern Natural Gas Co", "Status": "Operating", "Shape_Leng": 0.11428099209000001, "STATEFP": "27", "STATENS": "00662849", "AFFGEOID": "0400000US27", "GEOID": "27", "STUSPS": "MN", "NAME": "Minnesota", "LSAD": "00", "ALAND": 206228939448, "AWATER": 18945217189 }, "geometry": { "type": "MultiLineString", "coordinates": [ [ [ -93.767552, 44.33792 ], [ -93.655168, 44.358656 ] ] ] } },
{ "type": "Feature", "properties": { "TYPEPIPE": "Interstate", "Operator": "Northern Natural Gas Co", "Status": "Operating", "Shape_Leng": 0.15197546244, "STATEFP": "27", "STATENS": "00662849", "AFFGEOID": "0400000US27", "GEOID": "27", "STUSPS": "MN", "NAME": "Minnesota", "LSAD": "00", "ALAND": 206228939448, "AWATER": 18945217189 }, "geometry": { "type": "MultiLineString", "coordinates": [ [ [ -93.655168, 44.358656 ], [ -93.546496, 44.464896 ] ] ] } },
{ "type": "Feature", "properties": { "TYPEPIPE": "Interstate", "Operator": "Northern Natural Gas Co", "Status": "Operating", "Shape_Leng": 0.24866486568000001, "STATEFP": "27", "STATENS": "00662849", "AFFGEOID": "0400000US27", "GEOID": "27", "STUSPS": "MN", "NAME": "Minnesota", "LSAD": "00", "ALAND": 206228939448, "AWATER": 18945217189 }, "geometry": { "type": "MultiLineString", "coordinates": [ [ [ -93.546496, 44.464896 ], [ -93.785728, 44.397056 ] ] ] } },
{ "type": "Feature", "properties": { "TYPEPIPE": "Interstate", "Operator": "Northern Natural Gas Co", "Status": "Operating", "Shape_Leng": 0.14322096115, "STATEFP": "27", "STATENS": "00662849", "AFFGEOID": "0400000US27", "GEOID": "27", "STUSPS": "MN", "NAME": "Minnesota", "LSAD": "00", "ALAND": 206228939448, "AWATER": 18945217189 }, "geometry": { "type": "MultiLineString", "coordinates": [ [ [ -93.785728, 44.397056 ], [ -93.919872, 44.447232 ] ] ] } },
{ "type": "Feature", "properties": { "TYPEPIPE": "Interstate", "Operator": "Northern Natural Gas Co", "Status": "Operating", "Shape_Leng": 0.11598248033, "STATEFP": "27", "STATENS": "00662849", "AFFGEOID": "0400000US27", "GEOID": "27", "STUSPS": "MN", "NAME": "Minnesota", "LSAD": "00", "ALAND": 206228939448, "AWATER": 18945217189 }, "geometry": { "type": "MultiLineString", "coordinates": [ [ [ -93.546496, 44.464896 ], [ -93.633408, 44.541696 ] ] ] } },
{ "type": "Feature", "properties": { "TYPEPIPE": "Interstate", "Operator": "Northern Natural Gas Co", "Status": "Operating", "Shape_Leng": 0.07634145778, "STATEFP": "27", "STATENS": "00662849", "AFFGEOID": "0400000US27", "GEOID": "27", "STUSPS": "MN", "NAME": "Minnesota", "LSAD": "00", "ALAND": 206228939448, "AWATER": 18945217189 }, "geometry": { "type": "MultiLineString", "coordinates": [ [ [ -93.633408, 44.541696 ], [ -93.705984, 44.565376 ] ] ] } },
{ "type": "Feature", "properties": { "TYPEPIPE": "Interstate", "Operator": "Northern Natural Gas Co", "Status": "Operating", "Shape_Leng": 0.08474421712000001, "STATEFP": "27", "STATENS": "00662849", "AFFGEOID": "0400000US27", "GEOID": "27", "STUSPS": "MN", "NAME": "Minnesota", "LSAD": "00", "ALAND": 206228939448, "AWATER": 18945217189 }, "geometry": { "type": "MultiLineString", "coordinates": [ [ [ -93.705984, 44.565376 ], [ -93.78944, 44.580096 ] ] ] } },
{ "type": "Feature", "properties": { "TYPEPIPE": "Interstate", "Operator": "Northern Natural Gas Co", "Status": "Operating", "Shape_Leng": 0.06739330673, "STATEFP": "27", "STATENS": "00662849", "AFFGEOID": "0400000US27", "GEOID": "27", "STUSPS": "MN", "NAME": "Minnesota", "LSAD": "00", "ALAND": 206228939448, "AWATER": 18945217189 }, "geometry": { "type": "MultiLineString", "coordinates": [ [ [ -93.705984, 44.565376 ], [ -93.72416, 44.630272 ] ] ] } },
{ "type": "Feature", "properties": { "TYPEPIPE": "Interstate", "Operator": "Northern Natural Gas Co", "Status": "Operating", "Shape_Leng": 0.02674464971, "STATEFP": "27", "STATENS": "00662849", "AFFGEOID": "0400000US27", "GEOID": "27", "STUSPS": "MN", "NAME": "Minnesota", "LSAD": "00", "ALAND": 206228939448, "AWATER": 18945217189 }, "geometry": { "type": "MultiLineString", "coordinates": [ [ [ -93.546496, 44.464896 ], [ -93.526528, 44.482688 ] ] ] } },
{ "type": "Feature", "properties": { "TYPEPIPE": "Interstate", "Operator": "Northern Natural Gas Co", "Status": "Operating", "Shape_Leng": 0.08007942297, "STATEFP": "27", "STATENS": "00662849", "AFFGEOID": "0400000US27", "GEOID": "27", "STUSPS": "MN", "NAME": "Minnesota", "LSAD": "00", "ALAND": 206228939448, "AWATER": 18945217189 }, "geometry": { "type": "MultiLineString", "coordinates": [ [ [ -93.526528, 44.482688 ], [ -93.456256, 44.521088 ] ] ] } },
{ "type": "Feature", "properties": { "TYPEPIPE": "Interstate", "Operator": "Northern Natural Gas Co", "Status": "Operating", "Shape_Leng": 0.07755448067, "STATEFP": "27", "STATENS": "00662849", "AFFGEOID": "0400000US27", "GEOID": "27", "STUSPS": "MN", "NAME": "Minnesota", "LSAD": "00", "ALAND": 206228939448, "AWATER": 18945217189 }, "geometry": { "type": "MultiLineString", "coordinates": [ [ [ -93.456256, 44.521088 ], [ -93.39712, 44.470912 ] ] ] } },
{ "type": "Feature", "properties": { "TYPEPIPE": "Interstate", "Operator": "Northern Natural Gas Co", "Status": "Operating", "Shape_Leng": 0.06022056526, "STATEFP": "27", "STATENS": "00662849", "AFFGEOID": "0400000US27", "GEOID": "27", "STUSPS": "MN", "NAME": "Minnesota", "LSAD": "00", "ALAND": 206228939448, "AWATER": 18945217189 }, "geometry": { "type": "MultiLineString", "coordinates": [ [ [ -93.456256, 44.521088 ], [ -93.400832, 44.54464 ] ] ] } },
{ "type": "Feature", "properties": { "TYPEPIPE": "Interstate", "Operator": "Northern Natural Gas Co", "Status": "Operating", "Shape_Leng": 0.12995656628, "STATEFP": "27", "STATENS": "00662849", "AFFGEOID": "0400000US27", "GEOID": "27", "STUSPS": "MN", "NAME": "Minnesota", "LSAD": "00", "ALAND": 206228939448, "AWATER": 18945217189 }, "geometry": { "type": "MultiLineString", "coordinates": [ [ [ -93.400832, 44.54464 ], [ -93.275008, 44.577152 ] ] ] } },
{ "type": "Feature", "properties": { "TYPEPIPE": "Interstate", "Operator": "Northern Natural Gas Co", "Status": "Operating", "Shape_Leng": 0.15529106442000001, "STATEFP": "27", "STATENS": "00662849", "AFFGEOID": "0400000US27", "GEOID": "27", "STUSPS": "MN", "NAME": "Minnesota", "LSAD": "00", "ALAND": 206228939448, "AWATER": 18945217189 }, "geometry": { "type": "MultiLineString", "coordinates": [ [ [ -93.275008, 44.577152 ], [ -93.120256, 44.59008 ] ] ] } },
{ "type": "Feature", "properties": { "TYPEPIPE": "Interstate", "Operator": "Northern Natural Gas Co", "Status": "Operating", "Shape_Leng": 0.16060429882, "STATEFP": "27", "STATENS": "00662849", "AFFGEOID": "0400000US27", "GEOID": "27", "STUSPS": "MN", "NAME": "Minnesota", "LSAD": "00", "ALAND": 206228939448, "AWATER": 18945217189 }, "geometry": { "type": "MultiLineString", "coordinates": [ [ [ -93.120256, 44.59008 ], [ -93.278848, 44.615424 ] ] ] } },
{ "type": "Feature", "properties": { "TYPEPIPE": "Interstate", "Operator": "Northern Natural Gas Co", "Status": "Operating", "Shape_Leng": 0.15502702443, "STATEFP": "27", "STATENS": "00662849", "AFFGEOID": "0400000US27", "GEOID": "27", "STUSPS": "MN", "NAME": "Minnesota", "LSAD": "00", "ALAND": 206228939448, "AWATER": 18945217189 }, "geometry": { "type": "MultiLineString", "coordinates": [ [ [ -93.278848, 44.615424 ], [ -93.4304, 44.648064 ] ] ] } },
{ "type": "Feature", "properties": { "TYPEPIPE": "Interstate", "Operator": "Northern Natural Gas Co", "Status": "Operating", "Shape_Leng": 0.0997431325, "STATEFP": "27", "STATENS": "00662849", "AFFGEOID": "0400000US27", "GEOID": "27", "STUSPS": "MN", "NAME": "Minnesota", "LSAD": "00", "ALAND": 206228939448, "AWATER": 18945217189 }, "geometry": { "type": "MultiLineString", "coordinates": [ [ [ -93.999872, 44.715904 ], [ -94.070016, 44.644992 ] ] ] } },
{ "type": "Feature", "properties": { "TYPEPIPE": "Interstate", "Operator": "Northern Natural Gas Co", "Status": "Operating", "Shape_Leng": 0.03970270318, "STATEFP": "27", "STATENS": "00662849", "AFFGEOID": "0400000US27", "GEOID": "27", "STUSPS": "MN", "NAME": "Minnesota", "LSAD": "00", "ALAND": 206228939448, "AWATER": 18945217189 }, "geometry": { "type": "MultiLineString", "coordinates": [ [ [ -94.070016, 44.644992 ], [ -94.040448, 44.618496 ] ] ] } },
{ "type": "Feature", "properties": { "TYPEPIPE": "Interstate", "Operator": "Northern Natural Gas Co", "Status": "Operating", "Shape_Leng": 0.10496070244, "STATEFP": "27", "STATENS": "00662849", "AFFGEOID": "0400000US27", "GEOID": "27", "STUSPS": "MN", "NAME": "Minnesota", "LSAD": "00", "ALAND": 206228939448, "AWATER": 18945217189 }, "geometry": { "type": "MultiLineString", "coordinates": [ [ [ -94.070016, 44.644992 ], [ -94.169856, 44.612608 ] ] ] } },
{ "type": "Feature", "properties": { "TYPEPIPE": "Interstate", "Operator": "Northern Natural Gas Co", "Status": "Operating", "Shape_Leng": 0.04198282925, "STATEFP": "27", "STATENS": "00662849", "AFFGEOID": "0400000US27", "GEOID": "27", "STUSPS": "MN", "NAME": "Minnesota", "LSAD": "00", "ALAND": 206228939448, "AWATER": 18945217189 }, "geometry": { "type": "MultiLineString", "coordinates": [ [ [ -94.169856, 44.612608 ], [ -94.16256, 44.571264 ] ] ] } },
{ "type": "Feature", "properties": { "TYPEPIPE": "Interstate", "Operator": "Northern Natural Gas Co", "Status": "Operating", "Shape_Leng": 0.20906973168000001, "STATEFP": "27", "STATENS": "00662849", "AFFGEOID": "0400000US27", "GEOID": "27", "STUSPS": "MN", "NAME": "Minnesota", "LSAD": "00", "ALAND": 206228939448, "AWATER": 18945217189 }, "geometry": { "type": "MultiLineString", "coordinates": [ [ [ -94.169856, 44.612608 ], [ -94.369536, 44.550656 ] ] ] } },
{ "type": "Feature", "properties": { "TYPEPIPE": "Interstate", "Operator": "Northern Natural Gas Co", "Status": "Operating", "Shape_Leng": 0.09900169081, "STATEFP": "27", "STATENS": "00662849", "AFFGEOID": "0400000US27", "GEOID": "27", "STUSPS": "MN", "NAME": "Minnesota", "LSAD": "00", "ALAND": 206228939448, "AWATER": 18945217189 }, "geometry": { "type": "MultiLineString", "coordinates": [ [ [ -94.007168, 44.79552 ], [ -94.103296, 44.8192 ] ] ] } },
{ "type": "Feature", "properties": { "TYPEPIPE": "Interstate", "Operator": "Northern Natural Gas Co", "Status": "Operating", "Shape_Leng": 0.09768085831, "STATEFP": "27", "STATENS": "00662849", "AFFGEOID": "0400000US27", "GEOID": "27", "STUSPS": "MN", "NAME": "Minnesota", "LSAD": "00", "ALAND": 206228939448, "AWATER": 18945217189 }, "geometry": { "type": "MultiLineString", "coordinates": [ [ [ -94.103296, 44.8192 ], [ -94.096, 44.916608 ] ] ] } },
{ "type": "Feature", "properties": { "TYPEPIPE": "Interstate", "Operator": "Northern Natural Gas Co", "Status": "Operating", "Shape_Leng": 0.092544, "STATEFP": "27", "STATENS": "00662849", "AFFGEOID": "0400000US27", "GEOID": "27", "STUSPS": "MN", "NAME": "Minnesota", "LSAD": "00", "ALAND": 206228939448, "AWATER": 18945217189 }, "geometry": { "type": "MultiLineString", "coordinates": [ [ [ -94.096, 44.916608 ], [ -94.003456, 44.916608 ] ] ] } },
{ "type": "Feature", "properties": { "TYPEPIPE": "Interstate", "Operator": "Northern Natural Gas Co", "Status": "Operating", "Shape_Leng": 0.06512269675, "STATEFP": "27", "STATENS": "00662849", "AFFGEOID": "0400000US27", "GEOID": "27", "STUSPS": "MN", "NAME": "Minnesota", "LSAD": "00", "ALAND": 206228939448, "AWATER": 18945217189 }, "geometry": { "type": "MultiLineString", "coordinates": [ [ [ -94.096, 44.916608 ], [ -94.099584, 44.981632 ] ] ] } },
{ "type": "Feature", "properties": { "TYPEPIPE": "Interstate", "Operator": "Northern Natural Gas Co", "Status": "Operating", "Shape_Leng": 0.05547733231, "STATEFP": "27", "STATENS": "00662849", "AFFGEOID": "0400000US27", "GEOID": "27", "STUSPS": "MN", "NAME": "Minnesota", "LSAD": "00", "ALAND": 206228939448, "AWATER": 18945217189 }, "geometry": { "type": "MultiLineString", "coordinates": [ [ [ -94.103296, 44.8192 ], [ -94.140288, 44.777856 ] ] ] } },
{ "type": "Feature", "properties": { "TYPEPIPE": "Interstate", "Operator": "Northern Natural Gas Co", "Status": "Operating", "Shape_Leng": 0.20370495244, "STATEFP": "27", "STATENS": "00662849", "AFFGEOID": "0400000US27", "GEOID": "27", "STUSPS": "MN", "NAME": "Minnesota", "LSAD": "00", "ALAND": 206228939448, "AWATER": 18945217189 }, "geometry": { "type": "MultiLineString", "coordinates": [ [ [ -94.103296, 44.8192 ], [ -94.288128, 44.904832 ] ] ] } },
{ "type": "Feature", "properties": { "TYPEPIPE": "Interstate", "Operator": "Northern Natural Gas Co", "Status": "Operating", "Shape_Leng": 0.08655261188, "STATEFP": "27", "STATENS": "00662849", "AFFGEOID": "0400000US27", "GEOID": "27", "STUSPS": "MN", "NAME": "Minnesota", "LSAD": "00", "ALAND": 206228939448, "AWATER": 18945217189 }, "geometry": { "type": "MultiLineString", "coordinates": [ [ [ -94.288128, 44.904832 ], [ -94.365696, 44.866432 ] ] ] } },
{ "type": "Feature", "properties": { "TYPEPIPE": "Interstate", "Operator": "Northern Natural Gas Co", "Status": "Operating", "Shape_Leng": 0.12411222174, "STATEFP": "27", "STATENS": "00662849", "AFFGEOID": "0400000US27", "GEOID": "27", "STUSPS": "MN", "NAME": "Minnesota", "LSAD": "00", "ALAND": 206228939448, "AWATER": 18945217189 }, "geometry": { "type": "MultiLineString", "coordinates": [ [ [ -94.288128, 44.904832 ], [ -94.387968, 44.97856 ] ] ] } },
{ "type": "Feature", "properties": { "TYPEPIPE": "Interstate", "Operator": "Northern Natural Gas Co", "Status": "Operating", "Shape_Leng": 0.1184, "STATEFP": "27", "STATENS": "00662849", "AFFGEOID": "0400000US27", "GEOID": "27", "STUSPS": "MN", "NAME": "Minnesota", "LSAD": "00", "ALAND": 206228939448, "AWATER": 18945217189 }, "geometry": { "type": "MultiLineString", "coordinates": [ [ [ -94.387968, 44.97856 ], [ -94.506368, 44.97856 ] ] ] } },
{ "type": "Feature", "properties": { "TYPEPIPE": "Interstate", "Operator": "Northern Natural Gas Co", "Status": "Operating", "Shape_Leng": 0.1491557588, "STATEFP": "27", "STATENS": "00662849", "AFFGEOID": "0400000US27", "GEOID": "27", "STUSPS": "MN", "NAME": "Minnesota", "LSAD": "00", "ALAND": 206228939448, "AWATER": 18945217189 }, "geometry": { "type": "MultiLineString", "coordinates": [ [ [ -94.506368, 44.97856 ], [ -94.650496, 45.01696 ] ] ] } },
{ "type": "Feature", "properties": { "TYPEPIPE": "Interstate", "Operator": "Northern Natural Gas Co", "Status": "Operating", "Shape_Leng": 0.19681430842, "STATEFP": "27", "STATENS": "00662849", "AFFGEOID": "0400000US27", "GEOID": "27", "STUSPS": "MN", "NAME": "Minnesota", "LSAD": "00", "ALAND": 206228939448, "AWATER": 18945217189 }, "geometry": { "type": "MultiLineString", "coordinates": [ [ [ -94.650496, 45.01696 ], [ -94.502656, 45.14688 ] ] ] } },
{ "type": "Feature", "properties": { "TYPEPIPE": "Interstate", "Operator": "Northern Natural Gas Co", "Status": "Operating", "Shape_Leng": 0.28753632362999998, "STATEFP": "27", "STATENS": "00662849", "AFFGEOID": "0400000US27", "GEOID": "27", "STUSPS": "MN", "NAME": "Minnesota", "LSAD": "00", "ALAND": 206228939448, "AWATER": 18945217189 }, "geometry": { "type": "MultiLineString", "coordinates": [ [ [ -93.245696, 44.194816 ], [ -93.160704, 44.469504 ] ] ] } },
{ "type": "Feature", "properties": { "TYPEPIPE": "Interstate", "Operator": "Northern Natural Gas Co", "Status": "Operating", "Shape_Leng": 0.0384, "STATEFP": "27", "STATENS": "00662849", "AFFGEOID": "0400000US27", "GEOID": "27", "STUSPS": "MN", "NAME": "Minnesota", "LSAD": "00", "ALAND": 206228939448, "AWATER": 18945217189 }, "geometry": { "type": "MultiLineString", "coordinates": [ [ [ -93.202432, 45.805568 ], [ -93.202432, 45.767168 ] ] ] } },
{ "type": "Feature", "properties": { "TYPEPIPE": "Interstate", "Operator": "Northern Natural Gas Co", "Status": "Operating", "Shape_Leng": 0.074496, "STATEFP": "27", "STATENS": "00662849", "AFFGEOID": "0400000US27", "GEOID": "27", "STUSPS": "MN", "NAME": "Minnesota", "LSAD": "00", "ALAND": 206228939448, "AWATER": 18945217189 }, "geometry": { "type": "MultiLineString", "coordinates": [ [ [ -93.202432, 45.805568 ], [ -93.276928, 45.805568 ] ] ] } },
{ "type": "Feature", "properties": { "TYPEPIPE": "Interstate", "Operator": "Northern Natural Gas Co", "Status": "Operating", "Shape_Leng": 0.07054408767000001, "STATEFP": "27", "STATENS": "00662849", "AFFGEOID": "0400000US27", "GEOID": "27", "STUSPS": "MN", "NAME": "Minnesota", "LSAD": "00", "ALAND": 206228939448, "AWATER": 18945217189 }, "geometry": { "type": "MultiLineString", "coordinates": [ [ [ -94.06554, 45.655969 ], [ -94.088448, 45.589248 ] ] ] } },
{ "type": "Feature", "properties": { "TYPEPIPE": "Interstate", "Operator": "Northern Natural Gas Co", "Status": "Operating", "Shape_Leng": 0.07890657564, "STATEFP": "27", "STATENS": "00662849", "AFFGEOID": "0400000US27", "GEOID": "27", "STUSPS": "MN", "NAME": "Minnesota", "LSAD": "00", "ALAND": 206228939448, "AWATER": 18945217189 }, "geometry": { "type": "MultiLineString", "coordinates": [ [ [ -94.088448, 45.589248 ], [ -94.166784, 45.579776 ] ] ] } },
{ "type": "Feature", "properties": { "TYPEPIPE": "Interstate", "Operator": "Northern Natural Gas Co", "Status": "Operating", "Shape_Leng": 0.20342868895, "STATEFP": "27", "STATENS": "00662849", "AFFGEOID": "0400000US27", "GEOID": "27", "STUSPS": "MN", "NAME": "Minnesota", "LSAD": "00", "ALAND": 206228939448, "AWATER": 18945217189 }, "geometry": { "type": "MultiLineString", "coordinates": [ [ [ -94.166784, 45.579776 ], [ -94.281216, 45.411584 ] ] ] } },
{ "type": "Feature", "properties": { "TYPEPIPE": "Interstate", "Operator": "Northern Natural Gas Co", "Status": "Operating", "Shape_Leng": 0.17866392339000001, "STATEFP": "27", "STATENS": "00662849", "AFFGEOID": "0400000US27", "GEOID": "27", "STUSPS": "MN", "NAME": "Minnesota", "LSAD": "00", "ALAND": 206228939448, "AWATER": 18945217189 }, "geometry": { "type": "MultiLineString", "coordinates": [ [ [ -94.06554, 45.655969 ], [ -94.136576, 45.819904 ] ] ] } },
{ "type": "Feature", "properties": { "TYPEPIPE": "Interstate", "Operator": "Northern Natural Gas Co", "Status": "Operating", "Shape_Leng": 0.0967510673, "STATEFP": "27", "STATENS": "00662849", "AFFGEOID": "0400000US27", "GEOID": "27", "STUSPS": "MN", "NAME": "Minnesota", "LSAD": "00", "ALAND": 206228939448, "AWATER": 18945217189 }, "geometry": { "type": "MultiLineString", "coordinates": [ [ [ -94.136576, 45.819904 ], [ -94.148608, 45.915904 ] ] ] } },
{ "type": "Feature", "properties": { "TYPEPIPE": "Interstate", "Operator": "Northern Natural Gas Co", "Status": "Operating", "Shape_Leng": 0.26522650075999998, "STATEFP": "27", "STATENS": "00662849", "AFFGEOID": "0400000US27", "GEOID": "27", "STUSPS": "MN", "NAME": "Minnesota", "LSAD": "00", "ALAND": 206228939448, "AWATER": 18945217189 }, "geometry": { "type": "MultiLineString", "coordinates": [ [ [ -94.376743, 45.911556 ], [ -94.64192, 45.906432 ] ] ] } },
{ "type": "Feature", "properties": { "TYPEPIPE": "Interstate", "Operator": "Northern Natural Gas Co", "Status": "Operating", "Shape_Leng": 0.05889613692, "STATEFP": "27", "STATENS": "00662849", "AFFGEOID": "0400000US27", "GEOID": "27", "STUSPS": "MN", "NAME": "Minnesota", "LSAD": "00", "ALAND": 206228939448, "AWATER": 18945217189 }, "geometry": { "type": "MultiLineString", "coordinates": [ [ [ -94.563584, 45.641984 ], [ -94.575872, 45.584384 ] ] ] } },
{ "type": "Feature", "properties": { "TYPEPIPE": "Interstate", "Operator": "Northern Natural Gas Co", "Status": "Operating", "Shape_Leng": 0.24156011326, "STATEFP": "27", "STATENS": "00662849", "AFFGEOID": "0400000US27", "GEOID": "27", "STUSPS": "MN", "NAME": "Minnesota", "LSAD": "00", "ALAND": 206228939448, "AWATER": 18945217189 }, "geometry": { "type": "MultiLineString", "coordinates": [ [ [ -94.148608, 45.915904 ], [ -94.1248, 46.156288 ] ] ] } },
{ "type": "Feature", "properties": { "TYPEPIPE": "Interstate", "Operator": "Northern Natural Gas Co", "Status": "Operating", "Shape_Leng": 0.25509420553000001, "STATEFP": "27", "STATENS": "00662849", "AFFGEOID": "0400000US27", "GEOID": "27", "STUSPS": "MN", "NAME": "Minnesota", "LSAD": "00", "ALAND": 206228939448, "AWATER": 18945217189 }, "geometry": { "type": "MultiLineString", "coordinates": [ [ [ -94.1248, 46.156288 ], [ -94.14272, 46.410752 ] ] ] } },
{ "type": "Feature", "properties": { "TYPEPIPE": "Interstate", "Operator": "Northern Natural Gas Co", "Status": "Operating", "Shape_Leng": 0.15032454277000001, "STATEFP": "27", "STATENS": "00662849", "AFFGEOID": "0400000US27", "GEOID": "27", "STUSPS": "MN", "NAME": "Minnesota", "LSAD": "00", "ALAND": 206228939448, "AWATER": 18945217189 }, "geometry": { "type": "MultiLineString", "coordinates": [ [ [ -94.14272, 46.410752 ], [ -94.016512, 46.492416 ] ] ] } },
{ "type": "Feature", "properties": { "TYPEPIPE": "Interstate", "Operator": "Northern Natural Gas Co", "Status": "Operating", "Shape_Leng": 0.10026379797, "STATEFP": "27", "STATENS": "00662849", "AFFGEOID": "0400000US27", "GEOID": "27", "STUSPS": "MN", "NAME": "Minnesota", "LSAD": "00", "ALAND": 206228939448, "AWATER": 18945217189 }, "geometry": { "type": "MultiLineString", "coordinates": [ [ [ -94.14272, 46.410752 ], [ -94.23872, 46.43968 ] ] ] } },
{ "type": "Feature", "properties": { "TYPEPIPE": "Interstate", "Operator": "Northern Natural Gas Co", "Status": "Operating", "Shape_Leng": 0.062464, "STATEFP": "27", "STATENS": "00662849", "AFFGEOID": "0400000US27", "GEOID": "27", "STUSPS": "MN", "NAME": "Minnesota", "LSAD": "00", "ALAND": 206228939448, "AWATER": 18945217189 }, "geometry": { "type": "MultiLineString", "coordinates": [ [ [ -93.565184, 45.498112 ], [ -93.565184, 45.560576 ] ] ] } },
{ "type": "Feature", "properties": { "TYPEPIPE": "Interstate", "Operator": "Northern Natural Gas Co", "Status": "Operating", "Shape_Leng": 0.06251067109, "STATEFP": "27", "STATENS": "00662849", "AFFGEOID": "0400000US27", "GEOID": "27", "STUSPS": "MN", "NAME": "Minnesota", "LSAD": "00", "ALAND": 206228939448, "AWATER": 18945217189 }, "geometry": { "type": "MultiLineString", "coordinates": [ [ [ -93.174016, 45.54112 ], [ -93.167872, 45.478912 ] ] ] } },
{ "type": "Feature", "properties": { "TYPEPIPE": "Interstate", "Operator": "Northern Natural Gas Co", "Status": "Operating", "Shape_Leng": 0.33272841075999998, "STATEFP": "27", "STATENS": "00662849", "AFFGEOID": "0400000US27", "GEOID": "27", "STUSPS": "MN", "NAME": "Minnesota", "LSAD": "00", "ALAND": 206228939448, "AWATER": 18945217189 }, "geometry": { "type": "MultiLineString", "coordinates": [ [ [ -93.174016, 45.54112 ], [ -93.505024, 45.574912 ] ] ] } },
{ "type": "Feature", "properties": { "TYPEPIPE": "Interstate", "Operator": "Northern Natural Gas Co", "Status": "Operating", "Shape_Leng": 0.06184453489, "STATEFP": "27", "STATENS": "00662849", "AFFGEOID": "0400000US27", "GEOID": "27", "STUSPS": "MN", "NAME": "Minnesota", "LSAD": "00", "ALAND": 206228939448, "AWATER": 18945217189 }, "geometry": { "type": "MultiLineString", "coordinates": [ [ [ -93.505024, 45.574912 ], [ -93.565184, 45.560576 ] ] ] } },
{ "type": "Feature", "properties": { "TYPEPIPE": "Interstate", "Operator": "Northern Natural Gas Co", "Status": "Operating", "Shape_Leng": 0.20046107748, "STATEFP": "27", "STATENS": "00662849", "AFFGEOID": "0400000US27", "GEOID": "27", "STUSPS": "MN", "NAME": "Minnesota", "LSAD": "00", "ALAND": 206228939448, "AWATER": 18945217189 }, "geometry": { "type": "MultiLineString", "coordinates": [ [ [ -93.565184, 45.560576 ], [ -93.763584, 45.589248 ] ] ] } },
{ "type": "Feature", "properties": { "TYPEPIPE": "Interstate", "Operator": "Northern Natural Gas Co", "Status": "Operating", "Shape_Leng": 0.07848686127, "STATEFP": "27", "STATENS": "00662849", "AFFGEOID": "0400000US27", "GEOID": "27", "STUSPS": "MN", "NAME": "Minnesota", "LSAD": "00", "ALAND": 206228939448, "AWATER": 18945217189 }, "geometry": { "type": "MultiLineString", "coordinates": [ [ [ -93.763584, 45.589248 ], [ -93.84192, 45.594112 ] ] ] } },
{ "type": "Feature", "properties": { "TYPEPIPE": "Interstate", "Operator": "Northern Natural Gas Co", "Status": "Operating", "Shape_Leng": 0.062464, "STATEFP": "27", "STATENS": "00662849", "AFFGEOID": "0400000US27", "GEOID": "27", "STUSPS": "MN", "NAME": "Minnesota", "LSAD": "00", "ALAND": 206228939448, "AWATER": 18945217189 }, "geometry": { "type": "MultiLineString", "coordinates": [ [ [ -93.84192, 45.594112 ], [ -93.84192, 45.656576 ] ] ] } },
{ "type": "Feature", "properties": { "TYPEPIPE": "Interstate", "Operator": "Northern Natural Gas Co", "Status": "Operating", "Shape_Leng": 0.23201765633, "STATEFP": "27", "STATENS": "00662849", "AFFGEOID": "0400000US27", "GEOID": "27", "STUSPS": "MN", "NAME": "Minnesota", "LSAD": "00", "ALAND": 206228939448, "AWATER": 18945217189 }, "geometry": { "type": "MultiLineString", "coordinates": [ [ [ -93.84192, 45.594112 ], [ -94.06554, 45.655969 ] ] ] } },
{ "type": "Feature", "properties": { "TYPEPIPE": "Interstate", "Operator": "Northern Natural Gas Co", "Status": "Operating", "Shape_Leng": 0.11291457444, "STATEFP": "27", "STATENS": "00662849", "AFFGEOID": "0400000US27", "GEOID": "27", "STUSPS": "MN", "NAME": "Minnesota", "LSAD": "00", "ALAND": 206228939448, "AWATER": 18945217189 }, "geometry": { "type": "MultiLineString", "coordinates": [ [ [ -95.743232, 45.459712 ], [ -95.845376, 45.411584 ] ] ] } },
{ "type": "Feature", "properties": { "TYPEPIPE": "Interstate", "Operator": "Northern Natural Gas Co", "Status": "Operating", "Shape_Leng": 0.09193929127, "STATEFP": "27", "STATENS": "00662849", "AFFGEOID": "0400000US27", "GEOID": "27", "STUSPS": "MN", "NAME": "Minnesota", "LSAD": "00", "ALAND": 206228939448, "AWATER": 18945217189 }, "geometry": { "type": "MultiLineString", "coordinates": [ [ [ -95.743232, 45.459712 ], [ -95.664896, 45.411584 ] ] ] } },
{ "type": "Feature", "properties": { "TYPEPIPE": "Interstate", "Operator": "Northern Natural Gas Co", "Status": "Operating", "Shape_Leng": 0.20501892299, "STATEFP": "27", "STATENS": "00662849", "AFFGEOID": "0400000US27", "GEOID": "27", "STUSPS": "MN", "NAME": "Minnesota", "LSAD": "00", "ALAND": 206228939448, "AWATER": 18945217189 }, "geometry": { "type": "MultiLineString", "coordinates": [ [ [ -95.664896, 45.411584 ], [ -95.502336, 45.286656 ] ] ] } },
{ "type": "Feature", "properties": { "TYPEPIPE": "Interstate", "Operator": "Northern Natural Gas Co", "Status": "Operating", "Shape_Leng": 0.1570580167, "STATEFP": "27", "STATENS": "00662849", "AFFGEOID": "0400000US27", "GEOID": "27", "STUSPS": "MN", "NAME": "Minnesota", "LSAD": "00", "ALAND": 206228939448, "AWATER": 18945217189 }, "geometry": { "type": "MultiLineString", "coordinates": [ [ [ -95.868809, 44.275591 ], [ -95.826176, 44.426752 ] ] ] } },
{ "type": "Feature", "properties": { "TYPEPIPE": "Interstate", "Operator": "Northern Natural Gas Co", "Status": "Operating", "Shape_Leng": 0.19069070379, "STATEFP": "27", "STATENS": "00662849", "AFFGEOID": "0400000US27", "GEOID": "27", "STUSPS": "MN", "NAME": "Minnesota", "LSAD": "00", "ALAND": 206228939448, "AWATER": 18945217189 }, "geometry": { "type": "MultiLineString", "coordinates": [ [ [ -95.826176, 44.426752 ], [ -95.695232, 44.565376 ] ] ] } },
{ "type": "Feature", "properties": { "TYPEPIPE": "Interstate", "Operator": "Northern Natural Gas Co", "Status": "Operating", "Shape_Leng": 0.09652048769, "STATEFP": "27", "STATENS": "00662849", "AFFGEOID": "0400000US27", "GEOID": "27", "STUSPS": "MN", "NAME": "Minnesota", "LSAD": "00", "ALAND": 206228939448, "AWATER": 18945217189 }, "geometry": { "type": "MultiLineString", "coordinates": [ [ [ -95.695232, 44.565376 ], [ -95.786112, 44.597888 ] ] ] } },
{ "type": "Feature", "properties": { "TYPEPIPE": "Interstate", "Operator": "Northern Natural Gas Co", "Status": "Operating", "Shape_Leng": 0.10075258822, "STATEFP": "27", "STATENS": "00662849", "AFFGEOID": "0400000US27", "GEOID": "27", "STUSPS": "MN", "NAME": "Minnesota", "LSAD": "00", "ALAND": 206228939448, "AWATER": 18945217189 }, "geometry": { "type": "MultiLineString", "coordinates": [ [ [ -95.695232, 44.565376 ], [ -95.607936, 44.61568 ] ] ] } },
{ "type": "Feature", "properties": { "TYPEPIPE": "Interstate", "Operator": "Northern Natural Gas Co", "Status": "Operating", "Shape_Leng": 0.146086137, "STATEFP": "27", "STATENS": "00662849", "AFFGEOID": "0400000US27", "GEOID": "27", "STUSPS": "MN", "NAME": "Minnesota", "LSAD": "00", "ALAND": 206228939448, "AWATER": 18945217189 }, "geometry": { "type": "MultiLineString", "coordinates": [ [ [ -95.607936, 44.61568 ], [ -95.469696, 44.662912 ] ] ] } },
{ "type": "Feature", "properties": { "TYPEPIPE": "Interstate", "Operator": "Northern Natural Gas Co", "Status": "Operating", "Shape_Leng": 0.05613482285, "STATEFP": "27", "STATENS": "00662849", "AFFGEOID": "0400000US27", "GEOID": "27", "STUSPS": "MN", "NAME": "Minnesota", "LSAD": "00", "ALAND": 206228939448, "AWATER": 18945217189 }, "geometry": { "type": "MultiLineString", "coordinates": [ [ [ -95.469696, 44.662912 ], [ -95.426176, 44.627456 ] ] ] } },
{ "type": "Feature", "properties": { "TYPEPIPE": "Interstate", "Operator": "Northern Natural Gas Co", "Status": "Operating", "Shape_Leng": 0.06968292256, "STATEFP": "27", "STATENS": "00662849", "AFFGEOID": "0400000US27", "GEOID": "27", "STUSPS": "MN", "NAME": "Minnesota", "LSAD": "00", "ALAND": 206228939448, "AWATER": 18945217189 }, "geometry": { "type": "MultiLineString", "coordinates": [ [ [ -95.426176, 44.627456 ], [ -95.36064, 44.603776 ] ] ] } },
{ "type": "Feature", "properties": { "TYPEPIPE": "Interstate", "Operator": "Northern Natural Gas Co", "Status": "Operating", "Shape_Leng": 0.09381666547, "STATEFP": "27", "STATENS": "00662849", "AFFGEOID": "0400000US27", "GEOID": "27", "STUSPS": "MN", "NAME": "Minnesota", "LSAD": "00", "ALAND": 206228939448, "AWATER": 18945217189 }, "geometry": { "type": "MultiLineString", "coordinates": [ [ [ -95.36064, 44.603776 ], [ -95.287808, 44.662912 ] ] ] } },
{ "type": "Feature", "properties": { "TYPEPIPE": "Interstate", "Operator": "Northern Natural Gas Co", "Status": "Operating", "Shape_Leng": 0.3112381262, "STATEFP": "27", "STATENS": "00662849", "AFFGEOID": "0400000US27", "GEOID": "27", "STUSPS": "MN", "NAME": "Minnesota", "LSAD": "00", "ALAND": 206228939448, "AWATER": 18945217189 }, "geometry": { "type": "MultiLineString", "coordinates": [ [ [ -95.36064, 44.603776 ], [ -95.062272, 44.5152 ] ] ] } },
{ "type": "Feature", "properties": { "TYPEPIPE": "Interstate", "Operator": "Northern Natural Gas Co", "Status": "Operating", "Shape_Leng": 0.12837379022000001, "STATEFP": "27", "STATENS": "00662849", "AFFGEOID": "0400000US27", "GEOID": "27", "STUSPS": "MN", "NAME": "Minnesota", "LSAD": "00", "ALAND": 206228939448, "AWATER": 18945217189 }, "geometry": { "type": "MultiLineString", "coordinates": [ [ [ -95.469696, 44.662912 ], [ -95.568, 44.745472 ] ] ] } },
{ "type": "Feature", "properties": { "TYPEPIPE": "Interstate", "Operator": "Northern Natural Gas Co", "Status": "Operating", "Shape_Leng": 0.04677800235, "STATEFP": "27", "STATENS": "00662849", "AFFGEOID": "0400000US27", "GEOID": "27", "STUSPS": "MN", "NAME": "Minnesota", "LSAD": "00", "ALAND": 206228939448, "AWATER": 18945217189 }, "geometry": { "type": "MultiLineString", "coordinates": [ [ [ -95.568, 44.745472 ], [ -95.531648, 44.774912 ] ] ] } },
{ "type": "Feature", "properties": { "TYPEPIPE": "Interstate", "Operator": "Northern Natural Gas Co", "Status": "Operating", "Shape_Leng": 0.19768542283000001, "STATEFP": "27", "STATENS": "00662849", "AFFGEOID": "0400000US27", "GEOID": "27", "STUSPS": "MN", "NAME": "Minnesota", "LSAD": "00", "ALAND": 206228939448, "AWATER": 18945217189 }, "geometry": { "type": "MultiLineString", "coordinates": [ [ [ -95.568, 44.745472 ], [ -95.746176, 44.831104 ] ] ] } },
{ "type": "Feature", "properties": { "TYPEPIPE": "Interstate", "Operator": "Northern Natural Gas Co", "Status": "Operating", "Shape_Leng": 0.09423625663, "STATEFP": "27", "STATENS": "00662849", "AFFGEOID": "0400000US27", "GEOID": "27", "STUSPS": "MN", "NAME": "Minnesota", "LSAD": "00", "ALAND": 206228939448, "AWATER": 18945217189 }, "geometry": { "type": "MultiLineString", "coordinates": [ [ [ -95.746176, 44.831104 ], [ -95.680768, 44.898944 ] ] ] } },
{ "type": "Feature", "properties": { "TYPEPIPE": "Interstate", "Operator": "Northern Natural Gas Co", "Status": "Operating", "Shape_Leng": 0.03919329902, "STATEFP": "27", "STATENS": "00662849", "AFFGEOID": "0400000US27", "GEOID": "27", "STUSPS": "MN", "NAME": "Minnesota", "LSAD": "00", "ALAND": 206228939448, "AWATER": 18945217189 }, "geometry": { "type": "MultiLineString", "coordinates": [ [ [ -95.680768, 44.898944 ], [ -95.65888, 44.931456 ] ] ] } },
{ "type": "Feature", "properties": { "TYPEPIPE": "Interstate", "Operator": "Northern Natural Gas Co", "Status": "Operating", "Shape_Leng": 0.12232086121000001, "STATEFP": "27", "STATENS": "00662849", "AFFGEOID": "0400000US27", "GEOID": "27", "STUSPS": "MN", "NAME": "Minnesota", "LSAD": "00", "ALAND": 206228939448, "AWATER": 18945217189 }, "geometry": { "type": "MultiLineString", "coordinates": [ [ [ -95.746176, 44.831104 ], [ -95.851648, 44.769152 ] ] ] } },
{ "type": "Feature", "properties": { "TYPEPIPE": "Interstate", "Operator": "Northern Natural Gas Co", "Status": "Operating", "Shape_Leng": 0.10438225382000001, "STATEFP": "27", "STATENS": "00662849", "AFFGEOID": "0400000US27", "GEOID": "27", "STUSPS": "MN", "NAME": "Minnesota", "LSAD": "00", "ALAND": 206228939448, "AWATER": 18945217189 }, "geometry": { "type": "MultiLineString", "coordinates": [ [ [ -95.746176, 44.831104 ], [ -95.844352, 44.86656 ] ] ] } },
{ "type": "Feature", "properties": { "TYPEPIPE": "Interstate", "Operator": "Northern Natural Gas Co", "Status": "Operating", "Shape_Leng": 0.05578509622, "STATEFP": "27", "STATENS": "00662849", "AFFGEOID": "0400000US27", "GEOID": "27", "STUSPS": "MN", "NAME": "Minnesota", "LSAD": "00", "ALAND": 206228939448, "AWATER": 18945217189 }, "geometry": { "type": "MultiLineString", "coordinates": [ [ [ -95.844352, 44.86656 ], [ -95.89888, 44.878336 ] ] ] } },
{ "type": "Feature", "properties": { "TYPEPIPE": "Interstate", "Operator": "Northern Natural Gas Co", "Status": "Operating", "Shape_Leng": 0.06379538491, "STATEFP": "27", "STATENS": "00662849", "AFFGEOID": "0400000US27", "GEOID": "27", "STUSPS": "MN", "NAME": "Minnesota", "LSAD": "00", "ALAND": 206228939448, "AWATER": 18945217189 }, "geometry": { "type": "MultiLineString", "coordinates": [ [ [ -95.89888, 44.878336 ], [ -95.949824, 44.839936 ] ] ] } },
{ "type": "Feature", "properties": { "TYPEPIPE": "Interstate", "Operator": "Northern Natural Gas Co", "Status": "Operating", "Shape_Leng": 0.15745664953, "STATEFP": "27", "STATENS": "00662849", "AFFGEOID": "0400000US27", "GEOID": "27", "STUSPS": "MN", "NAME": "Minnesota", "LSAD": "00", "ALAND": 206228939448, "AWATER": 18945217189 }, "geometry": { "type": "MultiLineString", "coordinates": [ [ [ -95.89888, 44.878336 ], [ -96.048128, 44.928512 ] ] ] } },
{ "type": "Feature", "properties": { "TYPEPIPE": "Interstate", "Operator": "Northern Natural Gas Co", "Status": "Operating", "Shape_Leng": 0.04443278069, "STATEFP": "27", "STATENS": "00662849", "AFFGEOID": "0400000US27", "GEOID": "27", "STUSPS": "MN", "NAME": "Minnesota", "LSAD": "00", "ALAND": 206228939448, "AWATER": 18945217189 }, "geometry": { "type": "MultiLineString", "coordinates": [ [ [ -96.048128, 44.928512 ], [ -96.051712, 44.9728 ] ] ] } },
{ "type": "Feature", "properties": { "TYPEPIPE": "Interstate", "Operator": "Northern Natural Gas Co", "Status": "Operating", "Shape_Leng": 0.09536850432000001, "STATEFP": "27", "STATENS": "00662849", "AFFGEOID": "0400000US27", "GEOID": "27", "STUSPS": "MN", "NAME": "Minnesota", "LSAD": "00", "ALAND": 206228939448, "AWATER": 18945217189 }, "geometry": { "type": "MultiLineString", "coordinates": [ [ [ -95.469696, 44.662912 ], [ -95.3824, 44.701312 ] ] ] } },
{ "type": "Feature", "properties": { "TYPEPIPE": "Interstate", "Operator": "Northern Natural Gas Co", "Status": "Operating", "Shape_Leng": 0.07200406744, "STATEFP": "27", "STATENS": "00662849", "AFFGEOID": "0400000US27", "GEOID": "27", "STUSPS": "MN", "NAME": "Minnesota", "LSAD": "00", "ALAND": 206228939448, "AWATER": 18945217189 }, "geometry": { "type": "MultiLineString", "coordinates": [ [ [ -95.3824, 44.701312 ], [ -95.313408, 44.72192 ] ] ] } },
{ "type": "Feature", "properties": { "TYPEPIPE": "Interstate", "Operator": "Northern Natural Gas Co", "Status": "Operating", "Shape_Leng": 0.0464684075, "STATEFP": "27", "STATENS": "00662849", "AFFGEOID": "0400000US27", "GEOID": "27", "STUSPS": "MN", "NAME": "Minnesota", "LSAD": "00", "ALAND": 206228939448, "AWATER": 18945217189 }, "geometry": { "type": "MultiLineString", "coordinates": [ [ [ -95.313408, 44.72192 ], [ -95.327872, 44.76608 ] ] ] } },
{ "type": "Feature", "properties": { "TYPEPIPE": "Interstate", "Operator": "Northern Natural Gas Co", "Status": "Operating", "Shape_Leng": 0.10549133803000001, "STATEFP": "27", "STATENS": "00662849", "AFFGEOID": "0400000US27", "GEOID": "27", "STUSPS": "MN", "NAME": "Minnesota", "LSAD": "00", "ALAND": 206228939448, "AWATER": 18945217189 }, "geometry": { "type": "MultiLineString", "coordinates": [ [ [ -95.313408, 44.72192 ], [ -95.215104, 44.760192 ] ] ] } },
{ "type": "Feature", "properties": { "TYPEPIPE": "Interstate", "Operator": "Northern Natural Gas Co", "Status": "Operating", "Shape_Leng": 0.05050212384, "STATEFP": "27", "STATENS": "00662849", "AFFGEOID": "0400000US27", "GEOID": "27", "STUSPS": "MN", "NAME": "Minnesota", "LSAD": "00", "ALAND": 206228939448, "AWATER": 18945217189 }, "geometry": { "type": "MultiLineString", "coordinates": [ [ [ -95.215104, 44.760192 ], [ -95.18592, 44.718976 ] ] ] } },
{ "type": "Feature", "properties": { "TYPEPIPE": "Interstate", "Operator": "Northern Natural Gas Co", "Status": "Operating", "Shape_Leng": 0.1538635073, "STATEFP": "27", "STATENS": "00662849", "AFFGEOID": "0400000US27", "GEOID": "27", "STUSPS": "MN", "NAME": "Minnesota", "LSAD": "00", "ALAND": 206228939448, "AWATER": 18945217189 }, "geometry": { "type": "MultiLineString", "coordinates": [ [ [ -95.215104, 44.760192 ], [ -95.069696, 44.810496 ] ] ] } },
{ "type": "Feature", "properties": { "TYPEPIPE": "Interstate", "Operator": "Northern Natural Gas Co", "Status": "Operating", "Shape_Leng": 0.0771579923, "STATEFP": "27", "STATENS": "00662849", "AFFGEOID": "0400000US27", "GEOID": "27", "STUSPS": "MN", "NAME": "Minnesota", "LSAD": "00", "ALAND": 206228939448, "AWATER": 18945217189 }, "geometry": { "type": "MultiLineString", "coordinates": [ [ [ -95.069696, 44.810496 ], [ -95.062272, 44.733696 ] ] ] } },
{ "type": "Feature", "properties": { "TYPEPIPE": "Interstate", "Operator": "Northern Natural Gas Co", "Status": "Operating", "Shape_Leng": 0.13248154589, "STATEFP": "27", "STATENS": "00662849", "AFFGEOID": "0400000US27", "GEOID": "27", "STUSPS": "MN", "NAME": "Minnesota", "LSAD": "00", "ALAND": 206228939448, "AWATER": 18945217189 }, "geometry": { "type": "MultiLineString", "coordinates": [ [ [ -95.069696, 44.810496 ], [ -94.94592, 44.857728 ] ] ] } },
{ "type": "Feature", "properties": { "TYPEPIPE": "Interstate", "Operator": "Northern Natural Gas Co", "Status": "Operating", "Shape_Leng": 0.12958917486, "STATEFP": "27", "STATENS": "00662849", "AFFGEOID": "0400000US27", "GEOID": "27", "STUSPS": "MN", "NAME": "Minnesota", "LSAD": "00", "ALAND": 206228939448, "AWATER": 18945217189 }, "geometry": { "type": "MultiLineString", "coordinates": [ [ [ -94.94592, 44.857728 ], [ -94.851328, 44.769152 ] ] ] } },
{ "type": "Feature", "properties": { "TYPEPIPE": "Interstate", "Operator": "Northern Natural Gas Co", "Status": "Operating", "Shape_Leng": 0.14912, "STATEFP": "27", "STATENS": "00662849", "AFFGEOID": "0400000US27", "GEOID": "27", "STUSPS": "MN", "NAME": "Minnesota", "LSAD": "00", "ALAND": 206228939448, "AWATER": 18945217189 }, "geometry": { "type": "MultiLineString", "coordinates": [ [ [ -94.851328, 44.769152 ], [ -94.702208, 44.769152 ] ] ] } },
{ "type": "Feature", "properties": { "TYPEPIPE": "Interstate", "Operator": "Northern Natural Gas Co", "Status": "Operating", "Shape_Leng": 0.08083278543, "STATEFP": "27", "STATENS": "00662849", "AFFGEOID": "0400000US27", "GEOID": "27", "STUSPS": "MN", "NAME": "Minnesota", "LSAD": "00", "ALAND": 206228939448, "AWATER": 18945217189 }, "geometry": { "type": "MultiLineString", "coordinates": [ [ [ -94.94592, 44.857728 ], [ -94.873216, 44.893056 ] ] ] } },
{ "type": "Feature", "properties": { "TYPEPIPE": "Interstate", "Operator": "Northern Natural Gas Co", "Status": "Operating", "Shape_Leng": 0.12342711534, "STATEFP": "27", "STATENS": "00662849", "AFFGEOID": "0400000US27", "GEOID": "27", "STUSPS": "MN", "NAME": "Minnesota", "LSAD": "00", "ALAND": 206228939448, "AWATER": 18945217189 }, "geometry": { "type": "MultiLineString", "coordinates": [ [ [ -94.873216, 44.893056 ], [ -94.760448, 44.943232 ] ] ] } },
{ "type": "Feature", "properties": { "TYPEPIPE": "Interstate", "Operator": "Northern Natural Gas Co", "Status": "Operating", "Shape_Leng": 0.08209142065, "STATEFP": "27", "STATENS": "00662849", "AFFGEOID": "0400000US27", "GEOID": "27", "STUSPS": "MN", "NAME": "Minnesota", "LSAD": "00", "ALAND": 206228939448, "AWATER": 18945217189 }, "geometry": { "type": "MultiLineString", "coordinates": [ [ [ -94.760448, 44.943232 ], [ -94.691328, 44.98752 ] ] ] } },
{ "type": "Feature", "properties": { "TYPEPIPE": "Interstate", "Operator": "Northern Natural Gas Co", "Status": "Operating", "Shape_Leng": 0.05033851233, "STATEFP": "27", "STATENS": "00662849", "AFFGEOID": "0400000US27", "GEOID": "27", "STUSPS": "MN", "NAME": "Minnesota", "LSAD": "00", "ALAND": 206228939448, "AWATER": 18945217189 }, "geometry": { "type": "MultiLineString", "coordinates": [ [ [ -94.650496, 45.01696 ], [ -94.691328, 44.98752 ] ] ] } },
{ "type": "Feature", "properties": { "TYPEPIPE": "Interstate", "Operator": "Northern Natural Gas Co", "Status": "Operating", "Shape_Leng": 0.07248937335, "STATEFP": "27", "STATENS": "00662849", "AFFGEOID": "0400000US27", "GEOID": "27", "STUSPS": "MN", "NAME": "Minnesota", "LSAD": "00", "ALAND": 206228939448, "AWATER": 18945217189 }, "geometry": { "type": "MultiLineString", "coordinates": [ [ [ -94.650496, 45.01696 ], [ -94.720768, 45.034752 ] ] ] } },
{ "type": "Feature", "properties": { "TYPEPIPE": "Interstate", "Operator": "Northern Natural Gas Co", "Status": "Operating", "Shape_Leng": 0.09182061956, "STATEFP": "27", "STATENS": "00662849", "AFFGEOID": "0400000US27", "GEOID": "27", "STUSPS": "MN", "NAME": "Minnesota", "LSAD": "00", "ALAND": 206228939448, "AWATER": 18945217189 }, "geometry": { "type": "MultiLineString", "coordinates": [ [ [ -94.720768, 45.034752 ], [ -94.713344, 45.126272 ] ] ] } },
{ "type": "Feature", "properties": { "TYPEPIPE": "Interstate", "Operator": "Northern Natural Gas Co", "Status": "Operating", "Shape_Leng": 0.04110952707, "STATEFP": "27", "STATENS": "00662849", "AFFGEOID": "0400000US27", "GEOID": "27", "STUSPS": "MN", "NAME": "Minnesota", "LSAD": "00", "ALAND": 206228939448, "AWATER": 18945217189 }, "geometry": { "type": "MultiLineString", "coordinates": [ [ [ -94.713344, 45.126272 ], [ -94.754048, 45.132032 ] ] ] } },
{ "type": "Feature", "properties": { "TYPEPIPE": "Interstate", "Operator": "Northern Natural Gas Co", "Status": "Operating", "Shape_Leng": 0.10860330455, "STATEFP": "27", "STATENS": "00662849", "AFFGEOID": "0400000US27", "GEOID": "27", "STUSPS": "MN", "NAME": "Minnesota", "LSAD": "00", "ALAND": 206228939448, "AWATER": 18945217189 }, "geometry": { "type": "MultiLineString", "coordinates": [ [ [ -94.754048, 45.132032 ], [ -94.861184, 45.149824 ] ] ] } },
{ "type": "Feature", "properties": { "TYPEPIPE": "Interstate", "Operator": "Northern Natural Gas Co", "Status": "Operating", "Shape_Leng": 0.03790723836, "STATEFP": "27", "STATENS": "00662849", "AFFGEOID": "0400000US27", "GEOID": "27", "STUSPS": "MN", "NAME": "Minnesota", "LSAD": "00", "ALAND": 206228939448, "AWATER": 18945217189 }, "geometry": { "type": "MultiLineString", "coordinates": [ [ [ -94.720768, 45.034752 ], [ -94.757632, 45.043584 ] ] ] } },
{ "type": "Feature", "properties": { "TYPEPIPE": "Interstate", "Operator": "Northern Natural Gas Co", "Status": "Operating", "Shape_Leng": 0.06759369627, "STATEFP": "27", "STATENS": "00662849", "AFFGEOID": "0400000US27", "GEOID": "27", "STUSPS": "MN", "NAME": "Minnesota", "LSAD": "00", "ALAND": 206228939448, "AWATER": 18945217189 }, "geometry": { "type": "MultiLineString", "coordinates": [ [ [ -94.757632, 45.043584 ], [ -94.824192, 45.05536 ] ] ] } },
{ "type": "Feature", "properties": { "TYPEPIPE": "Interstate", "Operator": "Northern Natural Gas Co", "Status": "Operating", "Shape_Leng": 0.22888640606, "STATEFP": "27", "STATENS": "00662849", "AFFGEOID": "0400000US27", "GEOID": "27", "STUSPS": "MN", "NAME": "Minnesota", "LSAD": "00", "ALAND": 206228939448, "AWATER": 18945217189 }, "geometry": { "type": "MultiLineString", "coordinates": [ [ [ -94.824192, 45.05536 ], [ -95.049856, 45.093632 ] ] ] } },
{ "type": "Feature", "properties": { "TYPEPIPE": "Interstate", "Operator": "Northern Natural Gas Co", "Status": "Operating", "Shape_Leng": 0.252672, "STATEFP": "27", "STATENS": "00662849", "AFFGEOID": "0400000US27", "GEOID": "27", "STUSPS": "MN", "NAME": "Minnesota", "LSAD": "00", "ALAND": 206228939448, "AWATER": 18945217189 }, "geometry": { "type": "MultiLineString", "coordinates": [ [ [ -94.64192, 45.906432 ], [ -94.894592, 45.906432 ] ] ] } },
{ "type": "Feature", "properties": { "TYPEPIPE": "Interstate", "Operator": "Northern Natural Gas Co", "Status": "Operating", "Shape_Leng": 0.124928, "STATEFP": "27", "STATENS": "00662849", "AFFGEOID": "0400000US27", "GEOID": "27", "STUSPS": "MN", "NAME": "Minnesota", "LSAD": "00", "ALAND": 206228939448, "AWATER": 18945217189 }, "geometry": { "type": "MultiLineString", "coordinates": [ [ [ -94.894592, 45.906432 ], [ -94.894592, 46.03136 ] ] ] } },
{ "type": "Feature", "properties": { "TYPEPIPE": "Interstate", "Operator": "Northern Natural Gas Co", "Status": "Operating", "Shape_Leng": 0.13478661346000001, "STATEFP": "27", "STATENS": "00662849", "AFFGEOID": "0400000US27", "GEOID": "27", "STUSPS": "MN", "NAME": "Minnesota", "LSAD": "00", "ALAND": 206228939448, "AWATER": 18945217189 }, "geometry": { "type": "MultiLineString", "coordinates": [ [ [ -94.894592, 45.906432 ], [ -94.930944, 45.77664 ] ] ] } },
{ "type": "Feature", "properties": { "TYPEPIPE": "Interstate", "Operator": "Northern Natural Gas Co", "Status": "Operating", "Shape_Leng": 0.08360702899, "STATEFP": "27", "STATENS": "00662849", "AFFGEOID": "0400000US27", "GEOID": "27", "STUSPS": "MN", "NAME": "Minnesota", "LSAD": "00", "ALAND": 206228939448, "AWATER": 18945217189 }, "geometry": { "type": "MultiLineString", "coordinates": [ [ [ -94.930944, 45.77664 ], [ -94.948864, 45.694976 ] ] ] } },
{ "type": "Feature", "properties": { "TYPEPIPE": "Interstate", "Operator": "Northern Natural Gas Co", "Status": "Operating", "Shape_Leng": 0.25019111952, "STATEFP": "27", "STATENS": "00662849", "AFFGEOID": "0400000US27", "GEOID": "27", "STUSPS": "MN", "NAME": "Minnesota", "LSAD": "00", "ALAND": 206228939448, "AWATER": 18945217189 }, "geometry": { "type": "MultiLineString", "coordinates": [ [ [ -94.930944, 45.77664 ], [ -94.696192, 45.690112 ] ] ] } },
{ "type": "Feature", "properties": { "TYPEPIPE": "Interstate", "Operator": "Northern Natural Gas Co", "Status": "Operating", "Shape_Leng": 0.0627654366, "STATEFP": "27", "STATENS": "00662849", "AFFGEOID": "0400000US27", "GEOID": "27", "STUSPS": "MN", "NAME": "Minnesota", "LSAD": "00", "ALAND": 206228939448, "AWATER": 18945217189 }, "geometry": { "type": "MultiLineString", "coordinates": [ [ [ -94.696192, 45.690112 ], [ -94.702336, 45.627648 ] ] ] } },
{ "type": "Feature", "properties": { "TYPEPIPE": "Interstate", "Operator": "Northern Natural Gas Co", "Status": "Operating", "Shape_Leng": 0.14107156357, "STATEFP": "27", "STATENS": "00662849", "AFFGEOID": "0400000US27", "GEOID": "27", "STUSPS": "MN", "NAME": "Minnesota", "LSAD": "00", "ALAND": 206228939448, "AWATER": 18945217189 }, "geometry": { "type": "MultiLineString", "coordinates": [ [ [ -94.696192, 45.690112 ], [ -94.563584, 45.641984 ] ] ] } },
{ "type": "Feature", "properties": { "TYPEPIPE": "Interstate", "Operator": "Northern Natural Gas Co", "Status": "Operating", "Shape_Leng": 0.240896, "STATEFP": "27", "STATENS": "00662849", "AFFGEOID": "0400000US27", "GEOID": "27", "STUSPS": "MN", "NAME": "Minnesota", "LSAD": "00", "ALAND": 206228939448, "AWATER": 18945217189 }, "geometry": { "type": "MultiLineString", "coordinates": [ [ [ -94.894592, 45.906432 ], [ -95.135488, 45.906432 ] ] ] } },
{ "type": "Feature", "properties": { "TYPEPIPE": "Interstate", "Operator": "Northern Natural Gas Co", "Status": "Operating", "Shape_Leng": 0.09995972309, "STATEFP": "27", "STATENS": "00662849", "AFFGEOID": "0400000US27", "GEOID": "27", "STUSPS": "MN", "NAME": "Minnesota", "LSAD": "00", "ALAND": 206228939448, "AWATER": 18945217189 }, "geometry": { "type": "MultiLineString", "coordinates": [ [ [ -95.135488, 45.906432 ], [ -95.2256, 45.863168 ] ] ] } },
{ "type": "Feature", "properties": { "TYPEPIPE": "Interstate", "Operator": "Northern Natural Gas Co", "Status": "Operating", "Shape_Leng": 0.05634443106, "STATEFP": "27", "STATENS": "00662849", "AFFGEOID": "0400000US27", "GEOID": "27", "STUSPS": "MN", "NAME": "Minnesota", "LSAD": "00", "ALAND": 206228939448, "AWATER": 18945217189 }, "geometry": { "type": "MultiLineString", "coordinates": [ [ [ -95.2256, 45.863168 ], [ -95.189504, 45.819904 ] ] ] } },
{ "type": "Feature", "properties": { "TYPEPIPE": "Interstate", "Operator": "Northern Natural Gas Co", "Status": "Operating", "Shape_Leng": 0.15057022537, "STATEFP": "27", "STATENS": "00662849", "AFFGEOID": "0400000US27", "GEOID": "27", "STUSPS": "MN", "NAME": "Minnesota", "LSAD": "00", "ALAND": 206228939448, "AWATER": 18945217189 }, "geometry": { "type": "MultiLineString", "coordinates": [ [ [ -95.2256, 45.863168 ], [ -95.375872, 45.87264 ] ] ] } },
{ "type": "Feature", "properties": { "TYPEPIPE": "Interstate", "Operator": "Northern Natural Gas Co", "Status": "Operating", "Shape_Leng": 0.12734398291, "STATEFP": "27", "STATENS": "00662849", "AFFGEOID": "0400000US27", "GEOID": "27", "STUSPS": "MN", "NAME": "Minnesota", "LSAD": "00", "ALAND": 206228939448, "AWATER": 18945217189 }, "geometry": { "type": "MultiLineString", "coordinates": [ [ [ -95.375872, 45.87264 ], [ -95.430144, 45.75744 ] ] ] } },
{ "type": "Feature", "properties": { "TYPEPIPE": "Interstate", "Operator": "Northern Natural Gas Co", "Status": "Operating", "Shape_Leng": 0.096, "STATEFP": "27", "STATENS": "00662849", "AFFGEOID": "0400000US27", "GEOID": "27", "STUSPS": "MN", "NAME": "Minnesota", "LSAD": "00", "ALAND": 206228939448, "AWATER": 18945217189 }, "geometry": { "type": "MultiLineString", "coordinates": [ [ [ -95.430144, 45.75744 ], [ -95.430144, 45.66144 ] ] ] } },
{ "type": "Feature", "properties": { "TYPEPIPE": "Interstate", "Operator": "Northern Natural Gas Co", "Status": "Operating", "Shape_Leng": 0.08644199276, "STATEFP": "27", "STATENS": "00662849", "AFFGEOID": "0400000US27", "GEOID": "27", "STUSPS": "MN", "NAME": "Minnesota", "LSAD": "00", "ALAND": 206228939448, "AWATER": 18945217189 }, "geometry": { "type": "MultiLineString", "coordinates": [ [ [ -95.430144, 45.66144 ], [ -95.514368, 45.641984 ] ] ] } },
{ "type": "Feature", "properties": { "TYPEPIPE": "Interstate", "Operator": "Northern Natural Gas Co", "Status": "Operating", "Shape_Leng": 0.06266093545, "STATEFP": "27", "STATENS": "00662849", "AFFGEOID": "0400000US27", "GEOID": "27", "STUSPS": "MN", "NAME": "Minnesota", "LSAD": "00", "ALAND": 206228939448, "AWATER": 18945217189 }, "geometry": { "type": "MultiLineString", "coordinates": [ [ [ -95.514368, 45.641984 ], [ -95.538432, 45.69984 ] ] ] } },
{ "type": "Feature", "properties": { "TYPEPIPE": "Interstate", "Operator": "Northern Natural Gas Co", "Status": "Operating", "Shape_Leng": 0.06242464334, "STATEFP": "27", "STATENS": "00662849", "AFFGEOID": "0400000US27", "GEOID": "27", "STUSPS": "MN", "NAME": "Minnesota", "LSAD": "00", "ALAND": 206228939448, "AWATER": 18945217189 }, "geometry": { "type": "MultiLineString", "coordinates": [ [ [ -95.514368, 45.641984 ], [ -95.490304, 45.584384 ] ] ] } },
{ "type": "Feature", "properties": { "TYPEPIPE": "Interstate", "Operator": "Northern Natural Gas Co", "Status": "Operating", "Shape_Leng": 0.15821752722, "STATEFP": "27", "STATENS": "00662849", "AFFGEOID": "0400000US27", "GEOID": "27", "STUSPS": "MN", "NAME": "Minnesota", "LSAD": "00", "ALAND": 206228939448, "AWATER": 18945217189 }, "geometry": { "type": "MultiLineString", "coordinates": [ [ [ -95.514368, 45.641984 ], [ -95.670784, 45.618176 ] ] ] } },
{ "type": "Feature", "properties": { "TYPEPIPE": "Interstate", "Operator": "Northern Natural Gas Co", "Status": "Operating", "Shape_Leng": 0.04848683252, "STATEFP": "27", "STATENS": "00662849", "AFFGEOID": "0400000US27", "GEOID": "27", "STUSPS": "MN", "NAME": "Minnesota", "LSAD": "00", "ALAND": 206228939448, "AWATER": 18945217189 }, "geometry": { "type": "MultiLineString", "coordinates": [ [ [ -95.670784, 45.618176 ], [ -95.664896, 45.570048 ] ] ] } },
{ "type": "Feature", "properties": { "TYPEPIPE": "Interstate", "Operator": "Northern Natural Gas Co", "Status": "Operating", "Shape_Leng": 0.08436433294, "STATEFP": "27", "STATENS": "00662849", "AFFGEOID": "0400000US27", "GEOID": "27", "STUSPS": "MN", "NAME": "Minnesota", "LSAD": "00", "ALAND": 206228939448, "AWATER": 18945217189 }, "geometry": { "type": "MultiLineString", "coordinates": [ [ [ -95.670784, 45.618176 ], [ -95.755008, 45.613312 ] ] ] } },
{ "type": "Feature", "properties": { "TYPEPIPE": "Interstate", "Operator": "Northern Natural Gas Co", "Status": "Operating", "Shape_Leng": 0.0984032832, "STATEFP": "27", "STATENS": "00662849", "AFFGEOID": "0400000US27", "GEOID": "27", "STUSPS": "MN", "NAME": "Minnesota", "LSAD": "00", "ALAND": 206228939448, "AWATER": 18945217189 }, "geometry": { "type": "MultiLineString", "coordinates": [ [ [ -95.755008, 45.613312 ], [ -95.85152, 45.594112 ] ] ] } },
{ "type": "Feature", "properties": { "TYPEPIPE": "Interstate", "Operator": "Northern Natural Gas Co", "Status": "Operating", "Shape_Leng": 0.16237686692, "STATEFP": "27", "STATENS": "00662849", "AFFGEOID": "0400000US27", "GEOID": "27", "STUSPS": "MN", "NAME": "Minnesota", "LSAD": "00", "ALAND": 206228939448, "AWATER": 18945217189 }, "geometry": { "type": "MultiLineString", "coordinates": [ [ [ -95.85152, 45.594112 ], [ -96.013824, 45.589248 ] ] ] } },
{ "type": "Feature", "properties": { "TYPEPIPE": "Interstate", "Operator": "Northern Natural Gas Co", "Status": "Operating", "Shape_Leng": 0.07419673222000001, "STATEFP": "27", "STATENS": "00662849", "AFFGEOID": "0400000US27", "GEOID": "27", "STUSPS": "MN", "NAME": "Minnesota", "LSAD": "00", "ALAND": 206228939448, "AWATER": 18945217189 }, "geometry": { "type": "MultiLineString", "coordinates": [ [ [ -95.85152, 45.594112 ], [ -95.833344, 45.522176 ] ] ] } },
{ "type": "Feature", "properties": { "TYPEPIPE": "Interstate", "Operator": "Northern Natural Gas Co", "Status": "Operating", "Shape_Leng": 0.10964453402, "STATEFP": "27", "STATENS": "00662849", "AFFGEOID": "0400000US27", "GEOID": "27", "STUSPS": "MN", "NAME": "Minnesota", "LSAD": "00", "ALAND": 206228939448, "AWATER": 18945217189 }, "geometry": { "type": "MultiLineString", "coordinates": [ [ [ -95.833344, 45.522176 ], [ -95.743232, 45.459712 ] ] ] } },
{ "type": "Feature", "properties": { "TYPEPIPE": "Interstate", "Operator": "Northern Natural Gas Co", "Status": "Operating", "Shape_Leng": 0.59339776846000003, "STATEFP": "27", "STATENS": "00662849", "AFFGEOID": "0400000US27", "GEOID": "27", "STUSPS": "MN", "NAME": "Minnesota", "LSAD": "00", "ALAND": 206228939448, "AWATER": 18945217189 }, "geometry": { "type": "MultiLineString", "coordinates": [ [ [ -93.13029813699994, 47.37840660300003 ], [ -93.467992261999953, 47.230427098000064 ], [ -93.684016, 47.292278 ] ] ] } },
{ "type": "Feature", "properties": { "TYPEPIPE": "Interstate", "Operator": "Northern Natural Gas Co", "Status": "Operating", "Shape_Leng": 0.13284589738, "STATEFP": "27", "STATENS": "00662849", "AFFGEOID": "0400000US27", "GEOID": "27", "STUSPS": "MN", "NAME": "Minnesota", "LSAD": "00", "ALAND": 206228939448, "AWATER": 18945217189 }, "geometry": { "type": "MultiLineString", "coordinates": [ [ [ -96.310016, 44.344064 ], [ -96.232619, 44.452035 ] ] ] } },
{ "type": "Feature", "properties": { "TYPEPIPE": "Interstate", "Operator": "Northern Natural Gas Co", "Status": "Operating", "Shape_Leng": 0.16815522277, "STATEFP": "27", "STATENS": "00662849", "AFFGEOID": "0400000US27", "GEOID": "27", "STUSPS": "MN", "NAME": "Minnesota", "LSAD": "00", "ALAND": 206228939448, "AWATER": 18945217189 }, "geometry": { "type": "MultiLineString", "coordinates": [ [ [ -96.051712, 44.9728 ], [ -96.215424, 45.0112 ] ] ] } },
{ "type": "Feature", "properties": { "TYPEPIPE": "Interstate", "Operator": "Northern Natural Gas Co", "Status": "Operating", "Shape_Leng": 0.13774727003000001, "STATEFP": "27", "STATENS": "00662849", "AFFGEOID": "0400000US27", "GEOID": "27", "STUSPS": "MN", "NAME": "Minnesota", "LSAD": "00", "ALAND": 206228939448, "AWATER": 18945217189 }, "geometry": { "type": "MultiLineString", "coordinates": [ [ [ -96.051712, 44.9728 ], [ -96.088064, 45.105664 ] ] ] } },
{ "type": "Feature", "properties": { "TYPEPIPE": "Interstate", "Operator": "Northern Natural Gas Co", "Status": "Operating", "Shape_Leng": 0.0441368055, "STATEFP": "27", "STATENS": "00662849", "AFFGEOID": "0400000US27", "GEOID": "27", "STUSPS": "MN", "NAME": "Minnesota", "LSAD": "00", "ALAND": 206228939448, "AWATER": 18945217189 }, "geometry": { "type": "MultiLineString", "coordinates": [ [ [ -96.088064, 45.105664 ], [ -96.066304, 45.144064 ] ] ] } },
{ "type": "Feature", "properties": { "TYPEPIPE": "Interstate", "Operator": "Northern Natural Gas Co", "Status": "Operating", "Shape_Leng": 0.00583073117, "STATEFP": "27", "STATENS": "00662849", "AFFGEOID": "0400000US27", "GEOID": "27", "STUSPS": "MN", "NAME": "Minnesota", "LSAD": "00", "ALAND": 206228939448, "AWATER": 18945217189 }, "geometry": { "type": "MultiLineString", "coordinates": [ [ [ -94.825912710327586, 43.500548207555944 ], [ -94.822656, 43.50272 ] ] ] } },
{ "type": "Feature", "properties": { "TYPEPIPE": "Interstate", "Operator": "Northern Natural Gas Co", "Status": "Operating", "Shape_Leng": 0.06488027258, "STATEFP": "27", "STATENS": "00662849", "AFFGEOID": "0400000US27", "GEOID": "27", "STUSPS": "MN", "NAME": "Minnesota", "LSAD": "00", "ALAND": 206228939448, "AWATER": 18945217189 }, "geometry": { "type": "MultiLineString", "coordinates": [ [ [ -94.637696, 43.614848 ], [ -94.584685, 43.652255 ] ] ] } },
{ "type": "Feature", "properties": { "TYPEPIPE": "Interstate", "Operator": "Northern Natural Gas Co", "Status": "Operating", "Shape_Leng": 0.04469858275, "STATEFP": "27", "STATENS": "00662849", "AFFGEOID": "0400000US27", "GEOID": "27", "STUSPS": "MN", "NAME": "Minnesota", "LSAD": "00", "ALAND": 206228939448, "AWATER": 18945217189 }, "geometry": { "type": "MultiLineString", "coordinates": [ [ [ -93.174016, 45.54112 ], [ -93.16815, 45.585432 ] ] ] } },
{ "type": "Feature", "properties": { "TYPEPIPE": "Interstate", "Operator": "Northern Natural Gas Co", "Status": "Operating", "Shape_Leng": 0.02419823337, "STATEFP": "27", "STATENS": "00662849", "AFFGEOID": "0400000US27", "GEOID": "27", "STUSPS": "MN", "NAME": "Minnesota", "LSAD": "00", "ALAND": 206228939448, "AWATER": 18945217189 }, "geometry": { "type": "MultiLineString", "coordinates": [ [ [ -92.993241, 45.522441 ], [ -92.99098, 45.531958 ], [ -92.987648, 45.545984 ] ] ] } },
{ "type": "Feature", "properties": { "TYPEPIPE": "Interstate", "Operator": "Northern Natural Gas Co", "Status": "Operating", "Shape_Leng": 0.14542287248, "STATEFP": "27", "STATENS": "00662849", "AFFGEOID": "0400000US27", "GEOID": "27", "STUSPS": "MN", "NAME": "Minnesota", "LSAD": "00", "ALAND": 206228939448, "AWATER": 18945217189 }, "geometry": { "type": "MultiLineString", "coordinates": [ [ [ -93.413211631347437, 43.499542092553014 ], [ -93.41312, 43.499776 ] ] ] } },
{ "type": "Feature", "properties": { "TYPEPIPE": "Interstate", "Operator": "Northern Natural Gas Co", "Status": "Operating", "Shape_Leng": 0.13263171989, "STATEFP": "27", "STATENS": "00662849", "AFFGEOID": "0400000US27", "GEOID": "27", "STUSPS": "MN", "NAME": "Minnesota", "LSAD": "00", "ALAND": 206228939448, "AWATER": 18945217189 }, "geometry": { "type": "MultiLineString", "coordinates": [ [ [ -93.523712, 43.572992 ], [ -93.41312, 43.499776 ] ] ] } },
{ "type": "Feature", "properties": { "TYPEPIPE": "Interstate", "Operator": "Northern Natural Gas Co", "Status": "Operating", "Shape_Leng": 0.09726314497000001, "STATEFP": "27", "STATENS": "00662849", "AFFGEOID": "0400000US27", "GEOID": "27", "STUSPS": "MN", "NAME": "Minnesota", "LSAD": "00", "ALAND": 206228939448, "AWATER": 18945217189 }, "geometry": { "type": "MultiLineString", "coordinates": [ [ [ -94.279492, 45.913093 ], [ -94.376743, 45.911556 ] ] ] } },
{ "type": "Feature", "properties": { "TYPEPIPE": "Interstate", "Operator": "Northern Natural Gas Co", "Status": "Operating", "Shape_Leng": 0.13091418249, "STATEFP": "27", "STATENS": "00662849", "AFFGEOID": "0400000US27", "GEOID": "27", "STUSPS": "MN", "NAME": "Minnesota", "LSAD": "00", "ALAND": 206228939448, "AWATER": 18945217189 }, "geometry": { "type": "MultiLineString", "coordinates": [ [ [ -94.148608, 45.915904 ], [ -94.279492, 45.913093 ] ] ] } },
{ "type": "Feature", "properties": { "TYPEPIPE": "Intrastate", "Operator": "Hutchinson Pipeline", "Status": "Operating", "Shape_Leng": 0.52648269236, "STATEFP": "27", "STATENS": "00662849", "AFFGEOID": "0400000US27", "GEOID": "27", "STUSPS": "MN", "NAME": "Minnesota", "LSAD": "00", "ALAND": 206228939448, "AWATER": 18945217189 }, "geometry": { "type": "MultiLineString", "coordinates": [ [ [ -94.537228, 44.19597 ], [ -94.530372, 44.154482 ], [ -94.532292, 44.150124 ], [ -94.530098, 44.127938 ], [ -94.547648, 44.112884 ], [ -94.547922, 44.111299 ], [ -94.551078, 44.110052 ], [ -94.569353, 44.094641 ], [ -94.582019, 44.080099 ], [ -94.59199, 44.066789 ], [ -94.592052, 44.064388 ], [ -94.643896, 43.996409 ], [ -94.666656, 43.967092 ], [ -94.674882, 43.932031 ], [ -94.706178, 43.882956 ], [ -94.70669, 43.854381 ], [ -94.70861, 43.8524 ], [ -94.71382, 43.799313 ], [ -94.740693, 43.753158 ], [ -94.751651, 43.758326 ] ] ] } },
{ "type": "Feature", "properties": { "TYPEPIPE": "Intrastate", "Operator": "Hutchinson Pipeline", "Status": "Operating", "Shape_Leng": 0.8544487344, "STATEFP": "27", "STATENS": "00662849", "AFFGEOID": "0400000US27", "GEOID": "27", "STUSPS": "MN", "NAME": "Minnesota", "LSAD": "00", "ALAND": 206228939448, "AWATER": 18945217189 }, "geometry": { "type": "MultiLineString", "coordinates": [ [ [ -94.358907, 44.906772 ], [ -94.358786, 44.910115 ], [ -94.347121, 44.909918 ], [ -94.334036, 44.910004 ], [ -94.330746, 44.864502 ], [ -94.369958, 44.858863 ], [ -94.408348, 44.812388 ], [ -94.416406, 44.790453 ], [ -94.425075, 44.790174 ], [ -94.431107, 44.781223 ], [ -94.43935, 44.729398 ], [ -94.457573, 44.717305 ], [ -94.449476, 44.708996 ], [ -94.436538, 44.680681 ], [ -94.438785, 44.623068 ], [ -94.451673, 44.592576 ], [ -94.451947, 44.557002 ], [ -94.465932, 44.531592 ], [ -94.500757, 44.416623 ], [ -94.505556, 44.406132 ], [ -94.516593, 44.392123 ], [ -94.516387, 44.389869 ], [ -94.514742, 44.388785 ], [ -94.514468, 44.386039 ], [ -94.515104, 44.373143 ], [ -94.516093, 44.371886 ], [ -94.516936, 44.360342 ], [ -94.519404, 44.358185 ], [ -94.519815, 44.345827 ], [ -94.523791, 44.344454 ], [ -94.523791, 44.327094 ], [ -94.522694, 44.325034 ], [ -94.532278, 44.273904 ], [ -94.528453, 44.269558 ], [ -94.537502, 44.252932 ], [ -94.536129, 44.250942 ], [ -94.527128, 44.25032 ], [ -94.537228, 44.19597 ] ] ] } },
{ "type": "Feature", "properties": { "TYPEPIPE": "Interstate", "Operator": "Viking Gas Transmission Co", "Status": "Operating", "Shape_Leng": 0.06231879426, "STATEFP": "27", "STATENS": "00662849", "AFFGEOID": "0400000US27", "GEOID": "27", "STUSPS": "MN", "NAME": "Minnesota", "LSAD": "00", "ALAND": 206228939448, "AWATER": 18945217189 }, "geometry": { "type": "MultiLineString", "coordinates": [ [ [ -97.054786799784722, 49.000276038685669 ], [ -97.053932, 48.980132 ], [ -97.054115, 48.960887 ], [ -97.055063, 48.938095 ] ] ] } },
{ "type": "Feature", "properties": { "TYPEPIPE": "Interstate", "Operator": "Viking Gas Transmission Co", "Status": "Operating", "Shape_Leng": 0.41428447638, "STATEFP": "27", "STATENS": "00662849", "AFFGEOID": "0400000US27", "GEOID": "27", "STUSPS": "MN", "NAME": "Minnesota", "LSAD": "00", "ALAND": 206228939448, "AWATER": 18945217189 }, "geometry": { "type": "MultiLineString", "coordinates": [ [ [ -97.055063, 48.938095 ], [ -97.046092, 48.854514 ], [ -96.991178, 48.681172 ], [ -96.942248, 48.54108 ] ] ] } },
{ "type": "Feature", "properties": { "TYPEPIPE": "Interstate", "Operator": "Viking Gas Transmission Co", "Status": "Operating", "Shape_Leng": 0.38991943593, "STATEFP": "27", "STATENS": "00662849", "AFFGEOID": "0400000US27", "GEOID": "27", "STUSPS": "MN", "NAME": "Minnesota", "LSAD": "00", "ALAND": 206228939448, "AWATER": 18945217189 }, "geometry": { "type": "MultiLineString", "coordinates": [ [ [ -96.942251, 48.541088 ], [ -96.810455, 48.174118 ] ] ] } },
{ "type": "Feature", "properties": { "TYPEPIPE": "Interstate", "Operator": "Viking Gas Transmission Co", "Status": "Operating", "Shape_Leng": 0.04957827427, "STATEFP": "27", "STATENS": "00662849", "AFFGEOID": "0400000US27", "GEOID": "27", "STUSPS": "MN", "NAME": "Minnesota", "LSAD": "00", "ALAND": 206228939448, "AWATER": 18945217189 }, "geometry": { "type": "MultiLineString", "coordinates": [ [ [ -96.810455, 48.174118 ], [ -96.787739, 48.13005 ] ] ] } },
{ "type": "Feature", "properties": { "TYPEPIPE": "Interstate", "Operator": "Viking Gas Transmission Co", "Status": "Operating", "Shape_Leng": 0.31029501292, "STATEFP": "27", "STATENS": "00662849", "AFFGEOID": "0400000US27", "GEOID": "27", "STUSPS": "MN", "NAME": "Minnesota", "LSAD": "00", "ALAND": 206228939448, "AWATER": 18945217189 }, "geometry": { "type": "MultiLineString", "coordinates": [ [ [ -96.74401, 47.987987 ], [ -96.782733, 47.985532 ], [ -97.008606, 47.95821 ], [ -97.045752836135321, 47.957984453057108 ] ] ] } },
{ "type": "Feature", "properties": { "TYPEPIPE": "Interstate", "Operator": "Viking Gas Transmission Co", "Status": "Operating", "Shape_Leng": 0.48881971234, "STATEFP": "27", "STATENS": "00662849", "AFFGEOID": "0400000US27", "GEOID": "27", "STUSPS": "MN", "NAME": "Minnesota", "LSAD": "00", "ALAND": 206228939448, "AWATER": 18945217189 }, "geometry": { "type": "MultiLineString", "coordinates": [ [ [ -96.73587, 47.962704 ], [ -96.687229, 47.804781 ], [ -96.659545, 47.75394 ], [ -96.648476, 47.709537 ], [ -96.590534, 47.497383 ] ] ] } },
{ "type": "Feature", "properties": { "TYPEPIPE": "Interstate", "Operator": "Viking Gas Transmission Co", "Status": "Operating", "Shape_Leng": 0.1062128955, "STATEFP": "27", "STATENS": "00662849", "AFFGEOID": "0400000US27", "GEOID": "27", "STUSPS": "MN", "NAME": "Minnesota", "LSAD": "00", "ALAND": 206228939448, "AWATER": 18945217189 }, "geometry": { "type": "MultiLineString", "coordinates": [ [ [ -96.590534, 47.497383 ], [ -96.561477, 47.395222 ] ] ] } },
{ "type": "Feature", "properties": { "TYPEPIPE": "Interstate", "Operator": "Viking Gas Transmission Co", "Status": "Operating", "Shape_Leng": 0.27195296894999998, "STATEFP": "27", "STATENS": "00662849", "AFFGEOID": "0400000US27", "GEOID": "27", "STUSPS": "MN", "NAME": "Minnesota", "LSAD": "00", "ALAND": 206228939448, "AWATER": 18945217189 }, "geometry": { "type": "MultiLineString", "coordinates": [ [ [ -96.561477, 47.395222 ], [ -96.539461, 47.316452 ], [ -96.529291, 47.316469 ], [ -96.539436, 47.316435 ], [ -96.505124, 47.193224 ], [ -96.493997, 47.152777 ] ] ] } },
{ "type": "Feature", "properties": { "TYPEPIPE": "Interstate", "Operator": "Viking Gas Transmission Co", "Status": "Operating", "Shape_Leng": 0.16564269358, "STATEFP": "27", "STATENS": "00662849", "AFFGEOID": "0400000US27", "GEOID": "27", "STUSPS": "MN", "NAME": "Minnesota", "LSAD": "00", "ALAND": 206228939448, "AWATER": 18945217189 }, "geometry": { "type": "MultiLineString", "coordinates": [ [ [ -96.493955, 47.152795 ], [ -96.493494, 47.148699 ], [ -96.493192, 47.144932 ], [ -96.477786, 47.08623 ], [ -96.45946, 47.035566 ], [ -96.455432, 47.026774 ], [ -96.455432, 47.02595 ], [ -96.441738, 46.996277 ] ] ] } },
{ "type": "Feature", "properties": { "TYPEPIPE": "Interstate", "Operator": "Viking Gas Transmission Co", "Status": "Operating", "Shape_Leng": 0.35206013606999997, "STATEFP": "27", "STATENS": "00662849", "AFFGEOID": "0400000US27", "GEOID": "27", "STUSPS": "MN", "NAME": "Minnesota", "LSAD": "00", "ALAND": 206228939448, "AWATER": 18945217189 }, "geometry": { "type": "MultiLineString", "coordinates": [ [ [ -96.441982, 46.996264 ], [ -96.229879, 46.91825 ], [ -96.143283, 46.89215 ], [ -96.113478, 46.872643 ] ] ] } },
{ "type": "Feature", "properties": { "TYPEPIPE": "Interstate", "Operator": "Viking Gas Transmission Co", "Status": "Operating", "Shape_Leng": 0.23809080453000001, "STATEFP": "27", "STATENS": "00662849", "AFFGEOID": "0400000US27", "GEOID": "27", "STUSPS": "MN", "NAME": "Minnesota", "LSAD": "00", "ALAND": 206228939448, "AWATER": 18945217189 }, "geometry": { "type": "MultiLineString", "coordinates": [ [ [ -96.113302, 46.873021 ], [ -96.035557, 46.859039 ], [ -95.981494, 46.845019 ], [ -95.9133, 46.814122 ], [ -95.897189, 46.798462 ], [ -95.893564, 46.793791 ] ] ] } },
{ "type": "Feature", "properties": { "TYPEPIPE": "Interstate", "Operator": "Viking Gas Transmission Co", "Status": "Operating", "Shape_Leng": 0.31418815698000002, "STATEFP": "27", "STATENS": "00662849", "AFFGEOID": "0400000US27", "GEOID": "27", "STUSPS": "MN", "NAME": "Minnesota", "LSAD": "00", "ALAND": 206228939448, "AWATER": 18945217189 }, "geometry": { "type": "MultiLineString", "coordinates": [ [ [ -95.893564, 46.793791 ], [ -95.866783, 46.767839 ], [ -95.76951, 46.716863 ], [ -95.735678, 46.713566 ], [ -95.729233, 46.693785 ], [ -95.732053, 46.671805 ], [ -95.702247, 46.664387 ], [ -95.681303, 46.64543 ], [ -95.651498, 46.636363 ] ] ] } },
{ "type": "Feature", "properties": { "TYPEPIPE": "Interstate", "Operator": "Viking Gas Transmission Co", "Status": "Operating", "Shape_Leng": 0.74713908319, "STATEFP": "27", "STATENS": "00662849", "AFFGEOID": "0400000US27", "GEOID": "27", "STUSPS": "MN", "NAME": "Minnesota", "LSAD": "00", "ALAND": 206228939448, "AWATER": 18945217189 }, "geometry": { "type": "MultiLineString", "coordinates": [ [ [ -95.651498, 46.636363 ], [ -95.604777, 46.59213 ], [ -95.521805, 46.5435 ], [ -95.464209, 46.524543 ], [ -95.437626, 46.520971 ], [ -95.410607, 46.510453 ], [ -95.360696, 46.491024 ], [ -95.339752, 46.474539 ], [ -95.2886, 46.458055 ], [ -95.257587, 46.446241 ], [ -95.235434, 46.436625 ], [ -95.14038, 46.392116 ], [ -95.075534, 46.376731 ], [ -95.062242, 46.358048 ], [ -95.038076, 46.357773 ], [ -95.01391, 46.347608 ], [ -94.982494, 46.334695 ] ] ] } },
{ "type": "Feature", "properties": { "TYPEPIPE": "Interstate", "Operator": "Viking Gas Transmission Co", "Status": "Operating", "Shape_Leng": 0.35065185396999998, "STATEFP": "27", "STATENS": "00662849", "AFFGEOID": "0400000US27", "GEOID": "27", "STUSPS": "MN", "NAME": "Minnesota", "LSAD": "00", "ALAND": 206228939448, "AWATER": 18945217189 }, "geometry": { "type": "MultiLineString", "coordinates": [ [ [ -96.441982, 46.996264 ], [ -96.44939, 46.992431 ], [ -96.472349, 46.984189 ], [ -96.738178, 46.887479 ], [ -96.768627340157522, 46.88724004201449 ] ] ] } },
{ "type": "Feature", "properties": { "TYPEPIPE": "Interstate", "Operator": "Viking Gas Transmission Co", "Status": "Operating", "Shape_Leng": 0.17520066035000001, "STATEFP": "27", "STATENS": "00662849", "AFFGEOID": "0400000US27", "GEOID": "27", "STUSPS": "MN", "NAME": "Minnesota", "LSAD": "00", "ALAND": 206228939448, "AWATER": 18945217189 }, "geometry": { "type": "MultiLineString", "coordinates": [ [ [ -96.787739, 48.13005 ], [ -96.755056, 48.025069 ], [ -96.747304, 47.999527 ], [ -96.73587, 47.962704 ] ] ] } },
{ "type": "Feature", "properties": { "TYPEPIPE": "Interstate", "Operator": "Viking Gas Transmission Co", "Status": "Operating", "Shape_Leng": 0.07012290583, "STATEFP": "27", "STATENS": "00662849", "AFFGEOID": "0400000US27", "GEOID": "27", "STUSPS": "MN", "NAME": "Minnesota", "LSAD": "00", "ALAND": 206228939448, "AWATER": 18945217189 }, "geometry": { "type": "MultiLineString", "coordinates": [ [ [ -96.782404, 47.985861 ], [ -96.789309, 48.020864 ], [ -96.755189, 48.025587 ] ] ] } },
{ "type": "Feature", "properties": { "TYPEPIPE": "Interstate", "Operator": "Viking Gas Transmission Co", "Status": "Operating", "Shape_Leng": 0.06906263189, "STATEFP": "27", "STATENS": "00662849", "AFFGEOID": "0400000US27", "GEOID": "27", "STUSPS": "MN", "NAME": "Minnesota", "LSAD": "00", "ALAND": 206228939448, "AWATER": 18945217189 }, "geometry": { "type": "MultiLineString", "coordinates": [ [ [ -96.472374, 46.984471 ], [ -96.486176, 47.019499 ], [ -96.455432, 47.02595 ] ] ] } },
{ "type": "Feature", "properties": { "TYPEPIPE": "Interstate", "Operator": "Viking Gas Transmission Co", "Status": "Operating", "Shape_Leng": 0.027490525, "STATEFP": "27", "STATENS": "00662849", "AFFGEOID": "0400000US27", "GEOID": "27", "STUSPS": "MN", "NAME": "Minnesota", "LSAD": "00", "ALAND": 206228939448, "AWATER": 18945217189 }, "geometry": { "type": "MultiLineString", "coordinates": [ [ [ -95.893737, 46.793566 ], [ -95.870079, 46.807567 ] ] ] } },
{ "type": "Feature", "properties": { "TYPEPIPE": "Interstate", "Operator": "Viking Gas Transmission Co", "Status": "Operating", "Shape_Leng": 0.60488095906999995, "STATEFP": "27", "STATENS": "00662849", "AFFGEOID": "0400000US27", "GEOID": "27", "STUSPS": "MN", "NAME": "Minnesota", "LSAD": "00", "ALAND": 206228939448, "AWATER": 18945217189 }, "geometry": { "type": "MultiLineString", "coordinates": [ [ [ -94.982494, 46.334695 ], [ -94.977256, 46.331947 ], [ -94.974995, 46.331793 ], [ -94.965929, 46.327675 ], [ -94.957688, 46.324586 ], [ -94.955215, 46.322527 ], [ -94.94423, 46.316562 ], [ -94.933354, 46.311616 ], [ -94.924896, 46.30722 ], [ -94.916036, 46.304198 ], [ -94.907174, 46.299528 ], [ -94.896702, 46.296231 ], [ -94.888244, 46.291011 ], [ -94.8818, 46.287714 ], [ -94.87173, 46.281944 ], [ -94.864078, 46.278098 ], [ -94.852398, 46.272328 ], [ -94.847968, 46.268482 ], [ -94.841926, 46.265459 ], [ -94.831454, 46.260514 ], [ -94.82219, 46.256393 ], [ -94.816954, 46.251722 ], [ -94.802638, 46.244784 ], [ -94.79037, 46.239084 ], [ -94.786342, 46.235238 ], [ -94.776676, 46.231391 ], [ -94.765802, 46.225622 ], [ -94.737204, 46.231666 ], [ -94.694914, 46.209412 ], [ -94.676788, 46.198697 ], [ -94.663498, 46.182212 ], [ -94.64054, 46.17342 ], [ -94.604692, 46.158859 ], [ -94.595832, 46.155837 ], [ -94.590998, 46.153913 ], [ -94.581734, 46.156111 ], [ -94.528568, 46.125615 ], [ -94.496346, 46.107757 ], [ -94.47218, 46.095393 ], [ -94.447208, 46.080557 ] ] ] } },
{ "type": "Feature", "properties": { "TYPEPIPE": "Interstate", "Operator": "Viking Gas Transmission Co", "Status": "Operating", "Shape_Leng": 0.58868444198000003, "STATEFP": "27", "STATENS": "00662849", "AFFGEOID": "0400000US27", "GEOID": "27", "STUSPS": "MN", "NAME": "Minnesota", "LSAD": "00", "ALAND": 206228939448, "AWATER": 18945217189 }, "geometry": { "type": "MultiLineString", "coordinates": [ [ [ -94.447208, 46.080557 ], [ -94.445501, 46.079473 ], [ -94.440362, 46.076711 ], [ -94.434722, 46.073963 ], [ -94.427876, 46.072589 ], [ -94.416194, 46.071765 ], [ -94.388404, 46.069018 ], [ -94.371084, 46.067919 ], [ -94.363028, 46.067369 ], [ -94.35578, 46.061874 ], [ -94.346112, 46.056379 ], [ -94.334432, 46.051434 ], [ -94.323154, 46.045939 ], [ -94.313488, 46.040719 ], [ -94.309058, 46.037422 ], [ -94.298182, 46.032752 ], [ -94.285696, 46.025608 ], [ -94.272808, 46.019014 ], [ -94.26717, 46.015168 ], [ -94.256696, 46.009398 ], [ -94.248642, 45.998409 ], [ -94.2426, 45.992089 ], [ -94.235752, 45.982199 ], [ -94.231089, 45.976885 ], [ -94.130625, 45.943752 ], [ -94.124986, 45.935345 ], [ -94.083904, 45.919653 ], [ -94.004154, 45.893312 ], [ -93.973544, 45.874818 ], [ -93.922794, 45.842873 ] ] ] } },
{ "type": "Feature", "properties": { "TYPEPIPE": "Interstate", "Operator": "Viking Gas Transmission Co", "Status": "Operating", "Shape_Leng": 0.08952659955, "STATEFP": "27", "STATENS": "00662849", "AFFGEOID": "0400000US27", "GEOID": "27", "STUSPS": "MN", "NAME": "Minnesota", "LSAD": "00", "ALAND": 206228939448, "AWATER": 18945217189 }, "geometry": { "type": "MultiLineString", "coordinates": [ [ [ -94.363028, 46.067369 ], [ -94.352013, 46.076342 ], [ -94.29919, 46.052371 ], [ -94.309559, 46.038508 ] ] ] } },
{ "type": "Feature", "properties": { "TYPEPIPE": "Interstate", "Operator": "Viking Gas Transmission Co", "Status": "Operating", "Shape_Leng": 0.37007987205999998, "STATEFP": "27", "STATENS": "00662849", "AFFGEOID": "0400000US27", "GEOID": "27", "STUSPS": "MN", "NAME": "Minnesota", "LSAD": "00", "ALAND": 206228939448, "AWATER": 18945217189 }, "geometry": { "type": "MultiLineString", "coordinates": [ [ [ -93.922794, 45.842873 ], [ -93.918858, 45.840414 ], [ -93.915639, 45.839041 ], [ -93.902293, 45.833522 ], [ -93.895061, 45.830643 ], [ -93.889249, 45.828183 ], [ -93.876162, 45.822725 ], [ -93.871513, 45.820835 ], [ -93.86329, 45.817446 ], [ -93.852657, 45.813036 ], [ -93.844305, 45.810247 ], [ -93.831132, 45.805958 ], [ -93.824803, 45.803828 ], [ -93.811544, 45.799449 ], [ -93.80104, 45.79597 ], [ -93.78834, 45.792041 ], [ -93.780591, 45.789731 ], [ -93.776284, 45.788456 ], [ -93.769051, 45.786234 ], [ -93.758977, 45.783292 ], [ -93.755619, 45.782271 ], [ -93.735557, 45.773984 ], [ -93.727636, 45.770561 ], [ -93.720748, 45.768039 ], [ -93.708779, 45.763055 ], [ -93.699997, 45.759512 ], [ -93.691731, 45.756149 ], [ -93.684929, 45.753386 ], [ -93.683896, 45.752786 ], [ -93.676147, 45.747201 ], [ -93.669775, 45.742697 ], [ -93.662628, 45.737413 ], [ -93.655826, 45.732549 ], [ -93.643686, 45.729366 ], [ -93.632579, 45.726303 ], [ -93.62371, 45.724802 ], [ -93.613378, 45.723061 ], [ -93.596932, 45.720479 ], [ -93.591422, 45.718016 ], [ -93.583845, 45.715014 ], [ -93.578851, 45.712852 ] ] ] } },
{ "type": "Feature", "properties": { "TYPEPIPE": "Interstate", "Operator": "Viking Gas Transmission Co", "Status": "Operating", "Shape_Leng": 0.32224968313000002, "STATEFP": "27", "STATENS": "00662849", "AFFGEOID": "0400000US27", "GEOID": "27", "STUSPS": "MN", "NAME": "Minnesota", "LSAD": "00", "ALAND": 206228939448, "AWATER": 18945217189 }, "geometry": { "type": "MultiLineString", "coordinates": [ [ [ -92.86592, 45.4407 ], [ -92.75395, 45.400604 ], [ -92.71573, 45.384795 ], [ -92.718419, 45.376685 ], [ -92.707807, 45.373239 ], [ -92.682402038551658, 45.360804505574748 ] ] ] } },
{ "type": "Feature", "properties": { "TYPEPIPE": "Interstate", "Operator": "Viking Gas Transmission Co", "Status": "Operating", "Shape_Leng": 0.45012639258999998, "STATEFP": "27", "STATENS": "00662849", "AFFGEOID": "0400000US27", "GEOID": "27", "STUSPS": "MN", "NAME": "Minnesota", "LSAD": "00", "ALAND": 206228939448, "AWATER": 18945217189 }, "geometry": { "type": "MultiLineString", "coordinates": [ [ [ -93.274226, 45.615485 ], [ -93.262063, 45.613388 ], [ -93.255628, 45.609223 ], [ -93.250634, 45.606092 ], [ -93.245985, 45.603683 ], [ -93.236169, 45.596818 ], [ -93.229797, 45.592121 ], [ -93.222909, 45.587424 ], [ -93.216882, 45.583209 ], [ -93.214643, 45.581282 ], [ -93.201039, 45.578151 ], [ -93.191052, 45.575622 ], [ -93.183475, 45.573695 ], [ -93.180547, 45.572852 ], [ -93.176862, 45.571872 ], [ -93.15914, 45.564999 ], [ -93.14625, 45.562708 ], [ -93.109196, 45.54896 ], [ -93.075362, 45.53464 ], [ -93.060862, 45.527766 ], [ -93.047974, 45.520893 ], [ -93.008631, 45.501569 ], [ -92.993196, 45.498553 ], [ -92.970642, 45.494544 ], [ -92.962586, 45.485952 ], [ -92.955882, 45.477786 ], [ -92.949698, 45.473923 ], [ -92.942448, 45.471059 ], [ -92.93117, 45.465331 ], [ -92.923114, 45.461894 ], [ -92.915058, 45.45903 ], [ -92.90439, 45.455841 ], [ -92.903134, 45.454924 ], [ -92.890575, 45.450358 ], [ -92.878016, 45.446712 ], [ -92.874248, 45.444881 ], [ -92.86592, 45.4407 ] ] ] } },
{ "type": "Feature", "properties": { "TYPEPIPE": "Interstate", "Operator": "Viking Gas Transmission Co", "Status": "Operating", "Shape_Leng": 0.3207254584, "STATEFP": "27", "STATENS": "00662849", "AFFGEOID": "0400000US27", "GEOID": "27", "STUSPS": "MN", "NAME": "Minnesota", "LSAD": "00", "ALAND": 206228939448, "AWATER": 18945217189 }, "geometry": { "type": "MultiLineString", "coordinates": [ [ [ -93.578765, 45.712732 ], [ -93.57024, 45.709249 ], [ -93.559133, 45.704565 ], [ -93.540966, 45.696758 ], [ -93.532011, 45.692915 ], [ -93.524864, 45.690153 ], [ -93.518837, 45.687691 ], [ -93.509796, 45.684268 ], [ -93.5042, 45.682166 ], [ -93.497053, 45.679524 ], [ -93.491715, 45.677422 ], [ -93.476475, 45.671477 ], [ -93.465626, 45.667454 ], [ -93.458738, 45.664631 ], [ -93.453141, 45.66283 ], [ -93.442034, 45.658686 ], [ -93.43041, 45.654423 ], [ -93.419819, 45.650639 ], [ -93.415859, 45.649258 ], [ -93.406387, 45.647096 ], [ -93.399241, 45.645475 ], [ -93.393041, 45.643914 ], [ -93.373415, 45.638007 ], [ -93.3574, 45.633551 ], [ -93.340524, 45.628492 ], [ -93.325887, 45.624879 ], [ -93.317105, 45.62223 ], [ -93.313488, 45.621387 ], [ -93.304189, 45.619941 ], [ -93.274226, 45.615485 ] ] ] } },
{ "type": "Feature", "properties": { "TYPEPIPE": "Interstate", "Operator": "Viking Gas Transmission Co", "Status": "Operating", "Shape_Leng": 0.3251616791, "STATEFP": "27", "STATENS": "00662849", "AFFGEOID": "0400000US27", "GEOID": "27", "STUSPS": "MN", "NAME": "Minnesota", "LSAD": "00", "ALAND": 206228939448, "AWATER": 18945217189 }, "geometry": { "type": "MultiLineString", "coordinates": [ [ [ -93.244263, 45.481201 ], [ -93.291256, 45.159453 ] ] ] } },
{ "type": "Feature", "properties": { "TYPEPIPE": "Interstate", "Operator": "Viking Gas Transmission Co", "Status": "Operating", "Shape_Leng": 0.12823420225000001, "STATEFP": "27", "STATENS": "00662849", "AFFGEOID": "0400000US27", "GEOID": "27", "STUSPS": "MN", "NAME": "Minnesota", "LSAD": "00", "ALAND": 206228939448, "AWATER": 18945217189 }, "geometry": { "type": "MultiLineString", "coordinates": [ [ [ -93.175782, 45.571794 ], [ -93.234964, 45.542863 ], [ -93.244263, 45.481201 ] ] ] } },
{ "type": "Feature", "properties": { "TYPEPIPE": "Interstate", "Operator": "Viking Gas Transmission Co", "Status": "Operating", "Shape_Leng": 0.09807209024000001, "STATEFP": "27", "STATENS": "00662849", "AFFGEOID": "0400000US27", "GEOID": "27", "STUSPS": "MN", "NAME": "Minnesota", "LSAD": "00", "ALAND": 206228939448, "AWATER": 18945217189 }, "geometry": { "type": "MultiLineString", "coordinates": [ [ [ -92.707807, 45.373239 ], [ -92.697414, 45.385389 ], [ -92.67457728383998, 45.37234102336987 ] ] ] } },
{ "type": "Feature", "properties": { "TYPEPIPE": "Interstate", "Operator": "Centra Pipeline Co", "Status": "Operating", "Shape_Leng": 0.09772612981000001, "STATEFP": "27", "STATENS": "00662849", "AFFGEOID": "0400000US27", "GEOID": "27", "STUSPS": "MN", "NAME": "Minnesota", "LSAD": "00", "ALAND": 206228939448, "AWATER": 18945217189 }, "geometry": { "type": "MultiLineString", "coordinates": [ [ [ -95.559823, 48.997253 ], [ -95.538661, 48.981328 ], [ -95.522343, 48.969689 ], [ -95.501976, 48.953948 ], [ -95.490632, 48.945184 ], [ -95.481179, 48.939324 ] ] ] } }
]
}
