{
"type": "FeatureCollection",
"name": "natural_gas_pipelines_mt",
"crs": { "type": "name", "properties": { "name": "urn:ogc:def:crs:OGC:1.3:CRS84" } },
"features": [
{ "type": "Feature", "properties": { "TYPEPIPE": "Interstate", "Operator": "Colorado Interstate Gas Co", "Status": "Operating", "Shape_Leng": 0.01561157327, "STATEFP": "30", "STATENS": "00767982", "AFFGEOID": "0400000US30", "GEOID": "30", "STUSPS": "MT", "NAME": "Montana", "LSAD": "00", "ALAND": 376962738765, "AWATER": 3869208832 }, "geometry": { "type": "MultiLineString", "coordinates": [ [ [ -108.853166802499672, 44.999648318567182 ], [ -108.86144, 45.007872 ] ] ] } },
{ "type": "Feature", "properties": { "TYPEPIPE": "Interstate", "Operator": "Northern Border PL Co", "Status": "Operating", "Shape_Leng": 0.38138851608000002, "STATEFP": "30", "STATENS": "00767982", "AFFGEOID": "0400000US30", "GEOID": "30", "STUSPS": "MT", "NAME": "Montana", "LSAD": "00", "ALAND": 376962738765, "AWATER": 3869208832 }, "geometry": { "type": "MultiLineString", "coordinates": [ [ [ -107.545698, 48.999553 ], [ -107.542347, 48.997193 ], [ -107.506857, 48.9722 ], [ -107.480441, 48.944807 ], [ -107.443385, 48.908792 ], [ -107.43698, 48.90167 ], [ -107.422779, 48.894407 ], [ -107.420499, 48.88401 ], [ -107.404627, 48.867527 ], [ -107.38508, 48.859009 ], [ -107.37417, 48.845508 ], [ -107.36356, 48.840892 ], [ -107.350659, 48.837178 ], [ -107.335026, 48.829071 ], [ -107.325113, 48.822794 ], [ -107.315824, 48.806705 ], [ -107.294217, 48.791027 ], [ -107.259594, 48.759532 ] ] ] } },
{ "type": "Feature", "properties": { "TYPEPIPE": "Interstate", "Operator": "Northern Border PL Co", "Status": "Operating", "Shape_Leng": 0.06591587687, "STATEFP": "30", "STATENS": "00767982", "AFFGEOID": "0400000US30", "GEOID": "30", "STUSPS": "MT", "NAME": "Montana", "LSAD": "00", "ALAND": 376962738765, "AWATER": 3869208832 }, "geometry": { "type": "MultiLineString", "coordinates": [ [ [ -107.259594, 48.759532 ], [ -107.243419, 48.745406 ], [ -107.219229, 48.724718 ], [ -107.206643, 48.723926 ] ] ] } },
{ "type": "Feature", "properties": { "TYPEPIPE": "Interstate", "Operator": "Northern Border PL Co", "Status": "Operating", "Shape_Leng": 1.4101854980799999, "STATEFP": "30", "STATENS": "00767982", "AFFGEOID": "0400000US30", "GEOID": "30", "STUSPS": "MT", "NAME": "Montana", "LSAD": "00", "ALAND": 376962738765, "AWATER": 3869208832 }, "geometry": { "type": "MultiLineString", "coordinates": [ [ [ -107.206643, 48.723926 ], [ -107.191408, 48.721735 ], [ -107.16757, 48.706338 ], [ -107.130414, 48.700432 ], [ -107.116006, 48.700342 ], [ -107.057948, 48.688057 ], [ -107.053393, 48.689232 ], [ -107.041958, 48.686465 ], [ -107.013929, 48.686649 ], [ -106.981214, 48.670752 ], [ -106.956699, 48.670473 ], [ -106.947728, 48.663227 ], [ -106.937648, 48.659424 ], [ -106.934103, 48.654121 ], [ -106.905618, 48.644501 ], [ -106.902938, 48.632734 ], [ -106.897978, 48.630783 ], [ -106.857205, 48.633507 ], [ -106.823724, 48.62968 ], [ -106.759628, 48.632416 ], [ -106.686829, 48.631947 ], [ -106.677535, 48.630804 ], [ -106.662639, 48.625808 ], [ -106.655075, 48.623188 ], [ -106.643702, 48.616262 ], [ -106.584653, 48.604761 ], [ -106.571495, 48.604591 ], [ -106.543541, 48.60092 ], [ -106.520679, 48.597941 ], [ -106.507314, 48.594882 ], [ -106.503899, 48.589629 ], [ -106.40895, 48.576367 ], [ -106.395942, 48.571567 ], [ -106.342368, 48.565218 ], [ -106.279731, 48.551324 ], [ -106.206087, 48.535306 ], [ -106.181591, 48.534499 ], [ -106.104896, 48.519955 ], [ -106.007847, 48.502257 ], [ -105.998687, 48.502269 ], [ -105.967016, 48.497675 ], [ -105.933857, 48.492455 ], [ -105.883724, 48.488533 ], [ -105.874187, 48.485175 ], [ -105.862215, 48.484132 ], [ -105.842833, 48.482254 ] ] ] } },
{ "type": "Feature", "properties": { "TYPEPIPE": "Interstate", "Operator": "Northern Border PL Co", "Status": "Operating", "Shape_Leng": 0.80858938228, "STATEFP": "30", "STATENS": "00767982", "AFFGEOID": "0400000US30", "GEOID": "30", "STUSPS": "MT", "NAME": "Montana", "LSAD": "00", "ALAND": 376962738765, "AWATER": 3869208832 }, "geometry": { "type": "MultiLineString", "coordinates": [ [ [ -105.842833, 48.482254 ], [ -105.804063, 48.476827 ], [ -105.79719, 48.472684 ], [ -105.764656, 48.46643 ], [ -105.73955, 48.455937 ], [ -105.706772, 48.452261 ], [ -105.70434, 48.44893 ], [ -105.59861, 48.435021 ], [ -105.596338, 48.430779 ], [ -105.546114, 48.417574 ], [ -105.541157, 48.416242 ], [ -105.529746, 48.416241 ], [ -105.516086, 48.417176 ], [ -105.440772, 48.406357 ], [ -105.382667, 48.391737 ], [ -105.378466, 48.387343 ], [ -105.331599, 48.384883 ], [ -105.310709, 48.385436 ], [ -105.285288, 48.380077 ], [ -105.264487, 48.371225 ], [ -105.229893, 48.368177 ], [ -105.226328, 48.364478 ], [ -105.188197, 48.359105 ], [ -105.170581, 48.359302 ], [ -105.148464, 48.356925 ], [ -105.134082, 48.358161 ], [ -105.120702, 48.358373 ], [ -105.117958, 48.356039 ], [ -105.080058, 48.350734 ], [ -105.056372, 48.347337 ] ] ] } },
{ "type": "Feature", "properties": { "TYPEPIPE": "Interstate", "Operator": "Northern Border PL Co", "Status": "Operating", "Shape_Leng": 0.29919702311000002, "STATEFP": "30", "STATENS": "00767982", "AFFGEOID": "0400000US30", "GEOID": "30", "STUSPS": "MT", "NAME": "Montana", "LSAD": "00", "ALAND": 376962738765, "AWATER": 3869208832 }, "geometry": { "type": "MultiLineString", "coordinates": [ [ [ -105.056372, 48.347337 ], [ -105.052646, 48.343308 ], [ -105.00015, 48.340257 ], [ -104.976275, 48.338945 ], [ -104.91557, 48.326332 ], [ -104.877674, 48.322619 ], [ -104.783812, 48.31758 ], [ -104.783305, 48.313949 ], [ -104.764135, 48.310537 ] ] ] } },
{ "type": "Feature", "properties": { "TYPEPIPE": "Interstate", "Operator": "Northern Border PL Co", "Status": "Operating", "Shape_Leng": 0.39811093032, "STATEFP": "30", "STATENS": "00767982", "AFFGEOID": "0400000US30", "GEOID": "30", "STUSPS": "MT", "NAME": "Montana", "LSAD": "00", "ALAND": 376962738765, "AWATER": 3869208832 }, "geometry": { "type": "MultiLineString", "coordinates": [ [ [ -104.764135, 48.310537 ], [ -104.736566, 48.306174 ], [ -104.714117, 48.300729 ], [ -104.697727, 48.301074 ], [ -104.692032, 48.293632 ], [ -104.677358, 48.28788 ], [ -104.613785, 48.264471 ], [ -104.593889, 48.26102 ], [ -104.581565, 48.262869 ], [ -104.557468, 48.252578 ], [ -104.541419, 48.248798 ], [ -104.514601, 48.245045 ], [ -104.513877, 48.241515 ], [ -104.414961, 48.216034 ], [ -104.413784, 48.212905 ], [ -104.387483, 48.212198 ] ] ] } },
{ "type": "Feature", "properties": { "TYPEPIPE": "Interstate", "Operator": "Northern Border PL Co", "Status": "Operating", "Shape_Leng": 0.32921862347000003, "STATEFP": "30", "STATENS": "00767982", "AFFGEOID": "0400000US30", "GEOID": "30", "STUSPS": "MT", "NAME": "Montana", "LSAD": "00", "ALAND": 376962738765, "AWATER": 3869208832 }, "geometry": { "type": "MultiLineString", "coordinates": [ [ [ -104.387483, 48.212198 ], [ -104.347299, 48.201022 ], [ -104.347112, 48.1983 ], [ -104.304378, 48.187879 ], [ -104.279717, 48.178774 ], [ -104.268992, 48.181837 ], [ -104.245524, 48.170315 ], [ -104.21664, 48.161578 ], [ -104.211038, 48.16185 ], [ -104.184855, 48.149439 ], [ -104.184795, 48.14338 ], [ -104.166498, 48.131118 ], [ -104.131682, 48.114418 ], [ -104.130441, 48.110998 ], [ -104.094076, 48.105953 ], [ -104.089961, 48.10246 ] ] ] } },
{ "type": "Feature", "properties": { "TYPEPIPE": "Interstate", "Operator": "Northern Border PL Co", "Status": "Operating", "Shape_Leng": 0.04805917333, "STATEFP": "30", "STATENS": "00767982", "AFFGEOID": "0400000US30", "GEOID": "30", "STUSPS": "MT", "NAME": "Montana", "LSAD": "00", "ALAND": 376962738765, "AWATER": 3869208832 }, "geometry": { "type": "MultiLineString", "coordinates": [ [ [ -104.089961, 48.10246 ], [ -104.044691813958693, 48.088084178788741 ] ] ] } },
{ "type": "Feature", "properties": { "TYPEPIPE": "Intrastate", "Operator": "Northwestern Energy Co", "Status": "Operating", "Shape_Leng": 0.00755191214, "STATEFP": "30", "STATENS": "00767982", "AFFGEOID": "0400000US30", "GEOID": "30", "STUSPS": "MT", "NAME": "Montana", "LSAD": "00", "ALAND": 376962738765, "AWATER": 3869208832 }, "geometry": { "type": "MultiLineString", "coordinates": [ [ [ -109.472157, 48.528246 ], [ -109.471588, 48.527876 ], [ -109.471811, 48.527643 ], [ -109.472076, 48.527544 ], [ -109.472392, 48.526298 ], [ -109.471703, 48.526204 ], [ -109.471576, 48.52572 ], [ -109.472068, 48.525542 ], [ -109.472297, 48.525488 ], [ -109.472923, 48.524498 ], [ -109.474778, 48.524417 ] ] ] } },
{ "type": "Feature", "properties": { "TYPEPIPE": "Intrastate", "Operator": "Northwestern Energy Co", "Status": "Operating", "Shape_Leng": 0.44086221821, "STATEFP": "30", "STATENS": "00767982", "AFFGEOID": "0400000US30", "GEOID": "30", "STUSPS": "MT", "NAME": "Montana", "LSAD": "00", "ALAND": 376962738765, "AWATER": 3869208832 }, "geometry": { "type": "MultiLineString", "coordinates": [ [ [ -109.316046, 48.742224 ], [ -109.31267, 48.745281 ], [ -109.303613, 48.754267 ], [ -109.294253, 48.765581 ], [ -109.288246, 48.772762 ], [ -109.27957, 48.781319 ], [ -109.276661, 48.788954 ], [ -109.276284, 48.799343 ], [ -109.243614, 48.814986 ], [ -109.223853, 48.829203 ], [ -109.162726249999977, 48.87742304600004 ], [ -109.093727193999925, 48.934059516000048 ], [ -108.966555844999959, 48.995100012000073 ] ] ] } },
{ "type": "Feature", "properties": { "TYPEPIPE": "Intrastate", "Operator": "Northwestern Energy Co", "Status": "Operating", "Shape_Leng": 0.27325829636, "STATEFP": "30", "STATENS": "00767982", "AFFGEOID": "0400000US30", "GEOID": "30", "STUSPS": "MT", "NAME": "Montana", "LSAD": "00", "ALAND": 376962738765, "AWATER": 3869208832 }, "geometry": { "type": "MultiLineString", "coordinates": [ [ [ -109.316046, 48.742224 ], [ -109.33303, 48.725503 ], [ -109.337535, 48.715115 ], [ -109.354715, 48.703332 ], [ -109.361027, 48.696536 ], [ -109.373261, 48.682988 ], [ -109.390446, 48.668453 ], [ -109.398643, 48.659185 ], [ -109.396372, 48.655666 ], [ -109.395816, 48.644485 ], [ -109.457456, 48.582251 ], [ -109.44008, 48.564525 ], [ -109.458682, 48.544871 ] ] ] } },
{ "type": "Feature", "properties": { "TYPEPIPE": "Intrastate", "Operator": "Northwestern Energy Co", "Status": "Operating", "Shape_Leng": 0.00141697777, "STATEFP": "30", "STATENS": "00767982", "AFFGEOID": "0400000US30", "GEOID": "30", "STUSPS": "MT", "NAME": "Montana", "LSAD": "00", "ALAND": 376962738765, "AWATER": 3869208832 }, "geometry": { "type": "MultiLineString", "coordinates": [ [ [ -109.229274, 48.581903 ], [ -109.229049, 48.583302 ] ] ] } },
{ "type": "Feature", "properties": { "TYPEPIPE": "Intrastate", "Operator": "Northwestern Energy Co", "Status": "Operating", "Shape_Leng": 0.03660838471, "STATEFP": "30", "STATENS": "00767982", "AFFGEOID": "0400000US30", "GEOID": "30", "STUSPS": "MT", "NAME": "Montana", "LSAD": "00", "ALAND": 376962738765, "AWATER": 3869208832 }, "geometry": { "type": "MultiLineString", "coordinates": [ [ [ -109.229274, 48.581903 ], [ -109.216202, 48.581749 ], [ -109.216839, 48.596882 ], [ -109.216039, 48.597261 ], [ -109.21582, 48.602612 ], [ -109.213686, 48.60286 ] ] ] } },
{ "type": "Feature", "properties": { "TYPEPIPE": "Intrastate", "Operator": "Northwestern Energy Co", "Status": "Operating", "Shape_Leng": 0.16677135358, "STATEFP": "30", "STATENS": "00767982", "AFFGEOID": "0400000US30", "GEOID": "30", "STUSPS": "MT", "NAME": "Montana", "LSAD": "00", "ALAND": 376962738765, "AWATER": 3869208832 }, "geometry": { "type": "MultiLineString", "coordinates": [ [ [ -109.445958, 48.525696 ], [ -109.409609, 48.525699 ], [ -109.281989, 48.498808 ] ] ] } },
{ "type": "Feature", "properties": { "TYPEPIPE": "Intrastate", "Operator": "Northwestern Energy Co", "Status": "Operating", "Shape_Leng": 0.11296622863, "STATEFP": "30", "STATENS": "00767982", "AFFGEOID": "0400000US30", "GEOID": "30", "STUSPS": "MT", "NAME": "Montana", "LSAD": "00", "ALAND": 376962738765, "AWATER": 3869208832 }, "geometry": { "type": "MultiLineString", "coordinates": [ [ [ -109.281989, 48.498808 ], [ -109.275892, 48.508354 ], [ -109.27137, 48.510563 ], [ -109.271494, 48.514029 ], [ -109.257509, 48.521878 ], [ -109.240322, 48.547121 ], [ -109.236711, 48.550149 ], [ -109.236147, 48.553662 ], [ -109.231775, 48.557145 ], [ -109.231587, 48.558037 ], [ -109.229187, 48.557955 ], [ -109.22075, 48.568791 ], [ -109.229274, 48.581798 ], [ -109.229274, 48.581903 ] ] ] } },
{ "type": "Feature", "properties": { "TYPEPIPE": "Intrastate", "Operator": "Northwestern Energy Co", "Status": "Operating", "Shape_Leng": 0.00666341301, "STATEFP": "30", "STATENS": "00767982", "AFFGEOID": "0400000US30", "GEOID": "30", "STUSPS": "MT", "NAME": "Montana", "LSAD": "00", "ALAND": 376962738765, "AWATER": 3869208832 }, "geometry": { "type": "MultiLineString", "coordinates": [ [ [ -109.942275, 48.191325 ], [ -109.948082, 48.194593 ] ] ] } },
{ "type": "Feature", "properties": { "TYPEPIPE": "Intrastate", "Operator": "Northwestern Energy Co", "Status": "Operating", "Shape_Leng": 0.00509376403, "STATEFP": "30", "STATENS": "00767982", "AFFGEOID": "0400000US30", "GEOID": "30", "STUSPS": "MT", "NAME": "Montana", "LSAD": "00", "ALAND": 376962738765, "AWATER": 3869208832 }, "geometry": { "type": "MultiLineString", "coordinates": [ [ [ -109.942275, 48.191325 ], [ -109.938299, 48.194509 ] ] ] } },
{ "type": "Feature", "properties": { "TYPEPIPE": "Intrastate", "Operator": "Northwestern Energy Co", "Status": "Operating", "Shape_Leng": 0.01706031848, "STATEFP": "30", "STATENS": "00767982", "AFFGEOID": "0400000US30", "GEOID": "30", "STUSPS": "MT", "NAME": "Montana", "LSAD": "00", "ALAND": 376962738765, "AWATER": 3869208832 }, "geometry": { "type": "MultiLineString", "coordinates": [ [ [ -109.940134, 48.179824 ], [ -109.937432, 48.182148 ], [ -109.937689, 48.183604 ], [ -109.936536, 48.183979 ], [ -109.935751, 48.186443 ], [ -109.938416, 48.189108 ], [ -109.942275, 48.191325 ] ] ] } },
{ "type": "Feature", "properties": { "TYPEPIPE": "Intrastate", "Operator": "Northwestern Energy Co", "Status": "Operating", "Shape_Leng": 0.01398782739, "STATEFP": "30", "STATENS": "00767982", "AFFGEOID": "0400000US30", "GEOID": "30", "STUSPS": "MT", "NAME": "Montana", "LSAD": "00", "ALAND": 376962738765, "AWATER": 3869208832 }, "geometry": { "type": "MultiLineString", "coordinates": [ [ [ -109.940134, 48.179824 ], [ -109.943384, 48.181217 ], [ -109.945066, 48.182015 ], [ -109.946516, 48.182995 ], [ -109.947852, 48.183895 ], [ -109.948692, 48.184586 ], [ -109.952633, 48.185859 ] ] ] } },
{ "type": "Feature", "properties": { "TYPEPIPE": "Intrastate", "Operator": "Northwestern Energy Co", "Status": "Operating", "Shape_Leng": 0.1012746736, "STATEFP": "30", "STATENS": "00767982", "AFFGEOID": "0400000US30", "GEOID": "30", "STUSPS": "MT", "NAME": "Montana", "LSAD": "00", "ALAND": 376962738765, "AWATER": 3869208832 }, "geometry": { "type": "MultiLineString", "coordinates": [ [ [ -109.924618, 48.092822 ], [ -109.924154, 48.093407 ], [ -109.922054, 48.092605 ], [ -109.91964, 48.092844 ], [ -109.919944, 48.093278 ], [ -109.917898, 48.095251 ], [ -109.920078, 48.105582 ], [ -109.919303, 48.106749 ], [ -109.919678, 48.10772 ], [ -109.918277, 48.115351 ], [ -109.918652, 48.121336 ], [ -109.917412, 48.123164 ], [ -109.917667, 48.124922 ], [ -109.924152, 48.133423 ], [ -109.925161, 48.136891 ], [ -109.926868, 48.139115 ], [ -109.927556, 48.139528 ], [ -109.928703, 48.139816 ], [ -109.931057, 48.147932 ], [ -109.936014, 48.161535 ], [ -109.936195, 48.16309 ], [ -109.937418, 48.168675 ], [ -109.938748, 48.175381 ], [ -109.941139, 48.178732 ], [ -109.940134, 48.179824 ] ] ] } },
{ "type": "Feature", "properties": { "TYPEPIPE": "Intrastate", "Operator": "Northwestern Energy Co", "Status": "Operating", "Shape_Leng": 0.20976974845, "STATEFP": "30", "STATENS": "00767982", "AFFGEOID": "0400000US30", "GEOID": "30", "STUSPS": "MT", "NAME": "Montana", "LSAD": "00", "ALAND": 376962738765, "AWATER": 3869208832 }, "geometry": { "type": "MultiLineString", "coordinates": [ [ [ -109.445958, 48.525696 ], [ -109.465815, 48.525892 ], [ -109.466282, 48.526267 ], [ -109.466706, 48.526444 ], [ -109.467475, 48.526686 ], [ -109.4682, 48.526655 ], [ -109.468919, 48.526374 ], [ -109.469443, 48.525913 ], [ -109.475207, 48.525899 ], [ -109.476964, 48.525935 ], [ -109.48133, 48.52646 ], [ -109.489952, 48.527844 ], [ -109.518186, 48.531817 ], [ -109.524296, 48.533422 ], [ -109.535907, 48.53513 ], [ -109.544715, 48.537725 ], [ -109.562712, 48.538042 ], [ -109.570013, 48.53375 ], [ -109.575395, 48.533682 ], [ -109.579512, 48.531796 ], [ -109.584141, 48.532168 ], [ -109.58678, 48.538408 ], [ -109.643346, 48.538592 ], [ -109.647985, 48.540681 ] ] ] } },
{ "type": "Feature", "properties": { "TYPEPIPE": "Intrastate", "Operator": "Northwestern Energy Co", "Status": "Operating", "Shape_Leng": 0.01562858938, "STATEFP": "30", "STATENS": "00767982", "AFFGEOID": "0400000US30", "GEOID": "30", "STUSPS": "MT", "NAME": "Montana", "LSAD": "00", "ALAND": 376962738765, "AWATER": 3869208832 }, "geometry": { "type": "MultiLineString", "coordinates": [ [ [ -109.245354, 48.486069 ], [ -109.247192, 48.490736 ], [ -109.247161, 48.494019 ], [ -109.245087, 48.501049 ] ] ] } },
{ "type": "Feature", "properties": { "TYPEPIPE": "Intrastate", "Operator": "Northwestern Energy Co", "Status": "Operating", "Shape_Leng": 0.01882836672, "STATEFP": "30", "STATENS": "00767982", "AFFGEOID": "0400000US30", "GEOID": "30", "STUSPS": "MT", "NAME": "Montana", "LSAD": "00", "ALAND": 376962738765, "AWATER": 3869208832 }, "geometry": { "type": "MultiLineString", "coordinates": [ [ [ -109.245354, 48.486069 ], [ -109.236306, 48.48855 ], [ -109.229663, 48.495266 ] ] ] } },
{ "type": "Feature", "properties": { "TYPEPIPE": "Intrastate", "Operator": "Northwestern Energy Co", "Status": "Operating", "Shape_Leng": 0.01931836456, "STATEFP": "30", "STATENS": "00767982", "AFFGEOID": "0400000US30", "GEOID": "30", "STUSPS": "MT", "NAME": "Montana", "LSAD": "00", "ALAND": 376962738765, "AWATER": 3869208832 }, "geometry": { "type": "MultiLineString", "coordinates": [ [ [ -109.229663, 48.495266 ], [ -109.227802, 48.496764 ], [ -109.224989, 48.497931 ], [ -109.223428, 48.497595 ], [ -109.220695, 48.500343 ], [ -109.216812, 48.499905 ], [ -109.21263, 48.501577 ] ] ] } },
{ "type": "Feature", "properties": { "TYPEPIPE": "Intrastate", "Operator": "Northwestern Energy Co", "Status": "Operating", "Shape_Leng": 0.00307921045, "STATEFP": "30", "STATENS": "00767982", "AFFGEOID": "0400000US30", "GEOID": "30", "STUSPS": "MT", "NAME": "Montana", "LSAD": "00", "ALAND": 376962738765, "AWATER": 3869208832 }, "geometry": { "type": "MultiLineString", "coordinates": [ [ [ -109.229663, 48.495266 ], [ -109.232519, 48.496417 ] ] ] } },
{ "type": "Feature", "properties": { "TYPEPIPE": "Intrastate", "Operator": "Northwestern Energy Co", "Status": "Operating", "Shape_Leng": 0.03654564957, "STATEFP": "30", "STATENS": "00767982", "AFFGEOID": "0400000US30", "GEOID": "30", "STUSPS": "MT", "NAME": "Montana", "LSAD": "00", "ALAND": 376962738765, "AWATER": 3869208832 }, "geometry": { "type": "MultiLineString", "coordinates": [ [ [ -109.251589, 48.455053 ], [ -109.244716, 48.458382 ], [ -109.239502, 48.456078 ], [ -109.226907, 48.450275 ], [ -109.223178, 48.448559 ], [ -109.218082, 48.447356 ] ] ] } },
{ "type": "Feature", "properties": { "TYPEPIPE": "Intrastate", "Operator": "Northwestern Energy Co", "Status": "Operating", "Shape_Leng": 0.00326012899, "STATEFP": "30", "STATENS": "00767982", "AFFGEOID": "0400000US30", "GEOID": "30", "STUSPS": "MT", "NAME": "Montana", "LSAD": "00", "ALAND": 376962738765, "AWATER": 3869208832 }, "geometry": { "type": "MultiLineString", "coordinates": [ [ [ -109.249612, 48.454717 ], [ -109.249641, 48.451457 ] ] ] } },
{ "type": "Feature", "properties": { "TYPEPIPE": "Intrastate", "Operator": "Northwestern Energy Co", "Status": "Operating", "Shape_Leng": 0.003119879, "STATEFP": "30", "STATENS": "00767982", "AFFGEOID": "0400000US30", "GEOID": "30", "STUSPS": "MT", "NAME": "Montana", "LSAD": "00", "ALAND": 376962738765, "AWATER": 3869208832 }, "geometry": { "type": "MultiLineString", "coordinates": [ [ [ -109.249641, 48.451457 ], [ -109.246524, 48.451323 ] ] ] } },
{ "type": "Feature", "properties": { "TYPEPIPE": "Intrastate", "Operator": "Northwestern Energy Co", "Status": "Operating", "Shape_Leng": 0.00509867051, "STATEFP": "30", "STATENS": "00767982", "AFFGEOID": "0400000US30", "GEOID": "30", "STUSPS": "MT", "NAME": "Montana", "LSAD": "00", "ALAND": 376962738765, "AWATER": 3869208832 }, "geometry": { "type": "MultiLineString", "coordinates": [ [ [ -109.249641, 48.451457 ], [ -109.249476, 48.446361 ] ] ] } },
{ "type": "Feature", "properties": { "TYPEPIPE": "Intrastate", "Operator": "Northwestern Energy Co", "Status": "Operating", "Shape_Leng": 0.00500080124, "STATEFP": "30", "STATENS": "00767982", "AFFGEOID": "0400000US30", "GEOID": "30", "STUSPS": "MT", "NAME": "Montana", "LSAD": "00", "ALAND": 376962738765, "AWATER": 3869208832 }, "geometry": { "type": "MultiLineString", "coordinates": [ [ [ -109.249476, 48.446361 ], [ -109.244498, 48.446838 ] ] ] } },
{ "type": "Feature", "properties": { "TYPEPIPE": "Intrastate", "Operator": "Northwestern Energy Co", "Status": "Operating", "Shape_Leng": 0.03380312883, "STATEFP": "30", "STATENS": "00767982", "AFFGEOID": "0400000US30", "GEOID": "30", "STUSPS": "MT", "NAME": "Montana", "LSAD": "00", "ALAND": 376962738765, "AWATER": 3869208832 }, "geometry": { "type": "MultiLineString", "coordinates": [ [ [ -109.281989, 48.498808 ], [ -109.279508, 48.496514 ], [ -109.279577, 48.481814 ], [ -109.269698, 48.472404 ], [ -109.267719, 48.471762 ] ] ] } },
{ "type": "Feature", "properties": { "TYPEPIPE": "Intrastate", "Operator": "Northwestern Energy Co", "Status": "Operating", "Shape_Leng": 0.06859128008, "STATEFP": "30", "STATENS": "00767982", "AFFGEOID": "0400000US30", "GEOID": "30", "STUSPS": "MT", "NAME": "Montana", "LSAD": "00", "ALAND": 376962738765, "AWATER": 3869208832 }, "geometry": { "type": "MultiLineString", "coordinates": [ [ [ -109.249476, 48.446361 ], [ -109.249509, 48.4444 ], [ -109.316139, 48.444382 ] ] ] } },
{ "type": "Feature", "properties": { "TYPEPIPE": "Intrastate", "Operator": "Northwestern Energy Co", "Status": "Operating", "Shape_Leng": 0.473533183, "STATEFP": "30", "STATENS": "00767982", "AFFGEOID": "0400000US30", "GEOID": "30", "STUSPS": "MT", "NAME": "Montana", "LSAD": "00", "ALAND": 376962738765, "AWATER": 3869208832 }, "geometry": { "type": "MultiLineString", "coordinates": [ [ [ -108.800324, 48.5089 ], [ -108.816611, 48.508734 ], [ -108.839941, 48.50799 ], [ -108.842117, 48.506803 ], [ -108.844215, 48.505924 ], [ -108.845891, 48.505575 ], [ -108.90057, 48.496773 ], [ -108.920849, 48.496431 ], [ -108.931542, 48.495738 ], [ -108.946117, 48.494528 ], [ -108.960558, 48.487453 ], [ -108.999281, 48.487173 ], [ -109.036906, 48.48397 ], [ -109.068401, 48.483717 ], [ -109.085251, 48.482189 ], [ -109.111421, 48.482312 ], [ -109.113398, 48.480257 ], [ -109.195698, 48.476174 ], [ -109.223326, 48.46499 ], [ -109.227622, 48.464795 ], [ -109.231803, 48.464014 ], [ -109.246926, 48.460371 ], [ -109.255748, 48.460739 ], [ -109.26036, 48.46487 ], [ -109.262723, 48.466913 ], [ -109.264476, 48.467808 ] ] ] } },
{ "type": "Feature", "properties": { "TYPEPIPE": "Intrastate", "Operator": "Northwestern Energy Co", "Status": "Operating", "Shape_Leng": 0.03880918364, "STATEFP": "30", "STATENS": "00767982", "AFFGEOID": "0400000US30", "GEOID": "30", "STUSPS": "MT", "NAME": "Montana", "LSAD": "00", "ALAND": 376962738765, "AWATER": 3869208832 }, "geometry": { "type": "MultiLineString", "coordinates": [ [ [ -109.297209, 48.454986 ], [ -109.279297, 48.453209 ], [ -109.264424, 48.467763 ] ] ] } },
{ "type": "Feature", "properties": { "TYPEPIPE": "Intrastate", "Operator": "Northwestern Energy Co", "Status": "Operating", "Shape_Leng": 0.0786674193, "STATEFP": "30", "STATENS": "00767982", "AFFGEOID": "0400000US30", "GEOID": "30", "STUSPS": "MT", "NAME": "Montana", "LSAD": "00", "ALAND": 376962738765, "AWATER": 3869208832 }, "geometry": { "type": "MultiLineString", "coordinates": [ [ [ -109.264966, 48.468066 ], [ -109.266227, 48.46873 ], [ -109.274108, 48.472052 ], [ -109.307168, 48.485592 ], [ -109.326104, 48.493354 ], [ -109.335123, 48.4847 ] ] ] } },
{ "type": "Feature", "properties": { "TYPEPIPE": "Intrastate", "Operator": "Northwestern Energy Co", "Status": "Operating", "Shape_Leng": 0.01087348937, "STATEFP": "30", "STATENS": "00767982", "AFFGEOID": "0400000US30", "GEOID": "30", "STUSPS": "MT", "NAME": "Montana", "LSAD": "00", "ALAND": 376962738765, "AWATER": 3869208832 }, "geometry": { "type": "MultiLineString", "coordinates": [ [ [ -109.252718, 48.479992 ], [ -109.249569, 48.483021 ], [ -109.255207, 48.486264 ] ] ] } },
{ "type": "Feature", "properties": { "TYPEPIPE": "Intrastate", "Operator": "Northwestern Energy Co", "Status": "Operating", "Shape_Leng": 0.0086109197, "STATEFP": "30", "STATENS": "00767982", "AFFGEOID": "0400000US30", "GEOID": "30", "STUSPS": "MT", "NAME": "Montana", "LSAD": "00", "ALAND": 376962738765, "AWATER": 3869208832 }, "geometry": { "type": "MultiLineString", "coordinates": [ [ [ -109.252718, 48.479992 ], [ -109.260525, 48.483625 ] ] ] } },
{ "type": "Feature", "properties": { "TYPEPIPE": "Intrastate", "Operator": "Northwestern Energy Co", "Status": "Operating", "Shape_Leng": 0.00463852821, "STATEFP": "30", "STATENS": "00767982", "AFFGEOID": "0400000US30", "GEOID": "30", "STUSPS": "MT", "NAME": "Montana", "LSAD": "00", "ALAND": 376962738765, "AWATER": 3869208832 }, "geometry": { "type": "MultiLineString", "coordinates": [ [ [ -109.249612, 48.454717 ], [ -109.244974, 48.454787 ] ] ] } },
{ "type": "Feature", "properties": { "TYPEPIPE": "Intrastate", "Operator": "Northwestern Energy Co", "Status": "Operating", "Shape_Leng": 6.876772e-05, "STATEFP": "30", "STATENS": "00767982", "AFFGEOID": "0400000US30", "GEOID": "30", "STUSPS": "MT", "NAME": "Montana", "LSAD": "00", "ALAND": 376962738765, "AWATER": 3869208832 }, "geometry": { "type": "MultiLineString", "coordinates": [ [ [ -109.264476, 48.467808 ], [ -109.264424, 48.467763 ] ] ] } },
{ "type": "Feature", "properties": { "TYPEPIPE": "Intrastate", "Operator": "Northwestern Energy Co", "Status": "Operating", "Shape_Leng": 0.00487552469, "STATEFP": "30", "STATENS": "00767982", "AFFGEOID": "0400000US30", "GEOID": "30", "STUSPS": "MT", "NAME": "Montana", "LSAD": "00", "ALAND": 376962738765, "AWATER": 3869208832 }, "geometry": { "type": "MultiLineString", "coordinates": [ [ [ -109.263423, 48.468012 ], [ -109.259033, 48.465891 ] ] ] } },
{ "type": "Feature", "properties": { "TYPEPIPE": "Intrastate", "Operator": "Northwestern Energy Co", "Status": "Operating", "Shape_Leng": 0.0206779014, "STATEFP": "30", "STATENS": "00767982", "AFFGEOID": "0400000US30", "GEOID": "30", "STUSPS": "MT", "NAME": "Montana", "LSAD": "00", "ALAND": 376962738765, "AWATER": 3869208832 }, "geometry": { "type": "MultiLineString", "coordinates": [ [ [ -109.263423, 48.468012 ], [ -109.258882, 48.466832 ], [ -109.256866, 48.466421 ], [ -109.254661, 48.466315 ], [ -109.24987, 48.466565 ], [ -109.246866, 48.466736 ], [ -109.245574, 48.46699 ], [ -109.245044, 48.467854 ], [ -109.244552, 48.468644 ], [ -109.244401, 48.46928 ] ] ] } },
{ "type": "Feature", "properties": { "TYPEPIPE": "Intrastate", "Operator": "Northwestern Energy Co", "Status": "Operating", "Shape_Leng": 0.0002232353, "STATEFP": "30", "STATENS": "00767982", "AFFGEOID": "0400000US30", "GEOID": "30", "STUSPS": "MT", "NAME": "Montana", "LSAD": "00", "ALAND": 376962738765, "AWATER": 3869208832 }, "geometry": { "type": "MultiLineString", "coordinates": [ [ [ -109.264476, 48.467808 ], [ -109.264673, 48.467913 ] ] ] } },
{ "type": "Feature", "properties": { "TYPEPIPE": "Intrastate", "Operator": "Northwestern Energy Co", "Status": "Operating", "Shape_Leng": 0.019738122, "STATEFP": "30", "STATENS": "00767982", "AFFGEOID": "0400000US30", "GEOID": "30", "STUSPS": "MT", "NAME": "Montana", "LSAD": "00", "ALAND": 376962738765, "AWATER": 3869208832 }, "geometry": { "type": "MultiLineString", "coordinates": [ [ [ -109.264424, 48.467763 ], [ -109.249612, 48.454717 ] ] ] } },
{ "type": "Feature", "properties": { "TYPEPIPE": "Intrastate", "Operator": "Northwestern Energy Co", "Status": "Operating", "Shape_Leng": 0.00400492522, "STATEFP": "30", "STATENS": "00767982", "AFFGEOID": "0400000US30", "GEOID": "30", "STUSPS": "MT", "NAME": "Montana", "LSAD": "00", "ALAND": 376962738765, "AWATER": 3869208832 }, "geometry": { "type": "MultiLineString", "coordinates": [ [ [ -109.264424, 48.467763 ], [ -109.265339, 48.463864 ] ] ] } },
{ "type": "Feature", "properties": { "TYPEPIPE": "Intrastate", "Operator": "Northwestern Energy Co", "Status": "Operating", "Shape_Leng": 0.00473339716, "STATEFP": "30", "STATENS": "00767982", "AFFGEOID": "0400000US30", "GEOID": "30", "STUSPS": "MT", "NAME": "Montana", "LSAD": "00", "ALAND": 376962738765, "AWATER": 3869208832 }, "geometry": { "type": "MultiLineString", "coordinates": [ [ [ -109.265339, 48.463864 ], [ -109.266506, 48.460349 ], [ -109.267533, 48.460274 ] ] ] } },
{ "type": "Feature", "properties": { "TYPEPIPE": "Intrastate", "Operator": "Northwestern Energy Co", "Status": "Operating", "Shape_Leng": 0.01831809835, "STATEFP": "30", "STATENS": "00767982", "AFFGEOID": "0400000US30", "GEOID": "30", "STUSPS": "MT", "NAME": "Montana", "LSAD": "00", "ALAND": 376962738765, "AWATER": 3869208832 }, "geometry": { "type": "MultiLineString", "coordinates": [ [ [ -109.265339, 48.463864 ], [ -109.252714, 48.463688 ], [ -109.251796, 48.461776 ], [ -109.251146, 48.460274 ], [ -109.25118, 48.45834 ] ] ] } },
{ "type": "Feature", "properties": { "TYPEPIPE": "Intrastate", "Operator": "Northwestern Energy Co", "Status": "Operating", "Shape_Leng": 0.00480565344, "STATEFP": "30", "STATENS": "00767982", "AFFGEOID": "0400000US30", "GEOID": "30", "STUSPS": "MT", "NAME": "Montana", "LSAD": "00", "ALAND": 376962738765, "AWATER": 3869208832 }, "geometry": { "type": "MultiLineString", "coordinates": [ [ [ -109.264966, 48.468066 ], [ -109.269725, 48.468734 ] ] ] } },
{ "type": "Feature", "properties": { "TYPEPIPE": "Intrastate", "Operator": "Northwestern Energy Co", "Status": "Operating", "Shape_Leng": 0.00333884246, "STATEFP": "30", "STATENS": "00767982", "AFFGEOID": "0400000US30", "GEOID": "30", "STUSPS": "MT", "NAME": "Montana", "LSAD": "00", "ALAND": 376962738765, "AWATER": 3869208832 }, "geometry": { "type": "MultiLineString", "coordinates": [ [ [ -109.264673, 48.467913 ], [ -109.268011, 48.467838 ] ] ] } },
{ "type": "Feature", "properties": { "TYPEPIPE": "Intrastate", "Operator": "Northwestern Energy Co", "Status": "Operating", "Shape_Leng": 0.00015923881, "STATEFP": "30", "STATENS": "00767982", "AFFGEOID": "0400000US30", "GEOID": "30", "STUSPS": "MT", "NAME": "Montana", "LSAD": "00", "ALAND": 376962738765, "AWATER": 3869208832 }, "geometry": { "type": "MultiLineString", "coordinates": [ [ [ -109.264673, 48.467913 ], [ -109.264814, 48.467987 ] ] ] } },
{ "type": "Feature", "properties": { "TYPEPIPE": "Intrastate", "Operator": "Northwestern Energy Co", "Status": "Operating", "Shape_Leng": 0.00017130382, "STATEFP": "30", "STATENS": "00767982", "AFFGEOID": "0400000US30", "GEOID": "30", "STUSPS": "MT", "NAME": "Montana", "LSAD": "00", "ALAND": 376962738765, "AWATER": 3869208832 }, "geometry": { "type": "MultiLineString", "coordinates": [ [ [ -109.264814, 48.467987 ], [ -109.264966, 48.468066 ] ] ] } },
{ "type": "Feature", "properties": { "TYPEPIPE": "Intrastate", "Operator": "Northwestern Energy Co", "Status": "Operating", "Shape_Leng": 0.00072179291, "STATEFP": "30", "STATENS": "00767982", "AFFGEOID": "0400000US30", "GEOID": "30", "STUSPS": "MT", "NAME": "Montana", "LSAD": "00", "ALAND": 376962738765, "AWATER": 3869208832 }, "geometry": { "type": "MultiLineString", "coordinates": [ [ [ -109.264814, 48.467987 ], [ -109.264113, 48.468159 ] ] ] } },
{ "type": "Feature", "properties": { "TYPEPIPE": "Intrastate", "Operator": "Northwestern Energy Co", "Status": "Operating", "Shape_Leng": 0.01650268083, "STATEFP": "30", "STATENS": "00767982", "AFFGEOID": "0400000US30", "GEOID": "30", "STUSPS": "MT", "NAME": "Montana", "LSAD": "00", "ALAND": 376962738765, "AWATER": 3869208832 }, "geometry": { "type": "MultiLineString", "coordinates": [ [ [ -109.264113, 48.468159 ], [ -109.258025, 48.473352 ], [ -109.253969, 48.47849 ], [ -109.252718, 48.479992 ] ] ] } },
{ "type": "Feature", "properties": { "TYPEPIPE": "Intrastate", "Operator": "Northwestern Energy Co", "Status": "Operating", "Shape_Leng": 0.00032249341, "STATEFP": "30", "STATENS": "00767982", "AFFGEOID": "0400000US30", "GEOID": "30", "STUSPS": "MT", "NAME": "Montana", "LSAD": "00", "ALAND": 376962738765, "AWATER": 3869208832 }, "geometry": { "type": "MultiLineString", "coordinates": [ [ [ -109.264113, 48.468159 ], [ -109.263792, 48.46819 ] ] ] } },
{ "type": "Feature", "properties": { "TYPEPIPE": "Intrastate", "Operator": "Northwestern Energy Co", "Status": "Operating", "Shape_Leng": 0.03065597198, "STATEFP": "30", "STATENS": "00767982", "AFFGEOID": "0400000US30", "GEOID": "30", "STUSPS": "MT", "NAME": "Montana", "LSAD": "00", "ALAND": 376962738765, "AWATER": 3869208832 }, "geometry": { "type": "MultiLineString", "coordinates": [ [ [ -109.263792, 48.46819 ], [ -109.249731, 48.471711 ], [ -109.246845, 48.473689 ], [ -109.245341, 48.480289 ], [ -109.245088, 48.485792 ], [ -109.245354, 48.486069 ] ] ] } },
{ "type": "Feature", "properties": { "TYPEPIPE": "Intrastate", "Operator": "Northwestern Energy Co", "Status": "Operating", "Shape_Leng": 0.00040968891, "STATEFP": "30", "STATENS": "00767982", "AFFGEOID": "0400000US30", "GEOID": "30", "STUSPS": "MT", "NAME": "Montana", "LSAD": "00", "ALAND": 376962738765, "AWATER": 3869208832 }, "geometry": { "type": "MultiLineString", "coordinates": [ [ [ -109.263792, 48.46819 ], [ -109.263423, 48.468012 ] ] ] } },
{ "type": "Feature", "properties": { "TYPEPIPE": "Intrastate", "Operator": "Northwestern Energy Co", "Status": "Operating", "Shape_Leng": 0.00586989065, "STATEFP": "30", "STATENS": "00767982", "AFFGEOID": "0400000US30", "GEOID": "30", "STUSPS": "MT", "NAME": "Montana", "LSAD": "00", "ALAND": 376962738765, "AWATER": 3869208832 }, "geometry": { "type": "MultiLineString", "coordinates": [ [ [ -109.923584, 48.087823 ], [ -109.923624, 48.09269 ], [ -109.924618, 48.092822 ] ] ] } },
{ "type": "Feature", "properties": { "TYPEPIPE": "Intrastate", "Operator": "Northwestern Energy Co", "Status": "Operating", "Shape_Leng": 0.0043828404, "STATEFP": "30", "STATENS": "00767982", "AFFGEOID": "0400000US30", "GEOID": "30", "STUSPS": "MT", "NAME": "Montana", "LSAD": "00", "ALAND": 376962738765, "AWATER": 3869208832 }, "geometry": { "type": "MultiLineString", "coordinates": [ [ [ -109.924618, 48.092822 ], [ -109.928979, 48.093259 ] ] ] } },
{ "type": "Feature", "properties": { "TYPEPIPE": "Intrastate", "Operator": "Northwestern Energy Co", "Status": "Operating", "Shape_Leng": 0.00444219428, "STATEFP": "30", "STATENS": "00767982", "AFFGEOID": "0400000US30", "GEOID": "30", "STUSPS": "MT", "NAME": "Montana", "LSAD": "00", "ALAND": 376962738765, "AWATER": 3869208832 }, "geometry": { "type": "MultiLineString", "coordinates": [ [ [ -109.923584, 48.087823 ], [ -109.919143, 48.087926 ] ] ] } },
{ "type": "Feature", "properties": { "TYPEPIPE": "Intrastate", "Operator": "Northwestern Energy Co", "Status": "Operating", "Shape_Leng": 0.02087855203, "STATEFP": "30", "STATENS": "00767982", "AFFGEOID": "0400000US30", "GEOID": "30", "STUSPS": "MT", "NAME": "Montana", "LSAD": "00", "ALAND": 376962738765, "AWATER": 3869208832 }, "geometry": { "type": "MultiLineString", "coordinates": [ [ [ -109.964923, 48.061514 ], [ -109.966666, 48.06402 ], [ -109.967539, 48.065195 ], [ -109.967982, 48.067619 ], [ -109.967897, 48.068765 ], [ -109.969072, 48.070349 ], [ -109.970475, 48.072445 ], [ -109.970852, 48.07329 ], [ -109.972227, 48.073783 ], [ -109.973742, 48.076159 ], [ -109.975331, 48.078763 ] ] ] } },
{ "type": "Feature", "properties": { "TYPEPIPE": "Intrastate", "Operator": "Northwestern Energy Co", "Status": "Operating", "Shape_Leng": 0.03097605859, "STATEFP": "30", "STATENS": "00767982", "AFFGEOID": "0400000US30", "GEOID": "30", "STUSPS": "MT", "NAME": "Montana", "LSAD": "00", "ALAND": 376962738765, "AWATER": 3869208832 }, "geometry": { "type": "MultiLineString", "coordinates": [ [ [ -109.975331, 48.078763 ], [ -109.97556, 48.078946 ], [ -109.981368, 48.080531 ], [ -109.980828, 48.081193 ], [ -109.981003, 48.083791 ], [ -109.982531, 48.084235 ], [ -109.987544, 48.08454 ], [ -109.991786, 48.085892 ], [ -109.993837, 48.088397 ], [ -109.994598, 48.095256 ] ] ] } },
{ "type": "Feature", "properties": { "TYPEPIPE": "Intrastate", "Operator": "Northwestern Energy Co", "Status": "Operating", "Shape_Leng": 0.01929437796, "STATEFP": "30", "STATENS": "00767982", "AFFGEOID": "0400000US30", "GEOID": "30", "STUSPS": "MT", "NAME": "Montana", "LSAD": "00", "ALAND": 376962738765, "AWATER": 3869208832 }, "geometry": { "type": "MultiLineString", "coordinates": [ [ [ -109.975331, 48.078763 ], [ -109.957217, 48.085408 ] ] ] } },
{ "type": "Feature", "properties": { "TYPEPIPE": "Intrastate", "Operator": "Northwestern Energy Co", "Status": "Operating", "Shape_Leng": 0.02052669742, "STATEFP": "30", "STATENS": "00767982", "AFFGEOID": "0400000US30", "GEOID": "30", "STUSPS": "MT", "NAME": "Montana", "LSAD": "00", "ALAND": 376962738765, "AWATER": 3869208832 }, "geometry": { "type": "MultiLineString", "coordinates": [ [ [ -109.251185, 47.730137 ], [ -109.238307, 47.73922 ], [ -109.233786, 47.740734 ] ] ] } },
{ "type": "Feature", "properties": { "TYPEPIPE": "Intrastate", "Operator": "Northwestern Energy Co", "Status": "Operating", "Shape_Leng": 0.00427975474, "STATEFP": "30", "STATENS": "00767982", "AFFGEOID": "0400000US30", "GEOID": "30", "STUSPS": "MT", "NAME": "Montana", "LSAD": "00", "ALAND": 376962738765, "AWATER": 3869208832 }, "geometry": { "type": "MultiLineString", "coordinates": [ [ [ -109.251185, 47.730137 ], [ -109.253339, 47.73159 ], [ -109.254977, 47.73197 ] ] ] } },
{ "type": "Feature", "properties": { "TYPEPIPE": "Intrastate", "Operator": "Northwestern Energy Co", "Status": "Operating", "Shape_Leng": 0.01118055484, "STATEFP": "30", "STATENS": "00767982", "AFFGEOID": "0400000US30", "GEOID": "30", "STUSPS": "MT", "NAME": "Montana", "LSAD": "00", "ALAND": 376962738765, "AWATER": 3869208832 }, "geometry": { "type": "MultiLineString", "coordinates": [ [ [ -109.261672, 47.727979 ], [ -109.254664, 47.727836 ], [ -109.251185, 47.730137 ] ] ] } },
{ "type": "Feature", "properties": { "TYPEPIPE": "Intrastate", "Operator": "Northwestern Energy Co", "Status": "Operating", "Shape_Leng": 0.00134489293, "STATEFP": "30", "STATENS": "00767982", "AFFGEOID": "0400000US30", "GEOID": "30", "STUSPS": "MT", "NAME": "Montana", "LSAD": "00", "ALAND": 376962738765, "AWATER": 3869208832 }, "geometry": { "type": "MultiLineString", "coordinates": [ [ [ -109.282033, 47.742507 ], [ -109.283377, 47.742458 ] ] ] } },
{ "type": "Feature", "properties": { "TYPEPIPE": "Intrastate", "Operator": "Northwestern Energy Co", "Status": "Operating", "Shape_Leng": 0.00456713798, "STATEFP": "30", "STATENS": "00767982", "AFFGEOID": "0400000US30", "GEOID": "30", "STUSPS": "MT", "NAME": "Montana", "LSAD": "00", "ALAND": 376962738765, "AWATER": 3869208832 }, "geometry": { "type": "MultiLineString", "coordinates": [ [ [ -109.282033, 47.742507 ], [ -109.281838, 47.744587 ], [ -109.283769, 47.74614 ] ] ] } },
{ "type": "Feature", "properties": { "TYPEPIPE": "Intrastate", "Operator": "Northwestern Energy Co", "Status": "Operating", "Shape_Leng": 0.00360473869, "STATEFP": "30", "STATENS": "00767982", "AFFGEOID": "0400000US30", "GEOID": "30", "STUSPS": "MT", "NAME": "Montana", "LSAD": "00", "ALAND": 376962738765, "AWATER": 3869208832 }, "geometry": { "type": "MultiLineString", "coordinates": [ [ [ -109.261672, 47.727979 ], [ -109.262102, 47.731558 ] ] ] } },
{ "type": "Feature", "properties": { "TYPEPIPE": "Intrastate", "Operator": "Northwestern Energy Co", "Status": "Operating", "Shape_Leng": 0.0274831371, "STATEFP": "30", "STATENS": "00767982", "AFFGEOID": "0400000US30", "GEOID": "30", "STUSPS": "MT", "NAME": "Montana", "LSAD": "00", "ALAND": 376962738765, "AWATER": 3869208832 }, "geometry": { "type": "MultiLineString", "coordinates": [ [ [ -109.262102, 47.731558 ], [ -109.262201, 47.733817 ], [ -109.261116, 47.734601 ], [ -109.261811, 47.737217 ], [ -109.263149, 47.738078 ], [ -109.266353, 47.738722 ], [ -109.27034, 47.739159 ], [ -109.271311, 47.739112 ], [ -109.278493, 47.742071 ], [ -109.282033, 47.742507 ] ] ] } },
{ "type": "Feature", "properties": { "TYPEPIPE": "Intrastate", "Operator": "Northwestern Energy Co", "Status": "Operating", "Shape_Leng": 0.00134885618, "STATEFP": "30", "STATENS": "00767982", "AFFGEOID": "0400000US30", "GEOID": "30", "STUSPS": "MT", "NAME": "Montana", "LSAD": "00", "ALAND": 376962738765, "AWATER": 3869208832 }, "geometry": { "type": "MultiLineString", "coordinates": [ [ [ -109.262102, 47.731558 ], [ -109.263215, 47.73232 ] ] ] } },
{ "type": "Feature", "properties": { "TYPEPIPE": "Intrastate", "Operator": "Northwestern Energy Co", "Status": "Operating", "Shape_Leng": 0.0015342653, "STATEFP": "30", "STATENS": "00767982", "AFFGEOID": "0400000US30", "GEOID": "30", "STUSPS": "MT", "NAME": "Montana", "LSAD": "00", "ALAND": 376962738765, "AWATER": 3869208832 }, "geometry": { "type": "MultiLineString", "coordinates": [ [ [ -109.263201, 47.727852 ], [ -109.261672, 47.727979 ] ] ] } },
{ "type": "Feature", "properties": { "TYPEPIPE": "Intrastate", "Operator": "Northwestern Energy Co", "Status": "Operating", "Shape_Leng": 0.00329215636, "STATEFP": "30", "STATENS": "00767982", "AFFGEOID": "0400000US30", "GEOID": "30", "STUSPS": "MT", "NAME": "Montana", "LSAD": "00", "ALAND": 376962738765, "AWATER": 3869208832 }, "geometry": { "type": "MultiLineString", "coordinates": [ [ [ -109.263201, 47.727852 ], [ -109.262277, 47.726404 ], [ -109.262955, 47.724983 ] ] ] } },
{ "type": "Feature", "properties": { "TYPEPIPE": "Intrastate", "Operator": "Northwestern Energy Co", "Status": "Operating", "Shape_Leng": 0.02294006568, "STATEFP": "30", "STATENS": "00767982", "AFFGEOID": "0400000US30", "GEOID": "30", "STUSPS": "MT", "NAME": "Montana", "LSAD": "00", "ALAND": 376962738765, "AWATER": 3869208832 }, "geometry": { "type": "MultiLineString", "coordinates": [ [ [ -109.285526, 47.72934 ], [ -109.283815, 47.728702 ], [ -109.28195, 47.728676 ], [ -109.28143, 47.728241 ], [ -109.280014, 47.728089 ], [ -109.274239, 47.727467 ], [ -109.267832, 47.726492 ], [ -109.263685, 47.727879 ], [ -109.263201, 47.727852 ] ] ] } },
{ "type": "Feature", "properties": { "TYPEPIPE": "Intrastate", "Operator": "Northwestern Energy Co", "Status": "Operating", "Shape_Leng": 0.0513125684, "STATEFP": "30", "STATENS": "00767982", "AFFGEOID": "0400000US30", "GEOID": "30", "STUSPS": "MT", "NAME": "Montana", "LSAD": "00", "ALAND": 376962738765, "AWATER": 3869208832 }, "geometry": { "type": "MultiLineString", "coordinates": [ [ [ -109.285526, 47.72934 ], [ -109.287557, 47.72551 ], [ -109.290882, 47.724044 ], [ -109.291376, 47.721942 ], [ -109.293064, 47.719735 ], [ -109.296051, 47.718647 ], [ -109.296833, 47.718724 ], [ -109.298216, 47.718065 ], [ -109.299818, 47.718121 ], [ -109.309563, 47.714153 ], [ -109.323944, 47.716151 ], [ -109.32439, 47.716408 ], [ -109.325209, 47.716587 ], [ -109.325881, 47.716611 ], [ -109.326588, 47.716639 ], [ -109.329938, 47.717758 ] ] ] } },
{ "type": "Feature", "properties": { "TYPEPIPE": "Intrastate", "Operator": "Northwestern Energy Co", "Status": "Operating", "Shape_Leng": 0.01610109301, "STATEFP": "30", "STATENS": "00767982", "AFFGEOID": "0400000US30", "GEOID": "30", "STUSPS": "MT", "NAME": "Montana", "LSAD": "00", "ALAND": 376962738765, "AWATER": 3869208832 }, "geometry": { "type": "MultiLineString", "coordinates": [ [ [ -109.301289, 47.731423 ], [ -109.297487, 47.730985 ], [ -109.295104, 47.730347 ], [ -109.292904, 47.730445 ], [ -109.29216, 47.729934 ], [ -109.288171, 47.729826 ], [ -109.286532, 47.729698 ], [ -109.285526, 47.72934 ] ] ] } },
{ "type": "Feature", "properties": { "TYPEPIPE": "Intrastate", "Operator": "Northwestern Energy Co", "Status": "Operating", "Shape_Leng": 0.00769342147, "STATEFP": "30", "STATENS": "00767982", "AFFGEOID": "0400000US30", "GEOID": "30", "STUSPS": "MT", "NAME": "Montana", "LSAD": "00", "ALAND": 376962738765, "AWATER": 3869208832 }, "geometry": { "type": "MultiLineString", "coordinates": [ [ [ -109.301289, 47.731423 ], [ -109.304498, 47.730846 ], [ -109.30878, 47.731993 ] ] ] } },
{ "type": "Feature", "properties": { "TYPEPIPE": "Intrastate", "Operator": "Northwestern Energy Co", "Status": "Operating", "Shape_Leng": 0.04425683618, "STATEFP": "30", "STATENS": "00767982", "AFFGEOID": "0400000US30", "GEOID": "30", "STUSPS": "MT", "NAME": "Montana", "LSAD": "00", "ALAND": 376962738765, "AWATER": 3869208832 }, "geometry": { "type": "MultiLineString", "coordinates": [ [ [ -109.153799, 48.051808 ], [ -109.140031, 48.047047 ], [ -109.131895, 48.046491 ], [ -109.12908, 48.046707 ], [ -109.127436, 48.045916 ], [ -109.125675, 48.045783 ], [ -109.115915, 48.041999 ], [ -109.111655, 48.040129 ] ] ] } },
{ "type": "Feature", "properties": { "TYPEPIPE": "Intrastate", "Operator": "Northwestern Energy Co", "Status": "Operating", "Shape_Leng": 0.03410460526, "STATEFP": "30", "STATENS": "00767982", "AFFGEOID": "0400000US30", "GEOID": "30", "STUSPS": "MT", "NAME": "Montana", "LSAD": "00", "ALAND": 376962738765, "AWATER": 3869208832 }, "geometry": { "type": "MultiLineString", "coordinates": [ [ [ -109.153799, 48.051808 ], [ -109.153071, 48.038938 ], [ -109.149089, 48.019867 ], [ -109.148945, 48.018831 ], [ -109.14831, 48.018572 ] ] ] } },
{ "type": "Feature", "properties": { "TYPEPIPE": "Intrastate", "Operator": "Northwestern Energy Co", "Status": "Operating", "Shape_Leng": 0.00631427629, "STATEFP": "30", "STATENS": "00767982", "AFFGEOID": "0400000US30", "GEOID": "30", "STUSPS": "MT", "NAME": "Montana", "LSAD": "00", "ALAND": 376962738765, "AWATER": 3869208832 }, "geometry": { "type": "MultiLineString", "coordinates": [ [ [ -109.14831, 48.018572 ], [ -109.15064, 48.01777 ], [ -109.154422, 48.018491 ] ] ] } },
{ "type": "Feature", "properties": { "TYPEPIPE": "Intrastate", "Operator": "Northwestern Energy Co", "Status": "Operating", "Shape_Leng": 0.01065710819, "STATEFP": "30", "STATENS": "00767982", "AFFGEOID": "0400000US30", "GEOID": "30", "STUSPS": "MT", "NAME": "Montana", "LSAD": "00", "ALAND": 376962738765, "AWATER": 3869208832 }, "geometry": { "type": "MultiLineString", "coordinates": [ [ [ -109.14831, 48.018572 ], [ -109.143464, 48.015029 ], [ -109.14808, 48.014435 ] ] ] } },
{ "type": "Feature", "properties": { "TYPEPIPE": "Intrastate", "Operator": "Northwestern Energy Co", "Status": "Operating", "Shape_Leng": 0.04078606938, "STATEFP": "30", "STATENS": "00767982", "AFFGEOID": "0400000US30", "GEOID": "30", "STUSPS": "MT", "NAME": "Montana", "LSAD": "00", "ALAND": 376962738765, "AWATER": 3869208832 }, "geometry": { "type": "MultiLineString", "coordinates": [ [ [ -109.192467, 48.064759 ], [ -109.186103, 48.062333 ], [ -109.153799, 48.051808 ] ] ] } },
{ "type": "Feature", "properties": { "TYPEPIPE": "Intrastate", "Operator": "Northwestern Energy Co", "Status": "Operating", "Shape_Leng": 0.0701115135, "STATEFP": "30", "STATENS": "00767982", "AFFGEOID": "0400000US30", "GEOID": "30", "STUSPS": "MT", "NAME": "Montana", "LSAD": "00", "ALAND": 376962738765, "AWATER": 3869208832 }, "geometry": { "type": "MultiLineString", "coordinates": [ [ [ -109.269496, 48.088258 ], [ -109.269047, 48.087983 ], [ -109.261765, 48.087863 ], [ -109.247448, 48.083416 ], [ -109.247151, 48.082858 ], [ -109.246852, 48.082734 ], [ -109.245801, 48.082731 ], [ -109.239063, 48.079388 ], [ -109.226467, 48.07672 ], [ -109.20295, 48.068518 ] ] ] } },
{ "type": "Feature", "properties": { "TYPEPIPE": "Intrastate", "Operator": "Northwestern Energy Co", "Status": "Operating", "Shape_Leng": 0.00665687976, "STATEFP": "30", "STATENS": "00767982", "AFFGEOID": "0400000US30", "GEOID": "30", "STUSPS": "MT", "NAME": "Montana", "LSAD": "00", "ALAND": 376962738765, "AWATER": 3869208832 }, "geometry": { "type": "MultiLineString", "coordinates": [ [ [ -109.751384, 48.069396 ], [ -109.753283, 48.067271 ], [ -109.750886, 48.065953 ], [ -109.749815, 48.065919 ] ] ] } },
{ "type": "Feature", "properties": { "TYPEPIPE": "Intrastate", "Operator": "Northwestern Energy Co", "Status": "Operating", "Shape_Leng": 0.00942494135, "STATEFP": "30", "STATENS": "00767982", "AFFGEOID": "0400000US30", "GEOID": "30", "STUSPS": "MT", "NAME": "Montana", "LSAD": "00", "ALAND": 376962738765, "AWATER": 3869208832 }, "geometry": { "type": "MultiLineString", "coordinates": [ [ [ -109.841778, 48.061737 ], [ -109.842907, 48.05558 ], [ -109.842015, 48.052543 ] ] ] } },
{ "type": "Feature", "properties": { "TYPEPIPE": "Intrastate", "Operator": "Northwestern Energy Co", "Status": "Operating", "Shape_Leng": 0.02676912351, "STATEFP": "30", "STATENS": "00767982", "AFFGEOID": "0400000US30", "GEOID": "30", "STUSPS": "MT", "NAME": "Montana", "LSAD": "00", "ALAND": 376962738765, "AWATER": 3869208832 }, "geometry": { "type": "MultiLineString", "coordinates": [ [ [ -109.990742, 48.057333 ], [ -109.988711, 48.057751 ], [ -109.988176, 48.057753 ], [ -109.985606, 48.058602 ], [ -109.985298, 48.058906 ], [ -109.975372, 48.061346 ], [ -109.974643, 48.061596 ], [ -109.972839, 48.062475 ], [ -109.966335, 48.062029 ], [ -109.964923, 48.061514 ] ] ] } },
{ "type": "Feature", "properties": { "TYPEPIPE": "Intrastate", "Operator": "Northwestern Energy Co", "Status": "Operating", "Shape_Leng": 0.01173477406, "STATEFP": "30", "STATENS": "00767982", "AFFGEOID": "0400000US30", "GEOID": "30", "STUSPS": "MT", "NAME": "Montana", "LSAD": "00", "ALAND": 376962738765, "AWATER": 3869208832 }, "geometry": { "type": "MultiLineString", "coordinates": [ [ [ -109.964923, 48.061514 ], [ -109.962442, 48.060707 ], [ -109.953562, 48.060911 ], [ -109.95334, 48.061011 ] ] ] } },
{ "type": "Feature", "properties": { "TYPEPIPE": "Intrastate", "Operator": "Northwestern Energy Co", "Status": "Operating", "Shape_Leng": 0.38145420608000002, "STATEFP": "30", "STATENS": "00767982", "AFFGEOID": "0400000US30", "GEOID": "30", "STUSPS": "MT", "NAME": "Montana", "LSAD": "00", "ALAND": 376962738765, "AWATER": 3869208832 }, "geometry": { "type": "MultiLineString", "coordinates": [ [ [ -110.473688, 47.993583 ], [ -110.415015, 48.037699 ], [ -110.388347, 48.060233 ], [ -110.378806, 48.06581 ], [ -110.373883, 48.066354 ], [ -110.370406, 48.067528 ], [ -110.362601, 48.067625 ], [ -110.354118, 48.068606 ], [ -110.344944, 48.0682 ], [ -110.337624, 48.067402 ], [ -110.326711, 48.06745 ], [ -110.309065, 48.06959 ], [ -110.249832, 48.069237 ], [ -110.247298, 48.070278 ], [ -110.241191, 48.069095 ], [ -110.236952, 48.070116 ], [ -110.136082, 48.073678 ], [ -110.13328, 48.074593 ], [ -110.130209, 48.074363 ], [ -110.118416, 48.070649 ] ] ] } },
{ "type": "Feature", "properties": { "TYPEPIPE": "Intrastate", "Operator": "Northwestern Energy Co", "Status": "Operating", "Shape_Leng": 0.02084568946, "STATEFP": "30", "STATENS": "00767982", "AFFGEOID": "0400000US30", "GEOID": "30", "STUSPS": "MT", "NAME": "Montana", "LSAD": "00", "ALAND": 376962738765, "AWATER": 3869208832 }, "geometry": { "type": "MultiLineString", "coordinates": [ [ [ -110.118416, 48.070649 ], [ -110.097576, 48.070162 ] ] ] } },
{ "type": "Feature", "properties": { "TYPEPIPE": "Intrastate", "Operator": "Northwestern Energy Co", "Status": "Operating", "Shape_Leng": 0.10429453492, "STATEFP": "30", "STATENS": "00767982", "AFFGEOID": "0400000US30", "GEOID": "30", "STUSPS": "MT", "NAME": "Montana", "LSAD": "00", "ALAND": 376962738765, "AWATER": 3869208832 }, "geometry": { "type": "MultiLineString", "coordinates": [ [ [ -110.097576, 48.070162 ], [ -110.099919, 48.100023 ], [ -110.10484, 48.11077 ], [ -110.107117, 48.1256 ], [ -110.119822, 48.162172 ], [ -110.115439, 48.169805 ] ] ] } },
{ "type": "Feature", "properties": { "TYPEPIPE": "Intrastate", "Operator": "Northwestern Energy Co", "Status": "Operating", "Shape_Leng": 0.0212776025, "STATEFP": "30", "STATENS": "00767982", "AFFGEOID": "0400000US30", "GEOID": "30", "STUSPS": "MT", "NAME": "Montana", "LSAD": "00", "ALAND": 376962738765, "AWATER": 3869208832 }, "geometry": { "type": "MultiLineString", "coordinates": [ [ [ -109.383974, 47.841807 ], [ -109.395465, 47.848366 ], [ -109.390926, 47.85501 ] ] ] } },
{ "type": "Feature", "properties": { "TYPEPIPE": "Intrastate", "Operator": "Northwestern Energy Co", "Status": "Operating", "Shape_Leng": 0.01372298811, "STATEFP": "30", "STATENS": "00767982", "AFFGEOID": "0400000US30", "GEOID": "30", "STUSPS": "MT", "NAME": "Montana", "LSAD": "00", "ALAND": 376962738765, "AWATER": 3869208832 }, "geometry": { "type": "MultiLineString", "coordinates": [ [ [ -109.370924, 47.857177 ], [ -109.364324, 47.852525 ], [ -109.36, 47.848891 ] ] ] } },
{ "type": "Feature", "properties": { "TYPEPIPE": "Intrastate", "Operator": "Northwestern Energy Co", "Status": "Operating", "Shape_Leng": 0.01306526233, "STATEFP": "30", "STATENS": "00767982", "AFFGEOID": "0400000US30", "GEOID": "30", "STUSPS": "MT", "NAME": "Montana", "LSAD": "00", "ALAND": 376962738765, "AWATER": 3869208832 }, "geometry": { "type": "MultiLineString", "coordinates": [ [ [ -109.370208, 47.858672 ], [ -109.378871, 47.861676 ], [ -109.382719, 47.862287 ] ] ] } },
{ "type": "Feature", "properties": { "TYPEPIPE": "Intrastate", "Operator": "Northwestern Energy Co", "Status": "Operating", "Shape_Leng": 0.00517124637, "STATEFP": "30", "STATENS": "00767982", "AFFGEOID": "0400000US30", "GEOID": "30", "STUSPS": "MT", "NAME": "Montana", "LSAD": "00", "ALAND": 376962738765, "AWATER": 3869208832 }, "geometry": { "type": "MultiLineString", "coordinates": [ [ [ -109.382719, 47.862287 ], [ -109.378449, 47.865204 ] ] ] } },
{ "type": "Feature", "properties": { "TYPEPIPE": "Intrastate", "Operator": "Northwestern Energy Co", "Status": "Operating", "Shape_Leng": 0.01193395692, "STATEFP": "30", "STATENS": "00767982", "AFFGEOID": "0400000US30", "GEOID": "30", "STUSPS": "MT", "NAME": "Montana", "LSAD": "00", "ALAND": 376962738765, "AWATER": 3869208832 }, "geometry": { "type": "MultiLineString", "coordinates": [ [ [ -109.382719, 47.862287 ], [ -109.389519, 47.863464 ], [ -109.394529, 47.862985 ] ] ] } },
{ "type": "Feature", "properties": { "TYPEPIPE": "Intrastate", "Operator": "Northwestern Energy Co", "Status": "Operating", "Shape_Leng": 0.01038002888, "STATEFP": "30", "STATENS": "00767982", "AFFGEOID": "0400000US30", "GEOID": "30", "STUSPS": "MT", "NAME": "Montana", "LSAD": "00", "ALAND": 376962738765, "AWATER": 3869208832 }, "geometry": { "type": "MultiLineString", "coordinates": [ [ [ -109.394529, 47.862985 ], [ -109.402681, 47.862027 ], [ -109.404664, 47.861141 ] ] ] } },
{ "type": "Feature", "properties": { "TYPEPIPE": "Intrastate", "Operator": "Northwestern Energy Co", "Status": "Operating", "Shape_Leng": 0.00452234729, "STATEFP": "30", "STATENS": "00767982", "AFFGEOID": "0400000US30", "GEOID": "30", "STUSPS": "MT", "NAME": "Montana", "LSAD": "00", "ALAND": 376962738765, "AWATER": 3869208832 }, "geometry": { "type": "MultiLineString", "coordinates": [ [ [ -109.394529, 47.862985 ], [ -109.395228, 47.867453 ] ] ] } },
{ "type": "Feature", "properties": { "TYPEPIPE": "Intrastate", "Operator": "Northwestern Energy Co", "Status": "Operating", "Shape_Leng": 0.02577309546, "STATEFP": "30", "STATENS": "00767982", "AFFGEOID": "0400000US30", "GEOID": "30", "STUSPS": "MT", "NAME": "Montana", "LSAD": "00", "ALAND": 376962738765, "AWATER": 3869208832 }, "geometry": { "type": "MultiLineString", "coordinates": [ [ [ -109.301067, 47.832107 ], [ -109.297241, 47.83553 ], [ -109.296894, 47.838142 ], [ -109.294566, 47.840496 ], [ -109.293772, 47.842527 ], [ -109.29295, 47.842732 ], [ -109.292352, 47.842599 ], [ -109.291417, 47.842852 ], [ -109.290968, 47.843003 ], [ -109.291152, 47.843486 ], [ -109.291488, 47.843717 ], [ -109.289684, 47.845895 ], [ -109.288378, 47.845487 ], [ -109.287031, 47.845864 ], [ -109.286137, 47.845103 ], [ -109.28528, 47.844618 ], [ -109.285059, 47.844061 ], [ -109.285097, 47.84373 ] ] ] } },
{ "type": "Feature", "properties": { "TYPEPIPE": "Intrastate", "Operator": "Northwestern Energy Co", "Status": "Operating", "Shape_Leng": 0.00251362388, "STATEFP": "30", "STATENS": "00767982", "AFFGEOID": "0400000US30", "GEOID": "30", "STUSPS": "MT", "NAME": "Montana", "LSAD": "00", "ALAND": 376962738765, "AWATER": 3869208832 }, "geometry": { "type": "MultiLineString", "coordinates": [ [ [ -109.301067, 47.832107 ], [ -109.302943, 47.830434 ] ] ] } },
{ "type": "Feature", "properties": { "TYPEPIPE": "Intrastate", "Operator": "Northwestern Energy Co", "Status": "Operating", "Shape_Leng": 0.00360678707, "STATEFP": "30", "STATENS": "00767982", "AFFGEOID": "0400000US30", "GEOID": "30", "STUSPS": "MT", "NAME": "Montana", "LSAD": "00", "ALAND": 376962738765, "AWATER": 3869208832 }, "geometry": { "type": "MultiLineString", "coordinates": [ [ [ -109.302943, 47.830434 ], [ -109.299851, 47.828577 ] ] ] } },
{ "type": "Feature", "properties": { "TYPEPIPE": "Intrastate", "Operator": "Northwestern Energy Co", "Status": "Operating", "Shape_Leng": 0.0023646323, "STATEFP": "30", "STATENS": "00767982", "AFFGEOID": "0400000US30", "GEOID": "30", "STUSPS": "MT", "NAME": "Montana", "LSAD": "00", "ALAND": 376962738765, "AWATER": 3869208832 }, "geometry": { "type": "MultiLineString", "coordinates": [ [ [ -109.302943, 47.830434 ], [ -109.304029, 47.829627 ], [ -109.304631, 47.828814 ] ] ] } },
{ "type": "Feature", "properties": { "TYPEPIPE": "Intrastate", "Operator": "Northwestern Energy Co", "Status": "Operating", "Shape_Leng": 0.00146260726, "STATEFP": "30", "STATENS": "00767982", "AFFGEOID": "0400000US30", "GEOID": "30", "STUSPS": "MT", "NAME": "Montana", "LSAD": "00", "ALAND": 376962738765, "AWATER": 3869208832 }, "geometry": { "type": "MultiLineString", "coordinates": [ [ [ -109.304631, 47.828814 ], [ -109.305867, 47.828032 ] ] ] } },
{ "type": "Feature", "properties": { "TYPEPIPE": "Intrastate", "Operator": "Northwestern Energy Co", "Status": "Operating", "Shape_Leng": 0.01320495631, "STATEFP": "30", "STATENS": "00767982", "AFFGEOID": "0400000US30", "GEOID": "30", "STUSPS": "MT", "NAME": "Montana", "LSAD": "00", "ALAND": 376962738765, "AWATER": 3869208832 }, "geometry": { "type": "MultiLineString", "coordinates": [ [ [ -109.304631, 47.828814 ], [ -109.294562, 47.825064 ], [ -109.293746, 47.82382 ], [ -109.293489, 47.822882 ] ] ] } },
{ "type": "Feature", "properties": { "TYPEPIPE": "Intrastate", "Operator": "Northwestern Energy Co", "Status": "Operating", "Shape_Leng": 0.01020646628, "STATEFP": "30", "STATENS": "00767982", "AFFGEOID": "0400000US30", "GEOID": "30", "STUSPS": "MT", "NAME": "Montana", "LSAD": "00", "ALAND": 376962738765, "AWATER": 3869208832 }, "geometry": { "type": "MultiLineString", "coordinates": [ [ [ -109.283281, 47.864313 ], [ -109.273076, 47.86414 ] ] ] } },
{ "type": "Feature", "properties": { "TYPEPIPE": "Intrastate", "Operator": "Northwestern Energy Co", "Status": "Operating", "Shape_Leng": 0.00202802983, "STATEFP": "30", "STATENS": "00767982", "AFFGEOID": "0400000US30", "GEOID": "30", "STUSPS": "MT", "NAME": "Montana", "LSAD": "00", "ALAND": 376962738765, "AWATER": 3869208832 }, "geometry": { "type": "MultiLineString", "coordinates": [ [ [ -109.283281, 47.864313 ], [ -109.28327, 47.866341 ] ] ] } },
{ "type": "Feature", "properties": { "TYPEPIPE": "Intrastate", "Operator": "Northwestern Energy Co", "Status": "Operating", "Shape_Leng": 0.02092420131, "STATEFP": "30", "STATENS": "00767982", "AFFGEOID": "0400000US30", "GEOID": "30", "STUSPS": "MT", "NAME": "Montana", "LSAD": "00", "ALAND": 376962738765, "AWATER": 3869208832 }, "geometry": { "type": "MultiLineString", "coordinates": [ [ [ -109.387282, 47.834882 ], [ -109.382242, 47.833707 ], [ -109.367184, 47.834202 ], [ -109.366513, 47.834075 ] ] ] } },
{ "type": "Feature", "properties": { "TYPEPIPE": "Intrastate", "Operator": "Northwestern Energy Co", "Status": "Operating", "Shape_Leng": 0.00424679232, "STATEFP": "30", "STATENS": "00767982", "AFFGEOID": "0400000US30", "GEOID": "30", "STUSPS": "MT", "NAME": "Montana", "LSAD": "00", "ALAND": 376962738765, "AWATER": 3869208832 }, "geometry": { "type": "MultiLineString", "coordinates": [ [ [ -109.366513, 47.834075 ], [ -109.362331, 47.833336 ] ] ] } },
{ "type": "Feature", "properties": { "TYPEPIPE": "Intrastate", "Operator": "Northwestern Energy Co", "Status": "Operating", "Shape_Leng": 0.032275283, "STATEFP": "30", "STATENS": "00767982", "AFFGEOID": "0400000US30", "GEOID": "30", "STUSPS": "MT", "NAME": "Montana", "LSAD": "00", "ALAND": 376962738765, "AWATER": 3869208832 }, "geometry": { "type": "MultiLineString", "coordinates": [ [ [ -109.402387, 47.785145 ], [ -109.422492, 47.773538 ], [ -109.420972, 47.769121 ], [ -109.416757, 47.767897 ] ] ] } },
{ "type": "Feature", "properties": { "TYPEPIPE": "Intrastate", "Operator": "Northwestern Energy Co", "Status": "Operating", "Shape_Leng": 0.02766644118, "STATEFP": "30", "STATENS": "00767982", "AFFGEOID": "0400000US30", "GEOID": "30", "STUSPS": "MT", "NAME": "Montana", "LSAD": "00", "ALAND": 376962738765, "AWATER": 3869208832 }, "geometry": { "type": "MultiLineString", "coordinates": [ [ [ -109.402752, 47.818523 ], [ -109.388275, 47.813665 ], [ -109.38384, 47.810461 ], [ -109.381941, 47.808101 ], [ -109.378286, 47.806753 ] ] ] } },
{ "type": "Feature", "properties": { "TYPEPIPE": "Intrastate", "Operator": "Northwestern Energy Co", "Status": "Operating", "Shape_Leng": 0.02248270594, "STATEFP": "30", "STATENS": "00767982", "AFFGEOID": "0400000US30", "GEOID": "30", "STUSPS": "MT", "NAME": "Montana", "LSAD": "00", "ALAND": 376962738765, "AWATER": 3869208832 }, "geometry": { "type": "MultiLineString", "coordinates": [ [ [ -109.391369, 47.829454 ], [ -109.381554, 47.825991 ], [ -109.381942, 47.820869 ], [ -109.378522, 47.815917 ], [ -109.378561, 47.814998 ] ] ] } },
{ "type": "Feature", "properties": { "TYPEPIPE": "Intrastate", "Operator": "Northwestern Energy Co", "Status": "Operating", "Shape_Leng": 0.0425735265, "STATEFP": "30", "STATENS": "00767982", "AFFGEOID": "0400000US30", "GEOID": "30", "STUSPS": "MT", "NAME": "Montana", "LSAD": "00", "ALAND": 376962738765, "AWATER": 3869208832 }, "geometry": { "type": "MultiLineString", "coordinates": [ [ [ -109.366513, 47.834075 ], [ -109.357517, 47.820562 ], [ -109.349348, 47.817403 ], [ -109.348764, 47.803116 ], [ -109.348321, 47.80144 ], [ -109.347842, 47.799967 ] ] ] } },
{ "type": "Feature", "properties": { "TYPEPIPE": "Intrastate", "Operator": "Northwestern Energy Co", "Status": "Operating", "Shape_Leng": 0.03257302481, "STATEFP": "30", "STATENS": "00767982", "AFFGEOID": "0400000US30", "GEOID": "30", "STUSPS": "MT", "NAME": "Montana", "LSAD": "00", "ALAND": 376962738765, "AWATER": 3869208832 }, "geometry": { "type": "MultiLineString", "coordinates": [ [ [ -109.347842, 47.799967 ], [ -109.345452, 47.789381 ], [ -109.339396, 47.781758 ], [ -109.342392, 47.779121 ], [ -109.341096, 47.776101 ], [ -109.342371, 47.774351 ], [ -109.342008, 47.771835 ] ] ] } },
{ "type": "Feature", "properties": { "TYPEPIPE": "Intrastate", "Operator": "Northwestern Energy Co", "Status": "Operating", "Shape_Leng": 0.02280456725, "STATEFP": "30", "STATENS": "00767982", "AFFGEOID": "0400000US30", "GEOID": "30", "STUSPS": "MT", "NAME": "Montana", "LSAD": "00", "ALAND": 376962738765, "AWATER": 3869208832 }, "geometry": { "type": "MultiLineString", "coordinates": [ [ [ -109.347842, 47.799967 ], [ -109.34556, 47.800906 ], [ -109.339959, 47.800972 ], [ -109.336492, 47.799573 ], [ -109.334888, 47.799419 ], [ -109.330218, 47.8003 ], [ -109.326082, 47.798212 ] ] ] } },
{ "type": "Feature", "properties": { "TYPEPIPE": "Intrastate", "Operator": "Northwestern Energy Co", "Status": "Operating", "Shape_Leng": 0.00287034789, "STATEFP": "30", "STATENS": "00767982", "AFFGEOID": "0400000US30", "GEOID": "30", "STUSPS": "MT", "NAME": "Montana", "LSAD": "00", "ALAND": 376962738765, "AWATER": 3869208832 }, "geometry": { "type": "MultiLineString", "coordinates": [ [ [ -109.412265, 47.807211 ], [ -109.415064, 47.807847 ] ] ] } },
{ "type": "Feature", "properties": { "TYPEPIPE": "Intrastate", "Operator": "Northwestern Energy Co", "Status": "Operating", "Shape_Leng": 0.07105328679, "STATEFP": "30", "STATENS": "00767982", "AFFGEOID": "0400000US30", "GEOID": "30", "STUSPS": "MT", "NAME": "Montana", "LSAD": "00", "ALAND": 376962738765, "AWATER": 3869208832 }, "geometry": { "type": "MultiLineString", "coordinates": [ [ [ -109.359852, 47.871046 ], [ -109.351469, 47.862586 ], [ -109.340353, 47.85635 ], [ -109.327389, 47.845726 ], [ -109.301067, 47.832107 ] ] ] } },
{ "type": "Feature", "properties": { "TYPEPIPE": "Intrastate", "Operator": "Northwestern Energy Co", "Status": "Operating", "Shape_Leng": 0.00791562756, "STATEFP": "30", "STATENS": "00767982", "AFFGEOID": "0400000US30", "GEOID": "30", "STUSPS": "MT", "NAME": "Montana", "LSAD": "00", "ALAND": 376962738765, "AWATER": 3869208832 }, "geometry": { "type": "MultiLineString", "coordinates": [ [ [ -109.383974, 47.841807 ], [ -109.384544, 47.838383 ], [ -109.387282, 47.834882 ] ] ] } },
{ "type": "Feature", "properties": { "TYPEPIPE": "Intrastate", "Operator": "Northwestern Energy Co", "Status": "Operating", "Shape_Leng": 0.02311625885, "STATEFP": "30", "STATENS": "00767982", "AFFGEOID": "0400000US30", "GEOID": "30", "STUSPS": "MT", "NAME": "Montana", "LSAD": "00", "ALAND": 376962738765, "AWATER": 3869208832 }, "geometry": { "type": "MultiLineString", "coordinates": [ [ [ -109.370924, 47.857177 ], [ -109.371484, 47.857329 ], [ -109.382638, 47.851809 ], [ -109.383974, 47.841807 ] ] ] } },
{ "type": "Feature", "properties": { "TYPEPIPE": "Intrastate", "Operator": "Northwestern Energy Co", "Status": "Operating", "Shape_Leng": 0.01619729619, "STATEFP": "30", "STATENS": "00767982", "AFFGEOID": "0400000US30", "GEOID": "30", "STUSPS": "MT", "NAME": "Montana", "LSAD": "00", "ALAND": 376962738765, "AWATER": 3869208832 }, "geometry": { "type": "MultiLineString", "coordinates": [ [ [ -109.359852, 47.871046 ], [ -109.3615, 47.869806 ], [ -109.370208, 47.858672 ] ] ] } },
{ "type": "Feature", "properties": { "TYPEPIPE": "Intrastate", "Operator": "Northwestern Energy Co", "Status": "Operating", "Shape_Leng": 0.00165761304, "STATEFP": "30", "STATENS": "00767982", "AFFGEOID": "0400000US30", "GEOID": "30", "STUSPS": "MT", "NAME": "Montana", "LSAD": "00", "ALAND": 376962738765, "AWATER": 3869208832 }, "geometry": { "type": "MultiLineString", "coordinates": [ [ [ -109.370208, 47.858672 ], [ -109.370924, 47.857177 ] ] ] } },
{ "type": "Feature", "properties": { "TYPEPIPE": "Intrastate", "Operator": "Northwestern Energy Co", "Status": "Operating", "Shape_Leng": 0.07712371597000001, "STATEFP": "30", "STATENS": "00767982", "AFFGEOID": "0400000US30", "GEOID": "30", "STUSPS": "MT", "NAME": "Montana", "LSAD": "00", "ALAND": 376962738765, "AWATER": 3869208832 }, "geometry": { "type": "MultiLineString", "coordinates": [ [ [ -109.359852, 47.871046 ], [ -109.356603, 47.870028 ], [ -109.319825, 47.86762 ], [ -109.316795, 47.86802 ], [ -109.293969, 47.86471 ], [ -109.292214, 47.864275 ], [ -109.283281, 47.864313 ] ] ] } },
{ "type": "Feature", "properties": { "TYPEPIPE": "Intrastate", "Operator": "Northwestern Energy Co", "Status": "Operating", "Shape_Leng": 0.12974825519, "STATEFP": "30", "STATENS": "00767982", "AFFGEOID": "0400000US30", "GEOID": "30", "STUSPS": "MT", "NAME": "Montana", "LSAD": "00", "ALAND": 376962738765, "AWATER": 3869208832 }, "geometry": { "type": "MultiLineString", "coordinates": [ [ [ -109.402387, 47.785145 ], [ -109.398587, 47.782478 ], [ -109.394489, 47.779785 ], [ -109.38431, 47.77597 ], [ -109.383829, 47.774498 ], [ -109.382451, 47.773556 ], [ -109.380564, 47.768198 ], [ -109.374976, 47.765226 ], [ -109.373301, 47.763979 ], [ -109.371513, 47.762837 ], [ -109.369209, 47.760015 ], [ -109.367495, 47.759483 ], [ -109.365405, 47.759578 ], [ -109.361892, 47.761559 ], [ -109.362075, 47.762294 ], [ -109.361475, 47.763562 ], [ -109.358155, 47.763632 ], [ -109.351714, 47.759541 ], [ -109.346287, 47.753974 ], [ -109.345622, 47.752174 ], [ -109.343553, 47.746637 ], [ -109.340534, 47.746202 ], [ -109.339046, 47.74498 ], [ -109.334684, 47.744722 ], [ -109.334238, 47.744415 ], [ -109.332234, 47.74175 ], [ -109.330929, 47.741595 ], [ -109.326522, 47.743034 ], [ -109.321189, 47.743279 ], [ -109.319031, 47.741907 ], [ -109.312843, 47.741367 ], [ -109.310087, 47.740394 ], [ -109.308046, 47.738033 ], [ -109.305512, 47.73793 ], [ -109.301289, 47.731423 ] ] ] } },
{ "type": "Feature", "properties": { "TYPEPIPE": "Intrastate", "Operator": "Northwestern Energy Co", "Status": "Operating", "Shape_Leng": 0.00680731185, "STATEFP": "30", "STATENS": "00767982", "AFFGEOID": "0400000US30", "GEOID": "30", "STUSPS": "MT", "NAME": "Montana", "LSAD": "00", "ALAND": 376962738765, "AWATER": 3869208832 }, "geometry": { "type": "MultiLineString", "coordinates": [ [ [ -109.387282, 47.834882 ], [ -109.388783, 47.832549 ], [ -109.391369, 47.829454 ] ] ] } },
{ "type": "Feature", "properties": { "TYPEPIPE": "Intrastate", "Operator": "Northwestern Energy Co", "Status": "Operating", "Shape_Leng": 0.01588466826, "STATEFP": "30", "STATENS": "00767982", "AFFGEOID": "0400000US30", "GEOID": "30", "STUSPS": "MT", "NAME": "Montana", "LSAD": "00", "ALAND": 376962738765, "AWATER": 3869208832 }, "geometry": { "type": "MultiLineString", "coordinates": [ [ [ -109.391369, 47.829454 ], [ -109.395678, 47.824075 ], [ -109.402752, 47.818523 ] ] ] } },
{ "type": "Feature", "properties": { "TYPEPIPE": "Intrastate", "Operator": "Northwestern Energy Co", "Status": "Operating", "Shape_Leng": 0.01523849546, "STATEFP": "30", "STATENS": "00767982", "AFFGEOID": "0400000US30", "GEOID": "30", "STUSPS": "MT", "NAME": "Montana", "LSAD": "00", "ALAND": 376962738765, "AWATER": 3869208832 }, "geometry": { "type": "MultiLineString", "coordinates": [ [ [ -109.402752, 47.818523 ], [ -109.408405, 47.812919 ], [ -109.411136, 47.810966 ], [ -109.412265, 47.807211 ] ] ] } },
{ "type": "Feature", "properties": { "TYPEPIPE": "Intrastate", "Operator": "Northwestern Energy Co", "Status": "Operating", "Shape_Leng": 0.02550142762, "STATEFP": "30", "STATENS": "00767982", "AFFGEOID": "0400000US30", "GEOID": "30", "STUSPS": "MT", "NAME": "Montana", "LSAD": "00", "ALAND": 376962738765, "AWATER": 3869208832 }, "geometry": { "type": "MultiLineString", "coordinates": [ [ [ -109.412265, 47.807211 ], [ -109.412603, 47.806171 ], [ -109.40831, 47.789946 ], [ -109.404622, 47.786928 ], [ -109.402387, 47.785145 ] ] ] } },
{ "type": "Feature", "properties": { "TYPEPIPE": "Intrastate", "Operator": "Northwestern Energy Co", "Status": "Operating", "Shape_Leng": 0.25996695315000001, "STATEFP": "30", "STATENS": "00767982", "AFFGEOID": "0400000US30", "GEOID": "30", "STUSPS": "MT", "NAME": "Montana", "LSAD": "00", "ALAND": 376962738765, "AWATER": 3869208832 }, "geometry": { "type": "MultiLineString", "coordinates": [ [ [ -109.438469, 48.090843 ], [ -109.43829, 48.088595 ], [ -109.434208, 48.083212 ], [ -109.429075, 48.078618 ], [ -109.426882, 48.068033 ], [ -109.429364, 48.066106 ], [ -109.426937, 48.059963 ], [ -109.42785, 48.054554 ], [ -109.427256, 48.051384 ], [ -109.425423, 48.04915 ], [ -109.425215, 48.040671 ], [ -109.426158, 48.038691 ], [ -109.429575, 48.036992 ], [ -109.43042, 48.027197 ], [ -109.426536, 48.019735 ], [ -109.425758, 48.015391 ], [ -109.428841, 48.011231 ], [ -109.427088, 48.006942 ], [ -109.42522, 48.004403 ], [ -109.421813, 48.002448 ], [ -109.420605, 47.989552 ], [ -109.417511, 47.98209 ], [ -109.417597, 47.977876 ], [ -109.405633, 47.967666 ], [ -109.405717, 47.964111 ], [ -109.396868, 47.954204 ], [ -109.370264, 47.924183 ], [ -109.370893, 47.902736 ], [ -109.375906, 47.890228 ], [ -109.359852, 47.871046 ] ] ] } },
{ "type": "Feature", "properties": { "TYPEPIPE": "Intrastate", "Operator": "Northwestern Energy Co", "Status": "Operating", "Shape_Leng": 0.00342173771, "STATEFP": "30", "STATENS": "00767982", "AFFGEOID": "0400000US30", "GEOID": "30", "STUSPS": "MT", "NAME": "Montana", "LSAD": "00", "ALAND": 376962738765, "AWATER": 3869208832 }, "geometry": { "type": "MultiLineString", "coordinates": [ [ [ -109.269496, 48.088258 ], [ -109.270399, 48.087755 ], [ -109.270299, 48.085369 ] ] ] } },
{ "type": "Feature", "properties": { "TYPEPIPE": "Intrastate", "Operator": "Northwestern Energy Co", "Status": "Operating", "Shape_Leng": 0.01442465167, "STATEFP": "30", "STATENS": "00767982", "AFFGEOID": "0400000US30", "GEOID": "30", "STUSPS": "MT", "NAME": "Montana", "LSAD": "00", "ALAND": 376962738765, "AWATER": 3869208832 }, "geometry": { "type": "MultiLineString", "coordinates": [ [ [ -109.283446, 48.091307 ], [ -109.27193, 48.08961 ], [ -109.269496, 48.088258 ] ] ] } },
{ "type": "Feature", "properties": { "TYPEPIPE": "Intrastate", "Operator": "Northwestern Energy Co", "Status": "Operating", "Shape_Leng": 0.00493275614, "STATEFP": "30", "STATENS": "00767982", "AFFGEOID": "0400000US30", "GEOID": "30", "STUSPS": "MT", "NAME": "Montana", "LSAD": "00", "ALAND": 376962738765, "AWATER": 3869208832 }, "geometry": { "type": "MultiLineString", "coordinates": [ [ [ -109.283446, 48.091307 ], [ -109.28432, 48.089354 ], [ -109.284439, 48.087985 ], [ -109.284897, 48.086642 ] ] ] } },
{ "type": "Feature", "properties": { "TYPEPIPE": "Intrastate", "Operator": "Northwestern Energy Co", "Status": "Operating", "Shape_Leng": 0.0080379076, "STATEFP": "30", "STATENS": "00767982", "AFFGEOID": "0400000US30", "GEOID": "30", "STUSPS": "MT", "NAME": "Montana", "LSAD": "00", "ALAND": 376962738765, "AWATER": 3869208832 }, "geometry": { "type": "MultiLineString", "coordinates": [ [ [ -109.291261, 48.090255 ], [ -109.295794, 48.092295 ], [ -109.298757, 48.093087 ] ] ] } },
{ "type": "Feature", "properties": { "TYPEPIPE": "Intrastate", "Operator": "Northwestern Energy Co", "Status": "Operating", "Shape_Leng": 0.00403080776, "STATEFP": "30", "STATENS": "00767982", "AFFGEOID": "0400000US30", "GEOID": "30", "STUSPS": "MT", "NAME": "Montana", "LSAD": "00", "ALAND": 376962738765, "AWATER": 3869208832 }, "geometry": { "type": "MultiLineString", "coordinates": [ [ [ -109.287047, 48.092251 ], [ -109.287011, 48.091824 ], [ -109.283446, 48.091307 ] ] ] } },
{ "type": "Feature", "properties": { "TYPEPIPE": "Intrastate", "Operator": "Northwestern Energy Co", "Status": "Operating", "Shape_Leng": 0.0046628116, "STATEFP": "30", "STATENS": "00767982", "AFFGEOID": "0400000US30", "GEOID": "30", "STUSPS": "MT", "NAME": "Montana", "LSAD": "00", "ALAND": 376962738765, "AWATER": 3869208832 }, "geometry": { "type": "MultiLineString", "coordinates": [ [ [ -109.287047, 48.092251 ], [ -109.291261, 48.090255 ] ] ] } },
{ "type": "Feature", "properties": { "TYPEPIPE": "Intrastate", "Operator": "Northwestern Energy Co", "Status": "Operating", "Shape_Leng": 0.00879260382, "STATEFP": "30", "STATENS": "00767982", "AFFGEOID": "0400000US30", "GEOID": "30", "STUSPS": "MT", "NAME": "Montana", "LSAD": "00", "ALAND": 376962738765, "AWATER": 3869208832 }, "geometry": { "type": "MultiLineString", "coordinates": [ [ [ -109.289446, 48.10071 ], [ -109.287047, 48.092251 ] ] ] } },
{ "type": "Feature", "properties": { "TYPEPIPE": "Intrastate", "Operator": "Northwestern Energy Co", "Status": "Operating", "Shape_Leng": 0.04124698869, "STATEFP": "30", "STATENS": "00767982", "AFFGEOID": "0400000US30", "GEOID": "30", "STUSPS": "MT", "NAME": "Montana", "LSAD": "00", "ALAND": 376962738765, "AWATER": 3869208832 }, "geometry": { "type": "MultiLineString", "coordinates": [ [ [ -109.346083, 48.108434 ], [ -109.34413, 48.10833 ], [ -109.34173, 48.107539 ], [ -109.340117, 48.107007 ], [ -109.339443, 48.106752 ], [ -109.336513, 48.106546 ], [ -109.333882, 48.107202 ], [ -109.30519, 48.106702 ] ] ] } },
{ "type": "Feature", "properties": { "TYPEPIPE": "Intrastate", "Operator": "Northwestern Energy Co", "Status": "Operating", "Shape_Leng": 0.03990939282, "STATEFP": "30", "STATENS": "00767982", "AFFGEOID": "0400000US30", "GEOID": "30", "STUSPS": "MT", "NAME": "Montana", "LSAD": "00", "ALAND": 376962738765, "AWATER": 3869208832 }, "geometry": { "type": "MultiLineString", "coordinates": [ [ [ -109.291261, 48.090255 ], [ -109.298562, 48.086435 ], [ -109.299466, 48.085981 ], [ -109.300367, 48.085881 ], [ -109.301343, 48.085909 ], [ -109.302844, 48.086188 ], [ -109.304605, 48.086979 ], [ -109.306742, 48.087694 ], [ -109.308766, 48.088303 ], [ -109.317389, 48.091063 ], [ -109.325568, 48.092292 ], [ -109.329174, 48.091913 ] ] ] } },
{ "type": "Feature", "properties": { "TYPEPIPE": "Intrastate", "Operator": "Northwestern Energy Co", "Status": "Operating", "Shape_Leng": 0.05038154903, "STATEFP": "30", "STATENS": "00767982", "AFFGEOID": "0400000US30", "GEOID": "30", "STUSPS": "MT", "NAME": "Montana", "LSAD": "00", "ALAND": 376962738765, "AWATER": 3869208832 }, "geometry": { "type": "MultiLineString", "coordinates": [ [ [ -109.289446, 48.10071 ], [ -109.288315, 48.101771 ], [ -109.286806, 48.103118 ], [ -109.284506, 48.104788 ], [ -109.279093, 48.105994 ], [ -109.258626, 48.105878 ], [ -109.250684, 48.109136 ], [ -109.246103, 48.108873 ], [ -109.242869, 48.109574 ], [ -109.242823, 48.111044 ] ] ] } },
{ "type": "Feature", "properties": { "TYPEPIPE": "Intrastate", "Operator": "Northwestern Energy Co", "Status": "Operating", "Shape_Leng": 0.00809435952, "STATEFP": "30", "STATENS": "00767982", "AFFGEOID": "0400000US30", "GEOID": "30", "STUSPS": "MT", "NAME": "Montana", "LSAD": "00", "ALAND": 376962738765, "AWATER": 3869208832 }, "geometry": { "type": "MultiLineString", "coordinates": [ [ [ -109.284447, 48.132144 ], [ -109.28316, 48.133969 ], [ -109.286367, 48.138875 ] ] ] } },
{ "type": "Feature", "properties": { "TYPEPIPE": "Intrastate", "Operator": "Northwestern Energy Co", "Status": "Operating", "Shape_Leng": 0.00316570434, "STATEFP": "30", "STATENS": "00767982", "AFFGEOID": "0400000US30", "GEOID": "30", "STUSPS": "MT", "NAME": "Montana", "LSAD": "00", "ALAND": 376962738765, "AWATER": 3869208832 }, "geometry": { "type": "MultiLineString", "coordinates": [ [ [ -109.284447, 48.132144 ], [ -109.281369, 48.131404 ] ] ] } },
{ "type": "Feature", "properties": { "TYPEPIPE": "Intrastate", "Operator": "Northwestern Energy Co", "Status": "Operating", "Shape_Leng": 0.00455583713, "STATEFP": "30", "STATENS": "00767982", "AFFGEOID": "0400000US30", "GEOID": "30", "STUSPS": "MT", "NAME": "Montana", "LSAD": "00", "ALAND": 376962738765, "AWATER": 3869208832 }, "geometry": { "type": "MultiLineString", "coordinates": [ [ [ -109.288253, 48.12964 ], [ -109.284447, 48.132144 ] ] ] } },
{ "type": "Feature", "properties": { "TYPEPIPE": "Intrastate", "Operator": "Northwestern Energy Co", "Status": "Operating", "Shape_Leng": 0.00938938944, "STATEFP": "30", "STATENS": "00767982", "AFFGEOID": "0400000US30", "GEOID": "30", "STUSPS": "MT", "NAME": "Montana", "LSAD": "00", "ALAND": 376962738765, "AWATER": 3869208832 }, "geometry": { "type": "MultiLineString", "coordinates": [ [ [ -109.288253, 48.12964 ], [ -109.285554, 48.128593 ], [ -109.284468, 48.127907 ], [ -109.281483, 48.123637 ] ] ] } },
{ "type": "Feature", "properties": { "TYPEPIPE": "Intrastate", "Operator": "Northwestern Energy Co", "Status": "Operating", "Shape_Leng": 0.00834828378, "STATEFP": "30", "STATENS": "00767982", "AFFGEOID": "0400000US30", "GEOID": "30", "STUSPS": "MT", "NAME": "Montana", "LSAD": "00", "ALAND": 376962738765, "AWATER": 3869208832 }, "geometry": { "type": "MultiLineString", "coordinates": [ [ [ -109.281483, 48.123637 ], [ -109.279035, 48.117541 ], [ -109.279156, 48.115766 ] ] ] } },
{ "type": "Feature", "properties": { "TYPEPIPE": "Intrastate", "Operator": "Northwestern Energy Co", "Status": "Operating", "Shape_Leng": 0.00364963396, "STATEFP": "30", "STATENS": "00767982", "AFFGEOID": "0400000US30", "GEOID": "30", "STUSPS": "MT", "NAME": "Montana", "LSAD": "00", "ALAND": 376962738765, "AWATER": 3869208832 }, "geometry": { "type": "MultiLineString", "coordinates": [ [ [ -109.281483, 48.123637 ], [ -109.279678, 48.123888 ], [ -109.277916, 48.123404 ] ] ] } },
{ "type": "Feature", "properties": { "TYPEPIPE": "Intrastate", "Operator": "Northwestern Energy Co", "Status": "Operating", "Shape_Leng": 0.01223525858, "STATEFP": "30", "STATENS": "00767982", "AFFGEOID": "0400000US30", "GEOID": "30", "STUSPS": "MT", "NAME": "Montana", "LSAD": "00", "ALAND": 376962738765, "AWATER": 3869208832 }, "geometry": { "type": "MultiLineString", "coordinates": [ [ [ -109.29835, 48.123946 ], [ -109.291087, 48.126372 ], [ -109.291197, 48.126955 ], [ -109.288253, 48.12964 ] ] ] } },
{ "type": "Feature", "properties": { "TYPEPIPE": "Intrastate", "Operator": "Northwestern Energy Co", "Status": "Operating", "Shape_Leng": 0.00549779956, "STATEFP": "30", "STATENS": "00767982", "AFFGEOID": "0400000US30", "GEOID": "30", "STUSPS": "MT", "NAME": "Montana", "LSAD": "00", "ALAND": 376962738765, "AWATER": 3869208832 }, "geometry": { "type": "MultiLineString", "coordinates": [ [ [ -109.314306, 48.135037 ], [ -109.309708, 48.138051 ] ] ] } },
{ "type": "Feature", "properties": { "TYPEPIPE": "Intrastate", "Operator": "Northwestern Energy Co", "Status": "Operating", "Shape_Leng": 0.00410438595, "STATEFP": "30", "STATENS": "00767982", "AFFGEOID": "0400000US30", "GEOID": "30", "STUSPS": "MT", "NAME": "Montana", "LSAD": "00", "ALAND": 376962738765, "AWATER": 3869208832 }, "geometry": { "type": "MultiLineString", "coordinates": [ [ [ -109.314306, 48.135037 ], [ -109.317678, 48.137377 ] ] ] } },
{ "type": "Feature", "properties": { "TYPEPIPE": "Intrastate", "Operator": "Northwestern Energy Co", "Status": "Operating", "Shape_Leng": 0.00387661618, "STATEFP": "30", "STATENS": "00767982", "AFFGEOID": "0400000US30", "GEOID": "30", "STUSPS": "MT", "NAME": "Montana", "LSAD": "00", "ALAND": 376962738765, "AWATER": 3869208832 }, "geometry": { "type": "MultiLineString", "coordinates": [ [ [ -109.317678, 48.137377 ], [ -109.320786, 48.139694 ] ] ] } },
{ "type": "Feature", "properties": { "TYPEPIPE": "Intrastate", "Operator": "Northwestern Energy Co", "Status": "Operating", "Shape_Leng": 0.0141667663, "STATEFP": "30", "STATENS": "00767982", "AFFGEOID": "0400000US30", "GEOID": "30", "STUSPS": "MT", "NAME": "Montana", "LSAD": "00", "ALAND": 376962738765, "AWATER": 3869208832 }, "geometry": { "type": "MultiLineString", "coordinates": [ [ [ -109.317678, 48.137377 ], [ -109.32099, 48.135936 ], [ -109.324734, 48.139397 ], [ -109.328533, 48.138741 ], [ -109.329439, 48.137421 ] ] ] } },
{ "type": "Feature", "properties": { "TYPEPIPE": "Intrastate", "Operator": "Northwestern Energy Co", "Status": "Operating", "Shape_Leng": 0.00539310096, "STATEFP": "30", "STATENS": "00767982", "AFFGEOID": "0400000US30", "GEOID": "30", "STUSPS": "MT", "NAME": "Montana", "LSAD": "00", "ALAND": 376962738765, "AWATER": 3869208832 }, "geometry": { "type": "MultiLineString", "coordinates": [ [ [ -109.309809, 48.13206 ], [ -109.314306, 48.135037 ] ] ] } },
{ "type": "Feature", "properties": { "TYPEPIPE": "Intrastate", "Operator": "Northwestern Energy Co", "Status": "Operating", "Shape_Leng": 0.00235409367, "STATEFP": "30", "STATENS": "00767982", "AFFGEOID": "0400000US30", "GEOID": "30", "STUSPS": "MT", "NAME": "Montana", "LSAD": "00", "ALAND": 376962738765, "AWATER": 3869208832 }, "geometry": { "type": "MultiLineString", "coordinates": [ [ [ -109.309809, 48.13206 ], [ -109.30759, 48.132846 ] ] ] } },
{ "type": "Feature", "properties": { "TYPEPIPE": "Intrastate", "Operator": "Northwestern Energy Co", "Status": "Operating", "Shape_Leng": 0.00939575532, "STATEFP": "30", "STATENS": "00767982", "AFFGEOID": "0400000US30", "GEOID": "30", "STUSPS": "MT", "NAME": "Montana", "LSAD": "00", "ALAND": 376962738765, "AWATER": 3869208832 }, "geometry": { "type": "MultiLineString", "coordinates": [ [ [ -109.29835, 48.123946 ], [ -109.306027, 48.129363 ] ] ] } },
{ "type": "Feature", "properties": { "TYPEPIPE": "Intrastate", "Operator": "Northwestern Energy Co", "Status": "Operating", "Shape_Leng": 0.00464514079, "STATEFP": "30", "STATENS": "00767982", "AFFGEOID": "0400000US30", "GEOID": "30", "STUSPS": "MT", "NAME": "Montana", "LSAD": "00", "ALAND": 376962738765, "AWATER": 3869208832 }, "geometry": { "type": "MultiLineString", "coordinates": [ [ [ -109.306027, 48.129363 ], [ -109.309809, 48.13206 ] ] ] } },
{ "type": "Feature", "properties": { "TYPEPIPE": "Intrastate", "Operator": "Northwestern Energy Co", "Status": "Operating", "Shape_Leng": 0.0046317324, "STATEFP": "30", "STATENS": "00767982", "AFFGEOID": "0400000US30", "GEOID": "30", "STUSPS": "MT", "NAME": "Montana", "LSAD": "00", "ALAND": 376962738765, "AWATER": 3869208832 }, "geometry": { "type": "MultiLineString", "coordinates": [ [ [ -109.306027, 48.129363 ], [ -109.309908, 48.126835 ] ] ] } },
{ "type": "Feature", "properties": { "TYPEPIPE": "Intrastate", "Operator": "Northwestern Energy Co", "Status": "Operating", "Shape_Leng": 0.01218347534, "STATEFP": "30", "STATENS": "00767982", "AFFGEOID": "0400000US30", "GEOID": "30", "STUSPS": "MT", "NAME": "Montana", "LSAD": "00", "ALAND": 376962738765, "AWATER": 3869208832 }, "geometry": { "type": "MultiLineString", "coordinates": [ [ [ -109.346083, 48.108434 ], [ -109.342524, 48.115919 ], [ -109.339211, 48.117968 ] ] ] } },
{ "type": "Feature", "properties": { "TYPEPIPE": "Intrastate", "Operator": "Northwestern Energy Co", "Status": "Operating", "Shape_Leng": 0.00912724418, "STATEFP": "30", "STATENS": "00767982", "AFFGEOID": "0400000US30", "GEOID": "30", "STUSPS": "MT", "NAME": "Montana", "LSAD": "00", "ALAND": 376962738765, "AWATER": 3869208832 }, "geometry": { "type": "MultiLineString", "coordinates": [ [ [ -109.339211, 48.117968 ], [ -109.3368, 48.119769 ], [ -109.331043, 48.121839 ] ] ] } },
{ "type": "Feature", "properties": { "TYPEPIPE": "Intrastate", "Operator": "Northwestern Energy Co", "Status": "Operating", "Shape_Leng": 0.00182925121, "STATEFP": "30", "STATENS": "00767982", "AFFGEOID": "0400000US30", "GEOID": "30", "STUSPS": "MT", "NAME": "Montana", "LSAD": "00", "ALAND": 376962738765, "AWATER": 3869208832 }, "geometry": { "type": "MultiLineString", "coordinates": [ [ [ -109.339211, 48.117968 ], [ -109.33947, 48.118758 ], [ -109.34037, 48.119189 ] ] ] } },
{ "type": "Feature", "properties": { "TYPEPIPE": "Intrastate", "Operator": "Northwestern Energy Co", "Status": "Operating", "Shape_Leng": 0.02731942086, "STATEFP": "30", "STATENS": "00767982", "AFFGEOID": "0400000US30", "GEOID": "30", "STUSPS": "MT", "NAME": "Montana", "LSAD": "00", "ALAND": 376962738765, "AWATER": 3869208832 }, "geometry": { "type": "MultiLineString", "coordinates": [ [ [ -109.373046, 48.109508 ], [ -109.368691, 48.109047 ], [ -109.363548, 48.108306 ], [ -109.358556, 48.107539 ], [ -109.355853, 48.10695 ], [ -109.35202, 48.107629 ], [ -109.34796, 48.108515 ], [ -109.346083, 48.108434 ] ] ] } },
{ "type": "Feature", "properties": { "TYPEPIPE": "Intrastate", "Operator": "Northwestern Energy Co", "Status": "Operating", "Shape_Leng": 0.03531852803, "STATEFP": "30", "STATENS": "00767982", "AFFGEOID": "0400000US30", "GEOID": "30", "STUSPS": "MT", "NAME": "Montana", "LSAD": "00", "ALAND": 376962738765, "AWATER": 3869208832 }, "geometry": { "type": "MultiLineString", "coordinates": [ [ [ -109.373046, 48.109508 ], [ -109.376432, 48.107686 ], [ -109.375272, 48.106364 ], [ -109.37509, 48.104535 ], [ -109.376714, 48.10157 ], [ -109.378563, 48.098704 ], [ -109.390928, 48.094933 ], [ -109.396608, 48.091589 ], [ -109.396837, 48.090039 ] ] ] } },
{ "type": "Feature", "properties": { "TYPEPIPE": "Intrastate", "Operator": "Northwestern Energy Co", "Status": "Operating", "Shape_Leng": 0.02411989682, "STATEFP": "30", "STATENS": "00767982", "AFFGEOID": "0400000US30", "GEOID": "30", "STUSPS": "MT", "NAME": "Montana", "LSAD": "00", "ALAND": 376962738765, "AWATER": 3869208832 }, "geometry": { "type": "MultiLineString", "coordinates": [ [ [ -109.396837, 48.090039 ], [ -109.39737, 48.087298 ], [ -109.398877, 48.085398 ], [ -109.400914, 48.081463 ], [ -109.404862, 48.079232 ], [ -109.40607, 48.076266 ], [ -109.410053, 48.075049 ], [ -109.412195, 48.07363 ] ] ] } },
{ "type": "Feature", "properties": { "TYPEPIPE": "Intrastate", "Operator": "Northwestern Energy Co", "Status": "Operating", "Shape_Leng": 0.01250462091, "STATEFP": "30", "STATENS": "00767982", "AFFGEOID": "0400000US30", "GEOID": "30", "STUSPS": "MT", "NAME": "Montana", "LSAD": "00", "ALAND": 376962738765, "AWATER": 3869208832 }, "geometry": { "type": "MultiLineString", "coordinates": [ [ [ -109.396837, 48.090039 ], [ -109.402093, 48.090197 ], [ -109.405915, 48.092942 ], [ -109.408431, 48.092589 ] ] ] } },
{ "type": "Feature", "properties": { "TYPEPIPE": "Intrastate", "Operator": "Northwestern Energy Co", "Status": "Operating", "Shape_Leng": 0.00373802793, "STATEFP": "30", "STATENS": "00767982", "AFFGEOID": "0400000US30", "GEOID": "30", "STUSPS": "MT", "NAME": "Montana", "LSAD": "00", "ALAND": 376962738765, "AWATER": 3869208832 }, "geometry": { "type": "MultiLineString", "coordinates": [ [ [ -109.477014, 48.048159 ], [ -109.478844, 48.046167 ], [ -109.479877, 48.046176 ] ] ] } },
{ "type": "Feature", "properties": { "TYPEPIPE": "Intrastate", "Operator": "Northwestern Energy Co", "Status": "Operating", "Shape_Leng": 0.00320742155, "STATEFP": "30", "STATENS": "00767982", "AFFGEOID": "0400000US30", "GEOID": "30", "STUSPS": "MT", "NAME": "Montana", "LSAD": "00", "ALAND": 376962738765, "AWATER": 3869208832 }, "geometry": { "type": "MultiLineString", "coordinates": [ [ [ -109.479877, 48.046176 ], [ -109.479929, 48.042969 ] ] ] } },
{ "type": "Feature", "properties": { "TYPEPIPE": "Intrastate", "Operator": "Northwestern Energy Co", "Status": "Operating", "Shape_Leng": 0.00887499144, "STATEFP": "30", "STATENS": "00767982", "AFFGEOID": "0400000US30", "GEOID": "30", "STUSPS": "MT", "NAME": "Montana", "LSAD": "00", "ALAND": 376962738765, "AWATER": 3869208832 }, "geometry": { "type": "MultiLineString", "coordinates": [ [ [ -109.548066, 48.047459 ], [ -109.556939, 48.047647 ] ] ] } },
{ "type": "Feature", "properties": { "TYPEPIPE": "Intrastate", "Operator": "Northwestern Energy Co", "Status": "Operating", "Shape_Leng": 0.00361667084, "STATEFP": "30", "STATENS": "00767982", "AFFGEOID": "0400000US30", "GEOID": "30", "STUSPS": "MT", "NAME": "Montana", "LSAD": "00", "ALAND": 376962738765, "AWATER": 3869208832 }, "geometry": { "type": "MultiLineString", "coordinates": [ [ [ -109.531338, 48.060648 ], [ -109.527806, 48.061426 ] ] ] } },
{ "type": "Feature", "properties": { "TYPEPIPE": "Intrastate", "Operator": "Northwestern Energy Co", "Status": "Operating", "Shape_Leng": 0.00123647645, "STATEFP": "30", "STATENS": "00767982", "AFFGEOID": "0400000US30", "GEOID": "30", "STUSPS": "MT", "NAME": "Montana", "LSAD": "00", "ALAND": 376962738765, "AWATER": 3869208832 }, "geometry": { "type": "MultiLineString", "coordinates": [ [ [ -109.531338, 48.060648 ], [ -109.531013, 48.061841 ] ] ] } },
{ "type": "Feature", "properties": { "TYPEPIPE": "Intrastate", "Operator": "Northwestern Energy Co", "Status": "Operating", "Shape_Leng": 0.00899692373, "STATEFP": "30", "STATENS": "00767982", "AFFGEOID": "0400000US30", "GEOID": "30", "STUSPS": "MT", "NAME": "Montana", "LSAD": "00", "ALAND": 376962738765, "AWATER": 3869208832 }, "geometry": { "type": "MultiLineString", "coordinates": [ [ [ -109.531013, 48.061841 ], [ -109.527319, 48.06825 ], [ -109.526531, 48.069642 ] ] ] } },
{ "type": "Feature", "properties": { "TYPEPIPE": "Intrastate", "Operator": "Northwestern Energy Co", "Status": "Operating", "Shape_Leng": 0.00268783426, "STATEFP": "30", "STATENS": "00767982", "AFFGEOID": "0400000US30", "GEOID": "30", "STUSPS": "MT", "NAME": "Montana", "LSAD": "00", "ALAND": 376962738765, "AWATER": 3869208832 }, "geometry": { "type": "MultiLineString", "coordinates": [ [ [ -109.531013, 48.061841 ], [ -109.533695, 48.061664 ] ] ] } },
{ "type": "Feature", "properties": { "TYPEPIPE": "Intrastate", "Operator": "Northwestern Energy Co", "Status": "Operating", "Shape_Leng": 0.00357857845, "STATEFP": "30", "STATENS": "00767982", "AFFGEOID": "0400000US30", "GEOID": "30", "STUSPS": "MT", "NAME": "Montana", "LSAD": "00", "ALAND": 376962738765, "AWATER": 3869208832 }, "geometry": { "type": "MultiLineString", "coordinates": [ [ [ -109.548066, 48.047459 ], [ -109.547084, 48.049157 ], [ -109.545695, 48.049985 ] ] ] } },
{ "type": "Feature", "properties": { "TYPEPIPE": "Intrastate", "Operator": "Northwestern Energy Co", "Status": "Operating", "Shape_Leng": 0.01846732946, "STATEFP": "30", "STATENS": "00767982", "AFFGEOID": "0400000US30", "GEOID": "30", "STUSPS": "MT", "NAME": "Montana", "LSAD": "00", "ALAND": 376962738765, "AWATER": 3869208832 }, "geometry": { "type": "MultiLineString", "coordinates": [ [ [ -109.545695, 48.049985 ], [ -109.542211, 48.052653 ], [ -109.536409, 48.059318 ], [ -109.531338, 48.060648 ] ] ] } },
{ "type": "Feature", "properties": { "TYPEPIPE": "Intrastate", "Operator": "Northwestern Energy Co", "Status": "Operating", "Shape_Leng": 0.00237634614, "STATEFP": "30", "STATENS": "00767982", "AFFGEOID": "0400000US30", "GEOID": "30", "STUSPS": "MT", "NAME": "Montana", "LSAD": "00", "ALAND": 376962738765, "AWATER": 3869208832 }, "geometry": { "type": "MultiLineString", "coordinates": [ [ [ -109.545695, 48.049985 ], [ -109.5479, 48.050871 ] ] ] } },
{ "type": "Feature", "properties": { "TYPEPIPE": "Intrastate", "Operator": "Northwestern Energy Co", "Status": "Operating", "Shape_Leng": 0.00271721217, "STATEFP": "30", "STATENS": "00767982", "AFFGEOID": "0400000US30", "GEOID": "30", "STUSPS": "MT", "NAME": "Montana", "LSAD": "00", "ALAND": 376962738765, "AWATER": 3869208832 }, "geometry": { "type": "MultiLineString", "coordinates": [ [ [ -109.556939, 48.047647 ], [ -109.55644, 48.050318 ] ] ] } },
{ "type": "Feature", "properties": { "TYPEPIPE": "Intrastate", "Operator": "Northwestern Energy Co", "Status": "Operating", "Shape_Leng": 0.00965822949, "STATEFP": "30", "STATENS": "00767982", "AFFGEOID": "0400000US30", "GEOID": "30", "STUSPS": "MT", "NAME": "Montana", "LSAD": "00", "ALAND": 376962738765, "AWATER": 3869208832 }, "geometry": { "type": "MultiLineString", "coordinates": [ [ [ -109.592154, 48.054341 ], [ -109.59303, 48.054709 ], [ -109.600671, 48.052687 ], [ -109.601475, 48.052697 ] ] ] } },
{ "type": "Feature", "properties": { "TYPEPIPE": "Intrastate", "Operator": "Northwestern Energy Co", "Status": "Operating", "Shape_Leng": 0.01933275227, "STATEFP": "30", "STATENS": "00767982", "AFFGEOID": "0400000US30", "GEOID": "30", "STUSPS": "MT", "NAME": "Montana", "LSAD": "00", "ALAND": 376962738765, "AWATER": 3869208832 }, "geometry": { "type": "MultiLineString", "coordinates": [ [ [ -109.601475, 48.052697 ], [ -109.607014, 48.053254 ], [ -109.609372, 48.054322 ], [ -109.614502, 48.056864 ], [ -109.616497, 48.059275 ], [ -109.618549, 48.060363 ] ] ] } },
{ "type": "Feature", "properties": { "TYPEPIPE": "Intrastate", "Operator": "Northwestern Energy Co", "Status": "Operating", "Shape_Leng": 0.00275011727, "STATEFP": "30", "STATENS": "00767982", "AFFGEOID": "0400000US30", "GEOID": "30", "STUSPS": "MT", "NAME": "Montana", "LSAD": "00", "ALAND": 376962738765, "AWATER": 3869208832 }, "geometry": { "type": "MultiLineString", "coordinates": [ [ [ -109.592154, 48.054341 ], [ -109.589838, 48.055824 ] ] ] } },
{ "type": "Feature", "properties": { "TYPEPIPE": "Intrastate", "Operator": "Northwestern Energy Co", "Status": "Operating", "Shape_Leng": 0.00288225537, "STATEFP": "30", "STATENS": "00767982", "AFFGEOID": "0400000US30", "GEOID": "30", "STUSPS": "MT", "NAME": "Montana", "LSAD": "00", "ALAND": 376962738765, "AWATER": 3869208832 }, "geometry": { "type": "MultiLineString", "coordinates": [ [ [ -109.601475, 48.052697 ], [ -109.601361, 48.049817 ] ] ] } },
{ "type": "Feature", "properties": { "TYPEPIPE": "Intrastate", "Operator": "Northwestern Energy Co", "Status": "Operating", "Shape_Leng": 0.00343160558, "STATEFP": "30", "STATENS": "00767982", "AFFGEOID": "0400000US30", "GEOID": "30", "STUSPS": "MT", "NAME": "Montana", "LSAD": "00", "ALAND": 376962738765, "AWATER": 3869208832 }, "geometry": { "type": "MultiLineString", "coordinates": [ [ [ -109.618549, 48.060363 ], [ -109.616541, 48.06172 ], [ -109.615654, 48.062199 ] ] ] } },
{ "type": "Feature", "properties": { "TYPEPIPE": "Intrastate", "Operator": "Northwestern Energy Co", "Status": "Operating", "Shape_Leng": 0.07183092223, "STATEFP": "30", "STATENS": "00767982", "AFFGEOID": "0400000US30", "GEOID": "30", "STUSPS": "MT", "NAME": "Montana", "LSAD": "00", "ALAND": 376962738765, "AWATER": 3869208832 }, "geometry": { "type": "MultiLineString", "coordinates": [ [ [ -109.479877, 48.046176 ], [ -109.485087, 48.045719 ], [ -109.489941, 48.045999 ], [ -109.492473, 48.043121 ], [ -109.495548, 48.042207 ], [ -109.49865, 48.04201 ], [ -109.500884, 48.041013 ], [ -109.515808, 48.040626 ], [ -109.518888, 48.041805 ], [ -109.524088, 48.041929 ], [ -109.527662, 48.04082 ], [ -109.531712, 48.043688 ], [ -109.542671, 48.047534 ], [ -109.548066, 48.047459 ] ] ] } },
{ "type": "Feature", "properties": { "TYPEPIPE": "Intrastate", "Operator": "Northwestern Energy Co", "Status": "Operating", "Shape_Leng": 0.03608242026, "STATEFP": "30", "STATENS": "00767982", "AFFGEOID": "0400000US30", "GEOID": "30", "STUSPS": "MT", "NAME": "Montana", "LSAD": "00", "ALAND": 376962738765, "AWATER": 3869208832 }, "geometry": { "type": "MultiLineString", "coordinates": [ [ [ -109.556939, 48.047647 ], [ -109.559086, 48.047287 ], [ -109.568516, 48.048548 ], [ -109.573404, 48.049176 ], [ -109.581489, 48.051012 ], [ -109.592154, 48.054341 ] ] ] } },
{ "type": "Feature", "properties": { "TYPEPIPE": "Intrastate", "Operator": "Northwestern Energy Co", "Status": "Operating", "Shape_Leng": 0.01809028086, "STATEFP": "30", "STATENS": "00767982", "AFFGEOID": "0400000US30", "GEOID": "30", "STUSPS": "MT", "NAME": "Montana", "LSAD": "00", "ALAND": 376962738765, "AWATER": 3869208832 }, "geometry": { "type": "MultiLineString", "coordinates": [ [ [ -109.552828, 48.084845 ], [ -109.54397, 48.083334 ], [ -109.534953, 48.082076 ] ] ] } },
{ "type": "Feature", "properties": { "TYPEPIPE": "Intrastate", "Operator": "Northwestern Energy Co", "Status": "Operating", "Shape_Leng": 0.0115380039, "STATEFP": "30", "STATENS": "00767982", "AFFGEOID": "0400000US30", "GEOID": "30", "STUSPS": "MT", "NAME": "Montana", "LSAD": "00", "ALAND": 376962738765, "AWATER": 3869208832 }, "geometry": { "type": "MultiLineString", "coordinates": [ [ [ -109.552828, 48.084845 ], [ -109.553028, 48.091979 ], [ -109.548691, 48.092728 ] ] ] } },
{ "type": "Feature", "properties": { "TYPEPIPE": "Intrastate", "Operator": "Northwestern Energy Co", "Status": "Operating", "Shape_Leng": 0.00749911621, "STATEFP": "30", "STATENS": "00767982", "AFFGEOID": "0400000US30", "GEOID": "30", "STUSPS": "MT", "NAME": "Montana", "LSAD": "00", "ALAND": 376962738765, "AWATER": 3869208832 }, "geometry": { "type": "MultiLineString", "coordinates": [ [ [ -109.55939, 48.081215 ], [ -109.552828, 48.084845 ] ] ] } },
{ "type": "Feature", "properties": { "TYPEPIPE": "Intrastate", "Operator": "Northwestern Energy Co", "Status": "Operating", "Shape_Leng": 0.00126784542, "STATEFP": "30", "STATENS": "00767982", "AFFGEOID": "0400000US30", "GEOID": "30", "STUSPS": "MT", "NAME": "Montana", "LSAD": "00", "ALAND": 376962738765, "AWATER": 3869208832 }, "geometry": { "type": "MultiLineString", "coordinates": [ [ [ -109.55939, 48.081215 ], [ -109.560256, 48.082141 ] ] ] } },
{ "type": "Feature", "properties": { "TYPEPIPE": "Intrastate", "Operator": "Northwestern Energy Co", "Status": "Operating", "Shape_Leng": 0.01023277443, "STATEFP": "30", "STATENS": "00767982", "AFFGEOID": "0400000US30", "GEOID": "30", "STUSPS": "MT", "NAME": "Montana", "LSAD": "00", "ALAND": 376962738765, "AWATER": 3869208832 }, "geometry": { "type": "MultiLineString", "coordinates": [ [ [ -109.568492, 48.076562 ], [ -109.565948, 48.077812 ], [ -109.563597, 48.078911 ], [ -109.561746, 48.079784 ], [ -109.55939, 48.081215 ] ] ] } },
{ "type": "Feature", "properties": { "TYPEPIPE": "Intrastate", "Operator": "Northwestern Energy Co", "Status": "Operating", "Shape_Leng": 0.00153835659, "STATEFP": "30", "STATENS": "00767982", "AFFGEOID": "0400000US30", "GEOID": "30", "STUSPS": "MT", "NAME": "Montana", "LSAD": "00", "ALAND": 376962738765, "AWATER": 3869208832 }, "geometry": { "type": "MultiLineString", "coordinates": [ [ [ -109.568492, 48.076562 ], [ -109.569938, 48.077087 ] ] ] } },
{ "type": "Feature", "properties": { "TYPEPIPE": "Intrastate", "Operator": "Northwestern Energy Co", "Status": "Operating", "Shape_Leng": 0.00437094704, "STATEFP": "30", "STATENS": "00767982", "AFFGEOID": "0400000US30", "GEOID": "30", "STUSPS": "MT", "NAME": "Montana", "LSAD": "00", "ALAND": 376962738765, "AWATER": 3869208832 }, "geometry": { "type": "MultiLineString", "coordinates": [ [ [ -109.572645, 48.075199 ], [ -109.568492, 48.076562 ] ] ] } },
{ "type": "Feature", "properties": { "TYPEPIPE": "Intrastate", "Operator": "Northwestern Energy Co", "Status": "Operating", "Shape_Leng": 0.00737187798, "STATEFP": "30", "STATENS": "00767982", "AFFGEOID": "0400000US30", "GEOID": "30", "STUSPS": "MT", "NAME": "Montana", "LSAD": "00", "ALAND": 376962738765, "AWATER": 3869208832 }, "geometry": { "type": "MultiLineString", "coordinates": [ [ [ -109.572645, 48.075199 ], [ -109.578202, 48.080043 ] ] ] } },
{ "type": "Feature", "properties": { "TYPEPIPE": "Intrastate", "Operator": "Northwestern Energy Co", "Status": "Operating", "Shape_Leng": 0.00236343923, "STATEFP": "30", "STATENS": "00767982", "AFFGEOID": "0400000US30", "GEOID": "30", "STUSPS": "MT", "NAME": "Montana", "LSAD": "00", "ALAND": 376962738765, "AWATER": 3869208832 }, "geometry": { "type": "MultiLineString", "coordinates": [ [ [ -109.666378, 48.072652 ], [ -109.664049, 48.07225 ] ] ] } },
{ "type": "Feature", "properties": { "TYPEPIPE": "Intrastate", "Operator": "Northwestern Energy Co", "Status": "Operating", "Shape_Leng": 0.00762118587, "STATEFP": "30", "STATENS": "00767982", "AFFGEOID": "0400000US30", "GEOID": "30", "STUSPS": "MT", "NAME": "Montana", "LSAD": "00", "ALAND": 376962738765, "AWATER": 3869208832 }, "geometry": { "type": "MultiLineString", "coordinates": [ [ [ -109.673903, 48.073859 ], [ -109.666378, 48.072652 ] ] ] } },
{ "type": "Feature", "properties": { "TYPEPIPE": "Intrastate", "Operator": "Northwestern Energy Co", "Status": "Operating", "Shape_Leng": 0.01515422548, "STATEFP": "30", "STATENS": "00767982", "AFFGEOID": "0400000US30", "GEOID": "30", "STUSPS": "MT", "NAME": "Montana", "LSAD": "00", "ALAND": 376962738765, "AWATER": 3869208832 }, "geometry": { "type": "MultiLineString", "coordinates": [ [ [ -109.688886, 48.075591 ], [ -109.68345, 48.075672 ], [ -109.673903, 48.073859 ] ] ] } },
{ "type": "Feature", "properties": { "TYPEPIPE": "Intrastate", "Operator": "Northwestern Energy Co", "Status": "Operating", "Shape_Leng": 0.0117506282, "STATEFP": "30", "STATENS": "00767982", "AFFGEOID": "0400000US30", "GEOID": "30", "STUSPS": "MT", "NAME": "Montana", "LSAD": "00", "ALAND": 376962738765, "AWATER": 3869208832 }, "geometry": { "type": "MultiLineString", "coordinates": [ [ [ -109.700203, 48.073444 ], [ -109.695751, 48.074499 ], [ -109.693305, 48.074225 ], [ -109.69011, 48.075628 ], [ -109.688886, 48.075591 ] ] ] } },
{ "type": "Feature", "properties": { "TYPEPIPE": "Intrastate", "Operator": "Northwestern Energy Co", "Status": "Operating", "Shape_Leng": 0.02084182856, "STATEFP": "30", "STATENS": "00767982", "AFFGEOID": "0400000US30", "GEOID": "30", "STUSPS": "MT", "NAME": "Montana", "LSAD": "00", "ALAND": 376962738765, "AWATER": 3869208832 }, "geometry": { "type": "MultiLineString", "coordinates": [ [ [ -109.720961, 48.072362 ], [ -109.718894, 48.072372 ], [ -109.708818, 48.073258 ], [ -109.70262, 48.073004 ], [ -109.700203, 48.073444 ] ] ] } },
{ "type": "Feature", "properties": { "TYPEPIPE": "Intrastate", "Operator": "Northwestern Energy Co", "Status": "Operating", "Shape_Leng": 0.00756811208, "STATEFP": "30", "STATENS": "00767982", "AFFGEOID": "0400000US30", "GEOID": "30", "STUSPS": "MT", "NAME": "Montana", "LSAD": "00", "ALAND": 376962738765, "AWATER": 3869208832 }, "geometry": { "type": "MultiLineString", "coordinates": [ [ [ -109.666378, 48.072652 ], [ -109.667374, 48.075564 ], [ -109.668551, 48.076388 ], [ -109.669624, 48.079247 ] ] ] } },
{ "type": "Feature", "properties": { "TYPEPIPE": "Intrastate", "Operator": "Northwestern Energy Co", "Status": "Operating", "Shape_Leng": 0.0113947604, "STATEFP": "30", "STATENS": "00767982", "AFFGEOID": "0400000US30", "GEOID": "30", "STUSPS": "MT", "NAME": "Montana", "LSAD": "00", "ALAND": 376962738765, "AWATER": 3869208832 }, "geometry": { "type": "MultiLineString", "coordinates": [ [ [ -109.664049, 48.07225 ], [ -109.668437, 48.064214 ], [ -109.669139, 48.063074 ], [ -109.670022, 48.0629 ] ] ] } },
{ "type": "Feature", "properties": { "TYPEPIPE": "Intrastate", "Operator": "Northwestern Energy Co", "Status": "Operating", "Shape_Leng": 0.01677196871, "STATEFP": "30", "STATENS": "00767982", "AFFGEOID": "0400000US30", "GEOID": "30", "STUSPS": "MT", "NAME": "Montana", "LSAD": "00", "ALAND": 376962738765, "AWATER": 3869208832 }, "geometry": { "type": "MultiLineString", "coordinates": [ [ [ -109.670022, 48.0629 ], [ -109.674597, 48.061183 ], [ -109.677967, 48.060958 ], [ -109.678676, 48.05941 ], [ -109.681784, 48.058617 ], [ -109.682667, 48.058447 ], [ -109.685342, 48.058802 ] ] ] } },
{ "type": "Feature", "properties": { "TYPEPIPE": "Intrastate", "Operator": "Northwestern Energy Co", "Status": "Operating", "Shape_Leng": 0.00677480158, "STATEFP": "30", "STATENS": "00767982", "AFFGEOID": "0400000US30", "GEOID": "30", "STUSPS": "MT", "NAME": "Montana", "LSAD": "00", "ALAND": 376962738765, "AWATER": 3869208832 }, "geometry": { "type": "MultiLineString", "coordinates": [ [ [ -109.670022, 48.0629 ], [ -109.666919, 48.060201 ], [ -109.666309, 48.059864 ], [ -109.665547, 48.059681 ], [ -109.665063, 48.058603 ] ] ] } },
{ "type": "Feature", "properties": { "TYPEPIPE": "Intrastate", "Operator": "Northwestern Energy Co", "Status": "Operating", "Shape_Leng": 0.00197681157, "STATEFP": "30", "STATENS": "00767982", "AFFGEOID": "0400000US30", "GEOID": "30", "STUSPS": "MT", "NAME": "Montana", "LSAD": "00", "ALAND": 376962738765, "AWATER": 3869208832 }, "geometry": { "type": "MultiLineString", "coordinates": [ [ [ -109.673903, 48.073859 ], [ -109.675033, 48.072237 ] ] ] } },
{ "type": "Feature", "properties": { "TYPEPIPE": "Intrastate", "Operator": "Northwestern Energy Co", "Status": "Operating", "Shape_Leng": 0.00440281499, "STATEFP": "30", "STATENS": "00767982", "AFFGEOID": "0400000US30", "GEOID": "30", "STUSPS": "MT", "NAME": "Montana", "LSAD": "00", "ALAND": 376962738765, "AWATER": 3869208832 }, "geometry": { "type": "MultiLineString", "coordinates": [ [ [ -109.688886, 48.075591 ], [ -109.690211, 48.076773 ], [ -109.691111, 48.07831 ], [ -109.691331, 48.079127 ] ] ] } },
{ "type": "Feature", "properties": { "TYPEPIPE": "Intrastate", "Operator": "Northwestern Energy Co", "Status": "Operating", "Shape_Leng": 0.00678575456, "STATEFP": "30", "STATENS": "00767982", "AFFGEOID": "0400000US30", "GEOID": "30", "STUSPS": "MT", "NAME": "Montana", "LSAD": "00", "ALAND": 376962738765, "AWATER": 3869208832 }, "geometry": { "type": "MultiLineString", "coordinates": [ [ [ -109.704877, 48.056976 ], [ -109.711404, 48.05512 ] ] ] } },
{ "type": "Feature", "properties": { "TYPEPIPE": "Intrastate", "Operator": "Northwestern Energy Co", "Status": "Operating", "Shape_Leng": 0.00316575315, "STATEFP": "30", "STATENS": "00767982", "AFFGEOID": "0400000US30", "GEOID": "30", "STUSPS": "MT", "NAME": "Montana", "LSAD": "00", "ALAND": 376962738765, "AWATER": 3869208832 }, "geometry": { "type": "MultiLineString", "coordinates": [ [ [ -109.704877, 48.056976 ], [ -109.702024, 48.055604 ] ] ] } },
{ "type": "Feature", "properties": { "TYPEPIPE": "Intrastate", "Operator": "Northwestern Energy Co", "Status": "Operating", "Shape_Leng": 0.00503346253, "STATEFP": "30", "STATENS": "00767982", "AFFGEOID": "0400000US30", "GEOID": "30", "STUSPS": "MT", "NAME": "Montana", "LSAD": "00", "ALAND": 376962738765, "AWATER": 3869208832 }, "geometry": { "type": "MultiLineString", "coordinates": [ [ [ -109.700203, 48.073444 ], [ -109.701715, 48.068643 ] ] ] } },
{ "type": "Feature", "properties": { "TYPEPIPE": "Intrastate", "Operator": "Northwestern Energy Co", "Status": "Operating", "Shape_Leng": 0.01285067727, "STATEFP": "30", "STATENS": "00767982", "AFFGEOID": "0400000US30", "GEOID": "30", "STUSPS": "MT", "NAME": "Montana", "LSAD": "00", "ALAND": 376962738765, "AWATER": 3869208832 }, "geometry": { "type": "MultiLineString", "coordinates": [ [ [ -109.701715, 48.068643 ], [ -109.702388, 48.063581 ], [ -109.703224, 48.057701 ], [ -109.704877, 48.056976 ] ] ] } },
{ "type": "Feature", "properties": { "TYPEPIPE": "Intrastate", "Operator": "Northwestern Energy Co", "Status": "Operating", "Shape_Leng": 0.00591706971, "STATEFP": "30", "STATENS": "00767982", "AFFGEOID": "0400000US30", "GEOID": "30", "STUSPS": "MT", "NAME": "Montana", "LSAD": "00", "ALAND": 376962738765, "AWATER": 3869208832 }, "geometry": { "type": "MultiLineString", "coordinates": [ [ [ -109.701715, 48.068643 ], [ -109.700156, 48.067865 ], [ -109.695983, 48.067985 ] ] ] } },
{ "type": "Feature", "properties": { "TYPEPIPE": "Intrastate", "Operator": "Northwestern Energy Co", "Status": "Operating", "Shape_Leng": 0.00727543386, "STATEFP": "30", "STATENS": "00767982", "AFFGEOID": "0400000US30", "GEOID": "30", "STUSPS": "MT", "NAME": "Montana", "LSAD": "00", "ALAND": 376962738765, "AWATER": 3869208832 }, "geometry": { "type": "MultiLineString", "coordinates": [ [ [ -109.720961, 48.072362 ], [ -109.721134, 48.070583 ], [ -109.72261, 48.068711 ], [ -109.721611, 48.065772 ] ] ] } },
{ "type": "Feature", "properties": { "TYPEPIPE": "Intrastate", "Operator": "Northwestern Energy Co", "Status": "Operating", "Shape_Leng": 0.35229295351000001, "STATEFP": "30", "STATENS": "00767982", "AFFGEOID": "0400000US30", "GEOID": "30", "STUSPS": "MT", "NAME": "Montana", "LSAD": "00", "ALAND": 376962738765, "AWATER": 3869208832 }, "geometry": { "type": "MultiLineString", "coordinates": [ [ [ -110.097576, 48.070162 ], [ -110.0803, 48.069755 ], [ -110.076716, 48.066604 ], [ -110.041292, 48.063876 ], [ -110.039569, 48.063817 ], [ -110.038077, 48.063858 ], [ -110.035632, 48.063339 ], [ -110.034409, 48.063126 ], [ -110.031691, 48.063112 ], [ -110.029242, 48.063074 ], [ -110.025224, 48.062998 ], [ -110.019179, 48.06279 ], [ -110.012521, 48.062625 ], [ -110.008925, 48.062476 ], [ -110.006746, 48.062286 ], [ -110.003493, 48.062065 ], [ -110.001351, 48.062002 ], [ -109.994425, 48.061761 ], [ -109.988456, 48.061904 ], [ -109.983709, 48.062005 ], [ -109.980458, 48.061935 ], [ -109.976975, 48.061968 ], [ -109.972421, 48.062018 ], [ -109.969819, 48.061872 ], [ -109.967179, 48.061754 ], [ -109.965689, 48.061416 ], [ -109.964392, 48.060873 ], [ -109.962788, 48.060432 ], [ -109.961487, 48.060348 ], [ -109.958158, 48.060404 ], [ -109.955403, 48.06031 ], [ -109.953183, 48.060399 ], [ -109.948997, 48.062435 ], [ -109.947198, 48.062602 ], [ -109.928127, 48.064319 ], [ -109.926982, 48.064107 ], [ -109.922207, 48.062983 ], [ -109.920831, 48.062695 ], [ -109.902893, 48.061459 ], [ -109.895719, 48.058943 ], [ -109.855189, 48.059766 ], [ -109.849819, 48.061157 ], [ -109.842895, 48.060979 ], [ -109.835651, 48.062125 ], [ -109.831905, 48.061768 ], [ -109.821834, 48.06246 ], [ -109.8197, 48.061475 ], [ -109.816132, 48.062448 ], [ -109.806225, 48.062066 ], [ -109.800829, 48.062104 ], [ -109.798571, 48.062089 ], [ -109.795658, 48.062549 ], [ -109.79141, 48.062567 ], [ -109.774314, 48.061675 ], [ -109.772974, 48.061793 ], [ -109.766728, 48.062512 ], [ -109.763922, 48.063711 ], [ -109.760905, 48.063128 ], [ -109.757677, 48.06435 ], [ -109.752765, 48.069128 ], [ -109.751384, 48.069396 ] ] ] } },
{ "type": "Feature", "properties": { "TYPEPIPE": "Intrastate", "Operator": "Northwestern Energy Co", "Status": "Operating", "Shape_Leng": 0.0241312224, "STATEFP": "30", "STATENS": "00767982", "AFFGEOID": "0400000US30", "GEOID": "30", "STUSPS": "MT", "NAME": "Montana", "LSAD": "00", "ALAND": 376962738765, "AWATER": 3869208832 }, "geometry": { "type": "MultiLineString", "coordinates": [ [ [ -109.92522, 48.064176 ], [ -109.923397, 48.067372 ], [ -109.923584, 48.087823 ] ] ] } },
{ "type": "Feature", "properties": { "TYPEPIPE": "Intrastate", "Operator": "Northwestern Energy Co", "Status": "Operating", "Shape_Leng": 0.13186911098000001, "STATEFP": "30", "STATENS": "00767982", "AFFGEOID": "0400000US30", "GEOID": "30", "STUSPS": "MT", "NAME": "Montana", "LSAD": "00", "ALAND": 376962738765, "AWATER": 3869208832 }, "geometry": { "type": "MultiLineString", "coordinates": [ [ [ -109.841778, 48.061737 ], [ -109.835571, 48.062637 ], [ -109.831901, 48.062252 ], [ -109.821867, 48.063046 ], [ -109.819656, 48.062142 ], [ -109.816318, 48.062979 ], [ -109.800823, 48.062715 ], [ -109.80002, 48.062582 ], [ -109.799486, 48.062504 ], [ -109.798757, 48.062623 ], [ -109.79799, 48.062745 ], [ -109.791787, 48.070674 ], [ -109.785063, 48.07681 ], [ -109.779691, 48.078067 ], [ -109.777321, 48.077794 ], [ -109.773106, 48.078172 ], [ -109.770592, 48.076981 ], [ -109.764578, 48.077443 ], [ -109.763093, 48.07667 ], [ -109.760405, 48.077464 ], [ -109.753422, 48.072035 ], [ -109.752402, 48.070828 ], [ -109.750271, 48.069639 ], [ -109.748965, 48.070143 ], [ -109.748081, 48.070439 ], [ -109.747392, 48.070487 ], [ -109.746512, 48.070349 ], [ -109.745633, 48.070242 ], [ -109.744983, 48.070135 ], [ -109.744451, 48.069954 ], [ -109.739316, 48.070397 ], [ -109.735104, 48.070643 ], [ -109.724162, 48.07364 ], [ -109.720961, 48.072362 ] ] ] } },
{ "type": "Feature", "properties": { "TYPEPIPE": "Intrastate", "Operator": "Northwestern Energy Co", "Status": "Operating", "Shape_Leng": 0.02868832319, "STATEFP": "30", "STATENS": "00767982", "AFFGEOID": "0400000US30", "GEOID": "30", "STUSPS": "MT", "NAME": "Montana", "LSAD": "00", "ALAND": 376962738765, "AWATER": 3869208832 }, "geometry": { "type": "MultiLineString", "coordinates": [ [ [ -109.95334, 48.061011 ], [ -109.949032, 48.062947 ], [ -109.927933, 48.064804 ], [ -109.92522, 48.064176 ] ] ] } },
{ "type": "Feature", "properties": { "TYPEPIPE": "Intrastate", "Operator": "Northwestern Energy Co", "Status": "Operating", "Shape_Leng": 0.08420670683000001, "STATEFP": "30", "STATENS": "00767982", "AFFGEOID": "0400000US30", "GEOID": "30", "STUSPS": "MT", "NAME": "Montana", "LSAD": "00", "ALAND": 376962738765, "AWATER": 3869208832 }, "geometry": { "type": "MultiLineString", "coordinates": [ [ [ -109.92522, 48.064176 ], [ -109.921705, 48.063288 ], [ -109.902162, 48.061888 ], [ -109.895905, 48.05958 ], [ -109.866858, 48.060048 ], [ -109.856219, 48.060181 ], [ -109.849777, 48.061638 ], [ -109.843732, 48.061445 ], [ -109.841778, 48.061737 ] ] ] } },
{ "type": "Feature", "properties": { "TYPEPIPE": "Intrastate", "Operator": "Northwestern Energy Co", "Status": "Operating", "Shape_Leng": 0.01985565761, "STATEFP": "30", "STATENS": "00767982", "AFFGEOID": "0400000US30", "GEOID": "30", "STUSPS": "MT", "NAME": "Montana", "LSAD": "00", "ALAND": 376962738765, "AWATER": 3869208832 }, "geometry": { "type": "MultiLineString", "coordinates": [ [ [ -109.457723, 48.094597 ], [ -109.4554, 48.094136 ], [ -109.453786, 48.093626 ], [ -109.452248, 48.093322 ], [ -109.450784, 48.092866 ], [ -109.449133, 48.092305 ], [ -109.447856, 48.092053 ], [ -109.446506, 48.091747 ], [ -109.44478, 48.091188 ], [ -109.443804, 48.090882 ], [ -109.442827, 48.090604 ], [ -109.441965, 48.090399 ], [ -109.440689, 48.090552 ], [ -109.438736, 48.090829 ], [ -109.438469, 48.090843 ] ] ] } },
{ "type": "Feature", "properties": { "TYPEPIPE": "Intrastate", "Operator": "Northwestern Energy Co", "Status": "Operating", "Shape_Leng": 0.12210367314, "STATEFP": "30", "STATENS": "00767982", "AFFGEOID": "0400000US30", "GEOID": "30", "STUSPS": "MT", "NAME": "Montana", "LSAD": "00", "ALAND": 376962738765, "AWATER": 3869208832 }, "geometry": { "type": "MultiLineString", "coordinates": [ [ [ -109.751384, 48.069396 ], [ -109.749971, 48.069105 ], [ -109.74882, 48.069403 ], [ -109.746939, 48.069819 ], [ -109.746403, 48.069918 ], [ -109.745449, 48.069655 ], [ -109.744302, 48.069444 ], [ -109.741126, 48.069544 ], [ -109.734691, 48.069901 ], [ -109.724323, 48.072975 ], [ -109.721429, 48.071654 ], [ -109.719514, 48.07174 ], [ -109.717599, 48.07188 ], [ -109.711546, 48.07234 ], [ -109.708862, 48.072722 ], [ -109.706339, 48.072551 ], [ -109.702209, 48.072084 ], [ -109.695605, 48.073913 ], [ -109.693006, 48.073586 ], [ -109.689733, 48.075115 ], [ -109.685063, 48.075201 ], [ -109.682692, 48.074982 ], [ -109.679486, 48.074292 ], [ -109.675322, 48.073618 ], [ -109.671197, 48.072923 ], [ -109.667531, 48.072305 ], [ -109.663866, 48.071583 ], [ -109.660315, 48.070943 ], [ -109.657603, 48.070489 ], [ -109.65413, 48.069665 ], [ -109.646039, 48.070871 ], [ -109.645772, 48.070817 ], [ -109.639722, 48.068142 ], [ -109.632096, 48.068838 ] ] ] } },
{ "type": "Feature", "properties": { "TYPEPIPE": "Intrastate", "Operator": "Northwestern Energy Co", "Status": "Operating", "Shape_Leng": 0.18204581661, "STATEFP": "30", "STATENS": "00767982", "AFFGEOID": "0400000US30", "GEOID": "30", "STUSPS": "MT", "NAME": "Montana", "LSAD": "00", "ALAND": 376962738765, "AWATER": 3869208832 }, "geometry": { "type": "MultiLineString", "coordinates": [ [ [ -109.632096, 48.068838 ], [ -109.604232, 48.071774 ], [ -109.596774, 48.06865 ], [ -109.591209, 48.069793 ], [ -109.583527, 48.071685 ], [ -109.580798, 48.072475 ], [ -109.573806, 48.07432 ], [ -109.569736, 48.075223 ], [ -109.566538, 48.076646 ], [ -109.561295, 48.079219 ], [ -109.557783, 48.081146 ], [ -109.55234, 48.084178 ], [ -109.549974, 48.083725 ], [ -109.546309, 48.083048 ], [ -109.539968, 48.082099 ], [ -109.529314, 48.080366 ], [ -109.527134, 48.080268 ], [ -109.525983, 48.080359 ], [ -109.524905, 48.080806 ], [ -109.524015, 48.081383 ], [ -109.523286, 48.081553 ], [ -109.522095, 48.081772 ], [ -109.520638, 48.08196 ], [ -109.518949, 48.082304 ], [ -109.517261, 48.082462 ], [ -109.516417, 48.082608 ], [ -109.516177, 48.083294 ], [ -109.515241, 48.084405 ], [ -109.51466, 48.084807 ], [ -109.513229, 48.085712 ], [ -109.512104, 48.086663 ], [ -109.510956, 48.086653 ], [ -109.509119, 48.086613 ], [ -109.507128, 48.086644 ], [ -109.505629, 48.08693 ], [ -109.504665, 48.087432 ], [ -109.48469, 48.093903 ], [ -109.475648, 48.094247 ], [ -109.471995, 48.095125 ], [ -109.47058, 48.095084 ], [ -109.466828, 48.095075 ], [ -109.465793, 48.095137 ], [ -109.464064, 48.095479 ], [ -109.46295, 48.095748 ], [ -109.462528, 48.095716 ], [ -109.460277, 48.095261 ], [ -109.459056, 48.09502 ], [ -109.457723, 48.094597 ] ] ] } },
{ "type": "Feature", "properties": { "TYPEPIPE": "Intrastate", "Operator": "Northwestern Energy Co", "Status": "Operating", "Shape_Leng": 0.03300457825, "STATEFP": "30", "STATENS": "00767982", "AFFGEOID": "0400000US30", "GEOID": "30", "STUSPS": "MT", "NAME": "Montana", "LSAD": "00", "ALAND": 376962738765, "AWATER": 3869208832 }, "geometry": { "type": "MultiLineString", "coordinates": [ [ [ -109.604184, 48.072537 ], [ -109.597073, 48.069212 ], [ -109.590317, 48.070678 ], [ -109.581481, 48.072988 ], [ -109.572645, 48.075199 ] ] ] } },
{ "type": "Feature", "properties": { "TYPEPIPE": "Intrastate", "Operator": "Northwestern Energy Co", "Status": "Operating", "Shape_Leng": 0.00695494847, "STATEFP": "30", "STATENS": "00767982", "AFFGEOID": "0400000US30", "GEOID": "30", "STUSPS": "MT", "NAME": "Montana", "LSAD": "00", "ALAND": 376962738765, "AWATER": 3869208832 }, "geometry": { "type": "MultiLineString", "coordinates": [ [ [ -109.604184, 48.072537 ], [ -109.605263, 48.074763 ], [ -109.604442, 48.075978 ], [ -109.60318, 48.078716 ] ] ] } },
{ "type": "Feature", "properties": { "TYPEPIPE": "Intrastate", "Operator": "Northwestern Energy Co", "Status": "Operating", "Shape_Leng": 0.00229379533, "STATEFP": "30", "STATENS": "00767982", "AFFGEOID": "0400000US30", "GEOID": "30", "STUSPS": "MT", "NAME": "Montana", "LSAD": "00", "ALAND": 376962738765, "AWATER": 3869208832 }, "geometry": { "type": "MultiLineString", "coordinates": [ [ [ -109.618549, 48.060363 ], [ -109.620445, 48.061654 ] ] ] } },
{ "type": "Feature", "properties": { "TYPEPIPE": "Intrastate", "Operator": "Northwestern Energy Co", "Status": "Operating", "Shape_Leng": 0.00314085498, "STATEFP": "30", "STATENS": "00767982", "AFFGEOID": "0400000US30", "GEOID": "30", "STUSPS": "MT", "NAME": "Montana", "LSAD": "00", "ALAND": 376962738765, "AWATER": 3869208832 }, "geometry": { "type": "MultiLineString", "coordinates": [ [ [ -109.628948, 48.069601 ], [ -109.628147, 48.066564 ] ] ] } },
{ "type": "Feature", "properties": { "TYPEPIPE": "Intrastate", "Operator": "Northwestern Energy Co", "Status": "Operating", "Shape_Leng": 0.00913936602, "STATEFP": "30", "STATENS": "00767982", "AFFGEOID": "0400000US30", "GEOID": "30", "STUSPS": "MT", "NAME": "Montana", "LSAD": "00", "ALAND": 376962738765, "AWATER": 3869208832 }, "geometry": { "type": "MultiLineString", "coordinates": [ [ [ -109.628147, 48.066564 ], [ -109.626138, 48.065119 ], [ -109.622266, 48.062742 ], [ -109.620445, 48.061654 ] ] ] } },
{ "type": "Feature", "properties": { "TYPEPIPE": "Intrastate", "Operator": "Northwestern Energy Co", "Status": "Operating", "Shape_Leng": 0.00267661017, "STATEFP": "30", "STATENS": "00767982", "AFFGEOID": "0400000US30", "GEOID": "30", "STUSPS": "MT", "NAME": "Montana", "LSAD": "00", "ALAND": 376962738765, "AWATER": 3869208832 }, "geometry": { "type": "MultiLineString", "coordinates": [ [ [ -109.628147, 48.066564 ], [ -109.630758, 48.065975 ] ] ] } },
{ "type": "Feature", "properties": { "TYPEPIPE": "Intrastate", "Operator": "Northwestern Energy Co", "Status": "Operating", "Shape_Leng": 0.01089545947, "STATEFP": "30", "STATENS": "00767982", "AFFGEOID": "0400000US30", "GEOID": "30", "STUSPS": "MT", "NAME": "Montana", "LSAD": "00", "ALAND": 376962738765, "AWATER": 3869208832 }, "geometry": { "type": "MultiLineString", "coordinates": [ [ [ -109.614995, 48.071183 ], [ -109.604184, 48.072537 ] ] ] } },
{ "type": "Feature", "properties": { "TYPEPIPE": "Intrastate", "Operator": "Northwestern Energy Co", "Status": "Operating", "Shape_Leng": 0.00120952759, "STATEFP": "30", "STATENS": "00767982", "AFFGEOID": "0400000US30", "GEOID": "30", "STUSPS": "MT", "NAME": "Montana", "LSAD": "00", "ALAND": 376962738765, "AWATER": 3869208832 }, "geometry": { "type": "MultiLineString", "coordinates": [ [ [ -109.614995, 48.071183 ], [ -109.615286, 48.072357 ] ] ] } },
{ "type": "Feature", "properties": { "TYPEPIPE": "Intrastate", "Operator": "Northwestern Energy Co", "Status": "Operating", "Shape_Leng": 0.0089442098, "STATEFP": "30", "STATENS": "00767982", "AFFGEOID": "0400000US30", "GEOID": "30", "STUSPS": "MT", "NAME": "Montana", "LSAD": "00", "ALAND": 376962738765, "AWATER": 3869208832 }, "geometry": { "type": "MultiLineString", "coordinates": [ [ [ -109.628948, 48.069601 ], [ -109.620056, 48.070566 ] ] ] } },
{ "type": "Feature", "properties": { "TYPEPIPE": "Intrastate", "Operator": "Northwestern Energy Co", "Status": "Operating", "Shape_Leng": 0.00509847134, "STATEFP": "30", "STATENS": "00767982", "AFFGEOID": "0400000US30", "GEOID": "30", "STUSPS": "MT", "NAME": "Montana", "LSAD": "00", "ALAND": 376962738765, "AWATER": 3869208832 }, "geometry": { "type": "MultiLineString", "coordinates": [ [ [ -109.620056, 48.070566 ], [ -109.614995, 48.071183 ] ] ] } },
{ "type": "Feature", "properties": { "TYPEPIPE": "Intrastate", "Operator": "Northwestern Energy Co", "Status": "Operating", "Shape_Leng": 0.00760936458, "STATEFP": "30", "STATENS": "00767982", "AFFGEOID": "0400000US30", "GEOID": "30", "STUSPS": "MT", "NAME": "Montana", "LSAD": "00", "ALAND": 376962738765, "AWATER": 3869208832 }, "geometry": { "type": "MultiLineString", "coordinates": [ [ [ -109.620056, 48.070566 ], [ -109.621823, 48.072949 ], [ -109.621299, 48.074831 ], [ -109.621597, 48.075496 ], [ -109.62203, 48.077408 ] ] ] } },
{ "type": "Feature", "properties": { "TYPEPIPE": "Intrastate", "Operator": "Northwestern Energy Co", "Status": "Operating", "Shape_Leng": 0.01127537792, "STATEFP": "30", "STATENS": "00767982", "AFFGEOID": "0400000US30", "GEOID": "30", "STUSPS": "MT", "NAME": "Montana", "LSAD": "00", "ALAND": 376962738765, "AWATER": 3869208832 }, "geometry": { "type": "MultiLineString", "coordinates": [ [ [ -109.620445, 48.061654 ], [ -109.621992, 48.060471 ], [ -109.624335, 48.056872 ], [ -109.626077, 48.055413 ], [ -109.627043, 48.054732 ], [ -109.628579, 48.054365 ] ] ] } },
{ "type": "Feature", "properties": { "TYPEPIPE": "Intrastate", "Operator": "Northwestern Energy Co", "Status": "Operating", "Shape_Leng": 0.0314265975, "STATEFP": "30", "STATENS": "00767982", "AFFGEOID": "0400000US30", "GEOID": "30", "STUSPS": "MT", "NAME": "Montana", "LSAD": "00", "ALAND": 376962738765, "AWATER": 3869208832 }, "geometry": { "type": "MultiLineString", "coordinates": [ [ [ -109.628579, 48.054365 ], [ -109.640906, 48.050908 ], [ -109.641292, 48.050556 ], [ -109.643262, 48.049173 ], [ -109.646721, 48.050907 ], [ -109.649377, 48.052538 ], [ -109.650586, 48.053793 ], [ -109.653664, 48.055453 ], [ -109.656625, 48.05726 ] ] ] } },
{ "type": "Feature", "properties": { "TYPEPIPE": "Intrastate", "Operator": "Northwestern Energy Co", "Status": "Operating", "Shape_Leng": 0.00459365552, "STATEFP": "30", "STATENS": "00767982", "AFFGEOID": "0400000US30", "GEOID": "30", "STUSPS": "MT", "NAME": "Montana", "LSAD": "00", "ALAND": 376962738765, "AWATER": 3869208832 }, "geometry": { "type": "MultiLineString", "coordinates": [ [ [ -109.628579, 48.054365 ], [ -109.627005, 48.051831 ], [ -109.626104, 48.050496 ] ] ] } },
{ "type": "Feature", "properties": { "TYPEPIPE": "Intrastate", "Operator": "Northwestern Energy Co", "Status": "Operating", "Shape_Leng": 0.01087790085, "STATEFP": "30", "STATENS": "00767982", "AFFGEOID": "0400000US30", "GEOID": "30", "STUSPS": "MT", "NAME": "Montana", "LSAD": "00", "ALAND": 376962738765, "AWATER": 3869208832 }, "geometry": { "type": "MultiLineString", "coordinates": [ [ [ -109.632096, 48.068838 ], [ -109.637665, 48.064532 ], [ -109.639067, 48.062636 ], [ -109.640518, 48.062929 ] ] ] } },
{ "type": "Feature", "properties": { "TYPEPIPE": "Intrastate", "Operator": "Northwestern Energy Co", "Status": "Operating", "Shape_Leng": 0.00744979765, "STATEFP": "30", "STATENS": "00767982", "AFFGEOID": "0400000US30", "GEOID": "30", "STUSPS": "MT", "NAME": "Montana", "LSAD": "00", "ALAND": 376962738765, "AWATER": 3869208832 }, "geometry": { "type": "MultiLineString", "coordinates": [ [ [ -109.664049, 48.07225 ], [ -109.656716, 48.070936 ] ] ] } },
{ "type": "Feature", "properties": { "TYPEPIPE": "Intrastate", "Operator": "Northwestern Energy Co", "Status": "Operating", "Shape_Leng": 0.02835805584, "STATEFP": "30", "STATENS": "00767982", "AFFGEOID": "0400000US30", "GEOID": "30", "STUSPS": "MT", "NAME": "Montana", "LSAD": "00", "ALAND": 376962738765, "AWATER": 3869208832 }, "geometry": { "type": "MultiLineString", "coordinates": [ [ [ -109.656716, 48.070936 ], [ -109.653088, 48.070345 ], [ -109.64565, 48.071379 ], [ -109.642985, 48.070258 ], [ -109.639482, 48.068979 ], [ -109.628948, 48.069601 ] ] ] } },
{ "type": "Feature", "properties": { "TYPEPIPE": "Intrastate", "Operator": "Northwestern Energy Co", "Status": "Operating", "Shape_Leng": 0.01040210712, "STATEFP": "30", "STATENS": "00767982", "AFFGEOID": "0400000US30", "GEOID": "30", "STUSPS": "MT", "NAME": "Montana", "LSAD": "00", "ALAND": 376962738765, "AWATER": 3869208832 }, "geometry": { "type": "MultiLineString", "coordinates": [ [ [ -110.824075, 48.706652 ], [ -110.823894, 48.69829 ], [ -110.824734, 48.696433 ] ] ] } },
{ "type": "Feature", "properties": { "TYPEPIPE": "Intrastate", "Operator": "Northwestern Energy Co", "Status": "Operating", "Shape_Leng": 0.00186271308, "STATEFP": "30", "STATENS": "00767982", "AFFGEOID": "0400000US30", "GEOID": "30", "STUSPS": "MT", "NAME": "Montana", "LSAD": "00", "ALAND": 376962738765, "AWATER": 3869208832 }, "geometry": { "type": "MultiLineString", "coordinates": [ [ [ -110.813102, 48.709271 ], [ -110.811292, 48.708831 ] ] ] } },
{ "type": "Feature", "properties": { "TYPEPIPE": "Intrastate", "Operator": "Northwestern Energy Co", "Status": "Operating", "Shape_Leng": 0.00579744642, "STATEFP": "30", "STATENS": "00767982", "AFFGEOID": "0400000US30", "GEOID": "30", "STUSPS": "MT", "NAME": "Montana", "LSAD": "00", "ALAND": 376962738765, "AWATER": 3869208832 }, "geometry": { "type": "MultiLineString", "coordinates": [ [ [ -110.813102, 48.709271 ], [ -110.810029, 48.714187 ] ] ] } },
{ "type": "Feature", "properties": { "TYPEPIPE": "Intrastate", "Operator": "Northwestern Energy Co", "Status": "Operating", "Shape_Leng": 0.00527199488, "STATEFP": "30", "STATENS": "00767982", "AFFGEOID": "0400000US30", "GEOID": "30", "STUSPS": "MT", "NAME": "Montana", "LSAD": "00", "ALAND": 376962738765, "AWATER": 3869208832 }, "geometry": { "type": "MultiLineString", "coordinates": [ [ [ -110.824075, 48.706652 ], [ -110.820562, 48.710583 ] ] ] } },
{ "type": "Feature", "properties": { "TYPEPIPE": "Intrastate", "Operator": "Northwestern Energy Co", "Status": "Operating", "Shape_Leng": 0.00757449299, "STATEFP": "30", "STATENS": "00767982", "AFFGEOID": "0400000US30", "GEOID": "30", "STUSPS": "MT", "NAME": "Montana", "LSAD": "00", "ALAND": 376962738765, "AWATER": 3869208832 }, "geometry": { "type": "MultiLineString", "coordinates": [ [ [ -110.820562, 48.710583 ], [ -110.813102, 48.709271 ] ] ] } },
{ "type": "Feature", "properties": { "TYPEPIPE": "Intrastate", "Operator": "Northwestern Energy Co", "Status": "Operating", "Shape_Leng": 0.00311481187, "STATEFP": "30", "STATENS": "00767982", "AFFGEOID": "0400000US30", "GEOID": "30", "STUSPS": "MT", "NAME": "Montana", "LSAD": "00", "ALAND": 376962738765, "AWATER": 3869208832 }, "geometry": { "type": "MultiLineString", "coordinates": [ [ [ -110.820562, 48.710583 ], [ -110.8187, 48.71308 ] ] ] } },
{ "type": "Feature", "properties": { "TYPEPIPE": "Intrastate", "Operator": "Northwestern Energy Co", "Status": "Operating", "Shape_Leng": 0.04010485384, "STATEFP": "30", "STATENS": "00767982", "AFFGEOID": "0400000US30", "GEOID": "30", "STUSPS": "MT", "NAME": "Montana", "LSAD": "00", "ALAND": 376962738765, "AWATER": 3869208832 }, "geometry": { "type": "MultiLineString", "coordinates": [ [ [ -110.850721, 48.729962 ], [ -110.850716, 48.729949 ], [ -110.845981, 48.713466 ], [ -110.824075, 48.706652 ] ] ] } },
{ "type": "Feature", "properties": { "TYPEPIPE": "Intrastate", "Operator": "Northwestern Energy Co", "Status": "Operating", "Shape_Leng": 0.02660882481, "STATEFP": "30", "STATENS": "00767982", "AFFGEOID": "0400000US30", "GEOID": "30", "STUSPS": "MT", "NAME": "Montana", "LSAD": "00", "ALAND": 376962738765, "AWATER": 3869208832 }, "geometry": { "type": "MultiLineString", "coordinates": [ [ [ -110.850721, 48.729962 ], [ -110.82601, 48.732051 ], [ -110.824616, 48.733205 ] ] ] } },
{ "type": "Feature", "properties": { "TYPEPIPE": "Intrastate", "Operator": "Northwestern Energy Co", "Status": "Operating", "Shape_Leng": 0.02022945464, "STATEFP": "30", "STATENS": "00767982", "AFFGEOID": "0400000US30", "GEOID": "30", "STUSPS": "MT", "NAME": "Montana", "LSAD": "00", "ALAND": 376962738765, "AWATER": 3869208832 }, "geometry": { "type": "MultiLineString", "coordinates": [ [ [ -110.849197, 48.749452 ], [ -110.852648, 48.735789 ], [ -110.850721, 48.729962 ] ] ] } },
{ "type": "Feature", "properties": { "TYPEPIPE": "Intrastate", "Operator": "Northwestern Energy Co", "Status": "Operating", "Shape_Leng": 0.00749229291, "STATEFP": "30", "STATENS": "00767982", "AFFGEOID": "0400000US30", "GEOID": "30", "STUSPS": "MT", "NAME": "Montana", "LSAD": "00", "ALAND": 376962738765, "AWATER": 3869208832 }, "geometry": { "type": "MultiLineString", "coordinates": [ [ [ -110.849197, 48.749452 ], [ -110.841844, 48.748014 ] ] ] } },
{ "type": "Feature", "properties": { "TYPEPIPE": "Intrastate", "Operator": "Northwestern Energy Co", "Status": "Operating", "Shape_Leng": 0.0063809884, "STATEFP": "30", "STATENS": "00767982", "AFFGEOID": "0400000US30", "GEOID": "30", "STUSPS": "MT", "NAME": "Montana", "LSAD": "00", "ALAND": 376962738765, "AWATER": 3869208832 }, "geometry": { "type": "MultiLineString", "coordinates": [ [ [ -110.847764, 48.75567 ], [ -110.849197, 48.749452 ] ] ] } },
{ "type": "Feature", "properties": { "TYPEPIPE": "Intrastate", "Operator": "Northwestern Energy Co", "Status": "Operating", "Shape_Leng": 0.01974938095, "STATEFP": "30", "STATENS": "00767982", "AFFGEOID": "0400000US30", "GEOID": "30", "STUSPS": "MT", "NAME": "Montana", "LSAD": "00", "ALAND": 376962738765, "AWATER": 3869208832 }, "geometry": { "type": "MultiLineString", "coordinates": [ [ [ -110.847764, 48.75567 ], [ -110.828536, 48.751162 ] ] ] } },
{ "type": "Feature", "properties": { "TYPEPIPE": "Intrastate", "Operator": "Northwestern Energy Co", "Status": "Operating", "Shape_Leng": 0.00331632719, "STATEFP": "30", "STATENS": "00767982", "AFFGEOID": "0400000US30", "GEOID": "30", "STUSPS": "MT", "NAME": "Montana", "LSAD": "00", "ALAND": 376962738765, "AWATER": 3869208832 }, "geometry": { "type": "MultiLineString", "coordinates": [ [ [ -110.847109, 48.758921 ], [ -110.847764, 48.75567 ] ] ] } },
{ "type": "Feature", "properties": { "TYPEPIPE": "Intrastate", "Operator": "Northwestern Energy Co", "Status": "Operating", "Shape_Leng": 0.00372956405, "STATEFP": "30", "STATENS": "00767982", "AFFGEOID": "0400000US30", "GEOID": "30", "STUSPS": "MT", "NAME": "Montana", "LSAD": "00", "ALAND": 376962738765, "AWATER": 3869208832 }, "geometry": { "type": "MultiLineString", "coordinates": [ [ [ -110.847109, 48.758921 ], [ -110.843417, 48.758393 ] ] ] } },
{ "type": "Feature", "properties": { "TYPEPIPE": "Intrastate", "Operator": "Northwestern Energy Co", "Status": "Operating", "Shape_Leng": 0.01137851717, "STATEFP": "30", "STATENS": "00767982", "AFFGEOID": "0400000US30", "GEOID": "30", "STUSPS": "MT", "NAME": "Montana", "LSAD": "00", "ALAND": 376962738765, "AWATER": 3869208832 }, "geometry": { "type": "MultiLineString", "coordinates": [ [ [ -110.842359, 48.783284 ], [ -110.853106, 48.787022 ] ] ] } },
{ "type": "Feature", "properties": { "TYPEPIPE": "Intrastate", "Operator": "Northwestern Energy Co", "Status": "Operating", "Shape_Leng": 0.01535579881, "STATEFP": "30", "STATENS": "00767982", "AFFGEOID": "0400000US30", "GEOID": "30", "STUSPS": "MT", "NAME": "Montana", "LSAD": "00", "ALAND": 376962738765, "AWATER": 3869208832 }, "geometry": { "type": "MultiLineString", "coordinates": [ [ [ -110.853106, 48.787022 ], [ -110.867535, 48.792276 ] ] ] } },
{ "type": "Feature", "properties": { "TYPEPIPE": "Intrastate", "Operator": "Northwestern Energy Co", "Status": "Operating", "Shape_Leng": 0.00446292337, "STATEFP": "30", "STATENS": "00767982", "AFFGEOID": "0400000US30", "GEOID": "30", "STUSPS": "MT", "NAME": "Montana", "LSAD": "00", "ALAND": 376962738765, "AWATER": 3869208832 }, "geometry": { "type": "MultiLineString", "coordinates": [ [ [ -110.853106, 48.787022 ], [ -110.850072, 48.790295 ] ] ] } },
{ "type": "Feature", "properties": { "TYPEPIPE": "Intrastate", "Operator": "Northwestern Energy Co", "Status": "Operating", "Shape_Leng": 0.00557820785, "STATEFP": "30", "STATENS": "00767982", "AFFGEOID": "0400000US30", "GEOID": "30", "STUSPS": "MT", "NAME": "Montana", "LSAD": "00", "ALAND": 376962738765, "AWATER": 3869208832 }, "geometry": { "type": "MultiLineString", "coordinates": [ [ [ -110.839471, 48.787945 ], [ -110.842372, 48.783815 ], [ -110.842359, 48.783284 ] ] ] } },
{ "type": "Feature", "properties": { "TYPEPIPE": "Intrastate", "Operator": "Northwestern Energy Co", "Status": "Operating", "Shape_Leng": 0.00715663364, "STATEFP": "30", "STATENS": "00767982", "AFFGEOID": "0400000US30", "GEOID": "30", "STUSPS": "MT", "NAME": "Montana", "LSAD": "00", "ALAND": 376962738765, "AWATER": 3869208832 }, "geometry": { "type": "MultiLineString", "coordinates": [ [ [ -110.839471, 48.787945 ], [ -110.832493, 48.786356 ] ] ] } },
{ "type": "Feature", "properties": { "TYPEPIPE": "Intrastate", "Operator": "Northwestern Energy Co", "Status": "Operating", "Shape_Leng": 0.01522213469, "STATEFP": "30", "STATENS": "00767982", "AFFGEOID": "0400000US30", "GEOID": "30", "STUSPS": "MT", "NAME": "Montana", "LSAD": "00", "ALAND": 376962738765, "AWATER": 3869208832 }, "geometry": { "type": "MultiLineString", "coordinates": [ [ [ -110.833602, 48.801881 ], [ -110.838681, 48.788685 ], [ -110.839471, 48.787945 ] ] ] } },
{ "type": "Feature", "properties": { "TYPEPIPE": "Intrastate", "Operator": "Northwestern Energy Co", "Status": "Operating", "Shape_Leng": 0.02971661992, "STATEFP": "30", "STATENS": "00767982", "AFFGEOID": "0400000US30", "GEOID": "30", "STUSPS": "MT", "NAME": "Montana", "LSAD": "00", "ALAND": 376962738765, "AWATER": 3869208832 }, "geometry": { "type": "MultiLineString", "coordinates": [ [ [ -110.833602, 48.801881 ], [ -110.846035, 48.803679 ], [ -110.848185, 48.803685 ], [ -110.863109, 48.805235 ] ] ] } },
{ "type": "Feature", "properties": { "TYPEPIPE": "Intrastate", "Operator": "Northwestern Energy Co", "Status": "Operating", "Shape_Leng": 0.02057428341, "STATEFP": "30", "STATENS": "00767982", "AFFGEOID": "0400000US30", "GEOID": "30", "STUSPS": "MT", "NAME": "Montana", "LSAD": "00", "ALAND": 376962738765, "AWATER": 3869208832 }, "geometry": { "type": "MultiLineString", "coordinates": [ [ [ -110.863109, 48.805235 ], [ -110.883572, 48.807372 ] ] ] } },
{ "type": "Feature", "properties": { "TYPEPIPE": "Intrastate", "Operator": "Northwestern Energy Co", "Status": "Operating", "Shape_Leng": 0.00138437712, "STATEFP": "30", "STATENS": "00767982", "AFFGEOID": "0400000US30", "GEOID": "30", "STUSPS": "MT", "NAME": "Montana", "LSAD": "00", "ALAND": 376962738765, "AWATER": 3869208832 }, "geometry": { "type": "MultiLineString", "coordinates": [ [ [ -110.863109, 48.805235 ], [ -110.863849, 48.804065 ] ] ] } },
{ "type": "Feature", "properties": { "TYPEPIPE": "Intrastate", "Operator": "Northwestern Energy Co", "Status": "Operating", "Shape_Leng": 0.02421777227, "STATEFP": "30", "STATENS": "00767982", "AFFGEOID": "0400000US30", "GEOID": "30", "STUSPS": "MT", "NAME": "Montana", "LSAD": "00", "ALAND": 376962738765, "AWATER": 3869208832 }, "geometry": { "type": "MultiLineString", "coordinates": [ [ [ -110.8268, 48.824135 ], [ -110.825829, 48.823684 ], [ -110.833602, 48.801881 ] ] ] } },
{ "type": "Feature", "properties": { "TYPEPIPE": "Intrastate", "Operator": "Northwestern Energy Co", "Status": "Operating", "Shape_Leng": 0.02513844178, "STATEFP": "30", "STATENS": "00767982", "AFFGEOID": "0400000US30", "GEOID": "30", "STUSPS": "MT", "NAME": "Montana", "LSAD": "00", "ALAND": 376962738765, "AWATER": 3869208832 }, "geometry": { "type": "MultiLineString", "coordinates": [ [ [ -110.8268, 48.824135 ], [ -110.823948, 48.832444 ], [ -110.807596, 48.832673 ] ] ] } },
{ "type": "Feature", "properties": { "TYPEPIPE": "Intrastate", "Operator": "Northwestern Energy Co", "Status": "Operating", "Shape_Leng": 0.00167174191, "STATEFP": "30", "STATENS": "00767982", "AFFGEOID": "0400000US30", "GEOID": "30", "STUSPS": "MT", "NAME": "Montana", "LSAD": "00", "ALAND": 376962738765, "AWATER": 3869208832 }, "geometry": { "type": "MultiLineString", "coordinates": [ [ [ -111.047082, 48.80976 ], [ -111.048737, 48.809996 ] ] ] } },
{ "type": "Feature", "properties": { "TYPEPIPE": "Intrastate", "Operator": "Northwestern Energy Co", "Status": "Operating", "Shape_Leng": 0.0055335307, "STATEFP": "30", "STATENS": "00767982", "AFFGEOID": "0400000US30", "GEOID": "30", "STUSPS": "MT", "NAME": "Montana", "LSAD": "00", "ALAND": 376962738765, "AWATER": 3869208832 }, "geometry": { "type": "MultiLineString", "coordinates": [ [ [ -111.048737, 48.809996 ], [ -111.050108, 48.815357 ] ] ] } },
{ "type": "Feature", "properties": { "TYPEPIPE": "Intrastate", "Operator": "Northwestern Energy Co", "Status": "Operating", "Shape_Leng": 0.02989201059, "STATEFP": "30", "STATENS": "00767982", "AFFGEOID": "0400000US30", "GEOID": "30", "STUSPS": "MT", "NAME": "Montana", "LSAD": "00", "ALAND": 376962738765, "AWATER": 3869208832 }, "geometry": { "type": "MultiLineString", "coordinates": [ [ [ -111.23166, 48.711475 ], [ -111.213053, 48.705376 ], [ -111.210405, 48.702568 ], [ -111.203961, 48.702261 ] ] ] } },
{ "type": "Feature", "properties": { "TYPEPIPE": "Intrastate", "Operator": "Northwestern Energy Co", "Status": "Operating", "Shape_Leng": 0.01348309805, "STATEFP": "30", "STATENS": "00767982", "AFFGEOID": "0400000US30", "GEOID": "30", "STUSPS": "MT", "NAME": "Montana", "LSAD": "00", "ALAND": 376962738765, "AWATER": 3869208832 }, "geometry": { "type": "MultiLineString", "coordinates": [ [ [ -111.23166, 48.711475 ], [ -111.221582, 48.720432 ] ] ] } },
{ "type": "Feature", "properties": { "TYPEPIPE": "Intrastate", "Operator": "Northwestern Energy Co", "Status": "Operating", "Shape_Leng": 0.01073307363, "STATEFP": "30", "STATENS": "00767982", "AFFGEOID": "0400000US30", "GEOID": "30", "STUSPS": "MT", "NAME": "Montana", "LSAD": "00", "ALAND": 376962738765, "AWATER": 3869208832 }, "geometry": { "type": "MultiLineString", "coordinates": [ [ [ -111.221582, 48.720432 ], [ -111.216393, 48.715958 ], [ -111.215083, 48.715717 ], [ -111.214195, 48.715503 ], [ -111.213435, 48.716952 ] ] ] } },
{ "type": "Feature", "properties": { "TYPEPIPE": "Intrastate", "Operator": "Northwestern Energy Co", "Status": "Operating", "Shape_Leng": 0.01043464894, "STATEFP": "30", "STATENS": "00767982", "AFFGEOID": "0400000US30", "GEOID": "30", "STUSPS": "MT", "NAME": "Montana", "LSAD": "00", "ALAND": 376962738765, "AWATER": 3869208832 }, "geometry": { "type": "MultiLineString", "coordinates": [ [ [ -111.221582, 48.720432 ], [ -111.220602, 48.72222 ], [ -111.214527, 48.728015 ] ] ] } },
{ "type": "Feature", "properties": { "TYPEPIPE": "Intrastate", "Operator": "Northwestern Energy Co", "Status": "Operating", "Shape_Leng": 0.00734820653, "STATEFP": "30", "STATENS": "00767982", "AFFGEOID": "0400000US30", "GEOID": "30", "STUSPS": "MT", "NAME": "Montana", "LSAD": "00", "ALAND": 376962738765, "AWATER": 3869208832 }, "geometry": { "type": "MultiLineString", "coordinates": [ [ [ -111.214527, 48.728015 ], [ -111.214085, 48.72858 ], [ -111.220251, 48.731019 ] ] ] } },
{ "type": "Feature", "properties": { "TYPEPIPE": "Intrastate", "Operator": "Northwestern Energy Co", "Status": "Operating", "Shape_Leng": 0.00798776095, "STATEFP": "30", "STATENS": "00767982", "AFFGEOID": "0400000US30", "GEOID": "30", "STUSPS": "MT", "NAME": "Montana", "LSAD": "00", "ALAND": 376962738765, "AWATER": 3869208832 }, "geometry": { "type": "MultiLineString", "coordinates": [ [ [ -111.214527, 48.728015 ], [ -111.206736, 48.726253 ] ] ] } },
{ "type": "Feature", "properties": { "TYPEPIPE": "Intrastate", "Operator": "Northwestern Energy Co", "Status": "Operating", "Shape_Leng": 0.00671596501, "STATEFP": "30", "STATENS": "00767982", "AFFGEOID": "0400000US30", "GEOID": "30", "STUSPS": "MT", "NAME": "Montana", "LSAD": "00", "ALAND": 376962738765, "AWATER": 3869208832 }, "geometry": { "type": "MultiLineString", "coordinates": [ [ [ -111.206736, 48.726253 ], [ -111.200317, 48.724278 ] ] ] } },
{ "type": "Feature", "properties": { "TYPEPIPE": "Intrastate", "Operator": "Northwestern Energy Co", "Status": "Operating", "Shape_Leng": 0.00531267626, "STATEFP": "30", "STATENS": "00767982", "AFFGEOID": "0400000US30", "GEOID": "30", "STUSPS": "MT", "NAME": "Montana", "LSAD": "00", "ALAND": 376962738765, "AWATER": 3869208832 }, "geometry": { "type": "MultiLineString", "coordinates": [ [ [ -111.206736, 48.726253 ], [ -111.204113, 48.730873 ] ] ] } },
{ "type": "Feature", "properties": { "TYPEPIPE": "Intrastate", "Operator": "Northwestern Energy Co", "Status": "Operating", "Shape_Leng": 0.0369126237, "STATEFP": "30", "STATENS": "00767982", "AFFGEOID": "0400000US30", "GEOID": "30", "STUSPS": "MT", "NAME": "Montana", "LSAD": "00", "ALAND": 376962738765, "AWATER": 3869208832 }, "geometry": { "type": "MultiLineString", "coordinates": [ [ [ -110.969305, 48.551566 ], [ -110.967539, 48.523249 ], [ -110.963426, 48.515764 ] ] ] } },
{ "type": "Feature", "properties": { "TYPEPIPE": "Intrastate", "Operator": "Northwestern Energy Co", "Status": "Operating", "Shape_Leng": 0.00783505515, "STATEFP": "30", "STATENS": "00767982", "AFFGEOID": "0400000US30", "GEOID": "30", "STUSPS": "MT", "NAME": "Montana", "LSAD": "00", "ALAND": 376962738765, "AWATER": 3869208832 }, "geometry": { "type": "MultiLineString", "coordinates": [ [ [ -111.182649, 48.615551 ], [ -111.178632, 48.616786 ], [ -111.176889, 48.619973 ] ] ] } },
{ "type": "Feature", "properties": { "TYPEPIPE": "Intrastate", "Operator": "Northwestern Energy Co", "Status": "Operating", "Shape_Leng": 0.01010322815, "STATEFP": "30", "STATENS": "00767982", "AFFGEOID": "0400000US30", "GEOID": "30", "STUSPS": "MT", "NAME": "Montana", "LSAD": "00", "ALAND": 376962738765, "AWATER": 3869208832 }, "geometry": { "type": "MultiLineString", "coordinates": [ [ [ -111.182649, 48.615551 ], [ -111.183025, 48.612658 ], [ -111.177134, 48.608543 ] ] ] } },
{ "type": "Feature", "properties": { "TYPEPIPE": "Intrastate", "Operator": "Northwestern Energy Co", "Status": "Operating", "Shape_Leng": 0.01836280666, "STATEFP": "30", "STATENS": "00767982", "AFFGEOID": "0400000US30", "GEOID": "30", "STUSPS": "MT", "NAME": "Montana", "LSAD": "00", "ALAND": 376962738765, "AWATER": 3869208832 }, "geometry": { "type": "MultiLineString", "coordinates": [ [ [ -111.182649, 48.615551 ], [ -111.177352, 48.614849 ], [ -111.166077, 48.613607 ], [ -111.165972, 48.61528 ] ] ] } },
{ "type": "Feature", "properties": { "TYPEPIPE": "Intrastate", "Operator": "Northwestern Energy Co", "Status": "Operating", "Shape_Leng": 0.02489772732, "STATEFP": "30", "STATENS": "00767982", "AFFGEOID": "0400000US30", "GEOID": "30", "STUSPS": "MT", "NAME": "Montana", "LSAD": "00", "ALAND": 376962738765, "AWATER": 3869208832 }, "geometry": { "type": "MultiLineString", "coordinates": [ [ [ -111.295227, 48.538713 ], [ -111.293039, 48.537069 ], [ -111.287851, 48.532236 ], [ -111.281589, 48.518528 ] ] ] } },
{ "type": "Feature", "properties": { "TYPEPIPE": "Intrastate", "Operator": "Northwestern Energy Co", "Status": "Operating", "Shape_Leng": 0.01038423979, "STATEFP": "30", "STATENS": "00767982", "AFFGEOID": "0400000US30", "GEOID": "30", "STUSPS": "MT", "NAME": "Montana", "LSAD": "00", "ALAND": 376962738765, "AWATER": 3869208832 }, "geometry": { "type": "MultiLineString", "coordinates": [ [ [ -111.295227, 48.538713 ], [ -111.292407, 48.548707 ] ] ] } },
{ "type": "Feature", "properties": { "TYPEPIPE": "Intrastate", "Operator": "Northwestern Energy Co", "Status": "Operating", "Shape_Leng": 0.13979008782, "STATEFP": "30", "STATENS": "00767982", "AFFGEOID": "0400000US30", "GEOID": "30", "STUSPS": "MT", "NAME": "Montana", "LSAD": "00", "ALAND": 376962738765, "AWATER": 3869208832 }, "geometry": { "type": "MultiLineString", "coordinates": [ [ [ -111.182649, 48.615551 ], [ -111.18829, 48.613613 ], [ -111.315603, 48.572374 ] ] ] } },
{ "type": "Feature", "properties": { "TYPEPIPE": "Intrastate", "Operator": "Northwestern Energy Co", "Status": "Operating", "Shape_Leng": 0.04270088425, "STATEFP": "30", "STATENS": "00767982", "AFFGEOID": "0400000US30", "GEOID": "30", "STUSPS": "MT", "NAME": "Montana", "LSAD": "00", "ALAND": 376962738765, "AWATER": 3869208832 }, "geometry": { "type": "MultiLineString", "coordinates": [ [ [ -111.315603, 48.572374 ], [ -111.315641, 48.566341 ], [ -111.308713, 48.559734 ], [ -111.296389, 48.541667 ], [ -111.296994, 48.541481 ], [ -111.297286, 48.541071 ], [ -111.297158, 48.540644 ], [ -111.296658, 48.540524 ], [ -111.295479, 48.54064 ], [ -111.295227, 48.538713 ] ] ] } },
{ "type": "Feature", "properties": { "TYPEPIPE": "Intrastate", "Operator": "Northwestern Energy Co", "Status": "Operating", "Shape_Leng": 0.04838418585, "STATEFP": "30", "STATENS": "00767982", "AFFGEOID": "0400000US30", "GEOID": "30", "STUSPS": "MT", "NAME": "Montana", "LSAD": "00", "ALAND": 376962738765, "AWATER": 3869208832 }, "geometry": { "type": "MultiLineString", "coordinates": [ [ [ -111.315603, 48.572374 ], [ -111.361747, 48.557822 ] ] ] } },
{ "type": "Feature", "properties": { "TYPEPIPE": "Intrastate", "Operator": "Northwestern Energy Co", "Status": "Operating", "Shape_Leng": 0.12629568877, "STATEFP": "30", "STATENS": "00767982", "AFFGEOID": "0400000US30", "GEOID": "30", "STUSPS": "MT", "NAME": "Montana", "LSAD": "00", "ALAND": 376962738765, "AWATER": 3869208832 }, "geometry": { "type": "MultiLineString", "coordinates": [ [ [ -111.361747, 48.557822 ], [ -111.482446, 48.520642 ] ] ] } },
{ "type": "Feature", "properties": { "TYPEPIPE": "Intrastate", "Operator": "Northwestern Energy Co", "Status": "Operating", "Shape_Leng": 0.10238544141, "STATEFP": "30", "STATENS": "00767982", "AFFGEOID": "0400000US30", "GEOID": "30", "STUSPS": "MT", "NAME": "Montana", "LSAD": "00", "ALAND": 376962738765, "AWATER": 3869208832 }, "geometry": { "type": "MultiLineString", "coordinates": [ [ [ -111.581045, 48.493531 ], [ -111.556818, 48.497933 ], [ -111.482446, 48.520642 ] ] ] } },
{ "type": "Feature", "properties": { "TYPEPIPE": "Intrastate", "Operator": "Northwestern Energy Co", "Status": "Operating", "Shape_Leng": 0.03709600008, "STATEFP": "30", "STATENS": "00767982", "AFFGEOID": "0400000US30", "GEOID": "30", "STUSPS": "MT", "NAME": "Montana", "LSAD": "00", "ALAND": 376962738765, "AWATER": 3869208832 }, "geometry": { "type": "MultiLineString", "coordinates": [ [ [ -111.581045, 48.493531 ], [ -111.580009, 48.494989 ], [ -111.554543, 48.519445 ] ] ] } },
{ "type": "Feature", "properties": { "TYPEPIPE": "Intrastate", "Operator": "Northwestern Energy Co", "Status": "Operating", "Shape_Leng": 0.03044145765, "STATEFP": "30", "STATENS": "00767982", "AFFGEOID": "0400000US30", "GEOID": "30", "STUSPS": "MT", "NAME": "Montana", "LSAD": "00", "ALAND": 376962738765, "AWATER": 3869208832 }, "geometry": { "type": "MultiLineString", "coordinates": [ [ [ -111.692344, 48.498709 ], [ -111.713646, 48.499767 ], [ -111.714522, 48.490696 ] ] ] } },
{ "type": "Feature", "properties": { "TYPEPIPE": "Intrastate", "Operator": "Northwestern Energy Co", "Status": "Operating", "Shape_Leng": 0.03201060744, "STATEFP": "30", "STATENS": "00767982", "AFFGEOID": "0400000US30", "GEOID": "30", "STUSPS": "MT", "NAME": "Montana", "LSAD": "00", "ALAND": 376962738765, "AWATER": 3869208832 }, "geometry": { "type": "MultiLineString", "coordinates": [ [ [ -111.692344, 48.498709 ], [ -111.691736, 48.485005 ], [ -111.678149, 48.481254 ], [ -111.674055, 48.482182 ] ] ] } },
{ "type": "Feature", "properties": { "TYPEPIPE": "Intrastate", "Operator": "Northwestern Energy Co", "Status": "Operating", "Shape_Leng": 0.03106779172, "STATEFP": "30", "STATENS": "00767982", "AFFGEOID": "0400000US30", "GEOID": "30", "STUSPS": "MT", "NAME": "Montana", "LSAD": "00", "ALAND": 376962738765, "AWATER": 3869208832 }, "geometry": { "type": "MultiLineString", "coordinates": [ [ [ -111.661325, 48.497892 ], [ -111.67069, 48.498845 ], [ -111.692344, 48.498709 ] ] ] } },
{ "type": "Feature", "properties": { "TYPEPIPE": "Intrastate", "Operator": "Northwestern Energy Co", "Status": "Operating", "Shape_Leng": 0.01749770613, "STATEFP": "30", "STATENS": "00767982", "AFFGEOID": "0400000US30", "GEOID": "30", "STUSPS": "MT", "NAME": "Montana", "LSAD": "00", "ALAND": 376962738765, "AWATER": 3869208832 }, "geometry": { "type": "MultiLineString", "coordinates": [ [ [ -111.661325, 48.497892 ], [ -111.661332, 48.499821 ], [ -111.659378, 48.505653 ], [ -111.66128, 48.514877 ] ] ] } },
{ "type": "Feature", "properties": { "TYPEPIPE": "Intrastate", "Operator": "Northwestern Energy Co", "Status": "Operating", "Shape_Leng": 0.00633338977, "STATEFP": "30", "STATENS": "00767982", "AFFGEOID": "0400000US30", "GEOID": "30", "STUSPS": "MT", "NAME": "Montana", "LSAD": "00", "ALAND": 376962738765, "AWATER": 3869208832 }, "geometry": { "type": "MultiLineString", "coordinates": [ [ [ -111.65502, 48.497293 ], [ -111.661325, 48.497892 ] ] ] } },
{ "type": "Feature", "properties": { "TYPEPIPE": "Intrastate", "Operator": "Northwestern Energy Co", "Status": "Operating", "Shape_Leng": 0.00673486399, "STATEFP": "30", "STATENS": "00767982", "AFFGEOID": "0400000US30", "GEOID": "30", "STUSPS": "MT", "NAME": "Montana", "LSAD": "00", "ALAND": 376962738765, "AWATER": 3869208832 }, "geometry": { "type": "MultiLineString", "coordinates": [ [ [ -112.315395, 48.771709 ], [ -112.316007, 48.778416 ] ] ] } },
{ "type": "Feature", "properties": { "TYPEPIPE": "Intrastate", "Operator": "Northwestern Energy Co", "Status": "Operating", "Shape_Leng": 0.03279260901, "STATEFP": "30", "STATENS": "00767982", "AFFGEOID": "0400000US30", "GEOID": "30", "STUSPS": "MT", "NAME": "Montana", "LSAD": "00", "ALAND": 376962738765, "AWATER": 3869208832 }, "geometry": { "type": "MultiLineString", "coordinates": [ [ [ -111.65502, 48.497293 ], [ -111.658304, 48.489596 ], [ -111.656105, 48.475907 ], [ -111.658908, 48.465726 ] ] ] } },
{ "type": "Feature", "properties": { "TYPEPIPE": "Intrastate", "Operator": "Northwestern Energy Co", "Status": "Operating", "Shape_Leng": 0.00327141636, "STATEFP": "30", "STATENS": "00767982", "AFFGEOID": "0400000US30", "GEOID": "30", "STUSPS": "MT", "NAME": "Montana", "LSAD": "00", "ALAND": 376962738765, "AWATER": 3869208832 }, "geometry": { "type": "MultiLineString", "coordinates": [ [ [ -111.658908, 48.465726 ], [ -111.659554, 48.462519 ] ] ] } },
{ "type": "Feature", "properties": { "TYPEPIPE": "Intrastate", "Operator": "Northwestern Energy Co", "Status": "Operating", "Shape_Leng": 0.01980619229, "STATEFP": "30", "STATENS": "00767982", "AFFGEOID": "0400000US30", "GEOID": "30", "STUSPS": "MT", "NAME": "Montana", "LSAD": "00", "ALAND": 376962738765, "AWATER": 3869208832 }, "geometry": { "type": "MultiLineString", "coordinates": [ [ [ -111.658908, 48.465726 ], [ -111.677685, 48.460746 ], [ -111.678065, 48.460742 ] ] ] } },
{ "type": "Feature", "properties": { "TYPEPIPE": "Intrastate", "Operator": "Northwestern Energy Co", "Status": "Operating", "Shape_Leng": 0.01411965, "STATEFP": "30", "STATENS": "00767982", "AFFGEOID": "0400000US30", "GEOID": "30", "STUSPS": "MT", "NAME": "Montana", "LSAD": "00", "ALAND": 376962738765, "AWATER": 3869208832 }, "geometry": { "type": "MultiLineString", "coordinates": [ [ [ -111.678065, 48.460742 ], [ -111.692119, 48.462102 ] ] ] } },
{ "type": "Feature", "properties": { "TYPEPIPE": "Intrastate", "Operator": "Northwestern Energy Co", "Status": "Operating", "Shape_Leng": 0.02149063331, "STATEFP": "30", "STATENS": "00767982", "AFFGEOID": "0400000US30", "GEOID": "30", "STUSPS": "MT", "NAME": "Montana", "LSAD": "00", "ALAND": 376962738765, "AWATER": 3869208832 }, "geometry": { "type": "MultiLineString", "coordinates": [ [ [ -111.678065, 48.460742 ], [ -111.682678, 48.468564 ], [ -111.692506, 48.476141 ] ] ] } },
{ "type": "Feature", "properties": { "TYPEPIPE": "Intrastate", "Operator": "Northwestern Energy Co", "Status": "Operating", "Shape_Leng": 0.0596947268, "STATEFP": "30", "STATENS": "00767982", "AFFGEOID": "0400000US30", "GEOID": "30", "STUSPS": "MT", "NAME": "Montana", "LSAD": "00", "ALAND": 376962738765, "AWATER": 3869208832 }, "geometry": { "type": "MultiLineString", "coordinates": [ [ [ -111.581045, 48.493531 ], [ -111.584272, 48.493019 ], [ -111.599884, 48.495495 ], [ -111.640501, 48.496008 ] ] ] } },
{ "type": "Feature", "properties": { "TYPEPIPE": "Intrastate", "Operator": "Northwestern Energy Co", "Status": "Operating", "Shape_Leng": 0.01457575336, "STATEFP": "30", "STATENS": "00767982", "AFFGEOID": "0400000US30", "GEOID": "30", "STUSPS": "MT", "NAME": "Montana", "LSAD": "00", "ALAND": 376962738765, "AWATER": 3869208832 }, "geometry": { "type": "MultiLineString", "coordinates": [ [ [ -111.640501, 48.496008 ], [ -111.65502, 48.497293 ] ] ] } },
{ "type": "Feature", "properties": { "TYPEPIPE": "Intrastate", "Operator": "Northwestern Energy Co", "Status": "Operating", "Shape_Leng": 0.00364669851, "STATEFP": "30", "STATENS": "00767982", "AFFGEOID": "0400000US30", "GEOID": "30", "STUSPS": "MT", "NAME": "Montana", "LSAD": "00", "ALAND": 376962738765, "AWATER": 3869208832 }, "geometry": { "type": "MultiLineString", "coordinates": [ [ [ -111.640501, 48.496008 ], [ -111.641024, 48.492399 ] ] ] } },
{ "type": "Feature", "properties": { "TYPEPIPE": "Intrastate", "Operator": "Northwestern Energy Co", "Status": "Operating", "Shape_Leng": 0.04013624518, "STATEFP": "30", "STATENS": "00767982", "AFFGEOID": "0400000US30", "GEOID": "30", "STUSPS": "MT", "NAME": "Montana", "LSAD": "00", "ALAND": 376962738765, "AWATER": 3869208832 }, "geometry": { "type": "MultiLineString", "coordinates": [ [ [ -111.578693, 48.49333 ], [ -111.572796, 48.491089 ], [ -111.540627, 48.480626 ] ] ] } },
{ "type": "Feature", "properties": { "TYPEPIPE": "Intrastate", "Operator": "Northwestern Energy Co", "Status": "Operating", "Shape_Leng": 0.05138799178, "STATEFP": "30", "STATENS": "00767982", "AFFGEOID": "0400000US30", "GEOID": "30", "STUSPS": "MT", "NAME": "Montana", "LSAD": "00", "ALAND": 376962738765, "AWATER": 3869208832 }, "geometry": { "type": "MultiLineString", "coordinates": [ [ [ -111.540627, 48.480626 ], [ -111.538521, 48.479941 ], [ -111.529582, 48.47982 ], [ -111.520502, 48.484995 ], [ -111.517053, 48.497093 ], [ -111.516114, 48.497852 ], [ -111.517092, 48.508581 ], [ -111.516484, 48.508633 ], [ -111.515881, 48.508937 ], [ -111.515889, 48.509517 ], [ -111.517035, 48.50972 ], [ -111.5173, 48.511896 ] ] ] } },
{ "type": "Feature", "properties": { "TYPEPIPE": "Intrastate", "Operator": "Northwestern Energy Co", "Status": "Operating", "Shape_Leng": 0.09826666256, "STATEFP": "30", "STATENS": "00767982", "AFFGEOID": "0400000US30", "GEOID": "30", "STUSPS": "MT", "NAME": "Montana", "LSAD": "00", "ALAND": 376962738765, "AWATER": 3869208832 }, "geometry": { "type": "MultiLineString", "coordinates": [ [ [ -111.540627, 48.480626 ], [ -111.543904, 48.468899 ], [ -111.543917, 48.467659 ], [ -111.562904, 48.44934 ], [ -111.563324, 48.449438 ], [ -111.564012, 48.44951 ], [ -111.564427, 48.449351 ], [ -111.564568, 48.448842 ], [ -111.564488, 48.448667 ], [ -111.564176, 48.448389 ], [ -111.577384, 48.436137 ], [ -111.579593, 48.436167 ], [ -111.580702, 48.434636 ], [ -111.583915, 48.433645 ], [ -111.594505, 48.418773 ], [ -111.604081, 48.411498 ] ] ] } },
{ "type": "Feature", "properties": { "TYPEPIPE": "Intrastate", "Operator": "Northwestern Energy Co", "Status": "Operating", "Shape_Leng": 0.06405764018, "STATEFP": "30", "STATENS": "00767982", "AFFGEOID": "0400000US30", "GEOID": "30", "STUSPS": "MT", "NAME": "Montana", "LSAD": "00", "ALAND": 376962738765, "AWATER": 3869208832 }, "geometry": { "type": "MultiLineString", "coordinates": [ [ [ -111.882377, 48.509797 ], [ -111.889144, 48.503222 ], [ -111.888268, 48.472483 ], [ -111.889361, 48.464806 ], [ -111.890134, 48.448708 ] ] ] } },
{ "type": "Feature", "properties": { "TYPEPIPE": "Intrastate", "Operator": "Northwestern Energy Co", "Status": "Operating", "Shape_Leng": 0.0350210539, "STATEFP": "30", "STATENS": "00767982", "AFFGEOID": "0400000US30", "GEOID": "30", "STUSPS": "MT", "NAME": "Montana", "LSAD": "00", "ALAND": 376962738765, "AWATER": 3869208832 }, "geometry": { "type": "MultiLineString", "coordinates": [ [ [ -111.890134, 48.448708 ], [ -111.893446, 48.449821 ], [ -111.924973, 48.449873 ] ] ] } },
{ "type": "Feature", "properties": { "TYPEPIPE": "Intrastate", "Operator": "Northwestern Energy Co", "Status": "Operating", "Shape_Leng": 0.0291442118, "STATEFP": "30", "STATENS": "00767982", "AFFGEOID": "0400000US30", "GEOID": "30", "STUSPS": "MT", "NAME": "Montana", "LSAD": "00", "ALAND": 376962738765, "AWATER": 3869208832 }, "geometry": { "type": "MultiLineString", "coordinates": [ [ [ -111.845993, 48.510376 ], [ -111.842221, 48.510166 ], [ -111.821317, 48.516461 ], [ -111.817782, 48.516434 ] ] ] } },
{ "type": "Feature", "properties": { "TYPEPIPE": "Intrastate", "Operator": "Northwestern Energy Co", "Status": "Operating", "Shape_Leng": 0.00061701297, "STATEFP": "30", "STATENS": "00767982", "AFFGEOID": "0400000US30", "GEOID": "30", "STUSPS": "MT", "NAME": "Montana", "LSAD": "00", "ALAND": 376962738765, "AWATER": 3869208832 }, "geometry": { "type": "MultiLineString", "coordinates": [ [ [ -111.817782, 48.516434 ], [ -111.817165, 48.51643 ] ] ] } },
{ "type": "Feature", "properties": { "TYPEPIPE": "Intrastate", "Operator": "Northwestern Energy Co", "Status": "Operating", "Shape_Leng": 0.01054114875, "STATEFP": "30", "STATENS": "00767982", "AFFGEOID": "0400000US30", "GEOID": "30", "STUSPS": "MT", "NAME": "Montana", "LSAD": "00", "ALAND": 376962738765, "AWATER": 3869208832 }, "geometry": { "type": "MultiLineString", "coordinates": [ [ [ -111.766927, 48.516256 ], [ -111.756386, 48.516312 ] ] ] } },
{ "type": "Feature", "properties": { "TYPEPIPE": "Intrastate", "Operator": "Northwestern Energy Co", "Status": "Operating", "Shape_Leng": 0.01319474858, "STATEFP": "30", "STATENS": "00767982", "AFFGEOID": "0400000US30", "GEOID": "30", "STUSPS": "MT", "NAME": "Montana", "LSAD": "00", "ALAND": 376962738765, "AWATER": 3869208832 }, "geometry": { "type": "MultiLineString", "coordinates": [ [ [ -111.756386, 48.516312 ], [ -111.756951, 48.514339 ], [ -111.756207, 48.513352 ], [ -111.747947, 48.507883 ] ] ] } },
{ "type": "Feature", "properties": { "TYPEPIPE": "Intrastate", "Operator": "Northwestern Energy Co", "Status": "Operating", "Shape_Leng": 0.01094718529, "STATEFP": "30", "STATENS": "00767982", "AFFGEOID": "0400000US30", "GEOID": "30", "STUSPS": "MT", "NAME": "Montana", "LSAD": "00", "ALAND": 376962738765, "AWATER": 3869208832 }, "geometry": { "type": "MultiLineString", "coordinates": [ [ [ -111.756386, 48.516312 ], [ -111.756662, 48.520337 ], [ -111.755346, 48.521101 ], [ -111.752628, 48.522197 ], [ -111.750602, 48.523593 ] ] ] } },
{ "type": "Feature", "properties": { "TYPEPIPE": "Intrastate", "Operator": "Northwestern Energy Co", "Status": "Operating", "Shape_Leng": 0.01970424507, "STATEFP": "30", "STATENS": "00767982", "AFFGEOID": "0400000US30", "GEOID": "30", "STUSPS": "MT", "NAME": "Montana", "LSAD": "00", "ALAND": 376962738765, "AWATER": 3869208832 }, "geometry": { "type": "MultiLineString", "coordinates": [ [ [ -111.750602, 48.523593 ], [ -111.755971, 48.527196 ], [ -111.765316, 48.531597 ], [ -111.764836, 48.532257 ], [ -111.762772, 48.531911 ] ] ] } },
{ "type": "Feature", "properties": { "TYPEPIPE": "Intrastate", "Operator": "Northwestern Energy Co", "Status": "Operating", "Shape_Leng": 0.00305160974, "STATEFP": "30", "STATENS": "00767982", "AFFGEOID": "0400000US30", "GEOID": "30", "STUSPS": "MT", "NAME": "Montana", "LSAD": "00", "ALAND": 376962738765, "AWATER": 3869208832 }, "geometry": { "type": "MultiLineString", "coordinates": [ [ [ -111.750602, 48.523593 ], [ -111.747891, 48.524994 ] ] ] } },
{ "type": "Feature", "properties": { "TYPEPIPE": "Intrastate", "Operator": "Northwestern Energy Co", "Status": "Operating", "Shape_Leng": 0.00409181954, "STATEFP": "30", "STATENS": "00767982", "AFFGEOID": "0400000US30", "GEOID": "30", "STUSPS": "MT", "NAME": "Montana", "LSAD": "00", "ALAND": 376962738765, "AWATER": 3869208832 }, "geometry": { "type": "MultiLineString", "coordinates": [ [ [ -111.766927, 48.516256 ], [ -111.76739, 48.520077 ], [ -111.767159, 48.520002 ] ] ] } },
{ "type": "Feature", "properties": { "TYPEPIPE": "Intrastate", "Operator": "Northwestern Energy Co", "Status": "Operating", "Shape_Leng": 0.03710512548, "STATEFP": "30", "STATENS": "00767982", "AFFGEOID": "0400000US30", "GEOID": "30", "STUSPS": "MT", "NAME": "Montana", "LSAD": "00", "ALAND": 376962738765, "AWATER": 3869208832 }, "geometry": { "type": "MultiLineString", "coordinates": [ [ [ -111.817165, 48.51643 ], [ -111.780321, 48.516143 ], [ -111.780061, 48.516145 ] ] ] } },
{ "type": "Feature", "properties": { "TYPEPIPE": "Intrastate", "Operator": "Northwestern Energy Co", "Status": "Operating", "Shape_Leng": 0.01313446904, "STATEFP": "30", "STATENS": "00767982", "AFFGEOID": "0400000US30", "GEOID": "30", "STUSPS": "MT", "NAME": "Montana", "LSAD": "00", "ALAND": 376962738765, "AWATER": 3869208832 }, "geometry": { "type": "MultiLineString", "coordinates": [ [ [ -111.780061, 48.516145 ], [ -111.766927, 48.516256 ] ] ] } },
{ "type": "Feature", "properties": { "TYPEPIPE": "Intrastate", "Operator": "Northwestern Energy Co", "Status": "Operating", "Shape_Leng": 0.032954647, "STATEFP": "30", "STATENS": "00767982", "AFFGEOID": "0400000US30", "GEOID": "30", "STUSPS": "MT", "NAME": "Montana", "LSAD": "00", "ALAND": 376962738765, "AWATER": 3869208832 }, "geometry": { "type": "MultiLineString", "coordinates": [ [ [ -111.882377, 48.509797 ], [ -111.877124, 48.51527 ], [ -111.875359, 48.517858 ], [ -111.866316, 48.523387 ], [ -111.859258, 48.532445 ], [ -111.85928, 48.532597 ] ] ] } },
{ "type": "Feature", "properties": { "TYPEPIPE": "Intrastate", "Operator": "Northwestern Energy Co", "Status": "Operating", "Shape_Leng": 0.07468873207, "STATEFP": "30", "STATENS": "00767982", "AFFGEOID": "0400000US30", "GEOID": "30", "STUSPS": "MT", "NAME": "Montana", "LSAD": "00", "ALAND": 376962738765, "AWATER": 3869208832 }, "geometry": { "type": "MultiLineString", "coordinates": [ [ [ -111.85928, 48.532597 ], [ -111.859619, 48.534848 ], [ -111.855363, 48.5336 ], [ -111.823244, 48.54429 ], [ -111.813482, 48.531825 ], [ -111.812036, 48.530211 ], [ -111.81164, 48.529503 ], [ -111.811469, 48.528668 ], [ -111.811645, 48.528035 ], [ -111.812433, 48.527498 ], [ -111.813608, 48.527293 ], [ -111.813714, 48.523524 ], [ -111.817165, 48.51643 ] ] ] } },
{ "type": "Feature", "properties": { "TYPEPIPE": "Intrastate", "Operator": "Northwestern Energy Co", "Status": "Operating", "Shape_Leng": 0.01655937256, "STATEFP": "30", "STATENS": "00767982", "AFFGEOID": "0400000US30", "GEOID": "30", "STUSPS": "MT", "NAME": "Montana", "LSAD": "00", "ALAND": 376962738765, "AWATER": 3869208832 }, "geometry": { "type": "MultiLineString", "coordinates": [ [ [ -111.814819, 48.530352 ], [ -111.819228, 48.524999 ], [ -111.819354, 48.520518 ], [ -111.817975, 48.520141 ], [ -111.817782, 48.516434 ] ] ] } },
{ "type": "Feature", "properties": { "TYPEPIPE": "Intrastate", "Operator": "Northwestern Energy Co", "Status": "Operating", "Shape_Leng": 0.00712439215, "STATEFP": "30", "STATENS": "00767982", "AFFGEOID": "0400000US30", "GEOID": "30", "STUSPS": "MT", "NAME": "Montana", "LSAD": "00", "ALAND": 376962738765, "AWATER": 3869208832 }, "geometry": { "type": "MultiLineString", "coordinates": [ [ [ -111.817636, 48.521916 ], [ -111.817476, 48.52498 ], [ -111.815076, 48.52825 ] ] ] } },
{ "type": "Feature", "properties": { "TYPEPIPE": "Intrastate", "Operator": "Northwestern Energy Co", "Status": "Operating", "Shape_Leng": 0.04026572206, "STATEFP": "30", "STATENS": "00767982", "AFFGEOID": "0400000US30", "GEOID": "30", "STUSPS": "MT", "NAME": "Montana", "LSAD": "00", "ALAND": 376962738765, "AWATER": 3869208832 }, "geometry": { "type": "MultiLineString", "coordinates": [ [ [ -111.815076, 48.52825 ], [ -111.805464, 48.525705 ], [ -111.803588, 48.525205 ], [ -111.799594, 48.525341 ], [ -111.790196, 48.525625 ], [ -111.789277, 48.523581 ], [ -111.7877, 48.519457 ], [ -111.780061, 48.516145 ] ] ] } },
{ "type": "Feature", "properties": { "TYPEPIPE": "Intrastate", "Operator": "Northwestern Energy Co", "Status": "Operating", "Shape_Leng": 0.04827400982, "STATEFP": "30", "STATENS": "00767982", "AFFGEOID": "0400000US30", "GEOID": "30", "STUSPS": "MT", "NAME": "Montana", "LSAD": "00", "ALAND": 376962738765, "AWATER": 3869208832 }, "geometry": { "type": "MultiLineString", "coordinates": [ [ [ -111.85928, 48.532597 ], [ -111.859065, 48.533939 ], [ -111.858139, 48.535079 ], [ -111.855067, 48.535575 ], [ -111.851757, 48.535686 ], [ -111.851008, 48.536221 ], [ -111.850202, 48.535944 ], [ -111.849393, 48.535546 ], [ -111.849489, 48.534784 ], [ -111.845897, 48.532545 ], [ -111.833245, 48.532012 ], [ -111.832354, 48.53133 ], [ -111.814819, 48.530352 ] ] ] } },
{ "type": "Feature", "properties": { "TYPEPIPE": "Intrastate", "Operator": "Northwestern Energy Co", "Status": "Operating", "Shape_Leng": 0.0008751577, "STATEFP": "30", "STATENS": "00767982", "AFFGEOID": "0400000US30", "GEOID": "30", "STUSPS": "MT", "NAME": "Montana", "LSAD": "00", "ALAND": 376962738765, "AWATER": 3869208832 }, "geometry": { "type": "MultiLineString", "coordinates": [ [ [ -111.814819, 48.530352 ], [ -111.813945, 48.530307 ] ] ] } },
{ "type": "Feature", "properties": { "TYPEPIPE": "Intrastate", "Operator": "Northwestern Energy Co", "Status": "Operating", "Shape_Leng": 0.00303472881, "STATEFP": "30", "STATENS": "00767982", "AFFGEOID": "0400000US30", "GEOID": "30", "STUSPS": "MT", "NAME": "Montana", "LSAD": "00", "ALAND": 376962738765, "AWATER": 3869208832 }, "geometry": { "type": "MultiLineString", "coordinates": [ [ [ -111.815076, 48.52825 ], [ -111.813463, 48.529318 ], [ -111.813945, 48.530307 ] ] ] } },
{ "type": "Feature", "properties": { "TYPEPIPE": "Intrastate", "Operator": "Northwestern Energy Co", "Status": "Operating", "Shape_Leng": 0.07383424954, "STATEFP": "30", "STATENS": "00767982", "AFFGEOID": "0400000US30", "GEOID": "30", "STUSPS": "MT", "NAME": "Montana", "LSAD": "00", "ALAND": 376962738765, "AWATER": 3869208832 }, "geometry": { "type": "MultiLineString", "coordinates": [ [ [ -111.922469, 48.68547 ], [ -111.937454, 48.689146 ], [ -111.950149, 48.695744 ], [ -111.991567, 48.710882 ] ] ] } },
{ "type": "Feature", "properties": { "TYPEPIPE": "Intrastate", "Operator": "Northwestern Energy Co", "Status": "Operating", "Shape_Leng": 0.06409355682, "STATEFP": "30", "STATENS": "00767982", "AFFGEOID": "0400000US30", "GEOID": "30", "STUSPS": "MT", "NAME": "Montana", "LSAD": "00", "ALAND": 376962738765, "AWATER": 3869208832 }, "geometry": { "type": "MultiLineString", "coordinates": [ [ [ -111.86037, 48.701335 ], [ -111.922469, 48.68547 ] ] ] } },
{ "type": "Feature", "properties": { "TYPEPIPE": "Intrastate", "Operator": "Northwestern Energy Co", "Status": "Operating", "Shape_Leng": 0.03475485029, "STATEFP": "30", "STATENS": "00767982", "AFFGEOID": "0400000US30", "GEOID": "30", "STUSPS": "MT", "NAME": "Montana", "LSAD": "00", "ALAND": 376962738765, "AWATER": 3869208832 }, "geometry": { "type": "MultiLineString", "coordinates": [ [ [ -111.86037, 48.701335 ], [ -111.850717, 48.688793 ], [ -111.850427, 48.669867 ] ] ] } },
{ "type": "Feature", "properties": { "TYPEPIPE": "Intrastate", "Operator": "Northwestern Energy Co", "Status": "Operating", "Shape_Leng": 0.03677307129, "STATEFP": "30", "STATENS": "00767982", "AFFGEOID": "0400000US30", "GEOID": "30", "STUSPS": "MT", "NAME": "Montana", "LSAD": "00", "ALAND": 376962738765, "AWATER": 3869208832 }, "geometry": { "type": "MultiLineString", "coordinates": [ [ [ -111.922469, 48.68547 ], [ -111.929863, 48.683359 ], [ -111.947591, 48.677687 ], [ -111.955926, 48.67517 ], [ -111.957601, 48.674618 ] ] ] } },
{ "type": "Feature", "properties": { "TYPEPIPE": "Intrastate", "Operator": "Northwestern Energy Co", "Status": "Operating", "Shape_Leng": 0.12626213482000001, "STATEFP": "30", "STATENS": "00767982", "AFFGEOID": "0400000US30", "GEOID": "30", "STUSPS": "MT", "NAME": "Montana", "LSAD": "00", "ALAND": 376962738765, "AWATER": 3869208832 }, "geometry": { "type": "MultiLineString", "coordinates": [ [ [ -111.848808, 48.629941 ], [ -111.850778, 48.631018 ], [ -111.861371, 48.643481 ], [ -111.864153, 48.643267 ], [ -111.868206, 48.650086 ], [ -111.910929, 48.674282 ], [ -111.919032, 48.676194 ], [ -111.952121, 48.675671 ], [ -111.952106, 48.675113 ], [ -111.952549, 48.674453 ], [ -111.953691, 48.674343 ], [ -111.957601, 48.674618 ] ] ] } },
{ "type": "Feature", "properties": { "TYPEPIPE": "Intrastate", "Operator": "Northwestern Energy Co", "Status": "Operating", "Shape_Leng": 0.08064340246, "STATEFP": "30", "STATENS": "00767982", "AFFGEOID": "0400000US30", "GEOID": "30", "STUSPS": "MT", "NAME": "Montana", "LSAD": "00", "ALAND": 376962738765, "AWATER": 3869208832 }, "geometry": { "type": "MultiLineString", "coordinates": [ [ [ -111.957601, 48.674618 ], [ -111.999606, 48.660787 ], [ -112.008006, 48.65938 ], [ -112.019646, 48.656511 ], [ -112.03516, 48.652963 ] ] ] } },
{ "type": "Feature", "properties": { "TYPEPIPE": "Intrastate", "Operator": "Northwestern Energy Co", "Status": "Operating", "Shape_Leng": 0.00427808252, "STATEFP": "30", "STATENS": "00767982", "AFFGEOID": "0400000US30", "GEOID": "30", "STUSPS": "MT", "NAME": "Montana", "LSAD": "00", "ALAND": 376962738765, "AWATER": 3869208832 }, "geometry": { "type": "MultiLineString", "coordinates": [ [ [ -111.615993, 48.875449 ], [ -111.615509, 48.876255 ], [ -111.613324, 48.876209 ], [ -111.612769, 48.875199 ] ] ] } },
{ "type": "Feature", "properties": { "TYPEPIPE": "Intrastate", "Operator": "Northwestern Energy Co", "Status": "Operating", "Shape_Leng": 0.00586717624, "STATEFP": "30", "STATENS": "00767982", "AFFGEOID": "0400000US30", "GEOID": "30", "STUSPS": "MT", "NAME": "Montana", "LSAD": "00", "ALAND": 376962738765, "AWATER": 3869208832 }, "geometry": { "type": "MultiLineString", "coordinates": [ [ [ -111.623755, 48.884595 ], [ -111.619989, 48.880096 ] ] ] } },
{ "type": "Feature", "properties": { "TYPEPIPE": "Intrastate", "Operator": "Northwestern Energy Co", "Status": "Operating", "Shape_Leng": 0.00737529071, "STATEFP": "30", "STATENS": "00767982", "AFFGEOID": "0400000US30", "GEOID": "30", "STUSPS": "MT", "NAME": "Montana", "LSAD": "00", "ALAND": 376962738765, "AWATER": 3869208832 }, "geometry": { "type": "MultiLineString", "coordinates": [ [ [ -111.619989, 48.880096 ], [ -111.613021, 48.882513 ] ] ] } },
{ "type": "Feature", "properties": { "TYPEPIPE": "Intrastate", "Operator": "Northwestern Energy Co", "Status": "Operating", "Shape_Leng": 0.00205137076, "STATEFP": "30", "STATENS": "00767982", "AFFGEOID": "0400000US30", "GEOID": "30", "STUSPS": "MT", "NAME": "Montana", "LSAD": "00", "ALAND": 376962738765, "AWATER": 3869208832 }, "geometry": { "type": "MultiLineString", "coordinates": [ [ [ -111.623755, 48.884595 ], [ -111.623716, 48.882544 ] ] ] } },
{ "type": "Feature", "properties": { "TYPEPIPE": "Intrastate", "Operator": "Northwestern Energy Co", "Status": "Operating", "Shape_Leng": 0.01036508803, "STATEFP": "30", "STATENS": "00767982", "AFFGEOID": "0400000US30", "GEOID": "30", "STUSPS": "MT", "NAME": "Montana", "LSAD": "00", "ALAND": 376962738765, "AWATER": 3869208832 }, "geometry": { "type": "MultiLineString", "coordinates": [ [ [ -111.623716, 48.882544 ], [ -111.628439, 48.878943 ], [ -111.629239, 48.87459 ] ] ] } },
{ "type": "Feature", "properties": { "TYPEPIPE": "Intrastate", "Operator": "Northwestern Energy Co", "Status": "Operating", "Shape_Leng": 0.0381884274, "STATEFP": "30", "STATENS": "00767982", "AFFGEOID": "0400000US30", "GEOID": "30", "STUSPS": "MT", "NAME": "Montana", "LSAD": "00", "ALAND": 376962738765, "AWATER": 3869208832 }, "geometry": { "type": "MultiLineString", "coordinates": [ [ [ -111.622414, 48.892646 ], [ -111.613896, 48.89238 ], [ -111.612699, 48.891951 ], [ -111.600991, 48.889161 ], [ -111.593478, 48.88925 ], [ -111.591853, 48.888493 ], [ -111.589445, 48.888924 ], [ -111.584851, 48.889262 ] ] ] } },
{ "type": "Feature", "properties": { "TYPEPIPE": "Intrastate", "Operator": "Northwestern Energy Co", "Status": "Operating", "Shape_Leng": 0.00982793167, "STATEFP": "30", "STATENS": "00767982", "AFFGEOID": "0400000US30", "GEOID": "30", "STUSPS": "MT", "NAME": "Montana", "LSAD": "00", "ALAND": 376962738765, "AWATER": 3869208832 }, "geometry": { "type": "MultiLineString", "coordinates": [ [ [ -111.626074, 48.883525 ], [ -111.622414, 48.892646 ] ] ] } },
{ "type": "Feature", "properties": { "TYPEPIPE": "Intrastate", "Operator": "Northwestern Energy Co", "Status": "Operating", "Shape_Leng": 0.04973831843, "STATEFP": "30", "STATENS": "00767982", "AFFGEOID": "0400000US30", "GEOID": "30", "STUSPS": "MT", "NAME": "Montana", "LSAD": "00", "ALAND": 376962738765, "AWATER": 3869208832 }, "geometry": { "type": "MultiLineString", "coordinates": [ [ [ -111.805681, 48.610202 ], [ -111.794909, 48.612742 ], [ -111.795642, 48.649154 ], [ -111.797892, 48.649071 ] ] ] } },
{ "type": "Feature", "properties": { "TYPEPIPE": "Intrastate", "Operator": "Northwestern Energy Co", "Status": "Operating", "Shape_Leng": 0.0092131875, "STATEFP": "30", "STATENS": "00767982", "AFFGEOID": "0400000US30", "GEOID": "30", "STUSPS": "MT", "NAME": "Montana", "LSAD": "00", "ALAND": 376962738765, "AWATER": 3869208832 }, "geometry": { "type": "MultiLineString", "coordinates": [ [ [ -111.765077, 48.599849 ], [ -111.756007, 48.598231 ] ] ] } },
{ "type": "Feature", "properties": { "TYPEPIPE": "Intrastate", "Operator": "Northwestern Energy Co", "Status": "Operating", "Shape_Leng": 0.00050744261, "STATEFP": "30", "STATENS": "00767982", "AFFGEOID": "0400000US30", "GEOID": "30", "STUSPS": "MT", "NAME": "Montana", "LSAD": "00", "ALAND": 376962738765, "AWATER": 3869208832 }, "geometry": { "type": "MultiLineString", "coordinates": [ [ [ -111.756074, 48.597728 ], [ -111.756007, 48.598231 ] ] ] } },
{ "type": "Feature", "properties": { "TYPEPIPE": "Intrastate", "Operator": "Northwestern Energy Co", "Status": "Operating", "Shape_Leng": 0.02170443135, "STATEFP": "30", "STATENS": "00767982", "AFFGEOID": "0400000US30", "GEOID": "30", "STUSPS": "MT", "NAME": "Montana", "LSAD": "00", "ALAND": 376962738765, "AWATER": 3869208832 }, "geometry": { "type": "MultiLineString", "coordinates": [ [ [ -111.756074, 48.597728 ], [ -111.738194, 48.597699 ], [ -111.737824, 48.598282 ], [ -111.737063, 48.598359 ], [ -111.736527, 48.598236 ], [ -111.736285, 48.597604 ], [ -111.735143, 48.597632 ] ] ] } },
{ "type": "Feature", "properties": { "TYPEPIPE": "Intrastate", "Operator": "Northwestern Energy Co", "Status": "Operating", "Shape_Leng": 0.00460776052, "STATEFP": "30", "STATENS": "00767982", "AFFGEOID": "0400000US30", "GEOID": "30", "STUSPS": "MT", "NAME": "Montana", "LSAD": "00", "ALAND": 376962738765, "AWATER": 3869208832 }, "geometry": { "type": "MultiLineString", "coordinates": [ [ [ -111.755745, 48.593132 ], [ -111.756074, 48.597728 ] ] ] } },
{ "type": "Feature", "properties": { "TYPEPIPE": "Intrastate", "Operator": "Northwestern Energy Co", "Status": "Operating", "Shape_Leng": 0.0121013388, "STATEFP": "30", "STATENS": "00767982", "AFFGEOID": "0400000US30", "GEOID": "30", "STUSPS": "MT", "NAME": "Montana", "LSAD": "00", "ALAND": 376962738765, "AWATER": 3869208832 }, "geometry": { "type": "MultiLineString", "coordinates": [ [ [ -111.755745, 48.593132 ], [ -111.749163, 48.593719 ], [ -111.743672, 48.593563 ] ] ] } },
{ "type": "Feature", "properties": { "TYPEPIPE": "Intrastate", "Operator": "Northwestern Energy Co", "Status": "Operating", "Shape_Leng": 0.00149361909, "STATEFP": "30", "STATENS": "00767982", "AFFGEOID": "0400000US30", "GEOID": "30", "STUSPS": "MT", "NAME": "Montana", "LSAD": "00", "ALAND": 376962738765, "AWATER": 3869208832 }, "geometry": { "type": "MultiLineString", "coordinates": [ [ [ -111.798949, 48.58365 ], [ -111.798992, 48.582157 ] ] ] } },
{ "type": "Feature", "properties": { "TYPEPIPE": "Intrastate", "Operator": "Northwestern Energy Co", "Status": "Operating", "Shape_Leng": 0.00240391764, "STATEFP": "30", "STATENS": "00767982", "AFFGEOID": "0400000US30", "GEOID": "30", "STUSPS": "MT", "NAME": "Montana", "LSAD": "00", "ALAND": 376962738765, "AWATER": 3869208832 }, "geometry": { "type": "MultiLineString", "coordinates": [ [ [ -111.798949, 48.58365 ], [ -111.796547, 48.583554 ] ] ] } },
{ "type": "Feature", "properties": { "TYPEPIPE": "Intrastate", "Operator": "Northwestern Energy Co", "Status": "Operating", "Shape_Leng": 0.003388009, "STATEFP": "30", "STATENS": "00767982", "AFFGEOID": "0400000US30", "GEOID": "30", "STUSPS": "MT", "NAME": "Montana", "LSAD": "00", "ALAND": 376962738765, "AWATER": 3869208832 }, "geometry": { "type": "MultiLineString", "coordinates": [ [ [ -111.796547, 48.583554 ], [ -111.796128, 48.580192 ] ] ] } },
{ "type": "Feature", "properties": { "TYPEPIPE": "Intrastate", "Operator": "Northwestern Energy Co", "Status": "Operating", "Shape_Leng": 0.00907831713, "STATEFP": "30", "STATENS": "00767982", "AFFGEOID": "0400000US30", "GEOID": "30", "STUSPS": "MT", "NAME": "Montana", "LSAD": "00", "ALAND": 376962738765, "AWATER": 3869208832 }, "geometry": { "type": "MultiLineString", "coordinates": [ [ [ -111.796547, 48.583554 ], [ -111.787498, 48.582825 ] ] ] } },
{ "type": "Feature", "properties": { "TYPEPIPE": "Intrastate", "Operator": "Northwestern Energy Co", "Status": "Operating", "Shape_Leng": 0.04389082598, "STATEFP": "30", "STATENS": "00767982", "AFFGEOID": "0400000US30", "GEOID": "30", "STUSPS": "MT", "NAME": "Montana", "LSAD": "00", "ALAND": 376962738765, "AWATER": 3869208832 }, "geometry": { "type": "MultiLineString", "coordinates": [ [ [ -111.787498, 48.582825 ], [ -111.755902, 48.580897 ], [ -111.755744, 48.593118 ], [ -111.755745, 48.593132 ] ] ] } },
{ "type": "Feature", "properties": { "TYPEPIPE": "Intrastate", "Operator": "Northwestern Energy Co", "Status": "Operating", "Shape_Leng": 0.00318626443, "STATEFP": "30", "STATENS": "00767982", "AFFGEOID": "0400000US30", "GEOID": "30", "STUSPS": "MT", "NAME": "Montana", "LSAD": "00", "ALAND": 376962738765, "AWATER": 3869208832 }, "geometry": { "type": "MultiLineString", "coordinates": [ [ [ -111.787498, 48.582825 ], [ -111.786957, 48.585965 ] ] ] } },
{ "type": "Feature", "properties": { "TYPEPIPE": "Intrastate", "Operator": "Northwestern Energy Co", "Status": "Operating", "Shape_Leng": 0.02683882321, "STATEFP": "30", "STATENS": "00767982", "AFFGEOID": "0400000US30", "GEOID": "30", "STUSPS": "MT", "NAME": "Montana", "LSAD": "00", "ALAND": 376962738765, "AWATER": 3869208832 }, "geometry": { "type": "MultiLineString", "coordinates": [ [ [ -111.778119, 48.568683 ], [ -111.781835, 48.578262 ], [ -111.778718, 48.582196 ], [ -111.781178, 48.593476 ] ] ] } },
{ "type": "Feature", "properties": { "TYPEPIPE": "Intrastate", "Operator": "Northwestern Energy Co", "Status": "Operating", "Shape_Leng": 0.01055942413, "STATEFP": "30", "STATENS": "00767982", "AFFGEOID": "0400000US30", "GEOID": "30", "STUSPS": "MT", "NAME": "Montana", "LSAD": "00", "ALAND": 376962738765, "AWATER": 3869208832 }, "geometry": { "type": "MultiLineString", "coordinates": [ [ [ -111.781178, 48.593476 ], [ -111.775689, 48.593491 ], [ -111.770781, 48.592218 ] ] ] } },
{ "type": "Feature", "properties": { "TYPEPIPE": "Intrastate", "Operator": "Northwestern Energy Co", "Status": "Operating", "Shape_Leng": 0.00568346538, "STATEFP": "30", "STATENS": "00767982", "AFFGEOID": "0400000US30", "GEOID": "30", "STUSPS": "MT", "NAME": "Montana", "LSAD": "00", "ALAND": 376962738765, "AWATER": 3869208832 }, "geometry": { "type": "MultiLineString", "coordinates": [ [ [ -111.825051, 48.575158 ], [ -111.826289, 48.572626 ], [ -111.826541, 48.571968 ], [ -111.825957, 48.571436 ], [ -111.824587, 48.57147 ] ] ] } },
{ "type": "Feature", "properties": { "TYPEPIPE": "Intrastate", "Operator": "Northwestern Energy Co", "Status": "Operating", "Shape_Leng": 0.00564050964, "STATEFP": "30", "STATENS": "00767982", "AFFGEOID": "0400000US30", "GEOID": "30", "STUSPS": "MT", "NAME": "Montana", "LSAD": "00", "ALAND": 376962738765, "AWATER": 3869208832 }, "geometry": { "type": "MultiLineString", "coordinates": [ [ [ -111.824587, 48.57147 ], [ -111.820405, 48.575255 ] ] ] } },
{ "type": "Feature", "properties": { "TYPEPIPE": "Intrastate", "Operator": "Northwestern Energy Co", "Status": "Operating", "Shape_Leng": 0.01089061193, "STATEFP": "30", "STATENS": "00767982", "AFFGEOID": "0400000US30", "GEOID": "30", "STUSPS": "MT", "NAME": "Montana", "LSAD": "00", "ALAND": 376962738765, "AWATER": 3869208832 }, "geometry": { "type": "MultiLineString", "coordinates": [ [ [ -111.805429, 48.561537 ], [ -111.801544, 48.561574 ], [ -111.80168, 48.564259 ], [ -111.797383, 48.564674 ] ] ] } },
{ "type": "Feature", "properties": { "TYPEPIPE": "Intrastate", "Operator": "Northwestern Energy Co", "Status": "Operating", "Shape_Leng": 0.01823632904, "STATEFP": "30", "STATENS": "00767982", "AFFGEOID": "0400000US30", "GEOID": "30", "STUSPS": "MT", "NAME": "Montana", "LSAD": "00", "ALAND": 376962738765, "AWATER": 3869208832 }, "geometry": { "type": "MultiLineString", "coordinates": [ [ [ -111.824587, 48.57147 ], [ -111.808323, 48.563221 ] ] ] } },
{ "type": "Feature", "properties": { "TYPEPIPE": "Intrastate", "Operator": "Northwestern Energy Co", "Status": "Operating", "Shape_Leng": 0.00334829688, "STATEFP": "30", "STATENS": "00767982", "AFFGEOID": "0400000US30", "GEOID": "30", "STUSPS": "MT", "NAME": "Montana", "LSAD": "00", "ALAND": 376962738765, "AWATER": 3869208832 }, "geometry": { "type": "MultiLineString", "coordinates": [ [ [ -111.808323, 48.563221 ], [ -111.805429, 48.561537 ] ] ] } },
{ "type": "Feature", "properties": { "TYPEPIPE": "Intrastate", "Operator": "Northwestern Energy Co", "Status": "Operating", "Shape_Leng": 0.00157038912, "STATEFP": "30", "STATENS": "00767982", "AFFGEOID": "0400000US30", "GEOID": "30", "STUSPS": "MT", "NAME": "Montana", "LSAD": "00", "ALAND": 376962738765, "AWATER": 3869208832 }, "geometry": { "type": "MultiLineString", "coordinates": [ [ [ -111.808323, 48.563221 ], [ -111.809402, 48.56208 ] ] ] } },
{ "type": "Feature", "properties": { "TYPEPIPE": "Intrastate", "Operator": "Northwestern Energy Co", "Status": "Operating", "Shape_Leng": 0.00729284423, "STATEFP": "30", "STATENS": "00767982", "AFFGEOID": "0400000US30", "GEOID": "30", "STUSPS": "MT", "NAME": "Montana", "LSAD": "00", "ALAND": 376962738765, "AWATER": 3869208832 }, "geometry": { "type": "MultiLineString", "coordinates": [ [ [ -111.805429, 48.561537 ], [ -111.805265, 48.554246 ] ] ] } },
{ "type": "Feature", "properties": { "TYPEPIPE": "Intrastate", "Operator": "Northwestern Energy Co", "Status": "Operating", "Shape_Leng": 0.01146106846, "STATEFP": "30", "STATENS": "00767982", "AFFGEOID": "0400000US30", "GEOID": "30", "STUSPS": "MT", "NAME": "Montana", "LSAD": "00", "ALAND": 376962738765, "AWATER": 3869208832 }, "geometry": { "type": "MultiLineString", "coordinates": [ [ [ -111.805265, 48.554246 ], [ -111.804449, 48.5501 ], [ -111.797217, 48.550326 ] ] ] } },
{ "type": "Feature", "properties": { "TYPEPIPE": "Intrastate", "Operator": "Northwestern Energy Co", "Status": "Operating", "Shape_Leng": 0.00156484664, "STATEFP": "30", "STATENS": "00767982", "AFFGEOID": "0400000US30", "GEOID": "30", "STUSPS": "MT", "NAME": "Montana", "LSAD": "00", "ALAND": 376962738765, "AWATER": 3869208832 }, "geometry": { "type": "MultiLineString", "coordinates": [ [ [ -111.805265, 48.554246 ], [ -111.806828, 48.554322 ] ] ] } },
{ "type": "Feature", "properties": { "TYPEPIPE": "Intrastate", "Operator": "Northwestern Energy Co", "Status": "Operating", "Shape_Leng": 0.10443186959, "STATEFP": "30", "STATENS": "00767982", "AFFGEOID": "0400000US30", "GEOID": "30", "STUSPS": "MT", "NAME": "Montana", "LSAD": "00", "ALAND": 376962738765, "AWATER": 3869208832 }, "geometry": { "type": "MultiLineString", "coordinates": [ [ [ -111.733371, 48.594981 ], [ -111.747571, 48.583325 ], [ -111.750985, 48.577294 ], [ -111.759229, 48.574306 ], [ -111.786872, 48.552687 ], [ -111.792106, 48.54827 ], [ -111.802635, 48.538846 ], [ -111.812164, 48.532511 ], [ -111.812789, 48.531524 ], [ -111.813945, 48.530307 ] ] ] } },
{ "type": "Feature", "properties": { "TYPEPIPE": "Intrastate", "Operator": "Northwestern Energy Co", "Status": "Operating", "Shape_Leng": 0.01619365654, "STATEFP": "30", "STATENS": "00767982", "AFFGEOID": "0400000US30", "GEOID": "30", "STUSPS": "MT", "NAME": "Montana", "LSAD": "00", "ALAND": 376962738765, "AWATER": 3869208832 }, "geometry": { "type": "MultiLineString", "coordinates": [ [ [ -111.815125, 48.584406 ], [ -111.798949, 48.58365 ] ] ] } },
{ "type": "Feature", "properties": { "TYPEPIPE": "Intrastate", "Operator": "Northwestern Energy Co", "Status": "Operating", "Shape_Leng": 0.00146728354, "STATEFP": "30", "STATENS": "00767982", "AFFGEOID": "0400000US30", "GEOID": "30", "STUSPS": "MT", "NAME": "Montana", "LSAD": "00", "ALAND": 376962738765, "AWATER": 3869208832 }, "geometry": { "type": "MultiLineString", "coordinates": [ [ [ -111.781178, 48.593476 ], [ -111.781778, 48.594815 ] ] ] } },
{ "type": "Feature", "properties": { "TYPEPIPE": "Intrastate", "Operator": "Northwestern Energy Co", "Status": "Operating", "Shape_Leng": 0.00578696613, "STATEFP": "30", "STATENS": "00767982", "AFFGEOID": "0400000US30", "GEOID": "30", "STUSPS": "MT", "NAME": "Montana", "LSAD": "00", "ALAND": 376962738765, "AWATER": 3869208832 }, "geometry": { "type": "MultiLineString", "coordinates": [ [ [ -111.781778, 48.594815 ], [ -111.787234, 48.596744 ] ] ] } },
{ "type": "Feature", "properties": { "TYPEPIPE": "Intrastate", "Operator": "Northwestern Energy Co", "Status": "Operating", "Shape_Leng": 0.00251262413, "STATEFP": "30", "STATENS": "00767982", "AFFGEOID": "0400000US30", "GEOID": "30", "STUSPS": "MT", "NAME": "Montana", "LSAD": "00", "ALAND": 376962738765, "AWATER": 3869208832 }, "geometry": { "type": "MultiLineString", "coordinates": [ [ [ -111.781986, 48.597319 ], [ -111.781778, 48.594815 ] ] ] } },
{ "type": "Feature", "properties": { "TYPEPIPE": "Intrastate", "Operator": "Northwestern Energy Co", "Status": "Operating", "Shape_Leng": 0.03600357924, "STATEFP": "30", "STATENS": "00767982", "AFFGEOID": "0400000US30", "GEOID": "30", "STUSPS": "MT", "NAME": "Montana", "LSAD": "00", "ALAND": 376962738765, "AWATER": 3869208832 }, "geometry": { "type": "MultiLineString", "coordinates": [ [ [ -111.845672, 48.627925 ], [ -111.829465, 48.618166 ], [ -111.821307, 48.613235 ], [ -111.815999, 48.607862 ] ] ] } },
{ "type": "Feature", "properties": { "TYPEPIPE": "Intrastate", "Operator": "Northwestern Energy Co", "Status": "Operating", "Shape_Leng": 0.00336483699, "STATEFP": "30", "STATENS": "00767982", "AFFGEOID": "0400000US30", "GEOID": "30", "STUSPS": "MT", "NAME": "Montana", "LSAD": "00", "ALAND": 376962738765, "AWATER": 3869208832 }, "geometry": { "type": "MultiLineString", "coordinates": [ [ [ -111.805681, 48.610202 ], [ -111.808689, 48.61171 ] ] ] } },
{ "type": "Feature", "properties": { "TYPEPIPE": "Intrastate", "Operator": "Northwestern Energy Co", "Status": "Operating", "Shape_Leng": 0.00856430879, "STATEFP": "30", "STATENS": "00767982", "AFFGEOID": "0400000US30", "GEOID": "30", "STUSPS": "MT", "NAME": "Montana", "LSAD": "00", "ALAND": 376962738765, "AWATER": 3869208832 }, "geometry": { "type": "MultiLineString", "coordinates": [ [ [ -111.805222, 48.60165 ], [ -111.805681, 48.610202 ] ] ] } },
{ "type": "Feature", "properties": { "TYPEPIPE": "Intrastate", "Operator": "Northwestern Energy Co", "Status": "Operating", "Shape_Leng": 0.04449299118, "STATEFP": "30", "STATENS": "00767982", "AFFGEOID": "0400000US30", "GEOID": "30", "STUSPS": "MT", "NAME": "Montana", "LSAD": "00", "ALAND": 376962738765, "AWATER": 3869208832 }, "geometry": { "type": "MultiLineString", "coordinates": [ [ [ -111.805222, 48.60165 ], [ -111.813837, 48.606702 ], [ -111.813195, 48.606937 ], [ -111.812826, 48.607465 ], [ -111.812647, 48.607997 ], [ -111.812888, 48.60858 ], [ -111.81347, 48.608986 ], [ -111.814459, 48.60888 ], [ -111.815673, 48.608625 ], [ -111.819972, 48.613263 ], [ -111.838878, 48.624459 ], [ -111.838238, 48.62484 ] ] ] } },
{ "type": "Feature", "properties": { "TYPEPIPE": "Intrastate", "Operator": "Northwestern Energy Co", "Status": "Operating", "Shape_Leng": 0.00111954321, "STATEFP": "30", "STATENS": "00767982", "AFFGEOID": "0400000US30", "GEOID": "30", "STUSPS": "MT", "NAME": "Montana", "LSAD": "00", "ALAND": 376962738765, "AWATER": 3869208832 }, "geometry": { "type": "MultiLineString", "coordinates": [ [ [ -111.805311, 48.600534 ], [ -111.805222, 48.60165 ] ] ] } },
{ "type": "Feature", "properties": { "TYPEPIPE": "Intrastate", "Operator": "Northwestern Energy Co", "Status": "Operating", "Shape_Leng": 0.01776559114, "STATEFP": "30", "STATENS": "00767982", "AFFGEOID": "0400000US30", "GEOID": "30", "STUSPS": "MT", "NAME": "Montana", "LSAD": "00", "ALAND": 376962738765, "AWATER": 3869208832 }, "geometry": { "type": "MultiLineString", "coordinates": [ [ [ -111.805311, 48.600534 ], [ -111.814706, 48.606373 ], [ -111.815024, 48.606929 ], [ -111.814651, 48.607211 ], [ -111.809099, 48.60791 ] ] ] } },
{ "type": "Feature", "properties": { "TYPEPIPE": "Intrastate", "Operator": "Northwestern Energy Co", "Status": "Operating", "Shape_Leng": 0.18508990245000001, "STATEFP": "30", "STATENS": "00767982", "AFFGEOID": "0400000US30", "GEOID": "30", "STUSPS": "MT", "NAME": "Montana", "LSAD": "00", "ALAND": 376962738765, "AWATER": 3869208832 }, "geometry": { "type": "MultiLineString", "coordinates": [ [ [ -111.578693, 48.49333 ], [ -111.600332, 48.507447 ], [ -111.733371, 48.594981 ] ] ] } },
{ "type": "Feature", "properties": { "TYPEPIPE": "Intrastate", "Operator": "Northwestern Energy Co", "Status": "Operating", "Shape_Leng": 0.05423818487, "STATEFP": "30", "STATENS": "00767982", "AFFGEOID": "0400000US30", "GEOID": "30", "STUSPS": "MT", "NAME": "Montana", "LSAD": "00", "ALAND": 376962738765, "AWATER": 3869208832 }, "geometry": { "type": "MultiLineString", "coordinates": [ [ [ -111.807717, 48.714352 ], [ -111.86037, 48.701335 ] ] ] } },
{ "type": "Feature", "properties": { "TYPEPIPE": "Intrastate", "Operator": "Northwestern Energy Co", "Status": "Operating", "Shape_Leng": 0.00421658215, "STATEFP": "30", "STATENS": "00767982", "AFFGEOID": "0400000US30", "GEOID": "30", "STUSPS": "MT", "NAME": "Montana", "LSAD": "00", "ALAND": 376962738765, "AWATER": 3869208832 }, "geometry": { "type": "MultiLineString", "coordinates": [ [ [ -111.723054, 48.665257 ], [ -111.721636, 48.661286 ] ] ] } },
{ "type": "Feature", "properties": { "TYPEPIPE": "Intrastate", "Operator": "Northwestern Energy Co", "Status": "Operating", "Shape_Leng": 0.00364478394, "STATEFP": "30", "STATENS": "00767982", "AFFGEOID": "0400000US30", "GEOID": "30", "STUSPS": "MT", "NAME": "Montana", "LSAD": "00", "ALAND": 376962738765, "AWATER": 3869208832 }, "geometry": { "type": "MultiLineString", "coordinates": [ [ [ -111.723054, 48.665257 ], [ -111.720513, 48.66787 ] ] ] } },
{ "type": "Feature", "properties": { "TYPEPIPE": "Intrastate", "Operator": "Northwestern Energy Co", "Status": "Operating", "Shape_Leng": 0.00422535123, "STATEFP": "30", "STATENS": "00767982", "AFFGEOID": "0400000US30", "GEOID": "30", "STUSPS": "MT", "NAME": "Montana", "LSAD": "00", "ALAND": 376962738765, "AWATER": 3869208832 }, "geometry": { "type": "MultiLineString", "coordinates": [ [ [ -111.723054, 48.665257 ], [ -111.718867, 48.665825 ] ] ] } },
{ "type": "Feature", "properties": { "TYPEPIPE": "Intrastate", "Operator": "Northwestern Energy Co", "Status": "Operating", "Shape_Leng": 0.01739899527, "STATEFP": "30", "STATENS": "00767982", "AFFGEOID": "0400000US30", "GEOID": "30", "STUSPS": "MT", "NAME": "Montana", "LSAD": "00", "ALAND": 376962738765, "AWATER": 3869208832 }, "geometry": { "type": "MultiLineString", "coordinates": [ [ [ -111.699006, 48.657725 ], [ -111.69493, 48.656242 ], [ -111.686544, 48.666256 ] ] ] } },
{ "type": "Feature", "properties": { "TYPEPIPE": "Intrastate", "Operator": "Northwestern Energy Co", "Status": "Operating", "Shape_Leng": 0.00284201707, "STATEFP": "30", "STATENS": "00767982", "AFFGEOID": "0400000US30", "GEOID": "30", "STUSPS": "MT", "NAME": "Montana", "LSAD": "00", "ALAND": 376962738765, "AWATER": 3869208832 }, "geometry": { "type": "MultiLineString", "coordinates": [ [ [ -111.755341, 48.686224 ], [ -111.755591, 48.689055 ] ] ] } },
{ "type": "Feature", "properties": { "TYPEPIPE": "Intrastate", "Operator": "Northwestern Energy Co", "Status": "Operating", "Shape_Leng": 0.03456273222, "STATEFP": "30", "STATENS": "00767982", "AFFGEOID": "0400000US30", "GEOID": "30", "STUSPS": "MT", "NAME": "Montana", "LSAD": "00", "ALAND": 376962738765, "AWATER": 3869208832 }, "geometry": { "type": "MultiLineString", "coordinates": [ [ [ -111.738984, 48.66944 ], [ -111.755302, 48.682658 ], [ -111.755126, 48.685137 ], [ -111.752265, 48.685268 ], [ -111.744352, 48.683066 ] ] ] } },
{ "type": "Feature", "properties": { "TYPEPIPE": "Intrastate", "Operator": "Northwestern Energy Co", "Status": "Operating", "Shape_Leng": 0.00713282588, "STATEFP": "30", "STATENS": "00767982", "AFFGEOID": "0400000US30", "GEOID": "30", "STUSPS": "MT", "NAME": "Montana", "LSAD": "00", "ALAND": 376962738765, "AWATER": 3869208832 }, "geometry": { "type": "MultiLineString", "coordinates": [ [ [ -111.738984, 48.66944 ], [ -111.74509, 48.665753 ] ] ] } },
{ "type": "Feature", "properties": { "TYPEPIPE": "Intrastate", "Operator": "Northwestern Energy Co", "Status": "Operating", "Shape_Leng": 0.01227910054, "STATEFP": "30", "STATENS": "00767982", "AFFGEOID": "0400000US30", "GEOID": "30", "STUSPS": "MT", "NAME": "Montana", "LSAD": "00", "ALAND": 376962738765, "AWATER": 3869208832 }, "geometry": { "type": "MultiLineString", "coordinates": [ [ [ -111.731119, 48.660301 ], [ -111.734327, 48.665808 ], [ -111.738984, 48.66944 ] ] ] } },
{ "type": "Feature", "properties": { "TYPEPIPE": "Intrastate", "Operator": "Northwestern Energy Co", "Status": "Operating", "Shape_Leng": 0.01729061371, "STATEFP": "30", "STATENS": "00767982", "AFFGEOID": "0400000US30", "GEOID": "30", "STUSPS": "MT", "NAME": "Montana", "LSAD": "00", "ALAND": 376962738765, "AWATER": 3869208832 }, "geometry": { "type": "MultiLineString", "coordinates": [ [ [ -111.731119, 48.660301 ], [ -111.723054, 48.665257 ], [ -111.725424, 48.672714 ] ] ] } },
{ "type": "Feature", "properties": { "TYPEPIPE": "Intrastate", "Operator": "Northwestern Energy Co", "Status": "Operating", "Shape_Leng": 0.01313701583, "STATEFP": "30", "STATENS": "00767982", "AFFGEOID": "0400000US30", "GEOID": "30", "STUSPS": "MT", "NAME": "Montana", "LSAD": "00", "ALAND": 376962738765, "AWATER": 3869208832 }, "geometry": { "type": "MultiLineString", "coordinates": [ [ [ -111.719835, 48.653574 ], [ -111.731119, 48.660301 ] ] ] } },
{ "type": "Feature", "properties": { "TYPEPIPE": "Intrastate", "Operator": "Northwestern Energy Co", "Status": "Operating", "Shape_Leng": 0.01141828428, "STATEFP": "30", "STATENS": "00767982", "AFFGEOID": "0400000US30", "GEOID": "30", "STUSPS": "MT", "NAME": "Montana", "LSAD": "00", "ALAND": 376962738765, "AWATER": 3869208832 }, "geometry": { "type": "MultiLineString", "coordinates": [ [ [ -111.719835, 48.653574 ], [ -111.714353, 48.657913 ], [ -111.709927, 48.658003 ] ] ] } },
{ "type": "Feature", "properties": { "TYPEPIPE": "Intrastate", "Operator": "Northwestern Energy Co", "Status": "Operating", "Shape_Leng": 0.0073712558, "STATEFP": "30", "STATENS": "00767982", "AFFGEOID": "0400000US30", "GEOID": "30", "STUSPS": "MT", "NAME": "Montana", "LSAD": "00", "ALAND": 376962738765, "AWATER": 3869208832 }, "geometry": { "type": "MultiLineString", "coordinates": [ [ [ -111.709927, 48.658003 ], [ -111.702571, 48.658477 ] ] ] } },
{ "type": "Feature", "properties": { "TYPEPIPE": "Intrastate", "Operator": "Northwestern Energy Co", "Status": "Operating", "Shape_Leng": 0.03499141432, "STATEFP": "30", "STATENS": "00767982", "AFFGEOID": "0400000US30", "GEOID": "30", "STUSPS": "MT", "NAME": "Montana", "LSAD": "00", "ALAND": 376962738765, "AWATER": 3869208832 }, "geometry": { "type": "MultiLineString", "coordinates": [ [ [ -111.709426, 48.635506 ], [ -111.744396, 48.63673 ] ] ] } },
{ "type": "Feature", "properties": { "TYPEPIPE": "Intrastate", "Operator": "Northwestern Energy Co", "Status": "Operating", "Shape_Leng": 0.01747427481, "STATEFP": "30", "STATENS": "00767982", "AFFGEOID": "0400000US30", "GEOID": "30", "STUSPS": "MT", "NAME": "Montana", "LSAD": "00", "ALAND": 376962738765, "AWATER": 3869208832 }, "geometry": { "type": "MultiLineString", "coordinates": [ [ [ -111.744396, 48.63673 ], [ -111.744437, 48.644018 ], [ -111.734251, 48.644075 ] ] ] } },
{ "type": "Feature", "properties": { "TYPEPIPE": "Intrastate", "Operator": "Northwestern Energy Co", "Status": "Operating", "Shape_Leng": 0.00580133131, "STATEFP": "30", "STATENS": "00767982", "AFFGEOID": "0400000US30", "GEOID": "30", "STUSPS": "MT", "NAME": "Montana", "LSAD": "00", "ALAND": 376962738765, "AWATER": 3869208832 }, "geometry": { "type": "MultiLineString", "coordinates": [ [ [ -111.744396, 48.63673 ], [ -111.750197, 48.636792 ] ] ] } },
{ "type": "Feature", "properties": { "TYPEPIPE": "Intrastate", "Operator": "Northwestern Energy Co", "Status": "Operating", "Shape_Leng": 0.00849250835, "STATEFP": "30", "STATENS": "00767982", "AFFGEOID": "0400000US30", "GEOID": "30", "STUSPS": "MT", "NAME": "Montana", "LSAD": "00", "ALAND": 376962738765, "AWATER": 3869208832 }, "geometry": { "type": "MultiLineString", "coordinates": [ [ [ -111.709939, 48.627029 ], [ -111.709426, 48.635506 ] ] ] } },
{ "type": "Feature", "properties": { "TYPEPIPE": "Intrastate", "Operator": "Northwestern Energy Co", "Status": "Operating", "Shape_Leng": 0.0093243051, "STATEFP": "30", "STATENS": "00767982", "AFFGEOID": "0400000US30", "GEOID": "30", "STUSPS": "MT", "NAME": "Montana", "LSAD": "00", "ALAND": 376962738765, "AWATER": 3869208832 }, "geometry": { "type": "MultiLineString", "coordinates": [ [ [ -111.709939, 48.627029 ], [ -111.706855, 48.629239 ], [ -111.70133, 48.629479 ] ] ] } },
{ "type": "Feature", "properties": { "TYPEPIPE": "Intrastate", "Operator": "Northwestern Energy Co", "Status": "Operating", "Shape_Leng": 0.0046272508, "STATEFP": "30", "STATENS": "00767982", "AFFGEOID": "0400000US30", "GEOID": "30", "STUSPS": "MT", "NAME": "Montana", "LSAD": "00", "ALAND": 376962738765, "AWATER": 3869208832 }, "geometry": { "type": "MultiLineString", "coordinates": [ [ [ -111.713974, 48.624764 ], [ -111.709939, 48.627029 ] ] ] } },
{ "type": "Feature", "properties": { "TYPEPIPE": "Intrastate", "Operator": "Northwestern Energy Co", "Status": "Operating", "Shape_Leng": 0.00315907661, "STATEFP": "30", "STATENS": "00767982", "AFFGEOID": "0400000US30", "GEOID": "30", "STUSPS": "MT", "NAME": "Montana", "LSAD": "00", "ALAND": 376962738765, "AWATER": 3869208832 }, "geometry": { "type": "MultiLineString", "coordinates": [ [ [ -111.713974, 48.624764 ], [ -111.716381, 48.62681 ] ] ] } },
{ "type": "Feature", "properties": { "TYPEPIPE": "Intrastate", "Operator": "Northwestern Energy Co", "Status": "Operating", "Shape_Leng": 0.01894689348, "STATEFP": "30", "STATENS": "00767982", "AFFGEOID": "0400000US30", "GEOID": "30", "STUSPS": "MT", "NAME": "Montana", "LSAD": "00", "ALAND": 376962738765, "AWATER": 3869208832 }, "geometry": { "type": "MultiLineString", "coordinates": [ [ [ -111.731142, 48.617712 ], [ -111.717314, 48.622127 ], [ -111.716691, 48.62334 ], [ -111.713974, 48.624764 ] ] ] } },
{ "type": "Feature", "properties": { "TYPEPIPE": "Intrastate", "Operator": "Northwestern Energy Co", "Status": "Operating", "Shape_Leng": 0.00549196504, "STATEFP": "30", "STATENS": "00767982", "AFFGEOID": "0400000US30", "GEOID": "30", "STUSPS": "MT", "NAME": "Montana", "LSAD": "00", "ALAND": 376962738765, "AWATER": 3869208832 }, "geometry": { "type": "MultiLineString", "coordinates": [ [ [ -111.731142, 48.617712 ], [ -111.72621, 48.615296 ] ] ] } },
{ "type": "Feature", "properties": { "TYPEPIPE": "Intrastate", "Operator": "Northwestern Energy Co", "Status": "Operating", "Shape_Leng": 0.00918690834, "STATEFP": "30", "STATENS": "00767982", "AFFGEOID": "0400000US30", "GEOID": "30", "STUSPS": "MT", "NAME": "Montana", "LSAD": "00", "ALAND": 376962738765, "AWATER": 3869208832 }, "geometry": { "type": "MultiLineString", "coordinates": [ [ [ -111.75491, 48.609317 ], [ -111.754428, 48.609978 ], [ -111.746518, 48.612711 ] ] ] } },
{ "type": "Feature", "properties": { "TYPEPIPE": "Intrastate", "Operator": "Northwestern Energy Co", "Status": "Operating", "Shape_Leng": 0.01616883969, "STATEFP": "30", "STATENS": "00767982", "AFFGEOID": "0400000US30", "GEOID": "30", "STUSPS": "MT", "NAME": "Montana", "LSAD": "00", "ALAND": 376962738765, "AWATER": 3869208832 }, "geometry": { "type": "MultiLineString", "coordinates": [ [ [ -111.746518, 48.612711 ], [ -111.731142, 48.617712 ] ] ] } },
{ "type": "Feature", "properties": { "TYPEPIPE": "Intrastate", "Operator": "Northwestern Energy Co", "Status": "Operating", "Shape_Leng": 0.00667134527, "STATEFP": "30", "STATENS": "00767982", "AFFGEOID": "0400000US30", "GEOID": "30", "STUSPS": "MT", "NAME": "Montana", "LSAD": "00", "ALAND": 376962738765, "AWATER": 3869208832 }, "geometry": { "type": "MultiLineString", "coordinates": [ [ [ -111.746518, 48.612711 ], [ -111.744013, 48.611525 ], [ -111.74416, 48.607628 ] ] ] } },
{ "type": "Feature", "properties": { "TYPEPIPE": "Intrastate", "Operator": "Northwestern Energy Co", "Status": "Operating", "Shape_Leng": 0.02587372059, "STATEFP": "30", "STATENS": "00767982", "AFFGEOID": "0400000US30", "GEOID": "30", "STUSPS": "MT", "NAME": "Montana", "LSAD": "00", "ALAND": 376962738765, "AWATER": 3869208832 }, "geometry": { "type": "MultiLineString", "coordinates": [ [ [ -111.733371, 48.594981 ], [ -111.75491, 48.609317 ] ] ] } },
{ "type": "Feature", "properties": { "TYPEPIPE": "Intrastate", "Operator": "Northwestern Energy Co", "Status": "Operating", "Shape_Leng": 0.00152383234, "STATEFP": "30", "STATENS": "00767982", "AFFGEOID": "0400000US30", "GEOID": "30", "STUSPS": "MT", "NAME": "Montana", "LSAD": "00", "ALAND": 376962738765, "AWATER": 3869208832 }, "geometry": { "type": "MultiLineString", "coordinates": [ [ [ -111.75491, 48.609317 ], [ -111.756186, 48.61015 ] ] ] } },
{ "type": "Feature", "properties": { "TYPEPIPE": "Intrastate", "Operator": "Northwestern Energy Co", "Status": "Operating", "Shape_Leng": 0.11656103814, "STATEFP": "30", "STATENS": "00767982", "AFFGEOID": "0400000US30", "GEOID": "30", "STUSPS": "MT", "NAME": "Montana", "LSAD": "00", "ALAND": 376962738765, "AWATER": 3869208832 }, "geometry": { "type": "MultiLineString", "coordinates": [ [ [ -111.756186, 48.61015 ], [ -111.790034, 48.680275 ], [ -111.798488, 48.699707 ], [ -111.802425, 48.708374 ], [ -111.807717, 48.714352 ] ] ] } },
{ "type": "Feature", "properties": { "TYPEPIPE": "Intrastate", "Operator": "Northwestern Energy Co", "Status": "Operating", "Shape_Leng": 0.01789986137, "STATEFP": "30", "STATENS": "00767982", "AFFGEOID": "0400000US30", "GEOID": "30", "STUSPS": "MT", "NAME": "Montana", "LSAD": "00", "ALAND": 376962738765, "AWATER": 3869208832 }, "geometry": { "type": "MultiLineString", "coordinates": [ [ [ -111.639939, 48.952229 ], [ -111.641082, 48.953796 ], [ -111.645431, 48.952395 ], [ -111.651137, 48.953626 ], [ -111.652452, 48.94823 ] ] ] } },
{ "type": "Feature", "properties": { "TYPEPIPE": "Intrastate", "Operator": "Northwestern Energy Co", "Status": "Operating", "Shape_Leng": 0.02295113454, "STATEFP": "30", "STATENS": "00767982", "AFFGEOID": "0400000US30", "GEOID": "30", "STUSPS": "MT", "NAME": "Montana", "LSAD": "00", "ALAND": 376962738765, "AWATER": 3869208832 }, "geometry": { "type": "MultiLineString", "coordinates": [ [ [ -111.677772, 48.94365 ], [ -111.677162, 48.941954 ], [ -111.671128, 48.941566 ], [ -111.664248, 48.941098 ], [ -111.656126, 48.939924 ] ] ] } },
{ "type": "Feature", "properties": { "TYPEPIPE": "Intrastate", "Operator": "Northwestern Energy Co", "Status": "Operating", "Shape_Leng": 0.01138550652, "STATEFP": "30", "STATENS": "00767982", "AFFGEOID": "0400000US30", "GEOID": "30", "STUSPS": "MT", "NAME": "Montana", "LSAD": "00", "ALAND": 376962738765, "AWATER": 3869208832 }, "geometry": { "type": "MultiLineString", "coordinates": [ [ [ -111.499673, 48.871611 ], [ -111.496062, 48.868879 ], [ -111.489205, 48.868959 ] ] ] } },
{ "type": "Feature", "properties": { "TYPEPIPE": "Intrastate", "Operator": "Northwestern Energy Co", "Status": "Operating", "Shape_Leng": 0.1185678198, "STATEFP": "30", "STATENS": "00767982", "AFFGEOID": "0400000US30", "GEOID": "30", "STUSPS": "MT", "NAME": "Montana", "LSAD": "00", "ALAND": 376962738765, "AWATER": 3869208832 }, "geometry": { "type": "MultiLineString", "coordinates": [ [ [ -111.503894, 48.890409 ], [ -111.519666, 48.891233 ], [ -111.525445, 48.892822 ], [ -111.530402, 48.893501 ], [ -111.535203, 48.893979 ], [ -111.55441, 48.89588 ], [ -111.556775, 48.895243 ], [ -111.56881, 48.894824 ], [ -111.577726, 48.891748 ], [ -111.588043, 48.889791 ], [ -111.601213, 48.886655 ], [ -111.606197, 48.886646 ], [ -111.608558, 48.88581 ], [ -111.620737, 48.88508 ] ] ] } },
{ "type": "Feature", "properties": { "TYPEPIPE": "Intrastate", "Operator": "Northwestern Energy Co", "Status": "Operating", "Shape_Leng": 0.01195084934, "STATEFP": "30", "STATENS": "00767982", "AFFGEOID": "0400000US30", "GEOID": "30", "STUSPS": "MT", "NAME": "Montana", "LSAD": "00", "ALAND": 376962738765, "AWATER": 3869208832 }, "geometry": { "type": "MultiLineString", "coordinates": [ [ [ -111.641438, 48.938511 ], [ -111.653354, 48.939423 ] ] ] } },
{ "type": "Feature", "properties": { "TYPEPIPE": "Intrastate", "Operator": "Northwestern Energy Co", "Status": "Operating", "Shape_Leng": 0.00276823138, "STATEFP": "30", "STATENS": "00767982", "AFFGEOID": "0400000US30", "GEOID": "30", "STUSPS": "MT", "NAME": "Montana", "LSAD": "00", "ALAND": 376962738765, "AWATER": 3869208832 }, "geometry": { "type": "MultiLineString", "coordinates": [ [ [ -111.63689, 48.925564 ], [ -111.634227, 48.924808 ] ] ] } },
{ "type": "Feature", "properties": { "TYPEPIPE": "Intrastate", "Operator": "Northwestern Energy Co", "Status": "Operating", "Shape_Leng": 0.00760149156, "STATEFP": "30", "STATENS": "00767982", "AFFGEOID": "0400000US30", "GEOID": "30", "STUSPS": "MT", "NAME": "Montana", "LSAD": "00", "ALAND": 376962738765, "AWATER": 3869208832 }, "geometry": { "type": "MultiLineString", "coordinates": [ [ [ -111.630439, 48.901283 ], [ -111.632832, 48.894068 ] ] ] } },
{ "type": "Feature", "properties": { "TYPEPIPE": "Intrastate", "Operator": "Northwestern Energy Co", "Status": "Operating", "Shape_Leng": 0.00540720377, "STATEFP": "30", "STATENS": "00767982", "AFFGEOID": "0400000US30", "GEOID": "30", "STUSPS": "MT", "NAME": "Montana", "LSAD": "00", "ALAND": 376962738765, "AWATER": 3869208832 }, "geometry": { "type": "MultiLineString", "coordinates": [ [ [ -111.619155, 48.900794 ], [ -111.617131, 48.903253 ], [ -111.615155, 48.90427 ] ] ] } },
{ "type": "Feature", "properties": { "TYPEPIPE": "Intrastate", "Operator": "Northwestern Energy Co", "Status": "Operating", "Shape_Leng": 0.03915077426, "STATEFP": "30", "STATENS": "00767982", "AFFGEOID": "0400000US30", "GEOID": "30", "STUSPS": "MT", "NAME": "Montana", "LSAD": "00", "ALAND": 376962738765, "AWATER": 3869208832 }, "geometry": { "type": "MultiLineString", "coordinates": [ [ [ -111.466662, 48.892565 ], [ -111.489335, 48.879284 ], [ -111.499673, 48.871611 ] ] ] } },
{ "type": "Feature", "properties": { "TYPEPIPE": "Intrastate", "Operator": "Northwestern Energy Co", "Status": "Operating", "Shape_Leng": 0.09274538279, "STATEFP": "30", "STATENS": "00767982", "AFFGEOID": "0400000US30", "GEOID": "30", "STUSPS": "MT", "NAME": "Montana", "LSAD": "00", "ALAND": 376962738765, "AWATER": 3869208832 }, "geometry": { "type": "MultiLineString", "coordinates": [ [ [ -111.366887, 48.758668 ], [ -111.374451, 48.766019 ], [ -111.415466, 48.807733 ], [ -111.432418, 48.824292 ] ] ] } },
{ "type": "Feature", "properties": { "TYPEPIPE": "Intrastate", "Operator": "Northwestern Energy Co", "Status": "Operating", "Shape_Leng": 0.06471602523, "STATEFP": "30", "STATENS": "00767982", "AFFGEOID": "0400000US30", "GEOID": "30", "STUSPS": "MT", "NAME": "Montana", "LSAD": "00", "ALAND": 376962738765, "AWATER": 3869208832 }, "geometry": { "type": "MultiLineString", "coordinates": [ [ [ -111.432418, 48.824292 ], [ -111.443456, 48.839952 ], [ -111.457165, 48.854324 ], [ -111.464919, 48.862569 ], [ -111.467223, 48.867655 ], [ -111.475583, 48.870381 ] ] ] } },
{ "type": "Feature", "properties": { "TYPEPIPE": "Intrastate", "Operator": "Northwestern Energy Co", "Status": "Operating", "Shape_Leng": 0.0634593161, "STATEFP": "30", "STATENS": "00767982", "AFFGEOID": "0400000US30", "GEOID": "30", "STUSPS": "MT", "NAME": "Montana", "LSAD": "00", "ALAND": 376962738765, "AWATER": 3869208832 }, "geometry": { "type": "MultiLineString", "coordinates": [ [ [ -111.366887, 48.758668 ], [ -111.367633, 48.760945 ], [ -111.410371, 48.804559 ] ] ] } },
{ "type": "Feature", "properties": { "TYPEPIPE": "Intrastate", "Operator": "Northwestern Energy Co", "Status": "Operating", "Shape_Leng": 0.02504741204, "STATEFP": "30", "STATENS": "00767982", "AFFGEOID": "0400000US30", "GEOID": "30", "STUSPS": "MT", "NAME": "Montana", "LSAD": "00", "ALAND": 376962738765, "AWATER": 3869208832 }, "geometry": { "type": "MultiLineString", "coordinates": [ [ [ -111.472507, 48.747376 ], [ -111.473518, 48.772403 ] ] ] } },
{ "type": "Feature", "properties": { "TYPEPIPE": "Intrastate", "Operator": "Northwestern Energy Co", "Status": "Operating", "Shape_Leng": 0.00863711155, "STATEFP": "30", "STATENS": "00767982", "AFFGEOID": "0400000US30", "GEOID": "30", "STUSPS": "MT", "NAME": "Montana", "LSAD": "00", "ALAND": 376962738765, "AWATER": 3869208832 }, "geometry": { "type": "MultiLineString", "coordinates": [ [ [ -111.570143, 48.676107 ], [ -111.574363, 48.683643 ] ] ] } },
{ "type": "Feature", "properties": { "TYPEPIPE": "Intrastate", "Operator": "Northwestern Energy Co", "Status": "Operating", "Shape_Leng": 0.01484819592, "STATEFP": "30", "STATENS": "00767982", "AFFGEOID": "0400000US30", "GEOID": "30", "STUSPS": "MT", "NAME": "Montana", "LSAD": "00", "ALAND": 376962738765, "AWATER": 3869208832 }, "geometry": { "type": "MultiLineString", "coordinates": [ [ [ -111.570143, 48.676107 ], [ -111.565314, 48.662066 ] ] ] } },
{ "type": "Feature", "properties": { "TYPEPIPE": "Intrastate", "Operator": "Northwestern Energy Co", "Status": "Operating", "Shape_Leng": 0.0554393944, "STATEFP": "30", "STATENS": "00767982", "AFFGEOID": "0400000US30", "GEOID": "30", "STUSPS": "MT", "NAME": "Montana", "LSAD": "00", "ALAND": 376962738765, "AWATER": 3869208832 }, "geometry": { "type": "MultiLineString", "coordinates": [ [ [ -111.366887, 48.758668 ], [ -111.372966, 48.756992 ], [ -111.420428, 48.744285 ] ] ] } },
{ "type": "Feature", "properties": { "TYPEPIPE": "Intrastate", "Operator": "Northwestern Energy Co", "Status": "Operating", "Shape_Leng": 0.01587629157, "STATEFP": "30", "STATENS": "00767982", "AFFGEOID": "0400000US30", "GEOID": "30", "STUSPS": "MT", "NAME": "Montana", "LSAD": "00", "ALAND": 376962738765, "AWATER": 3869208832 }, "geometry": { "type": "MultiLineString", "coordinates": [ [ [ -111.420428, 48.744285 ], [ -111.420011, 48.739882 ], [ -111.431062, 48.736872 ] ] ] } },
{ "type": "Feature", "properties": { "TYPEPIPE": "Intrastate", "Operator": "Northwestern Energy Co", "Status": "Operating", "Shape_Leng": 0.02743767089, "STATEFP": "30", "STATENS": "00767982", "AFFGEOID": "0400000US30", "GEOID": "30", "STUSPS": "MT", "NAME": "Montana", "LSAD": "00", "ALAND": 376962738765, "AWATER": 3869208832 }, "geometry": { "type": "MultiLineString", "coordinates": [ [ [ -111.420428, 48.744285 ], [ -111.424802, 48.744404 ], [ -111.436779, 48.744904 ], [ -111.442406, 48.746959 ], [ -111.447479, 48.747295 ] ] ] } },
{ "type": "Feature", "properties": { "TYPEPIPE": "Intrastate", "Operator": "Northwestern Energy Co", "Status": "Operating", "Shape_Leng": 0.00888034419, "STATEFP": "30", "STATENS": "00767982", "AFFGEOID": "0400000US30", "GEOID": "30", "STUSPS": "MT", "NAME": "Montana", "LSAD": "00", "ALAND": 376962738765, "AWATER": 3869208832 }, "geometry": { "type": "MultiLineString", "coordinates": [ [ [ -111.41852, 48.738863 ], [ -111.410568, 48.73491 ] ] ] } },
{ "type": "Feature", "properties": { "TYPEPIPE": "Intrastate", "Operator": "Northwestern Energy Co", "Status": "Operating", "Shape_Leng": 0.0499298509, "STATEFP": "30", "STATENS": "00767982", "AFFGEOID": "0400000US30", "GEOID": "30", "STUSPS": "MT", "NAME": "Montana", "LSAD": "00", "ALAND": 376962738765, "AWATER": 3869208832 }, "geometry": { "type": "MultiLineString", "coordinates": [ [ [ -111.49044, 48.747543 ], [ -111.508493, 48.747884 ], [ -111.540172, 48.751401 ] ] ] } },
{ "type": "Feature", "properties": { "TYPEPIPE": "Intrastate", "Operator": "Northwestern Energy Co", "Status": "Operating", "Shape_Leng": 0.00468553145, "STATEFP": "30", "STATENS": "00767982", "AFFGEOID": "0400000US30", "GEOID": "30", "STUSPS": "MT", "NAME": "Montana", "LSAD": "00", "ALAND": 376962738765, "AWATER": 3869208832 }, "geometry": { "type": "MultiLineString", "coordinates": [ [ [ -111.49044, 48.747543 ], [ -111.490594, 48.74286 ] ] ] } },
{ "type": "Feature", "properties": { "TYPEPIPE": "Intrastate", "Operator": "Northwestern Energy Co", "Status": "Operating", "Shape_Leng": 0.02502813107, "STATEFP": "30", "STATENS": "00767982", "AFFGEOID": "0400000US30", "GEOID": "30", "STUSPS": "MT", "NAME": "Montana", "LSAD": "00", "ALAND": 376962738765, "AWATER": 3869208832 }, "geometry": { "type": "MultiLineString", "coordinates": [ [ [ -111.447479, 48.747295 ], [ -111.472507, 48.747376 ] ] ] } },
{ "type": "Feature", "properties": { "TYPEPIPE": "Intrastate", "Operator": "Northwestern Energy Co", "Status": "Operating", "Shape_Leng": 0.05076453504, "STATEFP": "30", "STATENS": "00767982", "AFFGEOID": "0400000US30", "GEOID": "30", "STUSPS": "MT", "NAME": "Montana", "LSAD": "00", "ALAND": 376962738765, "AWATER": 3869208832 }, "geometry": { "type": "MultiLineString", "coordinates": [ [ [ -111.47347, 48.714224 ], [ -111.485796, 48.713305 ], [ -111.489323, 48.714016 ], [ -111.510534, 48.725921 ], [ -111.510813, 48.726525 ], [ -111.509105, 48.72731 ], [ -111.504126, 48.733492 ] ] ] } },
{ "type": "Feature", "properties": { "TYPEPIPE": "Intrastate", "Operator": "Northwestern Energy Co", "Status": "Operating", "Shape_Leng": 0.10106335933, "STATEFP": "30", "STATENS": "00767982", "AFFGEOID": "0400000US30", "GEOID": "30", "STUSPS": "MT", "NAME": "Montana", "LSAD": "00", "ALAND": 376962738765, "AWATER": 3869208832 }, "geometry": { "type": "MultiLineString", "coordinates": [ [ [ -111.475054, 48.69623 ], [ -111.475808, 48.690839 ], [ -111.508679, 48.683253 ], [ -111.516345, 48.682668 ], [ -111.570143, 48.676107 ] ] ] } },
{ "type": "Feature", "properties": { "TYPEPIPE": "Intrastate", "Operator": "Northwestern Energy Co", "Status": "Operating", "Shape_Leng": 0.00992756254, "STATEFP": "30", "STATENS": "00767982", "AFFGEOID": "0400000US30", "GEOID": "30", "STUSPS": "MT", "NAME": "Montana", "LSAD": "00", "ALAND": 376962738765, "AWATER": 3869208832 }, "geometry": { "type": "MultiLineString", "coordinates": [ [ [ -111.473761, 48.706073 ], [ -111.475054, 48.69623 ] ] ] } },
{ "type": "Feature", "properties": { "TYPEPIPE": "Intrastate", "Operator": "Northwestern Energy Co", "Status": "Operating", "Shape_Leng": 0.00699660275, "STATEFP": "30", "STATENS": "00767982", "AFFGEOID": "0400000US30", "GEOID": "30", "STUSPS": "MT", "NAME": "Montana", "LSAD": "00", "ALAND": 376962738765, "AWATER": 3869208832 }, "geometry": { "type": "MultiLineString", "coordinates": [ [ [ -111.473761, 48.706073 ], [ -111.46719, 48.70367 ] ] ] } },
{ "type": "Feature", "properties": { "TYPEPIPE": "Intrastate", "Operator": "Northwestern Energy Co", "Status": "Operating", "Shape_Leng": 0.00134010783, "STATEFP": "30", "STATENS": "00767982", "AFFGEOID": "0400000US30", "GEOID": "30", "STUSPS": "MT", "NAME": "Montana", "LSAD": "00", "ALAND": 376962738765, "AWATER": 3869208832 }, "geometry": { "type": "MultiLineString", "coordinates": [ [ [ -111.47347, 48.714224 ], [ -111.473487, 48.712884 ] ] ] } },
{ "type": "Feature", "properties": { "TYPEPIPE": "Intrastate", "Operator": "Northwestern Energy Co", "Status": "Operating", "Shape_Leng": 0.00681650915, "STATEFP": "30", "STATENS": "00767982", "AFFGEOID": "0400000US30", "GEOID": "30", "STUSPS": "MT", "NAME": "Montana", "LSAD": "00", "ALAND": 376962738765, "AWATER": 3869208832 }, "geometry": { "type": "MultiLineString", "coordinates": [ [ [ -111.473487, 48.712884 ], [ -111.473761, 48.706073 ] ] ] } },
{ "type": "Feature", "properties": { "TYPEPIPE": "Intrastate", "Operator": "Northwestern Energy Co", "Status": "Operating", "Shape_Leng": 0.00615137383, "STATEFP": "30", "STATENS": "00767982", "AFFGEOID": "0400000US30", "GEOID": "30", "STUSPS": "MT", "NAME": "Montana", "LSAD": "00", "ALAND": 376962738765, "AWATER": 3869208832 }, "geometry": { "type": "MultiLineString", "coordinates": [ [ [ -111.473487, 48.712884 ], [ -111.467337, 48.713014 ] ] ] } },
{ "type": "Feature", "properties": { "TYPEPIPE": "Intrastate", "Operator": "Northwestern Energy Co", "Status": "Operating", "Shape_Leng": 0.01392207933, "STATEFP": "30", "STATENS": "00767982", "AFFGEOID": "0400000US30", "GEOID": "30", "STUSPS": "MT", "NAME": "Montana", "LSAD": "00", "ALAND": 376962738765, "AWATER": 3869208832 }, "geometry": { "type": "MultiLineString", "coordinates": [ [ [ -111.473807, 48.728142 ], [ -111.47347, 48.714224 ] ] ] } },
{ "type": "Feature", "properties": { "TYPEPIPE": "Intrastate", "Operator": "Northwestern Energy Co", "Status": "Operating", "Shape_Leng": 0.0014522152, "STATEFP": "30", "STATENS": "00767982", "AFFGEOID": "0400000US30", "GEOID": "30", "STUSPS": "MT", "NAME": "Montana", "LSAD": "00", "ALAND": 376962738765, "AWATER": 3869208832 }, "geometry": { "type": "MultiLineString", "coordinates": [ [ [ -111.473807, 48.728142 ], [ -111.475259, 48.728167 ] ] ] } },
{ "type": "Feature", "properties": { "TYPEPIPE": "Intrastate", "Operator": "Northwestern Energy Co", "Status": "Operating", "Shape_Leng": 0.00111414766, "STATEFP": "30", "STATENS": "00767982", "AFFGEOID": "0400000US30", "GEOID": "30", "STUSPS": "MT", "NAME": "Montana", "LSAD": "00", "ALAND": 376962738765, "AWATER": 3869208832 }, "geometry": { "type": "MultiLineString", "coordinates": [ [ [ -111.472507, 48.747376 ], [ -111.473614, 48.74725 ] ] ] } },
{ "type": "Feature", "properties": { "TYPEPIPE": "Intrastate", "Operator": "Northwestern Energy Co", "Status": "Operating", "Shape_Leng": 0.01682855089, "STATEFP": "30", "STATENS": "00767982", "AFFGEOID": "0400000US30", "GEOID": "30", "STUSPS": "MT", "NAME": "Montana", "LSAD": "00", "ALAND": 376962738765, "AWATER": 3869208832 }, "geometry": { "type": "MultiLineString", "coordinates": [ [ [ -111.473614, 48.74725 ], [ -111.49044, 48.747543 ] ] ] } },
{ "type": "Feature", "properties": { "TYPEPIPE": "Intrastate", "Operator": "Northwestern Energy Co", "Status": "Operating", "Shape_Leng": 0.01910897467, "STATEFP": "30", "STATENS": "00767982", "AFFGEOID": "0400000US30", "GEOID": "30", "STUSPS": "MT", "NAME": "Montana", "LSAD": "00", "ALAND": 376962738765, "AWATER": 3869208832 }, "geometry": { "type": "MultiLineString", "coordinates": [ [ [ -111.473614, 48.74725 ], [ -111.473807, 48.728142 ] ] ] } },
{ "type": "Feature", "properties": { "TYPEPIPE": "Intrastate", "Operator": "Northwestern Energy Co", "Status": "Operating", "Shape_Leng": 0.04213705116, "STATEFP": "30", "STATENS": "00767982", "AFFGEOID": "0400000US30", "GEOID": "30", "STUSPS": "MT", "NAME": "Montana", "LSAD": "00", "ALAND": 376962738765, "AWATER": 3869208832 }, "geometry": { "type": "MultiLineString", "coordinates": [ [ [ -111.43695, 48.671075 ], [ -111.418217, 48.666026 ], [ -111.396533, 48.665348 ], [ -111.395591, 48.665791 ] ] ] } },
{ "type": "Feature", "properties": { "TYPEPIPE": "Intrastate", "Operator": "Northwestern Energy Co", "Status": "Operating", "Shape_Leng": 0.01142852151, "STATEFP": "30", "STATENS": "00767982", "AFFGEOID": "0400000US30", "GEOID": "30", "STUSPS": "MT", "NAME": "Montana", "LSAD": "00", "ALAND": 376962738765, "AWATER": 3869208832 }, "geometry": { "type": "MultiLineString", "coordinates": [ [ [ -111.459202, 48.676576 ], [ -111.453854, 48.666476 ] ] ] } },
{ "type": "Feature", "properties": { "TYPEPIPE": "Intrastate", "Operator": "Northwestern Energy Co", "Status": "Operating", "Shape_Leng": 0.14326187857, "STATEFP": "30", "STATENS": "00767982", "AFFGEOID": "0400000US30", "GEOID": "30", "STUSPS": "MT", "NAME": "Montana", "LSAD": "00", "ALAND": 376962738765, "AWATER": 3869208832 }, "geometry": { "type": "MultiLineString", "coordinates": [ [ [ -111.366887, 48.758668 ], [ -111.364234, 48.757256 ], [ -111.275377, 48.726749 ], [ -111.23166, 48.711475 ] ] ] } },
{ "type": "Feature", "properties": { "TYPEPIPE": "Intrastate", "Operator": "Northwestern Energy Co", "Status": "Operating", "Shape_Leng": 0.13879890519, "STATEFP": "30", "STATENS": "00767982", "AFFGEOID": "0400000US30", "GEOID": "30", "STUSPS": "MT", "NAME": "Montana", "LSAD": "00", "ALAND": 376962738765, "AWATER": 3869208832 }, "geometry": { "type": "MultiLineString", "coordinates": [ [ [ -111.366887, 48.758668 ], [ -111.368704, 48.75679 ], [ -111.372829, 48.751644 ], [ -111.380744, 48.741661 ], [ -111.382551, 48.741839 ], [ -111.382627, 48.739481 ], [ -111.415611, 48.700176 ], [ -111.412238, 48.698928 ], [ -111.412983, 48.696003 ], [ -111.418724, 48.69595 ], [ -111.43695, 48.671075 ], [ -111.447979, 48.656634 ] ] ] } },
{ "type": "Feature", "properties": { "TYPEPIPE": "Intrastate", "Operator": "Northwestern Energy Co", "Status": "Operating", "Shape_Leng": 0.02572393665, "STATEFP": "30", "STATENS": "00767982", "AFFGEOID": "0400000US30", "GEOID": "30", "STUSPS": "MT", "NAME": "Montana", "LSAD": "00", "ALAND": 376962738765, "AWATER": 3869208832 }, "geometry": { "type": "MultiLineString", "coordinates": [ [ [ -111.475054, 48.69623 ], [ -111.466878, 48.693601 ], [ -111.459987, 48.677912 ] ] ] } },
{ "type": "Feature", "properties": { "TYPEPIPE": "Intrastate", "Operator": "Northwestern Energy Co", "Status": "Operating", "Shape_Leng": 0.1737560017, "STATEFP": "30", "STATENS": "00767982", "AFFGEOID": "0400000US30", "GEOID": "30", "STUSPS": "MT", "NAME": "Montana", "LSAD": "00", "ALAND": 376962738765, "AWATER": 3869208832 }, "geometry": { "type": "MultiLineString", "coordinates": [ [ [ -111.447979, 48.656634 ], [ -111.498785, 48.589904 ], [ -111.501397, 48.586437 ], [ -111.547138, 48.527509 ], [ -111.554543, 48.519445 ] ] ] } },
{ "type": "Feature", "properties": { "TYPEPIPE": "Intrastate", "Operator": "Northwestern Energy Co", "Status": "Operating", "Shape_Leng": 0.00956119239, "STATEFP": "30", "STATENS": "00767982", "AFFGEOID": "0400000US30", "GEOID": "30", "STUSPS": "MT", "NAME": "Montana", "LSAD": "00", "ALAND": 376962738765, "AWATER": 3869208832 }, "geometry": { "type": "MultiLineString", "coordinates": [ [ [ -111.468979, 48.958671 ], [ -111.459451, 48.959467 ] ] ] } },
{ "type": "Feature", "properties": { "TYPEPIPE": "Intrastate", "Operator": "Northwestern Energy Co", "Status": "Operating", "Shape_Leng": 0.01175837528, "STATEFP": "30", "STATENS": "00767982", "AFFGEOID": "0400000US30", "GEOID": "30", "STUSPS": "MT", "NAME": "Montana", "LSAD": "00", "ALAND": 376962738765, "AWATER": 3869208832 }, "geometry": { "type": "MultiLineString", "coordinates": [ [ [ -111.443545, 48.941603 ], [ -111.447229, 48.939 ], [ -111.447139, 48.931753 ] ] ] } },
{ "type": "Feature", "properties": { "TYPEPIPE": "Intrastate", "Operator": "Northwestern Energy Co", "Status": "Operating", "Shape_Leng": 0.00446269381, "STATEFP": "30", "STATENS": "00767982", "AFFGEOID": "0400000US30", "GEOID": "30", "STUSPS": "MT", "NAME": "Montana", "LSAD": "00", "ALAND": 376962738765, "AWATER": 3869208832 }, "geometry": { "type": "MultiLineString", "coordinates": [ [ [ -111.457474, 48.943898 ], [ -111.458668, 48.948198 ] ] ] } },
{ "type": "Feature", "properties": { "TYPEPIPE": "Intrastate", "Operator": "Northwestern Energy Co", "Status": "Operating", "Shape_Leng": 0.00619427881, "STATEFP": "30", "STATENS": "00767982", "AFFGEOID": "0400000US30", "GEOID": "30", "STUSPS": "MT", "NAME": "Montana", "LSAD": "00", "ALAND": 376962738765, "AWATER": 3869208832 }, "geometry": { "type": "MultiLineString", "coordinates": [ [ [ -111.45882, 48.943892 ], [ -111.461141, 48.938149 ] ] ] } },
{ "type": "Feature", "properties": { "TYPEPIPE": "Intrastate", "Operator": "Northwestern Energy Co", "Status": "Operating", "Shape_Leng": 0.03119699179, "STATEFP": "30", "STATENS": "00767982", "AFFGEOID": "0400000US30", "GEOID": "30", "STUSPS": "MT", "NAME": "Montana", "LSAD": "00", "ALAND": 376962738765, "AWATER": 3869208832 }, "geometry": { "type": "MultiLineString", "coordinates": [ [ [ -111.463227, 48.944928 ], [ -111.468468, 48.941322 ], [ -111.471325, 48.931368 ], [ -111.485089, 48.926873 ] ] ] } },
{ "type": "Feature", "properties": { "TYPEPIPE": "Intrastate", "Operator": "Northwestern Energy Co", "Status": "Operating", "Shape_Leng": 0.00336521455, "STATEFP": "30", "STATENS": "00767982", "AFFGEOID": "0400000US30", "GEOID": "30", "STUSPS": "MT", "NAME": "Montana", "LSAD": "00", "ALAND": 376962738765, "AWATER": 3869208832 }, "geometry": { "type": "MultiLineString", "coordinates": [ [ [ -111.47116, 48.980949 ], [ -111.474515, 48.981211 ] ] ] } },
{ "type": "Feature", "properties": { "TYPEPIPE": "Intrastate", "Operator": "Northwestern Energy Co", "Status": "Operating", "Shape_Leng": 0.00365631358, "STATEFP": "30", "STATENS": "00767982", "AFFGEOID": "0400000US30", "GEOID": "30", "STUSPS": "MT", "NAME": "Montana", "LSAD": "00", "ALAND": 376962738765, "AWATER": 3869208832 }, "geometry": { "type": "MultiLineString", "coordinates": [ [ [ -111.471048, 48.968562 ], [ -111.474703, 48.968464 ] ] ] } },
{ "type": "Feature", "properties": { "TYPEPIPE": "Intrastate", "Operator": "Northwestern Energy Co", "Status": "Operating", "Shape_Leng": 0.00786627618, "STATEFP": "30", "STATENS": "00767982", "AFFGEOID": "0400000US30", "GEOID": "30", "STUSPS": "MT", "NAME": "Montana", "LSAD": "00", "ALAND": 376962738765, "AWATER": 3869208832 }, "geometry": { "type": "MultiLineString", "coordinates": [ [ [ -111.468814, 48.945395 ], [ -111.469304, 48.953246 ] ] ] } },
{ "type": "Feature", "properties": { "TYPEPIPE": "Intrastate", "Operator": "Northwestern Energy Co", "Status": "Operating", "Shape_Leng": 0.00350116124, "STATEFP": "30", "STATENS": "00767982", "AFFGEOID": "0400000US30", "GEOID": "30", "STUSPS": "MT", "NAME": "Montana", "LSAD": "00", "ALAND": 376962738765, "AWATER": 3869208832 }, "geometry": { "type": "MultiLineString", "coordinates": [ [ [ -111.469304, 48.953246 ], [ -111.472803, 48.953123 ] ] ] } },
{ "type": "Feature", "properties": { "TYPEPIPE": "Intrastate", "Operator": "Northwestern Energy Co", "Status": "Operating", "Shape_Leng": 0.01382721036, "STATEFP": "30", "STATENS": "00767982", "AFFGEOID": "0400000US30", "GEOID": "30", "STUSPS": "MT", "NAME": "Montana", "LSAD": "00", "ALAND": 376962738765, "AWATER": 3869208832 }, "geometry": { "type": "MultiLineString", "coordinates": [ [ [ -111.320611, 48.978027 ], [ -111.321309, 48.97587 ], [ -111.321067, 48.975214 ], [ -111.321523, 48.97483 ], [ -111.322524, 48.974849 ], [ -111.323438, 48.97411 ], [ -111.324536, 48.973039 ], [ -111.330063, 48.969516 ] ] ] } },
{ "type": "Feature", "properties": { "TYPEPIPE": "Intrastate", "Operator": "Northwestern Energy Co", "Status": "Operating", "Shape_Leng": 0.00518790131, "STATEFP": "30", "STATENS": "00767982", "AFFGEOID": "0400000US30", "GEOID": "30", "STUSPS": "MT", "NAME": "Montana", "LSAD": "00", "ALAND": 376962738765, "AWATER": 3869208832 }, "geometry": { "type": "MultiLineString", "coordinates": [ [ [ -111.335505, 48.980155 ], [ -111.338517, 48.975931 ] ] ] } },
{ "type": "Feature", "properties": { "TYPEPIPE": "Intrastate", "Operator": "Northwestern Energy Co", "Status": "Operating", "Shape_Leng": 0.00473201881, "STATEFP": "30", "STATENS": "00767982", "AFFGEOID": "0400000US30", "GEOID": "30", "STUSPS": "MT", "NAME": "Montana", "LSAD": "00", "ALAND": 376962738765, "AWATER": 3869208832 }, "geometry": { "type": "MultiLineString", "coordinates": [ [ [ -111.346453, 48.988305 ], [ -111.349592, 48.984764 ] ] ] } },
{ "type": "Feature", "properties": { "TYPEPIPE": "Intrastate", "Operator": "Northwestern Energy Co", "Status": "Operating", "Shape_Leng": 0.0226950839, "STATEFP": "30", "STATENS": "00767982", "AFFGEOID": "0400000US30", "GEOID": "30", "STUSPS": "MT", "NAME": "Montana", "LSAD": "00", "ALAND": 376962738765, "AWATER": 3869208832 }, "geometry": { "type": "MultiLineString", "coordinates": [ [ [ -111.357801, 48.95898 ], [ -111.368978, 48.978732 ] ] ] } },
{ "type": "Feature", "properties": { "TYPEPIPE": "Intrastate", "Operator": "Northwestern Energy Co", "Status": "Operating", "Shape_Leng": 0.00384816541, "STATEFP": "30", "STATENS": "00767982", "AFFGEOID": "0400000US30", "GEOID": "30", "STUSPS": "MT", "NAME": "Montana", "LSAD": "00", "ALAND": 376962738765, "AWATER": 3869208832 }, "geometry": { "type": "MultiLineString", "coordinates": [ [ [ -111.479634, 48.872002 ], [ -111.47641, 48.874103 ] ] ] } },
{ "type": "Feature", "properties": { "TYPEPIPE": "Intrastate", "Operator": "Northwestern Energy Co", "Status": "Operating", "Shape_Leng": 0.03599810712, "STATEFP": "30", "STATENS": "00767982", "AFFGEOID": "0400000US30", "GEOID": "30", "STUSPS": "MT", "NAME": "Montana", "LSAD": "00", "ALAND": 376962738765, "AWATER": 3869208832 }, "geometry": { "type": "MultiLineString", "coordinates": [ [ [ -111.475583, 48.870381 ], [ -111.476066, 48.870025 ], [ -111.504754, 48.890762 ] ] ] } },
{ "type": "Feature", "properties": { "TYPEPIPE": "Intrastate", "Operator": "Northwestern Energy Co", "Status": "Operating", "Shape_Leng": 0.01635008736, "STATEFP": "30", "STATENS": "00767982", "AFFGEOID": "0400000US30", "GEOID": "30", "STUSPS": "MT", "NAME": "Montana", "LSAD": "00", "ALAND": 376962738765, "AWATER": 3869208832 }, "geometry": { "type": "MultiLineString", "coordinates": [ [ [ -111.34171, 48.912454 ], [ -111.352042, 48.906949 ], [ -111.349671, 48.902957 ] ] ] } },
{ "type": "Feature", "properties": { "TYPEPIPE": "Intrastate", "Operator": "Northwestern Energy Co", "Status": "Operating", "Shape_Leng": 0.00596293862, "STATEFP": "30", "STATENS": "00767982", "AFFGEOID": "0400000US30", "GEOID": "30", "STUSPS": "MT", "NAME": "Montana", "LSAD": "00", "ALAND": 376962738765, "AWATER": 3869208832 }, "geometry": { "type": "MultiLineString", "coordinates": [ [ [ -111.349671, 48.902957 ], [ -111.35517, 48.900651 ] ] ] } },
{ "type": "Feature", "properties": { "TYPEPIPE": "Intrastate", "Operator": "Northwestern Energy Co", "Status": "Operating", "Shape_Leng": 0.02345998941, "STATEFP": "30", "STATENS": "00767982", "AFFGEOID": "0400000US30", "GEOID": "30", "STUSPS": "MT", "NAME": "Montana", "LSAD": "00", "ALAND": 376962738765, "AWATER": 3869208832 }, "geometry": { "type": "MultiLineString", "coordinates": [ [ [ -111.371073, 48.906947 ], [ -111.377575, 48.911978 ], [ -111.391669, 48.917773 ] ] ] } },
{ "type": "Feature", "properties": { "TYPEPIPE": "Intrastate", "Operator": "Northwestern Energy Co", "Status": "Operating", "Shape_Leng": 0.00998091131, "STATEFP": "30", "STATENS": "00767982", "AFFGEOID": "0400000US30", "GEOID": "30", "STUSPS": "MT", "NAME": "Montana", "LSAD": "00", "ALAND": 376962738765, "AWATER": 3869208832 }, "geometry": { "type": "MultiLineString", "coordinates": [ [ [ -111.409725, 48.903402 ], [ -111.407641, 48.902911 ], [ -111.401447, 48.898105 ] ] ] } },
{ "type": "Feature", "properties": { "TYPEPIPE": "Intrastate", "Operator": "Northwestern Energy Co", "Status": "Operating", "Shape_Leng": 0.0137240186, "STATEFP": "30", "STATENS": "00767982", "AFFGEOID": "0400000US30", "GEOID": "30", "STUSPS": "MT", "NAME": "Montana", "LSAD": "00", "ALAND": 376962738765, "AWATER": 3869208832 }, "geometry": { "type": "MultiLineString", "coordinates": [ [ [ -111.391669, 48.917773 ], [ -111.394866, 48.915904 ], [ -111.396478, 48.915719 ], [ -111.397777, 48.915255 ], [ -111.399266, 48.914611 ], [ -111.403792, 48.911672 ] ] ] } },
{ "type": "Feature", "properties": { "TYPEPIPE": "Intrastate", "Operator": "Northwestern Energy Co", "Status": "Operating", "Shape_Leng": 0.01558975374, "STATEFP": "30", "STATENS": "00767982", "AFFGEOID": "0400000US30", "GEOID": "30", "STUSPS": "MT", "NAME": "Montana", "LSAD": "00", "ALAND": 376962738765, "AWATER": 3869208832 }, "geometry": { "type": "MultiLineString", "coordinates": [ [ [ -111.403792, 48.911672 ], [ -111.400132, 48.906679 ], [ -111.395532, 48.90526 ], [ -111.390987, 48.904655 ] ] ] } },
{ "type": "Feature", "properties": { "TYPEPIPE": "Intrastate", "Operator": "Northwestern Energy Co", "Status": "Operating", "Shape_Leng": 0.00522015642, "STATEFP": "30", "STATENS": "00767982", "AFFGEOID": "0400000US30", "GEOID": "30", "STUSPS": "MT", "NAME": "Montana", "LSAD": "00", "ALAND": 376962738765, "AWATER": 3869208832 }, "geometry": { "type": "MultiLineString", "coordinates": [ [ [ -111.419833, 48.894348 ], [ -111.414921, 48.892581 ] ] ] } },
{ "type": "Feature", "properties": { "TYPEPIPE": "Intrastate", "Operator": "Northwestern Energy Co", "Status": "Operating", "Shape_Leng": 0.00485722132, "STATEFP": "30", "STATENS": "00767982", "AFFGEOID": "0400000US30", "GEOID": "30", "STUSPS": "MT", "NAME": "Montana", "LSAD": "00", "ALAND": 376962738765, "AWATER": 3869208832 }, "geometry": { "type": "MultiLineString", "coordinates": [ [ [ -111.414921, 48.892581 ], [ -111.412851, 48.895075 ], [ -111.411235, 48.895058 ] ] ] } },
{ "type": "Feature", "properties": { "TYPEPIPE": "Intrastate", "Operator": "Northwestern Energy Co", "Status": "Operating", "Shape_Leng": 0.00653579444, "STATEFP": "30", "STATENS": "00767982", "AFFGEOID": "0400000US30", "GEOID": "30", "STUSPS": "MT", "NAME": "Montana", "LSAD": "00", "ALAND": 376962738765, "AWATER": 3869208832 }, "geometry": { "type": "MultiLineString", "coordinates": [ [ [ -111.420706, 48.89376 ], [ -111.426746, 48.896257 ] ] ] } },
{ "type": "Feature", "properties": { "TYPEPIPE": "Intrastate", "Operator": "Northwestern Energy Co", "Status": "Operating", "Shape_Leng": 0.00843352655, "STATEFP": "30", "STATENS": "00767982", "AFFGEOID": "0400000US30", "GEOID": "30", "STUSPS": "MT", "NAME": "Montana", "LSAD": "00", "ALAND": 376962738765, "AWATER": 3869208832 }, "geometry": { "type": "MultiLineString", "coordinates": [ [ [ -111.426746, 48.896257 ], [ -111.43274, 48.89171 ], [ -111.43359, 48.892035 ] ] ] } },
{ "type": "Feature", "properties": { "TYPEPIPE": "Intrastate", "Operator": "Northwestern Energy Co", "Status": "Operating", "Shape_Leng": 0.0025599834, "STATEFP": "30", "STATENS": "00767982", "AFFGEOID": "0400000US30", "GEOID": "30", "STUSPS": "MT", "NAME": "Montana", "LSAD": "00", "ALAND": 376962738765, "AWATER": 3869208832 }, "geometry": { "type": "MultiLineString", "coordinates": [ [ [ -111.439211, 48.901248 ], [ -111.437963, 48.902373 ], [ -111.437121, 48.902628 ] ] ] } },
{ "type": "Feature", "properties": { "TYPEPIPE": "Intrastate", "Operator": "Northwestern Energy Co", "Status": "Operating", "Shape_Leng": 0.00161341935, "STATEFP": "30", "STATENS": "00767982", "AFFGEOID": "0400000US30", "GEOID": "30", "STUSPS": "MT", "NAME": "Montana", "LSAD": "00", "ALAND": 376962738765, "AWATER": 3869208832 }, "geometry": { "type": "MultiLineString", "coordinates": [ [ [ -111.437121, 48.902628 ], [ -111.435612, 48.902057 ] ] ] } },
{ "type": "Feature", "properties": { "TYPEPIPE": "Intrastate", "Operator": "Northwestern Energy Co", "Status": "Operating", "Shape_Leng": 0.00401890035, "STATEFP": "30", "STATENS": "00767982", "AFFGEOID": "0400000US30", "GEOID": "30", "STUSPS": "MT", "NAME": "Montana", "LSAD": "00", "ALAND": 376962738765, "AWATER": 3869208832 }, "geometry": { "type": "MultiLineString", "coordinates": [ [ [ -111.444849, 48.902683 ], [ -111.448795, 48.901921 ] ] ] } },
{ "type": "Feature", "properties": { "TYPEPIPE": "Intrastate", "Operator": "Northwestern Energy Co", "Status": "Operating", "Shape_Leng": 0.04424900799, "STATEFP": "30", "STATENS": "00767982", "AFFGEOID": "0400000US30", "GEOID": "30", "STUSPS": "MT", "NAME": "Montana", "LSAD": "00", "ALAND": 376962738765, "AWATER": 3869208832 }, "geometry": { "type": "MultiLineString", "coordinates": [ [ [ -111.443599, 48.905908 ], [ -111.444612, 48.906585 ], [ -111.445036, 48.906709 ], [ -111.445802, 48.906504 ], [ -111.449472, 48.907518 ], [ -111.45122, 48.908546 ], [ -111.45261, 48.908842 ], [ -111.461131, 48.908027 ], [ -111.463483, 48.908416 ], [ -111.46597, 48.907767 ], [ -111.476515, 48.910436 ], [ -111.485177, 48.911062 ], [ -111.486534, 48.911609 ] ] ] } },
{ "type": "Feature", "properties": { "TYPEPIPE": "Intrastate", "Operator": "Northwestern Energy Co", "Status": "Operating", "Shape_Leng": 0.00290421573, "STATEFP": "30", "STATENS": "00767982", "AFFGEOID": "0400000US30", "GEOID": "30", "STUSPS": "MT", "NAME": "Montana", "LSAD": "00", "ALAND": 376962738765, "AWATER": 3869208832 }, "geometry": { "type": "MultiLineString", "coordinates": [ [ [ -111.416352, 48.926445 ], [ -111.413462, 48.926158 ] ] ] } },
{ "type": "Feature", "properties": { "TYPEPIPE": "Intrastate", "Operator": "Northwestern Energy Co", "Status": "Operating", "Shape_Leng": 0.06221143595, "STATEFP": "30", "STATENS": "00767982", "AFFGEOID": "0400000US30", "GEOID": "30", "STUSPS": "MT", "NAME": "Montana", "LSAD": "00", "ALAND": 376962738765, "AWATER": 3869208832 }, "geometry": { "type": "MultiLineString", "coordinates": [ [ [ -110.669093, 48.907829 ], [ -110.679562, 48.911659 ], [ -110.682711, 48.911201 ], [ -110.685559, 48.912283 ], [ -110.688673, 48.912071 ], [ -110.690748, 48.911565 ], [ -110.692476, 48.911206 ], [ -110.697855, 48.910914 ], [ -110.706269, 48.909958 ], [ -110.727363, 48.90808 ], [ -110.730051, 48.907368 ] ] ] } },
{ "type": "Feature", "properties": { "TYPEPIPE": "Intrastate", "Operator": "Northwestern Energy Co", "Status": "Operating", "Shape_Leng": 0.06783841791, "STATEFP": "30", "STATENS": "00767982", "AFFGEOID": "0400000US30", "GEOID": "30", "STUSPS": "MT", "NAME": "Montana", "LSAD": "00", "ALAND": 376962738765, "AWATER": 3869208832 }, "geometry": { "type": "MultiLineString", "coordinates": [ [ [ -110.730051, 48.907368 ], [ -110.729965, 48.91406 ], [ -110.727695, 48.92213 ], [ -110.727392, 48.948599 ], [ -110.727319, 48.949966 ], [ -110.735944, 48.959732 ], [ -110.746283, 48.965611 ] ] ] } },
{ "type": "Feature", "properties": { "TYPEPIPE": "Intrastate", "Operator": "Northwestern Energy Co", "Status": "Operating", "Shape_Leng": 0.07647734306, "STATEFP": "30", "STATENS": "00767982", "AFFGEOID": "0400000US30", "GEOID": "30", "STUSPS": "MT", "NAME": "Montana", "LSAD": "00", "ALAND": 376962738765, "AWATER": 3869208832 }, "geometry": { "type": "MultiLineString", "coordinates": [ [ [ -110.730051, 48.907368 ], [ -110.804226, 48.888744 ] ] ] } },
{ "type": "Feature", "properties": { "TYPEPIPE": "Intrastate", "Operator": "Northwestern Energy Co", "Status": "Operating", "Shape_Leng": 0.00667482322, "STATEFP": "30", "STATENS": "00767982", "AFFGEOID": "0400000US30", "GEOID": "30", "STUSPS": "MT", "NAME": "Montana", "LSAD": "00", "ALAND": 376962738765, "AWATER": 3869208832 }, "geometry": { "type": "MultiLineString", "coordinates": [ [ [ -110.816025, 48.872516 ], [ -110.812146, 48.877948 ] ] ] } },
{ "type": "Feature", "properties": { "TYPEPIPE": "Intrastate", "Operator": "Northwestern Energy Co", "Status": "Operating", "Shape_Leng": 0.01753565796, "STATEFP": "30", "STATENS": "00767982", "AFFGEOID": "0400000US30", "GEOID": "30", "STUSPS": "MT", "NAME": "Montana", "LSAD": "00", "ALAND": 376962738765, "AWATER": 3869208832 }, "geometry": { "type": "MultiLineString", "coordinates": [ [ [ -110.816025, 48.872516 ], [ -110.799569, 48.866458 ] ] ] } },
{ "type": "Feature", "properties": { "TYPEPIPE": "Intrastate", "Operator": "Northwestern Energy Co", "Status": "Operating", "Shape_Leng": 0.02395075565, "STATEFP": "30", "STATENS": "00767982", "AFFGEOID": "0400000US30", "GEOID": "30", "STUSPS": "MT", "NAME": "Montana", "LSAD": "00", "ALAND": 376962738765, "AWATER": 3869208832 }, "geometry": { "type": "MultiLineString", "coordinates": [ [ [ -110.799569, 48.866458 ], [ -110.787563, 48.862131 ], [ -110.779913, 48.853966 ] ] ] } },
{ "type": "Feature", "properties": { "TYPEPIPE": "Intrastate", "Operator": "Northwestern Energy Co", "Status": "Operating", "Shape_Leng": 0.0240461262, "STATEFP": "30", "STATENS": "00767982", "AFFGEOID": "0400000US30", "GEOID": "30", "STUSPS": "MT", "NAME": "Montana", "LSAD": "00", "ALAND": 376962738765, "AWATER": 3869208832 }, "geometry": { "type": "MultiLineString", "coordinates": [ [ [ -110.799569, 48.866458 ], [ -110.79065, 48.871655 ], [ -110.782762, 48.882885 ] ] ] } },
{ "type": "Feature", "properties": { "TYPEPIPE": "Intrastate", "Operator": "Northwestern Energy Co", "Status": "Operating", "Shape_Leng": 0.02410612048, "STATEFP": "30", "STATENS": "00767982", "AFFGEOID": "0400000US30", "GEOID": "30", "STUSPS": "MT", "NAME": "Montana", "LSAD": "00", "ALAND": 376962738765, "AWATER": 3869208832 }, "geometry": { "type": "MultiLineString", "coordinates": [ [ [ -110.843012, 48.954175 ], [ -110.843975, 48.954243 ], [ -110.844386, 48.962294 ], [ -110.843605, 48.977353 ] ] ] } },
{ "type": "Feature", "properties": { "TYPEPIPE": "Intrastate", "Operator": "Northwestern Energy Co", "Status": "Operating", "Shape_Leng": 0.01137974253, "STATEFP": "30", "STATENS": "00767982", "AFFGEOID": "0400000US30", "GEOID": "30", "STUSPS": "MT", "NAME": "Montana", "LSAD": "00", "ALAND": 376962738765, "AWATER": 3869208832 }, "geometry": { "type": "MultiLineString", "coordinates": [ [ [ -110.888575, 48.968818 ], [ -110.888726, 48.972035 ], [ -110.892367, 48.974589 ], [ -110.891875, 48.978268 ] ] ] } },
{ "type": "Feature", "properties": { "TYPEPIPE": "Intrastate", "Operator": "Northwestern Energy Co", "Status": "Operating", "Shape_Leng": 0.02421806923, "STATEFP": "30", "STATENS": "00767982", "AFFGEOID": "0400000US30", "GEOID": "30", "STUSPS": "MT", "NAME": "Montana", "LSAD": "00", "ALAND": 376962738765, "AWATER": 3869208832 }, "geometry": { "type": "MultiLineString", "coordinates": [ [ [ -110.888575, 48.968818 ], [ -110.887464, 48.969034 ], [ -110.878594, 48.973414 ], [ -110.866224, 48.978003 ] ] ] } },
{ "type": "Feature", "properties": { "TYPEPIPE": "Intrastate", "Operator": "Northwestern Energy Co", "Status": "Operating", "Shape_Leng": 0.02689578965, "STATEFP": "30", "STATENS": "00767982", "AFFGEOID": "0400000US30", "GEOID": "30", "STUSPS": "MT", "NAME": "Montana", "LSAD": "00", "ALAND": 376962738765, "AWATER": 3869208832 }, "geometry": { "type": "MultiLineString", "coordinates": [ [ [ -110.894077, 48.9654 ], [ -110.916528, 48.98021 ] ] ] } },
{ "type": "Feature", "properties": { "TYPEPIPE": "Intrastate", "Operator": "Northwestern Energy Co", "Status": "Operating", "Shape_Leng": 0.00463539006, "STATEFP": "30", "STATENS": "00767982", "AFFGEOID": "0400000US30", "GEOID": "30", "STUSPS": "MT", "NAME": "Montana", "LSAD": "00", "ALAND": 376962738765, "AWATER": 3869208832 }, "geometry": { "type": "MultiLineString", "coordinates": [ [ [ -110.916528, 48.98021 ], [ -110.913373, 48.983606 ] ] ] } },
{ "type": "Feature", "properties": { "TYPEPIPE": "Intrastate", "Operator": "Northwestern Energy Co", "Status": "Operating", "Shape_Leng": 0.0052109075, "STATEFP": "30", "STATENS": "00767982", "AFFGEOID": "0400000US30", "GEOID": "30", "STUSPS": "MT", "NAME": "Montana", "LSAD": "00", "ALAND": 376962738765, "AWATER": 3869208832 }, "geometry": { "type": "MultiLineString", "coordinates": [ [ [ -110.920837, 48.983314 ], [ -110.925278, 48.980588 ] ] ] } },
{ "type": "Feature", "properties": { "TYPEPIPE": "Intrastate", "Operator": "Northwestern Energy Co", "Status": "Operating", "Shape_Leng": 0.03429825218, "STATEFP": "30", "STATENS": "00767982", "AFFGEOID": "0400000US30", "GEOID": "30", "STUSPS": "MT", "NAME": "Montana", "LSAD": "00", "ALAND": 376962738765, "AWATER": 3869208832 }, "geometry": { "type": "MultiLineString", "coordinates": [ [ [ -110.923033, 48.984914 ], [ -110.920013, 48.987524 ], [ -110.912967, 48.989238 ], [ -110.911851, 48.989271 ], [ -110.889921, 48.988652 ] ] ] } },
{ "type": "Feature", "properties": { "TYPEPIPE": "Intrastate", "Operator": "Northwestern Energy Co", "Status": "Operating", "Shape_Leng": 0.00446112654, "STATEFP": "30", "STATENS": "00767982", "AFFGEOID": "0400000US30", "GEOID": "30", "STUSPS": "MT", "NAME": "Montana", "LSAD": "00", "ALAND": 376962738765, "AWATER": 3869208832 }, "geometry": { "type": "MultiLineString", "coordinates": [ [ [ -110.953974, 48.97298 ], [ -110.956149, 48.969085 ] ] ] } },
{ "type": "Feature", "properties": { "TYPEPIPE": "Intrastate", "Operator": "Northwestern Energy Co", "Status": "Operating", "Shape_Leng": 0.01480666532, "STATEFP": "30", "STATENS": "00767982", "AFFGEOID": "0400000US30", "GEOID": "30", "STUSPS": "MT", "NAME": "Montana", "LSAD": "00", "ALAND": 376962738765, "AWATER": 3869208832 }, "geometry": { "type": "MultiLineString", "coordinates": [ [ [ -110.926959, 48.955918 ], [ -110.938462, 48.965241 ] ] ] } },
{ "type": "Feature", "properties": { "TYPEPIPE": "Intrastate", "Operator": "Northwestern Energy Co", "Status": "Operating", "Shape_Leng": 0.00574139896, "STATEFP": "30", "STATENS": "00767982", "AFFGEOID": "0400000US30", "GEOID": "30", "STUSPS": "MT", "NAME": "Montana", "LSAD": "00", "ALAND": 376962738765, "AWATER": 3869208832 }, "geometry": { "type": "MultiLineString", "coordinates": [ [ [ -110.938462, 48.965241 ], [ -110.93566, 48.967142 ], [ -110.934437, 48.969155 ] ] ] } },
{ "type": "Feature", "properties": { "TYPEPIPE": "Intrastate", "Operator": "Northwestern Energy Co", "Status": "Operating", "Shape_Leng": 0.00909690302, "STATEFP": "30", "STATENS": "00767982", "AFFGEOID": "0400000US30", "GEOID": "30", "STUSPS": "MT", "NAME": "Montana", "LSAD": "00", "ALAND": 376962738765, "AWATER": 3869208832 }, "geometry": { "type": "MultiLineString", "coordinates": [ [ [ -110.906233, 48.866975 ], [ -110.906636, 48.867786 ], [ -110.907443, 48.867751 ], [ -110.90783, 48.867898 ], [ -110.908261, 48.868278 ], [ -110.908156, 48.868681 ], [ -110.907509, 48.868916 ], [ -110.907125, 48.868996 ], [ -110.907421, 48.870135 ], [ -110.91002, 48.872798 ] ] ] } },
{ "type": "Feature", "properties": { "TYPEPIPE": "Intrastate", "Operator": "Northwestern Energy Co", "Status": "Operating", "Shape_Leng": 0.0484839475, "STATEFP": "30", "STATENS": "00767982", "AFFGEOID": "0400000US30", "GEOID": "30", "STUSPS": "MT", "NAME": "Montana", "LSAD": "00", "ALAND": 376962738765, "AWATER": 3869208832 }, "geometry": { "type": "MultiLineString", "coordinates": [ [ [ -110.863172, 48.880926 ], [ -110.854281, 48.878621 ], [ -110.84954, 48.877976 ], [ -110.84855, 48.878388 ], [ -110.847277, 48.878171 ], [ -110.846578, 48.877923 ], [ -110.846067, 48.877369 ], [ -110.83401, 48.876098 ], [ -110.824391, 48.875542 ], [ -110.816025, 48.872516 ] ] ] } },
{ "type": "Feature", "properties": { "TYPEPIPE": "Intrastate", "Operator": "Northwestern Energy Co", "Status": "Operating", "Shape_Leng": 0.0078128738, "STATEFP": "30", "STATENS": "00767982", "AFFGEOID": "0400000US30", "GEOID": "30", "STUSPS": "MT", "NAME": "Montana", "LSAD": "00", "ALAND": 376962738765, "AWATER": 3869208832 }, "geometry": { "type": "MultiLineString", "coordinates": [ [ [ -110.863172, 48.880926 ], [ -110.862926, 48.888735 ] ] ] } },
{ "type": "Feature", "properties": { "TYPEPIPE": "Intrastate", "Operator": "Northwestern Energy Co", "Status": "Operating", "Shape_Leng": 0.01689802147, "STATEFP": "30", "STATENS": "00767982", "AFFGEOID": "0400000US30", "GEOID": "30", "STUSPS": "MT", "NAME": "Montana", "LSAD": "00", "ALAND": 376962738765, "AWATER": 3869208832 }, "geometry": { "type": "MultiLineString", "coordinates": [ [ [ -110.862926, 48.888735 ], [ -110.86291, 48.896489 ], [ -110.864454, 48.896755 ], [ -110.870262, 48.90028 ], [ -110.870242, 48.901063 ] ] ] } },
{ "type": "Feature", "properties": { "TYPEPIPE": "Intrastate", "Operator": "Northwestern Energy Co", "Status": "Operating", "Shape_Leng": 0.01049300386, "STATEFP": "30", "STATENS": "00767982", "AFFGEOID": "0400000US30", "GEOID": "30", "STUSPS": "MT", "NAME": "Montana", "LSAD": "00", "ALAND": 376962738765, "AWATER": 3869208832 }, "geometry": { "type": "MultiLineString", "coordinates": [ [ [ -110.862926, 48.888735 ], [ -110.852433, 48.888744 ] ] ] } },
{ "type": "Feature", "properties": { "TYPEPIPE": "Intrastate", "Operator": "Northwestern Energy Co", "Status": "Operating", "Shape_Leng": 0.00912771299, "STATEFP": "30", "STATENS": "00767982", "AFFGEOID": "0400000US30", "GEOID": "30", "STUSPS": "MT", "NAME": "Montana", "LSAD": "00", "ALAND": 376962738765, "AWATER": 3869208832 }, "geometry": { "type": "MultiLineString", "coordinates": [ [ [ -110.896869, 48.865789 ], [ -110.899127, 48.868711 ], [ -110.898712, 48.86902 ], [ -110.898644, 48.869398 ], [ -110.898883, 48.869803 ], [ -110.899695, 48.869974 ], [ -110.901941, 48.8723 ] ] ] } },
{ "type": "Feature", "properties": { "TYPEPIPE": "Intrastate", "Operator": "Northwestern Energy Co", "Status": "Operating", "Shape_Leng": 0.02190103787, "STATEFP": "30", "STATENS": "00767982", "AFFGEOID": "0400000US30", "GEOID": "30", "STUSPS": "MT", "NAME": "Montana", "LSAD": "00", "ALAND": 376962738765, "AWATER": 3869208832 }, "geometry": { "type": "MultiLineString", "coordinates": [ [ [ -110.900705, 48.886892 ], [ -110.89469, 48.891026 ], [ -110.894293, 48.89209 ], [ -110.884236, 48.901046 ] ] ] } },
{ "type": "Feature", "properties": { "TYPEPIPE": "Intrastate", "Operator": "Northwestern Energy Co", "Status": "Operating", "Shape_Leng": 0.00919770868, "STATEFP": "30", "STATENS": "00767982", "AFFGEOID": "0400000US30", "GEOID": "30", "STUSPS": "MT", "NAME": "Montana", "LSAD": "00", "ALAND": 376962738765, "AWATER": 3869208832 }, "geometry": { "type": "MultiLineString", "coordinates": [ [ [ -110.900705, 48.886892 ], [ -110.907098, 48.889065 ], [ -110.908239, 48.886902 ] ] ] } },
{ "type": "Feature", "properties": { "TYPEPIPE": "Intrastate", "Operator": "Northwestern Energy Co", "Status": "Operating", "Shape_Leng": 0.01427877033, "STATEFP": "30", "STATENS": "00767982", "AFFGEOID": "0400000US30", "GEOID": "30", "STUSPS": "MT", "NAME": "Montana", "LSAD": "00", "ALAND": 376962738765, "AWATER": 3869208832 }, "geometry": { "type": "MultiLineString", "coordinates": [ [ [ -110.901176, 48.872621 ], [ -110.900705, 48.886892 ] ] ] } },
{ "type": "Feature", "properties": { "TYPEPIPE": "Intrastate", "Operator": "Northwestern Energy Co", "Status": "Operating", "Shape_Leng": 0.04026032597, "STATEFP": "30", "STATENS": "00767982", "AFFGEOID": "0400000US30", "GEOID": "30", "STUSPS": "MT", "NAME": "Montana", "LSAD": "00", "ALAND": 376962738765, "AWATER": 3869208832 }, "geometry": { "type": "MultiLineString", "coordinates": [ [ [ -110.909038, 48.889809 ], [ -110.915977, 48.892258 ], [ -110.915711, 48.893984 ], [ -110.9178, 48.902679 ], [ -110.909229, 48.917405 ], [ -110.909043, 48.922576 ] ] ] } },
{ "type": "Feature", "properties": { "TYPEPIPE": "Intrastate", "Operator": "Northwestern Energy Co", "Status": "Operating", "Shape_Leng": 0.00082961798, "STATEFP": "30", "STATENS": "00767982", "AFFGEOID": "0400000US30", "GEOID": "30", "STUSPS": "MT", "NAME": "Montana", "LSAD": "00", "ALAND": 376962738765, "AWATER": 3869208832 }, "geometry": { "type": "MultiLineString", "coordinates": [ [ [ -110.901941, 48.8723 ], [ -110.901176, 48.872621 ] ] ] } },
{ "type": "Feature", "properties": { "TYPEPIPE": "Intrastate", "Operator": "Northwestern Energy Co", "Status": "Operating", "Shape_Leng": 0.01725128184, "STATEFP": "30", "STATENS": "00767982", "AFFGEOID": "0400000US30", "GEOID": "30", "STUSPS": "MT", "NAME": "Montana", "LSAD": "00", "ALAND": 376962738765, "AWATER": 3869208832 }, "geometry": { "type": "MultiLineString", "coordinates": [ [ [ -110.952129, 48.91497 ], [ -110.934983, 48.916873 ] ] ] } },
{ "type": "Feature", "properties": { "TYPEPIPE": "Intrastate", "Operator": "Northwestern Energy Co", "Status": "Operating", "Shape_Leng": 0.02279283114, "STATEFP": "30", "STATENS": "00767982", "AFFGEOID": "0400000US30", "GEOID": "30", "STUSPS": "MT", "NAME": "Montana", "LSAD": "00", "ALAND": 376962738765, "AWATER": 3869208832 }, "geometry": { "type": "MultiLineString", "coordinates": [ [ [ -110.948939, 48.893027 ], [ -110.9492, 48.898928 ], [ -110.951334, 48.901291 ], [ -110.952129, 48.91497 ] ] ] } },
{ "type": "Feature", "properties": { "TYPEPIPE": "Intrastate", "Operator": "Northwestern Energy Co", "Status": "Operating", "Shape_Leng": 0.02441551263, "STATEFP": "30", "STATENS": "00767982", "AFFGEOID": "0400000US30", "GEOID": "30", "STUSPS": "MT", "NAME": "Montana", "LSAD": "00", "ALAND": 376962738765, "AWATER": 3869208832 }, "geometry": { "type": "MultiLineString", "coordinates": [ [ [ -110.925389, 48.866463 ], [ -110.920794, 48.868548 ], [ -110.906848, 48.870242 ], [ -110.901941, 48.8723 ] ] ] } },
{ "type": "Feature", "properties": { "TYPEPIPE": "Intrastate", "Operator": "Northwestern Energy Co", "Status": "Operating", "Shape_Leng": 0.12347250137, "STATEFP": "30", "STATENS": "00767982", "AFFGEOID": "0400000US30", "GEOID": "30", "STUSPS": "MT", "NAME": "Montana", "LSAD": "00", "ALAND": 376962738765, "AWATER": 3869208832 }, "geometry": { "type": "MultiLineString", "coordinates": [ [ [ -110.925389, 48.866463 ], [ -110.924897, 48.866488 ], [ -110.907493, 48.868259 ], [ -110.903966, 48.868592 ], [ -110.898798, 48.869425 ], [ -110.881534, 48.872232 ], [ -110.865261, 48.87478 ], [ -110.854704, 48.876943 ], [ -110.849521, 48.877112 ], [ -110.84573, 48.877728 ], [ -110.815855, 48.88543 ], [ -110.804226, 48.888744 ] ] ] } },
{ "type": "Feature", "properties": { "TYPEPIPE": "Intrastate", "Operator": "Northwestern Energy Co", "Status": "Operating", "Shape_Leng": 0.10729216177000001, "STATEFP": "30", "STATENS": "00767982", "AFFGEOID": "0400000US30", "GEOID": "30", "STUSPS": "MT", "NAME": "Montana", "LSAD": "00", "ALAND": 376962738765, "AWATER": 3869208832 }, "geometry": { "type": "MultiLineString", "coordinates": [ [ [ -110.925389, 48.866463 ], [ -110.925316, 48.866427 ], [ -110.922636, 48.865212 ], [ -110.870258, 48.842783 ], [ -110.8268, 48.824135 ] ] ] } },
{ "type": "Feature", "properties": { "TYPEPIPE": "Intrastate", "Operator": "Northwestern Energy Co", "Status": "Operating", "Shape_Leng": 0.09090237108, "STATEFP": "30", "STATENS": "00767982", "AFFGEOID": "0400000US30", "GEOID": "30", "STUSPS": "MT", "NAME": "Montana", "LSAD": "00", "ALAND": 376962738765, "AWATER": 3869208832 }, "geometry": { "type": "MultiLineString", "coordinates": [ [ [ -110.925389, 48.866463 ], [ -110.924815, 48.880851 ], [ -110.931242, 48.926027 ], [ -110.929224, 48.930026 ], [ -110.929964, 48.943272 ], [ -110.9281, 48.947367 ], [ -110.926959, 48.955918 ] ] ] } },
{ "type": "Feature", "properties": { "TYPEPIPE": "Intrastate", "Operator": "Northwestern Energy Co", "Status": "Operating", "Shape_Leng": 0.10389654139, "STATEFP": "30", "STATENS": "00767982", "AFFGEOID": "0400000US30", "GEOID": "30", "STUSPS": "MT", "NAME": "Montana", "LSAD": "00", "ALAND": 376962738765, "AWATER": 3869208832 }, "geometry": { "type": "MultiLineString", "coordinates": [ [ [ -111.29134, 48.826051 ], [ -111.294862, 48.822058 ], [ -111.319042, 48.792792 ], [ -111.337916, 48.785516 ], [ -111.349913, 48.77804 ], [ -111.358016, 48.771224 ], [ -111.361901, 48.768058 ], [ -111.364773, 48.76323 ], [ -111.366887, 48.758668 ] ] ] } },
{ "type": "Feature", "properties": { "TYPEPIPE": "Intrastate", "Operator": "Northwestern Energy Co", "Status": "Operating", "Shape_Leng": 0.01691712974, "STATEFP": "30", "STATENS": "00767982", "AFFGEOID": "0400000US30", "GEOID": "30", "STUSPS": "MT", "NAME": "Montana", "LSAD": "00", "ALAND": 376962738765, "AWATER": 3869208832 }, "geometry": { "type": "MultiLineString", "coordinates": [ [ [ -111.184982, 48.804631 ], [ -111.193016, 48.80112 ], [ -111.193068, 48.796302 ], [ -111.192414, 48.796236 ], [ -111.192101, 48.79606 ], [ -111.192046, 48.795481 ], [ -111.192424, 48.795274 ], [ -111.193077, 48.79529 ], [ -111.192943, 48.794655 ] ] ] } },
{ "type": "Feature", "properties": { "TYPEPIPE": "Intrastate", "Operator": "Northwestern Energy Co", "Status": "Operating", "Shape_Leng": 0.00515654259, "STATEFP": "30", "STATENS": "00767982", "AFFGEOID": "0400000US30", "GEOID": "30", "STUSPS": "MT", "NAME": "Montana", "LSAD": "00", "ALAND": 376962738765, "AWATER": 3869208832 }, "geometry": { "type": "MultiLineString", "coordinates": [ [ [ -111.184982, 48.804631 ], [ -111.187324, 48.807242 ], [ -111.188874, 48.807805 ] ] ] } },
{ "type": "Feature", "properties": { "TYPEPIPE": "Intrastate", "Operator": "Northwestern Energy Co", "Status": "Operating", "Shape_Leng": 0.00412011772, "STATEFP": "30", "STATENS": "00767982", "AFFGEOID": "0400000US30", "GEOID": "30", "STUSPS": "MT", "NAME": "Montana", "LSAD": "00", "ALAND": 376962738765, "AWATER": 3869208832 }, "geometry": { "type": "MultiLineString", "coordinates": [ [ [ -111.182283, 48.801518 ], [ -111.184982, 48.804631 ] ] ] } },
{ "type": "Feature", "properties": { "TYPEPIPE": "Intrastate", "Operator": "Northwestern Energy Co", "Status": "Operating", "Shape_Leng": 0.00786853684, "STATEFP": "30", "STATENS": "00767982", "AFFGEOID": "0400000US30", "GEOID": "30", "STUSPS": "MT", "NAME": "Montana", "LSAD": "00", "ALAND": 376962738765, "AWATER": 3869208832 }, "geometry": { "type": "MultiLineString", "coordinates": [ [ [ -111.182283, 48.801518 ], [ -111.182194, 48.797112 ], [ -111.181693, 48.797012 ], [ -111.181189, 48.796864 ], [ -111.180916, 48.796669 ], [ -111.180865, 48.796264 ], [ -111.181009, 48.795907 ], [ -111.181498, 48.795596 ], [ -111.181593, 48.794885 ] ] ] } },
{ "type": "Feature", "properties": { "TYPEPIPE": "Intrastate", "Operator": "Northwestern Energy Co", "Status": "Operating", "Shape_Leng": 0.02139698423, "STATEFP": "30", "STATENS": "00767982", "AFFGEOID": "0400000US30", "GEOID": "30", "STUSPS": "MT", "NAME": "Montana", "LSAD": "00", "ALAND": 376962738765, "AWATER": 3869208832 }, "geometry": { "type": "MultiLineString", "coordinates": [ [ [ -111.161082, 48.799523 ], [ -111.168037, 48.801167 ], [ -111.182283, 48.801518 ] ] ] } },
{ "type": "Feature", "properties": { "TYPEPIPE": "Intrastate", "Operator": "Northwestern Energy Co", "Status": "Operating", "Shape_Leng": 0.00215722057, "STATEFP": "30", "STATENS": "00767982", "AFFGEOID": "0400000US30", "GEOID": "30", "STUSPS": "MT", "NAME": "Montana", "LSAD": "00", "ALAND": 376962738765, "AWATER": 3869208832 }, "geometry": { "type": "MultiLineString", "coordinates": [ [ [ -111.161082, 48.799523 ], [ -111.160327, 48.79996 ], [ -111.160032, 48.800395 ], [ -111.159862, 48.801135 ] ] ] } },
{ "type": "Feature", "properties": { "TYPEPIPE": "Intrastate", "Operator": "Northwestern Energy Co", "Status": "Operating", "Shape_Leng": 0.00338027469, "STATEFP": "30", "STATENS": "00767982", "AFFGEOID": "0400000US30", "GEOID": "30", "STUSPS": "MT", "NAME": "Montana", "LSAD": "00", "ALAND": 376962738765, "AWATER": 3869208832 }, "geometry": { "type": "MultiLineString", "coordinates": [ [ [ -111.157798, 48.798722 ], [ -111.161082, 48.799523 ] ] ] } },
{ "type": "Feature", "properties": { "TYPEPIPE": "Intrastate", "Operator": "Northwestern Energy Co", "Status": "Operating", "Shape_Leng": 0.00685435503, "STATEFP": "30", "STATENS": "00767982", "AFFGEOID": "0400000US30", "GEOID": "30", "STUSPS": "MT", "NAME": "Montana", "LSAD": "00", "ALAND": 376962738765, "AWATER": 3869208832 }, "geometry": { "type": "MultiLineString", "coordinates": [ [ [ -111.157798, 48.798722 ], [ -111.157925, 48.797759 ], [ -111.157461, 48.797634 ], [ -111.15718, 48.797206 ], [ -111.157281, 48.796751 ], [ -111.157809, 48.796415 ], [ -111.158191, 48.796359 ], [ -111.159289, 48.793128 ] ] ] } },
{ "type": "Feature", "properties": { "TYPEPIPE": "Intrastate", "Operator": "Northwestern Energy Co", "Status": "Operating", "Shape_Leng": 0.06374849817, "STATEFP": "30", "STATENS": "00767982", "AFFGEOID": "0400000US30", "GEOID": "30", "STUSPS": "MT", "NAME": "Montana", "LSAD": "00", "ALAND": 376962738765, "AWATER": 3869208832 }, "geometry": { "type": "MultiLineString", "coordinates": [ [ [ -111.100122, 48.797186 ], [ -111.10485, 48.801697 ], [ -111.122943, 48.791342 ], [ -111.130667, 48.791766 ], [ -111.150957, 48.796999 ], [ -111.151328, 48.797907 ], [ -111.152718, 48.798171 ], [ -111.154201, 48.797724 ], [ -111.157798, 48.798722 ] ] ] } },
{ "type": "Feature", "properties": { "TYPEPIPE": "Intrastate", "Operator": "Northwestern Energy Co", "Status": "Operating", "Shape_Leng": 0.00392317027, "STATEFP": "30", "STATENS": "00767982", "AFFGEOID": "0400000US30", "GEOID": "30", "STUSPS": "MT", "NAME": "Montana", "LSAD": "00", "ALAND": 376962738765, "AWATER": 3869208832 }, "geometry": { "type": "MultiLineString", "coordinates": [ [ [ -111.100122, 48.797186 ], [ -111.103561, 48.795298 ] ] ] } },
{ "type": "Feature", "properties": { "TYPEPIPE": "Intrastate", "Operator": "Northwestern Energy Co", "Status": "Operating", "Shape_Leng": 0.002436905, "STATEFP": "30", "STATENS": "00767982", "AFFGEOID": "0400000US30", "GEOID": "30", "STUSPS": "MT", "NAME": "Montana", "LSAD": "00", "ALAND": 376962738765, "AWATER": 3869208832 }, "geometry": { "type": "MultiLineString", "coordinates": [ [ [ -111.098463, 48.795401 ], [ -111.100122, 48.797186 ] ] ] } },
{ "type": "Feature", "properties": { "TYPEPIPE": "Intrastate", "Operator": "Northwestern Energy Co", "Status": "Operating", "Shape_Leng": 0.00297390417, "STATEFP": "30", "STATENS": "00767982", "AFFGEOID": "0400000US30", "GEOID": "30", "STUSPS": "MT", "NAME": "Montana", "LSAD": "00", "ALAND": 376962738765, "AWATER": 3869208832 }, "geometry": { "type": "MultiLineString", "coordinates": [ [ [ -111.098463, 48.795401 ], [ -111.096222, 48.793446 ] ] ] } },
{ "type": "Feature", "properties": { "TYPEPIPE": "Intrastate", "Operator": "Northwestern Energy Co", "Status": "Operating", "Shape_Leng": 0.05679769846, "STATEFP": "30", "STATENS": "00767982", "AFFGEOID": "0400000US30", "GEOID": "30", "STUSPS": "MT", "NAME": "Montana", "LSAD": "00", "ALAND": 376962738765, "AWATER": 3869208832 }, "geometry": { "type": "MultiLineString", "coordinates": [ [ [ -111.048737, 48.809996 ], [ -111.051218, 48.809442 ], [ -111.06353, 48.807718 ], [ -111.071543, 48.801735 ], [ -111.07308, 48.801792 ], [ -111.076162, 48.800802 ], [ -111.080196, 48.802404 ], [ -111.086185, 48.802495 ], [ -111.089565, 48.804057 ], [ -111.090946, 48.804044 ], [ -111.094742, 48.801115 ], [ -111.098463, 48.795401 ] ] ] } },
{ "type": "Feature", "properties": { "TYPEPIPE": "Intrastate", "Operator": "Northwestern Energy Co", "Status": "Operating", "Shape_Leng": 0.00836993214, "STATEFP": "30", "STATENS": "00767982", "AFFGEOID": "0400000US30", "GEOID": "30", "STUSPS": "MT", "NAME": "Montana", "LSAD": "00", "ALAND": 376962738765, "AWATER": 3869208832 }, "geometry": { "type": "MultiLineString", "coordinates": [ [ [ -111.275377, 48.879819 ], [ -111.268357, 48.875261 ] ] ] } },
{ "type": "Feature", "properties": { "TYPEPIPE": "Intrastate", "Operator": "Northwestern Energy Co", "Status": "Operating", "Shape_Leng": 0.00434654633, "STATEFP": "30", "STATENS": "00767982", "AFFGEOID": "0400000US30", "GEOID": "30", "STUSPS": "MT", "NAME": "Montana", "LSAD": "00", "ALAND": 376962738765, "AWATER": 3869208832 }, "geometry": { "type": "MultiLineString", "coordinates": [ [ [ -111.269641, 48.894559 ], [ -111.265353, 48.893848 ] ] ] } },
{ "type": "Feature", "properties": { "TYPEPIPE": "Intrastate", "Operator": "Northwestern Energy Co", "Status": "Operating", "Shape_Leng": 0.00289977951, "STATEFP": "30", "STATENS": "00767982", "AFFGEOID": "0400000US30", "GEOID": "30", "STUSPS": "MT", "NAME": "Montana", "LSAD": "00", "ALAND": 376962738765, "AWATER": 3869208832 }, "geometry": { "type": "MultiLineString", "coordinates": [ [ [ -111.284195, 48.870044 ], [ -111.284218, 48.870005 ], [ -111.285719, 48.867577 ] ] ] } },
{ "type": "Feature", "properties": { "TYPEPIPE": "Intrastate", "Operator": "Northwestern Energy Co", "Status": "Operating", "Shape_Leng": 0.00921131592, "STATEFP": "30", "STATENS": "00767982", "AFFGEOID": "0400000US30", "GEOID": "30", "STUSPS": "MT", "NAME": "Montana", "LSAD": "00", "ALAND": 376962738765, "AWATER": 3869208832 }, "geometry": { "type": "MultiLineString", "coordinates": [ [ [ -111.284195, 48.870044 ], [ -111.279538, 48.870264 ], [ -111.275371, 48.868439 ] ] ] } },
{ "type": "Feature", "properties": { "TYPEPIPE": "Intrastate", "Operator": "Northwestern Energy Co", "Status": "Operating", "Shape_Leng": 0.00210609805, "STATEFP": "30", "STATENS": "00767982", "AFFGEOID": "0400000US30", "GEOID": "30", "STUSPS": "MT", "NAME": "Montana", "LSAD": "00", "ALAND": 376962738765, "AWATER": 3869208832 }, "geometry": { "type": "MultiLineString", "coordinates": [ [ [ -111.252237, 48.950745 ], [ -111.252305, 48.95285 ] ] ] } },
{ "type": "Feature", "properties": { "TYPEPIPE": "Intrastate", "Operator": "Northwestern Energy Co", "Status": "Operating", "Shape_Leng": 0.00808712372, "STATEFP": "30", "STATENS": "00767982", "AFFGEOID": "0400000US30", "GEOID": "30", "STUSPS": "MT", "NAME": "Montana", "LSAD": "00", "ALAND": 376962738765, "AWATER": 3869208832 }, "geometry": { "type": "MultiLineString", "coordinates": [ [ [ -111.256723, 48.952323 ], [ -111.251304, 48.958326 ] ] ] } },
{ "type": "Feature", "properties": { "TYPEPIPE": "Intrastate", "Operator": "Northwestern Energy Co", "Status": "Operating", "Shape_Leng": 0.00334140464, "STATEFP": "30", "STATENS": "00767982", "AFFGEOID": "0400000US30", "GEOID": "30", "STUSPS": "MT", "NAME": "Montana", "LSAD": "00", "ALAND": 376962738765, "AWATER": 3869208832 }, "geometry": { "type": "MultiLineString", "coordinates": [ [ [ -111.257419, 48.952547 ], [ -111.260123, 48.950584 ] ] ] } },
{ "type": "Feature", "properties": { "TYPEPIPE": "Intrastate", "Operator": "Northwestern Energy Co", "Status": "Operating", "Shape_Leng": 0.00651373789, "STATEFP": "30", "STATENS": "00767982", "AFFGEOID": "0400000US30", "GEOID": "30", "STUSPS": "MT", "NAME": "Montana", "LSAD": "00", "ALAND": 376962738765, "AWATER": 3869208832 }, "geometry": { "type": "MultiLineString", "coordinates": [ [ [ -111.285989, 48.911927 ], [ -111.28715, 48.915112 ], [ -111.285614, 48.917832 ] ] ] } },
{ "type": "Feature", "properties": { "TYPEPIPE": "Intrastate", "Operator": "Northwestern Energy Co", "Status": "Operating", "Shape_Leng": 0.00491449631, "STATEFP": "30", "STATENS": "00767982", "AFFGEOID": "0400000US30", "GEOID": "30", "STUSPS": "MT", "NAME": "Montana", "LSAD": "00", "ALAND": 376962738765, "AWATER": 3869208832 }, "geometry": { "type": "MultiLineString", "coordinates": [ [ [ -111.282342, 48.920228 ], [ -111.279477, 48.924221 ] ] ] } },
{ "type": "Feature", "properties": { "TYPEPIPE": "Intrastate", "Operator": "Northwestern Energy Co", "Status": "Operating", "Shape_Leng": 0.01200058219, "STATEFP": "30", "STATENS": "00767982", "AFFGEOID": "0400000US30", "GEOID": "30", "STUSPS": "MT", "NAME": "Montana", "LSAD": "00", "ALAND": 376962738765, "AWATER": 3869208832 }, "geometry": { "type": "MultiLineString", "coordinates": [ [ [ -111.25388, 48.921074 ], [ -111.265407, 48.924412 ] ] ] } },
{ "type": "Feature", "properties": { "TYPEPIPE": "Intrastate", "Operator": "Northwestern Energy Co", "Status": "Operating", "Shape_Leng": 0.00641166756, "STATEFP": "30", "STATENS": "00767982", "AFFGEOID": "0400000US30", "GEOID": "30", "STUSPS": "MT", "NAME": "Montana", "LSAD": "00", "ALAND": 376962738765, "AWATER": 3869208832 }, "geometry": { "type": "MultiLineString", "coordinates": [ [ [ -111.244874, 48.931038 ], [ -111.242132, 48.930716 ], [ -111.24004, 48.927724 ] ] ] } },
{ "type": "Feature", "properties": { "TYPEPIPE": "Intrastate", "Operator": "Northwestern Energy Co", "Status": "Operating", "Shape_Leng": 0.0287633307, "STATEFP": "30", "STATENS": "00767982", "AFFGEOID": "0400000US30", "GEOID": "30", "STUSPS": "MT", "NAME": "Montana", "LSAD": "00", "ALAND": 376962738765, "AWATER": 3869208832 }, "geometry": { "type": "MultiLineString", "coordinates": [ [ [ -111.299195, 48.913075 ], [ -111.298409, 48.927345 ], [ -111.300503, 48.931083 ], [ -111.299268, 48.941195 ] ] ] } },
{ "type": "Feature", "properties": { "TYPEPIPE": "Intrastate", "Operator": "Northwestern Energy Co", "Status": "Operating", "Shape_Leng": 0.00352204671, "STATEFP": "30", "STATENS": "00767982", "AFFGEOID": "0400000US30", "GEOID": "30", "STUSPS": "MT", "NAME": "Montana", "LSAD": "00", "ALAND": 376962738765, "AWATER": 3869208832 }, "geometry": { "type": "MultiLineString", "coordinates": [ [ [ -111.28262, 48.915488 ], [ -111.283362, 48.918931 ] ] ] } },
{ "type": "Feature", "properties": { "TYPEPIPE": "Intrastate", "Operator": "Northwestern Energy Co", "Status": "Operating", "Shape_Leng": 0.00549588255, "STATEFP": "30", "STATENS": "00767982", "AFFGEOID": "0400000US30", "GEOID": "30", "STUSPS": "MT", "NAME": "Montana", "LSAD": "00", "ALAND": 376962738765, "AWATER": 3869208832 }, "geometry": { "type": "MultiLineString", "coordinates": [ [ [ -111.222745, 48.96434 ], [ -111.217895, 48.966925 ] ] ] } },
{ "type": "Feature", "properties": { "TYPEPIPE": "Intrastate", "Operator": "Northwestern Energy Co", "Status": "Operating", "Shape_Leng": 0.00235876599, "STATEFP": "30", "STATENS": "00767982", "AFFGEOID": "0400000US30", "GEOID": "30", "STUSPS": "MT", "NAME": "Montana", "LSAD": "00", "ALAND": 376962738765, "AWATER": 3869208832 }, "geometry": { "type": "MultiLineString", "coordinates": [ [ [ -111.217895, 48.966925 ], [ -111.219599, 48.968556 ] ] ] } },
{ "type": "Feature", "properties": { "TYPEPIPE": "Intrastate", "Operator": "Northwestern Energy Co", "Status": "Operating", "Shape_Leng": 0.01570237175, "STATEFP": "30", "STATENS": "00767982", "AFFGEOID": "0400000US30", "GEOID": "30", "STUSPS": "MT", "NAME": "Montana", "LSAD": "00", "ALAND": 376962738765, "AWATER": 3869208832 }, "geometry": { "type": "MultiLineString", "coordinates": [ [ [ -111.219975, 48.950154 ], [ -111.218485, 48.941624 ], [ -111.21843, 48.934581 ] ] ] } },
{ "type": "Feature", "properties": { "TYPEPIPE": "Intrastate", "Operator": "Northwestern Energy Co", "Status": "Operating", "Shape_Leng": 0.00532062026, "STATEFP": "30", "STATENS": "00767982", "AFFGEOID": "0400000US30", "GEOID": "30", "STUSPS": "MT", "NAME": "Montana", "LSAD": "00", "ALAND": 376962738765, "AWATER": 3869208832 }, "geometry": { "type": "MultiLineString", "coordinates": [ [ [ -111.222144, 48.96095 ], [ -111.227434, 48.96038 ] ] ] } },
{ "type": "Feature", "properties": { "TYPEPIPE": "Intrastate", "Operator": "Northwestern Energy Co", "Status": "Operating", "Shape_Leng": 0.01445669779, "STATEFP": "30", "STATENS": "00767982", "AFFGEOID": "0400000US30", "GEOID": "30", "STUSPS": "MT", "NAME": "Montana", "LSAD": "00", "ALAND": 376962738765, "AWATER": 3869208832 }, "geometry": { "type": "MultiLineString", "coordinates": [ [ [ -111.238656, 48.937927 ], [ -111.246644, 48.941398 ], [ -111.250937, 48.937577 ] ] ] } },
{ "type": "Feature", "properties": { "TYPEPIPE": "Intrastate", "Operator": "Northwestern Energy Co", "Status": "Operating", "Shape_Leng": 0.02018968073, "STATEFP": "30", "STATENS": "00767982", "AFFGEOID": "0400000US30", "GEOID": "30", "STUSPS": "MT", "NAME": "Montana", "LSAD": "00", "ALAND": 376962738765, "AWATER": 3869208832 }, "geometry": { "type": "MultiLineString", "coordinates": [ [ [ -111.233255, 48.943867 ], [ -111.252237, 48.950745 ] ] ] } },
{ "type": "Feature", "properties": { "TYPEPIPE": "Intrastate", "Operator": "Northwestern Energy Co", "Status": "Operating", "Shape_Leng": 0.00481826714, "STATEFP": "30", "STATENS": "00767982", "AFFGEOID": "0400000US30", "GEOID": "30", "STUSPS": "MT", "NAME": "Montana", "LSAD": "00", "ALAND": 376962738765, "AWATER": 3869208832 }, "geometry": { "type": "MultiLineString", "coordinates": [ [ [ -111.258131, 48.919111 ], [ -111.254622, 48.920205 ], [ -111.25388, 48.921074 ] ] ] } },
{ "type": "Feature", "properties": { "TYPEPIPE": "Intrastate", "Operator": "Northwestern Energy Co", "Status": "Operating", "Shape_Leng": 0.01321483413, "STATEFP": "30", "STATENS": "00767982", "AFFGEOID": "0400000US30", "GEOID": "30", "STUSPS": "MT", "NAME": "Montana", "LSAD": "00", "ALAND": 376962738765, "AWATER": 3869208832 }, "geometry": { "type": "MultiLineString", "coordinates": [ [ [ -111.280765, 48.962392 ], [ -111.272486, 48.972692 ] ] ] } },
{ "type": "Feature", "properties": { "TYPEPIPE": "Intrastate", "Operator": "Northwestern Energy Co", "Status": "Operating", "Shape_Leng": 0.11773311684, "STATEFP": "30", "STATENS": "00767982", "AFFGEOID": "0400000US30", "GEOID": "30", "STUSPS": "MT", "NAME": "Montana", "LSAD": "00", "ALAND": 376962738765, "AWATER": 3869208832 }, "geometry": { "type": "MultiLineString", "coordinates": [ [ [ -111.258131, 48.919111 ], [ -111.261899, 48.915864 ], [ -111.26051, 48.907363 ], [ -111.258396, 48.896577 ], [ -111.255886, 48.88752 ], [ -111.25546, 48.881849 ], [ -111.256084, 48.877031 ], [ -111.254, 48.876355 ], [ -111.253977, 48.874735 ], [ -111.255784, 48.874701 ], [ -111.256502, 48.871253 ], [ -111.260118, 48.866145 ], [ -111.262341, 48.863166 ], [ -111.263193, 48.860836 ], [ -111.264599, 48.857075 ], [ -111.269267, 48.850467 ], [ -111.273811, 48.843381 ], [ -111.280132, 48.837117 ], [ -111.285165, 48.832226 ], [ -111.289725, 48.834233 ], [ -111.292493, 48.83186 ], [ -111.290429, 48.827363 ], [ -111.29134, 48.826051 ] ] ] } },
{ "type": "Feature", "properties": { "TYPEPIPE": "Intrastate", "Operator": "Northwestern Energy Co", "Status": "Operating", "Shape_Leng": 0.02975674704, "STATEFP": "30", "STATENS": "00767982", "AFFGEOID": "0400000US30", "GEOID": "30", "STUSPS": "MT", "NAME": "Montana", "LSAD": "00", "ALAND": 376962738765, "AWATER": 3869208832 }, "geometry": { "type": "MultiLineString", "coordinates": [ [ [ -111.258131, 48.919111 ], [ -111.261453, 48.915867 ], [ -111.263564, 48.915767 ], [ -111.262662, 48.907667 ], [ -111.269641, 48.894559 ] ] ] } },
{ "type": "Feature", "properties": { "TYPEPIPE": "Intrastate", "Operator": "Northwestern Energy Co", "Status": "Operating", "Shape_Leng": 0.38997935432000003, "STATEFP": "30", "STATENS": "00767982", "AFFGEOID": "0400000US30", "GEOID": "30", "STUSPS": "MT", "NAME": "Montana", "LSAD": "00", "ALAND": 376962738765, "AWATER": 3869208832 }, "geometry": { "type": "MultiLineString", "coordinates": [ [ [ -110.925389, 48.866463 ], [ -110.928025, 48.864023 ], [ -110.973983, 48.84584 ], [ -110.977981, 48.84598 ], [ -110.9903, 48.842572 ], [ -110.998085, 48.842117 ], [ -111.030448, 48.838736 ], [ -111.034681, 48.839102 ], [ -111.041403, 48.837693 ], [ -111.061663, 48.829912 ], [ -111.081922, 48.810953 ], [ -111.096946, 48.803147 ], [ -111.100268, 48.802527 ], [ -111.104588, 48.801898 ], [ -111.115606, 48.799351 ], [ -111.127848, 48.798007 ], [ -111.147146, 48.797899 ], [ -111.162392, 48.796997 ], [ -111.182294, 48.796604 ], [ -111.222928, 48.793991 ], [ -111.243317, 48.800871 ], [ -111.274827, 48.817253 ], [ -111.279531, 48.820392 ], [ -111.29134, 48.826051 ] ] ] } },
{ "type": "Feature", "properties": { "TYPEPIPE": "Intrastate", "Operator": "Northwestern Energy Co", "Status": "Operating", "Shape_Leng": 0.02021513181, "STATEFP": "30", "STATENS": "00767982", "AFFGEOID": "0400000US30", "GEOID": "30", "STUSPS": "MT", "NAME": "Montana", "LSAD": "00", "ALAND": 376962738765, "AWATER": 3869208832 }, "geometry": { "type": "MultiLineString", "coordinates": [ [ [ -111.009646, 48.882757 ], [ -111.029861, 48.882684 ] ] ] } },
{ "type": "Feature", "properties": { "TYPEPIPE": "Intrastate", "Operator": "Northwestern Energy Co", "Status": "Operating", "Shape_Leng": 0.00821699811, "STATEFP": "30", "STATENS": "00767982", "AFFGEOID": "0400000US30", "GEOID": "30", "STUSPS": "MT", "NAME": "Montana", "LSAD": "00", "ALAND": 376962738765, "AWATER": 3869208832 }, "geometry": { "type": "MultiLineString", "coordinates": [ [ [ -110.939697, 48.873267 ], [ -110.933644, 48.878824 ] ] ] } },
{ "type": "Feature", "properties": { "TYPEPIPE": "Intrastate", "Operator": "Northwestern Energy Co", "Status": "Operating", "Shape_Leng": 0.01817372098, "STATEFP": "30", "STATENS": "00767982", "AFFGEOID": "0400000US30", "GEOID": "30", "STUSPS": "MT", "NAME": "Montana", "LSAD": "00", "ALAND": 376962738765, "AWATER": 3869208832 }, "geometry": { "type": "MultiLineString", "coordinates": [ [ [ -110.965082, 48.885125 ], [ -110.960494, 48.887653 ], [ -110.95805, 48.88985 ], [ -110.948939, 48.893027 ] ] ] } },
{ "type": "Feature", "properties": { "TYPEPIPE": "Intrastate", "Operator": "Northwestern Energy Co", "Status": "Operating", "Shape_Leng": 0.01620114196, "STATEFP": "30", "STATENS": "00767982", "AFFGEOID": "0400000US30", "GEOID": "30", "STUSPS": "MT", "NAME": "Montana", "LSAD": "00", "ALAND": 376962738765, "AWATER": 3869208832 }, "geometry": { "type": "MultiLineString", "coordinates": [ [ [ -110.948939, 48.893027 ], [ -110.946954, 48.892032 ], [ -110.943767, 48.892111 ], [ -110.940334, 48.891633 ], [ -110.933721, 48.894787 ] ] ] } },
{ "type": "Feature", "properties": { "TYPEPIPE": "Intrastate", "Operator": "Northwestern Energy Co", "Status": "Operating", "Shape_Leng": 0.00096340438, "STATEFP": "30", "STATENS": "00767982", "AFFGEOID": "0400000US30", "GEOID": "30", "STUSPS": "MT", "NAME": "Montana", "LSAD": "00", "ALAND": 376962738765, "AWATER": 3869208832 }, "geometry": { "type": "MultiLineString", "coordinates": [ [ [ -111.00946, 48.884479 ], [ -111.009408, 48.885441 ] ] ] } },
{ "type": "Feature", "properties": { "TYPEPIPE": "Intrastate", "Operator": "Northwestern Energy Co", "Status": "Operating", "Shape_Leng": 0.01584341516, "STATEFP": "30", "STATENS": "00767982", "AFFGEOID": "0400000US30", "GEOID": "30", "STUSPS": "MT", "NAME": "Montana", "LSAD": "00", "ALAND": 376962738765, "AWATER": 3869208832 }, "geometry": { "type": "MultiLineString", "coordinates": [ [ [ -110.939697, 48.873267 ], [ -110.92687, 48.867175 ], [ -110.925389, 48.866463 ] ] ] } },
{ "type": "Feature", "properties": { "TYPEPIPE": "Intrastate", "Operator": "Northwestern Energy Co", "Status": "Operating", "Shape_Leng": 0.00072448948, "STATEFP": "30", "STATENS": "00767982", "AFFGEOID": "0400000US30", "GEOID": "30", "STUSPS": "MT", "NAME": "Montana", "LSAD": "00", "ALAND": 376962738765, "AWATER": 3869208832 }, "geometry": { "type": "MultiLineString", "coordinates": [ [ [ -111.00946, 48.884479 ], [ -111.008774, 48.884712 ] ] ] } },
{ "type": "Feature", "properties": { "TYPEPIPE": "Intrastate", "Operator": "Northwestern Energy Co", "Status": "Operating", "Shape_Leng": 0.00855206681, "STATEFP": "30", "STATENS": "00767982", "AFFGEOID": "0400000US30", "GEOID": "30", "STUSPS": "MT", "NAME": "Montana", "LSAD": "00", "ALAND": 376962738765, "AWATER": 3869208832 }, "geometry": { "type": "MultiLineString", "coordinates": [ [ [ -111.008774, 48.884712 ], [ -111.007744, 48.885056 ], [ -111.007049, 48.884884 ], [ -111.006275, 48.884735 ], [ -111.005662, 48.884745 ], [ -111.005401, 48.885077 ], [ -111.005222, 48.885585 ], [ -111.001273, 48.887498 ] ] ] } },
{ "type": "Feature", "properties": { "TYPEPIPE": "Intrastate", "Operator": "Northwestern Energy Co", "Status": "Operating", "Shape_Leng": 0.04524428518, "STATEFP": "30", "STATENS": "00767982", "AFFGEOID": "0400000US30", "GEOID": "30", "STUSPS": "MT", "NAME": "Montana", "LSAD": "00", "ALAND": 376962738765, "AWATER": 3869208832 }, "geometry": { "type": "MultiLineString", "coordinates": [ [ [ -111.008774, 48.884712 ], [ -111.008252, 48.883831 ], [ -111.00779, 48.883809 ], [ -111.007323, 48.88361 ], [ -111.007042, 48.883106 ], [ -111.007224, 48.882702 ], [ -111.007639, 48.882418 ], [ -111.007168, 48.88052 ], [ -111.005417, 48.878156 ], [ -111.008433, 48.85935 ], [ -111.006688, 48.857214 ], [ -111.008496, 48.842298 ] ] ] } },
{ "type": "Feature", "properties": { "TYPEPIPE": "Intrastate", "Operator": "Northwestern Energy Co", "Status": "Operating", "Shape_Leng": 0.00080817882, "STATEFP": "30", "STATENS": "00767982", "AFFGEOID": "0400000US30", "GEOID": "30", "STUSPS": "MT", "NAME": "Montana", "LSAD": "00", "ALAND": 376962738765, "AWATER": 3869208832 }, "geometry": { "type": "MultiLineString", "coordinates": [ [ [ -111.009646, 48.882757 ], [ -111.009629, 48.883565 ] ] ] } },
{ "type": "Feature", "properties": { "TYPEPIPE": "Intrastate", "Operator": "Northwestern Energy Co", "Status": "Operating", "Shape_Leng": 0.00092949287, "STATEFP": "30", "STATENS": "00767982", "AFFGEOID": "0400000US30", "GEOID": "30", "STUSPS": "MT", "NAME": "Montana", "LSAD": "00", "ALAND": 376962738765, "AWATER": 3869208832 }, "geometry": { "type": "MultiLineString", "coordinates": [ [ [ -111.009629, 48.883565 ], [ -111.00946, 48.884479 ] ] ] } },
{ "type": "Feature", "properties": { "TYPEPIPE": "Intrastate", "Operator": "Northwestern Energy Co", "Status": "Operating", "Shape_Leng": 0.03816605048, "STATEFP": "30", "STATENS": "00767982", "AFFGEOID": "0400000US30", "GEOID": "30", "STUSPS": "MT", "NAME": "Montana", "LSAD": "00", "ALAND": 376962738765, "AWATER": 3869208832 }, "geometry": { "type": "MultiLineString", "coordinates": [ [ [ -111.009629, 48.883565 ], [ -111.010236, 48.883256 ], [ -111.010622, 48.883355 ], [ -111.011198, 48.883323 ], [ -111.011538, 48.883116 ], [ -111.011567, 48.882712 ], [ -111.01152, 48.882431 ], [ -111.016477, 48.879341 ], [ -111.0181, 48.870785 ], [ -111.019833, 48.866436 ], [ -111.018934, 48.864368 ], [ -111.017368, 48.861724 ], [ -111.015783, 48.85986 ], [ -111.018304, 48.851831 ] ] ] } },
{ "type": "Feature", "properties": { "TYPEPIPE": "Intrastate", "Operator": "Northwestern Energy Co", "Status": "Operating", "Shape_Leng": 0.02957718257, "STATEFP": "30", "STATENS": "00767982", "AFFGEOID": "0400000US30", "GEOID": "30", "STUSPS": "MT", "NAME": "Montana", "LSAD": "00", "ALAND": 376962738765, "AWATER": 3869208832 }, "geometry": { "type": "MultiLineString", "coordinates": [ [ [ -110.991734, 48.89795 ], [ -110.965082, 48.885125 ] ] ] } },
{ "type": "Feature", "properties": { "TYPEPIPE": "Intrastate", "Operator": "Northwestern Energy Co", "Status": "Operating", "Shape_Leng": 0.02396262293, "STATEFP": "30", "STATENS": "00767982", "AFFGEOID": "0400000US30", "GEOID": "30", "STUSPS": "MT", "NAME": "Montana", "LSAD": "00", "ALAND": 376962738765, "AWATER": 3869208832 }, "geometry": { "type": "MultiLineString", "coordinates": [ [ [ -110.991734, 48.89795 ], [ -110.997082, 48.895014 ], [ -111.00629, 48.885244 ], [ -111.008723, 48.882711 ], [ -111.009646, 48.882757 ] ] ] } },
{ "type": "Feature", "properties": { "TYPEPIPE": "Intrastate", "Operator": "Northwestern Energy Co", "Status": "Operating", "Shape_Leng": 0.05527914513, "STATEFP": "30", "STATENS": "00767982", "AFFGEOID": "0400000US30", "GEOID": "30", "STUSPS": "MT", "NAME": "Montana", "LSAD": "00", "ALAND": 376962738765, "AWATER": 3869208832 }, "geometry": { "type": "MultiLineString", "coordinates": [ [ [ -111.032043, 48.910361 ], [ -111.031194, 48.911715 ], [ -111.029137, 48.912519 ], [ -111.027366, 48.913929 ], [ -111.023782, 48.9166 ], [ -111.022756, 48.925962 ], [ -111.024747, 48.930072 ], [ -111.024098, 48.933269 ], [ -111.024266, 48.941253 ], [ -111.023373, 48.9424 ], [ -111.025554, 48.946357 ], [ -111.014758, 48.954519 ] ] ] } },
{ "type": "Feature", "properties": { "TYPEPIPE": "Intrastate", "Operator": "Northwestern Energy Co", "Status": "Operating", "Shape_Leng": 0.00157174298, "STATEFP": "30", "STATENS": "00767982", "AFFGEOID": "0400000US30", "GEOID": "30", "STUSPS": "MT", "NAME": "Montana", "LSAD": "00", "ALAND": 376962738765, "AWATER": 3869208832 }, "geometry": { "type": "MultiLineString", "coordinates": [ [ [ -111.047307, 48.913174 ], [ -111.047233, 48.914744 ] ] ] } },
{ "type": "Feature", "properties": { "TYPEPIPE": "Intrastate", "Operator": "Northwestern Energy Co", "Status": "Operating", "Shape_Leng": 0.00265963851, "STATEFP": "30", "STATENS": "00767982", "AFFGEOID": "0400000US30", "GEOID": "30", "STUSPS": "MT", "NAME": "Montana", "LSAD": "00", "ALAND": 376962738765, "AWATER": 3869208832 }, "geometry": { "type": "MultiLineString", "coordinates": [ [ [ -111.054757, 48.899696 ], [ -111.057096, 48.900962 ] ] ] } },
{ "type": "Feature", "properties": { "TYPEPIPE": "Intrastate", "Operator": "Northwestern Energy Co", "Status": "Operating", "Shape_Leng": 0.01255584696, "STATEFP": "30", "STATENS": "00767982", "AFFGEOID": "0400000US30", "GEOID": "30", "STUSPS": "MT", "NAME": "Montana", "LSAD": "00", "ALAND": 376962738765, "AWATER": 3869208832 }, "geometry": { "type": "MultiLineString", "coordinates": [ [ [ -111.050347, 48.913273 ], [ -111.053525, 48.901126 ] ] ] } },
{ "type": "Feature", "properties": { "TYPEPIPE": "Intrastate", "Operator": "Northwestern Energy Co", "Status": "Operating", "Shape_Leng": 0.00165432917, "STATEFP": "30", "STATENS": "00767982", "AFFGEOID": "0400000US30", "GEOID": "30", "STUSPS": "MT", "NAME": "Montana", "LSAD": "00", "ALAND": 376962738765, "AWATER": 3869208832 }, "geometry": { "type": "MultiLineString", "coordinates": [ [ [ -111.053525, 48.901126 ], [ -111.051871, 48.901093 ] ] ] } },
{ "type": "Feature", "properties": { "TYPEPIPE": "Intrastate", "Operator": "Northwestern Energy Co", "Status": "Operating", "Shape_Leng": 0.00878525276, "STATEFP": "30", "STATENS": "00767982", "AFFGEOID": "0400000US30", "GEOID": "30", "STUSPS": "MT", "NAME": "Montana", "LSAD": "00", "ALAND": 376962738765, "AWATER": 3869208832 }, "geometry": { "type": "MultiLineString", "coordinates": [ [ [ -111.053713, 48.918407 ], [ -111.059342, 48.911662 ] ] ] } },
{ "type": "Feature", "properties": { "TYPEPIPE": "Intrastate", "Operator": "Northwestern Energy Co", "Status": "Operating", "Shape_Leng": 0.04478375785, "STATEFP": "30", "STATENS": "00767982", "AFFGEOID": "0400000US30", "GEOID": "30", "STUSPS": "MT", "NAME": "Montana", "LSAD": "00", "ALAND": 376962738765, "AWATER": 3869208832 }, "geometry": { "type": "MultiLineString", "coordinates": [ [ [ -111.079903, 48.945358 ], [ -111.078005, 48.940592 ], [ -111.080935, 48.936554 ], [ -111.081473, 48.933661 ], [ -111.070397, 48.926679 ], [ -111.065009, 48.925113 ], [ -111.066593, 48.923956 ], [ -111.066611, 48.923196 ], [ -111.064294, 48.922865 ], [ -111.063302, 48.921709 ], [ -111.058176, 48.922795 ], [ -111.057496, 48.921815 ] ] ] } },
{ "type": "Feature", "properties": { "TYPEPIPE": "Intrastate", "Operator": "Northwestern Energy Co", "Status": "Operating", "Shape_Leng": 0.00798277727, "STATEFP": "30", "STATENS": "00767982", "AFFGEOID": "0400000US30", "GEOID": "30", "STUSPS": "MT", "NAME": "Montana", "LSAD": "00", "ALAND": 376962738765, "AWATER": 3869208832 }, "geometry": { "type": "MultiLineString", "coordinates": [ [ [ -111.057496, 48.921815 ], [ -111.064674, 48.918322 ] ] ] } },
{ "type": "Feature", "properties": { "TYPEPIPE": "Intrastate", "Operator": "Northwestern Energy Co", "Status": "Operating", "Shape_Leng": 0.00836651868, "STATEFP": "30", "STATENS": "00767982", "AFFGEOID": "0400000US30", "GEOID": "30", "STUSPS": "MT", "NAME": "Montana", "LSAD": "00", "ALAND": 376962738765, "AWATER": 3869208832 }, "geometry": { "type": "MultiLineString", "coordinates": [ [ [ -111.210947, 48.970227 ], [ -111.211513, 48.971129 ], [ -111.204947, 48.974323 ] ] ] } },
{ "type": "Feature", "properties": { "TYPEPIPE": "Intrastate", "Operator": "Northwestern Energy Co", "Status": "Operating", "Shape_Leng": 0.00450145382, "STATEFP": "30", "STATENS": "00767982", "AFFGEOID": "0400000US30", "GEOID": "30", "STUSPS": "MT", "NAME": "Montana", "LSAD": "00", "ALAND": 376962738765, "AWATER": 3869208832 }, "geometry": { "type": "MultiLineString", "coordinates": [ [ [ -111.148189, 48.960119 ], [ -111.149218, 48.962444 ], [ -111.149394, 48.964395 ] ] ] } },
{ "type": "Feature", "properties": { "TYPEPIPE": "Intrastate", "Operator": "Northwestern Energy Co", "Status": "Operating", "Shape_Leng": 0.0019052719, "STATEFP": "30", "STATENS": "00767982", "AFFGEOID": "0400000US30", "GEOID": "30", "STUSPS": "MT", "NAME": "Montana", "LSAD": "00", "ALAND": 376962738765, "AWATER": 3869208832 }, "geometry": { "type": "MultiLineString", "coordinates": [ [ [ -111.164746, 48.955586 ], [ -111.163271, 48.956792 ] ] ] } },
{ "type": "Feature", "properties": { "TYPEPIPE": "Intrastate", "Operator": "Northwestern Energy Co", "Status": "Operating", "Shape_Leng": 0.00681066673, "STATEFP": "30", "STATENS": "00767982", "AFFGEOID": "0400000US30", "GEOID": "30", "STUSPS": "MT", "NAME": "Montana", "LSAD": "00", "ALAND": 376962738765, "AWATER": 3869208832 }, "geometry": { "type": "MultiLineString", "coordinates": [ [ [ -111.164746, 48.955586 ], [ -111.165966, 48.959897 ], [ -111.163742, 48.960593 ] ] ] } },
{ "type": "Feature", "properties": { "TYPEPIPE": "Intrastate", "Operator": "Northwestern Energy Co", "Status": "Operating", "Shape_Leng": 0.00448903041, "STATEFP": "30", "STATENS": "00767982", "AFFGEOID": "0400000US30", "GEOID": "30", "STUSPS": "MT", "NAME": "Montana", "LSAD": "00", "ALAND": 376962738765, "AWATER": 3869208832 }, "geometry": { "type": "MultiLineString", "coordinates": [ [ [ -111.189969, 48.950002 ], [ -111.190104, 48.945515 ] ] ] } },
{ "type": "Feature", "properties": { "TYPEPIPE": "Intrastate", "Operator": "Northwestern Energy Co", "Status": "Operating", "Shape_Leng": 0.00968791105, "STATEFP": "30", "STATENS": "00767982", "AFFGEOID": "0400000US30", "GEOID": "30", "STUSPS": "MT", "NAME": "Montana", "LSAD": "00", "ALAND": 376962738765, "AWATER": 3869208832 }, "geometry": { "type": "MultiLineString", "coordinates": [ [ [ -111.199566, 48.951145 ], [ -111.198994, 48.942694 ], [ -111.199247, 48.941503 ] ] ] } },
{ "type": "Feature", "properties": { "TYPEPIPE": "Intrastate", "Operator": "Northwestern Energy Co", "Status": "Operating", "Shape_Leng": 0.02244053242, "STATEFP": "30", "STATENS": "00767982", "AFFGEOID": "0400000US30", "GEOID": "30", "STUSPS": "MT", "NAME": "Montana", "LSAD": "00", "ALAND": 376962738765, "AWATER": 3869208832 }, "geometry": { "type": "MultiLineString", "coordinates": [ [ [ -111.183146, 48.990001 ], [ -111.173012, 48.987225 ], [ -111.164217, 48.990817 ], [ -111.162296, 48.99231 ] ] ] } },
{ "type": "Feature", "properties": { "TYPEPIPE": "Intrastate", "Operator": "Northwestern Energy Co", "Status": "Operating", "Shape_Leng": 0.00576027126, "STATEFP": "30", "STATENS": "00767982", "AFFGEOID": "0400000US30", "GEOID": "30", "STUSPS": "MT", "NAME": "Montana", "LSAD": "00", "ALAND": 376962738765, "AWATER": 3869208832 }, "geometry": { "type": "MultiLineString", "coordinates": [ [ [ -111.064311, 48.971009 ], [ -111.062533, 48.976488 ] ] ] } },
{ "type": "Feature", "properties": { "TYPEPIPE": "Intrastate", "Operator": "Northwestern Energy Co", "Status": "Operating", "Shape_Leng": 0.01546255002, "STATEFP": "30", "STATENS": "00767982", "AFFGEOID": "0400000US30", "GEOID": "30", "STUSPS": "MT", "NAME": "Montana", "LSAD": "00", "ALAND": 376962738765, "AWATER": 3869208832 }, "geometry": { "type": "MultiLineString", "coordinates": [ [ [ -111.101579, 48.973707 ], [ -111.102764, 48.969573 ], [ -111.10107, 48.965905 ], [ -111.105549, 48.960368 ] ] ] } },
{ "type": "Feature", "properties": { "TYPEPIPE": "Intrastate", "Operator": "Northwestern Energy Co", "Status": "Operating", "Shape_Leng": 0.00427562599, "STATEFP": "30", "STATENS": "00767982", "AFFGEOID": "0400000US30", "GEOID": "30", "STUSPS": "MT", "NAME": "Montana", "LSAD": "00", "ALAND": 376962738765, "AWATER": 3869208832 }, "geometry": { "type": "MultiLineString", "coordinates": [ [ [ -111.105549, 48.960368 ], [ -111.10728, 48.960259 ], [ -111.109222, 48.961898 ] ] ] } },
{ "type": "Feature", "properties": { "TYPEPIPE": "Intrastate", "Operator": "Northwestern Energy Co", "Status": "Operating", "Shape_Leng": 0.00754962635, "STATEFP": "30", "STATENS": "00767982", "AFFGEOID": "0400000US30", "GEOID": "30", "STUSPS": "MT", "NAME": "Montana", "LSAD": "00", "ALAND": 376962738765, "AWATER": 3869208832 }, "geometry": { "type": "MultiLineString", "coordinates": [ [ [ -111.121631, 48.966439 ], [ -111.125284, 48.973046 ] ] ] } },
{ "type": "Feature", "properties": { "TYPEPIPE": "Intrastate", "Operator": "Northwestern Energy Co", "Status": "Operating", "Shape_Leng": 0.00395643198, "STATEFP": "30", "STATENS": "00767982", "AFFGEOID": "0400000US30", "GEOID": "30", "STUSPS": "MT", "NAME": "Montana", "LSAD": "00", "ALAND": 376962738765, "AWATER": 3869208832 }, "geometry": { "type": "MultiLineString", "coordinates": [ [ [ -111.136004, 48.962793 ], [ -111.134131, 48.959308 ] ] ] } },
{ "type": "Feature", "properties": { "TYPEPIPE": "Intrastate", "Operator": "Northwestern Energy Co", "Status": "Operating", "Shape_Leng": 0.0031905125, "STATEFP": "30", "STATENS": "00767982", "AFFGEOID": "0400000US30", "GEOID": "30", "STUSPS": "MT", "NAME": "Montana", "LSAD": "00", "ALAND": 376962738765, "AWATER": 3869208832 }, "geometry": { "type": "MultiLineString", "coordinates": [ [ [ -111.155744, 48.955738 ], [ -111.156257, 48.952589 ] ] ] } },
{ "type": "Feature", "properties": { "TYPEPIPE": "Intrastate", "Operator": "Northwestern Energy Co", "Status": "Operating", "Shape_Leng": 0.00929114573, "STATEFP": "30", "STATENS": "00767982", "AFFGEOID": "0400000US30", "GEOID": "30", "STUSPS": "MT", "NAME": "Montana", "LSAD": "00", "ALAND": 376962738765, "AWATER": 3869208832 }, "geometry": { "type": "MultiLineString", "coordinates": [ [ [ -111.169171, 48.952876 ], [ -111.177701, 48.956559 ] ] ] } },
{ "type": "Feature", "properties": { "TYPEPIPE": "Intrastate", "Operator": "Northwestern Energy Co", "Status": "Operating", "Shape_Leng": 0.00988463315, "STATEFP": "30", "STATENS": "00767982", "AFFGEOID": "0400000US30", "GEOID": "30", "STUSPS": "MT", "NAME": "Montana", "LSAD": "00", "ALAND": 376962738765, "AWATER": 3869208832 }, "geometry": { "type": "MultiLineString", "coordinates": [ [ [ -111.171329, 48.951613 ], [ -111.163674, 48.948661 ], [ -111.162016, 48.948389 ] ] ] } },
{ "type": "Feature", "properties": { "TYPEPIPE": "Intrastate", "Operator": "Northwestern Energy Co", "Status": "Operating", "Shape_Leng": 0.00974520419, "STATEFP": "30", "STATENS": "00767982", "AFFGEOID": "0400000US30", "GEOID": "30", "STUSPS": "MT", "NAME": "Montana", "LSAD": "00", "ALAND": 376962738765, "AWATER": 3869208832 }, "geometry": { "type": "MultiLineString", "coordinates": [ [ [ -111.183641, 48.951499 ], [ -111.183685, 48.955067 ], [ -111.186755, 48.960427 ] ] ] } },
{ "type": "Feature", "properties": { "TYPEPIPE": "Intrastate", "Operator": "Northwestern Energy Co", "Status": "Operating", "Shape_Leng": 0.00383027101, "STATEFP": "30", "STATENS": "00767982", "AFFGEOID": "0400000US30", "GEOID": "30", "STUSPS": "MT", "NAME": "Montana", "LSAD": "00", "ALAND": 376962738765, "AWATER": 3869208832 }, "geometry": { "type": "MultiLineString", "coordinates": [ [ [ -111.199566, 48.951145 ], [ -111.200806, 48.954769 ] ] ] } },
{ "type": "Feature", "properties": { "TYPEPIPE": "Intrastate", "Operator": "Northwestern Energy Co", "Status": "Operating", "Shape_Leng": 0.00411663467, "STATEFP": "30", "STATENS": "00767982", "AFFGEOID": "0400000US30", "GEOID": "30", "STUSPS": "MT", "NAME": "Montana", "LSAD": "00", "ALAND": 376962738765, "AWATER": 3869208832 }, "geometry": { "type": "MultiLineString", "coordinates": [ [ [ -111.200806, 48.954769 ], [ -111.204921, 48.954653 ] ] ] } },
{ "type": "Feature", "properties": { "TYPEPIPE": "Intrastate", "Operator": "Northwestern Energy Co", "Status": "Operating", "Shape_Leng": 0.00720928429, "STATEFP": "30", "STATENS": "00767982", "AFFGEOID": "0400000US30", "GEOID": "30", "STUSPS": "MT", "NAME": "Montana", "LSAD": "00", "ALAND": 376962738765, "AWATER": 3869208832 }, "geometry": { "type": "MultiLineString", "coordinates": [ [ [ -111.20092, 48.960598 ], [ -111.208122, 48.960922 ] ] ] } },
{ "type": "Feature", "properties": { "TYPEPIPE": "Intrastate", "Operator": "Northwestern Energy Co", "Status": "Operating", "Shape_Leng": 0.00165849842, "STATEFP": "30", "STATENS": "00767982", "AFFGEOID": "0400000US30", "GEOID": "30", "STUSPS": "MT", "NAME": "Montana", "LSAD": "00", "ALAND": 376962738765, "AWATER": 3869208832 }, "geometry": { "type": "MultiLineString", "coordinates": [ [ [ -111.200853, 48.961331 ], [ -111.199197, 48.96124 ] ] ] } },
{ "type": "Feature", "properties": { "TYPEPIPE": "Intrastate", "Operator": "Northwestern Energy Co", "Status": "Operating", "Shape_Leng": 0.03651487394, "STATEFP": "30", "STATENS": "00767982", "AFFGEOID": "0400000US30", "GEOID": "30", "STUSPS": "MT", "NAME": "Montana", "LSAD": "00", "ALAND": 376962738765, "AWATER": 3869208832 }, "geometry": { "type": "MultiLineString", "coordinates": [ [ [ -111.013992, 48.978628 ], [ -111.013977, 48.969326 ], [ -110.986802, 48.970761 ] ] ] } },
{ "type": "Feature", "properties": { "TYPEPIPE": "Intrastate", "Operator": "Northwestern Energy Co", "Status": "Operating", "Shape_Leng": 0.01491025419, "STATEFP": "30", "STATENS": "00767982", "AFFGEOID": "0400000US30", "GEOID": "30", "STUSPS": "MT", "NAME": "Montana", "LSAD": "00", "ALAND": 376962738765, "AWATER": 3869208832 }, "geometry": { "type": "MultiLineString", "coordinates": [ [ [ -112.403207, 48.874569 ], [ -112.413355, 48.863645 ] ] ] } },
{ "type": "Feature", "properties": { "TYPEPIPE": "Intrastate", "Operator": "Northwestern Energy Co", "Status": "Operating", "Shape_Leng": 0.01173942631, "STATEFP": "30", "STATENS": "00767982", "AFFGEOID": "0400000US30", "GEOID": "30", "STUSPS": "MT", "NAME": "Montana", "LSAD": "00", "ALAND": 376962738765, "AWATER": 3869208832 }, "geometry": { "type": "MultiLineString", "coordinates": [ [ [ -112.424922, 48.87715 ], [ -112.434195, 48.869951 ] ] ] } },
{ "type": "Feature", "properties": { "TYPEPIPE": "Intrastate", "Operator": "Northwestern Energy Co", "Status": "Operating", "Shape_Leng": 0.01368392641, "STATEFP": "30", "STATENS": "00767982", "AFFGEOID": "0400000US30", "GEOID": "30", "STUSPS": "MT", "NAME": "Montana", "LSAD": "00", "ALAND": 376962738765, "AWATER": 3869208832 }, "geometry": { "type": "MultiLineString", "coordinates": [ [ [ -112.400098, 48.859595 ], [ -112.388467, 48.866804 ] ] ] } },
{ "type": "Feature", "properties": { "TYPEPIPE": "Intrastate", "Operator": "Northwestern Energy Co", "Status": "Operating", "Shape_Leng": 0.08917101424, "STATEFP": "30", "STATENS": "00767982", "AFFGEOID": "0400000US30", "GEOID": "30", "STUSPS": "MT", "NAME": "Montana", "LSAD": "00", "ALAND": 376962738765, "AWATER": 3869208832 }, "geometry": { "type": "MultiLineString", "coordinates": [ [ [ -112.12205, 48.632963 ], [ -112.120824, 48.633094 ], [ -112.03516, 48.652963 ] ] ] } },
{ "type": "Feature", "properties": { "TYPEPIPE": "Intrastate", "Operator": "Northwestern Energy Co", "Status": "Operating", "Shape_Leng": 0.13897408949000001, "STATEFP": "30", "STATENS": "00767982", "AFFGEOID": "0400000US30", "GEOID": "30", "STUSPS": "MT", "NAME": "Montana", "LSAD": "00", "ALAND": 376962738765, "AWATER": 3869208832 }, "geometry": { "type": "MultiLineString", "coordinates": [ [ [ -112.12205, 48.632963 ], [ -112.121937, 48.653427 ], [ -112.14452, 48.6687 ], [ -112.145219, 48.698823 ], [ -112.144367, 48.759933 ] ] ] } },
{ "type": "Feature", "properties": { "TYPEPIPE": "Intrastate", "Operator": "Northwestern Energy Co", "Status": "Operating", "Shape_Leng": 0.02049321764, "STATEFP": "30", "STATENS": "00767982", "AFFGEOID": "0400000US30", "GEOID": "30", "STUSPS": "MT", "NAME": "Montana", "LSAD": "00", "ALAND": 376962738765, "AWATER": 3869208832 }, "geometry": { "type": "MultiLineString", "coordinates": [ [ [ -112.47452, 48.920095 ], [ -112.474547, 48.910792 ], [ -112.472305, 48.909246 ], [ -112.465232, 48.904592 ] ] ] } },
{ "type": "Feature", "properties": { "TYPEPIPE": "Intrastate", "Operator": "Northwestern Energy Co", "Status": "Operating", "Shape_Leng": 0.06863348231, "STATEFP": "30", "STATENS": "00767982", "AFFGEOID": "0400000US30", "GEOID": "30", "STUSPS": "MT", "NAME": "Montana", "LSAD": "00", "ALAND": 376962738765, "AWATER": 3869208832 }, "geometry": { "type": "MultiLineString", "coordinates": [ [ [ -112.283468, 48.637652 ], [ -112.282469, 48.627231 ], [ -112.281769, 48.626831 ], [ -112.281378, 48.626524 ], [ -112.281134, 48.625888 ], [ -112.282084, 48.625449 ], [ -112.28093, 48.616687 ], [ -112.273282, 48.614571 ], [ -112.275085, 48.612757 ], [ -112.274789, 48.597516 ], [ -112.273319, 48.593498 ], [ -112.264347, 48.585009 ], [ -112.266774, 48.581919 ] ] ] } },
{ "type": "Feature", "properties": { "TYPEPIPE": "Intrastate", "Operator": "Northwestern Energy Co", "Status": "Operating", "Shape_Leng": 0.02291311048, "STATEFP": "30", "STATENS": "00767982", "AFFGEOID": "0400000US30", "GEOID": "30", "STUSPS": "MT", "NAME": "Montana", "LSAD": "00", "ALAND": 376962738765, "AWATER": 3869208832 }, "geometry": { "type": "MultiLineString", "coordinates": [ [ [ -112.266774, 48.581919 ], [ -112.263398, 48.567785 ], [ -112.26405, 48.562459 ], [ -112.266703, 48.561025 ] ] ] } },
{ "type": "Feature", "properties": { "TYPEPIPE": "Intrastate", "Operator": "Northwestern Energy Co", "Status": "Operating", "Shape_Leng": 0.00713170176, "STATEFP": "30", "STATENS": "00767982", "AFFGEOID": "0400000US30", "GEOID": "30", "STUSPS": "MT", "NAME": "Montana", "LSAD": "00", "ALAND": 376962738765, "AWATER": 3869208832 }, "geometry": { "type": "MultiLineString", "coordinates": [ [ [ -112.266774, 48.581919 ], [ -112.273885, 48.582462 ] ] ] } },
{ "type": "Feature", "properties": { "TYPEPIPE": "Intrastate", "Operator": "Northwestern Energy Co", "Status": "Operating", "Shape_Leng": 0.55520264065000002, "STATEFP": "30", "STATENS": "00767982", "AFFGEOID": "0400000US30", "GEOID": "30", "STUSPS": "MT", "NAME": "Montana", "LSAD": "00", "ALAND": 376962738765, "AWATER": 3869208832 }, "geometry": { "type": "MultiLineString", "coordinates": [ [ [ -112.761763, 48.812603 ], [ -112.314899, 48.63982 ], [ -112.28097, 48.625453 ], [ -112.248105, 48.611483 ], [ -112.246875, 48.611357 ], [ -112.246808, 48.611794 ], [ -112.24604, 48.611847 ], [ -112.245578, 48.611744 ], [ -112.245108, 48.61134 ] ] ] } },
{ "type": "Feature", "properties": { "TYPEPIPE": "Intrastate", "Operator": "Northwestern Energy Co", "Status": "Operating", "Shape_Leng": 0.00607036607, "STATEFP": "30", "STATENS": "00767982", "AFFGEOID": "0400000US30", "GEOID": "30", "STUSPS": "MT", "NAME": "Montana", "LSAD": "00", "ALAND": 376962738765, "AWATER": 3869208832 }, "geometry": { "type": "MultiLineString", "coordinates": [ [ [ -112.259192, 48.829203 ], [ -112.256263, 48.829264 ], [ -112.255899, 48.828475 ], [ -112.256194, 48.827811 ], [ -112.256834, 48.827094 ], [ -112.256821, 48.82651 ] ] ] } },
{ "type": "Feature", "properties": { "TYPEPIPE": "Intrastate", "Operator": "Northwestern Energy Co", "Status": "Operating", "Shape_Leng": 0.01804697929, "STATEFP": "30", "STATENS": "00767982", "AFFGEOID": "0400000US30", "GEOID": "30", "STUSPS": "MT", "NAME": "Montana", "LSAD": "00", "ALAND": 376962738765, "AWATER": 3869208832 }, "geometry": { "type": "MultiLineString", "coordinates": [ [ [ -112.257949, 48.84646 ], [ -112.253158, 48.846066 ], [ -112.252081, 48.846244 ], [ -112.251228, 48.846018 ], [ -112.251145, 48.845714 ], [ -112.249261, 48.846022 ], [ -112.248798, 48.846027 ], [ -112.248329, 48.845745 ], [ -112.248129, 48.845415 ], [ -112.240515, 48.844722 ] ] ] } },
{ "type": "Feature", "properties": { "TYPEPIPE": "Intrastate", "Operator": "Northwestern Energy Co", "Status": "Operating", "Shape_Leng": 0.02435594253, "STATEFP": "30", "STATENS": "00767982", "AFFGEOID": "0400000US30", "GEOID": "30", "STUSPS": "MT", "NAME": "Montana", "LSAD": "00", "ALAND": 376962738765, "AWATER": 3869208832 }, "geometry": { "type": "MultiLineString", "coordinates": [ [ [ -112.21248, 48.822538 ], [ -112.21255, 48.822421 ], [ -112.208078, 48.815016 ], [ -112.223357, 48.812025 ] ] ] } },
{ "type": "Feature", "properties": { "TYPEPIPE": "Intrastate", "Operator": "Northwestern Energy Co", "Status": "Operating", "Shape_Leng": 0.0047614461, "STATEFP": "30", "STATENS": "00767982", "AFFGEOID": "0400000US30", "GEOID": "30", "STUSPS": "MT", "NAME": "Montana", "LSAD": "00", "ALAND": 376962738765, "AWATER": 3869208832 }, "geometry": { "type": "MultiLineString", "coordinates": [ [ [ -112.21248, 48.822538 ], [ -112.217205, 48.82195 ] ] ] } },
{ "type": "Feature", "properties": { "TYPEPIPE": "Intrastate", "Operator": "Northwestern Energy Co", "Status": "Operating", "Shape_Leng": 0.0167960354, "STATEFP": "30", "STATENS": "00767982", "AFFGEOID": "0400000US30", "GEOID": "30", "STUSPS": "MT", "NAME": "Montana", "LSAD": "00", "ALAND": 376962738765, "AWATER": 3869208832 }, "geometry": { "type": "MultiLineString", "coordinates": [ [ [ -112.26466, 48.810896 ], [ -112.261622, 48.827415 ] ] ] } },
{ "type": "Feature", "properties": { "TYPEPIPE": "Intrastate", "Operator": "Northwestern Energy Co", "Status": "Operating", "Shape_Leng": 0.01494318043, "STATEFP": "30", "STATENS": "00767982", "AFFGEOID": "0400000US30", "GEOID": "30", "STUSPS": "MT", "NAME": "Montana", "LSAD": "00", "ALAND": 376962738765, "AWATER": 3869208832 }, "geometry": { "type": "MultiLineString", "coordinates": [ [ [ -112.185094, 48.818253 ], [ -112.185172, 48.818306 ], [ -112.194658, 48.824072 ], [ -112.19829, 48.824496 ], [ -112.198367, 48.824545 ] ] ] } },
{ "type": "Feature", "properties": { "TYPEPIPE": "Intrastate", "Operator": "Northwestern Energy Co", "Status": "Operating", "Shape_Leng": 0.00648930828, "STATEFP": "30", "STATENS": "00767982", "AFFGEOID": "0400000US30", "GEOID": "30", "STUSPS": "MT", "NAME": "Montana", "LSAD": "00", "ALAND": 376962738765, "AWATER": 3869208832 }, "geometry": { "type": "MultiLineString", "coordinates": [ [ [ -112.252951, 48.855907 ], [ -112.259232, 48.857538 ] ] ] } },
{ "type": "Feature", "properties": { "TYPEPIPE": "Intrastate", "Operator": "Northwestern Energy Co", "Status": "Operating", "Shape_Leng": 0.00011275194, "STATEFP": "30", "STATENS": "00767982", "AFFGEOID": "0400000US30", "GEOID": "30", "STUSPS": "MT", "NAME": "Montana", "LSAD": "00", "ALAND": 376962738765, "AWATER": 3869208832 }, "geometry": { "type": "MultiLineString", "coordinates": [ [ [ -112.23195, 48.828476 ], [ -112.232062, 48.828489 ] ] ] } },
{ "type": "Feature", "properties": { "TYPEPIPE": "Intrastate", "Operator": "Northwestern Energy Co", "Status": "Operating", "Shape_Leng": 0.00541395105, "STATEFP": "30", "STATENS": "00767982", "AFFGEOID": "0400000US30", "GEOID": "30", "STUSPS": "MT", "NAME": "Montana", "LSAD": "00", "ALAND": 376962738765, "AWATER": 3869208832 }, "geometry": { "type": "MultiLineString", "coordinates": [ [ [ -112.261487, 48.830087 ], [ -112.263492, 48.835116 ] ] ] } },
{ "type": "Feature", "properties": { "TYPEPIPE": "Intrastate", "Operator": "Northwestern Energy Co", "Status": "Operating", "Shape_Leng": 0.01284935984, "STATEFP": "30", "STATENS": "00767982", "AFFGEOID": "0400000US30", "GEOID": "30", "STUSPS": "MT", "NAME": "Montana", "LSAD": "00", "ALAND": 376962738765, "AWATER": 3869208832 }, "geometry": { "type": "MultiLineString", "coordinates": [ [ [ -112.263492, 48.835116 ], [ -112.263526, 48.835202 ], [ -112.263731, 48.835762 ], [ -112.257949, 48.84646 ] ] ] } },
{ "type": "Feature", "properties": { "TYPEPIPE": "Intrastate", "Operator": "Northwestern Energy Co", "Status": "Operating", "Shape_Leng": 0.00337200237, "STATEFP": "30", "STATENS": "00767982", "AFFGEOID": "0400000US30", "GEOID": "30", "STUSPS": "MT", "NAME": "Montana", "LSAD": "00", "ALAND": 376962738765, "AWATER": 3869208832 }, "geometry": { "type": "MultiLineString", "coordinates": [ [ [ -112.260472, 48.836616 ], [ -112.263492, 48.835116 ] ] ] } },
{ "type": "Feature", "properties": { "TYPEPIPE": "Intrastate", "Operator": "Northwestern Energy Co", "Status": "Operating", "Shape_Leng": 0.0134954913, "STATEFP": "30", "STATENS": "00767982", "AFFGEOID": "0400000US30", "GEOID": "30", "STUSPS": "MT", "NAME": "Montana", "LSAD": "00", "ALAND": 376962738765, "AWATER": 3869208832 }, "geometry": { "type": "MultiLineString", "coordinates": [ [ [ -112.232271, 48.827761 ], [ -112.231836, 48.826449 ], [ -112.231892, 48.825506 ], [ -112.233069, 48.824688 ], [ -112.235029, 48.824351 ], [ -112.24054, 48.818907 ] ] ] } },
{ "type": "Feature", "properties": { "TYPEPIPE": "Intrastate", "Operator": "Northwestern Energy Co", "Status": "Operating", "Shape_Leng": 0.00764283488, "STATEFP": "30", "STATENS": "00767982", "AFFGEOID": "0400000US30", "GEOID": "30", "STUSPS": "MT", "NAME": "Montana", "LSAD": "00", "ALAND": 376962738765, "AWATER": 3869208832 }, "geometry": { "type": "MultiLineString", "coordinates": [ [ [ -112.231399, 48.827751 ], [ -112.228513, 48.820674 ] ] ] } },
{ "type": "Feature", "properties": { "TYPEPIPE": "Intrastate", "Operator": "Northwestern Energy Co", "Status": "Operating", "Shape_Leng": 0.02746208312, "STATEFP": "30", "STATENS": "00767982", "AFFGEOID": "0400000US30", "GEOID": "30", "STUSPS": "MT", "NAME": "Montana", "LSAD": "00", "ALAND": 376962738765, "AWATER": 3869208832 }, "geometry": { "type": "MultiLineString", "coordinates": [ [ [ -112.231399, 48.827751 ], [ -112.232007, 48.82729 ], [ -112.233353, 48.827136 ], [ -112.234637, 48.827692 ], [ -112.258582, 48.827754 ] ] ] } },
{ "type": "Feature", "properties": { "TYPEPIPE": "Intrastate", "Operator": "Northwestern Energy Co", "Status": "Operating", "Shape_Leng": 0.00438895618, "STATEFP": "30", "STATENS": "00767982", "AFFGEOID": "0400000US30", "GEOID": "30", "STUSPS": "MT", "NAME": "Montana", "LSAD": "00", "ALAND": 376962738765, "AWATER": 3869208832 }, "geometry": { "type": "MultiLineString", "coordinates": [ [ [ -112.267476, 48.8342 ], [ -112.263334, 48.835231 ], [ -112.263273, 48.835335 ] ] ] } },
{ "type": "Feature", "properties": { "TYPEPIPE": "Intrastate", "Operator": "Northwestern Energy Co", "Status": "Operating", "Shape_Leng": 0.01086667603, "STATEFP": "30", "STATENS": "00767982", "AFFGEOID": "0400000US30", "GEOID": "30", "STUSPS": "MT", "NAME": "Montana", "LSAD": "00", "ALAND": 376962738765, "AWATER": 3869208832 }, "geometry": { "type": "MultiLineString", "coordinates": [ [ [ -112.263273, 48.835335 ], [ -112.262145, 48.837323 ], [ -112.257326, 48.844423 ] ] ] } },
{ "type": "Feature", "properties": { "TYPEPIPE": "Intrastate", "Operator": "Northwestern Energy Co", "Status": "Operating", "Shape_Leng": 0.01555677386, "STATEFP": "30", "STATENS": "00767982", "AFFGEOID": "0400000US30", "GEOID": "30", "STUSPS": "MT", "NAME": "Montana", "LSAD": "00", "ALAND": 376962738765, "AWATER": 3869208832 }, "geometry": { "type": "MultiLineString", "coordinates": [ [ [ -112.23195, 48.828476 ], [ -112.216713, 48.831614 ] ] ] } },
{ "type": "Feature", "properties": { "TYPEPIPE": "Intrastate", "Operator": "Northwestern Energy Co", "Status": "Operating", "Shape_Leng": 0.03354226631, "STATEFP": "30", "STATENS": "00767982", "AFFGEOID": "0400000US30", "GEOID": "30", "STUSPS": "MT", "NAME": "Montana", "LSAD": "00", "ALAND": 376962738765, "AWATER": 3869208832 }, "geometry": { "type": "MultiLineString", "coordinates": [ [ [ -112.198367, 48.824545 ], [ -112.231682, 48.828443 ] ] ] } },
{ "type": "Feature", "properties": { "TYPEPIPE": "Intrastate", "Operator": "Northwestern Energy Co", "Status": "Operating", "Shape_Leng": 0.00027002407, "STATEFP": "30", "STATENS": "00767982", "AFFGEOID": "0400000US30", "GEOID": "30", "STUSPS": "MT", "NAME": "Montana", "LSAD": "00", "ALAND": 376962738765, "AWATER": 3869208832 }, "geometry": { "type": "MultiLineString", "coordinates": [ [ [ -112.231682, 48.828443 ], [ -112.23195, 48.828476 ] ] ] } },
{ "type": "Feature", "properties": { "TYPEPIPE": "Intrastate", "Operator": "Northwestern Energy Co", "Status": "Operating", "Shape_Leng": 0.01458332202, "STATEFP": "30", "STATENS": "00767982", "AFFGEOID": "0400000US30", "GEOID": "30", "STUSPS": "MT", "NAME": "Montana", "LSAD": "00", "ALAND": 376962738765, "AWATER": 3869208832 }, "geometry": { "type": "MultiLineString", "coordinates": [ [ [ -112.229623, 48.827603 ], [ -112.215582, 48.823663 ] ] ] } },
{ "type": "Feature", "properties": { "TYPEPIPE": "Intrastate", "Operator": "Northwestern Energy Co", "Status": "Operating", "Shape_Leng": 0.0006860962, "STATEFP": "30", "STATENS": "00767982", "AFFGEOID": "0400000US30", "GEOID": "30", "STUSPS": "MT", "NAME": "Montana", "LSAD": "00", "ALAND": 376962738765, "AWATER": 3869208832 }, "geometry": { "type": "MultiLineString", "coordinates": [ [ [ -112.231995, 48.828725 ], [ -112.231377, 48.829023 ] ] ] } },
{ "type": "Feature", "properties": { "TYPEPIPE": "Intrastate", "Operator": "Northwestern Energy Co", "Status": "Operating", "Shape_Leng": 0.00257745087, "STATEFP": "30", "STATENS": "00767982", "AFFGEOID": "0400000US30", "GEOID": "30", "STUSPS": "MT", "NAME": "Montana", "LSAD": "00", "ALAND": 376962738765, "AWATER": 3869208832 }, "geometry": { "type": "MultiLineString", "coordinates": [ [ [ -112.231377, 48.829023 ], [ -112.229059, 48.83015 ] ] ] } },
{ "type": "Feature", "properties": { "TYPEPIPE": "Intrastate", "Operator": "Northwestern Energy Co", "Status": "Operating", "Shape_Leng": 0.00074763159, "STATEFP": "30", "STATENS": "00767982", "AFFGEOID": "0400000US30", "GEOID": "30", "STUSPS": "MT", "NAME": "Montana", "LSAD": "00", "ALAND": 376962738765, "AWATER": 3869208832 }, "geometry": { "type": "MultiLineString", "coordinates": [ [ [ -112.231682, 48.828443 ], [ -112.231399, 48.827751 ] ] ] } },
{ "type": "Feature", "properties": { "TYPEPIPE": "Intrastate", "Operator": "Northwestern Energy Co", "Status": "Operating", "Shape_Leng": 0.00569601238, "STATEFP": "30", "STATENS": "00767982", "AFFGEOID": "0400000US30", "GEOID": "30", "STUSPS": "MT", "NAME": "Montana", "LSAD": "00", "ALAND": 376962738765, "AWATER": 3869208832 }, "geometry": { "type": "MultiLineString", "coordinates": [ [ [ -112.231377, 48.829023 ], [ -112.229751, 48.834482 ] ] ] } },
{ "type": "Feature", "properties": { "TYPEPIPE": "Intrastate", "Operator": "Northwestern Energy Co", "Status": "Operating", "Shape_Leng": 0.01746787713, "STATEFP": "30", "STATENS": "00767982", "AFFGEOID": "0400000US30", "GEOID": "30", "STUSPS": "MT", "NAME": "Montana", "LSAD": "00", "ALAND": 376962738765, "AWATER": 3869208832 }, "geometry": { "type": "MultiLineString", "coordinates": [ [ [ -112.229751, 48.834482 ], [ -112.229767, 48.83443 ], [ -112.226791, 48.843206 ], [ -112.226617, 48.844124 ], [ -112.225767, 48.851286 ] ] ] } },
{ "type": "Feature", "properties": { "TYPEPIPE": "Intrastate", "Operator": "Northwestern Energy Co", "Status": "Operating", "Shape_Leng": 0.03439616265, "STATEFP": "30", "STATENS": "00767982", "AFFGEOID": "0400000US30", "GEOID": "30", "STUSPS": "MT", "NAME": "Montana", "LSAD": "00", "ALAND": 376962738765, "AWATER": 3869208832 }, "geometry": { "type": "MultiLineString", "coordinates": [ [ [ -112.229751, 48.834482 ], [ -112.230004, 48.834711 ], [ -112.230664, 48.834914 ], [ -112.231477, 48.835036 ], [ -112.232324, 48.834988 ], [ -112.232397, 48.834779 ], [ -112.250295, 48.836795 ], [ -112.251722, 48.836792 ], [ -112.254222, 48.836429 ], [ -112.254748, 48.835841 ], [ -112.255631, 48.835662 ], [ -112.257137, 48.835784 ], [ -112.25722, 48.835987 ], [ -112.263273, 48.835335 ] ] ] } },
{ "type": "Feature", "properties": { "TYPEPIPE": "Intrastate", "Operator": "Northwestern Energy Co", "Status": "Operating", "Shape_Leng": 0.03617488019, "STATEFP": "30", "STATENS": "00767982", "AFFGEOID": "0400000US30", "GEOID": "30", "STUSPS": "MT", "NAME": "Montana", "LSAD": "00", "ALAND": 376962738765, "AWATER": 3869208832 }, "geometry": { "type": "MultiLineString", "coordinates": [ [ [ -112.318, 48.881538 ], [ -112.325409, 48.881436 ], [ -112.325384, 48.87871 ], [ -112.324915, 48.878456 ], [ -112.324707, 48.877845 ], [ -112.324931, 48.877461 ], [ -112.325351, 48.877308 ], [ -112.325383, 48.875346 ], [ -112.322002, 48.869241 ], [ -112.321389, 48.864452 ], [ -112.322448, 48.863559 ], [ -112.328433, 48.857088 ] ] ] } },
{ "type": "Feature", "properties": { "TYPEPIPE": "Intrastate", "Operator": "Northwestern Energy Co", "Status": "Operating", "Shape_Leng": 0.0027099447, "STATEFP": "30", "STATENS": "00767982", "AFFGEOID": "0400000US30", "GEOID": "30", "STUSPS": "MT", "NAME": "Montana", "LSAD": "00", "ALAND": 376962738765, "AWATER": 3869208832 }, "geometry": { "type": "MultiLineString", "coordinates": [ [ [ -112.328433, 48.857088 ], [ -112.326735, 48.857073 ], [ -112.326138, 48.856256 ] ] ] } },
{ "type": "Feature", "properties": { "TYPEPIPE": "Intrastate", "Operator": "Northwestern Energy Co", "Status": "Operating", "Shape_Leng": 0.15999247208, "STATEFP": "30", "STATENS": "00767982", "AFFGEOID": "0400000US30", "GEOID": "30", "STUSPS": "MT", "NAME": "Montana", "LSAD": "00", "ALAND": 376962738765, "AWATER": 3869208832 }, "geometry": { "type": "MultiLineString", "coordinates": [ [ [ -112.130374, 48.974146 ], [ -112.128816, 48.975085 ], [ -112.123736, 48.978381 ], [ -112.122281, 48.979071 ], [ -112.1195, 48.979282 ], [ -112.086049, 48.983561 ], [ -112.077799, 48.984951 ], [ -112.051006, 48.989947 ], [ -112.045124, 48.98988 ], [ -112.016736, 48.987763 ], [ -112.008304, 48.987798 ], [ -111.974238, 48.99811 ] ] ] } },
{ "type": "Feature", "properties": { "TYPEPIPE": "Intrastate", "Operator": "Northwestern Energy Co", "Status": "Operating", "Shape_Leng": 0.06487481849, "STATEFP": "30", "STATENS": "00767982", "AFFGEOID": "0400000US30", "GEOID": "30", "STUSPS": "MT", "NAME": "Montana", "LSAD": "00", "ALAND": 376962738765, "AWATER": 3869208832 }, "geometry": { "type": "MultiLineString", "coordinates": [ [ [ -112.157349, 48.953396 ], [ -112.157353, 48.955511 ], [ -112.155228, 48.961456 ], [ -112.153107, 48.965587 ], [ -112.152111, 48.971935 ], [ -112.151326, 48.973261 ], [ -112.149837, 48.974256 ], [ -112.145442, 48.976891 ], [ -112.140778, 48.979703 ], [ -112.136697, 48.982614 ], [ -112.128528, 48.986198 ], [ -112.124151, 48.987833 ], [ -112.119249, 48.990418 ], [ -112.115796, 48.9919 ], [ -112.112454, 48.993154 ] ] ] } },
{ "type": "Feature", "properties": { "TYPEPIPE": "Intrastate", "Operator": "Northwestern Energy Co", "Status": "Operating", "Shape_Leng": 0.0017106186, "STATEFP": "30", "STATENS": "00767982", "AFFGEOID": "0400000US30", "GEOID": "30", "STUSPS": "MT", "NAME": "Montana", "LSAD": "00", "ALAND": 376962738765, "AWATER": 3869208832 }, "geometry": { "type": "MultiLineString", "coordinates": [ [ [ -112.112454, 48.993154 ], [ -112.111308, 48.991884 ] ] ] } },
{ "type": "Feature", "properties": { "TYPEPIPE": "Intrastate", "Operator": "Northwestern Energy Co", "Status": "Operating", "Shape_Leng": 0.00595813468, "STATEFP": "30", "STATENS": "00767982", "AFFGEOID": "0400000US30", "GEOID": "30", "STUSPS": "MT", "NAME": "Montana", "LSAD": "00", "ALAND": 376962738765, "AWATER": 3869208832 }, "geometry": { "type": "MultiLineString", "coordinates": [ [ [ -112.111308, 48.991884 ], [ -112.109156, 48.99265 ], [ -112.105483, 48.99273 ] ] ] } },
{ "type": "Feature", "properties": { "TYPEPIPE": "Intrastate", "Operator": "Northwestern Energy Co", "Status": "Operating", "Shape_Leng": 0.00403036895, "STATEFP": "30", "STATENS": "00767982", "AFFGEOID": "0400000US30", "GEOID": "30", "STUSPS": "MT", "NAME": "Montana", "LSAD": "00", "ALAND": 376962738765, "AWATER": 3869208832 }, "geometry": { "type": "MultiLineString", "coordinates": [ [ [ -112.111308, 48.991884 ], [ -112.112847, 48.991397 ], [ -112.112377, 48.989027 ] ] ] } },
{ "type": "Feature", "properties": { "TYPEPIPE": "Intrastate", "Operator": "Northwestern Energy Co", "Status": "Operating", "Shape_Leng": 0.01982963549, "STATEFP": "30", "STATENS": "00767982", "AFFGEOID": "0400000US30", "GEOID": "30", "STUSPS": "MT", "NAME": "Montana", "LSAD": "00", "ALAND": 376962738765, "AWATER": 3869208832 }, "geometry": { "type": "MultiLineString", "coordinates": [ [ [ -112.198823, 48.580034 ], [ -112.208606, 48.580013 ], [ -112.210743, 48.581329 ], [ -112.211318, 48.581356 ], [ -112.218075, 48.579682 ] ] ] } },
{ "type": "Feature", "properties": { "TYPEPIPE": "Intrastate", "Operator": "Northwestern Energy Co", "Status": "Operating", "Shape_Leng": 0.04082197456, "STATEFP": "30", "STATENS": "00767982", "AFFGEOID": "0400000US30", "GEOID": "30", "STUSPS": "MT", "NAME": "Montana", "LSAD": "00", "ALAND": 376962738765, "AWATER": 3869208832 }, "geometry": { "type": "MultiLineString", "coordinates": [ [ [ -112.205154, 48.638577 ], [ -112.205191, 48.637994 ], [ -112.204116, 48.637997 ], [ -112.203953, 48.637562 ], [ -112.203682, 48.637487 ], [ -112.202572, 48.63767 ], [ -112.202388, 48.638076 ], [ -112.201159, 48.638028 ], [ -112.198088, 48.639998 ], [ -112.186715, 48.639896 ], [ -112.187029, 48.619304 ] ] ] } },
{ "type": "Feature", "properties": { "TYPEPIPE": "Intrastate", "Operator": "Northwestern Energy Co", "Status": "Operating", "Shape_Leng": 0.01531805712, "STATEFP": "30", "STATENS": "00767982", "AFFGEOID": "0400000US30", "GEOID": "30", "STUSPS": "MT", "NAME": "Montana", "LSAD": "00", "ALAND": 376962738765, "AWATER": 3869208832 }, "geometry": { "type": "MultiLineString", "coordinates": [ [ [ -112.218603, 48.606895 ], [ -112.203368, 48.605302 ] ] ] } },
{ "type": "Feature", "properties": { "TYPEPIPE": "Intrastate", "Operator": "Northwestern Energy Co", "Status": "Operating", "Shape_Leng": 0.00739118955, "STATEFP": "30", "STATENS": "00767982", "AFFGEOID": "0400000US30", "GEOID": "30", "STUSPS": "MT", "NAME": "Montana", "LSAD": "00", "ALAND": 376962738765, "AWATER": 3869208832 }, "geometry": { "type": "MultiLineString", "coordinates": [ [ [ -112.217863, 48.594053 ], [ -112.215746, 48.589522 ], [ -112.217439, 48.587835 ] ] ] } },
{ "type": "Feature", "properties": { "TYPEPIPE": "Intrastate", "Operator": "Northwestern Energy Co", "Status": "Operating", "Shape_Leng": 0.02761590936, "STATEFP": "30", "STATENS": "00767982", "AFFGEOID": "0400000US30", "GEOID": "30", "STUSPS": "MT", "NAME": "Montana", "LSAD": "00", "ALAND": 376962738765, "AWATER": 3869208832 }, "geometry": { "type": "MultiLineString", "coordinates": [ [ [ -112.217439, 48.587835 ], [ -112.210865, 48.58166 ], [ -112.212164, 48.572102 ], [ -112.209532, 48.563547 ] ] ] } },
{ "type": "Feature", "properties": { "TYPEPIPE": "Intrastate", "Operator": "Northwestern Energy Co", "Status": "Operating", "Shape_Leng": 0.02132433515, "STATEFP": "30", "STATENS": "00767982", "AFFGEOID": "0400000US30", "GEOID": "30", "STUSPS": "MT", "NAME": "Montana", "LSAD": "00", "ALAND": 376962738765, "AWATER": 3869208832 }, "geometry": { "type": "MultiLineString", "coordinates": [ [ [ -112.217439, 48.587835 ], [ -112.232225, 48.588439 ], [ -112.23745, 48.592349 ] ] ] } },
{ "type": "Feature", "properties": { "TYPEPIPE": "Intrastate", "Operator": "Northwestern Energy Co", "Status": "Operating", "Shape_Leng": 0.00661503198, "STATEFP": "30", "STATENS": "00767982", "AFFGEOID": "0400000US30", "GEOID": "30", "STUSPS": "MT", "NAME": "Montana", "LSAD": "00", "ALAND": 376962738765, "AWATER": 3869208832 }, "geometry": { "type": "MultiLineString", "coordinates": [ [ [ -112.218816, 48.598689 ], [ -112.220213, 48.597567 ], [ -112.218949, 48.59405 ], [ -112.217863, 48.594053 ] ] ] } },
{ "type": "Feature", "properties": { "TYPEPIPE": "Intrastate", "Operator": "Northwestern Energy Co", "Status": "Operating", "Shape_Leng": 0.00473293831, "STATEFP": "30", "STATENS": "00767982", "AFFGEOID": "0400000US30", "GEOID": "30", "STUSPS": "MT", "NAME": "Montana", "LSAD": "00", "ALAND": 376962738765, "AWATER": 3869208832 }, "geometry": { "type": "MultiLineString", "coordinates": [ [ [ -112.218816, 48.598689 ], [ -112.217863, 48.594053 ] ] ] } },
{ "type": "Feature", "properties": { "TYPEPIPE": "Intrastate", "Operator": "Northwestern Energy Co", "Status": "Operating", "Shape_Leng": 0.00590220033, "STATEFP": "30", "STATENS": "00767982", "AFFGEOID": "0400000US30", "GEOID": "30", "STUSPS": "MT", "NAME": "Montana", "LSAD": "00", "ALAND": 376962738765, "AWATER": 3869208832 }, "geometry": { "type": "MultiLineString", "coordinates": [ [ [ -112.217877, 48.60338 ], [ -112.219209, 48.602819 ], [ -112.21952, 48.599324 ], [ -112.218816, 48.598689 ] ] ] } },
{ "type": "Feature", "properties": { "TYPEPIPE": "Intrastate", "Operator": "Northwestern Energy Co", "Status": "Operating", "Shape_Leng": 0.00478405706, "STATEFP": "30", "STATENS": "00767982", "AFFGEOID": "0400000US30", "GEOID": "30", "STUSPS": "MT", "NAME": "Montana", "LSAD": "00", "ALAND": 376962738765, "AWATER": 3869208832 }, "geometry": { "type": "MultiLineString", "coordinates": [ [ [ -112.217877, 48.60338 ], [ -112.218816, 48.598689 ] ] ] } },
{ "type": "Feature", "properties": { "TYPEPIPE": "Intrastate", "Operator": "Northwestern Energy Co", "Status": "Operating", "Shape_Leng": 0.00373147729, "STATEFP": "30", "STATENS": "00767982", "AFFGEOID": "0400000US30", "GEOID": "30", "STUSPS": "MT", "NAME": "Montana", "LSAD": "00", "ALAND": 376962738765, "AWATER": 3869208832 }, "geometry": { "type": "MultiLineString", "coordinates": [ [ [ -112.218603, 48.606895 ], [ -112.218847, 48.605751 ], [ -112.217877, 48.60338 ] ] ] } },
{ "type": "Feature", "properties": { "TYPEPIPE": "Intrastate", "Operator": "Northwestern Energy Co", "Status": "Operating", "Shape_Leng": 0.03837283118, "STATEFP": "30", "STATENS": "00767982", "AFFGEOID": "0400000US30", "GEOID": "30", "STUSPS": "MT", "NAME": "Montana", "LSAD": "00", "ALAND": 376962738765, "AWATER": 3869208832 }, "geometry": { "type": "MultiLineString", "coordinates": [ [ [ -112.600764, 48.768439 ], [ -112.564001, 48.757441 ] ] ] } },
{ "type": "Feature", "properties": { "TYPEPIPE": "Intrastate", "Operator": "Northwestern Energy Co", "Status": "Operating", "Shape_Leng": 0.16858466947, "STATEFP": "30", "STATENS": "00767982", "AFFGEOID": "0400000US30", "GEOID": "30", "STUSPS": "MT", "NAME": "Montana", "LSAD": "00", "ALAND": 376962738765, "AWATER": 3869208832 }, "geometry": { "type": "MultiLineString", "coordinates": [ [ [ -112.567697, 48.740926 ], [ -112.563998, 48.769803 ], [ -112.563787, 48.770541 ], [ -112.562588, 48.771718 ], [ -112.499438, 48.82745 ], [ -112.466866, 48.86644 ], [ -112.465565, 48.86795 ] ] ] } },
{ "type": "Feature", "properties": { "TYPEPIPE": "Intrastate", "Operator": "Northwestern Energy Co", "Status": "Operating", "Shape_Leng": 0.12481166415, "STATEFP": "30", "STATENS": "00767982", "AFFGEOID": "0400000US30", "GEOID": "30", "STUSPS": "MT", "NAME": "Montana", "LSAD": "00", "ALAND": 376962738765, "AWATER": 3869208832 }, "geometry": { "type": "MultiLineString", "coordinates": [ [ [ -112.242896, 48.604114 ], [ -112.240569, 48.603678 ], [ -112.230647, 48.606431 ], [ -112.219616, 48.609493 ], [ -112.218389, 48.609521 ], [ -112.217317, 48.609729 ], [ -112.215902, 48.609987 ], [ -112.215071, 48.6106 ], [ -112.213662, 48.611141 ], [ -112.193799, 48.616103 ], [ -112.163395, 48.624147 ], [ -112.161774, 48.62369 ], [ -112.12205, 48.632963 ] ] ] } },
{ "type": "Feature", "properties": { "TYPEPIPE": "Intrastate", "Operator": "Northwestern Energy Co", "Status": "Operating", "Shape_Leng": 0.23200591358, "STATEFP": "30", "STATENS": "00767982", "AFFGEOID": "0400000US30", "GEOID": "30", "STUSPS": "MT", "NAME": "Montana", "LSAD": "00", "ALAND": 376962738765, "AWATER": 3869208832 }, "geometry": { "type": "MultiLineString", "coordinates": [ [ [ -112.242896, 48.604114 ], [ -112.236309, 48.605474 ], [ -112.235038, 48.607161 ], [ -112.240275, 48.616933 ], [ -112.240763, 48.618207 ], [ -112.240746, 48.619251 ], [ -112.241107, 48.639789 ], [ -112.240748, 48.642797 ], [ -112.24005, 48.651565 ], [ -112.239978, 48.653603 ], [ -112.239834, 48.655822 ], [ -112.239936, 48.658802 ], [ -112.240079, 48.662012 ], [ -112.239953, 48.665046 ], [ -112.240018, 48.668154 ], [ -112.239879, 48.670602 ], [ -112.239631, 48.682475 ], [ -112.239277, 48.689308 ], [ -112.239579, 48.694428 ], [ -112.239649, 48.726612 ], [ -112.239172, 48.736782 ], [ -112.239093, 48.747539 ], [ -112.239775, 48.77228 ], [ -112.239669, 48.785326 ], [ -112.240266, 48.797019 ], [ -112.239716, 48.800132 ], [ -112.234904, 48.818464 ], [ -112.232271, 48.827761 ] ] ] } },
{ "type": "Feature", "properties": { "TYPEPIPE": "Intrastate", "Operator": "Northwestern Energy Co", "Status": "Operating", "Shape_Leng": 0.02599498647, "STATEFP": "30", "STATENS": "00767982", "AFFGEOID": "0400000US30", "GEOID": "30", "STUSPS": "MT", "NAME": "Montana", "LSAD": "00", "ALAND": 376962738765, "AWATER": 3869208832 }, "geometry": { "type": "MultiLineString", "coordinates": [ [ [ -112.220748, 48.617723 ], [ -112.229807, 48.61217 ], [ -112.242896, 48.604114 ] ] ] } },
{ "type": "Feature", "properties": { "TYPEPIPE": "Intrastate", "Operator": "Northwestern Energy Co", "Status": "Operating", "Shape_Leng": 0.27531292369, "STATEFP": "30", "STATENS": "00767982", "AFFGEOID": "0400000US30", "GEOID": "30", "STUSPS": "MT", "NAME": "Montana", "LSAD": "00", "ALAND": 376962738765, "AWATER": 3869208832 }, "geometry": { "type": "MultiLineString", "coordinates": [ [ [ -112.242896, 48.604114 ], [ -112.241093, 48.613872 ], [ -112.241097, 48.617743 ], [ -112.241741, 48.635303 ], [ -112.242021, 48.648502 ], [ -112.242092, 48.653646 ], [ -112.240983, 48.664683 ], [ -112.240282, 48.678753 ], [ -112.240132, 48.689739 ], [ -112.240459, 48.697864 ], [ -112.24026, 48.717437 ], [ -112.239888, 48.736041 ], [ -112.239847, 48.741341 ], [ -112.240133, 48.756582 ], [ -112.24073, 48.777271 ], [ -112.241258, 48.783973 ], [ -112.240765, 48.784303 ], [ -112.240863, 48.785295 ], [ -112.240898, 48.792378 ], [ -112.240885, 48.797175 ], [ -112.240645, 48.800356 ], [ -112.238636, 48.80732 ], [ -112.237095, 48.812801 ], [ -112.23522, 48.820705 ], [ -112.23332, 48.827389 ], [ -112.23075, 48.837131 ], [ -112.230032, 48.839604 ], [ -112.229516, 48.851683 ], [ -112.22902, 48.866415 ], [ -112.22885, 48.869394 ], [ -112.225865, 48.876835 ] ] ] } },
{ "type": "Feature", "properties": { "TYPEPIPE": "Intrastate", "Operator": "Northwestern Energy Co", "Status": "Operating", "Shape_Leng": 0.09005605588, "STATEFP": "30", "STATENS": "00767982", "AFFGEOID": "0400000US30", "GEOID": "30", "STUSPS": "MT", "NAME": "Montana", "LSAD": "00", "ALAND": 376962738765, "AWATER": 3869208832 }, "geometry": { "type": "MultiLineString", "coordinates": [ [ [ -110.509817, 47.922733 ], [ -110.510006, 47.926636 ], [ -110.510161, 47.930461 ], [ -110.500606, 47.934985 ], [ -110.50019, 47.93861 ], [ -110.497862, 47.940144 ], [ -110.498468, 47.969494 ], [ -110.498169, 47.973551 ], [ -110.496721, 47.976244 ], [ -110.473688, 47.993583 ] ] ] } },
{ "type": "Feature", "properties": { "TYPEPIPE": "Intrastate", "Operator": "Northwestern Energy Co", "Status": "Operating", "Shape_Leng": 0.26928788879, "STATEFP": "30", "STATENS": "00767982", "AFFGEOID": "0400000US30", "GEOID": "30", "STUSPS": "MT", "NAME": "Montana", "LSAD": "00", "ALAND": 376962738765, "AWATER": 3869208832 }, "geometry": { "type": "MultiLineString", "coordinates": [ [ [ -111.276817, 47.537278 ], [ -111.276034, 47.538507 ], [ -111.275509, 47.543103 ], [ -111.272599, 47.546861 ], [ -111.262385, 47.547071 ], [ -111.25791, 47.548636 ], [ -111.248882, 47.555243 ], [ -111.238325, 47.560301 ], [ -111.21529, 47.576685 ], [ -111.213001, 47.583608 ], [ -111.204804, 47.596648 ], [ -111.188901, 47.631804 ], [ -111.17338, 47.64245 ], [ -111.148234, 47.670343 ], [ -111.132341, 47.685195 ], [ -111.106168, 47.697994 ], [ -111.103023, 47.699248 ], [ -111.089392, 47.704855 ], [ -111.084286, 47.707312 ] ] ] } },
{ "type": "Feature", "properties": { "TYPEPIPE": "Intrastate", "Operator": "Northwestern Energy Co", "Status": "Operating", "Shape_Leng": 0.63710293479000002, "STATEFP": "30", "STATENS": "00767982", "AFFGEOID": "0400000US30", "GEOID": "30", "STUSPS": "MT", "NAME": "Montana", "LSAD": "00", "ALAND": 376962738765, "AWATER": 3869208832 }, "geometry": { "type": "MultiLineString", "coordinates": [ [ [ -111.084286, 47.707312 ], [ -111.031515, 47.733079 ], [ -111.026573, 47.735857 ], [ -111.016904, 47.735651 ], [ -111.013867, 47.733948 ], [ -110.985509, 47.750364 ], [ -110.983337, 47.753233 ], [ -110.940187, 47.762104 ], [ -110.928489, 47.765657 ], [ -110.917275, 47.76872 ], [ -110.87703, 47.775851 ], [ -110.876501, 47.777128 ], [ -110.805107, 47.79916 ], [ -110.784787, 47.805874 ], [ -110.695258, 47.835445 ], [ -110.69491, 47.837108 ], [ -110.672449, 47.845698 ], [ -110.670245, 47.843577 ], [ -110.606464, 47.86318 ], [ -110.602239, 47.871465 ], [ -110.597849, 47.876066 ], [ -110.590759, 47.879639 ], [ -110.560132, 47.879732 ], [ -110.510761, 47.905644 ], [ -110.509817, 47.922733 ] ] ] } },
{ "type": "Feature", "properties": { "TYPEPIPE": "Intrastate", "Operator": "Northwestern Energy Co", "Status": "Operating", "Shape_Leng": 0.00177634681, "STATEFP": "30", "STATENS": "00767982", "AFFGEOID": "0400000US30", "GEOID": "30", "STUSPS": "MT", "NAME": "Montana", "LSAD": "00", "ALAND": 376962738765, "AWATER": 3869208832 }, "geometry": { "type": "MultiLineString", "coordinates": [ [ [ -111.279726, 47.535994 ], [ -111.278134, 47.535206 ] ] ] } },
{ "type": "Feature", "properties": { "TYPEPIPE": "Intrastate", "Operator": "Northwestern Energy Co", "Status": "Operating", "Shape_Leng": 0.02326841265, "STATEFP": "30", "STATENS": "00767982", "AFFGEOID": "0400000US30", "GEOID": "30", "STUSPS": "MT", "NAME": "Montana", "LSAD": "00", "ALAND": 376962738765, "AWATER": 3869208832 }, "geometry": { "type": "MultiLineString", "coordinates": [ [ [ -111.278134, 47.535206 ], [ -111.270711, 47.531524 ], [ -111.255731, 47.531792 ] ] ] } },
{ "type": "Feature", "properties": { "TYPEPIPE": "Intrastate", "Operator": "Northwestern Energy Co", "Status": "Operating", "Shape_Leng": 0.00957108331, "STATEFP": "30", "STATENS": "00767982", "AFFGEOID": "0400000US30", "GEOID": "30", "STUSPS": "MT", "NAME": "Montana", "LSAD": "00", "ALAND": 376962738765, "AWATER": 3869208832 }, "geometry": { "type": "MultiLineString", "coordinates": [ [ [ -111.285164, 47.536897 ], [ -111.28181, 47.536959 ], [ -111.280505, 47.538775 ], [ -111.276817, 47.537278 ] ] ] } },
{ "type": "Feature", "properties": { "TYPEPIPE": "Intrastate", "Operator": "Northwestern Energy Co", "Status": "Operating", "Shape_Leng": 0.00245513197, "STATEFP": "30", "STATENS": "00767982", "AFFGEOID": "0400000US30", "GEOID": "30", "STUSPS": "MT", "NAME": "Montana", "LSAD": "00", "ALAND": 376962738765, "AWATER": 3869208832 }, "geometry": { "type": "MultiLineString", "coordinates": [ [ [ -111.276817, 47.537278 ], [ -111.278134, 47.535206 ] ] ] } },
{ "type": "Feature", "properties": { "TYPEPIPE": "Intrastate", "Operator": "Northwestern Energy Co", "Status": "Operating", "Shape_Leng": 0.44568909672000001, "STATEFP": "30", "STATENS": "00767982", "AFFGEOID": "0400000US30", "GEOID": "30", "STUSPS": "MT", "NAME": "Montana", "LSAD": "00", "ALAND": 376962738765, "AWATER": 3869208832 }, "geometry": { "type": "MultiLineString", "coordinates": [ [ [ -111.279726, 47.535994 ], [ -111.276443, 47.540626 ], [ -111.274914, 47.541291 ], [ -111.275174, 47.542005 ], [ -111.271443, 47.546405 ], [ -111.270063, 47.546435 ], [ -111.269653, 47.547026 ], [ -111.269951, 47.547484 ], [ -111.270697, 47.547788 ], [ -111.258714, 47.563212 ], [ -111.258955, 47.581998 ], [ -111.261116, 47.584849 ], [ -111.262602, 47.590156 ], [ -111.262355, 47.613183 ], [ -111.258134, 47.616947 ], [ -111.258917, 47.617991 ], [ -111.258987, 47.656153 ], [ -111.290461, 47.682721 ], [ -111.369968, 47.915731 ], [ -111.369414, 47.924792 ], [ -111.374252, 47.940397 ] ] ] } },
{ "type": "Feature", "properties": { "TYPEPIPE": "Intrastate", "Operator": "Northwestern Energy Co", "Status": "Operating", "Shape_Leng": 0.035137988, "STATEFP": "30", "STATENS": "00767982", "AFFGEOID": "0400000US30", "GEOID": "30", "STUSPS": "MT", "NAME": "Montana", "LSAD": "00", "ALAND": 376962738765, "AWATER": 3869208832 }, "geometry": { "type": "MultiLineString", "coordinates": [ [ [ -112.154801, 47.822262 ], [ -112.157285, 47.822214 ], [ -112.157376, 47.823583 ], [ -112.186865, 47.822778 ], [ -112.186691, 47.821005 ] ] ] } },
{ "type": "Feature", "properties": { "TYPEPIPE": "Intrastate", "Operator": "Northwestern Energy Co", "Status": "Operating", "Shape_Leng": 0.61239545113000005, "STATEFP": "30", "STATENS": "00767982", "AFFGEOID": "0400000US30", "GEOID": "30", "STUSPS": "MT", "NAME": "Montana", "LSAD": "00", "ALAND": 376962738765, "AWATER": 3869208832 }, "geometry": { "type": "MultiLineString", "coordinates": [ [ [ -111.374252, 47.940397 ], [ -111.380779, 47.959143 ], [ -111.386004, 47.966239 ], [ -111.386067, 47.977688 ], [ -111.390115, 47.98837 ], [ -111.40517, 48.037723 ], [ -111.407239, 48.059058 ], [ -111.415007, 48.064076 ], [ -111.437618, 48.135501 ], [ -111.44103, 48.141521 ], [ -111.440827, 48.146546 ], [ -111.449069, 48.174486 ], [ -111.452863, 48.174715 ], [ -111.452364, 48.182026 ], [ -111.463074, 48.218933 ], [ -111.468515, 48.23288 ], [ -111.468308, 48.233897 ], [ -111.470471, 48.233934 ], [ -111.478453, 48.262506 ], [ -111.484132, 48.276629 ], [ -111.491388, 48.291469 ], [ -111.496345, 48.30692 ], [ -111.497516, 48.328487 ], [ -111.501353, 48.331985 ], [ -111.499774, 48.33281 ], [ -111.503071, 48.334232 ], [ -111.501196, 48.335412 ], [ -111.502008, 48.339697 ], [ -111.511553, 48.347134 ], [ -111.511575, 48.348126 ], [ -111.51089, 48.349909 ], [ -111.513765, 48.352802 ], [ -111.513786, 48.357346 ], [ -111.517865, 48.361348 ], [ -111.52808, 48.378374 ], [ -111.564012, 48.449533 ], [ -111.577344, 48.478282 ], [ -111.57717, 48.480671 ], [ -111.578171, 48.482766 ], [ -111.58042, 48.482822 ], [ -111.580332, 48.492368 ], [ -111.581045, 48.493531 ] ] ] } },
{ "type": "Feature", "properties": { "TYPEPIPE": "Intrastate", "Operator": "Northwestern Energy Co", "Status": "Operating", "Shape_Leng": 0.10399700801, "STATEFP": "30", "STATENS": "00767982", "AFFGEOID": "0400000US30", "GEOID": "30", "STUSPS": "MT", "NAME": "Montana", "LSAD": "00", "ALAND": 376962738765, "AWATER": 3869208832 }, "geometry": { "type": "MultiLineString", "coordinates": [ [ [ -113.123277, 48.501516 ], [ -113.159448, 48.461324 ], [ -113.167137, 48.458296 ], [ -113.16512, 48.456925 ], [ -113.191072, 48.445626 ], [ -113.196471, 48.442457 ], [ -113.198486, 48.441443 ], [ -113.199355, 48.439204 ] ] ] } },
{ "type": "Feature", "properties": { "TYPEPIPE": "Intrastate", "Operator": "Northwestern Energy Co", "Status": "Operating", "Shape_Leng": 0.01125566767, "STATEFP": "30", "STATENS": "00767982", "AFFGEOID": "0400000US30", "GEOID": "30", "STUSPS": "MT", "NAME": "Montana", "LSAD": "00", "ALAND": 376962738765, "AWATER": 3869208832 }, "geometry": { "type": "MultiLineString", "coordinates": [ [ [ -113.199355, 48.439204 ], [ -113.204762, 48.435762 ], [ -113.209608, 48.435737 ] ] ] } },
{ "type": "Feature", "properties": { "TYPEPIPE": "Intrastate", "Operator": "Northwestern Energy Co", "Status": "Operating", "Shape_Leng": 0.16958335039, "STATEFP": "30", "STATENS": "00767982", "AFFGEOID": "0400000US30", "GEOID": "30", "STUSPS": "MT", "NAME": "Montana", "LSAD": "00", "ALAND": 376962738765, "AWATER": 3869208832 }, "geometry": { "type": "MultiLineString", "coordinates": [ [ [ -112.215671, 48.476476 ], [ -112.212588, 48.483009 ], [ -112.21904, 48.489468 ], [ -112.226052, 48.522606 ], [ -112.231387, 48.548606 ], [ -112.244071, 48.60051 ], [ -112.244881, 48.602521 ], [ -112.244457, 48.604203 ], [ -112.252148, 48.638842 ] ] ] } },
{ "type": "Feature", "properties": { "TYPEPIPE": "Intrastate", "Operator": "Northwestern Energy Co", "Status": "Operating", "Shape_Leng": 0.14491870669000001, "STATEFP": "30", "STATENS": "00767982", "AFFGEOID": "0400000US30", "GEOID": "30", "STUSPS": "MT", "NAME": "Montana", "LSAD": "00", "ALAND": 376962738765, "AWATER": 3869208832 }, "geometry": { "type": "MultiLineString", "coordinates": [ [ [ -112.154801, 47.822262 ], [ -112.155024, 47.828316 ], [ -112.16146, 47.828439 ], [ -112.161316, 47.83518 ], [ -112.173511, 47.865994 ], [ -112.172916, 47.866684 ], [ -112.175358, 47.875406 ], [ -112.184803, 47.957437 ] ] ] } },
{ "type": "Feature", "properties": { "TYPEPIPE": "Intrastate", "Operator": "Northwestern Energy Co", "Status": "Operating", "Shape_Leng": 0.52501215168000004, "STATEFP": "30", "STATENS": "00767982", "AFFGEOID": "0400000US30", "GEOID": "30", "STUSPS": "MT", "NAME": "Montana", "LSAD": "00", "ALAND": 376962738765, "AWATER": 3869208832 }, "geometry": { "type": "MultiLineString", "coordinates": [ [ [ -112.215671, 48.476476 ], [ -112.216278, 48.468274 ], [ -112.209459, 48.296478 ], [ -112.209983, 48.296041 ], [ -112.207342, 48.272308 ], [ -112.205976, 48.271985 ], [ -112.198818, 48.252923 ], [ -112.197923, 48.226077 ], [ -112.198544, 48.224218 ], [ -112.197007, 48.216038 ], [ -112.195691, 48.213402 ], [ -112.196925, 48.212451 ], [ -112.195692, 48.210499 ], [ -112.196099, 48.203505 ], [ -112.195389, 48.194865 ], [ -112.186183, 48.154756 ], [ -112.18676, 48.069777 ], [ -112.181, 48.012513 ], [ -112.181972, 48.002338 ], [ -112.184803, 47.957437 ] ] ] } },
{ "type": "Feature", "properties": { "TYPEPIPE": "Intrastate", "Operator": "Northwestern Energy Co", "Status": "Operating", "Shape_Leng": 0.01929366536, "STATEFP": "30", "STATENS": "00767982", "AFFGEOID": "0400000US30", "GEOID": "30", "STUSPS": "MT", "NAME": "Montana", "LSAD": "00", "ALAND": 376962738765, "AWATER": 3869208832 }, "geometry": { "type": "MultiLineString", "coordinates": [ [ [ -112.080336, 48.305502 ], [ -112.077867, 48.304676 ], [ -112.077596, 48.30422 ], [ -112.076764, 48.304298 ], [ -112.07639, 48.304707 ], [ -112.071878, 48.304264 ], [ -112.067476, 48.303518 ], [ -112.066598, 48.302756 ], [ -112.064474, 48.302384 ], [ -112.064357, 48.302107 ], [ -112.064089, 48.301726 ], [ -112.063633, 48.301622 ], [ -112.063102, 48.30155 ], [ -112.06242, 48.301526 ] ] ] } },
{ "type": "Feature", "properties": { "TYPEPIPE": "Intrastate", "Operator": "Northwestern Energy Co", "Status": "Operating", "Shape_Leng": 0.02009933448, "STATEFP": "30", "STATENS": "00767982", "AFFGEOID": "0400000US30", "GEOID": "30", "STUSPS": "MT", "NAME": "Montana", "LSAD": "00", "ALAND": 376962738765, "AWATER": 3869208832 }, "geometry": { "type": "MultiLineString", "coordinates": [ [ [ -112.121117, 48.261836 ], [ -112.12099, 48.256908 ], [ -112.12199, 48.254945 ], [ -112.126543, 48.252561 ], [ -112.125848, 48.247705 ], [ -112.127181, 48.245105 ] ] ] } },
{ "type": "Feature", "properties": { "TYPEPIPE": "Intrastate", "Operator": "Northwestern Energy Co", "Status": "Operating", "Shape_Leng": 0.01029491729, "STATEFP": "30", "STATENS": "00767982", "AFFGEOID": "0400000US30", "GEOID": "30", "STUSPS": "MT", "NAME": "Montana", "LSAD": "00", "ALAND": 376962738765, "AWATER": 3869208832 }, "geometry": { "type": "MultiLineString", "coordinates": [ [ [ -112.110828, 48.262185 ], [ -112.121117, 48.261836 ] ] ] } },
{ "type": "Feature", "properties": { "TYPEPIPE": "Intrastate", "Operator": "Northwestern Energy Co", "Status": "Operating", "Shape_Leng": 0.03413237193, "STATEFP": "30", "STATENS": "00767982", "AFFGEOID": "0400000US30", "GEOID": "30", "STUSPS": "MT", "NAME": "Montana", "LSAD": "00", "ALAND": 376962738765, "AWATER": 3869208832 }, "geometry": { "type": "MultiLineString", "coordinates": [ [ [ -112.088784, 48.28671 ], [ -112.101389, 48.279055 ], [ -112.103779, 48.275968 ], [ -112.110828, 48.262185 ] ] ] } },
{ "type": "Feature", "properties": { "TYPEPIPE": "Intrastate", "Operator": "Northwestern Energy Co", "Status": "Operating", "Shape_Leng": 0.01781413573, "STATEFP": "30", "STATENS": "00767982", "AFFGEOID": "0400000US30", "GEOID": "30", "STUSPS": "MT", "NAME": "Montana", "LSAD": "00", "ALAND": 376962738765, "AWATER": 3869208832 }, "geometry": { "type": "MultiLineString", "coordinates": [ [ [ -112.080336, 48.305502 ], [ -112.083384, 48.29972 ], [ -112.084176, 48.299285 ], [ -112.084209, 48.298777 ], [ -112.084126, 48.29822 ], [ -112.088067, 48.290827 ], [ -112.088398, 48.289964 ] ] ] } },
{ "type": "Feature", "properties": { "TYPEPIPE": "Intrastate", "Operator": "Northwestern Energy Co", "Status": "Operating", "Shape_Leng": 0.00327681431, "STATEFP": "30", "STATENS": "00767982", "AFFGEOID": "0400000US30", "GEOID": "30", "STUSPS": "MT", "NAME": "Montana", "LSAD": "00", "ALAND": 376962738765, "AWATER": 3869208832 }, "geometry": { "type": "MultiLineString", "coordinates": [ [ [ -112.088398, 48.289964 ], [ -112.088784, 48.28671 ] ] ] } },
{ "type": "Feature", "properties": { "TYPEPIPE": "Intrastate", "Operator": "Northwestern Energy Co", "Status": "Operating", "Shape_Leng": 0.00474825157, "STATEFP": "30", "STATENS": "00767982", "AFFGEOID": "0400000US30", "GEOID": "30", "STUSPS": "MT", "NAME": "Montana", "LSAD": "00", "ALAND": 376962738765, "AWATER": 3869208832 }, "geometry": { "type": "MultiLineString", "coordinates": [ [ [ -112.076541, 48.300941 ], [ -112.077383, 48.305614 ] ] ] } },
{ "type": "Feature", "properties": { "TYPEPIPE": "Intrastate", "Operator": "Northwestern Energy Co", "Status": "Operating", "Shape_Leng": 0.01517256473, "STATEFP": "30", "STATENS": "00767982", "AFFGEOID": "0400000US30", "GEOID": "30", "STUSPS": "MT", "NAME": "Montana", "LSAD": "00", "ALAND": 376962738765, "AWATER": 3869208832 }, "geometry": { "type": "MultiLineString", "coordinates": [ [ [ -112.121117, 48.261836 ], [ -112.125203, 48.261643 ], [ -112.123135, 48.26651 ], [ -112.123916, 48.272251 ] ] ] } },
{ "type": "Feature", "properties": { "TYPEPIPE": "Intrastate", "Operator": "Northwestern Energy Co", "Status": "Operating", "Shape_Leng": 0.02314788743, "STATEFP": "30", "STATENS": "00767982", "AFFGEOID": "0400000US30", "GEOID": "30", "STUSPS": "MT", "NAME": "Montana", "LSAD": "00", "ALAND": 376962738765, "AWATER": 3869208832 }, "geometry": { "type": "MultiLineString", "coordinates": [ [ [ -112.110828, 48.262185 ], [ -112.096727, 48.252504 ], [ -112.096018, 48.249709 ], [ -112.096006, 48.248741 ], [ -112.094179, 48.24753 ] ] ] } },
{ "type": "Feature", "properties": { "TYPEPIPE": "Intrastate", "Operator": "Northwestern Energy Co", "Status": "Operating", "Shape_Leng": 0.00848279234, "STATEFP": "30", "STATENS": "00767982", "AFFGEOID": "0400000US30", "GEOID": "30", "STUSPS": "MT", "NAME": "Montana", "LSAD": "00", "ALAND": 376962738765, "AWATER": 3869208832 }, "geometry": { "type": "MultiLineString", "coordinates": [ [ [ -112.074527, 48.280762 ], [ -112.069664, 48.279103 ], [ -112.067821, 48.276312 ] ] ] } },
{ "type": "Feature", "properties": { "TYPEPIPE": "Intrastate", "Operator": "Northwestern Energy Co", "Status": "Operating", "Shape_Leng": 0.00264882294, "STATEFP": "30", "STATENS": "00767982", "AFFGEOID": "0400000US30", "GEOID": "30", "STUSPS": "MT", "NAME": "Montana", "LSAD": "00", "ALAND": 376962738765, "AWATER": 3869208832 }, "geometry": { "type": "MultiLineString", "coordinates": [ [ [ -112.074527, 48.280762 ], [ -112.072951, 48.282319 ], [ -112.072536, 48.282444 ] ] ] } },
{ "type": "Feature", "properties": { "TYPEPIPE": "Intrastate", "Operator": "Northwestern Energy Co", "Status": "Operating", "Shape_Leng": 0.01166771936, "STATEFP": "30", "STATENS": "00767982", "AFFGEOID": "0400000US30", "GEOID": "30", "STUSPS": "MT", "NAME": "Montana", "LSAD": "00", "ALAND": 376962738765, "AWATER": 3869208832 }, "geometry": { "type": "MultiLineString", "coordinates": [ [ [ -112.088784, 48.28671 ], [ -112.081062, 48.283152 ], [ -112.078061, 48.282145 ] ] ] } },
{ "type": "Feature", "properties": { "TYPEPIPE": "Intrastate", "Operator": "Northwestern Energy Co", "Status": "Operating", "Shape_Leng": 0.00379497628, "STATEFP": "30", "STATENS": "00767982", "AFFGEOID": "0400000US30", "GEOID": "30", "STUSPS": "MT", "NAME": "Montana", "LSAD": "00", "ALAND": 376962738765, "AWATER": 3869208832 }, "geometry": { "type": "MultiLineString", "coordinates": [ [ [ -112.078061, 48.282145 ], [ -112.074527, 48.280762 ] ] ] } },
{ "type": "Feature", "properties": { "TYPEPIPE": "Intrastate", "Operator": "Northwestern Energy Co", "Status": "Operating", "Shape_Leng": 0.00876327782, "STATEFP": "30", "STATENS": "00767982", "AFFGEOID": "0400000US30", "GEOID": "30", "STUSPS": "MT", "NAME": "Montana", "LSAD": "00", "ALAND": 376962738765, "AWATER": 3869208832 }, "geometry": { "type": "MultiLineString", "coordinates": [ [ [ -112.078061, 48.282145 ], [ -112.080749, 48.278248 ], [ -112.083904, 48.275742 ] ] ] } },
{ "type": "Feature", "properties": { "TYPEPIPE": "Intrastate", "Operator": "Northwestern Energy Co", "Status": "Operating", "Shape_Leng": 0.03831126063, "STATEFP": "30", "STATENS": "00767982", "AFFGEOID": "0400000US30", "GEOID": "30", "STUSPS": "MT", "NAME": "Montana", "LSAD": "00", "ALAND": 376962738765, "AWATER": 3869208832 }, "geometry": { "type": "MultiLineString", "coordinates": [ [ [ -112.088398, 48.289964 ], [ -112.104112, 48.289901 ], [ -112.109686, 48.290643 ], [ -112.111096, 48.295088 ], [ -112.123405, 48.295292 ] ] ] } },
{ "type": "Feature", "properties": { "TYPEPIPE": "Intrastate", "Operator": "Northwestern Energy Co", "Status": "Operating", "Shape_Leng": 0.01911745722, "STATEFP": "30", "STATENS": "00767982", "AFFGEOID": "0400000US30", "GEOID": "30", "STUSPS": "MT", "NAME": "Montana", "LSAD": "00", "ALAND": 376962738765, "AWATER": 3869208832 }, "geometry": { "type": "MultiLineString", "coordinates": [ [ [ -112.123405, 48.295292 ], [ -112.123774, 48.280209 ], [ -112.123201, 48.27622 ] ] ] } },
{ "type": "Feature", "properties": { "TYPEPIPE": "Intrastate", "Operator": "Northwestern Energy Co", "Status": "Operating", "Shape_Leng": 0.0091413441, "STATEFP": "30", "STATENS": "00767982", "AFFGEOID": "0400000US30", "GEOID": "30", "STUSPS": "MT", "NAME": "Montana", "LSAD": "00", "ALAND": 376962738765, "AWATER": 3869208832 }, "geometry": { "type": "MultiLineString", "coordinates": [ [ [ -112.123405, 48.295292 ], [ -112.124935, 48.296631 ], [ -112.125003, 48.299401 ], [ -112.124401, 48.29966 ], [ -112.124252, 48.29999 ], [ -112.124217, 48.300323 ], [ -112.124409, 48.300474 ], [ -112.124901, 48.300522 ], [ -112.125034, 48.302303 ], [ -112.125489, 48.302374 ] ] ] } },
{ "type": "Feature", "properties": { "TYPEPIPE": "Intrastate", "Operator": "Northwestern Energy Co", "Status": "Operating", "Shape_Leng": 0.27862799423000001, "STATEFP": "30", "STATENS": "00767982", "AFFGEOID": "0400000US30", "GEOID": "30", "STUSPS": "MT", "NAME": "Montana", "LSAD": "00", "ALAND": 376962738765, "AWATER": 3869208832 }, "geometry": { "type": "MultiLineString", "coordinates": [ [ [ -111.944647, 48.177779 ], [ -111.946833, 48.177064 ], [ -111.94861, 48.177239 ], [ -111.949555, 48.17716 ], [ -111.951102, 48.17703 ], [ -111.952424, 48.176847 ], [ -111.953406, 48.176817 ], [ -111.954125, 48.176996 ], [ -111.95484, 48.176637 ], [ -111.956427, 48.176606 ], [ -111.956835, 48.175565 ], [ -111.95812, 48.175635 ], [ -111.958299, 48.174388 ], [ -111.957355, 48.174292 ], [ -111.964415, 48.163922 ], [ -111.965052, 48.163031 ], [ -111.9652, 48.162724 ], [ -111.964895, 48.162295 ], [ -111.963417, 48.161662 ], [ -111.961185, 48.161336 ], [ -111.956303, 48.160003 ], [ -111.978684, 48.148268 ], [ -111.981807, 48.137252 ], [ -111.981569, 48.13092 ], [ -112.0011, 48.119063 ], [ -112.002039, 48.118449 ], [ -112.003657, 48.117911 ], [ -112.026669, 48.112648 ], [ -112.086687, 48.076583 ], [ -112.142509, 48.057238 ], [ -112.145882, 48.052058 ], [ -112.156813, 48.052088 ] ] ] } },
{ "type": "Feature", "properties": { "TYPEPIPE": "Intrastate", "Operator": "Northwestern Energy Co", "Status": "Operating", "Shape_Leng": 0.06953265109, "STATEFP": "30", "STATENS": "00767982", "AFFGEOID": "0400000US30", "GEOID": "30", "STUSPS": "MT", "NAME": "Montana", "LSAD": "00", "ALAND": 376962738765, "AWATER": 3869208832 }, "geometry": { "type": "MultiLineString", "coordinates": [ [ [ -112.025506, 48.341599 ], [ -112.033008, 48.337074 ], [ -112.032383, 48.335042 ], [ -112.032752, 48.33382 ], [ -112.033999, 48.333437 ], [ -112.035232, 48.331396 ], [ -112.042529, 48.329568 ], [ -112.044645, 48.32895 ], [ -112.045811, 48.328156 ], [ -112.067737, 48.318724 ], [ -112.069173, 48.318336 ], [ -112.07889, 48.308661 ], [ -112.080336, 48.305502 ] ] ] } },
{ "type": "Feature", "properties": { "TYPEPIPE": "Intrastate", "Operator": "Northwestern Energy Co", "Status": "Operating", "Shape_Leng": 0.32768572593, "STATEFP": "30", "STATENS": "00767982", "AFFGEOID": "0400000US30", "GEOID": "30", "STUSPS": "MT", "NAME": "Montana", "LSAD": "00", "ALAND": 376962738765, "AWATER": 3869208832 }, "geometry": { "type": "MultiLineString", "coordinates": [ [ [ -111.915777, 48.299454 ], [ -111.923766, 48.301896 ], [ -111.935811, 48.301993 ], [ -111.945974, 48.30382 ], [ -111.95427, 48.303879 ], [ -111.982165, 48.30624 ], [ -111.99531, 48.306504 ], [ -112.001093, 48.304937 ], [ -112.01402, 48.30624 ], [ -112.024574, 48.304812 ], [ -112.053995, 48.30382 ], [ -112.070025, 48.300659 ], [ -112.07658, 48.300994 ], [ -112.088552, 48.297642 ], [ -112.207169, 48.304218 ], [ -112.209861, 48.307385 ], [ -112.216148, 48.307452 ], [ -112.239998, 48.30642 ] ] ] } },
{ "type": "Feature", "properties": { "TYPEPIPE": "Intrastate", "Operator": "Northwestern Energy Co", "Status": "Operating", "Shape_Leng": 0.08769057609, "STATEFP": "30", "STATENS": "00767982", "AFFGEOID": "0400000US30", "GEOID": "30", "STUSPS": "MT", "NAME": "Montana", "LSAD": "00", "ALAND": 376962738765, "AWATER": 3869208832 }, "geometry": { "type": "MultiLineString", "coordinates": [ [ [ -111.915777, 48.299454 ], [ -111.908117, 48.299416 ], [ -111.906052, 48.296315 ], [ -111.893483, 48.2924 ], [ -111.885276, 48.29224 ], [ -111.885319, 48.291096 ], [ -111.869871, 48.28597 ], [ -111.842596, 48.274574 ], [ -111.838498, 48.274569 ], [ -111.835142, 48.272677 ] ] ] } },
{ "type": "Feature", "properties": { "TYPEPIPE": "Intrastate", "Operator": "Northwestern Energy Co", "Status": "Operating", "Shape_Leng": 0.30982454692, "STATEFP": "30", "STATENS": "00767982", "AFFGEOID": "0400000US30", "GEOID": "30", "STUSPS": "MT", "NAME": "Montana", "LSAD": "00", "ALAND": 376962738765, "AWATER": 3869208832 }, "geometry": { "type": "MultiLineString", "coordinates": [ [ [ -111.890134, 48.448708 ], [ -111.884196, 48.446663 ], [ -111.890483, 48.437873 ], [ -111.888735, 48.431218 ], [ -111.890462, 48.42801 ], [ -111.88715, 48.426874 ], [ -111.889916, 48.425898 ], [ -111.8935, 48.422031 ], [ -111.896525, 48.420418 ], [ -111.897926, 48.419783 ], [ -111.908343, 48.404808 ], [ -111.908862, 48.397204 ], [ -111.91499, 48.388672 ], [ -111.915258, 48.383359 ], [ -111.918004, 48.379891 ], [ -111.924632, 48.372834 ], [ -111.92457, 48.352874 ], [ -111.928518, 48.348361 ], [ -111.926295, 48.344655 ], [ -111.926699, 48.337181 ], [ -111.928943, 48.327514 ], [ -111.927237, 48.321971 ], [ -111.927119, 48.315872 ], [ -111.927748, 48.31348 ], [ -111.92672, 48.307302 ], [ -111.926818, 48.2996 ], [ -111.927956, 48.288763 ], [ -111.928655, 48.225752 ], [ -111.925972, 48.220448 ], [ -111.929807, 48.211738 ], [ -111.927934, 48.208794 ], [ -111.931855, 48.207385 ], [ -111.94309, 48.181904 ], [ -111.945849, 48.18195 ], [ -111.945712, 48.178747 ], [ -111.946387, 48.177829 ], [ -111.944647, 48.177779 ] ] ] } },
{ "type": "Feature", "properties": { "TYPEPIPE": "Intrastate", "Operator": "Northwestern Energy Co", "Status": "Operating", "Shape_Leng": 0.01950348716, "STATEFP": "30", "STATENS": "00767982", "AFFGEOID": "0400000US30", "GEOID": "30", "STUSPS": "MT", "NAME": "Montana", "LSAD": "00", "ALAND": 376962738765, "AWATER": 3869208832 }, "geometry": { "type": "MultiLineString", "coordinates": [ [ [ -112.201636, 48.69883 ], [ -112.203484, 48.698877 ], [ -112.20327, 48.699693 ], [ -112.21969, 48.703299 ] ] ] } },
{ "type": "Feature", "properties": { "TYPEPIPE": "Intrastate", "Operator": "Northwestern Energy Co", "Status": "Operating", "Shape_Leng": 0.01726936782, "STATEFP": "30", "STATENS": "00767982", "AFFGEOID": "0400000US30", "GEOID": "30", "STUSPS": "MT", "NAME": "Montana", "LSAD": "00", "ALAND": 376962738765, "AWATER": 3869208832 }, "geometry": { "type": "MultiLineString", "coordinates": [ [ [ -112.172626, 48.709752 ], [ -112.174541, 48.709315 ], [ -112.175274, 48.709389 ], [ -112.175851, 48.709363 ], [ -112.176455, 48.70885 ], [ -112.189237, 48.705561 ] ] ] } },
{ "type": "Feature", "properties": { "TYPEPIPE": "Intrastate", "Operator": "Northwestern Energy Co", "Status": "Operating", "Shape_Leng": 0.00604279836, "STATEFP": "30", "STATENS": "00767982", "AFFGEOID": "0400000US30", "GEOID": "30", "STUSPS": "MT", "NAME": "Montana", "LSAD": "00", "ALAND": 376962738765, "AWATER": 3869208832 }, "geometry": { "type": "MultiLineString", "coordinates": [ [ [ -112.253571, 48.698048 ], [ -112.250847, 48.703442 ] ] ] } },
{ "type": "Feature", "properties": { "TYPEPIPE": "Intrastate", "Operator": "Northwestern Energy Co", "Status": "Operating", "Shape_Leng": 0.01351466252, "STATEFP": "30", "STATENS": "00767982", "AFFGEOID": "0400000US30", "GEOID": "30", "STUSPS": "MT", "NAME": "Montana", "LSAD": "00", "ALAND": 376962738765, "AWATER": 3869208832 }, "geometry": { "type": "MultiLineString", "coordinates": [ [ [ -112.253571, 48.698048 ], [ -112.242649, 48.69057 ], [ -112.242415, 48.69042 ] ] ] } },
{ "type": "Feature", "properties": { "TYPEPIPE": "Intrastate", "Operator": "Northwestern Energy Co", "Status": "Operating", "Shape_Leng": 0.01722060743, "STATEFP": "30", "STATENS": "00767982", "AFFGEOID": "0400000US30", "GEOID": "30", "STUSPS": "MT", "NAME": "Montana", "LSAD": "00", "ALAND": 376962738765, "AWATER": 3869208832 }, "geometry": { "type": "MultiLineString", "coordinates": [ [ [ -112.196057, 48.695858 ], [ -112.200751, 48.698785 ], [ -112.190873, 48.704743 ], [ -112.19072, 48.704738 ] ] ] } },
{ "type": "Feature", "properties": { "TYPEPIPE": "Intrastate", "Operator": "Northwestern Energy Co", "Status": "Operating", "Shape_Leng": 0.01037292197, "STATEFP": "30", "STATENS": "00767982", "AFFGEOID": "0400000US30", "GEOID": "30", "STUSPS": "MT", "NAME": "Montana", "LSAD": "00", "ALAND": 376962738765, "AWATER": 3869208832 }, "geometry": { "type": "MultiLineString", "coordinates": [ [ [ -112.19072, 48.704738 ], [ -112.182522, 48.704456 ], [ -112.18247, 48.703866 ], [ -112.180898, 48.704001 ] ] ] } },
{ "type": "Feature", "properties": { "TYPEPIPE": "Intrastate", "Operator": "Northwestern Energy Co", "Status": "Operating", "Shape_Leng": 0.00791712195, "STATEFP": "30", "STATENS": "00767982", "AFFGEOID": "0400000US30", "GEOID": "30", "STUSPS": "MT", "NAME": "Montana", "LSAD": "00", "ALAND": 376962738765, "AWATER": 3869208832 }, "geometry": { "type": "MultiLineString", "coordinates": [ [ [ -112.198123, 48.720676 ], [ -112.190901, 48.717432 ] ] ] } },
{ "type": "Feature", "properties": { "TYPEPIPE": "Intrastate", "Operator": "Northwestern Energy Co", "Status": "Operating", "Shape_Leng": 0.01298768143, "STATEFP": "30", "STATENS": "00767982", "AFFGEOID": "0400000US30", "GEOID": "30", "STUSPS": "MT", "NAME": "Montana", "LSAD": "00", "ALAND": 376962738765, "AWATER": 3869208832 }, "geometry": { "type": "MultiLineString", "coordinates": [ [ [ -112.190901, 48.717432 ], [ -112.187096, 48.715757 ], [ -112.182284, 48.723161 ] ] ] } },
{ "type": "Feature", "properties": { "TYPEPIPE": "Intrastate", "Operator": "Northwestern Energy Co", "Status": "Operating", "Shape_Leng": 0.01269529035, "STATEFP": "30", "STATENS": "00767982", "AFFGEOID": "0400000US30", "GEOID": "30", "STUSPS": "MT", "NAME": "Montana", "LSAD": "00", "ALAND": 376962738765, "AWATER": 3869208832 }, "geometry": { "type": "MultiLineString", "coordinates": [ [ [ -112.19072, 48.704738 ], [ -112.190901, 48.717432 ] ] ] } },
{ "type": "Feature", "properties": { "TYPEPIPE": "Intrastate", "Operator": "Northwestern Energy Co", "Status": "Operating", "Shape_Leng": 0.01034643571, "STATEFP": "30", "STATENS": "00767982", "AFFGEOID": "0400000US30", "GEOID": "30", "STUSPS": "MT", "NAME": "Montana", "LSAD": "00", "ALAND": 376962738765, "AWATER": 3869208832 }, "geometry": { "type": "MultiLineString", "coordinates": [ [ [ -112.178287, 48.702349 ], [ -112.175616, 48.709183 ], [ -112.174751, 48.712065 ] ] ] } },
{ "type": "Feature", "properties": { "TYPEPIPE": "Intrastate", "Operator": "Northwestern Energy Co", "Status": "Operating", "Shape_Leng": 0.00633212516, "STATEFP": "30", "STATENS": "00767982", "AFFGEOID": "0400000US30", "GEOID": "30", "STUSPS": "MT", "NAME": "Montana", "LSAD": "00", "ALAND": 376962738765, "AWATER": 3869208832 }, "geometry": { "type": "MultiLineString", "coordinates": [ [ [ -112.174751, 48.712065 ], [ -112.173336, 48.718237 ] ] ] } },
{ "type": "Feature", "properties": { "TYPEPIPE": "Intrastate", "Operator": "Northwestern Energy Co", "Status": "Operating", "Shape_Leng": 0.00997281625, "STATEFP": "30", "STATENS": "00767982", "AFFGEOID": "0400000US30", "GEOID": "30", "STUSPS": "MT", "NAME": "Montana", "LSAD": "00", "ALAND": 376962738765, "AWATER": 3869208832 }, "geometry": { "type": "MultiLineString", "coordinates": [ [ [ -112.174751, 48.712065 ], [ -112.184593, 48.713675 ] ] ] } },
{ "type": "Feature", "properties": { "TYPEPIPE": "Intrastate", "Operator": "Northwestern Energy Co", "Status": "Operating", "Shape_Leng": 0.01311819114, "STATEFP": "30", "STATENS": "00767982", "AFFGEOID": "0400000US30", "GEOID": "30", "STUSPS": "MT", "NAME": "Montana", "LSAD": "00", "ALAND": 376962738765, "AWATER": 3869208832 }, "geometry": { "type": "MultiLineString", "coordinates": [ [ [ -112.172638, 48.716046 ], [ -112.173108, 48.726085 ], [ -112.172898, 48.729146 ] ] ] } },
{ "type": "Feature", "properties": { "TYPEPIPE": "Intrastate", "Operator": "Northwestern Energy Co", "Status": "Operating", "Shape_Leng": 0.00338798185, "STATEFP": "30", "STATENS": "00767982", "AFFGEOID": "0400000US30", "GEOID": "30", "STUSPS": "MT", "NAME": "Montana", "LSAD": "00", "ALAND": 376962738765, "AWATER": 3869208832 }, "geometry": { "type": "MultiLineString", "coordinates": [ [ [ -112.270815, 48.665034 ], [ -112.274101, 48.664209 ] ] ] } },
{ "type": "Feature", "properties": { "TYPEPIPE": "Intrastate", "Operator": "Northwestern Energy Co", "Status": "Operating", "Shape_Leng": 0.00814965551, "STATEFP": "30", "STATENS": "00767982", "AFFGEOID": "0400000US30", "GEOID": "30", "STUSPS": "MT", "NAME": "Montana", "LSAD": "00", "ALAND": 376962738765, "AWATER": 3869208832 }, "geometry": { "type": "MultiLineString", "coordinates": [ [ [ -112.266149, 48.659062 ], [ -112.258012, 48.659516 ] ] ] } },
{ "type": "Feature", "properties": { "TYPEPIPE": "Intrastate", "Operator": "Northwestern Energy Co", "Status": "Operating", "Shape_Leng": 0.05347766485, "STATEFP": "30", "STATENS": "00767982", "AFFGEOID": "0400000US30", "GEOID": "30", "STUSPS": "MT", "NAME": "Montana", "LSAD": "00", "ALAND": 376962738765, "AWATER": 3869208832 }, "geometry": { "type": "MultiLineString", "coordinates": [ [ [ -112.258012, 48.659516 ], [ -112.251477, 48.659434 ], [ -112.251239, 48.646562 ], [ -112.252619, 48.644675 ], [ -112.252296, 48.643862 ], [ -112.252897, 48.643247 ], [ -112.253772, 48.642886 ], [ -112.254767, 48.642682 ], [ -112.261537, 48.636037 ], [ -112.259357, 48.631072 ], [ -112.259759, 48.626664 ], [ -112.260639, 48.626483 ], [ -112.26082, 48.625973 ], [ -112.260732, 48.625439 ], [ -112.259877, 48.625006 ], [ -112.260791, 48.61932 ] ] ] } },
{ "type": "Feature", "properties": { "TYPEPIPE": "Intrastate", "Operator": "Northwestern Energy Co", "Status": "Operating", "Shape_Leng": 0.01475840539, "STATEFP": "30", "STATENS": "00767982", "AFFGEOID": "0400000US30", "GEOID": "30", "STUSPS": "MT", "NAME": "Montana", "LSAD": "00", "ALAND": 376962738765, "AWATER": 3869208832 }, "geometry": { "type": "MultiLineString", "coordinates": [ [ [ -112.260271, 48.669756 ], [ -112.264728, 48.669742 ], [ -112.273848, 48.664952 ] ] ] } },
{ "type": "Feature", "properties": { "TYPEPIPE": "Intrastate", "Operator": "Northwestern Energy Co", "Status": "Operating", "Shape_Leng": 0.04143260331, "STATEFP": "30", "STATENS": "00767982", "AFFGEOID": "0400000US30", "GEOID": "30", "STUSPS": "MT", "NAME": "Montana", "LSAD": "00", "ALAND": 376962738765, "AWATER": 3869208832 }, "geometry": { "type": "MultiLineString", "coordinates": [ [ [ -112.242415, 48.69042 ], [ -112.241361, 48.68966 ], [ -112.240326, 48.689764 ], [ -112.239747, 48.68974 ], [ -112.238736, 48.689157 ], [ -112.238842, 48.688722 ], [ -112.238909, 48.68829 ], [ -112.236215, 48.686385 ], [ -112.238717, 48.682887 ], [ -112.238924, 48.681765 ], [ -112.239104, 48.681128 ], [ -112.239867, 48.680893 ], [ -112.240898, 48.680586 ], [ -112.241462, 48.680001 ], [ -112.241606, 48.67949 ], [ -112.244943, 48.677341 ], [ -112.258463, 48.673225 ], [ -112.258773, 48.673428 ], [ -112.259467, 48.673502 ], [ -112.260233, 48.673373 ], [ -112.260612, 48.673068 ], [ -112.260829, 48.67248 ], [ -112.260271, 48.669756 ] ] ] } },
{ "type": "Feature", "properties": { "TYPEPIPE": "Intrastate", "Operator": "Northwestern Energy Co", "Status": "Operating", "Shape_Leng": 0.00205628622, "STATEFP": "30", "STATENS": "00767982", "AFFGEOID": "0400000US30", "GEOID": "30", "STUSPS": "MT", "NAME": "Montana", "LSAD": "00", "ALAND": 376962738765, "AWATER": 3869208832 }, "geometry": { "type": "MultiLineString", "coordinates": [ [ [ -112.260271, 48.669756 ], [ -112.259828, 48.667748 ] ] ] } },
{ "type": "Feature", "properties": { "TYPEPIPE": "Intrastate", "Operator": "Northwestern Energy Co", "Status": "Operating", "Shape_Leng": 0.00842992764, "STATEFP": "30", "STATENS": "00767982", "AFFGEOID": "0400000US30", "GEOID": "30", "STUSPS": "MT", "NAME": "Montana", "LSAD": "00", "ALAND": 376962738765, "AWATER": 3869208832 }, "geometry": { "type": "MultiLineString", "coordinates": [ [ [ -112.259828, 48.667748 ], [ -112.258012, 48.659516 ] ] ] } },
{ "type": "Feature", "properties": { "TYPEPIPE": "Intrastate", "Operator": "Northwestern Energy Co", "Status": "Operating", "Shape_Leng": 0.01181062492, "STATEFP": "30", "STATENS": "00767982", "AFFGEOID": "0400000US30", "GEOID": "30", "STUSPS": "MT", "NAME": "Montana", "LSAD": "00", "ALAND": 376962738765, "AWATER": 3869208832 }, "geometry": { "type": "MultiLineString", "coordinates": [ [ [ -112.208702, 48.668514 ], [ -112.199032, 48.661733 ] ] ] } },
{ "type": "Feature", "properties": { "TYPEPIPE": "Intrastate", "Operator": "Northwestern Energy Co", "Status": "Operating", "Shape_Leng": 0.00256951669, "STATEFP": "30", "STATENS": "00767982", "AFFGEOID": "0400000US30", "GEOID": "30", "STUSPS": "MT", "NAME": "Montana", "LSAD": "00", "ALAND": 376962738765, "AWATER": 3869208832 }, "geometry": { "type": "MultiLineString", "coordinates": [ [ [ -112.208702, 48.668514 ], [ -112.207596, 48.668924 ], [ -112.206655, 48.669947 ] ] ] } },
{ "type": "Feature", "properties": { "TYPEPIPE": "Intrastate", "Operator": "Northwestern Energy Co", "Status": "Operating", "Shape_Leng": 0.03453629, "STATEFP": "30", "STATENS": "00767982", "AFFGEOID": "0400000US30", "GEOID": "30", "STUSPS": "MT", "NAME": "Montana", "LSAD": "00", "ALAND": 376962738765, "AWATER": 3869208832 }, "geometry": { "type": "MultiLineString", "coordinates": [ [ [ -112.206655, 48.669947 ], [ -112.178207, 48.677328 ], [ -112.178615, 48.682267 ], [ -112.178646, 48.682455 ] ] ] } },
{ "type": "Feature", "properties": { "TYPEPIPE": "Intrastate", "Operator": "Northwestern Energy Co", "Status": "Operating", "Shape_Leng": 0.00355631059, "STATEFP": "30", "STATENS": "00767982", "AFFGEOID": "0400000US30", "GEOID": "30", "STUSPS": "MT", "NAME": "Montana", "LSAD": "00", "ALAND": 376962738765, "AWATER": 3869208832 }, "geometry": { "type": "MultiLineString", "coordinates": [ [ [ -112.203166, 48.63856 ], [ -112.205262, 48.641433 ] ] ] } },
{ "type": "Feature", "properties": { "TYPEPIPE": "Intrastate", "Operator": "Northwestern Energy Co", "Status": "Operating", "Shape_Leng": 0.00734115883, "STATEFP": "30", "STATENS": "00767982", "AFFGEOID": "0400000US30", "GEOID": "30", "STUSPS": "MT", "NAME": "Montana", "LSAD": "00", "ALAND": 376962738765, "AWATER": 3869208832 }, "geometry": { "type": "MultiLineString", "coordinates": [ [ [ -112.203166, 48.63856 ], [ -112.199503, 48.632198 ] ] ] } },
{ "type": "Feature", "properties": { "TYPEPIPE": "Intrastate", "Operator": "Northwestern Energy Co", "Status": "Operating", "Shape_Leng": 0.01698148241, "STATEFP": "30", "STATENS": "00767982", "AFFGEOID": "0400000US30", "GEOID": "30", "STUSPS": "MT", "NAME": "Montana", "LSAD": "00", "ALAND": 376962738765, "AWATER": 3869208832 }, "geometry": { "type": "MultiLineString", "coordinates": [ [ [ -112.220748, 48.617723 ], [ -112.23764, 48.619464 ] ] ] } },
{ "type": "Feature", "properties": { "TYPEPIPE": "Intrastate", "Operator": "Northwestern Energy Co", "Status": "Operating", "Shape_Leng": 0.00972138892, "STATEFP": "30", "STATENS": "00767982", "AFFGEOID": "0400000US30", "GEOID": "30", "STUSPS": "MT", "NAME": "Montana", "LSAD": "00", "ALAND": 376962738765, "AWATER": 3869208832 }, "geometry": { "type": "MultiLineString", "coordinates": [ [ [ -112.205154, 48.638577 ], [ -112.203166, 48.63856 ], [ -112.19997, 48.645602 ] ] ] } },
{ "type": "Feature", "properties": { "TYPEPIPE": "Intrastate", "Operator": "Northwestern Energy Co", "Status": "Operating", "Shape_Leng": 0.01484154037, "STATEFP": "30", "STATENS": "00767982", "AFFGEOID": "0400000US30", "GEOID": "30", "STUSPS": "MT", "NAME": "Montana", "LSAD": "00", "ALAND": 376962738765, "AWATER": 3869208832 }, "geometry": { "type": "MultiLineString", "coordinates": [ [ [ -112.219994, 48.638669 ], [ -112.219648, 48.638696 ], [ -112.205154, 48.638577 ] ] ] } },
{ "type": "Feature", "properties": { "TYPEPIPE": "Intrastate", "Operator": "Northwestern Energy Co", "Status": "Operating", "Shape_Leng": 0.04031508289, "STATEFP": "30", "STATENS": "00767982", "AFFGEOID": "0400000US30", "GEOID": "30", "STUSPS": "MT", "NAME": "Montana", "LSAD": "00", "ALAND": 376962738765, "AWATER": 3869208832 }, "geometry": { "type": "MultiLineString", "coordinates": [ [ [ -112.219994, 48.638669 ], [ -112.220022, 48.617874 ], [ -112.200542, 48.619124 ] ] ] } },
{ "type": "Feature", "properties": { "TYPEPIPE": "Intrastate", "Operator": "Northwestern Energy Co", "Status": "Operating", "Shape_Leng": 0.02765753297, "STATEFP": "30", "STATENS": "00767982", "AFFGEOID": "0400000US30", "GEOID": "30", "STUSPS": "MT", "NAME": "Montana", "LSAD": "00", "ALAND": 376962738765, "AWATER": 3869208832 }, "geometry": { "type": "MultiLineString", "coordinates": [ [ [ -112.252148, 48.638842 ], [ -112.243273, 48.638736 ], [ -112.242884, 48.638511 ], [ -112.242343, 48.638305 ], [ -112.241304, 48.638286 ], [ -112.240621, 48.638617 ], [ -112.240165, 48.638845 ], [ -112.228484, 48.638725 ], [ -112.22472, 48.63871 ] ] ] } },
{ "type": "Feature", "properties": { "TYPEPIPE": "Intrastate", "Operator": "Northwestern Energy Co", "Status": "Operating", "Shape_Leng": 0.02108213341, "STATEFP": "30", "STATENS": "00767982", "AFFGEOID": "0400000US30", "GEOID": "30", "STUSPS": "MT", "NAME": "Montana", "LSAD": "00", "ALAND": 376962738765, "AWATER": 3869208832 }, "geometry": { "type": "MultiLineString", "coordinates": [ [ [ -112.223895, 48.617712 ], [ -112.244977, 48.617787 ] ] ] } },
{ "type": "Feature", "properties": { "TYPEPIPE": "Intrastate", "Operator": "Northwestern Energy Co", "Status": "Operating", "Shape_Leng": 0.02073493232, "STATEFP": "30", "STATENS": "00767982", "AFFGEOID": "0400000US30", "GEOID": "30", "STUSPS": "MT", "NAME": "Montana", "LSAD": "00", "ALAND": 376962738765, "AWATER": 3869208832 }, "geometry": { "type": "MultiLineString", "coordinates": [ [ [ -112.206655, 48.669947 ], [ -112.201297, 48.674749 ], [ -112.201308, 48.675283 ], [ -112.200629, 48.675976 ], [ -112.210978, 48.681912 ], [ -112.211073, 48.681957 ] ] ] } },
{ "type": "Feature", "properties": { "TYPEPIPE": "Intrastate", "Operator": "Northwestern Energy Co", "Status": "Operating", "Shape_Leng": 0.00360783456, "STATEFP": "30", "STATENS": "00767982", "AFFGEOID": "0400000US30", "GEOID": "30", "STUSPS": "MT", "NAME": "Montana", "LSAD": "00", "ALAND": 376962738765, "AWATER": 3869208832 }, "geometry": { "type": "MultiLineString", "coordinates": [ [ [ -112.187792, 48.691266 ], [ -112.185817, 48.692444 ], [ -112.184509, 48.692421 ] ] ] } },
{ "type": "Feature", "properties": { "TYPEPIPE": "Intrastate", "Operator": "Northwestern Energy Co", "Status": "Operating", "Shape_Leng": 0.00990696015, "STATEFP": "30", "STATENS": "00767982", "AFFGEOID": "0400000US30", "GEOID": "30", "STUSPS": "MT", "NAME": "Montana", "LSAD": "00", "ALAND": 376962738765, "AWATER": 3869208832 }, "geometry": { "type": "MultiLineString", "coordinates": [ [ [ -112.242415, 48.69042 ], [ -112.24079, 48.691724 ], [ -112.241452, 48.692103 ], [ -112.241576, 48.692562 ], [ -112.241318, 48.693074 ], [ -112.240712, 48.693456 ], [ -112.240175, 48.693563 ], [ -112.239636, 48.693536 ], [ -112.238862, 48.693333 ], [ -112.236177, 48.695432 ] ] ] } },
{ "type": "Feature", "properties": { "TYPEPIPE": "Intrastate", "Operator": "Northwestern Energy Co", "Status": "Operating", "Shape_Leng": 0.00650837657, "STATEFP": "30", "STATENS": "00767982", "AFFGEOID": "0400000US30", "GEOID": "30", "STUSPS": "MT", "NAME": "Montana", "LSAD": "00", "ALAND": 376962738765, "AWATER": 3869208832 }, "geometry": { "type": "MultiLineString", "coordinates": [ [ [ -112.212327, 48.68256 ], [ -112.212453, 48.682622 ], [ -112.218016, 48.685721 ] ] ] } },
{ "type": "Feature", "properties": { "TYPEPIPE": "Intrastate", "Operator": "Northwestern Energy Co", "Status": "Operating", "Shape_Leng": 0.00730070928, "STATEFP": "30", "STATENS": "00767982", "AFFGEOID": "0400000US30", "GEOID": "30", "STUSPS": "MT", "NAME": "Montana", "LSAD": "00", "ALAND": 376962738765, "AWATER": 3869208832 }, "geometry": { "type": "MultiLineString", "coordinates": [ [ [ -112.212327, 48.68256 ], [ -112.218127, 48.678126 ] ] ] } },
{ "type": "Feature", "properties": { "TYPEPIPE": "Intrastate", "Operator": "Northwestern Energy Co", "Status": "Operating", "Shape_Leng": 0.0102125725, "STATEFP": "30", "STATENS": "00767982", "AFFGEOID": "0400000US30", "GEOID": "30", "STUSPS": "MT", "NAME": "Montana", "LSAD": "00", "ALAND": 376962738765, "AWATER": 3869208832 }, "geometry": { "type": "MultiLineString", "coordinates": [ [ [ -112.178646, 48.682455 ], [ -112.172779, 48.682738 ], [ -112.169135, 48.685093 ] ] ] } },
{ "type": "Feature", "properties": { "TYPEPIPE": "Intrastate", "Operator": "Northwestern Energy Co", "Status": "Operating", "Shape_Leng": 0.00555581515, "STATEFP": "30", "STATENS": "00767982", "AFFGEOID": "0400000US30", "GEOID": "30", "STUSPS": "MT", "NAME": "Montana", "LSAD": "00", "ALAND": 376962738765, "AWATER": 3869208832 }, "geometry": { "type": "MultiLineString", "coordinates": [ [ [ -112.178646, 48.682455 ], [ -112.179267, 48.687976 ] ] ] } },
{ "type": "Feature", "properties": { "TYPEPIPE": "Intrastate", "Operator": "Northwestern Energy Co", "Status": "Operating", "Shape_Leng": 8.802272e-05, "STATEFP": "30", "STATENS": "00767982", "AFFGEOID": "0400000US30", "GEOID": "30", "STUSPS": "MT", "NAME": "Montana", "LSAD": "00", "ALAND": 376962738765, "AWATER": 3869208832 }, "geometry": { "type": "MultiLineString", "coordinates": [ [ [ -112.179267, 48.687976 ], [ -112.179179, 48.687974 ] ] ] } },
{ "type": "Feature", "properties": { "TYPEPIPE": "Intrastate", "Operator": "Northwestern Energy Co", "Status": "Operating", "Shape_Leng": 0.00452751068, "STATEFP": "30", "STATENS": "00767982", "AFFGEOID": "0400000US30", "GEOID": "30", "STUSPS": "MT", "NAME": "Montana", "LSAD": "00", "ALAND": 376962738765, "AWATER": 3869208832 }, "geometry": { "type": "MultiLineString", "coordinates": [ [ [ -112.179179, 48.687974 ], [ -112.174652, 48.687906 ] ] ] } },
{ "type": "Feature", "properties": { "TYPEPIPE": "Intrastate", "Operator": "Northwestern Energy Co", "Status": "Operating", "Shape_Leng": 0.00127820225, "STATEFP": "30", "STATENS": "00767982", "AFFGEOID": "0400000US30", "GEOID": "30", "STUSPS": "MT", "NAME": "Montana", "LSAD": "00", "ALAND": 376962738765, "AWATER": 3869208832 }, "geometry": { "type": "MultiLineString", "coordinates": [ [ [ -112.179179, 48.687974 ], [ -112.179254, 48.68925 ] ] ] } },
{ "type": "Feature", "properties": { "TYPEPIPE": "Intrastate", "Operator": "Northwestern Energy Co", "Status": "Operating", "Shape_Leng": 0.01897714188, "STATEFP": "30", "STATENS": "00767982", "AFFGEOID": "0400000US30", "GEOID": "30", "STUSPS": "MT", "NAME": "Montana", "LSAD": "00", "ALAND": 376962738765, "AWATER": 3869208832 }, "geometry": { "type": "MultiLineString", "coordinates": [ [ [ -112.179267, 48.687976 ], [ -112.183849, 48.688245 ], [ -112.196057, 48.695858 ] ] ] } },
{ "type": "Feature", "properties": { "TYPEPIPE": "Intrastate", "Operator": "Northwestern Energy Co", "Status": "Operating", "Shape_Leng": 0.00158303032, "STATEFP": "30", "STATENS": "00767982", "AFFGEOID": "0400000US30", "GEOID": "30", "STUSPS": "MT", "NAME": "Montana", "LSAD": "00", "ALAND": 376962738765, "AWATER": 3869208832 }, "geometry": { "type": "MultiLineString", "coordinates": [ [ [ -112.196057, 48.695858 ], [ -112.194829, 48.696857 ] ] ] } },
{ "type": "Feature", "properties": { "TYPEPIPE": "Intrastate", "Operator": "Northwestern Energy Co", "Status": "Operating", "Shape_Leng": 0.00920183354, "STATEFP": "30", "STATENS": "00767982", "AFFGEOID": "0400000US30", "GEOID": "30", "STUSPS": "MT", "NAME": "Montana", "LSAD": "00", "ALAND": 376962738765, "AWATER": 3869208832 }, "geometry": { "type": "MultiLineString", "coordinates": [ [ [ -112.17999, 48.693349 ], [ -112.18019, 48.69753 ], [ -112.178282, 48.702169 ] ] ] } },
{ "type": "Feature", "properties": { "TYPEPIPE": "Intrastate", "Operator": "Northwestern Energy Co", "Status": "Operating", "Shape_Leng": 0.00018006943, "STATEFP": "30", "STATENS": "00767982", "AFFGEOID": "0400000US30", "GEOID": "30", "STUSPS": "MT", "NAME": "Montana", "LSAD": "00", "ALAND": 376962738765, "AWATER": 3869208832 }, "geometry": { "type": "MultiLineString", "coordinates": [ [ [ -112.178282, 48.702169 ], [ -112.178287, 48.702349 ] ] ] } },
{ "type": "Feature", "properties": { "TYPEPIPE": "Intrastate", "Operator": "Northwestern Energy Co", "Status": "Operating", "Shape_Leng": 0.00112135498, "STATEFP": "30", "STATENS": "00767982", "AFFGEOID": "0400000US30", "GEOID": "30", "STUSPS": "MT", "NAME": "Montana", "LSAD": "00", "ALAND": 376962738765, "AWATER": 3869208832 }, "geometry": { "type": "MultiLineString", "coordinates": [ [ [ -112.183042, 48.703062 ], [ -112.184151, 48.703228 ] ] ] } },
{ "type": "Feature", "properties": { "TYPEPIPE": "Intrastate", "Operator": "Northwestern Energy Co", "Status": "Operating", "Shape_Leng": 0.0048430413, "STATEFP": "30", "STATENS": "00767982", "AFFGEOID": "0400000US30", "GEOID": "30", "STUSPS": "MT", "NAME": "Montana", "LSAD": "00", "ALAND": 376962738765, "AWATER": 3869208832 }, "geometry": { "type": "MultiLineString", "coordinates": [ [ [ -112.178282, 48.702169 ], [ -112.183042, 48.703062 ] ] ] } },
{ "type": "Feature", "properties": { "TYPEPIPE": "Intrastate", "Operator": "Northwestern Energy Co", "Status": "Operating", "Shape_Leng": 0.00139144709, "STATEFP": "30", "STATENS": "00767982", "AFFGEOID": "0400000US30", "GEOID": "30", "STUSPS": "MT", "NAME": "Montana", "LSAD": "00", "ALAND": 376962738765, "AWATER": 3869208832 }, "geometry": { "type": "MultiLineString", "coordinates": [ [ [ -112.211073, 48.681957 ], [ -112.212327, 48.68256 ] ] ] } },
{ "type": "Feature", "properties": { "TYPEPIPE": "Intrastate", "Operator": "Northwestern Energy Co", "Status": "Operating", "Shape_Leng": 0.00464296479, "STATEFP": "30", "STATENS": "00767982", "AFFGEOID": "0400000US30", "GEOID": "30", "STUSPS": "MT", "NAME": "Montana", "LSAD": "00", "ALAND": 376962738765, "AWATER": 3869208832 }, "geometry": { "type": "MultiLineString", "coordinates": [ [ [ -112.211073, 48.681957 ], [ -112.207464, 48.684878 ] ] ] } },
{ "type": "Feature", "properties": { "TYPEPIPE": "Intrastate", "Operator": "Northwestern Energy Co", "Status": "Operating", "Shape_Leng": 0.01050286766, "STATEFP": "30", "STATENS": "00767982", "AFFGEOID": "0400000US30", "GEOID": "30", "STUSPS": "MT", "NAME": "Montana", "LSAD": "00", "ALAND": 376962738765, "AWATER": 3869208832 }, "geometry": { "type": "MultiLineString", "coordinates": [ [ [ -112.284874, 48.730636 ], [ -112.295376, 48.730501 ] ] ] } },
{ "type": "Feature", "properties": { "TYPEPIPE": "Intrastate", "Operator": "Northwestern Energy Co", "Status": "Operating", "Shape_Leng": 0.01245036036, "STATEFP": "30", "STATENS": "00767982", "AFFGEOID": "0400000US30", "GEOID": "30", "STUSPS": "MT", "NAME": "Montana", "LSAD": "00", "ALAND": 376962738765, "AWATER": 3869208832 }, "geometry": { "type": "MultiLineString", "coordinates": [ [ [ -112.302833, 48.750534 ], [ -112.313825, 48.744687 ] ] ] } },
{ "type": "Feature", "properties": { "TYPEPIPE": "Intrastate", "Operator": "Northwestern Energy Co", "Status": "Operating", "Shape_Leng": 0.10816974276000001, "STATEFP": "30", "STATENS": "00767982", "AFFGEOID": "0400000US30", "GEOID": "30", "STUSPS": "MT", "NAME": "Montana", "LSAD": "00", "ALAND": 376962738765, "AWATER": 3869208832 }, "geometry": { "type": "MultiLineString", "coordinates": [ [ [ -112.35845, 48.741906 ], [ -112.357749, 48.700856 ], [ -112.348362, 48.690899 ], [ -112.31944, 48.690694 ], [ -112.296091, 48.692046 ], [ -112.295023, 48.692379 ] ] ] } },
{ "type": "Feature", "properties": { "TYPEPIPE": "Intrastate", "Operator": "Northwestern Energy Co", "Status": "Operating", "Shape_Leng": 0.02248185243, "STATEFP": "30", "STATENS": "00767982", "AFFGEOID": "0400000US30", "GEOID": "30", "STUSPS": "MT", "NAME": "Montana", "LSAD": "00", "ALAND": 376962738765, "AWATER": 3869208832 }, "geometry": { "type": "MultiLineString", "coordinates": [ [ [ -112.295023, 48.692379 ], [ -112.291544, 48.682989 ], [ -112.288852, 48.670815 ] ] ] } },
{ "type": "Feature", "properties": { "TYPEPIPE": "Intrastate", "Operator": "Northwestern Energy Co", "Status": "Operating", "Shape_Leng": 0.00132235914, "STATEFP": "30", "STATENS": "00767982", "AFFGEOID": "0400000US30", "GEOID": "30", "STUSPS": "MT", "NAME": "Montana", "LSAD": "00", "ALAND": 376962738765, "AWATER": 3869208832 }, "geometry": { "type": "MultiLineString", "coordinates": [ [ [ -112.266284, 48.69703 ], [ -112.266732, 48.698177 ], [ -112.266656, 48.698227 ] ] ] } },
{ "type": "Feature", "properties": { "TYPEPIPE": "Intrastate", "Operator": "Northwestern Energy Co", "Status": "Operating", "Shape_Leng": 0.01058827356, "STATEFP": "30", "STATENS": "00767982", "AFFGEOID": "0400000US30", "GEOID": "30", "STUSPS": "MT", "NAME": "Montana", "LSAD": "00", "ALAND": 376962738765, "AWATER": 3869208832 }, "geometry": { "type": "MultiLineString", "coordinates": [ [ [ -112.266656, 48.698227 ], [ -112.276977, 48.700591 ] ] ] } },
{ "type": "Feature", "properties": { "TYPEPIPE": "Intrastate", "Operator": "Northwestern Energy Co", "Status": "Operating", "Shape_Leng": 0.00225560838, "STATEFP": "30", "STATENS": "00767982", "AFFGEOID": "0400000US30", "GEOID": "30", "STUSPS": "MT", "NAME": "Montana", "LSAD": "00", "ALAND": 376962738765, "AWATER": 3869208832 }, "geometry": { "type": "MultiLineString", "coordinates": [ [ [ -112.266656, 48.698227 ], [ -112.266395, 48.698558 ], [ -112.266015, 48.698764 ], [ -112.265517, 48.698919 ], [ -112.265055, 48.698869 ], [ -112.264679, 48.698692 ] ] ] } },
{ "type": "Feature", "properties": { "TYPEPIPE": "Intrastate", "Operator": "Northwestern Energy Co", "Status": "Operating", "Shape_Leng": 0.00941321133, "STATEFP": "30", "STATENS": "00767982", "AFFGEOID": "0400000US30", "GEOID": "30", "STUSPS": "MT", "NAME": "Montana", "LSAD": "00", "ALAND": 376962738765, "AWATER": 3869208832 }, "geometry": { "type": "MultiLineString", "coordinates": [ [ [ -112.264679, 48.698692 ], [ -112.266143, 48.704673 ], [ -112.266077, 48.705161 ], [ -112.267052, 48.705743 ], [ -112.268205, 48.705664 ], [ -112.268582, 48.70538 ] ] ] } },
{ "type": "Feature", "properties": { "TYPEPIPE": "Intrastate", "Operator": "Northwestern Energy Co", "Status": "Operating", "Shape_Leng": 0.01132808731, "STATEFP": "30", "STATENS": "00767982", "AFFGEOID": "0400000US30", "GEOID": "30", "STUSPS": "MT", "NAME": "Montana", "LSAD": "00", "ALAND": 376962738765, "AWATER": 3869208832 }, "geometry": { "type": "MultiLineString", "coordinates": [ [ [ -112.264679, 48.698692 ], [ -112.264511, 48.698614 ], [ -112.254204, 48.698593 ], [ -112.253656, 48.698108 ], [ -112.253571, 48.698048 ] ] ] } },
{ "type": "Feature", "properties": { "TYPEPIPE": "Intrastate", "Operator": "Northwestern Energy Co", "Status": "Operating", "Shape_Leng": 0.0833944764, "STATEFP": "30", "STATENS": "00767982", "AFFGEOID": "0400000US30", "GEOID": "30", "STUSPS": "MT", "NAME": "Montana", "LSAD": "00", "ALAND": 376962738765, "AWATER": 3869208832 }, "geometry": { "type": "MultiLineString", "coordinates": [ [ [ -112.22005, 48.727861 ], [ -112.238634, 48.727787 ], [ -112.238832, 48.728091 ], [ -112.239917, 48.728394 ], [ -112.240879, 48.728367 ], [ -112.241525, 48.727959 ], [ -112.241597, 48.727755 ], [ -112.271032, 48.727646 ], [ -112.27131, 48.728026 ], [ -112.272079, 48.728049 ], [ -112.272769, 48.727897 ], [ -112.273376, 48.727512 ], [ -112.275257, 48.732502 ], [ -112.273898, 48.735513 ], [ -112.271886, 48.756056 ] ] ] } },
{ "type": "Feature", "properties": { "TYPEPIPE": "Intrastate", "Operator": "Northwestern Energy Co", "Status": "Operating", "Shape_Leng": 0.00604925674, "STATEFP": "30", "STATENS": "00767982", "AFFGEOID": "0400000US30", "GEOID": "30", "STUSPS": "MT", "NAME": "Montana", "LSAD": "00", "ALAND": 376962738765, "AWATER": 3869208832 }, "geometry": { "type": "MultiLineString", "coordinates": [ [ [ -112.286025, 48.739117 ], [ -112.280914, 48.736002 ], [ -112.280948, 48.735948 ] ] ] } },
{ "type": "Feature", "properties": { "TYPEPIPE": "Intrastate", "Operator": "Northwestern Energy Co", "Status": "Operating", "Shape_Leng": 0.00640324543, "STATEFP": "30", "STATENS": "00767982", "AFFGEOID": "0400000US30", "GEOID": "30", "STUSPS": "MT", "NAME": "Montana", "LSAD": "00", "ALAND": 376962738765, "AWATER": 3869208832 }, "geometry": { "type": "MultiLineString", "coordinates": [ [ [ -112.280948, 48.735948 ], [ -112.284332, 48.730512 ] ] ] } },
{ "type": "Feature", "properties": { "TYPEPIPE": "Intrastate", "Operator": "Northwestern Energy Co", "Status": "Operating", "Shape_Leng": 0.00986499331, "STATEFP": "30", "STATENS": "00767982", "AFFGEOID": "0400000US30", "GEOID": "30", "STUSPS": "MT", "NAME": "Montana", "LSAD": "00", "ALAND": 376962738765, "AWATER": 3869208832 }, "geometry": { "type": "MultiLineString", "coordinates": [ [ [ -112.284332, 48.730512 ], [ -112.284575, 48.72065 ] ] ] } },
{ "type": "Feature", "properties": { "TYPEPIPE": "Intrastate", "Operator": "Northwestern Energy Co", "Status": "Operating", "Shape_Leng": 0.01246552906, "STATEFP": "30", "STATENS": "00767982", "AFFGEOID": "0400000US30", "GEOID": "30", "STUSPS": "MT", "NAME": "Montana", "LSAD": "00", "ALAND": 376962738765, "AWATER": 3869208832 }, "geometry": { "type": "MultiLineString", "coordinates": [ [ [ -112.284332, 48.730512 ], [ -112.275355, 48.72651 ], [ -112.273504, 48.724632 ] ] ] } },
{ "type": "Feature", "properties": { "TYPEPIPE": "Intrastate", "Operator": "Northwestern Energy Co", "Status": "Operating", "Shape_Leng": 0.00763146802, "STATEFP": "30", "STATENS": "00767982", "AFFGEOID": "0400000US30", "GEOID": "30", "STUSPS": "MT", "NAME": "Montana", "LSAD": "00", "ALAND": 376962738765, "AWATER": 3869208832 }, "geometry": { "type": "MultiLineString", "coordinates": [ [ [ -112.252173, 48.741743 ], [ -112.252402, 48.73807 ], [ -112.256025, 48.736493 ] ] ] } },
{ "type": "Feature", "properties": { "TYPEPIPE": "Intrastate", "Operator": "Northwestern Energy Co", "Status": "Operating", "Shape_Leng": 0.02600383449, "STATEFP": "30", "STATENS": "00767982", "AFFGEOID": "0400000US30", "GEOID": "30", "STUSPS": "MT", "NAME": "Montana", "LSAD": "00", "ALAND": 376962738765, "AWATER": 3869208832 }, "geometry": { "type": "MultiLineString", "coordinates": [ [ [ -112.256025, 48.736493 ], [ -112.256177, 48.736427 ], [ -112.269842, 48.736569 ], [ -112.269789, 48.735906 ], [ -112.273175, 48.735872 ], [ -112.273413, 48.736149 ], [ -112.274146, 48.736303 ], [ -112.274879, 48.736374 ], [ -112.275414, 48.736194 ], [ -112.275448, 48.735991 ], [ -112.280948, 48.735948 ] ] ] } },
{ "type": "Feature", "properties": { "TYPEPIPE": "Intrastate", "Operator": "Northwestern Energy Co", "Status": "Operating", "Shape_Leng": 0.0073820464, "STATEFP": "30", "STATENS": "00767982", "AFFGEOID": "0400000US30", "GEOID": "30", "STUSPS": "MT", "NAME": "Montana", "LSAD": "00", "ALAND": 376962738765, "AWATER": 3869208832 }, "geometry": { "type": "MultiLineString", "coordinates": [ [ [ -112.257342, 48.75679 ], [ -112.257727, 48.749418 ] ] ] } },
{ "type": "Feature", "properties": { "TYPEPIPE": "Intrastate", "Operator": "Northwestern Energy Co", "Status": "Operating", "Shape_Leng": 0.02276530157, "STATEFP": "30", "STATENS": "00767982", "AFFGEOID": "0400000US30", "GEOID": "30", "STUSPS": "MT", "NAME": "Montana", "LSAD": "00", "ALAND": 376962738765, "AWATER": 3869208832 }, "geometry": { "type": "MultiLineString", "coordinates": [ [ [ -112.279518, 48.75571 ], [ -112.279271, 48.755753 ], [ -112.276625, 48.756171 ], [ -112.27393, 48.756253 ], [ -112.273251, 48.756819 ], [ -112.272676, 48.75697 ], [ -112.271941, 48.756744 ], [ -112.271465, 48.756158 ], [ -112.257426, 48.756787 ], [ -112.257342, 48.75679 ] ] ] } },
{ "type": "Feature", "properties": { "TYPEPIPE": "Intrastate", "Operator": "Northwestern Energy Co", "Status": "Operating", "Shape_Leng": 0.02122282725, "STATEFP": "30", "STATENS": "00767982", "AFFGEOID": "0400000US30", "GEOID": "30", "STUSPS": "MT", "NAME": "Montana", "LSAD": "00", "ALAND": 376962738765, "AWATER": 3869208832 }, "geometry": { "type": "MultiLineString", "coordinates": [ [ [ -112.256025, 48.736493 ], [ -112.255955, 48.733294 ], [ -112.251064, 48.731399 ], [ -112.251005, 48.72867 ], [ -112.250187, 48.728165 ], [ -112.249674, 48.727556 ], [ -112.250273, 48.72679 ], [ -112.251109, 48.726325 ], [ -112.251144, 48.720846 ], [ -112.250493, 48.720925 ], [ -112.250275, 48.720987 ] ] ] } },
{ "type": "Feature", "properties": { "TYPEPIPE": "Intrastate", "Operator": "Northwestern Energy Co", "Status": "Operating", "Shape_Leng": 0.01583266217, "STATEFP": "30", "STATENS": "00767982", "AFFGEOID": "0400000US30", "GEOID": "30", "STUSPS": "MT", "NAME": "Montana", "LSAD": "00", "ALAND": 376962738765, "AWATER": 3869208832 }, "geometry": { "type": "MultiLineString", "coordinates": [ [ [ -112.169509, 48.940989 ], [ -112.163158, 48.948138 ], [ -112.159118, 48.952933 ] ] ] } },
{ "type": "Feature", "properties": { "TYPEPIPE": "Intrastate", "Operator": "Northwestern Energy Co", "Status": "Operating", "Shape_Leng": 0.00270177247, "STATEFP": "30", "STATENS": "00767982", "AFFGEOID": "0400000US30", "GEOID": "30", "STUSPS": "MT", "NAME": "Montana", "LSAD": "00", "ALAND": 376962738765, "AWATER": 3869208832 }, "geometry": { "type": "MultiLineString", "coordinates": [ [ [ -112.161999, 48.96129 ], [ -112.162075, 48.961644 ], [ -112.16001, 48.962744 ] ] ] } },
{ "type": "Feature", "properties": { "TYPEPIPE": "Intrastate", "Operator": "Northwestern Energy Co", "Status": "Operating", "Shape_Leng": 0.00242723814, "STATEFP": "30", "STATENS": "00767982", "AFFGEOID": "0400000US30", "GEOID": "30", "STUSPS": "MT", "NAME": "Montana", "LSAD": "00", "ALAND": 376962738765, "AWATER": 3869208832 }, "geometry": { "type": "MultiLineString", "coordinates": [ [ [ -112.161999, 48.96129 ], [ -112.164426, 48.961256 ] ] ] } },
{ "type": "Feature", "properties": { "TYPEPIPE": "Intrastate", "Operator": "Northwestern Energy Co", "Status": "Operating", "Shape_Leng": 0.00456430087, "STATEFP": "30", "STATENS": "00767982", "AFFGEOID": "0400000US30", "GEOID": "30", "STUSPS": "MT", "NAME": "Montana", "LSAD": "00", "ALAND": 376962738765, "AWATER": 3869208832 }, "geometry": { "type": "MultiLineString", "coordinates": [ [ [ -112.159118, 48.952933 ], [ -112.159217, 48.953953 ], [ -112.16222, 48.9553 ], [ -112.162209, 48.955548 ] ] ] } },
{ "type": "Feature", "properties": { "TYPEPIPE": "Intrastate", "Operator": "Northwestern Energy Co", "Status": "Operating", "Shape_Leng": 0.00574665337, "STATEFP": "30", "STATENS": "00767982", "AFFGEOID": "0400000US30", "GEOID": "30", "STUSPS": "MT", "NAME": "Montana", "LSAD": "00", "ALAND": 376962738765, "AWATER": 3869208832 }, "geometry": { "type": "MultiLineString", "coordinates": [ [ [ -112.162209, 48.955548 ], [ -112.161989, 48.961136 ], [ -112.161999, 48.96129 ] ] ] } },
{ "type": "Feature", "properties": { "TYPEPIPE": "Intrastate", "Operator": "Northwestern Energy Co", "Status": "Operating", "Shape_Leng": 0.02432173958, "STATEFP": "30", "STATENS": "00767982", "AFFGEOID": "0400000US30", "GEOID": "30", "STUSPS": "MT", "NAME": "Montana", "LSAD": "00", "ALAND": 376962738765, "AWATER": 3869208832 }, "geometry": { "type": "MultiLineString", "coordinates": [ [ [ -112.162209, 48.955548 ], [ -112.167682, 48.9559 ], [ -112.173615, 48.952979 ], [ -112.171588, 48.948322 ], [ -112.175878, 48.94826 ], [ -112.174184, 48.950558 ] ] ] } },
{ "type": "Feature", "properties": { "TYPEPIPE": "Intrastate", "Operator": "Northwestern Energy Co", "Status": "Operating", "Shape_Leng": 0.01234110117, "STATEFP": "30", "STATENS": "00767982", "AFFGEOID": "0400000US30", "GEOID": "30", "STUSPS": "MT", "NAME": "Montana", "LSAD": "00", "ALAND": 376962738765, "AWATER": 3869208832 }, "geometry": { "type": "MultiLineString", "coordinates": [ [ [ -112.13065, 48.976323 ], [ -112.131345, 48.981806 ], [ -112.131555, 48.982749 ], [ -112.131574, 48.983694 ], [ -112.132089, 48.984327 ], [ -112.132369, 48.984814 ], [ -112.131923, 48.985706 ], [ -112.131979, 48.986648 ], [ -112.132074, 48.987538 ], [ -112.132088, 48.988227 ] ] ] } },
{ "type": "Feature", "properties": { "TYPEPIPE": "Intrastate", "Operator": "Northwestern Energy Co", "Status": "Operating", "Shape_Leng": 0.00400759982, "STATEFP": "30", "STATENS": "00767982", "AFFGEOID": "0400000US30", "GEOID": "30", "STUSPS": "MT", "NAME": "Montana", "LSAD": "00", "ALAND": 376962738765, "AWATER": 3869208832 }, "geometry": { "type": "MultiLineString", "coordinates": [ [ [ -112.134334, 48.98204 ], [ -112.135495, 48.982489 ], [ -112.136695, 48.982538 ], [ -112.138195, 48.982103 ] ] ] } },
{ "type": "Feature", "properties": { "TYPEPIPE": "Intrastate", "Operator": "Northwestern Energy Co", "Status": "Operating", "Shape_Leng": 0.00196238079, "STATEFP": "30", "STATENS": "00767982", "AFFGEOID": "0400000US30", "GEOID": "30", "STUSPS": "MT", "NAME": "Montana", "LSAD": "00", "ALAND": 376962738765, "AWATER": 3869208832 }, "geometry": { "type": "MultiLineString", "coordinates": [ [ [ -112.134334, 48.98204 ], [ -112.134737, 48.981242 ], [ -112.135574, 48.980578 ] ] ] } },
{ "type": "Feature", "properties": { "TYPEPIPE": "Intrastate", "Operator": "Northwestern Energy Co", "Status": "Operating", "Shape_Leng": 0.00268564517, "STATEFP": "30", "STATENS": "00767982", "AFFGEOID": "0400000US30", "GEOID": "30", "STUSPS": "MT", "NAME": "Montana", "LSAD": "00", "ALAND": 376962738765, "AWATER": 3869208832 }, "geometry": { "type": "MultiLineString", "coordinates": [ [ [ -112.132783, 48.988126 ], [ -112.135444, 48.987763 ] ] ] } },
{ "type": "Feature", "properties": { "TYPEPIPE": "Intrastate", "Operator": "Northwestern Energy Co", "Status": "Operating", "Shape_Leng": 0.00644652669, "STATEFP": "30", "STATENS": "00767982", "AFFGEOID": "0400000US30", "GEOID": "30", "STUSPS": "MT", "NAME": "Montana", "LSAD": "00", "ALAND": 376962738765, "AWATER": 3869208832 }, "geometry": { "type": "MultiLineString", "coordinates": [ [ [ -112.135444, 48.987763 ], [ -112.134761, 48.98453 ], [ -112.13398, 48.984124 ], [ -112.133731, 48.983232 ], [ -112.134334, 48.98204 ] ] ] } },
{ "type": "Feature", "properties": { "TYPEPIPE": "Intrastate", "Operator": "Northwestern Energy Co", "Status": "Operating", "Shape_Leng": 0.00294089459, "STATEFP": "30", "STATENS": "00767982", "AFFGEOID": "0400000US30", "GEOID": "30", "STUSPS": "MT", "NAME": "Montana", "LSAD": "00", "ALAND": 376962738765, "AWATER": 3869208832 }, "geometry": { "type": "MultiLineString", "coordinates": [ [ [ -112.135444, 48.987763 ], [ -112.137374, 48.985544 ] ] ] } },
{ "type": "Feature", "properties": { "TYPEPIPE": "Intrastate", "Operator": "Northwestern Energy Co", "Status": "Operating", "Shape_Leng": 0.00356631616, "STATEFP": "30", "STATENS": "00767982", "AFFGEOID": "0400000US30", "GEOID": "30", "STUSPS": "MT", "NAME": "Montana", "LSAD": "00", "ALAND": 376962738765, "AWATER": 3869208832 }, "geometry": { "type": "MultiLineString", "coordinates": [ [ [ -112.148388, 48.971357 ], [ -112.150225, 48.970408 ], [ -112.150467, 48.968929 ] ] ] } },
{ "type": "Feature", "properties": { "TYPEPIPE": "Intrastate", "Operator": "Northwestern Energy Co", "Status": "Operating", "Shape_Leng": 0.01286469158, "STATEFP": "30", "STATENS": "00767982", "AFFGEOID": "0400000US30", "GEOID": "30", "STUSPS": "MT", "NAME": "Montana", "LSAD": "00", "ALAND": 376962738765, "AWATER": 3869208832 }, "geometry": { "type": "MultiLineString", "coordinates": [ [ [ -112.146771, 48.97174 ], [ -112.144979, 48.971031 ], [ -112.142185, 48.9705 ], [ -112.140348, 48.969561 ], [ -112.139069, 48.969335 ], [ -112.136984, 48.969567 ], [ -112.137076, 48.968341 ], [ -112.135716, 48.967991 ] ] ] } },
{ "type": "Feature", "properties": { "TYPEPIPE": "Intrastate", "Operator": "Northwestern Energy Co", "Status": "Operating", "Shape_Leng": 0.0034640485, "STATEFP": "30", "STATENS": "00767982", "AFFGEOID": "0400000US30", "GEOID": "30", "STUSPS": "MT", "NAME": "Montana", "LSAD": "00", "ALAND": 376962738765, "AWATER": 3869208832 }, "geometry": { "type": "MultiLineString", "coordinates": [ [ [ -112.147573, 48.970936 ], [ -112.147809, 48.96748 ] ] ] } },
{ "type": "Feature", "properties": { "TYPEPIPE": "Intrastate", "Operator": "Northwestern Energy Co", "Status": "Operating", "Shape_Leng": 0.00519356456, "STATEFP": "30", "STATENS": "00767982", "AFFGEOID": "0400000US30", "GEOID": "30", "STUSPS": "MT", "NAME": "Montana", "LSAD": "00", "ALAND": 376962738765, "AWATER": 3869208832 }, "geometry": { "type": "MultiLineString", "coordinates": [ [ [ -112.147573, 48.970936 ], [ -112.14872, 48.970538 ], [ -112.148952, 48.968548 ], [ -112.150394, 48.967197 ] ] ] } },
{ "type": "Feature", "properties": { "TYPEPIPE": "Intrastate", "Operator": "Northwestern Energy Co", "Status": "Operating", "Shape_Leng": 0.00258647579, "STATEFP": "30", "STATENS": "00767982", "AFFGEOID": "0400000US30", "GEOID": "30", "STUSPS": "MT", "NAME": "Montana", "LSAD": "00", "ALAND": 376962738765, "AWATER": 3869208832 }, "geometry": { "type": "MultiLineString", "coordinates": [ [ [ -112.147809, 48.96748 ], [ -112.14525, 48.967104 ] ] ] } },
{ "type": "Feature", "properties": { "TYPEPIPE": "Intrastate", "Operator": "Northwestern Energy Co", "Status": "Operating", "Shape_Leng": 0.0182314329, "STATEFP": "30", "STATENS": "00767982", "AFFGEOID": "0400000US30", "GEOID": "30", "STUSPS": "MT", "NAME": "Montana", "LSAD": "00", "ALAND": 376962738765, "AWATER": 3869208832 }, "geometry": { "type": "MultiLineString", "coordinates": [ [ [ -112.138899, 48.966632 ], [ -112.139225, 48.967472 ], [ -112.138496, 48.967752 ], [ -112.138314, 48.968288 ], [ -112.139402, 48.968619 ], [ -112.14, 48.969483 ], [ -112.142193, 48.968943 ], [ -112.142922, 48.968715 ], [ -112.142972, 48.967262 ], [ -112.145408, 48.965345 ], [ -112.14566, 48.96639 ], [ -112.145296, 48.967459 ], [ -112.144257, 48.969782 ], [ -112.143744, 48.97116 ] ] ] } },
{ "type": "Feature", "properties": { "TYPEPIPE": "Intrastate", "Operator": "Northwestern Energy Co", "Status": "Operating", "Shape_Leng": 0.00219442589, "STATEFP": "30", "STATENS": "00767982", "AFFGEOID": "0400000US30", "GEOID": "30", "STUSPS": "MT", "NAME": "Montana", "LSAD": "00", "ALAND": 376962738765, "AWATER": 3869208832 }, "geometry": { "type": "MultiLineString", "coordinates": [ [ [ -112.130374, 48.974146 ], [ -112.13065, 48.976323 ] ] ] } },
{ "type": "Feature", "properties": { "TYPEPIPE": "Intrastate", "Operator": "Northwestern Energy Co", "Status": "Operating", "Shape_Leng": 0.00159534134, "STATEFP": "30", "STATENS": "00767982", "AFFGEOID": "0400000US30", "GEOID": "30", "STUSPS": "MT", "NAME": "Montana", "LSAD": "00", "ALAND": 376962738765, "AWATER": 3869208832 }, "geometry": { "type": "MultiLineString", "coordinates": [ [ [ -112.13065, 48.976323 ], [ -112.132245, 48.976356 ] ] ] } },
{ "type": "Feature", "properties": { "TYPEPIPE": "Intrastate", "Operator": "Northwestern Energy Co", "Status": "Operating", "Shape_Leng": 0.00172631052, "STATEFP": "30", "STATENS": "00767982", "AFFGEOID": "0400000US30", "GEOID": "30", "STUSPS": "MT", "NAME": "Montana", "LSAD": "00", "ALAND": 376962738765, "AWATER": 3869208832 }, "geometry": { "type": "MultiLineString", "coordinates": [ [ [ -112.131852, 48.973254 ], [ -112.130374, 48.974146 ] ] ] } },
{ "type": "Feature", "properties": { "TYPEPIPE": "Intrastate", "Operator": "Northwestern Energy Co", "Status": "Operating", "Shape_Leng": 0.02173261846, "STATEFP": "30", "STATENS": "00767982", "AFFGEOID": "0400000US30", "GEOID": "30", "STUSPS": "MT", "NAME": "Montana", "LSAD": "00", "ALAND": 376962738765, "AWATER": 3869208832 }, "geometry": { "type": "MultiLineString", "coordinates": [ [ [ -112.152925, 48.872359 ], [ -112.152735, 48.87237 ], [ -112.147366, 48.872126 ], [ -112.142311, 48.874097 ], [ -112.138882, 48.876371 ], [ -112.133356, 48.88003 ] ] ] } },
{ "type": "Feature", "properties": { "TYPEPIPE": "Intrastate", "Operator": "Northwestern Energy Co", "Status": "Operating", "Shape_Leng": 0.00867235245, "STATEFP": "30", "STATENS": "00767982", "AFFGEOID": "0400000US30", "GEOID": "30", "STUSPS": "MT", "NAME": "Montana", "LSAD": "00", "ALAND": 376962738765, "AWATER": 3869208832 }, "geometry": { "type": "MultiLineString", "coordinates": [ [ [ -112.152925, 48.872359 ], [ -112.153561, 48.881008 ] ] ] } },
{ "type": "Feature", "properties": { "TYPEPIPE": "Intrastate", "Operator": "Northwestern Energy Co", "Status": "Operating", "Shape_Leng": 0.00529030935, "STATEFP": "30", "STATENS": "00767982", "AFFGEOID": "0400000US30", "GEOID": "30", "STUSPS": "MT", "NAME": "Montana", "LSAD": "00", "ALAND": 376962738765, "AWATER": 3869208832 }, "geometry": { "type": "MultiLineString", "coordinates": [ [ [ -112.158208, 48.872081 ], [ -112.152925, 48.872359 ] ] ] } },
{ "type": "Feature", "properties": { "TYPEPIPE": "Intrastate", "Operator": "Northwestern Energy Co", "Status": "Operating", "Shape_Leng": 0.00096861809, "STATEFP": "30", "STATENS": "00767982", "AFFGEOID": "0400000US30", "GEOID": "30", "STUSPS": "MT", "NAME": "Montana", "LSAD": "00", "ALAND": 376962738765, "AWATER": 3869208832 }, "geometry": { "type": "MultiLineString", "coordinates": [ [ [ -112.158719, 48.874425 ], [ -112.15853, 48.873475 ] ] ] } },
{ "type": "Feature", "properties": { "TYPEPIPE": "Intrastate", "Operator": "Northwestern Energy Co", "Status": "Operating", "Shape_Leng": 0.00143070612, "STATEFP": "30", "STATENS": "00767982", "AFFGEOID": "0400000US30", "GEOID": "30", "STUSPS": "MT", "NAME": "Montana", "LSAD": "00", "ALAND": 376962738765, "AWATER": 3869208832 }, "geometry": { "type": "MultiLineString", "coordinates": [ [ [ -112.15853, 48.873475 ], [ -112.158208, 48.872081 ] ] ] } },
{ "type": "Feature", "properties": { "TYPEPIPE": "Intrastate", "Operator": "Northwestern Energy Co", "Status": "Operating", "Shape_Leng": 0.00835706916, "STATEFP": "30", "STATENS": "00767982", "AFFGEOID": "0400000US30", "GEOID": "30", "STUSPS": "MT", "NAME": "Montana", "LSAD": "00", "ALAND": 376962738765, "AWATER": 3869208832 }, "geometry": { "type": "MultiLineString", "coordinates": [ [ [ -112.15853, 48.873475 ], [ -112.166871, 48.872957 ] ] ] } },
{ "type": "Feature", "properties": { "TYPEPIPE": "Intrastate", "Operator": "Northwestern Energy Co", "Status": "Operating", "Shape_Leng": 0.0047978852, "STATEFP": "30", "STATENS": "00767982", "AFFGEOID": "0400000US30", "GEOID": "30", "STUSPS": "MT", "NAME": "Montana", "LSAD": "00", "ALAND": 376962738765, "AWATER": 3869208832 }, "geometry": { "type": "MultiLineString", "coordinates": [ [ [ -112.157845, 48.867297 ], [ -112.157845, 48.867343 ], [ -112.158208, 48.872081 ] ] ] } },
{ "type": "Feature", "properties": { "TYPEPIPE": "Intrastate", "Operator": "Northwestern Energy Co", "Status": "Operating", "Shape_Leng": 0.00966497103, "STATEFP": "30", "STATENS": "00767982", "AFFGEOID": "0400000US30", "GEOID": "30", "STUSPS": "MT", "NAME": "Montana", "LSAD": "00", "ALAND": 376962738765, "AWATER": 3869208832 }, "geometry": { "type": "MultiLineString", "coordinates": [ [ [ -112.161806, 48.736428 ], [ -112.17147, 48.736565 ] ] ] } },
{ "type": "Feature", "properties": { "TYPEPIPE": "Intrastate", "Operator": "Northwestern Energy Co", "Status": "Operating", "Shape_Leng": 0.02378553447, "STATEFP": "30", "STATENS": "00767982", "AFFGEOID": "0400000US30", "GEOID": "30", "STUSPS": "MT", "NAME": "Montana", "LSAD": "00", "ALAND": 376962738765, "AWATER": 3869208832 }, "geometry": { "type": "MultiLineString", "coordinates": [ [ [ -112.202921, 48.744364 ], [ -112.22005, 48.727861 ] ] ] } },
{ "type": "Feature", "properties": { "TYPEPIPE": "Intrastate", "Operator": "Northwestern Energy Co", "Status": "Operating", "Shape_Leng": 0.00413188581, "STATEFP": "30", "STATENS": "00767982", "AFFGEOID": "0400000US30", "GEOID": "30", "STUSPS": "MT", "NAME": "Montana", "LSAD": "00", "ALAND": 376962738765, "AWATER": 3869208832 }, "geometry": { "type": "MultiLineString", "coordinates": [ [ [ -112.178855, 48.75933 ], [ -112.179127, 48.759481 ], [ -112.179404, 48.759859 ], [ -112.179895, 48.763175 ] ] ] } },
{ "type": "Feature", "properties": { "TYPEPIPE": "Intrastate", "Operator": "Northwestern Energy Co", "Status": "Operating", "Shape_Leng": 0.00249178049, "STATEFP": "30", "STATENS": "00767982", "AFFGEOID": "0400000US30", "GEOID": "30", "STUSPS": "MT", "NAME": "Montana", "LSAD": "00", "ALAND": 376962738765, "AWATER": 3869208832 }, "geometry": { "type": "MultiLineString", "coordinates": [ [ [ -112.178855, 48.75933 ], [ -112.177198, 48.761191 ] ] ] } },
{ "type": "Feature", "properties": { "TYPEPIPE": "Intrastate", "Operator": "Northwestern Energy Co", "Status": "Operating", "Shape_Leng": 0.01336886001, "STATEFP": "30", "STATENS": "00767982", "AFFGEOID": "0400000US30", "GEOID": "30", "STUSPS": "MT", "NAME": "Montana", "LSAD": "00", "ALAND": 376962738765, "AWATER": 3869208832 }, "geometry": { "type": "MultiLineString", "coordinates": [ [ [ -112.171757, 48.746172 ], [ -112.18401, 48.751519 ] ] ] } },
{ "type": "Feature", "properties": { "TYPEPIPE": "Intrastate", "Operator": "Northwestern Energy Co", "Status": "Operating", "Shape_Leng": 0.00949842184, "STATEFP": "30", "STATENS": "00767982", "AFFGEOID": "0400000US30", "GEOID": "30", "STUSPS": "MT", "NAME": "Montana", "LSAD": "00", "ALAND": 376962738765, "AWATER": 3869208832 }, "geometry": { "type": "MultiLineString", "coordinates": [ [ [ -112.173282, 48.737489 ], [ -112.173769, 48.743818 ], [ -112.17174, 48.746193 ], [ -112.171757, 48.746172 ] ] ] } },
{ "type": "Feature", "properties": { "TYPEPIPE": "Intrastate", "Operator": "Northwestern Energy Co", "Status": "Operating", "Shape_Leng": 0.00924906266, "STATEFP": "30", "STATENS": "00767982", "AFFGEOID": "0400000US30", "GEOID": "30", "STUSPS": "MT", "NAME": "Montana", "LSAD": "00", "ALAND": 376962738765, "AWATER": 3869208832 }, "geometry": { "type": "MultiLineString", "coordinates": [ [ [ -112.173282, 48.737489 ], [ -112.182528, 48.737251 ] ] ] } },
{ "type": "Feature", "properties": { "TYPEPIPE": "Intrastate", "Operator": "Northwestern Energy Co", "Status": "Operating", "Shape_Leng": 0.06394418081, "STATEFP": "30", "STATENS": "00767982", "AFFGEOID": "0400000US30", "GEOID": "30", "STUSPS": "MT", "NAME": "Montana", "LSAD": "00", "ALAND": 376962738765, "AWATER": 3869208832 }, "geometry": { "type": "MultiLineString", "coordinates": [ [ [ -112.172898, 48.729146 ], [ -112.18383, 48.729196 ], [ -112.185147, 48.729726 ], [ -112.185046, 48.730469 ], [ -112.200042, 48.735402 ], [ -112.207423, 48.736913 ], [ -112.221158, 48.740344 ], [ -112.234446, 48.738912 ] ] ] } },
{ "type": "Feature", "properties": { "TYPEPIPE": "Intrastate", "Operator": "Northwestern Energy Co", "Status": "Operating", "Shape_Leng": 0.00485778663, "STATEFP": "30", "STATENS": "00767982", "AFFGEOID": "0400000US30", "GEOID": "30", "STUSPS": "MT", "NAME": "Montana", "LSAD": "00", "ALAND": 376962738765, "AWATER": 3869208832 }, "geometry": { "type": "MultiLineString", "coordinates": [ [ [ -112.172898, 48.729146 ], [ -112.172862, 48.729217 ], [ -112.17239, 48.732582 ], [ -112.17372, 48.732951 ] ] ] } },
{ "type": "Feature", "properties": { "TYPEPIPE": "Intrastate", "Operator": "Northwestern Energy Co", "Status": "Operating", "Shape_Leng": 0.00468945858, "STATEFP": "30", "STATENS": "00767982", "AFFGEOID": "0400000US30", "GEOID": "30", "STUSPS": "MT", "NAME": "Montana", "LSAD": "00", "ALAND": 376962738765, "AWATER": 3869208832 }, "geometry": { "type": "MultiLineString", "coordinates": [ [ [ -112.17372, 48.732951 ], [ -112.173861, 48.73299 ], [ -112.173256, 48.737347 ], [ -112.173282, 48.737489 ] ] ] } },
{ "type": "Feature", "properties": { "TYPEPIPE": "Intrastate", "Operator": "Northwestern Energy Co", "Status": "Operating", "Shape_Leng": 0.00139585744, "STATEFP": "30", "STATENS": "00767982", "AFFGEOID": "0400000US30", "GEOID": "30", "STUSPS": "MT", "NAME": "Montana", "LSAD": "00", "ALAND": 376962738765, "AWATER": 3869208832 }, "geometry": { "type": "MultiLineString", "coordinates": [ [ [ -112.17372, 48.732951 ], [ -112.173563, 48.731564 ] ] ] } },
{ "type": "Feature", "properties": { "TYPEPIPE": "Intrastate", "Operator": "Northwestern Energy Co", "Status": "Operating", "Shape_Leng": 0.0067073169, "STATEFP": "30", "STATENS": "00767982", "AFFGEOID": "0400000US30", "GEOID": "30", "STUSPS": "MT", "NAME": "Montana", "LSAD": "00", "ALAND": 376962738765, "AWATER": 3869208832 }, "geometry": { "type": "MultiLineString", "coordinates": [ [ [ -112.22005, 48.727861 ], [ -112.225588, 48.724077 ] ] ] } },
{ "type": "Feature", "properties": { "TYPEPIPE": "Intrastate", "Operator": "Northwestern Energy Co", "Status": "Operating", "Shape_Leng": 0.00489225551, "STATEFP": "30", "STATENS": "00767982", "AFFGEOID": "0400000US30", "GEOID": "30", "STUSPS": "MT", "NAME": "Montana", "LSAD": "00", "ALAND": 376962738765, "AWATER": 3869208832 }, "geometry": { "type": "MultiLineString", "coordinates": [ [ [ -112.235618, 48.756031 ], [ -112.235668, 48.751139 ] ] ] } },
{ "type": "Feature", "properties": { "TYPEPIPE": "Intrastate", "Operator": "Northwestern Energy Co", "Status": "Operating", "Shape_Leng": 0.02245969239, "STATEFP": "30", "STATENS": "00767982", "AFFGEOID": "0400000US30", "GEOID": "30", "STUSPS": "MT", "NAME": "Montana", "LSAD": "00", "ALAND": 376962738765, "AWATER": 3869208832 }, "geometry": { "type": "MultiLineString", "coordinates": [ [ [ -112.257342, 48.75679 ], [ -112.254117, 48.756947 ], [ -112.252127, 48.755678 ], [ -112.241045, 48.756019 ], [ -112.240709, 48.756478 ], [ -112.240094, 48.756529 ], [ -112.239431, 48.756149 ], [ -112.239044, 48.756022 ], [ -112.235618, 48.756031 ] ] ] } },
{ "type": "Feature", "properties": { "TYPEPIPE": "Intrastate", "Operator": "Northwestern Energy Co", "Status": "Operating", "Shape_Leng": 0.00618110751, "STATEFP": "30", "STATENS": "00767982", "AFFGEOID": "0400000US30", "GEOID": "30", "STUSPS": "MT", "NAME": "Montana", "LSAD": "00", "ALAND": 376962738765, "AWATER": 3869208832 }, "geometry": { "type": "MultiLineString", "coordinates": [ [ [ -112.250275, 48.720987 ], [ -112.244336, 48.7227 ] ] ] } },
{ "type": "Feature", "properties": { "TYPEPIPE": "Intrastate", "Operator": "Northwestern Energy Co", "Status": "Operating", "Shape_Leng": 0.0070430284, "STATEFP": "30", "STATENS": "00767982", "AFFGEOID": "0400000US30", "GEOID": "30", "STUSPS": "MT", "NAME": "Montana", "LSAD": "00", "ALAND": 376962738765, "AWATER": 3869208832 }, "geometry": { "type": "MultiLineString", "coordinates": [ [ [ -112.250275, 48.720987 ], [ -112.246368, 48.715127 ] ] ] } },
{ "type": "Feature", "properties": { "TYPEPIPE": "Intrastate", "Operator": "Northwestern Energy Co", "Status": "Operating", "Shape_Leng": 0.00453436051, "STATEFP": "30", "STATENS": "00767982", "AFFGEOID": "0400000US30", "GEOID": "30", "STUSPS": "MT", "NAME": "Montana", "LSAD": "00", "ALAND": 376962738765, "AWATER": 3869208832 }, "geometry": { "type": "MultiLineString", "coordinates": [ [ [ -112.235618, 48.756031 ], [ -112.233192, 48.756063 ], [ -112.232166, 48.754944 ], [ -112.231577, 48.754978 ] ] ] } },
{ "type": "Feature", "properties": { "TYPEPIPE": "Intrastate", "Operator": "Northwestern Energy Co", "Status": "Operating", "Shape_Leng": 0.00531491756, "STATEFP": "30", "STATENS": "00767982", "AFFGEOID": "0400000US30", "GEOID": "30", "STUSPS": "MT", "NAME": "Montana", "LSAD": "00", "ALAND": 376962738765, "AWATER": 3869208832 }, "geometry": { "type": "MultiLineString", "coordinates": [ [ [ -112.231577, 48.754978 ], [ -112.231331, 48.751836 ], [ -112.229205, 48.751436 ] ] ] } },
{ "type": "Feature", "properties": { "TYPEPIPE": "Intrastate", "Operator": "Northwestern Energy Co", "Status": "Operating", "Shape_Leng": 0.02755025499, "STATEFP": "30", "STATENS": "00767982", "AFFGEOID": "0400000US30", "GEOID": "30", "STUSPS": "MT", "NAME": "Montana", "LSAD": "00", "ALAND": 376962738765, "AWATER": 3869208832 }, "geometry": { "type": "MultiLineString", "coordinates": [ [ [ -112.231577, 48.754978 ], [ -112.231168, 48.755 ], [ -112.221115, 48.754846 ], [ -112.21839, 48.757069 ], [ -112.21559, 48.757613 ], [ -112.205817, 48.762012 ] ] ] } },
{ "type": "Feature", "properties": { "TYPEPIPE": "Intrastate", "Operator": "Northwestern Energy Co", "Status": "Operating", "Shape_Leng": 0.01544874692, "STATEFP": "30", "STATENS": "00767982", "AFFGEOID": "0400000US30", "GEOID": "30", "STUSPS": "MT", "NAME": "Montana", "LSAD": "00", "ALAND": 376962738765, "AWATER": 3869208832 }, "geometry": { "type": "MultiLineString", "coordinates": [ [ [ -112.205817, 48.762012 ], [ -112.205634, 48.762093 ], [ -112.198079, 48.765453 ], [ -112.1912, 48.764269 ] ] ] } },
{ "type": "Feature", "properties": { "TYPEPIPE": "Intrastate", "Operator": "Northwestern Energy Co", "Status": "Operating", "Shape_Leng": 0.00566516549, "STATEFP": "30", "STATENS": "00767982", "AFFGEOID": "0400000US30", "GEOID": "30", "STUSPS": "MT", "NAME": "Montana", "LSAD": "00", "ALAND": 376962738765, "AWATER": 3869208832 }, "geometry": { "type": "MultiLineString", "coordinates": [ [ [ -112.205817, 48.762012 ], [ -112.202117, 48.757722 ] ] ] } },
{ "type": "Feature", "properties": { "TYPEPIPE": "Intrastate", "Operator": "Northwestern Energy Co", "Status": "Operating", "Shape_Leng": 0.0046426081, "STATEFP": "30", "STATENS": "00767982", "AFFGEOID": "0400000US30", "GEOID": "30", "STUSPS": "MT", "NAME": "Montana", "LSAD": "00", "ALAND": 376962738765, "AWATER": 3869208832 }, "geometry": { "type": "MultiLineString", "coordinates": [ [ [ -112.31255, 48.793488 ], [ -112.312733, 48.798127 ] ] ] } },
{ "type": "Feature", "properties": { "TYPEPIPE": "Intrastate", "Operator": "Northwestern Energy Co", "Status": "Operating", "Shape_Leng": 0.00824849429, "STATEFP": "30", "STATENS": "00767982", "AFFGEOID": "0400000US30", "GEOID": "30", "STUSPS": "MT", "NAME": "Montana", "LSAD": "00", "ALAND": 376962738765, "AWATER": 3869208832 }, "geometry": { "type": "MultiLineString", "coordinates": [ [ [ -112.318451, 48.825604 ], [ -112.326698, 48.825447 ] ] ] } },
{ "type": "Feature", "properties": { "TYPEPIPE": "Intrastate", "Operator": "Northwestern Energy Co", "Status": "Operating", "Shape_Leng": 0.0201774856, "STATEFP": "30", "STATENS": "00767982", "AFFGEOID": "0400000US30", "GEOID": "30", "STUSPS": "MT", "NAME": "Montana", "LSAD": "00", "ALAND": 376962738765, "AWATER": 3869208832 }, "geometry": { "type": "MultiLineString", "coordinates": [ [ [ -112.292588, 48.796429 ], [ -112.31255, 48.793488 ] ] ] } },
{ "type": "Feature", "properties": { "TYPEPIPE": "Intrastate", "Operator": "Northwestern Energy Co", "Status": "Operating", "Shape_Leng": 0.00337080421, "STATEFP": "30", "STATENS": "00767982", "AFFGEOID": "0400000US30", "GEOID": "30", "STUSPS": "MT", "NAME": "Montana", "LSAD": "00", "ALAND": 376962738765, "AWATER": 3869208832 }, "geometry": { "type": "MultiLineString", "coordinates": [ [ [ -112.321706, 48.782829 ], [ -112.319642, 48.780164 ] ] ] } },
{ "type": "Feature", "properties": { "TYPEPIPE": "Intrastate", "Operator": "Northwestern Energy Co", "Status": "Operating", "Shape_Leng": 0.00196508244, "STATEFP": "30", "STATENS": "00767982", "AFFGEOID": "0400000US30", "GEOID": "30", "STUSPS": "MT", "NAME": "Montana", "LSAD": "00", "ALAND": 376962738765, "AWATER": 3869208832 }, "geometry": { "type": "MultiLineString", "coordinates": [ [ [ -112.321435, 48.779392 ], [ -112.31947, 48.779374 ] ] ] } },
{ "type": "Feature", "properties": { "TYPEPIPE": "Intrastate", "Operator": "Northwestern Energy Co", "Status": "Operating", "Shape_Leng": 0.00148252828, "STATEFP": "30", "STATENS": "00767982", "AFFGEOID": "0400000US30", "GEOID": "30", "STUSPS": "MT", "NAME": "Montana", "LSAD": "00", "ALAND": 376962738765, "AWATER": 3869208832 }, "geometry": { "type": "MultiLineString", "coordinates": [ [ [ -112.316007, 48.778416 ], [ -112.316025, 48.778596 ], [ -112.316476, 48.779817 ] ] ] } },
{ "type": "Feature", "properties": { "TYPEPIPE": "Intrastate", "Operator": "Northwestern Energy Co", "Status": "Operating", "Shape_Leng": 0.00465337082, "STATEFP": "30", "STATENS": "00767982", "AFFGEOID": "0400000US30", "GEOID": "30", "STUSPS": "MT", "NAME": "Montana", "LSAD": "00", "ALAND": 376962738765, "AWATER": 3869208832 }, "geometry": { "type": "MultiLineString", "coordinates": [ [ [ -112.316007, 48.778416 ], [ -112.320631, 48.777894 ] ] ] } },
{ "type": "Feature", "properties": { "TYPEPIPE": "Intrastate", "Operator": "Northwestern Energy Co", "Status": "Operating", "Shape_Leng": 0.02270327485, "STATEFP": "30", "STATENS": "00767982", "AFFGEOID": "0400000US30", "GEOID": "30", "STUSPS": "MT", "NAME": "Montana", "LSAD": "00", "ALAND": 376962738765, "AWATER": 3869208832 }, "geometry": { "type": "MultiLineString", "coordinates": [ [ [ -112.301901, 48.75191 ], [ -112.279518, 48.75571 ] ] ] } },
{ "type": "Feature", "properties": { "TYPEPIPE": "Intrastate", "Operator": "Northwestern Energy Co", "Status": "Operating", "Shape_Leng": 0.00134103878, "STATEFP": "30", "STATENS": "00767982", "AFFGEOID": "0400000US30", "GEOID": "30", "STUSPS": "MT", "NAME": "Montana", "LSAD": "00", "ALAND": 376962738765, "AWATER": 3869208832 }, "geometry": { "type": "MultiLineString", "coordinates": [ [ [ -112.279518, 48.75571 ], [ -112.279205, 48.754406 ] ] ] } },
{ "type": "Feature", "properties": { "TYPEPIPE": "Intrastate", "Operator": "Northwestern Energy Co", "Status": "Operating", "Shape_Leng": 0.00971672316, "STATEFP": "30", "STATENS": "00767982", "AFFGEOID": "0400000US30", "GEOID": "30", "STUSPS": "MT", "NAME": "Montana", "LSAD": "00", "ALAND": 376962738765, "AWATER": 3869208832 }, "geometry": { "type": "MultiLineString", "coordinates": [ [ [ -112.328906, 48.789306 ], [ -112.338328, 48.786931 ] ] ] } },
{ "type": "Feature", "properties": { "TYPEPIPE": "Intrastate", "Operator": "Northwestern Energy Co", "Status": "Operating", "Shape_Leng": 0.00183472968, "STATEFP": "30", "STATENS": "00767982", "AFFGEOID": "0400000US30", "GEOID": "30", "STUSPS": "MT", "NAME": "Montana", "LSAD": "00", "ALAND": 376962738765, "AWATER": 3869208832 }, "geometry": { "type": "MultiLineString", "coordinates": [ [ [ -112.326228, 48.790105 ], [ -112.32538, 48.788478 ] ] ] } },
{ "type": "Feature", "properties": { "TYPEPIPE": "Intrastate", "Operator": "Northwestern Energy Co", "Status": "Operating", "Shape_Leng": 0.00241329919, "STATEFP": "30", "STATENS": "00767982", "AFFGEOID": "0400000US30", "GEOID": "30", "STUSPS": "MT", "NAME": "Montana", "LSAD": "00", "ALAND": 376962738765, "AWATER": 3869208832 }, "geometry": { "type": "MultiLineString", "coordinates": [ [ [ -112.313883, 48.7635 ], [ -112.316296, 48.763538 ] ] ] } },
{ "type": "Feature", "properties": { "TYPEPIPE": "Intrastate", "Operator": "Northwestern Energy Co", "Status": "Operating", "Shape_Leng": 0.01333273363, "STATEFP": "30", "STATENS": "00767982", "AFFGEOID": "0400000US30", "GEOID": "30", "STUSPS": "MT", "NAME": "Montana", "LSAD": "00", "ALAND": 376962738765, "AWATER": 3869208832 }, "geometry": { "type": "MultiLineString", "coordinates": [ [ [ -112.300552, 48.763285 ], [ -112.313883, 48.7635 ] ] ] } },
{ "type": "Feature", "properties": { "TYPEPIPE": "Intrastate", "Operator": "Northwestern Energy Co", "Status": "Operating", "Shape_Leng": 0.14142782559, "STATEFP": "30", "STATENS": "00767982", "AFFGEOID": "0400000US30", "GEOID": "30", "STUSPS": "MT", "NAME": "Montana", "LSAD": "00", "ALAND": 376962738765, "AWATER": 3869208832 }, "geometry": { "type": "MultiLineString", "coordinates": [ [ [ -112.252148, 48.638842 ], [ -112.255811, 48.655523 ], [ -112.262135, 48.683049 ], [ -112.273694, 48.733218 ], [ -112.275408, 48.739432 ], [ -112.269214, 48.777103 ] ] ] } },
{ "type": "Feature", "properties": { "TYPEPIPE": "Intrastate", "Operator": "Northwestern Energy Co", "Status": "Operating", "Shape_Leng": 0.00987599524, "STATEFP": "30", "STATENS": "00767982", "AFFGEOID": "0400000US30", "GEOID": "30", "STUSPS": "MT", "NAME": "Montana", "LSAD": "00", "ALAND": 376962738765, "AWATER": 3869208832 }, "geometry": { "type": "MultiLineString", "coordinates": [ [ [ -112.217099, 48.800315 ], [ -112.2201, 48.790906 ] ] ] } },
{ "type": "Feature", "properties": { "TYPEPIPE": "Intrastate", "Operator": "Northwestern Energy Co", "Status": "Operating", "Shape_Leng": 0.01406171439, "STATEFP": "30", "STATENS": "00767982", "AFFGEOID": "0400000US30", "GEOID": "30", "STUSPS": "MT", "NAME": "Montana", "LSAD": "00", "ALAND": 376962738765, "AWATER": 3869208832 }, "geometry": { "type": "MultiLineString", "coordinates": [ [ [ -112.27386, 48.799502 ], [ -112.266978, 48.793886 ], [ -112.267239, 48.793532 ], [ -112.267144, 48.792714 ], [ -112.266788, 48.792281 ], [ -112.265819, 48.792004 ], [ -112.264583, 48.791855 ], [ -112.26372, 48.791169 ] ] ] } },
{ "type": "Feature", "properties": { "TYPEPIPE": "Intrastate", "Operator": "Northwestern Energy Co", "Status": "Operating", "Shape_Leng": 0.00132466147, "STATEFP": "30", "STATENS": "00767982", "AFFGEOID": "0400000US30", "GEOID": "30", "STUSPS": "MT", "NAME": "Montana", "LSAD": "00", "ALAND": 376962738765, "AWATER": 3869208832 }, "geometry": { "type": "MultiLineString", "coordinates": [ [ [ -112.246972, 48.807801 ], [ -112.246294, 48.808939 ] ] ] } },
{ "type": "Feature", "properties": { "TYPEPIPE": "Intrastate", "Operator": "Northwestern Energy Co", "Status": "Operating", "Shape_Leng": 0.00565178175, "STATEFP": "30", "STATENS": "00767982", "AFFGEOID": "0400000US30", "GEOID": "30", "STUSPS": "MT", "NAME": "Montana", "LSAD": "00", "ALAND": 376962738765, "AWATER": 3869208832 }, "geometry": { "type": "MultiLineString", "coordinates": [ [ [ -112.246972, 48.807801 ], [ -112.241321, 48.807895 ] ] ] } },
{ "type": "Feature", "properties": { "TYPEPIPE": "Intrastate", "Operator": "Northwestern Energy Co", "Status": "Operating", "Shape_Leng": 0.00823765201, "STATEFP": "30", "STATENS": "00767982", "AFFGEOID": "0400000US30", "GEOID": "30", "STUSPS": "MT", "NAME": "Montana", "LSAD": "00", "ALAND": 376962738765, "AWATER": 3869208832 }, "geometry": { "type": "MultiLineString", "coordinates": [ [ [ -112.241321, 48.807895 ], [ -112.240999, 48.8079 ], [ -112.239407, 48.807292 ], [ -112.239277, 48.806682 ], [ -112.238301, 48.806071 ], [ -112.237451, 48.805974 ], [ -112.23676, 48.806103 ], [ -112.23419, 48.804808 ] ] ] } },
{ "type": "Feature", "properties": { "TYPEPIPE": "Intrastate", "Operator": "Northwestern Energy Co", "Status": "Operating", "Shape_Leng": 0.00782070948, "STATEFP": "30", "STATENS": "00767982", "AFFGEOID": "0400000US30", "GEOID": "30", "STUSPS": "MT", "NAME": "Montana", "LSAD": "00", "ALAND": 376962738765, "AWATER": 3869208832 }, "geometry": { "type": "MultiLineString", "coordinates": [ [ [ -112.241321, 48.807895 ], [ -112.238673, 48.809076 ], [ -112.238455, 48.80969 ], [ -112.237851, 48.81025 ], [ -112.237431, 48.810458 ], [ -112.23635, 48.810411 ], [ -112.235966, 48.81041 ], [ -112.234831, 48.811408 ] ] ] } },
{ "type": "Feature", "properties": { "TYPEPIPE": "Intrastate", "Operator": "Northwestern Energy Co", "Status": "Operating", "Shape_Leng": 0.00434417009, "STATEFP": "30", "STATENS": "00767982", "AFFGEOID": "0400000US30", "GEOID": "30", "STUSPS": "MT", "NAME": "Montana", "LSAD": "00", "ALAND": 376962738765, "AWATER": 3869208832 }, "geometry": { "type": "MultiLineString", "coordinates": [ [ [ -112.249306, 48.804221 ], [ -112.249093, 48.80426 ], [ -112.246972, 48.807801 ] ] ] } },
{ "type": "Feature", "properties": { "TYPEPIPE": "Intrastate", "Operator": "Northwestern Energy Co", "Status": "Operating", "Shape_Leng": 0.01392750573, "STATEFP": "30", "STATENS": "00767982", "AFFGEOID": "0400000US30", "GEOID": "30", "STUSPS": "MT", "NAME": "Montana", "LSAD": "00", "ALAND": 376962738765, "AWATER": 3869208832 }, "geometry": { "type": "MultiLineString", "coordinates": [ [ [ -112.249306, 48.804221 ], [ -112.244713, 48.797748 ], [ -112.244507, 48.791761 ] ] ] } },
{ "type": "Feature", "properties": { "TYPEPIPE": "Intrastate", "Operator": "Northwestern Energy Co", "Status": "Operating", "Shape_Leng": 0.01378580145, "STATEFP": "30", "STATENS": "00767982", "AFFGEOID": "0400000US30", "GEOID": "30", "STUSPS": "MT", "NAME": "Montana", "LSAD": "00", "ALAND": 376962738765, "AWATER": 3869208832 }, "geometry": { "type": "MultiLineString", "coordinates": [ [ [ -112.191384, 48.799743 ], [ -112.184741, 48.795169 ], [ -112.18675, 48.789813 ] ] ] } },
{ "type": "Feature", "properties": { "TYPEPIPE": "Intrastate", "Operator": "Northwestern Energy Co", "Status": "Operating", "Shape_Leng": 0.01432453903, "STATEFP": "30", "STATENS": "00767982", "AFFGEOID": "0400000US30", "GEOID": "30", "STUSPS": "MT", "NAME": "Montana", "LSAD": "00", "ALAND": 376962738765, "AWATER": 3869208832 }, "geometry": { "type": "MultiLineString", "coordinates": [ [ [ -112.273776, 48.799906 ], [ -112.264721, 48.810556 ], [ -112.26466, 48.810896 ] ] ] } },
{ "type": "Feature", "properties": { "TYPEPIPE": "Intrastate", "Operator": "Northwestern Energy Co", "Status": "Operating", "Shape_Leng": 0.01862831234, "STATEFP": "30", "STATENS": "00767982", "AFFGEOID": "0400000US30", "GEOID": "30", "STUSPS": "MT", "NAME": "Montana", "LSAD": "00", "ALAND": 376962738765, "AWATER": 3869208832 }, "geometry": { "type": "MultiLineString", "coordinates": [ [ [ -112.26466, 48.810896 ], [ -112.263345, 48.81105 ], [ -112.262687, 48.810873 ], [ -112.261981, 48.810362 ], [ -112.246294, 48.808939 ] ] ] } },
{ "type": "Feature", "properties": { "TYPEPIPE": "Intrastate", "Operator": "Northwestern Energy Co", "Status": "Operating", "Shape_Leng": 0.00717820235, "STATEFP": "30", "STATENS": "00767982", "AFFGEOID": "0400000US30", "GEOID": "30", "STUSPS": "MT", "NAME": "Montana", "LSAD": "00", "ALAND": 376962738765, "AWATER": 3869208832 }, "geometry": { "type": "MultiLineString", "coordinates": [ [ [ -112.227867, 48.8193 ], [ -112.2248, 48.81281 ] ] ] } },
{ "type": "Feature", "properties": { "TYPEPIPE": "Intrastate", "Operator": "Northwestern Energy Co", "Status": "Operating", "Shape_Leng": 0.000341066, "STATEFP": "30", "STATENS": "00767982", "AFFGEOID": "0400000US30", "GEOID": "30", "STUSPS": "MT", "NAME": "Montana", "LSAD": "00", "ALAND": 376962738765, "AWATER": 3869208832 }, "geometry": { "type": "MultiLineString", "coordinates": [ [ [ -112.27386, 48.799502 ], [ -112.273916, 48.799244 ], [ -112.273993, 48.799241 ] ] ] } },
{ "type": "Feature", "properties": { "TYPEPIPE": "Intrastate", "Operator": "Northwestern Energy Co", "Status": "Operating", "Shape_Leng": 0.00318583113, "STATEFP": "30", "STATENS": "00767982", "AFFGEOID": "0400000US30", "GEOID": "30", "STUSPS": "MT", "NAME": "Montana", "LSAD": "00", "ALAND": 376962738765, "AWATER": 3869208832 }, "geometry": { "type": "MultiLineString", "coordinates": [ [ [ -112.274663, 48.799904 ], [ -112.274771, 48.803088 ] ] ] } },
{ "type": "Feature", "properties": { "TYPEPIPE": "Intrastate", "Operator": "Northwestern Energy Co", "Status": "Operating", "Shape_Leng": 9.394147e-05, "STATEFP": "30", "STATENS": "00767982", "AFFGEOID": "0400000US30", "GEOID": "30", "STUSPS": "MT", "NAME": "Montana", "LSAD": "00", "ALAND": 376962738765, "AWATER": 3869208832 }, "geometry": { "type": "MultiLineString", "coordinates": [ [ [ -112.273841, 48.799594 ], [ -112.27386, 48.799502 ] ] ] } },
{ "type": "Feature", "properties": { "TYPEPIPE": "Intrastate", "Operator": "Northwestern Energy Co", "Status": "Operating", "Shape_Leng": 0.00088700225, "STATEFP": "30", "STATENS": "00767982", "AFFGEOID": "0400000US30", "GEOID": "30", "STUSPS": "MT", "NAME": "Montana", "LSAD": "00", "ALAND": 376962738765, "AWATER": 3869208832 }, "geometry": { "type": "MultiLineString", "coordinates": [ [ [ -112.274663, 48.799904 ], [ -112.273776, 48.799906 ] ] ] } },
{ "type": "Feature", "properties": { "TYPEPIPE": "Intrastate", "Operator": "Northwestern Energy Co", "Status": "Operating", "Shape_Leng": 0.00943141808, "STATEFP": "30", "STATENS": "00767982", "AFFGEOID": "0400000US30", "GEOID": "30", "STUSPS": "MT", "NAME": "Montana", "LSAD": "00", "ALAND": 376962738765, "AWATER": 3869208832 }, "geometry": { "type": "MultiLineString", "coordinates": [ [ [ -112.292588, 48.796429 ], [ -112.292618, 48.796407 ], [ -112.30008, 48.7907 ] ] ] } },
{ "type": "Feature", "properties": { "TYPEPIPE": "Intrastate", "Operator": "Northwestern Energy Co", "Status": "Operating", "Shape_Leng": 0.0129048365, "STATEFP": "30", "STATENS": "00767982", "AFFGEOID": "0400000US30", "GEOID": "30", "STUSPS": "MT", "NAME": "Montana", "LSAD": "00", "ALAND": 376962738765, "AWATER": 3869208832 }, "geometry": { "type": "MultiLineString", "coordinates": [ [ [ -112.273993, 48.799241 ], [ -112.272711, 48.7864 ] ] ] } },
{ "type": "Feature", "properties": { "TYPEPIPE": "Intrastate", "Operator": "Northwestern Energy Co", "Status": "Operating", "Shape_Leng": 0.00254238077, "STATEFP": "30", "STATENS": "00767982", "AFFGEOID": "0400000US30", "GEOID": "30", "STUSPS": "MT", "NAME": "Montana", "LSAD": "00", "ALAND": 376962738765, "AWATER": 3869208832 }, "geometry": { "type": "MultiLineString", "coordinates": [ [ [ -112.258469, 48.771154 ], [ -112.255929, 48.771264 ] ] ] } },
{ "type": "Feature", "properties": { "TYPEPIPE": "Intrastate", "Operator": "Northwestern Energy Co", "Status": "Operating", "Shape_Leng": 0.00713260471, "STATEFP": "30", "STATENS": "00767982", "AFFGEOID": "0400000US30", "GEOID": "30", "STUSPS": "MT", "NAME": "Montana", "LSAD": "00", "ALAND": 376962738765, "AWATER": 3869208832 }, "geometry": { "type": "MultiLineString", "coordinates": [ [ [ -112.258469, 48.771154 ], [ -112.25179, 48.768651 ] ] ] } },
{ "type": "Feature", "properties": { "TYPEPIPE": "Intrastate", "Operator": "Northwestern Energy Co", "Status": "Operating", "Shape_Leng": 0.00976957967, "STATEFP": "30", "STATENS": "00767982", "AFFGEOID": "0400000US30", "GEOID": "30", "STUSPS": "MT", "NAME": "Montana", "LSAD": "00", "ALAND": 376962738765, "AWATER": 3869208832 }, "geometry": { "type": "MultiLineString", "coordinates": [ [ [ -112.279451, 48.77423 ], [ -112.272125, 48.775652 ], [ -112.27051, 48.774027 ], [ -112.270505, 48.774042 ] ] ] } },
{ "type": "Feature", "properties": { "TYPEPIPE": "Intrastate", "Operator": "Northwestern Energy Co", "Status": "Operating", "Shape_Leng": 0.01281826046, "STATEFP": "30", "STATENS": "00767982", "AFFGEOID": "0400000US30", "GEOID": "30", "STUSPS": "MT", "NAME": "Montana", "LSAD": "00", "ALAND": 376962738765, "AWATER": 3869208832 }, "geometry": { "type": "MultiLineString", "coordinates": [ [ [ -112.270505, 48.774042 ], [ -112.269743, 48.774131 ], [ -112.268779, 48.774105 ], [ -112.268465, 48.77383 ], [ -112.268379, 48.77342 ], [ -112.260431, 48.771075 ], [ -112.258585, 48.771154 ], [ -112.258469, 48.771154 ] ] ] } },
{ "type": "Feature", "properties": { "TYPEPIPE": "Intrastate", "Operator": "Northwestern Energy Co", "Status": "Operating", "Shape_Leng": 0.00462886433, "STATEFP": "30", "STATENS": "00767982", "AFFGEOID": "0400000US30", "GEOID": "30", "STUSPS": "MT", "NAME": "Montana", "LSAD": "00", "ALAND": 376962738765, "AWATER": 3869208832 }, "geometry": { "type": "MultiLineString", "coordinates": [ [ [ -112.300552, 48.763285 ], [ -112.300991, 48.767893 ] ] ] } },
{ "type": "Feature", "properties": { "TYPEPIPE": "Intrastate", "Operator": "Northwestern Energy Co", "Status": "Operating", "Shape_Leng": 0.012553586, "STATEFP": "30", "STATENS": "00767982", "AFFGEOID": "0400000US30", "GEOID": "30", "STUSPS": "MT", "NAME": "Montana", "LSAD": "00", "ALAND": 376962738765, "AWATER": 3869208832 }, "geometry": { "type": "MultiLineString", "coordinates": [ [ [ -112.272711, 48.7864 ], [ -112.272707, 48.78635 ], [ -112.270505, 48.774042 ] ] ] } },
{ "type": "Feature", "properties": { "TYPEPIPE": "Intrastate", "Operator": "Northwestern Energy Co", "Status": "Operating", "Shape_Leng": 0.01721488281, "STATEFP": "30", "STATENS": "00767982", "AFFGEOID": "0400000US30", "GEOID": "30", "STUSPS": "MT", "NAME": "Montana", "LSAD": "00", "ALAND": 376962738765, "AWATER": 3869208832 }, "geometry": { "type": "MultiLineString", "coordinates": [ [ [ -112.272711, 48.7864 ], [ -112.278974, 48.785746 ], [ -112.287766, 48.779273 ] ] ] } },
{ "type": "Feature", "properties": { "TYPEPIPE": "Intrastate", "Operator": "Northwestern Energy Co", "Status": "Operating", "Shape_Leng": 0.00880853228, "STATEFP": "30", "STATENS": "00767982", "AFFGEOID": "0400000US30", "GEOID": "30", "STUSPS": "MT", "NAME": "Montana", "LSAD": "00", "ALAND": 376962738765, "AWATER": 3869208832 }, "geometry": { "type": "MultiLineString", "coordinates": [ [ [ -112.223094, 48.78119 ], [ -112.223233, 48.780449 ], [ -112.220843, 48.773115 ], [ -112.221157, 48.772982 ] ] ] } },
{ "type": "Feature", "properties": { "TYPEPIPE": "Intrastate", "Operator": "Northwestern Energy Co", "Status": "Operating", "Shape_Leng": 0.01275032951, "STATEFP": "30", "STATENS": "00767982", "AFFGEOID": "0400000US30", "GEOID": "30", "STUSPS": "MT", "NAME": "Montana", "LSAD": "00", "ALAND": 376962738765, "AWATER": 3869208832 }, "geometry": { "type": "MultiLineString", "coordinates": [ [ [ -112.221157, 48.772982 ], [ -112.228669, 48.769759 ], [ -112.229266, 48.765222 ] ] ] } },
{ "type": "Feature", "properties": { "TYPEPIPE": "Intrastate", "Operator": "Northwestern Energy Co", "Status": "Operating", "Shape_Leng": 0.00092476213, "STATEFP": "30", "STATENS": "00767982", "AFFGEOID": "0400000US30", "GEOID": "30", "STUSPS": "MT", "NAME": "Montana", "LSAD": "00", "ALAND": 376962738765, "AWATER": 3869208832 }, "geometry": { "type": "MultiLineString", "coordinates": [ [ [ -112.221157, 48.772982 ], [ -112.220709, 48.772173 ] ] ] } },
{ "type": "Feature", "properties": { "TYPEPIPE": "Intrastate", "Operator": "Northwestern Energy Co", "Status": "Operating", "Shape_Leng": 0.03944333743, "STATEFP": "30", "STATENS": "00767982", "AFFGEOID": "0400000US30", "GEOID": "30", "STUSPS": "MT", "NAME": "Montana", "LSAD": "00", "ALAND": 376962738765, "AWATER": 3869208832 }, "geometry": { "type": "MultiLineString", "coordinates": [ [ [ -112.225076, 48.780218 ], [ -112.224769, 48.780245 ], [ -112.215967, 48.779321 ], [ -112.200638, 48.777553 ], [ -112.190547, 48.777599 ], [ -112.186454, 48.775163 ] ] ] } },
{ "type": "Feature", "properties": { "TYPEPIPE": "Intrastate", "Operator": "Northwestern Energy Co", "Status": "Operating", "Shape_Leng": 0.01280855126, "STATEFP": "30", "STATENS": "00767982", "AFFGEOID": "0400000US30", "GEOID": "30", "STUSPS": "MT", "NAME": "Montana", "LSAD": "00", "ALAND": 376962738765, "AWATER": 3869208832 }, "geometry": { "type": "MultiLineString", "coordinates": [ [ [ -112.225076, 48.780218 ], [ -112.225399, 48.780903 ], [ -112.237388, 48.77968 ] ] ] } },
{ "type": "Feature", "properties": { "TYPEPIPE": "Intrastate", "Operator": "Northwestern Energy Co", "Status": "Operating", "Shape_Leng": 0.00819237163, "STATEFP": "30", "STATENS": "00767982", "AFFGEOID": "0400000US30", "GEOID": "30", "STUSPS": "MT", "NAME": "Montana", "LSAD": "00", "ALAND": 376962738765, "AWATER": 3869208832 }, "geometry": { "type": "MultiLineString", "coordinates": [ [ [ -112.237388, 48.77968 ], [ -112.238736, 48.779541 ], [ -112.239593, 48.779923 ], [ -112.240595, 48.780021 ], [ -112.242666, 48.779558 ], [ -112.243113, 48.778843 ], [ -112.243171, 48.777978 ], [ -112.242385, 48.777267 ] ] ] } },
{ "type": "Feature", "properties": { "TYPEPIPE": "Intrastate", "Operator": "Northwestern Energy Co", "Status": "Operating", "Shape_Leng": 0.00822258943, "STATEFP": "30", "STATENS": "00767982", "AFFGEOID": "0400000US30", "GEOID": "30", "STUSPS": "MT", "NAME": "Montana", "LSAD": "00", "ALAND": 376962738765, "AWATER": 3869208832 }, "geometry": { "type": "MultiLineString", "coordinates": [ [ [ -112.237388, 48.77968 ], [ -112.236694, 48.779495 ], [ -112.236569, 48.779039 ], [ -112.236708, 48.778326 ], [ -112.235266, 48.772188 ] ] ] } },
{ "type": "Feature", "properties": { "TYPEPIPE": "Intrastate", "Operator": "Northwestern Energy Co", "Status": "Operating", "Shape_Leng": 0.02442497782, "STATEFP": "30", "STATENS": "00767982", "AFFGEOID": "0400000US30", "GEOID": "30", "STUSPS": "MT", "NAME": "Montana", "LSAD": "00", "ALAND": 376962738765, "AWATER": 3869208832 }, "geometry": { "type": "MultiLineString", "coordinates": [ [ [ -112.273841, 48.799594 ], [ -112.266554, 48.800898 ], [ -112.266262, 48.801662 ], [ -112.265575, 48.801943 ], [ -112.264769, 48.802102 ], [ -112.264188, 48.802026 ], [ -112.263293, 48.801644 ], [ -112.250428, 48.804014 ] ] ] } },
{ "type": "Feature", "properties": { "TYPEPIPE": "Intrastate", "Operator": "Northwestern Energy Co", "Status": "Operating", "Shape_Leng": 0.00114093514, "STATEFP": "30", "STATENS": "00767982", "AFFGEOID": "0400000US30", "GEOID": "30", "STUSPS": "MT", "NAME": "Montana", "LSAD": "00", "ALAND": 376962738765, "AWATER": 3869208832 }, "geometry": { "type": "MultiLineString", "coordinates": [ [ [ -112.250428, 48.804014 ], [ -112.249306, 48.804221 ] ] ] } },
{ "type": "Feature", "properties": { "TYPEPIPE": "Intrastate", "Operator": "Northwestern Energy Co", "Status": "Operating", "Shape_Leng": 0.00780805595, "STATEFP": "30", "STATENS": "00767982", "AFFGEOID": "0400000US30", "GEOID": "30", "STUSPS": "MT", "NAME": "Montana", "LSAD": "00", "ALAND": 376962738765, "AWATER": 3869208832 }, "geometry": { "type": "MultiLineString", "coordinates": [ [ [ -112.250677, 48.786619 ], [ -112.247199, 48.791573 ], [ -112.24559, 48.792274 ] ] ] } },
{ "type": "Feature", "properties": { "TYPEPIPE": "Intrastate", "Operator": "Northwestern Energy Co", "Status": "Operating", "Shape_Leng": 0.03449679553, "STATEFP": "30", "STATENS": "00767982", "AFFGEOID": "0400000US30", "GEOID": "30", "STUSPS": "MT", "NAME": "Montana", "LSAD": "00", "ALAND": 376962738765, "AWATER": 3869208832 }, "geometry": { "type": "MultiLineString", "coordinates": [ [ [ -112.24559, 48.792274 ], [ -112.244719, 48.792652 ], [ -112.241777, 48.792024 ], [ -112.241241, 48.792123 ], [ -112.240586, 48.792154 ], [ -112.240237, 48.792054 ], [ -112.239883, 48.791719 ], [ -112.220379, 48.789502 ], [ -112.222342, 48.785754 ], [ -112.223096, 48.781291 ], [ -112.223094, 48.78119 ] ] ] } },
{ "type": "Feature", "properties": { "TYPEPIPE": "Intrastate", "Operator": "Northwestern Energy Co", "Status": "Operating", "Shape_Leng": 0.01356936553, "STATEFP": "30", "STATENS": "00767982", "AFFGEOID": "0400000US30", "GEOID": "30", "STUSPS": "MT", "NAME": "Montana", "LSAD": "00", "ALAND": 376962738765, "AWATER": 3869208832 }, "geometry": { "type": "MultiLineString", "coordinates": [ [ [ -112.250428, 48.804014 ], [ -112.245288, 48.79767 ], [ -112.24559, 48.792274 ] ] ] } },
{ "type": "Feature", "properties": { "TYPEPIPE": "Intrastate", "Operator": "Northwestern Energy Co", "Status": "Operating", "Shape_Leng": 0.03388659714, "STATEFP": "30", "STATENS": "00767982", "AFFGEOID": "0400000US30", "GEOID": "30", "STUSPS": "MT", "NAME": "Montana", "LSAD": "00", "ALAND": 376962738765, "AWATER": 3869208832 }, "geometry": { "type": "MultiLineString", "coordinates": [ [ [ -112.223094, 48.78119 ], [ -112.193939, 48.798461 ] ] ] } },
{ "type": "Feature", "properties": { "TYPEPIPE": "Intrastate", "Operator": "Northwestern Energy Co", "Status": "Operating", "Shape_Leng": 0.04453272225, "STATEFP": "30", "STATENS": "00767982", "AFFGEOID": "0400000US30", "GEOID": "30", "STUSPS": "MT", "NAME": "Montana", "LSAD": "00", "ALAND": 376962738765, "AWATER": 3869208832 }, "geometry": { "type": "MultiLineString", "coordinates": [ [ [ -112.269214, 48.777103 ], [ -112.262757, 48.777006 ], [ -112.24722, 48.778168 ], [ -112.241993, 48.778692 ], [ -112.241616, 48.779053 ], [ -112.240889, 48.779257 ], [ -112.240117, 48.779285 ], [ -112.239574, 48.779032 ], [ -112.239456, 48.778931 ], [ -112.225076, 48.780218 ] ] ] } },
{ "type": "Feature", "properties": { "TYPEPIPE": "Intrastate", "Operator": "Northwestern Energy Co", "Status": "Operating", "Shape_Leng": 0.03218119951, "STATEFP": "30", "STATENS": "00767982", "AFFGEOID": "0400000US30", "GEOID": "30", "STUSPS": "MT", "NAME": "Montana", "LSAD": "00", "ALAND": 376962738765, "AWATER": 3869208832 }, "geometry": { "type": "MultiLineString", "coordinates": [ [ [ -112.170119, 48.821219 ], [ -112.159482, 48.82147 ], [ -112.153352, 48.817456 ], [ -112.15473, 48.803309 ] ] ] } },
{ "type": "Feature", "properties": { "TYPEPIPE": "Intrastate", "Operator": "Northwestern Energy Co", "Status": "Operating", "Shape_Leng": 0.03369752449, "STATEFP": "30", "STATENS": "00767982", "AFFGEOID": "0400000US30", "GEOID": "30", "STUSPS": "MT", "NAME": "Montana", "LSAD": "00", "ALAND": 376962738765, "AWATER": 3869208832 }, "geometry": { "type": "MultiLineString", "coordinates": [ [ [ -112.164526, 48.799823 ], [ -112.169864, 48.800809 ], [ -112.173233, 48.799654 ], [ -112.174917, 48.797232 ], [ -112.175265, 48.797228 ], [ -112.181368, 48.803714 ], [ -112.182174, 48.805446 ], [ -112.192684, 48.806774 ] ] ] } },
{ "type": "Feature", "properties": { "TYPEPIPE": "Intrastate", "Operator": "Northwestern Energy Co", "Status": "Operating", "Shape_Leng": 0.01133254579, "STATEFP": "30", "STATENS": "00767982", "AFFGEOID": "0400000US30", "GEOID": "30", "STUSPS": "MT", "NAME": "Montana", "LSAD": "00", "ALAND": 376962738765, "AWATER": 3869208832 }, "geometry": { "type": "MultiLineString", "coordinates": [ [ [ -112.15432, 48.827054 ], [ -112.143033, 48.826039 ] ] ] } },
{ "type": "Feature", "properties": { "TYPEPIPE": "Intrastate", "Operator": "Northwestern Energy Co", "Status": "Operating", "Shape_Leng": 0.00682501114, "STATEFP": "30", "STATENS": "00767982", "AFFGEOID": "0400000US30", "GEOID": "30", "STUSPS": "MT", "NAME": "Montana", "LSAD": "00", "ALAND": 376962738765, "AWATER": 3869208832 }, "geometry": { "type": "MultiLineString", "coordinates": [ [ [ -112.158851, 48.82195 ], [ -112.15432, 48.827054 ] ] ] } },
{ "type": "Feature", "properties": { "TYPEPIPE": "Intrastate", "Operator": "Northwestern Energy Co", "Status": "Operating", "Shape_Leng": 0.00195370852, "STATEFP": "30", "STATENS": "00767982", "AFFGEOID": "0400000US30", "GEOID": "30", "STUSPS": "MT", "NAME": "Montana", "LSAD": "00", "ALAND": 376962738765, "AWATER": 3869208832 }, "geometry": { "type": "MultiLineString", "coordinates": [ [ [ -112.158851, 48.82195 ], [ -112.160772, 48.822306 ] ] ] } },
{ "type": "Feature", "properties": { "TYPEPIPE": "Intrastate", "Operator": "Northwestern Energy Co", "Status": "Operating", "Shape_Leng": 0.01016809166, "STATEFP": "30", "STATENS": "00767982", "AFFGEOID": "0400000US30", "GEOID": "30", "STUSPS": "MT", "NAME": "Montana", "LSAD": "00", "ALAND": 376962738765, "AWATER": 3869208832 }, "geometry": { "type": "MultiLineString", "coordinates": [ [ [ -112.159794, 48.811885 ], [ -112.164791, 48.813077 ], [ -112.169303, 48.813243 ], [ -112.169816, 48.813297 ] ] ] } },
{ "type": "Feature", "properties": { "TYPEPIPE": "Intrastate", "Operator": "Northwestern Energy Co", "Status": "Operating", "Shape_Leng": 0.00535745779, "STATEFP": "30", "STATENS": "00767982", "AFFGEOID": "0400000US30", "GEOID": "30", "STUSPS": "MT", "NAME": "Montana", "LSAD": "00", "ALAND": 376962738765, "AWATER": 3869208832 }, "geometry": { "type": "MultiLineString", "coordinates": [ [ [ -112.169816, 48.813297 ], [ -112.170741, 48.80802 ] ] ] } },
{ "type": "Feature", "properties": { "TYPEPIPE": "Intrastate", "Operator": "Northwestern Energy Co", "Status": "Operating", "Shape_Leng": 0.01636448427, "STATEFP": "30", "STATENS": "00767982", "AFFGEOID": "0400000US30", "GEOID": "30", "STUSPS": "MT", "NAME": "Montana", "LSAD": "00", "ALAND": 376962738765, "AWATER": 3869208832 }, "geometry": { "type": "MultiLineString", "coordinates": [ [ [ -112.169816, 48.813297 ], [ -112.17726, 48.814071 ], [ -112.185094, 48.818253 ] ] ] } },
{ "type": "Feature", "properties": { "TYPEPIPE": "Intrastate", "Operator": "Northwestern Energy Co", "Status": "Operating", "Shape_Leng": 0.00610496724, "STATEFP": "30", "STATENS": "00767982", "AFFGEOID": "0400000US30", "GEOID": "30", "STUSPS": "MT", "NAME": "Montana", "LSAD": "00", "ALAND": 376962738765, "AWATER": 3869208832 }, "geometry": { "type": "MultiLineString", "coordinates": [ [ [ -112.185094, 48.818253 ], [ -112.190589, 48.815593 ] ] ] } },
{ "type": "Feature", "properties": { "TYPEPIPE": "Intrastate", "Operator": "Northwestern Energy Co", "Status": "Operating", "Shape_Leng": 0.00400269834, "STATEFP": "30", "STATENS": "00767982", "AFFGEOID": "0400000US30", "GEOID": "30", "STUSPS": "MT", "NAME": "Montana", "LSAD": "00", "ALAND": 376962738765, "AWATER": 3869208832 }, "geometry": { "type": "MultiLineString", "coordinates": [ [ [ -112.193939, 48.798461 ], [ -112.197224, 48.800748 ] ] ] } },
{ "type": "Feature", "properties": { "TYPEPIPE": "Intrastate", "Operator": "Northwestern Energy Co", "Status": "Operating", "Shape_Leng": 0.03962890123, "STATEFP": "30", "STATENS": "00767982", "AFFGEOID": "0400000US30", "GEOID": "30", "STUSPS": "MT", "NAME": "Montana", "LSAD": "00", "ALAND": 376962738765, "AWATER": 3869208832 }, "geometry": { "type": "MultiLineString", "coordinates": [ [ [ -112.191384, 48.799743 ], [ -112.181943, 48.805445 ], [ -112.170035, 48.813168 ], [ -112.16954, 48.813497 ], [ -112.162188, 48.817921 ], [ -112.15929, 48.821444 ], [ -112.158912, 48.82188 ], [ -112.158851, 48.82195 ] ] ] } },
{ "type": "Feature", "properties": { "TYPEPIPE": "Intrastate", "Operator": "Northwestern Energy Co", "Status": "Operating", "Shape_Leng": 0.01598487474, "STATEFP": "30", "STATENS": "00767982", "AFFGEOID": "0400000US30", "GEOID": "30", "STUSPS": "MT", "NAME": "Montana", "LSAD": "00", "ALAND": 376962738765, "AWATER": 3869208832 }, "geometry": { "type": "MultiLineString", "coordinates": [ [ [ -112.143481, 48.851011 ], [ -112.152503, 48.848852 ], [ -112.158865, 48.846725 ] ] ] } },
{ "type": "Feature", "properties": { "TYPEPIPE": "Intrastate", "Operator": "Northwestern Energy Co", "Status": "Operating", "Shape_Leng": 0.01308944907, "STATEFP": "30", "STATENS": "00767982", "AFFGEOID": "0400000US30", "GEOID": "30", "STUSPS": "MT", "NAME": "Montana", "LSAD": "00", "ALAND": 376962738765, "AWATER": 3869208832 }, "geometry": { "type": "MultiLineString", "coordinates": [ [ [ -112.157241, 48.858185 ], [ -112.146491, 48.85898 ], [ -112.144243, 48.858448 ] ] ] } },
{ "type": "Feature", "properties": { "TYPEPIPE": "Intrastate", "Operator": "Northwestern Energy Co", "Status": "Operating", "Shape_Leng": 0.00111951038, "STATEFP": "30", "STATENS": "00767982", "AFFGEOID": "0400000US30", "GEOID": "30", "STUSPS": "MT", "NAME": "Montana", "LSAD": "00", "ALAND": 376962738765, "AWATER": 3869208832 }, "geometry": { "type": "MultiLineString", "coordinates": [ [ [ -112.156907, 48.857123 ], [ -112.15712, 48.857964 ], [ -112.157241, 48.858185 ] ] ] } },
{ "type": "Feature", "properties": { "TYPEPIPE": "Intrastate", "Operator": "Northwestern Energy Co", "Status": "Operating", "Shape_Leng": 0.03470530402, "STATEFP": "30", "STATENS": "00767982", "AFFGEOID": "0400000US30", "GEOID": "30", "STUSPS": "MT", "NAME": "Montana", "LSAD": "00", "ALAND": 376962738765, "AWATER": 3869208832 }, "geometry": { "type": "MultiLineString", "coordinates": [ [ [ -112.156907, 48.857123 ], [ -112.159997, 48.855156 ], [ -112.178342, 48.85244 ], [ -112.190839, 48.852341 ] ] ] } },
{ "type": "Feature", "properties": { "TYPEPIPE": "Intrastate", "Operator": "Northwestern Energy Co", "Status": "Operating", "Shape_Leng": 0.01823744311, "STATEFP": "30", "STATENS": "00767982", "AFFGEOID": "0400000US30", "GEOID": "30", "STUSPS": "MT", "NAME": "Montana", "LSAD": "00", "ALAND": 376962738765, "AWATER": 3869208832 }, "geometry": { "type": "MultiLineString", "coordinates": [ [ [ -112.148571, 48.840914 ], [ -112.148608, 48.840984 ], [ -112.152348, 48.84875 ], [ -112.156869, 48.856973 ], [ -112.156907, 48.857123 ] ] ] } },
{ "type": "Feature", "properties": { "TYPEPIPE": "Intrastate", "Operator": "Northwestern Energy Co", "Status": "Operating", "Shape_Leng": 0.00535628099, "STATEFP": "30", "STATENS": "00767982", "AFFGEOID": "0400000US30", "GEOID": "30", "STUSPS": "MT", "NAME": "Montana", "LSAD": "00", "ALAND": 376962738765, "AWATER": 3869208832 }, "geometry": { "type": "MultiLineString", "coordinates": [ [ [ -112.148571, 48.840914 ], [ -112.14326, 48.841609 ] ] ] } },
{ "type": "Feature", "properties": { "TYPEPIPE": "Intrastate", "Operator": "Northwestern Energy Co", "Status": "Operating", "Shape_Leng": 0.0035402327, "STATEFP": "30", "STATENS": "00767982", "AFFGEOID": "0400000US30", "GEOID": "30", "STUSPS": "MT", "NAME": "Montana", "LSAD": "00", "ALAND": 376962738765, "AWATER": 3869208832 }, "geometry": { "type": "MultiLineString", "coordinates": [ [ [ -112.146933, 48.837776 ], [ -112.146965, 48.837856 ], [ -112.148571, 48.840914 ] ] ] } },
{ "type": "Feature", "properties": { "TYPEPIPE": "Intrastate", "Operator": "Northwestern Energy Co", "Status": "Operating", "Shape_Leng": 0.01532423662, "STATEFP": "30", "STATENS": "00767982", "AFFGEOID": "0400000US30", "GEOID": "30", "STUSPS": "MT", "NAME": "Montana", "LSAD": "00", "ALAND": 376962738765, "AWATER": 3869208832 }, "geometry": { "type": "MultiLineString", "coordinates": [ [ [ -112.146933, 48.837776 ], [ -112.132011, 48.834288 ] ] ] } },
{ "type": "Feature", "properties": { "TYPEPIPE": "Intrastate", "Operator": "Northwestern Energy Co", "Status": "Operating", "Shape_Leng": 0.00626030063, "STATEFP": "30", "STATENS": "00767982", "AFFGEOID": "0400000US30", "GEOID": "30", "STUSPS": "MT", "NAME": "Montana", "LSAD": "00", "ALAND": 376962738765, "AWATER": 3869208832 }, "geometry": { "type": "MultiLineString", "coordinates": [ [ [ -112.15432, 48.827054 ], [ -112.150162, 48.831734 ] ] ] } },
{ "type": "Feature", "properties": { "TYPEPIPE": "Intrastate", "Operator": "Northwestern Energy Co", "Status": "Operating", "Shape_Leng": 0.02266157446, "STATEFP": "30", "STATENS": "00767982", "AFFGEOID": "0400000US30", "GEOID": "30", "STUSPS": "MT", "NAME": "Montana", "LSAD": "00", "ALAND": 376962738765, "AWATER": 3869208832 }, "geometry": { "type": "MultiLineString", "coordinates": [ [ [ -112.150162, 48.831734 ], [ -112.153466, 48.83305 ], [ -112.161674, 48.834767 ], [ -112.163577, 48.837339 ], [ -112.171097, 48.837345 ] ] ] } },
{ "type": "Feature", "properties": { "TYPEPIPE": "Intrastate", "Operator": "Northwestern Energy Co", "Status": "Operating", "Shape_Leng": 0.01368855092, "STATEFP": "30", "STATENS": "00767982", "AFFGEOID": "0400000US30", "GEOID": "30", "STUSPS": "MT", "NAME": "Montana", "LSAD": "00", "ALAND": 376962738765, "AWATER": 3869208832 }, "geometry": { "type": "MultiLineString", "coordinates": [ [ [ -112.171097, 48.837345 ], [ -112.171212, 48.837346 ], [ -112.183711, 48.837498 ], [ -112.184307, 48.838391 ] ] ] } },
{ "type": "Feature", "properties": { "TYPEPIPE": "Intrastate", "Operator": "Northwestern Energy Co", "Status": "Operating", "Shape_Leng": 0.00303504761, "STATEFP": "30", "STATENS": "00767982", "AFFGEOID": "0400000US30", "GEOID": "30", "STUSPS": "MT", "NAME": "Montana", "LSAD": "00", "ALAND": 376962738765, "AWATER": 3869208832 }, "geometry": { "type": "MultiLineString", "coordinates": [ [ [ -112.171097, 48.837345 ], [ -112.17108, 48.84038 ] ] ] } },
{ "type": "Feature", "properties": { "TYPEPIPE": "Intrastate", "Operator": "Northwestern Energy Co", "Status": "Operating", "Shape_Leng": 0.00714794842, "STATEFP": "30", "STATENS": "00767982", "AFFGEOID": "0400000US30", "GEOID": "30", "STUSPS": "MT", "NAME": "Montana", "LSAD": "00", "ALAND": 376962738765, "AWATER": 3869208832 }, "geometry": { "type": "MultiLineString", "coordinates": [ [ [ -112.190722, 48.838905 ], [ -112.196727, 48.842235 ], [ -112.196967, 48.842382 ] ] ] } },
{ "type": "Feature", "properties": { "TYPEPIPE": "Intrastate", "Operator": "Northwestern Energy Co", "Status": "Operating", "Shape_Leng": 0.00457596602, "STATEFP": "30", "STATENS": "00767982", "AFFGEOID": "0400000US30", "GEOID": "30", "STUSPS": "MT", "NAME": "Montana", "LSAD": "00", "ALAND": 376962738765, "AWATER": 3869208832 }, "geometry": { "type": "MultiLineString", "coordinates": [ [ [ -112.196967, 48.842382 ], [ -112.200868, 48.844774 ] ] ] } },
{ "type": "Feature", "properties": { "TYPEPIPE": "Intrastate", "Operator": "Northwestern Energy Co", "Status": "Operating", "Shape_Leng": 0.00706190944, "STATEFP": "30", "STATENS": "00767982", "AFFGEOID": "0400000US30", "GEOID": "30", "STUSPS": "MT", "NAME": "Montana", "LSAD": "00", "ALAND": 376962738765, "AWATER": 3869208832 }, "geometry": { "type": "MultiLineString", "coordinates": [ [ [ -112.196967, 48.842382 ], [ -112.203961, 48.841405 ] ] ] } },
{ "type": "Feature", "properties": { "TYPEPIPE": "Intrastate", "Operator": "Northwestern Energy Co", "Status": "Operating", "Shape_Leng": 0.00746652704, "STATEFP": "30", "STATENS": "00767982", "AFFGEOID": "0400000US30", "GEOID": "30", "STUSPS": "MT", "NAME": "Montana", "LSAD": "00", "ALAND": 376962738765, "AWATER": 3869208832 }, "geometry": { "type": "MultiLineString", "coordinates": [ [ [ -112.190839, 48.852341 ], [ -112.190688, 48.844876 ] ] ] } },
{ "type": "Feature", "properties": { "TYPEPIPE": "Intrastate", "Operator": "Northwestern Energy Co", "Status": "Operating", "Shape_Leng": 0.00597240452, "STATEFP": "30", "STATENS": "00767982", "AFFGEOID": "0400000US30", "GEOID": "30", "STUSPS": "MT", "NAME": "Montana", "LSAD": "00", "ALAND": 376962738765, "AWATER": 3869208832 }, "geometry": { "type": "MultiLineString", "coordinates": [ [ [ -112.190688, 48.844876 ], [ -112.190689, 48.839292 ], [ -112.190722, 48.838905 ] ] ] } },
{ "type": "Feature", "properties": { "TYPEPIPE": "Intrastate", "Operator": "Northwestern Energy Co", "Status": "Operating", "Shape_Leng": 0.00436153012, "STATEFP": "30", "STATENS": "00767982", "AFFGEOID": "0400000US30", "GEOID": "30", "STUSPS": "MT", "NAME": "Montana", "LSAD": "00", "ALAND": 376962738765, "AWATER": 3869208832 }, "geometry": { "type": "MultiLineString", "coordinates": [ [ [ -112.190688, 48.844876 ], [ -112.186327, 48.844808 ] ] ] } },
{ "type": "Feature", "properties": { "TYPEPIPE": "Intrastate", "Operator": "Northwestern Energy Co", "Status": "Operating", "Shape_Leng": 0.00887077928, "STATEFP": "30", "STATENS": "00767982", "AFFGEOID": "0400000US30", "GEOID": "30", "STUSPS": "MT", "NAME": "Montana", "LSAD": "00", "ALAND": 376962738765, "AWATER": 3869208832 }, "geometry": { "type": "MultiLineString", "coordinates": [ [ [ -112.20793, 48.830153 ], [ -112.21248, 48.822538 ] ] ] } },
{ "type": "Feature", "properties": { "TYPEPIPE": "Intrastate", "Operator": "Northwestern Energy Co", "Status": "Operating", "Shape_Leng": 0.01169616962, "STATEFP": "30", "STATENS": "00767982", "AFFGEOID": "0400000US30", "GEOID": "30", "STUSPS": "MT", "NAME": "Montana", "LSAD": "00", "ALAND": 376962738765, "AWATER": 3869208832 }, "geometry": { "type": "MultiLineString", "coordinates": [ [ [ -112.15786, 48.864202 ], [ -112.161677, 48.864023 ], [ -112.16831, 48.86579 ], [ -112.169309, 48.865637 ] ] ] } },
{ "type": "Feature", "properties": { "TYPEPIPE": "Intrastate", "Operator": "Northwestern Energy Co", "Status": "Operating", "Shape_Leng": 0.00199242892, "STATEFP": "30", "STATENS": "00767982", "AFFGEOID": "0400000US30", "GEOID": "30", "STUSPS": "MT", "NAME": "Montana", "LSAD": "00", "ALAND": 376962738765, "AWATER": 3869208832 }, "geometry": { "type": "MultiLineString", "coordinates": [ [ [ -112.157241, 48.858185 ], [ -112.158199, 48.859932 ] ] ] } },
{ "type": "Feature", "properties": { "TYPEPIPE": "Intrastate", "Operator": "Northwestern Energy Co", "Status": "Operating", "Shape_Leng": 0.00437457407, "STATEFP": "30", "STATENS": "00767982", "AFFGEOID": "0400000US30", "GEOID": "30", "STUSPS": "MT", "NAME": "Montana", "LSAD": "00", "ALAND": 376962738765, "AWATER": 3869208832 }, "geometry": { "type": "MultiLineString", "coordinates": [ [ [ -112.15828, 48.86008 ], [ -112.158758, 48.860867 ], [ -112.15786, 48.864202 ] ] ] } },
{ "type": "Feature", "properties": { "TYPEPIPE": "Intrastate", "Operator": "Northwestern Energy Co", "Status": "Operating", "Shape_Leng": 0.00309982604, "STATEFP": "30", "STATENS": "00767982", "AFFGEOID": "0400000US30", "GEOID": "30", "STUSPS": "MT", "NAME": "Montana", "LSAD": "00", "ALAND": 376962738765, "AWATER": 3869208832 }, "geometry": { "type": "MultiLineString", "coordinates": [ [ [ -112.15786, 48.864202 ], [ -112.157824, 48.864336 ], [ -112.157845, 48.867297 ] ] ] } },
{ "type": "Feature", "properties": { "TYPEPIPE": "Intrastate", "Operator": "Northwestern Energy Co", "Status": "Operating", "Shape_Leng": 0.00820100738, "STATEFP": "30", "STATENS": "00767982", "AFFGEOID": "0400000US30", "GEOID": "30", "STUSPS": "MT", "NAME": "Montana", "LSAD": "00", "ALAND": 376962738765, "AWATER": 3869208832 }, "geometry": { "type": "MultiLineString", "coordinates": [ [ [ -112.157845, 48.867297 ], [ -112.149686, 48.866468 ] ] ] } },
{ "type": "Feature", "properties": { "TYPEPIPE": "Intrastate", "Operator": "Northwestern Energy Co", "Status": "Operating", "Shape_Leng": 0.00543880418, "STATEFP": "30", "STATENS": "00767982", "AFFGEOID": "0400000US30", "GEOID": "30", "STUSPS": "MT", "NAME": "Montana", "LSAD": "00", "ALAND": 376962738765, "AWATER": 3869208832 }, "geometry": { "type": "MultiLineString", "coordinates": [ [ [ -112.190953, 48.861032 ], [ -112.193634, 48.860741 ], [ -112.196198, 48.859769 ] ] ] } },
{ "type": "Feature", "properties": { "TYPEPIPE": "Intrastate", "Operator": "Northwestern Energy Co", "Status": "Operating", "Shape_Leng": 0.00168607592, "STATEFP": "30", "STATENS": "00767982", "AFFGEOID": "0400000US30", "GEOID": "30", "STUSPS": "MT", "NAME": "Montana", "LSAD": "00", "ALAND": 376962738765, "AWATER": 3869208832 }, "geometry": { "type": "MultiLineString", "coordinates": [ [ [ -112.190978, 48.862915 ], [ -112.190962, 48.861229 ] ] ] } },
{ "type": "Feature", "properties": { "TYPEPIPE": "Intrastate", "Operator": "Northwestern Energy Co", "Status": "Operating", "Shape_Leng": 0.00019720548, "STATEFP": "30", "STATENS": "00767982", "AFFGEOID": "0400000US30", "GEOID": "30", "STUSPS": "MT", "NAME": "Montana", "LSAD": "00", "ALAND": 376962738765, "AWATER": 3869208832 }, "geometry": { "type": "MultiLineString", "coordinates": [ [ [ -112.190962, 48.861229 ], [ -112.190953, 48.861032 ] ] ] } },
{ "type": "Feature", "properties": { "TYPEPIPE": "Intrastate", "Operator": "Northwestern Energy Co", "Status": "Operating", "Shape_Leng": 0.00013, "STATEFP": "30", "STATENS": "00767982", "AFFGEOID": "0400000US30", "GEOID": "30", "STUSPS": "MT", "NAME": "Montana", "LSAD": "00", "ALAND": 376962738765, "AWATER": 3869208832 }, "geometry": { "type": "MultiLineString", "coordinates": [ [ [ -112.190953, 48.861032 ], [ -112.190953, 48.860902 ] ] ] } },
{ "type": "Feature", "properties": { "TYPEPIPE": "Intrastate", "Operator": "Northwestern Energy Co", "Status": "Operating", "Shape_Leng": 0.03327999613, "STATEFP": "30", "STATENS": "00767982", "AFFGEOID": "0400000US30", "GEOID": "30", "STUSPS": "MT", "NAME": "Montana", "LSAD": "00", "ALAND": 376962738765, "AWATER": 3869208832 }, "geometry": { "type": "MultiLineString", "coordinates": [ [ [ -112.190962, 48.861229 ], [ -112.186687, 48.860579 ], [ -112.184872, 48.860557 ], [ -112.184904, 48.8602 ], [ -112.174482, 48.859942 ], [ -112.162234, 48.859079 ], [ -112.15828, 48.86008 ] ] ] } },
{ "type": "Feature", "properties": { "TYPEPIPE": "Intrastate", "Operator": "Northwestern Energy Co", "Status": "Operating", "Shape_Leng": 0.00316499747, "STATEFP": "30", "STATENS": "00767982", "AFFGEOID": "0400000US30", "GEOID": "30", "STUSPS": "MT", "NAME": "Montana", "LSAD": "00", "ALAND": 376962738765, "AWATER": 3869208832 }, "geometry": { "type": "MultiLineString", "coordinates": [ [ [ -112.190962, 48.861229 ], [ -112.194102, 48.861626 ] ] ] } },
{ "type": "Feature", "properties": { "TYPEPIPE": "Intrastate", "Operator": "Northwestern Energy Co", "Status": "Operating", "Shape_Leng": 0.00686851936, "STATEFP": "30", "STATENS": "00767982", "AFFGEOID": "0400000US30", "GEOID": "30", "STUSPS": "MT", "NAME": "Montana", "LSAD": "00", "ALAND": 376962738765, "AWATER": 3869208832 }, "geometry": { "type": "MultiLineString", "coordinates": [ [ [ -112.194102, 48.861626 ], [ -112.195354, 48.861785 ], [ -112.200681, 48.860037 ] ] ] } },
{ "type": "Feature", "properties": { "TYPEPIPE": "Intrastate", "Operator": "Northwestern Energy Co", "Status": "Operating", "Shape_Leng": 0.00771142937, "STATEFP": "30", "STATENS": "00767982", "AFFGEOID": "0400000US30", "GEOID": "30", "STUSPS": "MT", "NAME": "Montana", "LSAD": "00", "ALAND": 376962738765, "AWATER": 3869208832 }, "geometry": { "type": "MultiLineString", "coordinates": [ [ [ -112.194409, 48.831163 ], [ -112.194454, 48.831077 ], [ -112.198367, 48.824545 ] ] ] } },
{ "type": "Feature", "properties": { "TYPEPIPE": "Intrastate", "Operator": "Northwestern Energy Co", "Status": "Operating", "Shape_Leng": 0.00770295664, "STATEFP": "30", "STATENS": "00767982", "AFFGEOID": "0400000US30", "GEOID": "30", "STUSPS": "MT", "NAME": "Montana", "LSAD": "00", "ALAND": 376962738765, "AWATER": 3869208832 }, "geometry": { "type": "MultiLineString", "coordinates": [ [ [ -112.194409, 48.831163 ], [ -112.186763, 48.830228 ] ] ] } },
{ "type": "Feature", "properties": { "TYPEPIPE": "Intrastate", "Operator": "Northwestern Energy Co", "Status": "Operating", "Shape_Leng": 0.00133612125, "STATEFP": "30", "STATENS": "00767982", "AFFGEOID": "0400000US30", "GEOID": "30", "STUSPS": "MT", "NAME": "Montana", "LSAD": "00", "ALAND": 376962738765, "AWATER": 3869208832 }, "geometry": { "type": "MultiLineString", "coordinates": [ [ [ -112.190953, 48.860902 ], [ -112.190935, 48.859566 ] ] ] } },
{ "type": "Feature", "properties": { "TYPEPIPE": "Intrastate", "Operator": "Northwestern Energy Co", "Status": "Operating", "Shape_Leng": 0.00722563776, "STATEFP": "30", "STATENS": "00767982", "AFFGEOID": "0400000US30", "GEOID": "30", "STUSPS": "MT", "NAME": "Montana", "LSAD": "00", "ALAND": 376962738765, "AWATER": 3869208832 }, "geometry": { "type": "MultiLineString", "coordinates": [ [ [ -112.190935, 48.859566 ], [ -112.190839, 48.852341 ] ] ] } },
{ "type": "Feature", "properties": { "TYPEPIPE": "Intrastate", "Operator": "Northwestern Energy Co", "Status": "Operating", "Shape_Leng": 0.00633105268, "STATEFP": "30", "STATENS": "00767982", "AFFGEOID": "0400000US30", "GEOID": "30", "STUSPS": "MT", "NAME": "Montana", "LSAD": "00", "ALAND": 376962738765, "AWATER": 3869208832 }, "geometry": { "type": "MultiLineString", "coordinates": [ [ [ -112.190935, 48.859566 ], [ -112.184723, 48.860788 ] ] ] } },
{ "type": "Feature", "properties": { "TYPEPIPE": "Intrastate", "Operator": "Northwestern Energy Co", "Status": "Operating", "Shape_Leng": 0.04738956275, "STATEFP": "30", "STATENS": "00767982", "AFFGEOID": "0400000US30", "GEOID": "30", "STUSPS": "MT", "NAME": "Montana", "LSAD": "00", "ALAND": 376962738765, "AWATER": 3869208832 }, "geometry": { "type": "MultiLineString", "coordinates": [ [ [ -112.156809, 48.953424 ], [ -112.156923, 48.955334 ], [ -112.152107, 48.965844 ], [ -112.151296, 48.971731 ], [ -112.148861, 48.973775 ], [ -112.144778, 48.97661 ], [ -112.141601, 48.978273 ], [ -112.138892, 48.980113 ], [ -112.136563, 48.981648 ], [ -112.135877, 48.982208 ], [ -112.131547, 48.984306 ], [ -112.127444, 48.986094 ] ] ] } },
{ "type": "Feature", "properties": { "TYPEPIPE": "Intrastate", "Operator": "Northwestern Energy Co", "Status": "Operating", "Shape_Leng": 0.05918173107, "STATEFP": "30", "STATENS": "00767982", "AFFGEOID": "0400000US30", "GEOID": "30", "STUSPS": "MT", "NAME": "Montana", "LSAD": "00", "ALAND": 376962738765, "AWATER": 3869208832 }, "geometry": { "type": "MultiLineString", "coordinates": [ [ [ -112.146622, 48.972044 ], [ -112.145242, 48.97261 ], [ -112.137431, 48.970584 ], [ -112.13643, 48.970841 ], [ -112.133402, 48.968221 ], [ -112.128491, 48.966245 ], [ -112.119253, 48.964346 ], [ -112.106691, 48.960443 ], [ -112.098255, 48.957859 ], [ -112.090464, 48.956671 ] ] ] } },
{ "type": "Feature", "properties": { "TYPEPIPE": "Intrastate", "Operator": "Northwestern Energy Co", "Status": "Operating", "Shape_Leng": 0.05990647089, "STATEFP": "30", "STATENS": "00767982", "AFFGEOID": "0400000US30", "GEOID": "30", "STUSPS": "MT", "NAME": "Montana", "LSAD": "00", "ALAND": 376962738765, "AWATER": 3869208832 }, "geometry": { "type": "MultiLineString", "coordinates": [ [ [ -112.163106, 48.947322 ], [ -112.159516, 48.951534 ], [ -112.157894, 48.953548 ], [ -112.156055, 48.954394 ], [ -112.155297, 48.955107 ], [ -112.155005, 48.956002 ], [ -112.154946, 48.956942 ], [ -112.152632, 48.959142 ], [ -112.15096, 48.960595 ], [ -112.146263, 48.963586 ], [ -112.142477, 48.965684 ], [ -112.139843, 48.967446 ], [ -112.13736, 48.968978 ], [ -112.134609, 48.970719 ], [ -112.131935, 48.972404 ], [ -112.129296, 48.97391 ], [ -112.124097, 48.977007 ], [ -112.122763, 48.978027 ], [ -112.121061, 48.980018 ], [ -112.117785, 48.984611 ] ] ] } },
{ "type": "Feature", "properties": { "TYPEPIPE": "Intrastate", "Operator": "Northwestern Energy Co", "Status": "Operating", "Shape_Leng": 0.03463847874, "STATEFP": "30", "STATENS": "00767982", "AFFGEOID": "0400000US30", "GEOID": "30", "STUSPS": "MT", "NAME": "Montana", "LSAD": "00", "ALAND": 376962738765, "AWATER": 3869208832 }, "geometry": { "type": "MultiLineString", "coordinates": [ [ [ -112.159118, 48.952933 ], [ -112.158288, 48.953932 ], [ -112.156792, 48.954495 ], [ -112.15558, 48.955721 ], [ -112.155174, 48.956791 ], [ -112.155107, 48.957251 ], [ -112.152691, 48.960212 ], [ -112.150095, 48.96187 ], [ -112.143217, 48.966014 ], [ -112.13856, 48.96898 ], [ -112.133901, 48.972017 ], [ -112.131852, 48.973254 ] ] ] } },
{ "type": "Feature", "properties": { "TYPEPIPE": "Intrastate", "Operator": "Northwestern Energy Co", "Status": "Operating", "Shape_Leng": 0.00861199588, "STATEFP": "30", "STATENS": "00767982", "AFFGEOID": "0400000US30", "GEOID": "30", "STUSPS": "MT", "NAME": "Montana", "LSAD": "00", "ALAND": 376962738765, "AWATER": 3869208832 }, "geometry": { "type": "MultiLineString", "coordinates": [ [ [ -112.173394, 48.935771 ], [ -112.165362, 48.932664 ] ] ] } },
{ "type": "Feature", "properties": { "TYPEPIPE": "Intrastate", "Operator": "Northwestern Energy Co", "Status": "Operating", "Shape_Leng": 0.01546876344, "STATEFP": "30", "STATENS": "00767982", "AFFGEOID": "0400000US30", "GEOID": "30", "STUSPS": "MT", "NAME": "Montana", "LSAD": "00", "ALAND": 376962738765, "AWATER": 3869208832 }, "geometry": { "type": "MultiLineString", "coordinates": [ [ [ -112.173394, 48.935771 ], [ -112.17327, 48.93591 ], [ -112.1707, 48.93872 ], [ -112.163217, 48.947193 ], [ -112.163106, 48.947322 ] ] ] } },
{ "type": "Feature", "properties": { "TYPEPIPE": "Intrastate", "Operator": "Northwestern Energy Co", "Status": "Operating", "Shape_Leng": 0.01164583116, "STATEFP": "30", "STATENS": "00767982", "AFFGEOID": "0400000US30", "GEOID": "30", "STUSPS": "MT", "NAME": "Montana", "LSAD": "00", "ALAND": 376962738765, "AWATER": 3869208832 }, "geometry": { "type": "MultiLineString", "coordinates": [ [ [ -112.15824, 48.951534 ], [ -112.158112, 48.950874 ], [ -112.159189, 48.950692 ], [ -112.160972, 48.948957 ], [ -112.163673, 48.948669 ], [ -112.167802, 48.946472 ] ] ] } },
{ "type": "Feature", "properties": { "TYPEPIPE": "Intrastate", "Operator": "Northwestern Energy Co", "Status": "Operating", "Shape_Leng": 0.00738554828, "STATEFP": "30", "STATENS": "00767982", "AFFGEOID": "0400000US30", "GEOID": "30", "STUSPS": "MT", "NAME": "Montana", "LSAD": "00", "ALAND": 376962738765, "AWATER": 3869208832 }, "geometry": { "type": "MultiLineString", "coordinates": [ [ [ -112.159588, 48.951202 ], [ -112.161706, 48.950843 ], [ -112.162082, 48.95028 ], [ -112.166338, 48.948642 ] ] ] } },
{ "type": "Feature", "properties": { "TYPEPIPE": "Intrastate", "Operator": "Northwestern Energy Co", "Status": "Operating", "Shape_Leng": 0.00563059231, "STATEFP": "30", "STATENS": "00767982", "AFFGEOID": "0400000US30", "GEOID": "30", "STUSPS": "MT", "NAME": "Montana", "LSAD": "00", "ALAND": 376962738765, "AWATER": 3869208832 }, "geometry": { "type": "MultiLineString", "coordinates": [ [ [ -112.163106, 48.947322 ], [ -112.161543, 48.946584 ], [ -112.161238, 48.946818 ], [ -112.160617, 48.946661 ], [ -112.160256, 48.945976 ], [ -112.158235, 48.945395 ] ] ] } },
{ "type": "Feature", "properties": { "TYPEPIPE": "Intrastate", "Operator": "Northwestern Energy Co", "Status": "Operating", "Shape_Leng": 0.00401699315, "STATEFP": "30", "STATENS": "00767982", "AFFGEOID": "0400000US30", "GEOID": "30", "STUSPS": "MT", "NAME": "Montana", "LSAD": "00", "ALAND": 376962738765, "AWATER": 3869208832 }, "geometry": { "type": "MultiLineString", "coordinates": [ [ [ -112.169509, 48.940989 ], [ -112.173464, 48.941692 ] ] ] } },
{ "type": "Feature", "properties": { "TYPEPIPE": "Intrastate", "Operator": "Northwestern Energy Co", "Status": "Operating", "Shape_Leng": 0.0057950811, "STATEFP": "30", "STATENS": "00767982", "AFFGEOID": "0400000US30", "GEOID": "30", "STUSPS": "MT", "NAME": "Montana", "LSAD": "00", "ALAND": 376962738765, "AWATER": 3869208832 }, "geometry": { "type": "MultiLineString", "coordinates": [ [ [ -112.177241, 48.931437 ], [ -112.173394, 48.935771 ] ] ] } },
{ "type": "Feature", "properties": { "TYPEPIPE": "Intrastate", "Operator": "Northwestern Energy Co", "Status": "Operating", "Shape_Leng": 0.00202905027, "STATEFP": "30", "STATENS": "00767982", "AFFGEOID": "0400000US30", "GEOID": "30", "STUSPS": "MT", "NAME": "Montana", "LSAD": "00", "ALAND": 376962738765, "AWATER": 3869208832 }, "geometry": { "type": "MultiLineString", "coordinates": [ [ [ -112.177241, 48.931437 ], [ -112.17533, 48.930755 ] ] ] } },
{ "type": "Feature", "properties": { "TYPEPIPE": "Intrastate", "Operator": "Northwestern Energy Co", "Status": "Operating", "Shape_Leng": 0.00791847344, "STATEFP": "30", "STATENS": "00767982", "AFFGEOID": "0400000US30", "GEOID": "30", "STUSPS": "MT", "NAME": "Montana", "LSAD": "00", "ALAND": 376962738765, "AWATER": 3869208832 }, "geometry": { "type": "MultiLineString", "coordinates": [ [ [ -112.196619, 48.911344 ], [ -112.191961, 48.914716 ], [ -112.190576, 48.916384 ] ] ] } },
{ "type": "Feature", "properties": { "TYPEPIPE": "Intrastate", "Operator": "Northwestern Energy Co", "Status": "Operating", "Shape_Leng": 0.02011032004, "STATEFP": "30", "STATENS": "00767982", "AFFGEOID": "0400000US30", "GEOID": "30", "STUSPS": "MT", "NAME": "Montana", "LSAD": "00", "ALAND": 376962738765, "AWATER": 3869208832 }, "geometry": { "type": "MultiLineString", "coordinates": [ [ [ -112.190576, 48.916384 ], [ -112.190266, 48.916757 ], [ -112.177241, 48.931437 ] ] ] } },
{ "type": "Feature", "properties": { "TYPEPIPE": "Intrastate", "Operator": "Northwestern Energy Co", "Status": "Operating", "Shape_Leng": 0.05902776311, "STATEFP": "30", "STATENS": "00767982", "AFFGEOID": "0400000US30", "GEOID": "30", "STUSPS": "MT", "NAME": "Montana", "LSAD": "00", "ALAND": 376962738765, "AWATER": 3869208832 }, "geometry": { "type": "MultiLineString", "coordinates": [ [ [ -112.2566, 48.834104 ], [ -112.233271, 48.87224 ], [ -112.233653, 48.886557 ] ] ] } },
{ "type": "Feature", "properties": { "TYPEPIPE": "Intrastate", "Operator": "Northwestern Energy Co", "Status": "Operating", "Shape_Leng": 0.01290043622, "STATEFP": "30", "STATENS": "00767982", "AFFGEOID": "0400000US30", "GEOID": "30", "STUSPS": "MT", "NAME": "Montana", "LSAD": "00", "ALAND": 376962738765, "AWATER": 3869208832 }, "geometry": { "type": "MultiLineString", "coordinates": [ [ [ -112.251248, 48.859192 ], [ -112.250391, 48.860851 ], [ -112.24916, 48.861033 ], [ -112.248815, 48.861136 ], [ -112.255783, 48.867488 ] ] ] } },
{ "type": "Feature", "properties": { "TYPEPIPE": "Intrastate", "Operator": "Northwestern Energy Co", "Status": "Operating", "Shape_Leng": 0.03287431817, "STATEFP": "30", "STATENS": "00767982", "AFFGEOID": "0400000US30", "GEOID": "30", "STUSPS": "MT", "NAME": "Montana", "LSAD": "00", "ALAND": 376962738765, "AWATER": 3869208832 }, "geometry": { "type": "MultiLineString", "coordinates": [ [ [ -112.223746, 48.874377 ], [ -112.225841, 48.873101 ], [ -112.22723, 48.873017 ], [ -112.227921, 48.872889 ], [ -112.228416, 48.872584 ], [ -112.228675, 48.872046 ], [ -112.22878, 48.871512 ], [ -112.235069, 48.867824 ], [ -112.235692, 48.868102 ], [ -112.236346, 48.868001 ], [ -112.236726, 48.867772 ], [ -112.236793, 48.867236 ], [ -112.244341, 48.862934 ], [ -112.244845, 48.863081 ], [ -112.245653, 48.86298 ], [ -112.245798, 48.862545 ], [ -112.245943, 48.862138 ], [ -112.251248, 48.859192 ] ] ] } },
{ "type": "Feature", "properties": { "TYPEPIPE": "Intrastate", "Operator": "Northwestern Energy Co", "Status": "Operating", "Shape_Leng": 0.01120012813, "STATEFP": "30", "STATENS": "00767982", "AFFGEOID": "0400000US30", "GEOID": "30", "STUSPS": "MT", "NAME": "Montana", "LSAD": "00", "ALAND": 376962738765, "AWATER": 3869208832 }, "geometry": { "type": "MultiLineString", "coordinates": [ [ [ -112.225865, 48.876835 ], [ -112.224562, 48.880085 ], [ -112.221624, 48.887201 ] ] ] } },
{ "type": "Feature", "properties": { "TYPEPIPE": "Intrastate", "Operator": "Northwestern Energy Co", "Status": "Operating", "Shape_Leng": 0.00331433281, "STATEFP": "30", "STATENS": "00767982", "AFFGEOID": "0400000US30", "GEOID": "30", "STUSPS": "MT", "NAME": "Montana", "LSAD": "00", "ALAND": 376962738765, "AWATER": 3869208832 }, "geometry": { "type": "MultiLineString", "coordinates": [ [ [ -112.221624, 48.887201 ], [ -112.224845, 48.887982 ] ] ] } },
{ "type": "Feature", "properties": { "TYPEPIPE": "Intrastate", "Operator": "Northwestern Energy Co", "Status": "Operating", "Shape_Leng": 0.03878538287, "STATEFP": "30", "STATENS": "00767982", "AFFGEOID": "0400000US30", "GEOID": "30", "STUSPS": "MT", "NAME": "Montana", "LSAD": "00", "ALAND": 376962738765, "AWATER": 3869208832 }, "geometry": { "type": "MultiLineString", "coordinates": [ [ [ -112.196619, 48.911344 ], [ -112.205355, 48.916165 ], [ -112.220233, 48.912814 ], [ -112.233789, 48.912953 ] ] ] } },
{ "type": "Feature", "properties": { "TYPEPIPE": "Intrastate", "Operator": "Northwestern Energy Co", "Status": "Operating", "Shape_Leng": 0.01221166041, "STATEFP": "30", "STATENS": "00767982", "AFFGEOID": "0400000US30", "GEOID": "30", "STUSPS": "MT", "NAME": "Montana", "LSAD": "00", "ALAND": 376962738765, "AWATER": 3869208832 }, "geometry": { "type": "MultiLineString", "coordinates": [ [ [ -112.233789, 48.912953 ], [ -112.246, 48.91308 ] ] ] } },
{ "type": "Feature", "properties": { "TYPEPIPE": "Intrastate", "Operator": "Northwestern Energy Co", "Status": "Operating", "Shape_Leng": 0.02352702046, "STATEFP": "30", "STATENS": "00767982", "AFFGEOID": "0400000US30", "GEOID": "30", "STUSPS": "MT", "NAME": "Montana", "LSAD": "00", "ALAND": 376962738765, "AWATER": 3869208832 }, "geometry": { "type": "MultiLineString", "coordinates": [ [ [ -112.234254, 48.889837 ], [ -112.23436, 48.890683 ], [ -112.233784, 48.890891 ], [ -112.233789, 48.912953 ] ] ] } },
{ "type": "Feature", "properties": { "TYPEPIPE": "Intrastate", "Operator": "Northwestern Energy Co", "Status": "Operating", "Shape_Leng": 0.00370020651, "STATEFP": "30", "STATENS": "00767982", "AFFGEOID": "0400000US30", "GEOID": "30", "STUSPS": "MT", "NAME": "Montana", "LSAD": "00", "ALAND": 376962738765, "AWATER": 3869208832 }, "geometry": { "type": "MultiLineString", "coordinates": [ [ [ -112.252951, 48.855907 ], [ -112.252872, 48.856055 ], [ -112.251248, 48.859192 ] ] ] } },
{ "type": "Feature", "properties": { "TYPEPIPE": "Intrastate", "Operator": "Northwestern Energy Co", "Status": "Operating", "Shape_Leng": 0.04963029501, "STATEFP": "30", "STATENS": "00767982", "AFFGEOID": "0400000US30", "GEOID": "30", "STUSPS": "MT", "NAME": "Montana", "LSAD": "00", "ALAND": 376962738765, "AWATER": 3869208832 }, "geometry": { "type": "MultiLineString", "coordinates": [ [ [ -112.231995, 48.828725 ], [ -112.231388, 48.830859 ], [ -112.229372, 48.839399 ], [ -112.228912, 48.85046 ], [ -112.228309, 48.860251 ], [ -112.228117, 48.869371 ], [ -112.224865, 48.87737 ] ] ] } },
{ "type": "Feature", "properties": { "TYPEPIPE": "Intrastate", "Operator": "Northwestern Energy Co", "Status": "Operating", "Shape_Leng": 0.09612400043, "STATEFP": "30", "STATENS": "00767982", "AFFGEOID": "0400000US30", "GEOID": "30", "STUSPS": "MT", "NAME": "Montana", "LSAD": "00", "ALAND": 376962738765, "AWATER": 3869208832 }, "geometry": { "type": "MultiLineString", "coordinates": [ [ [ -112.190576, 48.916384 ], [ -112.164672, 48.909782 ], [ -112.144687, 48.904854 ], [ -112.096608, 48.896448 ] ] ] } },
{ "type": "Feature", "properties": { "TYPEPIPE": "Intrastate", "Operator": "Northwestern Energy Co", "Status": "Operating", "Shape_Leng": 0.00301858576, "STATEFP": "30", "STATENS": "00767982", "AFFGEOID": "0400000US30", "GEOID": "30", "STUSPS": "MT", "NAME": "Montana", "LSAD": "00", "ALAND": 376962738765, "AWATER": 3869208832 }, "geometry": { "type": "MultiLineString", "coordinates": [ [ [ -112.250337, 48.836947 ], [ -112.247335, 48.837263 ] ] ] } },
{ "type": "Feature", "properties": { "TYPEPIPE": "Intrastate", "Operator": "Northwestern Energy Co", "Status": "Operating", "Shape_Leng": 0.00075740676, "STATEFP": "30", "STATENS": "00767982", "AFFGEOID": "0400000US30", "GEOID": "30", "STUSPS": "MT", "NAME": "Montana", "LSAD": "00", "ALAND": 376962738765, "AWATER": 3869208832 }, "geometry": { "type": "MultiLineString", "coordinates": [ [ [ -112.232271, 48.827761 ], [ -112.232062, 48.828489 ] ] ] } },
{ "type": "Feature", "properties": { "TYPEPIPE": "Intrastate", "Operator": "Northwestern Energy Co", "Status": "Operating", "Shape_Leng": 0.00024532631, "STATEFP": "30", "STATENS": "00767982", "AFFGEOID": "0400000US30", "GEOID": "30", "STUSPS": "MT", "NAME": "Montana", "LSAD": "00", "ALAND": 376962738765, "AWATER": 3869208832 }, "geometry": { "type": "MultiLineString", "coordinates": [ [ [ -112.232062, 48.828489 ], [ -112.231995, 48.828725 ] ] ] } },
{ "type": "Feature", "properties": { "TYPEPIPE": "Intrastate", "Operator": "Northwestern Energy Co", "Status": "Operating", "Shape_Leng": 0.08701370026, "STATEFP": "30", "STATENS": "00767982", "AFFGEOID": "0400000US30", "GEOID": "30", "STUSPS": "MT", "NAME": "Montana", "LSAD": "00", "ALAND": 376962738765, "AWATER": 3869208832 }, "geometry": { "type": "MultiLineString", "coordinates": [ [ [ -112.269214, 48.777103 ], [ -112.260962, 48.827238 ], [ -112.257305, 48.834608 ], [ -112.246208, 48.860126 ], [ -112.246151, 48.860265 ] ] ] } },
{ "type": "Feature", "properties": { "TYPEPIPE": "Intrastate", "Operator": "Northwestern Energy Co", "Status": "Operating", "Shape_Leng": 0.0320419864, "STATEFP": "30", "STATENS": "00767982", "AFFGEOID": "0400000US30", "GEOID": "30", "STUSPS": "MT", "NAME": "Montana", "LSAD": "00", "ALAND": 376962738765, "AWATER": 3869208832 }, "geometry": { "type": "MultiLineString", "coordinates": [ [ [ -112.246151, 48.860265 ], [ -112.237811, 48.880582 ], [ -112.236659, 48.882679 ], [ -112.234872, 48.889333 ], [ -112.234254, 48.889837 ] ] ] } },
{ "type": "Feature", "properties": { "TYPEPIPE": "Intrastate", "Operator": "Northwestern Energy Co", "Status": "Operating", "Shape_Leng": 0.0538816681, "STATEFP": "30", "STATENS": "00767982", "AFFGEOID": "0400000US30", "GEOID": "30", "STUSPS": "MT", "NAME": "Montana", "LSAD": "00", "ALAND": 376962738765, "AWATER": 3869208832 }, "geometry": { "type": "MultiLineString", "coordinates": [ [ [ -112.246151, 48.860265 ], [ -112.242287, 48.860748 ], [ -112.241357, 48.86057 ], [ -112.241171, 48.860878 ], [ -112.240013, 48.860881 ], [ -112.23973, 48.860245 ], [ -112.236092, 48.859743 ], [ -112.23008, 48.860042 ], [ -112.229553, 48.860655 ], [ -112.228434, 48.860682 ], [ -112.227773, 48.860378 ], [ -112.200881, 48.860394 ], [ -112.200045, 48.860958 ], [ -112.198616, 48.860909 ], [ -112.198339, 48.860579 ], [ -112.195096, 48.860536 ], [ -112.194102, 48.861626 ] ] ] } },
{ "type": "Feature", "properties": { "TYPEPIPE": "Intrastate", "Operator": "Northwestern Energy Co", "Status": "Operating", "Shape_Leng": 0.00444252303, "STATEFP": "30", "STATENS": "00767982", "AFFGEOID": "0400000US30", "GEOID": "30", "STUSPS": "MT", "NAME": "Montana", "LSAD": "00", "ALAND": 376962738765, "AWATER": 3869208832 }, "geometry": { "type": "MultiLineString", "coordinates": [ [ [ -112.23793, 48.877168 ], [ -112.238906, 48.879434 ], [ -112.236986, 48.879898 ] ] ] } },
{ "type": "Feature", "properties": { "TYPEPIPE": "Intrastate", "Operator": "Northwestern Energy Co", "Status": "Operating", "Shape_Leng": 0.00584262698, "STATEFP": "30", "STATENS": "00767982", "AFFGEOID": "0400000US30", "GEOID": "30", "STUSPS": "MT", "NAME": "Montana", "LSAD": "00", "ALAND": 376962738765, "AWATER": 3869208832 }, "geometry": { "type": "MultiLineString", "coordinates": [ [ [ -112.235878, 48.880438 ], [ -112.230337, 48.882291 ] ] ] } },
{ "type": "Feature", "properties": { "TYPEPIPE": "Intrastate", "Operator": "Northwestern Energy Co", "Status": "Operating", "Shape_Leng": 0.00730953151, "STATEFP": "30", "STATENS": "00767982", "AFFGEOID": "0400000US30", "GEOID": "30", "STUSPS": "MT", "NAME": "Montana", "LSAD": "00", "ALAND": 376962738765, "AWATER": 3869208832 }, "geometry": { "type": "MultiLineString", "coordinates": [ [ [ -112.230337, 48.882291 ], [ -112.229975, 48.882412 ], [ -112.225865, 48.876835 ] ] ] } },
{ "type": "Feature", "properties": { "TYPEPIPE": "Intrastate", "Operator": "Northwestern Energy Co", "Status": "Operating", "Shape_Leng": 0.002996839, "STATEFP": "30", "STATENS": "00767982", "AFFGEOID": "0400000US30", "GEOID": "30", "STUSPS": "MT", "NAME": "Montana", "LSAD": "00", "ALAND": 376962738765, "AWATER": 3869208832 }, "geometry": { "type": "MultiLineString", "coordinates": [ [ [ -112.230337, 48.882291 ], [ -112.230567, 48.879303 ] ] ] } },
{ "type": "Feature", "properties": { "TYPEPIPE": "Intrastate", "Operator": "Northwestern Energy Co", "Status": "Operating", "Shape_Leng": 0.00639591127, "STATEFP": "30", "STATENS": "00767982", "AFFGEOID": "0400000US30", "GEOID": "30", "STUSPS": "MT", "NAME": "Montana", "LSAD": "00", "ALAND": 376962738765, "AWATER": 3869208832 }, "geometry": { "type": "MultiLineString", "coordinates": [ [ [ -112.229045, 48.882211 ], [ -112.224865, 48.87737 ] ] ] } },
{ "type": "Feature", "properties": { "TYPEPIPE": "Intrastate", "Operator": "Northwestern Energy Co", "Status": "Operating", "Shape_Leng": 0.01419032082, "STATEFP": "30", "STATENS": "00767982", "AFFGEOID": "0400000US30", "GEOID": "30", "STUSPS": "MT", "NAME": "Montana", "LSAD": "00", "ALAND": 376962738765, "AWATER": 3869208832 }, "geometry": { "type": "MultiLineString", "coordinates": [ [ [ -112.221624, 48.887201 ], [ -112.218139, 48.895848 ], [ -112.217786, 48.89748 ], [ -112.216272, 48.898859 ], [ -112.215248, 48.899382 ] ] ] } },
{ "type": "Feature", "properties": { "TYPEPIPE": "Intrastate", "Operator": "Northwestern Energy Co", "Status": "Operating", "Shape_Leng": 0.00526713167, "STATEFP": "30", "STATENS": "00767982", "AFFGEOID": "0400000US30", "GEOID": "30", "STUSPS": "MT", "NAME": "Montana", "LSAD": "00", "ALAND": 376962738765, "AWATER": 3869208832 }, "geometry": { "type": "MultiLineString", "coordinates": [ [ [ -112.215248, 48.899382 ], [ -112.214974, 48.894122 ] ] ] } },
{ "type": "Feature", "properties": { "TYPEPIPE": "Intrastate", "Operator": "Northwestern Energy Co", "Status": "Operating", "Shape_Leng": 0.00122618106, "STATEFP": "30", "STATENS": "00767982", "AFFGEOID": "0400000US30", "GEOID": "30", "STUSPS": "MT", "NAME": "Montana", "LSAD": "00", "ALAND": 376962738765, "AWATER": 3869208832 }, "geometry": { "type": "MultiLineString", "coordinates": [ [ [ -112.213531, 48.899762 ], [ -112.212455, 48.899174 ] ] ] } },
{ "type": "Feature", "properties": { "TYPEPIPE": "Intrastate", "Operator": "Northwestern Energy Co", "Status": "Operating", "Shape_Leng": 0.00107894068, "STATEFP": "30", "STATENS": "00767982", "AFFGEOID": "0400000US30", "GEOID": "30", "STUSPS": "MT", "NAME": "Montana", "LSAD": "00", "ALAND": 376962738765, "AWATER": 3869208832 }, "geometry": { "type": "MultiLineString", "coordinates": [ [ [ -112.205221, 48.905946 ], [ -112.204433, 48.905209 ] ] ] } },
{ "type": "Feature", "properties": { "TYPEPIPE": "Intrastate", "Operator": "Northwestern Energy Co", "Status": "Operating", "Shape_Leng": 0.00582211521, "STATEFP": "30", "STATENS": "00767982", "AFFGEOID": "0400000US30", "GEOID": "30", "STUSPS": "MT", "NAME": "Montana", "LSAD": "00", "ALAND": 376962738765, "AWATER": 3869208832 }, "geometry": { "type": "MultiLineString", "coordinates": [ [ [ -112.234254, 48.889837 ], [ -112.23343, 48.890508 ], [ -112.229653, 48.893404 ] ] ] } },
{ "type": "Feature", "properties": { "TYPEPIPE": "Intrastate", "Operator": "Northwestern Energy Co", "Status": "Operating", "Shape_Leng": 0.09454177435, "STATEFP": "30", "STATENS": "00767982", "AFFGEOID": "0400000US30", "GEOID": "30", "STUSPS": "MT", "NAME": "Montana", "LSAD": "00", "ALAND": 376962738765, "AWATER": 3869208832 }, "geometry": { "type": "MultiLineString", "coordinates": [ [ [ -112.229653, 48.893404 ], [ -112.176746, 48.933939 ], [ -112.176688, 48.934858 ], [ -112.176125, 48.935623 ], [ -112.175095, 48.93634 ], [ -112.173789, 48.936699 ], [ -112.172595, 48.936879 ], [ -112.171552, 48.93688 ], [ -112.166926, 48.939361 ], [ -112.15693, 48.951741 ] ] ] } },
{ "type": "Feature", "properties": { "TYPEPIPE": "Intrastate", "Operator": "Northwestern Energy Co", "Status": "Operating", "Shape_Leng": 0.02200166022, "STATEFP": "30", "STATENS": "00767982", "AFFGEOID": "0400000US30", "GEOID": "30", "STUSPS": "MT", "NAME": "Montana", "LSAD": "00", "ALAND": 376962738765, "AWATER": 3869208832 }, "geometry": { "type": "MultiLineString", "coordinates": [ [ [ -112.224865, 48.87737 ], [ -112.216815, 48.897175 ], [ -112.21655, 48.897739 ] ] ] } },
{ "type": "Feature", "properties": { "TYPEPIPE": "Intrastate", "Operator": "Northwestern Energy Co", "Status": "Operating", "Shape_Leng": 0.00407638412, "STATEFP": "30", "STATENS": "00767982", "AFFGEOID": "0400000US30", "GEOID": "30", "STUSPS": "MT", "NAME": "Montana", "LSAD": "00", "ALAND": 376962738765, "AWATER": 3869208832 }, "geometry": { "type": "MultiLineString", "coordinates": [ [ [ -112.21655, 48.897739 ], [ -112.216299, 48.898274 ], [ -112.215641, 48.898325 ], [ -112.215026, 48.898404 ], [ -112.214568, 48.898688 ], [ -112.214541, 48.899196 ], [ -112.213531, 48.899762 ] ] ] } },
{ "type": "Feature", "properties": { "TYPEPIPE": "Intrastate", "Operator": "Northwestern Energy Co", "Status": "Operating", "Shape_Leng": 0.01380147941, "STATEFP": "30", "STATENS": "00767982", "AFFGEOID": "0400000US30", "GEOID": "30", "STUSPS": "MT", "NAME": "Montana", "LSAD": "00", "ALAND": 376962738765, "AWATER": 3869208832 }, "geometry": { "type": "MultiLineString", "coordinates": [ [ [ -112.229653, 48.893404 ], [ -112.21655, 48.897739 ] ] ] } },
{ "type": "Feature", "properties": { "TYPEPIPE": "Intrastate", "Operator": "Northwestern Energy Co", "Status": "Operating", "Shape_Leng": 0.00704466934, "STATEFP": "30", "STATENS": "00767982", "AFFGEOID": "0400000US30", "GEOID": "30", "STUSPS": "MT", "NAME": "Montana", "LSAD": "00", "ALAND": 376962738765, "AWATER": 3869208832 }, "geometry": { "type": "MultiLineString", "coordinates": [ [ [ -112.215248, 48.899382 ], [ -112.214169, 48.899932 ], [ -112.210815, 48.901985 ], [ -112.209273, 48.903097 ] ] ] } },
{ "type": "Feature", "properties": { "TYPEPIPE": "Intrastate", "Operator": "Northwestern Energy Co", "Status": "Operating", "Shape_Leng": 0.00495456133, "STATEFP": "30", "STATENS": "00767982", "AFFGEOID": "0400000US30", "GEOID": "30", "STUSPS": "MT", "NAME": "Montana", "LSAD": "00", "ALAND": 376962738765, "AWATER": 3869208832 }, "geometry": { "type": "MultiLineString", "coordinates": [ [ [ -112.209273, 48.903097 ], [ -112.206097, 48.905385 ], [ -112.205221, 48.905946 ] ] ] } },
{ "type": "Feature", "properties": { "TYPEPIPE": "Intrastate", "Operator": "Northwestern Energy Co", "Status": "Operating", "Shape_Leng": 0.0205223107, "STATEFP": "30", "STATENS": "00767982", "AFFGEOID": "0400000US30", "GEOID": "30", "STUSPS": "MT", "NAME": "Montana", "LSAD": "00", "ALAND": 376962738765, "AWATER": 3869208832 }, "geometry": { "type": "MultiLineString", "coordinates": [ [ [ -112.213531, 48.899762 ], [ -112.209464, 48.902038 ], [ -112.196619, 48.911344 ] ] ] } },
{ "type": "Feature", "properties": { "TYPEPIPE": "Intrastate", "Operator": "Northwestern Energy Co", "Status": "Operating", "Shape_Leng": 0.00219348239, "STATEFP": "30", "STATENS": "00767982", "AFFGEOID": "0400000US30", "GEOID": "30", "STUSPS": "MT", "NAME": "Montana", "LSAD": "00", "ALAND": 376962738765, "AWATER": 3869208832 }, "geometry": { "type": "MultiLineString", "coordinates": [ [ [ -112.209273, 48.903097 ], [ -112.207231, 48.902296 ] ] ] } },
{ "type": "Feature", "properties": { "TYPEPIPE": "Intrastate", "Operator": "Northwestern Energy Co", "Status": "Operating", "Shape_Leng": 0.00067558049, "STATEFP": "30", "STATENS": "00767982", "AFFGEOID": "0400000US30", "GEOID": "30", "STUSPS": "MT", "NAME": "Montana", "LSAD": "00", "ALAND": 376962738765, "AWATER": 3869208832 }, "geometry": { "type": "MultiLineString", "coordinates": [ [ [ -109.474778, 48.524417 ], [ -109.474806, 48.523742 ] ] ] } },
{ "type": "Feature", "properties": { "TYPEPIPE": "Intrastate", "Operator": "Northwestern Energy Co", "Status": "Operating", "Shape_Leng": 0.0339516891, "STATEFP": "30", "STATENS": "00767982", "AFFGEOID": "0400000US30", "GEOID": "30", "STUSPS": "MT", "NAME": "Montana", "LSAD": "00", "ALAND": 376962738765, "AWATER": 3869208832 }, "geometry": { "type": "MultiLineString", "coordinates": [ [ [ -109.474806, 48.523742 ], [ -109.484362, 48.515097 ], [ -109.488269, 48.509083 ], [ -109.492229, 48.50709 ], [ -109.495589, 48.504429 ], [ -109.497791, 48.503905 ], [ -109.499206, 48.501361 ] ] ] } },
{ "type": "Feature", "properties": { "TYPEPIPE": "Intrastate", "Operator": "Northwestern Energy Co", "Status": "Operating", "Shape_Leng": 0.01331877057, "STATEFP": "30", "STATENS": "00767982", "AFFGEOID": "0400000US30", "GEOID": "30", "STUSPS": "MT", "NAME": "Montana", "LSAD": "00", "ALAND": 376962738765, "AWATER": 3869208832 }, "geometry": { "type": "MultiLineString", "coordinates": [ [ [ -109.656716, 48.070936 ], [ -109.657539, 48.075426 ], [ -109.652691, 48.080377 ], [ -109.653262, 48.08211 ] ] ] } },
{ "type": "Feature", "properties": { "TYPEPIPE": "Intrastate", "Operator": "Northwestern Energy Co", "Status": "Operating", "Shape_Leng": 0.00134903299, "STATEFP": "30", "STATENS": "00767982", "AFFGEOID": "0400000US30", "GEOID": "30", "STUSPS": "MT", "NAME": "Montana", "LSAD": "00", "ALAND": 376962738765, "AWATER": 3869208832 }, "geometry": { "type": "MultiLineString", "coordinates": [ [ [ -109.653262, 48.08211 ], [ -109.653685, 48.083391 ] ] ] } },
{ "type": "Feature", "properties": { "TYPEPIPE": "Intrastate", "Operator": "Northwestern Energy Co", "Status": "Operating", "Shape_Leng": 0.01281309058, "STATEFP": "30", "STATENS": "00767982", "AFFGEOID": "0400000US30", "GEOID": "30", "STUSPS": "MT", "NAME": "Montana", "LSAD": "00", "ALAND": 376962738765, "AWATER": 3869208832 }, "geometry": { "type": "MultiLineString", "coordinates": [ [ [ -109.66598, 48.080915 ], [ -109.660372, 48.081941 ], [ -109.653262, 48.08211 ] ] ] } },
{ "type": "Feature", "properties": { "TYPEPIPE": "Intrastate", "Operator": "Northwestern Energy Co", "Status": "Operating", "Shape_Leng": 0.0469287898, "STATEFP": "30", "STATENS": "00767982", "AFFGEOID": "0400000US30", "GEOID": "30", "STUSPS": "MT", "NAME": "Montana", "LSAD": "00", "ALAND": 376962738765, "AWATER": 3869208832 }, "geometry": { "type": "MultiLineString", "coordinates": [ [ [ -109.438469, 48.090843 ], [ -109.436069, 48.09098 ], [ -109.434605, 48.09093 ], [ -109.433063, 48.092046 ], [ -109.431333, 48.093517 ], [ -109.429755, 48.094076 ], [ -109.428516, 48.094553 ], [ -109.427951, 48.094812 ], [ -109.42596, 48.095062 ], [ -109.424423, 48.094173 ], [ -109.423897, 48.094169 ], [ -109.417882, 48.097515 ], [ -109.412205, 48.100712 ], [ -109.409158, 48.102258 ], [ -109.407165, 48.103372 ], [ -109.405886, 48.104616 ], [ -109.404718, 48.105831 ], [ -109.396431, 48.107118 ] ] ] } },
{ "type": "Feature", "properties": { "TYPEPIPE": "Intrastate", "Operator": "Northwestern Energy Co", "Status": "Operating", "Shape_Leng": 0.02363916627, "STATEFP": "30", "STATENS": "00767982", "AFFGEOID": "0400000US30", "GEOID": "30", "STUSPS": "MT", "NAME": "Montana", "LSAD": "00", "ALAND": 376962738765, "AWATER": 3869208832 }, "geometry": { "type": "MultiLineString", "coordinates": [ [ [ -109.396431, 48.107118 ], [ -109.396264, 48.107144 ], [ -109.393222, 48.107268 ], [ -109.387514, 48.107112 ], [ -109.38481, 48.107083 ], [ -109.373046, 48.109508 ] ] ] } },
{ "type": "Feature", "properties": { "TYPEPIPE": "Intrastate", "Operator": "Northwestern Energy Co", "Status": "Operating", "Shape_Leng": 0.00083083693, "STATEFP": "30", "STATENS": "00767982", "AFFGEOID": "0400000US30", "GEOID": "30", "STUSPS": "MT", "NAME": "Montana", "LSAD": "00", "ALAND": 376962738765, "AWATER": 3869208832 }, "geometry": { "type": "MultiLineString", "coordinates": [ [ [ -109.30519, 48.106702 ], [ -109.304373, 48.106551 ] ] ] } },
{ "type": "Feature", "properties": { "TYPEPIPE": "Intrastate", "Operator": "Northwestern Energy Co", "Status": "Operating", "Shape_Leng": 0.01673707708, "STATEFP": "30", "STATENS": "00767982", "AFFGEOID": "0400000US30", "GEOID": "30", "STUSPS": "MT", "NAME": "Montana", "LSAD": "00", "ALAND": 376962738765, "AWATER": 3869208832 }, "geometry": { "type": "MultiLineString", "coordinates": [ [ [ -109.304373, 48.106551 ], [ -109.301026, 48.105933 ], [ -109.290076, 48.102438 ], [ -109.289446, 48.10071 ] ] ] } },
{ "type": "Feature", "properties": { "TYPEPIPE": "Intrastate", "Operator": "Northwestern Energy Co", "Status": "Operating", "Shape_Leng": 0.09487959975, "STATEFP": "30", "STATENS": "00767982", "AFFGEOID": "0400000US30", "GEOID": "30", "STUSPS": "MT", "NAME": "Montana", "LSAD": "00", "ALAND": 376962738765, "AWATER": 3869208832 }, "geometry": { "type": "MultiLineString", "coordinates": [ [ [ -109.396431, 48.107118 ], [ -109.396367, 48.107883 ], [ -109.394262, 48.107896 ], [ -109.384932, 48.107648 ], [ -109.372213, 48.110026 ], [ -109.371861, 48.109007 ], [ -109.355725, 48.106442 ], [ -109.347751, 48.107978 ], [ -109.344247, 48.10803 ], [ -109.339645, 48.106173 ], [ -109.336103, 48.106035 ], [ -109.333857, 48.10673 ], [ -109.304492, 48.106104 ], [ -109.304373, 48.106551 ] ] ] } },
{ "type": "Feature", "properties": { "TYPEPIPE": "Intrastate", "Operator": "Northwestern Energy Co", "Status": "Operating", "Shape_Leng": 0.00667165603, "STATEFP": "30", "STATENS": "00767982", "AFFGEOID": "0400000US30", "GEOID": "30", "STUSPS": "MT", "NAME": "Montana", "LSAD": "00", "ALAND": 376962738765, "AWATER": 3869208832 }, "geometry": { "type": "MultiLineString", "coordinates": [ [ [ -109.30519, 48.106702 ], [ -109.304942, 48.111748 ], [ -109.306258, 48.112692 ] ] ] } },
{ "type": "Feature", "properties": { "TYPEPIPE": "Intrastate", "Operator": "Northwestern Energy Co", "Status": "Operating", "Shape_Leng": 0.01549639065, "STATEFP": "30", "STATENS": "00767982", "AFFGEOID": "0400000US30", "GEOID": "30", "STUSPS": "MT", "NAME": "Montana", "LSAD": "00", "ALAND": 376962738765, "AWATER": 3869208832 }, "geometry": { "type": "MultiLineString", "coordinates": [ [ [ -109.306258, 48.112692 ], [ -109.306364, 48.112768 ], [ -109.306382, 48.117439 ], [ -109.302527, 48.122303 ], [ -109.29835, 48.123946 ] ] ] } },
{ "type": "Feature", "properties": { "TYPEPIPE": "Intrastate", "Operator": "Northwestern Energy Co", "Status": "Operating", "Shape_Leng": 0.00194962586, "STATEFP": "30", "STATENS": "00767982", "AFFGEOID": "0400000US30", "GEOID": "30", "STUSPS": "MT", "NAME": "Montana", "LSAD": "00", "ALAND": 376962738765, "AWATER": 3869208832 }, "geometry": { "type": "MultiLineString", "coordinates": [ [ [ -109.306258, 48.112692 ], [ -109.308137, 48.112172 ] ] ] } },
{ "type": "Feature", "properties": { "TYPEPIPE": "Intrastate", "Operator": "Northwestern Energy Co", "Status": "Operating", "Shape_Leng": 0.01744820543, "STATEFP": "30", "STATENS": "00767982", "AFFGEOID": "0400000US30", "GEOID": "30", "STUSPS": "MT", "NAME": "Montana", "LSAD": "00", "ALAND": 376962738765, "AWATER": 3869208832 }, "geometry": { "type": "MultiLineString", "coordinates": [ [ [ -109.192467, 48.064759 ], [ -109.198928, 48.057924 ], [ -109.200042, 48.054045 ], [ -109.201585, 48.050347 ] ] ] } },
{ "type": "Feature", "properties": { "TYPEPIPE": "Intrastate", "Operator": "Northwestern Energy Co", "Status": "Operating", "Shape_Leng": 0.0190185876, "STATEFP": "30", "STATENS": "00767982", "AFFGEOID": "0400000US30", "GEOID": "30", "STUSPS": "MT", "NAME": "Montana", "LSAD": "00", "ALAND": 376962738765, "AWATER": 3869208832 }, "geometry": { "type": "MultiLineString", "coordinates": [ [ [ -109.201585, 48.050347 ], [ -109.201872, 48.04966 ], [ -109.20355, 48.045372 ], [ -109.203235, 48.041691 ], [ -109.209841, 48.034217 ] ] ] } },
{ "type": "Feature", "properties": { "TYPEPIPE": "Intrastate", "Operator": "Northwestern Energy Co", "Status": "Operating", "Shape_Leng": 0.01651046959, "STATEFP": "30", "STATENS": "00767982", "AFFGEOID": "0400000US30", "GEOID": "30", "STUSPS": "MT", "NAME": "Montana", "LSAD": "00", "ALAND": 376962738765, "AWATER": 3869208832 }, "geometry": { "type": "MultiLineString", "coordinates": [ [ [ -109.209841, 48.034217 ], [ -109.211018, 48.032905 ], [ -109.210966, 48.029224 ], [ -109.205108, 48.024518 ], [ -109.202311, 48.022328 ] ] ] } },
{ "type": "Feature", "properties": { "TYPEPIPE": "Intrastate", "Operator": "Northwestern Energy Co", "Status": "Operating", "Shape_Leng": 0.00595988624, "STATEFP": "30", "STATENS": "00767982", "AFFGEOID": "0400000US30", "GEOID": "30", "STUSPS": "MT", "NAME": "Montana", "LSAD": "00", "ALAND": 376962738765, "AWATER": 3869208832 }, "geometry": { "type": "MultiLineString", "coordinates": [ [ [ -109.20295, 48.068518 ], [ -109.19734, 48.066506 ] ] ] } },
{ "type": "Feature", "properties": { "TYPEPIPE": "Intrastate", "Operator": "Northwestern Energy Co", "Status": "Operating", "Shape_Leng": 0.0051766918, "STATEFP": "30", "STATENS": "00767982", "AFFGEOID": "0400000US30", "GEOID": "30", "STUSPS": "MT", "NAME": "Montana", "LSAD": "00", "ALAND": 376962738765, "AWATER": 3869208832 }, "geometry": { "type": "MultiLineString", "coordinates": [ [ [ -109.19734, 48.066506 ], [ -109.192467, 48.064759 ] ] ] } },
{ "type": "Feature", "properties": { "TYPEPIPE": "Intrastate", "Operator": "Northwestern Energy Co", "Status": "Operating", "Shape_Leng": 0.03463339347, "STATEFP": "30", "STATENS": "00767982", "AFFGEOID": "0400000US30", "GEOID": "30", "STUSPS": "MT", "NAME": "Montana", "LSAD": "00", "ALAND": 376962738765, "AWATER": 3869208832 }, "geometry": { "type": "MultiLineString", "coordinates": [ [ [ -109.20295, 48.068518 ], [ -109.194043, 48.081564 ], [ -109.193461, 48.084507 ], [ -109.177735, 48.086377 ] ] ] } },
{ "type": "Feature", "properties": { "TYPEPIPE": "Intrastate", "Operator": "Northwestern Energy Co", "Status": "Operating", "Shape_Leng": 0.02762639363, "STATEFP": "30", "STATENS": "00767982", "AFFGEOID": "0400000US30", "GEOID": "30", "STUSPS": "MT", "NAME": "Montana", "LSAD": "00", "ALAND": 376962738765, "AWATER": 3869208832 }, "geometry": { "type": "MultiLineString", "coordinates": [ [ [ -109.177735, 48.086377 ], [ -109.175689, 48.08662 ], [ -109.159425, 48.09299 ], [ -109.151359, 48.092259 ] ] ] } },
{ "type": "Feature", "properties": { "TYPEPIPE": "Intrastate", "Operator": "Northwestern Energy Co", "Status": "Operating", "Shape_Leng": 0.00329008039, "STATEFP": "30", "STATENS": "00767982", "AFFGEOID": "0400000US30", "GEOID": "30", "STUSPS": "MT", "NAME": "Montana", "LSAD": "00", "ALAND": 376962738765, "AWATER": 3869208832 }, "geometry": { "type": "MultiLineString", "coordinates": [ [ [ -109.201585, 48.050347 ], [ -109.198295, 48.050324 ] ] ] } },
{ "type": "Feature", "properties": { "TYPEPIPE": "Intrastate", "Operator": "Northwestern Energy Co", "Status": "Operating", "Shape_Leng": 0.0048527621, "STATEFP": "30", "STATENS": "00767982", "AFFGEOID": "0400000US30", "GEOID": "30", "STUSPS": "MT", "NAME": "Montana", "LSAD": "00", "ALAND": 376962738765, "AWATER": 3869208832 }, "geometry": { "type": "MultiLineString", "coordinates": [ [ [ -109.209841, 48.034217 ], [ -109.204989, 48.034131 ] ] ] } },
{ "type": "Feature", "properties": { "TYPEPIPE": "Intrastate", "Operator": "Northwestern Energy Co", "Status": "Operating", "Shape_Leng": 0.00356933159, "STATEFP": "30", "STATENS": "00767982", "AFFGEOID": "0400000US30", "GEOID": "30", "STUSPS": "MT", "NAME": "Montana", "LSAD": "00", "ALAND": 376962738765, "AWATER": 3869208832 }, "geometry": { "type": "MultiLineString", "coordinates": [ [ [ -109.19734, 48.066506 ], [ -109.195248, 48.069398 ] ] ] } },
{ "type": "Feature", "properties": { "TYPEPIPE": "Intrastate", "Operator": "Northwestern Energy Co", "Status": "Operating", "Shape_Leng": 0.00281388166, "STATEFP": "30", "STATENS": "00767982", "AFFGEOID": "0400000US30", "GEOID": "30", "STUSPS": "MT", "NAME": "Montana", "LSAD": "00", "ALAND": 376962738765, "AWATER": 3869208832 }, "geometry": { "type": "MultiLineString", "coordinates": [ [ [ -109.177735, 48.086377 ], [ -109.177018, 48.083656 ] ] ] } },
{ "type": "Feature", "properties": { "TYPEPIPE": "Intrastate", "Operator": "Northwestern Energy Co", "Status": "Operating", "Shape_Leng": 0.0017630329, "STATEFP": "30", "STATENS": "00767982", "AFFGEOID": "0400000US30", "GEOID": "30", "STUSPS": "MT", "NAME": "Montana", "LSAD": "00", "ALAND": 376962738765, "AWATER": 3869208832 }, "geometry": { "type": "MultiLineString", "coordinates": [ [ [ -111.709927, 48.658003 ], [ -111.709705, 48.659752 ] ] ] } },
{ "type": "Feature", "properties": { "TYPEPIPE": "Intrastate", "Operator": "Northwestern Energy Co", "Status": "Operating", "Shape_Leng": 0.00665892951, "STATEFP": "30", "STATENS": "00767982", "AFFGEOID": "0400000US30", "GEOID": "30", "STUSPS": "MT", "NAME": "Montana", "LSAD": "00", "ALAND": 376962738765, "AWATER": 3869208832 }, "geometry": { "type": "MultiLineString", "coordinates": [ [ [ -111.709705, 48.659752 ], [ -111.709632, 48.660331 ], [ -111.708187, 48.666232 ] ] ] } },
{ "type": "Feature", "properties": { "TYPEPIPE": "Intrastate", "Operator": "Northwestern Energy Co", "Status": "Operating", "Shape_Leng": 0.01160917262, "STATEFP": "30", "STATENS": "00767982", "AFFGEOID": "0400000US30", "GEOID": "30", "STUSPS": "MT", "NAME": "Montana", "LSAD": "00", "ALAND": 376962738765, "AWATER": 3869208832 }, "geometry": { "type": "MultiLineString", "coordinates": [ [ [ -111.709426, 48.635506 ], [ -111.709591, 48.647114 ] ] ] } },
{ "type": "Feature", "properties": { "TYPEPIPE": "Intrastate", "Operator": "Northwestern Energy Co", "Status": "Operating", "Shape_Leng": 0.0122325345, "STATEFP": "30", "STATENS": "00767982", "AFFGEOID": "0400000US30", "GEOID": "30", "STUSPS": "MT", "NAME": "Montana", "LSAD": "00", "ALAND": 376962738765, "AWATER": 3869208832 }, "geometry": { "type": "MultiLineString", "coordinates": [ [ [ -111.709591, 48.647114 ], [ -111.709594, 48.647376 ], [ -111.719835, 48.653574 ] ] ] } },
{ "type": "Feature", "properties": { "TYPEPIPE": "Intrastate", "Operator": "Northwestern Energy Co", "Status": "Operating", "Shape_Leng": 0.00665588461, "STATEFP": "30", "STATENS": "00767982", "AFFGEOID": "0400000US30", "GEOID": "30", "STUSPS": "MT", "NAME": "Montana", "LSAD": "00", "ALAND": 376962738765, "AWATER": 3869208832 }, "geometry": { "type": "MultiLineString", "coordinates": [ [ [ -111.815125, 48.584406 ], [ -111.810853, 48.58951 ] ] ] } },
{ "type": "Feature", "properties": { "TYPEPIPE": "Intrastate", "Operator": "Northwestern Energy Co", "Status": "Operating", "Shape_Leng": 0.01311390086, "STATEFP": "30", "STATENS": "00767982", "AFFGEOID": "0400000US30", "GEOID": "30", "STUSPS": "MT", "NAME": "Montana", "LSAD": "00", "ALAND": 376962738765, "AWATER": 3869208832 }, "geometry": { "type": "MultiLineString", "coordinates": [ [ [ -111.810853, 48.58951 ], [ -111.807744, 48.593391 ], [ -111.805175, 48.596206 ], [ -111.805311, 48.600534 ] ] ] } },
{ "type": "Feature", "properties": { "TYPEPIPE": "Intrastate", "Operator": "Northwestern Energy Co", "Status": "Operating", "Shape_Leng": 0.00213199672, "STATEFP": "30", "STATENS": "00767982", "AFFGEOID": "0400000US30", "GEOID": "30", "STUSPS": "MT", "NAME": "Montana", "LSAD": "00", "ALAND": 376962738765, "AWATER": 3869208832 }, "geometry": { "type": "MultiLineString", "coordinates": [ [ [ -111.756007, 48.598231 ], [ -111.75612, 48.60036 ] ] ] } },
{ "type": "Feature", "properties": { "TYPEPIPE": "Intrastate", "Operator": "Northwestern Energy Co", "Status": "Operating", "Shape_Leng": 0.0093754897, "STATEFP": "30", "STATENS": "00767982", "AFFGEOID": "0400000US30", "GEOID": "30", "STUSPS": "MT", "NAME": "Montana", "LSAD": "00", "ALAND": 376962738765, "AWATER": 3869208832 }, "geometry": { "type": "MultiLineString", "coordinates": [ [ [ -111.75612, 48.60036 ], [ -111.756134, 48.600638 ], [ -111.756184, 48.609735 ] ] ] } },
{ "type": "Feature", "properties": { "TYPEPIPE": "Intrastate", "Operator": "Northwestern Energy Co", "Status": "Operating", "Shape_Leng": 0.00041500482, "STATEFP": "30", "STATENS": "00767982", "AFFGEOID": "0400000US30", "GEOID": "30", "STUSPS": "MT", "NAME": "Montana", "LSAD": "00", "ALAND": 376962738765, "AWATER": 3869208832 }, "geometry": { "type": "MultiLineString", "coordinates": [ [ [ -111.756184, 48.609735 ], [ -111.756186, 48.61015 ] ] ] } },
{ "type": "Feature", "properties": { "TYPEPIPE": "Intrastate", "Operator": "Northwestern Energy Co", "Status": "Operating", "Shape_Leng": 0.01920588235, "STATEFP": "30", "STATENS": "00767982", "AFFGEOID": "0400000US30", "GEOID": "30", "STUSPS": "MT", "NAME": "Montana", "LSAD": "00", "ALAND": 376962738765, "AWATER": 3869208832 }, "geometry": { "type": "MultiLineString", "coordinates": [ [ [ -111.85928, 48.532597 ], [ -111.857837, 48.535185 ], [ -111.855818, 48.535117 ], [ -111.855865, 48.537166 ], [ -111.847919, 48.546388 ] ] ] } },
{ "type": "Feature", "properties": { "TYPEPIPE": "Intrastate", "Operator": "Northwestern Energy Co", "Status": "Operating", "Shape_Leng": 0.05020771763, "STATEFP": "30", "STATENS": "00767982", "AFFGEOID": "0400000US30", "GEOID": "30", "STUSPS": "MT", "NAME": "Montana", "LSAD": "00", "ALAND": 376962738765, "AWATER": 3869208832 }, "geometry": { "type": "MultiLineString", "coordinates": [ [ [ -111.847919, 48.546388 ], [ -111.838844, 48.556917 ], [ -111.815125, 48.584406 ] ] ] } },
{ "type": "Feature", "properties": { "TYPEPIPE": "Intrastate", "Operator": "Northwestern Energy Co", "Status": "Operating", "Shape_Leng": 0.001710808, "STATEFP": "30", "STATENS": "00767982", "AFFGEOID": "0400000US30", "GEOID": "30", "STUSPS": "MT", "NAME": "Montana", "LSAD": "00", "ALAND": 376962738765, "AWATER": 3869208832 }, "geometry": { "type": "MultiLineString", "coordinates": [ [ [ -111.709705, 48.659752 ], [ -111.711405, 48.65956 ] ] ] } },
{ "type": "Feature", "properties": { "TYPEPIPE": "Intrastate", "Operator": "Northwestern Energy Co", "Status": "Operating", "Shape_Leng": 0.00526328614, "STATEFP": "30", "STATENS": "00767982", "AFFGEOID": "0400000US30", "GEOID": "30", "STUSPS": "MT", "NAME": "Montana", "LSAD": "00", "ALAND": 376962738765, "AWATER": 3869208832 }, "geometry": { "type": "MultiLineString", "coordinates": [ [ [ -111.709591, 48.647114 ], [ -111.714821, 48.646523 ] ] ] } },
{ "type": "Feature", "properties": { "TYPEPIPE": "Intrastate", "Operator": "Northwestern Energy Co", "Status": "Operating", "Shape_Leng": 0.01084563368, "STATEFP": "30", "STATENS": "00767982", "AFFGEOID": "0400000US30", "GEOID": "30", "STUSPS": "MT", "NAME": "Montana", "LSAD": "00", "ALAND": 376962738765, "AWATER": 3869208832 }, "geometry": { "type": "MultiLineString", "coordinates": [ [ [ -111.810853, 48.58951 ], [ -111.82077, 48.593901 ] ] ] } },
{ "type": "Feature", "properties": { "TYPEPIPE": "Intrastate", "Operator": "Northwestern Energy Co", "Status": "Operating", "Shape_Leng": 0.00312568201, "STATEFP": "30", "STATENS": "00767982", "AFFGEOID": "0400000US30", "GEOID": "30", "STUSPS": "MT", "NAME": "Montana", "LSAD": "00", "ALAND": 376962738765, "AWATER": 3869208832 }, "geometry": { "type": "MultiLineString", "coordinates": [ [ [ -111.759228, 48.600692 ], [ -111.75612, 48.60036 ] ] ] } },
{ "type": "Feature", "properties": { "TYPEPIPE": "Intrastate", "Operator": "Northwestern Energy Co", "Status": "Operating", "Shape_Leng": 0.00216289297, "STATEFP": "30", "STATENS": "00767982", "AFFGEOID": "0400000US30", "GEOID": "30", "STUSPS": "MT", "NAME": "Montana", "LSAD": "00", "ALAND": 376962738765, "AWATER": 3869208832 }, "geometry": { "type": "MultiLineString", "coordinates": [ [ [ -111.756184, 48.609735 ], [ -111.758175, 48.60889 ] ] ] } },
{ "type": "Feature", "properties": { "TYPEPIPE": "Intrastate", "Operator": "Northwestern Energy Co", "Status": "Operating", "Shape_Leng": 0.02611467365, "STATEFP": "30", "STATENS": "00767982", "AFFGEOID": "0400000US30", "GEOID": "30", "STUSPS": "MT", "NAME": "Montana", "LSAD": "00", "ALAND": 376962738765, "AWATER": 3869208832 }, "geometry": { "type": "MultiLineString", "coordinates": [ [ [ -111.758175, 48.60889 ], [ -111.782217, 48.598694 ] ] ] } },
{ "type": "Feature", "properties": { "TYPEPIPE": "Intrastate", "Operator": "Northwestern Energy Co", "Status": "Operating", "Shape_Leng": 0.00328246081, "STATEFP": "30", "STATENS": "00767982", "AFFGEOID": "0400000US30", "GEOID": "30", "STUSPS": "MT", "NAME": "Montana", "LSAD": "00", "ALAND": 376962738765, "AWATER": 3869208832 }, "geometry": { "type": "MultiLineString", "coordinates": [ [ [ -111.758175, 48.60889 ], [ -111.761045, 48.610483 ] ] ] } },
{ "type": "Feature", "properties": { "TYPEPIPE": "Intrastate", "Operator": "Northwestern Energy Co", "Status": "Operating", "Shape_Leng": 0.02425114265, "STATEFP": "30", "STATENS": "00767982", "AFFGEOID": "0400000US30", "GEOID": "30", "STUSPS": "MT", "NAME": "Montana", "LSAD": "00", "ALAND": 376962738765, "AWATER": 3869208832 }, "geometry": { "type": "MultiLineString", "coordinates": [ [ [ -111.847919, 48.546388 ], [ -111.863331, 48.565112 ] ] ] } },
{ "type": "Feature", "properties": { "TYPEPIPE": "Intrastate", "Operator": "Northwestern Energy Co", "Status": "Operating", "Shape_Leng": 0.0256044922, "STATEFP": "30", "STATENS": "00767982", "AFFGEOID": "0400000US30", "GEOID": "30", "STUSPS": "MT", "NAME": "Montana", "LSAD": "00", "ALAND": 376962738765, "AWATER": 3869208832 }, "geometry": { "type": "MultiLineString", "coordinates": [ [ [ -111.863331, 48.565112 ], [ -111.870598, 48.573936 ], [ -111.870661, 48.579031 ], [ -111.879737, 48.579217 ] ] ] } },
{ "type": "Feature", "properties": { "TYPEPIPE": "Intrastate", "Operator": "Northwestern Energy Co", "Status": "Operating", "Shape_Leng": 0.00937064431, "STATEFP": "30", "STATENS": "00767982", "AFFGEOID": "0400000US30", "GEOID": "30", "STUSPS": "MT", "NAME": "Montana", "LSAD": "00", "ALAND": 376962738765, "AWATER": 3869208832 }, "geometry": { "type": "MultiLineString", "coordinates": [ [ [ -111.863331, 48.565112 ], [ -111.870033, 48.563188 ], [ -111.868903, 48.561073 ] ] ] } },
{ "type": "Feature", "properties": { "TYPEPIPE": "Intrastate", "Operator": "Northwestern Energy Co", "Status": "Operating", "Shape_Leng": 0.21497906706, "STATEFP": "30", "STATENS": "00767982", "AFFGEOID": "0400000US30", "GEOID": "30", "STUSPS": "MT", "NAME": "Montana", "LSAD": "00", "ALAND": 376962738765, "AWATER": 3869208832 }, "geometry": { "type": "MultiLineString", "coordinates": [ [ [ -110.969305, 48.551566 ], [ -111.014707, 48.568065 ], [ -111.175039, 48.613598 ] ] ] } },
{ "type": "Feature", "properties": { "TYPEPIPE": "Intrastate", "Operator": "Northwestern Energy Co", "Status": "Operating", "Shape_Leng": 0.0078605924, "STATEFP": "30", "STATENS": "00767982", "AFFGEOID": "0400000US30", "GEOID": "30", "STUSPS": "MT", "NAME": "Montana", "LSAD": "00", "ALAND": 376962738765, "AWATER": 3869208832 }, "geometry": { "type": "MultiLineString", "coordinates": [ [ [ -111.175039, 48.613598 ], [ -111.179725, 48.614926 ], [ -111.182649, 48.615551 ] ] ] } },
{ "type": "Feature", "properties": { "TYPEPIPE": "Intrastate", "Operator": "Northwestern Energy Co", "Status": "Operating", "Shape_Leng": 0.02824162973, "STATEFP": "30", "STATENS": "00767982", "AFFGEOID": "0400000US30", "GEOID": "30", "STUSPS": "MT", "NAME": "Montana", "LSAD": "00", "ALAND": 376962738765, "AWATER": 3869208832 }, "geometry": { "type": "MultiLineString", "coordinates": [ [ [ -111.175039, 48.613598 ], [ -111.148694, 48.603423 ] ] ] } },
{ "type": "Feature", "properties": { "TYPEPIPE": "Intrastate", "Operator": "Northwestern Energy Co", "Status": "Operating", "Shape_Leng": 0.03690748664, "STATEFP": "30", "STATENS": "00767982", "AFFGEOID": "0400000US30", "GEOID": "30", "STUSPS": "MT", "NAME": "Montana", "LSAD": "00", "ALAND": 376962738765, "AWATER": 3869208832 }, "geometry": { "type": "MultiLineString", "coordinates": [ [ [ -110.808574, 48.758696 ], [ -110.832947, 48.773911 ], [ -110.841121, 48.774056 ] ] ] } },
{ "type": "Feature", "properties": { "TYPEPIPE": "Intrastate", "Operator": "Northwestern Energy Co", "Status": "Operating", "Shape_Leng": 0.02485500429, "STATEFP": "30", "STATENS": "00767982", "AFFGEOID": "0400000US30", "GEOID": "30", "STUSPS": "MT", "NAME": "Montana", "LSAD": "00", "ALAND": 376962738765, "AWATER": 3869208832 }, "geometry": { "type": "MultiLineString", "coordinates": [ [ [ -110.842359, 48.783284 ], [ -110.843362, 48.774964 ], [ -110.843565, 48.7741 ], [ -110.847109, 48.758921 ] ] ] } },
{ "type": "Feature", "properties": { "TYPEPIPE": "Intrastate", "Operator": "Northwestern Energy Co", "Status": "Operating", "Shape_Leng": 0.02979465783, "STATEFP": "30", "STATENS": "00767982", "AFFGEOID": "0400000US30", "GEOID": "30", "STUSPS": "MT", "NAME": "Montana", "LSAD": "00", "ALAND": 376962738765, "AWATER": 3869208832 }, "geometry": { "type": "MultiLineString", "coordinates": [ [ [ -110.901176, 48.872621 ], [ -110.889571, 48.877485 ], [ -110.872504, 48.879711 ] ] ] } },
{ "type": "Feature", "properties": { "TYPEPIPE": "Intrastate", "Operator": "Northwestern Energy Co", "Status": "Operating", "Shape_Leng": 0.0094107624, "STATEFP": "30", "STATENS": "00767982", "AFFGEOID": "0400000US30", "GEOID": "30", "STUSPS": "MT", "NAME": "Montana", "LSAD": "00", "ALAND": 376962738765, "AWATER": 3869208832 }, "geometry": { "type": "MultiLineString", "coordinates": [ [ [ -110.872504, 48.879711 ], [ -110.863172, 48.880926 ] ] ] } },
{ "type": "Feature", "properties": { "TYPEPIPE": "Intrastate", "Operator": "Northwestern Energy Co", "Status": "Operating", "Shape_Leng": 0.00714630786, "STATEFP": "30", "STATENS": "00767982", "AFFGEOID": "0400000US30", "GEOID": "30", "STUSPS": "MT", "NAME": "Montana", "LSAD": "00", "ALAND": 376962738765, "AWATER": 3869208832 }, "geometry": { "type": "MultiLineString", "coordinates": [ [ [ -110.872504, 48.879711 ], [ -110.874714, 48.886507 ] ] ] } },
{ "type": "Feature", "properties": { "TYPEPIPE": "Intrastate", "Operator": "Northwestern Energy Co", "Status": "Operating", "Shape_Leng": 0.01470245983, "STATEFP": "30", "STATENS": "00767982", "AFFGEOID": "0400000US30", "GEOID": "30", "STUSPS": "MT", "NAME": "Montana", "LSAD": "00", "ALAND": 376962738765, "AWATER": 3869208832 }, "geometry": { "type": "MultiLineString", "coordinates": [ [ [ -110.965082, 48.885125 ], [ -110.951761, 48.878903 ] ] ] } },
{ "type": "Feature", "properties": { "TYPEPIPE": "Intrastate", "Operator": "Northwestern Energy Co", "Status": "Operating", "Shape_Leng": 0.01331557704, "STATEFP": "30", "STATENS": "00767982", "AFFGEOID": "0400000US30", "GEOID": "30", "STUSPS": "MT", "NAME": "Montana", "LSAD": "00", "ALAND": 376962738765, "AWATER": 3869208832 }, "geometry": { "type": "MultiLineString", "coordinates": [ [ [ -110.951761, 48.878903 ], [ -110.939697, 48.873267 ] ] ] } },
{ "type": "Feature", "properties": { "TYPEPIPE": "Intrastate", "Operator": "Northwestern Energy Co", "Status": "Operating", "Shape_Leng": 0.00300362714, "STATEFP": "30", "STATENS": "00767982", "AFFGEOID": "0400000US30", "GEOID": "30", "STUSPS": "MT", "NAME": "Montana", "LSAD": "00", "ALAND": 376962738765, "AWATER": 3869208832 }, "geometry": { "type": "MultiLineString", "coordinates": [ [ [ -110.951761, 48.878903 ], [ -110.954037, 48.876943 ] ] ] } },
{ "type": "Feature", "properties": { "TYPEPIPE": "Intrastate", "Operator": "Northwestern Energy Co", "Status": "Operating", "Shape_Leng": 0.0094607755, "STATEFP": "30", "STATENS": "00767982", "AFFGEOID": "0400000US30", "GEOID": "30", "STUSPS": "MT", "NAME": "Montana", "LSAD": "00", "ALAND": 376962738765, "AWATER": 3869208832 }, "geometry": { "type": "MultiLineString", "coordinates": [ [ [ -111.258131, 48.919111 ], [ -111.264627, 48.915701 ], [ -111.266751, 48.915676 ] ] ] } },
{ "type": "Feature", "properties": { "TYPEPIPE": "Intrastate", "Operator": "Northwestern Energy Co", "Status": "Operating", "Shape_Leng": 0.01587011358, "STATEFP": "30", "STATENS": "00767982", "AFFGEOID": "0400000US30", "GEOID": "30", "STUSPS": "MT", "NAME": "Montana", "LSAD": "00", "ALAND": 376962738765, "AWATER": 3869208832 }, "geometry": { "type": "MultiLineString", "coordinates": [ [ [ -111.266751, 48.915676 ], [ -111.28262, 48.915488 ] ] ] } },
{ "type": "Feature", "properties": { "TYPEPIPE": "Intrastate", "Operator": "Northwestern Energy Co", "Status": "Operating", "Shape_Leng": 0.02254232911, "STATEFP": "30", "STATENS": "00767982", "AFFGEOID": "0400000US30", "GEOID": "30", "STUSPS": "MT", "NAME": "Montana", "LSAD": "00", "ALAND": 376962738765, "AWATER": 3869208832 }, "geometry": { "type": "MultiLineString", "coordinates": [ [ [ -111.259981, 48.953664 ], [ -111.260748, 48.953999 ], [ -111.280765, 48.962392 ] ] ] } },
{ "type": "Feature", "properties": { "TYPEPIPE": "Intrastate", "Operator": "Northwestern Energy Co", "Status": "Operating", "Shape_Leng": 0.00529923368, "STATEFP": "30", "STATENS": "00767982", "AFFGEOID": "0400000US30", "GEOID": "30", "STUSPS": "MT", "NAME": "Montana", "LSAD": "00", "ALAND": 376962738765, "AWATER": 3869208832 }, "geometry": { "type": "MultiLineString", "coordinates": [ [ [ -111.226434, 48.949952 ], [ -111.221901, 48.950232 ], [ -111.221144, 48.950202 ] ] ] } },
{ "type": "Feature", "properties": { "TYPEPIPE": "Intrastate", "Operator": "Northwestern Energy Co", "Status": "Operating", "Shape_Leng": 0.00116998504, "STATEFP": "30", "STATENS": "00767982", "AFFGEOID": "0400000US30", "GEOID": "30", "STUSPS": "MT", "NAME": "Montana", "LSAD": "00", "ALAND": 376962738765, "AWATER": 3869208832 }, "geometry": { "type": "MultiLineString", "coordinates": [ [ [ -111.221144, 48.950202 ], [ -111.219975, 48.950154 ] ] ] } },
{ "type": "Feature", "properties": { "TYPEPIPE": "Intrastate", "Operator": "Northwestern Energy Co", "Status": "Operating", "Shape_Leng": 0.00362395212, "STATEFP": "30", "STATENS": "00767982", "AFFGEOID": "0400000US30", "GEOID": "30", "STUSPS": "MT", "NAME": "Montana", "LSAD": "00", "ALAND": 376962738765, "AWATER": 3869208832 }, "geometry": { "type": "MultiLineString", "coordinates": [ [ [ -111.267374, 48.919246 ], [ -111.266751, 48.915676 ] ] ] } },
{ "type": "Feature", "properties": { "TYPEPIPE": "Intrastate", "Operator": "Northwestern Energy Co", "Status": "Operating", "Shape_Leng": 0.0020094967, "STATEFP": "30", "STATENS": "00767982", "AFFGEOID": "0400000US30", "GEOID": "30", "STUSPS": "MT", "NAME": "Montana", "LSAD": "00", "ALAND": 376962738765, "AWATER": 3869208832 }, "geometry": { "type": "MultiLineString", "coordinates": [ [ [ -111.26045, 48.955618 ], [ -111.259981, 48.953664 ] ] ] } },
{ "type": "Feature", "properties": { "TYPEPIPE": "Intrastate", "Operator": "Northwestern Energy Co", "Status": "Operating", "Shape_Leng": 0.00161132647, "STATEFP": "30", "STATENS": "00767982", "AFFGEOID": "0400000US30", "GEOID": "30", "STUSPS": "MT", "NAME": "Montana", "LSAD": "00", "ALAND": 376962738765, "AWATER": 3869208832 }, "geometry": { "type": "MultiLineString", "coordinates": [ [ [ -111.221262, 48.951809 ], [ -111.221144, 48.950202 ] ] ] } },
{ "type": "Feature", "properties": { "TYPEPIPE": "Intrastate", "Operator": "Northwestern Energy Co", "Status": "Operating", "Shape_Leng": 0.02040785685, "STATEFP": "30", "STATENS": "00767982", "AFFGEOID": "0400000US30", "GEOID": "30", "STUSPS": "MT", "NAME": "Montana", "LSAD": "00", "ALAND": 376962738765, "AWATER": 3869208832 }, "geometry": { "type": "MultiLineString", "coordinates": [ [ [ -112.570023, 48.994896 ], [ -112.57594, 48.993268 ], [ -112.589543, 48.997583 ] ] ] } },
{ "type": "Feature", "properties": { "TYPEPIPE": "Intrastate", "Operator": "Northwestern Energy Co", "Status": "Operating", "Shape_Leng": 0.04499715964, "STATEFP": "30", "STATENS": "00767982", "AFFGEOID": "0400000US30", "GEOID": "30", "STUSPS": "MT", "NAME": "Montana", "LSAD": "00", "ALAND": 376962738765, "AWATER": 3869208832 }, "geometry": { "type": "MultiLineString", "coordinates": [ [ [ -112.513251, 48.948286 ], [ -112.513362, 48.953866 ], [ -112.512808, 48.957642 ], [ -112.54231, 48.977566 ] ] ] } },
{ "type": "Feature", "properties": { "TYPEPIPE": "Intrastate", "Operator": "Northwestern Energy Co", "Status": "Operating", "Shape_Leng": 0.00518713196, "STATEFP": "30", "STATENS": "00767982", "AFFGEOID": "0400000US30", "GEOID": "30", "STUSPS": "MT", "NAME": "Montana", "LSAD": "00", "ALAND": 376962738765, "AWATER": 3869208832 }, "geometry": { "type": "MultiLineString", "coordinates": [ [ [ -112.513251, 48.948286 ], [ -112.518438, 48.948249 ] ] ] } },
{ "type": "Feature", "properties": { "TYPEPIPE": "Intrastate", "Operator": "Northwestern Energy Co", "Status": "Operating", "Shape_Leng": 0.04576642473, "STATEFP": "30", "STATENS": "00767982", "AFFGEOID": "0400000US30", "GEOID": "30", "STUSPS": "MT", "NAME": "Montana", "LSAD": "00", "ALAND": 376962738765, "AWATER": 3869208832 }, "geometry": { "type": "MultiLineString", "coordinates": [ [ [ -112.317694, 48.812699 ], [ -112.288456, 48.799761 ], [ -112.274663, 48.799904 ] ] ] } },
{ "type": "Feature", "properties": { "TYPEPIPE": "Intrastate", "Operator": "Northwestern Energy Co", "Status": "Operating", "Shape_Leng": 0.01395816512, "STATEFP": "30", "STATENS": "00767982", "AFFGEOID": "0400000US30", "GEOID": "30", "STUSPS": "MT", "NAME": "Montana", "LSAD": "00", "ALAND": 376962738765, "AWATER": 3869208832 }, "geometry": { "type": "MultiLineString", "coordinates": [ [ [ -112.273993, 48.799241 ], [ -112.287673, 48.799278 ], [ -112.287951, 48.79927 ] ] ] } },
{ "type": "Feature", "properties": { "TYPEPIPE": "Intrastate", "Operator": "Northwestern Energy Co", "Status": "Operating", "Shape_Leng": 0.00556971772, "STATEFP": "30", "STATENS": "00767982", "AFFGEOID": "0400000US30", "GEOID": "30", "STUSPS": "MT", "NAME": "Montana", "LSAD": "00", "ALAND": 376962738765, "AWATER": 3869208832 }, "geometry": { "type": "MultiLineString", "coordinates": [ [ [ -112.287951, 48.79927 ], [ -112.28879, 48.799249 ], [ -112.292588, 48.796429 ] ] ] } },
{ "type": "Feature", "properties": { "TYPEPIPE": "Intrastate", "Operator": "Northwestern Energy Co", "Status": "Operating", "Shape_Leng": 0.01638870101, "STATEFP": "30", "STATENS": "00767982", "AFFGEOID": "0400000US30", "GEOID": "30", "STUSPS": "MT", "NAME": "Montana", "LSAD": "00", "ALAND": 376962738765, "AWATER": 3869208832 }, "geometry": { "type": "MultiLineString", "coordinates": [ [ [ -112.318747, 48.812538 ], [ -112.312889, 48.806266 ], [ -112.31231, 48.798481 ] ] ] } },
{ "type": "Feature", "properties": { "TYPEPIPE": "Intrastate", "Operator": "Northwestern Energy Co", "Status": "Operating", "Shape_Leng": 0.01942600778, "STATEFP": "30", "STATENS": "00767982", "AFFGEOID": "0400000US30", "GEOID": "30", "STUSPS": "MT", "NAME": "Montana", "LSAD": "00", "ALAND": 376962738765, "AWATER": 3869208832 }, "geometry": { "type": "MultiLineString", "coordinates": [ [ [ -112.311178, 48.825747 ], [ -112.317818, 48.825479 ], [ -112.317694, 48.812699 ] ] ] } },
{ "type": "Feature", "properties": { "TYPEPIPE": "Intrastate", "Operator": "Northwestern Energy Co", "Status": "Operating", "Shape_Leng": 0.00226299028, "STATEFP": "30", "STATENS": "00767982", "AFFGEOID": "0400000US30", "GEOID": "30", "STUSPS": "MT", "NAME": "Montana", "LSAD": "00", "ALAND": 376962738765, "AWATER": 3869208832 }, "geometry": { "type": "MultiLineString", "coordinates": [ [ [ -112.287951, 48.79927 ], [ -112.287761, 48.797015 ] ] ] } },
{ "type": "Feature", "properties": { "TYPEPIPE": "Intrastate", "Operator": "Northwestern Energy Co", "Status": "Operating", "Shape_Leng": 0.0127527362, "STATEFP": "30", "STATENS": "00767982", "AFFGEOID": "0400000US30", "GEOID": "30", "STUSPS": "MT", "NAME": "Montana", "LSAD": "00", "ALAND": 376962738765, "AWATER": 3869208832 }, "geometry": { "type": "MultiLineString", "coordinates": [ [ [ -112.268458, 48.762999 ], [ -112.269688, 48.762966 ], [ -112.270083, 48.763377 ], [ -112.271132, 48.763757 ], [ -112.272088, 48.763444 ], [ -112.272732, 48.762988 ], [ -112.277663, 48.763046 ], [ -112.280773, 48.763079 ] ] ] } },
{ "type": "Feature", "properties": { "TYPEPIPE": "Intrastate", "Operator": "Northwestern Energy Co", "Status": "Operating", "Shape_Leng": 0.01978007462, "STATEFP": "30", "STATENS": "00767982", "AFFGEOID": "0400000US30", "GEOID": "30", "STUSPS": "MT", "NAME": "Montana", "LSAD": "00", "ALAND": 376962738765, "AWATER": 3869208832 }, "geometry": { "type": "MultiLineString", "coordinates": [ [ [ -112.280773, 48.763079 ], [ -112.300348, 48.763282 ], [ -112.300552, 48.763285 ] ] ] } },
{ "type": "Feature", "properties": { "TYPEPIPE": "Intrastate", "Operator": "Northwestern Energy Co", "Status": "Operating", "Shape_Leng": 0.00869004212, "STATEFP": "30", "STATENS": "00767982", "AFFGEOID": "0400000US30", "GEOID": "30", "STUSPS": "MT", "NAME": "Montana", "LSAD": "00", "ALAND": 376962738765, "AWATER": 3869208832 }, "geometry": { "type": "MultiLineString", "coordinates": [ [ [ -112.313883, 48.7635 ], [ -112.31469, 48.764001 ], [ -112.315395, 48.771709 ] ] ] } },
{ "type": "Feature", "properties": { "TYPEPIPE": "Intrastate", "Operator": "Northwestern Energy Co", "Status": "Operating", "Shape_Leng": 0.00231880249, "STATEFP": "30", "STATENS": "00767982", "AFFGEOID": "0400000US30", "GEOID": "30", "STUSPS": "MT", "NAME": "Montana", "LSAD": "00", "ALAND": 376962738765, "AWATER": 3869208832 }, "geometry": { "type": "MultiLineString", "coordinates": [ [ [ -112.280773, 48.763079 ], [ -112.281131, 48.76537 ] ] ] } },
{ "type": "Feature", "properties": { "TYPEPIPE": "Intrastate", "Operator": "Northwestern Energy Co", "Status": "Operating", "Shape_Leng": 0.00365, "STATEFP": "30", "STATENS": "00767982", "AFFGEOID": "0400000US30", "GEOID": "30", "STUSPS": "MT", "NAME": "Montana", "LSAD": "00", "ALAND": 376962738765, "AWATER": 3869208832 }, "geometry": { "type": "MultiLineString", "coordinates": [ [ [ -112.315395, 48.771709 ], [ -112.319035, 48.771439 ] ] ] } },
{ "type": "Feature", "properties": { "TYPEPIPE": "Intrastate", "Operator": "Northwestern Energy Co", "Status": "Operating", "Shape_Leng": 0.01949151882, "STATEFP": "30", "STATENS": "00767982", "AFFGEOID": "0400000US30", "GEOID": "30", "STUSPS": "MT", "NAME": "Montana", "LSAD": "00", "ALAND": 376962738765, "AWATER": 3869208832 }, "geometry": { "type": "MultiLineString", "coordinates": [ [ [ -112.295023, 48.692379 ], [ -112.275782, 48.695494 ] ] ] } },
{ "type": "Feature", "properties": { "TYPEPIPE": "Intrastate", "Operator": "Northwestern Energy Co", "Status": "Operating", "Shape_Leng": 0.00962139803, "STATEFP": "30", "STATENS": "00767982", "AFFGEOID": "0400000US30", "GEOID": "30", "STUSPS": "MT", "NAME": "Montana", "LSAD": "00", "ALAND": 376962738765, "AWATER": 3869208832 }, "geometry": { "type": "MultiLineString", "coordinates": [ [ [ -112.275782, 48.695494 ], [ -112.266284, 48.69703 ] ] ] } },
{ "type": "Feature", "properties": { "TYPEPIPE": "Intrastate", "Operator": "Northwestern Energy Co", "Status": "Operating", "Shape_Leng": 0.00953047349, "STATEFP": "30", "STATENS": "00767982", "AFFGEOID": "0400000US30", "GEOID": "30", "STUSPS": "MT", "NAME": "Montana", "LSAD": "00", "ALAND": 376962738765, "AWATER": 3869208832 }, "geometry": { "type": "MultiLineString", "coordinates": [ [ [ -112.275782, 48.695494 ], [ -112.272324, 48.686613 ] ] ] } },
{ "type": "Feature", "properties": { "TYPEPIPE": "Intrastate", "Operator": "Northwestern Energy Co", "Status": "Operating", "Shape_Leng": 0.02340338135, "STATEFP": "30", "STATENS": "00767982", "AFFGEOID": "0400000US30", "GEOID": "30", "STUSPS": "MT", "NAME": "Montana", "LSAD": "00", "ALAND": 376962738765, "AWATER": 3869208832 }, "geometry": { "type": "MultiLineString", "coordinates": [ [ [ -112.22472, 48.63871 ], [ -112.222614, 48.631706 ], [ -112.220836, 48.631127 ], [ -112.220748, 48.617723 ], [ -112.220292, 48.617047 ] ] ] } },
{ "type": "Feature", "properties": { "TYPEPIPE": "Intrastate", "Operator": "Northwestern Energy Co", "Status": "Operating", "Shape_Leng": 0.01081294174, "STATEFP": "30", "STATENS": "00767982", "AFFGEOID": "0400000US30", "GEOID": "30", "STUSPS": "MT", "NAME": "Montana", "LSAD": "00", "ALAND": 376962738765, "AWATER": 3869208832 }, "geometry": { "type": "MultiLineString", "coordinates": [ [ [ -112.220292, 48.617047 ], [ -112.218173, 48.613905 ], [ -112.218603, 48.606895 ] ] ] } },
{ "type": "Feature", "properties": { "TYPEPIPE": "Intrastate", "Operator": "Northwestern Energy Co", "Status": "Operating", "Shape_Leng": 0.00900228821, "STATEFP": "30", "STATENS": "00767982", "AFFGEOID": "0400000US30", "GEOID": "30", "STUSPS": "MT", "NAME": "Montana", "LSAD": "00", "ALAND": 376962738765, "AWATER": 3869208832 }, "geometry": { "type": "MultiLineString", "coordinates": [ [ [ -112.220292, 48.617047 ], [ -112.211304, 48.61654 ] ] ] } },
{ "type": "Feature", "properties": { "TYPEPIPE": "Intrastate", "Operator": "Northwestern Energy Co", "Status": "Operating", "Shape_Leng": 0.00016200309, "STATEFP": "30", "STATENS": "00767982", "AFFGEOID": "0400000US30", "GEOID": "30", "STUSPS": "MT", "NAME": "Montana", "LSAD": "00", "ALAND": 376962738765, "AWATER": 3869208832 }, "geometry": { "type": "MultiLineString", "coordinates": [ [ [ -112.22472, 48.63871 ], [ -112.224558, 48.638709 ] ] ] } },
{ "type": "Feature", "properties": { "TYPEPIPE": "Intrastate", "Operator": "Northwestern Energy Co", "Status": "Operating", "Shape_Leng": 0.03446127487, "STATEFP": "30", "STATENS": "00767982", "AFFGEOID": "0400000US30", "GEOID": "30", "STUSPS": "MT", "NAME": "Montana", "LSAD": "00", "ALAND": 376962738765, "AWATER": 3869208832 }, "geometry": { "type": "MultiLineString", "coordinates": [ [ [ -112.259828, 48.667748 ], [ -112.258413, 48.667416 ], [ -112.257723, 48.667494 ], [ -112.256848, 48.667931 ], [ -112.242181, 48.668635 ], [ -112.241716, 48.668406 ], [ -112.24071, 48.668074 ], [ -112.239713, 48.668206 ], [ -112.23907, 48.66869 ], [ -112.225807, 48.668599 ] ] ] } },
{ "type": "Feature", "properties": { "TYPEPIPE": "Intrastate", "Operator": "Northwestern Energy Co", "Status": "Operating", "Shape_Leng": 0.00106704686, "STATEFP": "30", "STATENS": "00767982", "AFFGEOID": "0400000US30", "GEOID": "30", "STUSPS": "MT", "NAME": "Montana", "LSAD": "00", "ALAND": 376962738765, "AWATER": 3869208832 }, "geometry": { "type": "MultiLineString", "coordinates": [ [ [ -112.224558, 48.638709 ], [ -112.223491, 48.638699 ] ] ] } },
{ "type": "Feature", "properties": { "TYPEPIPE": "Intrastate", "Operator": "Northwestern Energy Co", "Status": "Operating", "Shape_Leng": 0.00349712868, "STATEFP": "30", "STATENS": "00767982", "AFFGEOID": "0400000US30", "GEOID": "30", "STUSPS": "MT", "NAME": "Montana", "LSAD": "00", "ALAND": 376962738765, "AWATER": 3869208832 }, "geometry": { "type": "MultiLineString", "coordinates": [ [ [ -112.223491, 48.638699 ], [ -112.219994, 48.638669 ] ] ] } },
{ "type": "Feature", "properties": { "TYPEPIPE": "Intrastate", "Operator": "Northwestern Energy Co", "Status": "Operating", "Shape_Leng": 0.0015810155, "STATEFP": "30", "STATENS": "00767982", "AFFGEOID": "0400000US30", "GEOID": "30", "STUSPS": "MT", "NAME": "Montana", "LSAD": "00", "ALAND": 376962738765, "AWATER": 3869208832 }, "geometry": { "type": "MultiLineString", "coordinates": [ [ [ -112.225807, 48.668599 ], [ -112.224226, 48.668592 ] ] ] } },
{ "type": "Feature", "properties": { "TYPEPIPE": "Intrastate", "Operator": "Northwestern Energy Co", "Status": "Operating", "Shape_Leng": 0.01552419595, "STATEFP": "30", "STATENS": "00767982", "AFFGEOID": "0400000US30", "GEOID": "30", "STUSPS": "MT", "NAME": "Montana", "LSAD": "00", "ALAND": 376962738765, "AWATER": 3869208832 }, "geometry": { "type": "MultiLineString", "coordinates": [ [ [ -112.224226, 48.668592 ], [ -112.208702, 48.668514 ] ] ] } },
{ "type": "Feature", "properties": { "TYPEPIPE": "Intrastate", "Operator": "Northwestern Energy Co", "Status": "Operating", "Shape_Leng": 0.00581803515, "STATEFP": "30", "STATENS": "00767982", "AFFGEOID": "0400000US30", "GEOID": "30", "STUSPS": "MT", "NAME": "Montana", "LSAD": "00", "ALAND": 376962738765, "AWATER": 3869208832 }, "geometry": { "type": "MultiLineString", "coordinates": [ [ [ -112.224558, 48.638709 ], [ -112.2248, 48.644522 ] ] ] } },
{ "type": "Feature", "properties": { "TYPEPIPE": "Intrastate", "Operator": "Northwestern Energy Co", "Status": "Operating", "Shape_Leng": 0.02409804926, "STATEFP": "30", "STATENS": "00767982", "AFFGEOID": "0400000US30", "GEOID": "30", "STUSPS": "MT", "NAME": "Montana", "LSAD": "00", "ALAND": 376962738765, "AWATER": 3869208832 }, "geometry": { "type": "MultiLineString", "coordinates": [ [ [ -112.2248, 48.644522 ], [ -112.225807, 48.668599 ] ] ] } },
{ "type": "Feature", "properties": { "TYPEPIPE": "Intrastate", "Operator": "Northwestern Energy Co", "Status": "Operating", "Shape_Leng": 0.00455493447, "STATEFP": "30", "STATENS": "00767982", "AFFGEOID": "0400000US30", "GEOID": "30", "STUSPS": "MT", "NAME": "Montana", "LSAD": "00", "ALAND": 376962738765, "AWATER": 3869208832 }, "geometry": { "type": "MultiLineString", "coordinates": [ [ [ -112.229242, 48.643514 ], [ -112.2248, 48.644522 ] ] ] } },
{ "type": "Feature", "properties": { "TYPEPIPE": "Intrastate", "Operator": "Northwestern Energy Co", "Status": "Operating", "Shape_Leng": 0.00482674632, "STATEFP": "30", "STATENS": "00767982", "AFFGEOID": "0400000US30", "GEOID": "30", "STUSPS": "MT", "NAME": "Montana", "LSAD": "00", "ALAND": 376962738765, "AWATER": 3869208832 }, "geometry": { "type": "MultiLineString", "coordinates": [ [ [ -112.223491, 48.638699 ], [ -112.223277, 48.643521 ] ] ] } },
{ "type": "Feature", "properties": { "TYPEPIPE": "Intrastate", "Operator": "Northwestern Energy Co", "Status": "Operating", "Shape_Leng": 0.02524209941, "STATEFP": "30", "STATENS": "00767982", "AFFGEOID": "0400000US30", "GEOID": "30", "STUSPS": "MT", "NAME": "Montana", "LSAD": "00", "ALAND": 376962738765, "AWATER": 3869208832 }, "geometry": { "type": "MultiLineString", "coordinates": [ [ [ -112.223277, 48.643521 ], [ -112.222556, 48.659674 ], [ -112.224226, 48.668592 ] ] ] } },
{ "type": "Feature", "properties": { "TYPEPIPE": "Intrastate", "Operator": "Northwestern Energy Co", "Status": "Operating", "Shape_Leng": 0.01461321036, "STATEFP": "30", "STATENS": "00767982", "AFFGEOID": "0400000US30", "GEOID": "30", "STUSPS": "MT", "NAME": "Montana", "LSAD": "00", "ALAND": 376962738765, "AWATER": 3869208832 }, "geometry": { "type": "MultiLineString", "coordinates": [ [ [ -112.223277, 48.643521 ], [ -112.209128, 48.647175 ] ] ] } },
{ "type": "Feature", "properties": { "TYPEPIPE": "Intrastate", "Operator": "Northwestern Energy Co", "Status": "Operating", "Shape_Leng": 0.00655868224, "STATEFP": "30", "STATENS": "00767982", "AFFGEOID": "0400000US30", "GEOID": "30", "STUSPS": "MT", "NAME": "Montana", "LSAD": "00", "ALAND": 376962738765, "AWATER": 3869208832 }, "geometry": { "type": "MultiLineString", "coordinates": [ [ [ -112.171757, 48.746172 ], [ -112.167563, 48.751043 ], [ -112.167474, 48.751139 ] ] ] } },
{ "type": "Feature", "properties": { "TYPEPIPE": "Intrastate", "Operator": "Northwestern Energy Co", "Status": "Operating", "Shape_Leng": 0.02323505807, "STATEFP": "30", "STATENS": "00767982", "AFFGEOID": "0400000US30", "GEOID": "30", "STUSPS": "MT", "NAME": "Montana", "LSAD": "00", "ALAND": 376962738765, "AWATER": 3869208832 }, "geometry": { "type": "MultiLineString", "coordinates": [ [ [ -112.167474, 48.751139 ], [ -112.162965, 48.756051 ], [ -112.172111, 48.759035 ], [ -112.175105, 48.758594 ], [ -112.175913, 48.758546 ], [ -112.17703, 48.758567 ], [ -112.178076, 48.758869 ], [ -112.178855, 48.75933 ] ] ] } },
{ "type": "Feature", "properties": { "TYPEPIPE": "Intrastate", "Operator": "Northwestern Energy Co", "Status": "Operating", "Shape_Leng": 0.00240742061, "STATEFP": "30", "STATENS": "00767982", "AFFGEOID": "0400000US30", "GEOID": "30", "STUSPS": "MT", "NAME": "Montana", "LSAD": "00", "ALAND": 376962738765, "AWATER": 3869208832 }, "geometry": { "type": "MultiLineString", "coordinates": [ [ [ -112.167474, 48.751139 ], [ -112.165219, 48.750296 ] ] ] } },
{ "type": "Feature", "properties": { "TYPEPIPE": "Intrastate", "Operator": "Northwestern Energy Co", "Status": "Operating", "Shape_Leng": 0.0005730986, "STATEFP": "30", "STATENS": "00767982", "AFFGEOID": "0400000US30", "GEOID": "30", "STUSPS": "MT", "NAME": "Montana", "LSAD": "00", "ALAND": 376962738765, "AWATER": 3869208832 }, "geometry": { "type": "MultiLineString", "coordinates": [ [ [ -112.190722, 48.838905 ], [ -112.190771, 48.838334 ] ] ] } },
{ "type": "Feature", "properties": { "TYPEPIPE": "Intrastate", "Operator": "Northwestern Energy Co", "Status": "Operating", "Shape_Leng": 0.00804882328, "STATEFP": "30", "STATENS": "00767982", "AFFGEOID": "0400000US30", "GEOID": "30", "STUSPS": "MT", "NAME": "Montana", "LSAD": "00", "ALAND": 376962738765, "AWATER": 3869208832 }, "geometry": { "type": "MultiLineString", "coordinates": [ [ [ -112.190771, 48.838334 ], [ -112.190782, 48.838222 ], [ -112.194409, 48.831163 ] ] ] } },
{ "type": "Feature", "properties": { "TYPEPIPE": "Intrastate", "Operator": "Northwestern Energy Co", "Status": "Operating", "Shape_Leng": 0.00635961587, "STATEFP": "30", "STATENS": "00767982", "AFFGEOID": "0400000US30", "GEOID": "30", "STUSPS": "MT", "NAME": "Montana", "LSAD": "00", "ALAND": 376962738765, "AWATER": 3869208832 }, "geometry": { "type": "MultiLineString", "coordinates": [ [ [ -112.190771, 48.838334 ], [ -112.184454, 48.839069 ] ] ] } },
{ "type": "Feature", "properties": { "TYPEPIPE": "Intrastate", "Operator": "Northwestern Energy Co", "Status": "Operating", "Shape_Leng": 0.03624109969, "STATEFP": "30", "STATENS": "00767982", "AFFGEOID": "0400000US30", "GEOID": "30", "STUSPS": "MT", "NAME": "Montana", "LSAD": "00", "ALAND": 376962738765, "AWATER": 3869208832 }, "geometry": { "type": "MultiLineString", "coordinates": [ [ [ -112.131852, 48.973254 ], [ -112.130355, 48.97261 ], [ -112.128928, 48.972768 ], [ -112.127707, 48.97371 ], [ -112.126392, 48.973687 ], [ -112.09683, 48.980417 ] ] ] } },
{ "type": "Feature", "properties": { "TYPEPIPE": "Intrastate", "Operator": "Northwestern Energy Co", "Status": "Operating", "Shape_Leng": 0.01825519922, "STATEFP": "30", "STATENS": "00767982", "AFFGEOID": "0400000US30", "GEOID": "30", "STUSPS": "MT", "NAME": "Montana", "LSAD": "00", "ALAND": 376962738765, "AWATER": 3869208832 }, "geometry": { "type": "MultiLineString", "coordinates": [ [ [ -112.09683, 48.980417 ], [ -112.083763, 48.983388 ], [ -112.079246, 48.981609 ] ] ] } },
{ "type": "Feature", "properties": { "TYPEPIPE": "Intrastate", "Operator": "Northwestern Energy Co", "Status": "Operating", "Shape_Leng": 0.00593643833, "STATEFP": "30", "STATENS": "00767982", "AFFGEOID": "0400000US30", "GEOID": "30", "STUSPS": "MT", "NAME": "Montana", "LSAD": "00", "ALAND": 376962738765, "AWATER": 3869208832 }, "geometry": { "type": "MultiLineString", "coordinates": [ [ [ -112.09683, 48.980417 ], [ -112.099386, 48.985775 ] ] ] } },
{ "type": "Feature", "properties": { "TYPEPIPE": "Intrastate", "Operator": "Northwestern Energy Co", "Status": "Operating", "Shape_Leng": 0.5249985559, "STATEFP": "30", "STATENS": "00767982", "AFFGEOID": "0400000US30", "GEOID": "30", "STUSPS": "MT", "NAME": "Montana", "LSAD": "00", "ALAND": 376962738765, "AWATER": 3869208832 }, "geometry": { "type": "MultiLineString", "coordinates": [ [ [ -109.421685, 45.535524 ], [ -109.415818, 45.538452 ], [ -109.397104, 45.544872 ], [ -109.392921, 45.546414 ], [ -109.370262, 45.555058 ], [ -109.354349, 45.560974 ], [ -109.333664, 45.574296 ], [ -109.325625, 45.580569 ], [ -109.2986, 45.601374 ], [ -109.278635, 45.624481 ], [ -109.278875, 45.625889 ], [ -109.275108, 45.632719 ], [ -109.273756, 45.634961 ], [ -109.272343, 45.640193 ], [ -109.265757, 45.647546 ], [ -109.26585, 45.649284 ], [ -109.263063, 45.650672 ], [ -109.235305, 45.67828 ], [ -109.226375, 45.708389 ], [ -109.19348, 45.769514 ], [ -109.191445, 45.7707 ], [ -109.173004, 45.797094 ], [ -109.103077, 45.884051 ], [ -109.097367, 45.892573 ], [ -109.09754, 45.917741 ] ] ] } },
{ "type": "Feature", "properties": { "TYPEPIPE": "Intrastate", "Operator": "Northwestern Energy Co", "Status": "Operating", "Shape_Leng": 0.00458454548, "STATEFP": "30", "STATENS": "00767982", "AFFGEOID": "0400000US30", "GEOID": "30", "STUSPS": "MT", "NAME": "Montana", "LSAD": "00", "ALAND": 376962738765, "AWATER": 3869208832 }, "geometry": { "type": "MultiLineString", "coordinates": [ [ [ -109.09754, 45.917741 ], [ -109.097556, 45.920074 ], [ -109.097603, 45.922325 ] ] ] } },
{ "type": "Feature", "properties": { "TYPEPIPE": "Intrastate", "Operator": "Northwestern Energy Co", "Status": "Operating", "Shape_Leng": 0.01070932944, "STATEFP": "30", "STATENS": "00767982", "AFFGEOID": "0400000US30", "GEOID": "30", "STUSPS": "MT", "NAME": "Montana", "LSAD": "00", "ALAND": 376962738765, "AWATER": 3869208832 }, "geometry": { "type": "MultiLineString", "coordinates": [ [ [ -109.09754, 45.917741 ], [ -109.086831, 45.917825 ] ] ] } },
{ "type": "Feature", "properties": { "TYPEPIPE": "Intrastate", "Operator": "Northwestern Energy Co", "Status": "Operating", "Shape_Leng": 0.00543399455, "STATEFP": "30", "STATENS": "00767982", "AFFGEOID": "0400000US30", "GEOID": "30", "STUSPS": "MT", "NAME": "Montana", "LSAD": "00", "ALAND": 376962738765, "AWATER": 3869208832 }, "geometry": { "type": "MultiLineString", "coordinates": [ [ [ -111.36577, 48.908131 ], [ -111.366283, 48.908037 ], [ -111.371073, 48.906947 ] ] ] } },
{ "type": "Feature", "properties": { "TYPEPIPE": "Intrastate", "Operator": "Northwestern Energy Co", "Status": "Operating", "Shape_Leng": 0.00242402248, "STATEFP": "30", "STATENS": "00767982", "AFFGEOID": "0400000US30", "GEOID": "30", "STUSPS": "MT", "NAME": "Montana", "LSAD": "00", "ALAND": 376962738765, "AWATER": 3869208832 }, "geometry": { "type": "MultiLineString", "coordinates": [ [ [ -111.366832, 48.91031 ], [ -111.36577, 48.908131 ] ] ] } },
{ "type": "Feature", "properties": { "TYPEPIPE": "Intrastate", "Operator": "Northwestern Energy Co", "Status": "Operating", "Shape_Leng": 0.22821014612000001, "STATEFP": "30", "STATENS": "00767982", "AFFGEOID": "0400000US30", "GEOID": "30", "STUSPS": "MT", "NAME": "Montana", "LSAD": "00", "ALAND": 376962738765, "AWATER": 3869208832 }, "geometry": { "type": "MultiLineString", "coordinates": [ [ [ -114.159674, 48.346904 ], [ -114.267739, 48.256544 ], [ -114.28449, 48.260678 ], [ -114.327721, 48.224315 ], [ -114.322672, 48.211686 ] ] ] } },
{ "type": "Feature", "properties": { "TYPEPIPE": "Intrastate", "Operator": "Northwestern Energy Co", "Status": "Operating", "Shape_Leng": 0.14370119328, "STATEFP": "30", "STATENS": "00767982", "AFFGEOID": "0400000US30", "GEOID": "30", "STUSPS": "MT", "NAME": "Montana", "LSAD": "00", "ALAND": 376962738765, "AWATER": 3869208832 }, "geometry": { "type": "MultiLineString", "coordinates": [ [ [ -114.18742, 48.391783 ], [ -114.235732, 48.394416 ], [ -114.327115, 48.421519 ] ] ] } },
{ "type": "Feature", "properties": { "TYPEPIPE": "Intrastate", "Operator": "Northwestern Energy Co", "Status": "Operating", "Shape_Leng": 0.02008350131, "STATEFP": "30", "STATENS": "00767982", "AFFGEOID": "0400000US30", "GEOID": "30", "STUSPS": "MT", "NAME": "Montana", "LSAD": "00", "ALAND": 376962738765, "AWATER": 3869208832 }, "geometry": { "type": "MultiLineString", "coordinates": [ [ [ -114.18742, 48.391783 ], [ -114.176188, 48.408432 ] ] ] } },
{ "type": "Feature", "properties": { "TYPEPIPE": "Intrastate", "Operator": "Northwestern Energy Co", "Status": "Operating", "Shape_Leng": 0.02657468029, "STATEFP": "30", "STATENS": "00767982", "AFFGEOID": "0400000US30", "GEOID": "30", "STUSPS": "MT", "NAME": "Montana", "LSAD": "00", "ALAND": 376962738765, "AWATER": 3869208832 }, "geometry": { "type": "MultiLineString", "coordinates": [ [ [ -114.159674, 48.346904 ], [ -114.173863, 48.369327 ], [ -114.173883, 48.369361 ] ] ] } },
{ "type": "Feature", "properties": { "TYPEPIPE": "Intrastate", "Operator": "Northwestern Energy Co", "Status": "Operating", "Shape_Leng": 0.02619153399, "STATEFP": "30", "STATENS": "00767982", "AFFGEOID": "0400000US30", "GEOID": "30", "STUSPS": "MT", "NAME": "Montana", "LSAD": "00", "ALAND": 376962738765, "AWATER": 3869208832 }, "geometry": { "type": "MultiLineString", "coordinates": [ [ [ -114.173883, 48.369361 ], [ -114.18742, 48.391783 ] ] ] } },
{ "type": "Feature", "properties": { "TYPEPIPE": "Intrastate", "Operator": "Northwestern Energy Co", "Status": "Operating", "Shape_Leng": 0.03078705709, "STATEFP": "30", "STATENS": "00767982", "AFFGEOID": "0400000US30", "GEOID": "30", "STUSPS": "MT", "NAME": "Montana", "LSAD": "00", "ALAND": 376962738765, "AWATER": 3869208832 }, "geometry": { "type": "MultiLineString", "coordinates": [ [ [ -114.173883, 48.369361 ], [ -114.204123, 48.363583 ] ] ] } },
{ "type": "Feature", "properties": { "TYPEPIPE": "Intrastate", "Operator": "Northwestern Energy Co", "Status": "Operating", "Shape_Leng": 0.0204402206, "STATEFP": "30", "STATENS": "00767982", "AFFGEOID": "0400000US30", "GEOID": "30", "STUSPS": "MT", "NAME": "Montana", "LSAD": "00", "ALAND": 376962738765, "AWATER": 3869208832 }, "geometry": { "type": "MultiLineString", "coordinates": [ [ [ -113.984179, 48.476541 ], [ -113.996212, 48.493064 ] ] ] } },
{ "type": "Feature", "properties": { "TYPEPIPE": "Intrastate", "Operator": "Northwestern Energy Co", "Status": "Operating", "Shape_Leng": 0.03961117068, "STATEFP": "30", "STATENS": "00767982", "AFFGEOID": "0400000US30", "GEOID": "30", "STUSPS": "MT", "NAME": "Montana", "LSAD": "00", "ALAND": 376962738765, "AWATER": 3869208832 }, "geometry": { "type": "MultiLineString", "coordinates": [ [ [ -113.984179, 48.476541 ], [ -113.993992, 48.472504 ], [ -114.008657, 48.447485 ] ] ] } },
{ "type": "Feature", "properties": { "TYPEPIPE": "Intrastate", "Operator": "Northwestern Energy Co", "Status": "Operating", "Shape_Leng": 0.01365027135, "STATEFP": "30", "STATENS": "00767982", "AFFGEOID": "0400000US30", "GEOID": "30", "STUSPS": "MT", "NAME": "Montana", "LSAD": "00", "ALAND": 376962738765, "AWATER": 3869208832 }, "geometry": { "type": "MultiLineString", "coordinates": [ [ [ -114.008657, 48.447485 ], [ -113.996715, 48.440873 ] ] ] } },
{ "type": "Feature", "properties": { "TYPEPIPE": "Intrastate", "Operator": "Northwestern Energy Co", "Status": "Operating", "Shape_Leng": 0.02287912466, "STATEFP": "30", "STATENS": "00767982", "AFFGEOID": "0400000US30", "GEOID": "30", "STUSPS": "MT", "NAME": "Montana", "LSAD": "00", "ALAND": 376962738765, "AWATER": 3869208832 }, "geometry": { "type": "MultiLineString", "coordinates": [ [ [ -114.008657, 48.447485 ], [ -114.021574, 48.428601 ] ] ] } },
{ "type": "Feature", "properties": { "TYPEPIPE": "Intrastate", "Operator": "Northwestern Energy Co", "Status": "Operating", "Shape_Leng": 0.01582840542, "STATEFP": "30", "STATENS": "00767982", "AFFGEOID": "0400000US30", "GEOID": "30", "STUSPS": "MT", "NAME": "Montana", "LSAD": "00", "ALAND": 376962738765, "AWATER": 3869208832 }, "geometry": { "type": "MultiLineString", "coordinates": [ [ [ -114.021574, 48.428601 ], [ -114.006601, 48.423468 ] ] ] } },
{ "type": "Feature", "properties": { "TYPEPIPE": "Intrastate", "Operator": "Northwestern Energy Co", "Status": "Operating", "Shape_Leng": 0.02307026194, "STATEFP": "30", "STATENS": "00767982", "AFFGEOID": "0400000US30", "GEOID": "30", "STUSPS": "MT", "NAME": "Montana", "LSAD": "00", "ALAND": 376962738765, "AWATER": 3869208832 }, "geometry": { "type": "MultiLineString", "coordinates": [ [ [ -114.021574, 48.428601 ], [ -114.032289, 48.40817 ] ] ] } },
{ "type": "Feature", "properties": { "TYPEPIPE": "Intrastate", "Operator": "Northwestern Energy Co", "Status": "Operating", "Shape_Leng": 0.14979327891, "STATEFP": "30", "STATENS": "00767982", "AFFGEOID": "0400000US30", "GEOID": "30", "STUSPS": "MT", "NAME": "Montana", "LSAD": "00", "ALAND": 376962738765, "AWATER": 3869208832 }, "geometry": { "type": "MultiLineString", "coordinates": [ [ [ -114.032289, 48.40817 ], [ -114.032316, 48.408121 ], [ -114.039751, 48.39646 ], [ -114.123959, 48.382731 ], [ -114.159674, 48.346904 ] ] ] } },
{ "type": "Feature", "properties": { "TYPEPIPE": "Intrastate", "Operator": "Northwestern Energy Co", "Status": "Operating", "Shape_Leng": 0.00769320148, "STATEFP": "30", "STATENS": "00767982", "AFFGEOID": "0400000US30", "GEOID": "30", "STUSPS": "MT", "NAME": "Montana", "LSAD": "00", "ALAND": 376962738765, "AWATER": 3869208832 }, "geometry": { "type": "MultiLineString", "coordinates": [ [ [ -114.032289, 48.40817 ], [ -114.024607, 48.408585 ] ] ] } },
{ "type": "Feature", "properties": { "TYPEPIPE": "Intrastate", "Operator": "Northwestern Energy Co", "Status": "Operating", "Shape_Leng": 0.02403304679, "STATEFP": "30", "STATENS": "00767982", "AFFGEOID": "0400000US30", "GEOID": "30", "STUSPS": "MT", "NAME": "Montana", "LSAD": "00", "ALAND": 376962738765, "AWATER": 3869208832 }, "geometry": { "type": "MultiLineString", "coordinates": [ [ [ -111.905085, 46.546978 ], [ -111.881098, 46.545491 ] ] ] } },
{ "type": "Feature", "properties": { "TYPEPIPE": "Intrastate", "Operator": "Northwestern Energy Co", "Status": "Operating", "Shape_Leng": 0.16345260152, "STATEFP": "30", "STATENS": "00767982", "AFFGEOID": "0400000US30", "GEOID": "30", "STUSPS": "MT", "NAME": "Montana", "LSAD": "00", "ALAND": 376962738765, "AWATER": 3869208832 }, "geometry": { "type": "MultiLineString", "coordinates": [ [ [ -112.030531, 46.619885 ], [ -111.959046, 46.596404 ], [ -111.906556, 46.58023 ], [ -111.905085, 46.546978 ] ] ] } },
{ "type": "Feature", "properties": { "TYPEPIPE": "Intrastate", "Operator": "Northwestern Energy Co", "Status": "Operating", "Shape_Leng": 0.02354722446, "STATEFP": "30", "STATENS": "00767982", "AFFGEOID": "0400000US30", "GEOID": "30", "STUSPS": "MT", "NAME": "Montana", "LSAD": "00", "ALAND": 376962738765, "AWATER": 3869208832 }, "geometry": { "type": "MultiLineString", "coordinates": [ [ [ -112.030531, 46.619885 ], [ -112.032509, 46.596421 ] ] ] } },
{ "type": "Feature", "properties": { "TYPEPIPE": "Intrastate", "Operator": "Northwestern Energy Co", "Status": "Operating", "Shape_Leng": 0.18042990106000001, "STATEFP": "30", "STATENS": "00767982", "AFFGEOID": "0400000US30", "GEOID": "30", "STUSPS": "MT", "NAME": "Montana", "LSAD": "00", "ALAND": 376962738765, "AWATER": 3869208832 }, "geometry": { "type": "MultiLineString", "coordinates": [ [ [ -112.194654, 46.686907 ], [ -112.089691, 46.627032 ], [ -112.030531, 46.619885 ] ] ] } },
{ "type": "Feature", "properties": { "TYPEPIPE": "Intrastate", "Operator": "Northwestern Energy Co", "Status": "Operating", "Shape_Leng": 0.39332316333, "STATEFP": "30", "STATENS": "00767982", "AFFGEOID": "0400000US30", "GEOID": "30", "STUSPS": "MT", "NAME": "Montana", "LSAD": "00", "ALAND": 376962738765, "AWATER": 3869208832 }, "geometry": { "type": "MultiLineString", "coordinates": [ [ [ -111.905085, 46.546978 ], [ -111.927781, 46.529486 ], [ -111.946308, 46.495735 ], [ -111.96962, 46.49075 ], [ -112.02814, 46.407483 ], [ -112.027716, 46.378932 ], [ -112.113468, 46.30686 ], [ -112.133852, 46.250447 ] ] ] } },
{ "type": "Feature", "properties": { "TYPEPIPE": "Intrastate", "Operator": "Northwestern Energy Co", "Status": "Operating", "Shape_Leng": 0.01692187939, "STATEFP": "30", "STATENS": "00767982", "AFFGEOID": "0400000US30", "GEOID": "30", "STUSPS": "MT", "NAME": "Montana", "LSAD": "00", "ALAND": 376962738765, "AWATER": 3869208832 }, "geometry": { "type": "MultiLineString", "coordinates": [ [ [ -114.045169, 46.757386 ], [ -114.061778, 46.754147 ] ] ] } },
{ "type": "Feature", "properties": { "TYPEPIPE": "Intrastate", "Operator": "Northwestern Energy Co", "Status": "Operating", "Shape_Leng": 0.10984789628, "STATEFP": "30", "STATENS": "00767982", "AFFGEOID": "0400000US30", "GEOID": "30", "STUSPS": "MT", "NAME": "Montana", "LSAD": "00", "ALAND": 376962738765, "AWATER": 3869208832 }, "geometry": { "type": "MultiLineString", "coordinates": [ [ [ -113.971997, 46.832069 ], [ -114.028594, 46.797809 ], [ -114.045169, 46.757386 ] ] ] } },
{ "type": "Feature", "properties": { "TYPEPIPE": "Intrastate", "Operator": "Northwestern Energy Co", "Status": "Operating", "Shape_Leng": 0.0331639437, "STATEFP": "30", "STATENS": "00767982", "AFFGEOID": "0400000US30", "GEOID": "30", "STUSPS": "MT", "NAME": "Montana", "LSAD": "00", "ALAND": 376962738765, "AWATER": 3869208832 }, "geometry": { "type": "MultiLineString", "coordinates": [ [ [ -113.971997, 46.832069 ], [ -113.992558, 46.85809 ] ] ] } },
{ "type": "Feature", "properties": { "TYPEPIPE": "Intrastate", "Operator": "Northwestern Energy Co", "Status": "Operating", "Shape_Leng": 0.2739462155, "STATEFP": "30", "STATENS": "00767982", "AFFGEOID": "0400000US30", "GEOID": "30", "STUSPS": "MT", "NAME": "Montana", "LSAD": "00", "ALAND": 376962738765, "AWATER": 3869208832 }, "geometry": { "type": "MultiLineString", "coordinates": [ [ [ -114.045169, 46.757386 ], [ -114.045185, 46.757347 ], [ -114.047504, 46.737272 ], [ -114.037176, 46.707583 ], [ -114.022135, 46.675582 ], [ -114.019638, 46.657098 ], [ -114.020484, 46.598104 ], [ -114.056191, 46.494854 ] ] ] } },
{ "type": "Feature", "properties": { "TYPEPIPE": "Intrastate", "Operator": "Northwestern Energy Co", "Status": "Operating", "Shape_Leng": 0.03663596904, "STATEFP": "30", "STATENS": "00767982", "AFFGEOID": "0400000US30", "GEOID": "30", "STUSPS": "MT", "NAME": "Montana", "LSAD": "00", "ALAND": 376962738765, "AWATER": 3869208832 }, "geometry": { "type": "MultiLineString", "coordinates": [ [ [ -114.056191, 46.494854 ], [ -114.078726, 46.494308 ], [ -114.092385, 46.497784 ] ] ] } },
{ "type": "Feature", "properties": { "TYPEPIPE": "Intrastate", "Operator": "Northwestern Energy Co", "Status": "Operating", "Shape_Leng": 0.38298798073000001, "STATEFP": "30", "STATENS": "00767982", "AFFGEOID": "0400000US30", "GEOID": "30", "STUSPS": "MT", "NAME": "Montana", "LSAD": "00", "ALAND": 376962738765, "AWATER": 3869208832 }, "geometry": { "type": "MultiLineString", "coordinates": [ [ [ -113.867192, 46.846285 ], [ -113.856034, 46.857356 ], [ -113.876612, 46.879061 ], [ -113.919993, 46.896332 ], [ -113.932882, 46.902909 ], [ -113.988558, 46.898618 ], [ -114.0151, 46.912566 ], [ -114.035338, 46.912617 ], [ -114.05244, 46.912852 ], [ -114.118652, 46.943799 ], [ -114.147172, 46.944177 ], [ -114.196591, 46.958387 ] ] ] } },
{ "type": "Feature", "properties": { "TYPEPIPE": "Intrastate", "Operator": "Northwestern Energy Co", "Status": "Operating", "Shape_Leng": 0.11171970471000001, "STATEFP": "30", "STATENS": "00767982", "AFFGEOID": "0400000US30", "GEOID": "30", "STUSPS": "MT", "NAME": "Montana", "LSAD": "00", "ALAND": 376962738765, "AWATER": 3869208832 }, "geometry": { "type": "MultiLineString", "coordinates": [ [ [ -113.867192, 46.846285 ], [ -113.894526, 46.847649 ], [ -113.911421, 46.832325 ], [ -113.928221, 46.835194 ], [ -113.936585, 46.831648 ], [ -113.971997, 46.832069 ] ] ] } },
{ "type": "Feature", "properties": { "TYPEPIPE": "Intrastate", "Operator": "Northwestern Energy Co", "Status": "Operating", "Shape_Leng": 0.07547060097, "STATEFP": "30", "STATENS": "00767982", "AFFGEOID": "0400000US30", "GEOID": "30", "STUSPS": "MT", "NAME": "Montana", "LSAD": "00", "ALAND": 376962738765, "AWATER": 3869208832 }, "geometry": { "type": "MultiLineString", "coordinates": [ [ [ -114.056191, 46.494854 ], [ -114.057093, 46.445802 ], [ -114.056867, 46.430202 ], [ -114.059204, 46.419649 ] ] ] } },
{ "type": "Feature", "properties": { "TYPEPIPE": "Intrastate", "Operator": "Northwestern Energy Co", "Status": "Operating", "Shape_Leng": 0.20658591212, "STATEFP": "30", "STATENS": "00767982", "AFFGEOID": "0400000US30", "GEOID": "30", "STUSPS": "MT", "NAME": "Montana", "LSAD": "00", "ALAND": 376962738765, "AWATER": 3869208832 }, "geometry": { "type": "MultiLineString", "coordinates": [ [ [ -114.059204, 46.419649 ], [ -114.068938, 46.375665 ], [ -114.070252, 46.334375 ], [ -114.094183, 46.302932 ], [ -114.116519, 46.27375 ], [ -114.155747, 46.253901 ] ] ] } },
{ "type": "Feature", "properties": { "TYPEPIPE": "Intrastate", "Operator": "Northwestern Energy Co", "Status": "Operating", "Shape_Leng": 0.03387714033, "STATEFP": "30", "STATENS": "00767982", "AFFGEOID": "0400000US30", "GEOID": "30", "STUSPS": "MT", "NAME": "Montana", "LSAD": "00", "ALAND": 376962738765, "AWATER": 3869208832 }, "geometry": { "type": "MultiLineString", "coordinates": [ [ [ -114.059204, 46.419649 ], [ -114.092598, 46.42535 ] ] ] } },
{ "type": "Feature", "properties": { "TYPEPIPE": "Intrastate", "Operator": "Northwestern Energy Co", "Status": "Operating", "Shape_Leng": 0.41753372295000002, "STATEFP": "30", "STATENS": "00767982", "AFFGEOID": "0400000US30", "GEOID": "30", "STUSPS": "MT", "NAME": "Montana", "LSAD": "00", "ALAND": 376962738765, "AWATER": 3869208832 }, "geometry": { "type": "MultiLineString", "coordinates": [ [ [ -113.143984, 46.665771 ], [ -113.136329, 46.659701 ], [ -113.176783, 46.635364 ], [ -113.190783, 46.631547 ], [ -113.216116, 46.566025 ], [ -113.208051, 46.504961 ], [ -113.32053, 46.394153 ], [ -113.314886, 46.338129 ] ] ] } },
{ "type": "Feature", "properties": { "TYPEPIPE": "Intrastate", "Operator": "Northwestern Energy Co", "Status": "Operating", "Shape_Leng": 0.0555978159, "STATEFP": "30", "STATENS": "00767982", "AFFGEOID": "0400000US30", "GEOID": "30", "STUSPS": "MT", "NAME": "Montana", "LSAD": "00", "ALAND": 376962738765, "AWATER": 3869208832 }, "geometry": { "type": "MultiLineString", "coordinates": [ [ [ -112.897219, 46.497801 ], [ -112.849761, 46.526764 ] ] ] } },
{ "type": "Feature", "properties": { "TYPEPIPE": "Intrastate", "Operator": "Northwestern Energy Co", "Status": "Operating", "Shape_Leng": 0.17012736317, "STATEFP": "30", "STATENS": "00767982", "AFFGEOID": "0400000US30", "GEOID": "30", "STUSPS": "MT", "NAME": "Montana", "LSAD": "00", "ALAND": 376962738765, "AWATER": 3869208832 }, "geometry": { "type": "MultiLineString", "coordinates": [ [ [ -112.745418, 46.420991 ], [ -112.897219, 46.497801 ] ] ] } },
{ "type": "Feature", "properties": { "TYPEPIPE": "Intrastate", "Operator": "Northwestern Energy Co", "Status": "Operating", "Shape_Leng": 0.0738602608, "STATEFP": "30", "STATENS": "00767982", "AFFGEOID": "0400000US30", "GEOID": "30", "STUSPS": "MT", "NAME": "Montana", "LSAD": "00", "ALAND": 376962738765, "AWATER": 3869208832 }, "geometry": { "type": "MultiLineString", "coordinates": [ [ [ -112.745418, 46.420991 ], [ -112.807168, 46.380466 ] ] ] } },
{ "type": "Feature", "properties": { "TYPEPIPE": "Intrastate", "Operator": "Northwestern Energy Co", "Status": "Operating", "Shape_Leng": 0.03128961753, "STATEFP": "30", "STATENS": "00767982", "AFFGEOID": "0400000US30", "GEOID": "30", "STUSPS": "MT", "NAME": "Montana", "LSAD": "00", "ALAND": 376962738765, "AWATER": 3869208832 }, "geometry": { "type": "MultiLineString", "coordinates": [ [ [ -112.694828, 46.400257 ], [ -112.72537, 46.393458 ] ] ] } },
{ "type": "Feature", "properties": { "TYPEPIPE": "Intrastate", "Operator": "Northwestern Energy Co", "Status": "Operating", "Shape_Leng": 0.01521684596, "STATEFP": "30", "STATENS": "00767982", "AFFGEOID": "0400000US30", "GEOID": "30", "STUSPS": "MT", "NAME": "Montana", "LSAD": "00", "ALAND": 376962738765, "AWATER": 3869208832 }, "geometry": { "type": "MultiLineString", "coordinates": [ [ [ -112.694828, 46.400257 ], [ -112.687573, 46.413633 ] ] ] } },
{ "type": "Feature", "properties": { "TYPEPIPE": "Intrastate", "Operator": "Northwestern Energy Co", "Status": "Operating", "Shape_Leng": 0.05831109833, "STATEFP": "30", "STATENS": "00767982", "AFFGEOID": "0400000US30", "GEOID": "30", "STUSPS": "MT", "NAME": "Montana", "LSAD": "00", "ALAND": 376962738765, "AWATER": 3869208832 }, "geometry": { "type": "MultiLineString", "coordinates": [ [ [ -112.687573, 46.413633 ], [ -112.745418, 46.420991 ] ] ] } },
{ "type": "Feature", "properties": { "TYPEPIPE": "Intrastate", "Operator": "Northwestern Energy Co", "Status": "Operating", "Shape_Leng": 0.19470227876000001, "STATEFP": "30", "STATENS": "00767982", "AFFGEOID": "0400000US30", "GEOID": "30", "STUSPS": "MT", "NAME": "Montana", "LSAD": "00", "ALAND": 376962738765, "AWATER": 3869208832 }, "geometry": { "type": "MultiLineString", "coordinates": [ [ [ -112.754427, 46.225543 ], [ -112.709595, 46.276447 ], [ -112.715666, 46.31902 ], [ -112.694828, 46.400257 ] ] ] } },
{ "type": "Feature", "properties": { "TYPEPIPE": "Intrastate", "Operator": "Northwestern Energy Co", "Status": "Operating", "Shape_Leng": 0.02414477575, "STATEFP": "30", "STATENS": "00767982", "AFFGEOID": "0400000US30", "GEOID": "30", "STUSPS": "MT", "NAME": "Montana", "LSAD": "00", "ALAND": 376962738765, "AWATER": 3869208832 }, "geometry": { "type": "MultiLineString", "coordinates": [ [ [ -112.754427, 46.225543 ], [ -112.778087, 46.230357 ] ] ] } },
{ "type": "Feature", "properties": { "TYPEPIPE": "Intrastate", "Operator": "Northwestern Energy Co", "Status": "Operating", "Shape_Leng": 0.03548649414, "STATEFP": "30", "STATENS": "00767982", "AFFGEOID": "0400000US30", "GEOID": "30", "STUSPS": "MT", "NAME": "Montana", "LSAD": "00", "ALAND": 376962738765, "AWATER": 3869208832 }, "geometry": { "type": "MultiLineString", "coordinates": [ [ [ -112.752272, 46.190122 ], [ -112.754427, 46.225543 ] ] ] } },
{ "type": "Feature", "properties": { "TYPEPIPE": "Intrastate", "Operator": "Northwestern Energy Co", "Status": "Operating", "Shape_Leng": 0.15462609939, "STATEFP": "30", "STATENS": "00767982", "AFFGEOID": "0400000US30", "GEOID": "30", "STUSPS": "MT", "NAME": "Montana", "LSAD": "00", "ALAND": 376962738765, "AWATER": 3869208832 }, "geometry": { "type": "MultiLineString", "coordinates": [ [ [ -112.752272, 46.190122 ], [ -112.895276, 46.131308 ] ] ] } },
{ "type": "Feature", "properties": { "TYPEPIPE": "Intrastate", "Operator": "Northwestern Energy Co", "Status": "Operating", "Shape_Leng": 0.06195497793, "STATEFP": "30", "STATENS": "00767982", "AFFGEOID": "0400000US30", "GEOID": "30", "STUSPS": "MT", "NAME": "Montana", "LSAD": "00", "ALAND": 376962738765, "AWATER": 3869208832 }, "geometry": { "type": "MultiLineString", "coordinates": [ [ [ -112.895276, 46.131308 ], [ -112.956753, 46.123627 ] ] ] } },
{ "type": "Feature", "properties": { "TYPEPIPE": "Intrastate", "Operator": "Northwestern Energy Co", "Status": "Operating", "Shape_Leng": 0.01929404014, "STATEFP": "30", "STATENS": "00767982", "AFFGEOID": "0400000US30", "GEOID": "30", "STUSPS": "MT", "NAME": "Montana", "LSAD": "00", "ALAND": 376962738765, "AWATER": 3869208832 }, "geometry": { "type": "MultiLineString", "coordinates": [ [ [ -112.895276, 46.131308 ], [ -112.885845, 46.114476 ] ] ] } },
{ "type": "Feature", "properties": { "TYPEPIPE": "Intrastate", "Operator": "Northwestern Energy Co", "Status": "Operating", "Shape_Leng": 0.22639109822, "STATEFP": "30", "STATENS": "00767982", "AFFGEOID": "0400000US30", "GEOID": "30", "STUSPS": "MT", "NAME": "Montana", "LSAD": "00", "ALAND": 376962738765, "AWATER": 3869208832 }, "geometry": { "type": "MultiLineString", "coordinates": [ [ [ -112.599392, 46.027793 ], [ -112.605926, 46.047393 ], [ -112.625433, 46.077158 ], [ -112.697311, 46.134511 ], [ -112.752272, 46.190122 ] ] ] } },
{ "type": "Feature", "properties": { "TYPEPIPE": "Intrastate", "Operator": "Northwestern Energy Co", "Status": "Operating", "Shape_Leng": 0.07836946947, "STATEFP": "30", "STATENS": "00767982", "AFFGEOID": "0400000US30", "GEOID": "30", "STUSPS": "MT", "NAME": "Montana", "LSAD": "00", "ALAND": 376962738765, "AWATER": 3869208832 }, "geometry": { "type": "MultiLineString", "coordinates": [ [ [ -112.599392, 46.027793 ], [ -112.669568, 45.992906 ] ] ] } },
{ "type": "Feature", "properties": { "TYPEPIPE": "Intrastate", "Operator": "Northwestern Energy Co", "Status": "Operating", "Shape_Leng": 0.17169338135000001, "STATEFP": "30", "STATENS": "00767982", "AFFGEOID": "0400000US30", "GEOID": "30", "STUSPS": "MT", "NAME": "Montana", "LSAD": "00", "ALAND": 376962738765, "AWATER": 3869208832 }, "geometry": { "type": "MultiLineString", "coordinates": [ [ [ -112.595315, 45.215242 ], [ -112.606865, 45.19161 ], [ -112.65108, 45.185793 ], [ -112.733023, 45.127101 ] ] ] } },
{ "type": "Feature", "properties": { "TYPEPIPE": "Intrastate", "Operator": "Northwestern Energy Co", "Status": "Operating", "Shape_Leng": 0.02812860411, "STATEFP": "30", "STATENS": "00767982", "AFFGEOID": "0400000US30", "GEOID": "30", "STUSPS": "MT", "NAME": "Montana", "LSAD": "00", "ALAND": 376962738765, "AWATER": 3869208832 }, "geometry": { "type": "MultiLineString", "coordinates": [ [ [ -112.595315, 45.215242 ], [ -112.623378, 45.213322 ] ] ] } },
{ "type": "Feature", "properties": { "TYPEPIPE": "Intrastate", "Operator": "Northwestern Energy Co", "Status": "Operating", "Shape_Leng": 0.13896589375000001, "STATEFP": "30", "STATENS": "00767982", "AFFGEOID": "0400000US30", "GEOID": "30", "STUSPS": "MT", "NAME": "Montana", "LSAD": "00", "ALAND": 376962738765, "AWATER": 3869208832 }, "geometry": { "type": "MultiLineString", "coordinates": [ [ [ -112.323168, 45.555714 ], [ -112.213048, 45.470949 ] ] ] } },
{ "type": "Feature", "properties": { "TYPEPIPE": "Intrastate", "Operator": "Northwestern Energy Co", "Status": "Operating", "Shape_Leng": 0.02383691633, "STATEFP": "30", "STATENS": "00767982", "AFFGEOID": "0400000US30", "GEOID": "30", "STUSPS": "MT", "NAME": "Montana", "LSAD": "00", "ALAND": 376962738765, "AWATER": 3869208832 }, "geometry": { "type": "MultiLineString", "coordinates": [ [ [ -111.56065, 45.861426 ], [ -111.562884, 45.885158 ] ] ] } },
{ "type": "Feature", "properties": { "TYPEPIPE": "Intrastate", "Operator": "Northwestern Energy Co", "Status": "Operating", "Shape_Leng": 0.11706898019, "STATEFP": "30", "STATENS": "00767982", "AFFGEOID": "0400000US30", "GEOID": "30", "STUSPS": "MT", "NAME": "Montana", "LSAD": "00", "ALAND": 376962738765, "AWATER": 3869208832 }, "geometry": { "type": "MultiLineString", "coordinates": [ [ [ -111.443649, 45.857437 ], [ -111.56065, 45.861426 ] ] ] } },
{ "type": "Feature", "properties": { "TYPEPIPE": "Intrastate", "Operator": "Northwestern Energy Co", "Status": "Operating", "Shape_Leng": 0.08841346333, "STATEFP": "30", "STATENS": "00767982", "AFFGEOID": "0400000US30", "GEOID": "30", "STUSPS": "MT", "NAME": "Montana", "LSAD": "00", "ALAND": 376962738765, "AWATER": 3869208832 }, "geometry": { "type": "MultiLineString", "coordinates": [ [ [ -111.443649, 45.857437 ], [ -111.44642, 45.880713 ], [ -111.437962, 45.896675 ], [ -111.457689, 45.915323 ], [ -111.463779, 45.934124 ] ] ] } },
{ "type": "Feature", "properties": { "TYPEPIPE": "Intrastate", "Operator": "Northwestern Energy Co", "Status": "Operating", "Shape_Leng": 0.15309056211, "STATEFP": "30", "STATENS": "00767982", "AFFGEOID": "0400000US30", "GEOID": "30", "STUSPS": "MT", "NAME": "Montana", "LSAD": "00", "ALAND": 376962738765, "AWATER": 3869208832 }, "geometry": { "type": "MultiLineString", "coordinates": [ [ [ -111.298303, 45.820739 ], [ -111.339553, 45.844991 ], [ -111.393906, 45.856111 ], [ -111.443649, 45.857437 ] ] ] } },
{ "type": "Feature", "properties": { "TYPEPIPE": "Intrastate", "Operator": "Northwestern Energy Co", "Status": "Operating", "Shape_Leng": 0.68995337211999996, "STATEFP": "30", "STATENS": "00767982", "AFFGEOID": "0400000US30", "GEOID": "30", "STUSPS": "MT", "NAME": "Montana", "LSAD": "00", "ALAND": 376962738765, "AWATER": 3869208832 }, "geometry": { "type": "MultiLineString", "coordinates": [ [ [ -111.56065, 45.861426 ], [ -111.770301, 45.867173 ], [ -111.811592, 45.85791 ], [ -111.828565, 45.860159 ], [ -112.001911, 45.88065 ], [ -112.037791, 45.873304 ], [ -112.245206, 45.903544 ] ] ] } },
{ "type": "Feature", "properties": { "TYPEPIPE": "Intrastate", "Operator": "Northwestern Energy Co", "Status": "Operating", "Shape_Leng": 0.36071685796000003, "STATEFP": "30", "STATENS": "00767982", "AFFGEOID": "0400000US30", "GEOID": "30", "STUSPS": "MT", "NAME": "Montana", "LSAD": "00", "ALAND": 376962738765, "AWATER": 3869208832 }, "geometry": { "type": "MultiLineString", "coordinates": [ [ [ -112.245206, 45.903544 ], [ -112.246449, 45.808959 ], [ -112.254476, 45.779076 ], [ -112.281263, 45.697941 ], [ -112.282077, 45.664499 ], [ -112.323168, 45.555714 ] ] ] } },
{ "type": "Feature", "properties": { "TYPEPIPE": "Intrastate", "Operator": "Northwestern Energy Co", "Status": "Operating", "Shape_Leng": 0.07376580692, "STATEFP": "30", "STATENS": "00767982", "AFFGEOID": "0400000US30", "GEOID": "30", "STUSPS": "MT", "NAME": "Montana", "LSAD": "00", "ALAND": 376962738765, "AWATER": 3869208832 }, "geometry": { "type": "MultiLineString", "coordinates": [ [ [ -111.298303, 45.820739 ], [ -111.305274, 45.794878 ], [ -111.3212, 45.785971 ], [ -111.322948, 45.75729 ] ] ] } },
{ "type": "Feature", "properties": { "TYPEPIPE": "Intrastate", "Operator": "Northwestern Energy Co", "Status": "Operating", "Shape_Leng": 0.04198763887, "STATEFP": "30", "STATENS": "00767982", "AFFGEOID": "0400000US30", "GEOID": "30", "STUSPS": "MT", "NAME": "Montana", "LSAD": "00", "ALAND": 376962738765, "AWATER": 3869208832 }, "geometry": { "type": "MultiLineString", "coordinates": [ [ [ -110.539084, 45.685017 ], [ -110.569597, 45.656174 ] ] ] } },
{ "type": "Feature", "properties": { "TYPEPIPE": "Intrastate", "Operator": "Northwestern Energy Co", "Status": "Operating", "Shape_Leng": 0.48712014797999997, "STATEFP": "30", "STATENS": "00767982", "AFFGEOID": "0400000US30", "GEOID": "30", "STUSPS": "MT", "NAME": "Montana", "LSAD": "00", "ALAND": 376962738765, "AWATER": 3869208832 }, "geometry": { "type": "MultiLineString", "coordinates": [ [ [ -110.539084, 45.685017 ], [ -110.682257, 45.650698 ], [ -110.914105, 45.659134 ], [ -111.017976, 45.688307 ] ] ] } },
{ "type": "Feature", "properties": { "TYPEPIPE": "Intrastate", "Operator": "Northwestern Energy Co", "Status": "Operating", "Shape_Leng": 0.31041446257, "STATEFP": "30", "STATENS": "00767982", "AFFGEOID": "0400000US30", "GEOID": "30", "STUSPS": "MT", "NAME": "Montana", "LSAD": "00", "ALAND": 376962738765, "AWATER": 3869208832 }, "geometry": { "type": "MultiLineString", "coordinates": [ [ [ -111.017976, 45.688307 ], [ -111.034451, 45.692925 ], [ -111.172405, 45.763581 ], [ -111.216929, 45.783839 ], [ -111.250641, 45.800639 ], [ -111.298303, 45.820739 ] ] ] } },
{ "type": "Feature", "properties": { "TYPEPIPE": "Intrastate", "Operator": "Northwestern Energy Co", "Status": "Operating", "Shape_Leng": 0.01119364186, "STATEFP": "30", "STATENS": "00767982", "AFFGEOID": "0400000US30", "GEOID": "30", "STUSPS": "MT", "NAME": "Montana", "LSAD": "00", "ALAND": 376962738765, "AWATER": 3869208832 }, "geometry": { "type": "MultiLineString", "coordinates": [ [ [ -111.017976, 45.688307 ], [ -111.017023, 45.677154 ] ] ] } },
{ "type": "Feature", "properties": { "TYPEPIPE": "Intrastate", "Operator": "Northwestern Energy Co", "Status": "Operating", "Shape_Leng": 0.4390356176, "STATEFP": "30", "STATENS": "00767982", "AFFGEOID": "0400000US30", "GEOID": "30", "STUSPS": "MT", "NAME": "Montana", "LSAD": "00", "ALAND": 376962738765, "AWATER": 3869208832 }, "geometry": { "type": "MultiLineString", "coordinates": [ [ [ -112.323168, 45.555714 ], [ -112.435269, 45.379887 ], [ -112.535332, 45.291347 ], [ -112.595315, 45.215242 ] ] ] } },
{ "type": "Feature", "properties": { "TYPEPIPE": "Intrastate", "Operator": "Northwestern Energy Co", "Status": "Operating", "Shape_Leng": 1.0637413922400001, "STATEFP": "30", "STATENS": "00767982", "AFFGEOID": "0400000US30", "GEOID": "30", "STUSPS": "MT", "NAME": "Montana", "LSAD": "00", "ALAND": 376962738765, "AWATER": 3869208832 }, "geometry": { "type": "MultiLineString", "coordinates": [ [ [ -112.897219, 46.497801 ], [ -113.051155, 46.578652 ], [ -113.185736, 46.636592 ], [ -113.245885, 46.650111 ], [ -113.357007, 46.69881 ], [ -113.423681, 46.693249 ], [ -113.478715, 46.695263 ], [ -113.512725, 46.71018 ], [ -113.550172, 46.722284 ], [ -113.692806, 46.729014 ], [ -113.71052, 46.76824 ], [ -113.729167, 46.77102 ], [ -113.867192, 46.846285 ] ] ] } },
{ "type": "Feature", "properties": { "TYPEPIPE": "Intrastate", "Operator": "Northwestern Energy Co", "Status": "Operating", "Shape_Leng": 0.61549737493000001, "STATEFP": "30", "STATENS": "00767982", "AFFGEOID": "0400000US30", "GEOID": "30", "STUSPS": "MT", "NAME": "Montana", "LSAD": "00", "ALAND": 376962738765, "AWATER": 3869208832 }, "geometry": { "type": "MultiLineString", "coordinates": [ [ [ -112.687573, 46.413633 ], [ -112.635373, 46.478718 ], [ -112.518527, 46.567421 ], [ -112.480678, 46.571501 ], [ -112.462721, 46.568079 ], [ -112.396565, 46.560146 ], [ -112.359475, 46.594456 ], [ -112.334199, 46.633791 ], [ -112.315586, 46.647695 ], [ -112.284947, 46.649197 ], [ -112.219505, 46.648495 ], [ -112.194654, 46.686907 ] ] ] } },
{ "type": "Feature", "properties": { "TYPEPIPE": "Intrastate", "Operator": "Northwestern Energy Co", "Status": "Operating", "Shape_Leng": 0.30659611367, "STATEFP": "30", "STATENS": "00767982", "AFFGEOID": "0400000US30", "GEOID": "30", "STUSPS": "MT", "NAME": "Montana", "LSAD": "00", "ALAND": 376962738765, "AWATER": 3869208832 }, "geometry": { "type": "MultiLineString", "coordinates": [ [ [ -112.245206, 45.903544 ], [ -112.285138, 45.911102 ], [ -112.310521, 45.910273 ], [ -112.350768, 45.926472 ], [ -112.426988, 45.91872 ], [ -112.447524, 45.918981 ], [ -112.500971, 45.941828 ], [ -112.529583, 45.964636 ], [ -112.53228, 45.969207 ] ] ] } },
{ "type": "Feature", "properties": { "TYPEPIPE": "Intrastate", "Operator": "Northwestern Energy Co", "Status": "Operating", "Shape_Leng": 0.09178040761, "STATEFP": "30", "STATENS": "00767982", "AFFGEOID": "0400000US30", "GEOID": "30", "STUSPS": "MT", "NAME": "Montana", "LSAD": "00", "ALAND": 376962738765, "AWATER": 3869208832 }, "geometry": { "type": "MultiLineString", "coordinates": [ [ [ -112.53228, 45.969207 ], [ -112.549453, 45.998298 ], [ -112.599392, 46.027793 ] ] ] } },
{ "type": "Feature", "properties": { "TYPEPIPE": "Intrastate", "Operator": "Northwestern Energy Co", "Status": "Operating", "Shape_Leng": 0.03744160238, "STATEFP": "30", "STATENS": "00767982", "AFFGEOID": "0400000US30", "GEOID": "30", "STUSPS": "MT", "NAME": "Montana", "LSAD": "00", "ALAND": 376962738765, "AWATER": 3869208832 }, "geometry": { "type": "MultiLineString", "coordinates": [ [ [ -112.536063, 46.006457 ], [ -112.53228, 45.969207 ] ] ] } },
{ "type": "Feature", "properties": { "TYPEPIPE": "Intrastate", "Operator": "Northwestern Energy Co", "Status": "Operating", "Shape_Leng": 0.07977416088, "STATEFP": "30", "STATENS": "00767982", "AFFGEOID": "0400000US30", "GEOID": "30", "STUSPS": "MT", "NAME": "Montana", "LSAD": "00", "ALAND": 376962738765, "AWATER": 3869208832 }, "geometry": { "type": "MultiLineString", "coordinates": [ [ [ -109.143601, 45.267992 ], [ -109.144176, 45.27148 ], [ -109.181353, 45.32331 ], [ -109.19116, 45.330987 ] ] ] } },
{ "type": "Feature", "properties": { "TYPEPIPE": "Intrastate", "Operator": "Northwestern Energy Co", "Status": "Operating", "Shape_Leng": 0.21123632356, "STATEFP": "30", "STATENS": "00767982", "AFFGEOID": "0400000US30", "GEOID": "30", "STUSPS": "MT", "NAME": "Montana", "LSAD": "00", "ALAND": 376962738765, "AWATER": 3869208832 }, "geometry": { "type": "MultiLineString", "coordinates": [ [ [ -109.19116, 45.330987 ], [ -109.22161, 45.354813 ], [ -109.234612, 45.369481 ], [ -109.25804, 45.400446 ], [ -109.265304, 45.405365 ], [ -109.333975, 45.485284 ] ] ] } },
{ "type": "Feature", "properties": { "TYPEPIPE": "Intrastate", "Operator": "Northwestern Energy Co", "Status": "Operating", "Shape_Leng": 0.02783340225, "STATEFP": "30", "STATENS": "00767982", "AFFGEOID": "0400000US30", "GEOID": "30", "STUSPS": "MT", "NAME": "Montana", "LSAD": "00", "ALAND": 376962738765, "AWATER": 3869208832 }, "geometry": { "type": "MultiLineString", "coordinates": [ [ [ -109.19116, 45.330987 ], [ -109.17688, 45.354878 ] ] ] } },
{ "type": "Feature", "properties": { "TYPEPIPE": "Intrastate", "Operator": "Northwestern Energy Co", "Status": "Operating", "Shape_Leng": 0.51481333555999997, "STATEFP": "30", "STATENS": "00767982", "AFFGEOID": "0400000US30", "GEOID": "30", "STUSPS": "MT", "NAME": "Montana", "LSAD": "00", "ALAND": 376962738765, "AWATER": 3869208832 }, "geometry": { "type": "MultiLineString", "coordinates": [ [ [ -110.054508, 45.784313 ], [ -110.177123, 45.714993 ], [ -110.20589, 45.702332 ], [ -110.253413, 45.684258 ], [ -110.288241, 45.678733 ], [ -110.401563, 45.705972 ], [ -110.509907, 45.683475 ], [ -110.539084, 45.685017 ] ] ] } },
{ "type": "Feature", "properties": { "TYPEPIPE": "Intrastate", "Operator": "Northwestern Energy Co", "Status": "Operating", "Shape_Leng": 0.79731841284000005, "STATEFP": "30", "STATENS": "00767982", "AFFGEOID": "0400000US30", "GEOID": "30", "STUSPS": "MT", "NAME": "Montana", "LSAD": "00", "ALAND": 376962738765, "AWATER": 3869208832 }, "geometry": { "type": "MultiLineString", "coordinates": [ [ [ -112.194654, 46.686907 ], [ -112.190206, 46.698373 ], [ -112.192961, 46.760103 ], [ -112.20139, 46.833662 ], [ -112.17175, 46.845467 ], [ -112.17086, 46.87881 ], [ -112.142189, 46.90007 ], [ -112.141931, 46.909599 ], [ -112.133208, 46.93466 ], [ -112.12487, 46.94543 ], [ -112.108853, 46.955271 ], [ -112.097991, 46.960107 ], [ -112.085108, 46.963746 ], [ -112.07128, 46.970446 ], [ -112.054064, 47.035664 ], [ -112.053607, 47.055568 ], [ -112.075773, 47.098174 ], [ -112.082121, 47.116456 ], [ -112.095151, 47.180228 ], [ -112.125681, 47.325224 ], [ -112.14065, 47.39473 ] ] ] } },
{ "type": "Feature", "properties": { "TYPEPIPE": "Intrastate", "Operator": "Northwestern Energy Co", "Status": "Operating", "Shape_Leng": 0.21215816725, "STATEFP": "30", "STATENS": "00767982", "AFFGEOID": "0400000US30", "GEOID": "30", "STUSPS": "MT", "NAME": "Montana", "LSAD": "00", "ALAND": 376962738765, "AWATER": 3869208832 }, "geometry": { "type": "MultiLineString", "coordinates": [ [ [ -112.14065, 47.39473 ], [ -112.141292, 47.496831 ], [ -112.141204, 47.498986 ], [ -112.141281, 47.522096 ], [ -112.140884, 47.529907 ], [ -112.139444, 47.564231 ], [ -112.139249, 47.573281 ], [ -112.139505, 47.595734 ], [ -112.138161, 47.596174 ], [ -112.138223, 47.605866 ] ] ] } },
{ "type": "Feature", "properties": { "TYPEPIPE": "Intrastate", "Operator": "Northwestern Energy Co", "Status": "Operating", "Shape_Leng": 0.22516214316, "STATEFP": "30", "STATENS": "00767982", "AFFGEOID": "0400000US30", "GEOID": "30", "STUSPS": "MT", "NAME": "Montana", "LSAD": "00", "ALAND": 376962738765, "AWATER": 3869208832 }, "geometry": { "type": "MultiLineString", "coordinates": [ [ [ -112.138223, 47.605866 ], [ -112.138445, 47.640594 ], [ -112.137571, 47.655985 ], [ -112.139268, 47.65681 ], [ -112.137708, 47.677775 ], [ -112.141083, 47.700256 ], [ -112.134635, 47.733885 ], [ -112.148451, 47.771781 ], [ -112.147528, 47.77311 ], [ -112.147451, 47.772958 ], [ -112.147766, 47.774173 ], [ -112.150561, 47.788136 ], [ -112.147769, 47.790489 ], [ -112.149554, 47.795191 ], [ -112.149749, 47.81498 ], [ -112.153476, 47.821512 ], [ -112.154801, 47.822262 ] ] ] } },
{ "type": "Feature", "properties": { "TYPEPIPE": "Intrastate", "Operator": "Northwestern Energy Co", "Status": "Operating", "Shape_Leng": 0.15193808968, "STATEFP": "30", "STATENS": "00767982", "AFFGEOID": "0400000US30", "GEOID": "30", "STUSPS": "MT", "NAME": "Montana", "LSAD": "00", "ALAND": 376962738765, "AWATER": 3869208832 }, "geometry": { "type": "MultiLineString", "coordinates": [ [ [ -112.138223, 47.605866 ], [ -112.08781, 47.598979 ], [ -112.061092, 47.59979 ], [ -112.045804, 47.606108 ], [ -111.988186, 47.610491 ] ] ] } },
{ "type": "Feature", "properties": { "TYPEPIPE": "Intrastate", "Operator": "Northwestern Energy Co", "Status": "Operating", "Shape_Leng": 0.10663573358, "STATEFP": "30", "STATENS": "00767982", "AFFGEOID": "0400000US30", "GEOID": "30", "STUSPS": "MT", "NAME": "Montana", "LSAD": "00", "ALAND": 376962738765, "AWATER": 3869208832 }, "geometry": { "type": "MultiLineString", "coordinates": [ [ [ -111.817084, 47.497551 ], [ -111.750256, 47.517261 ], [ -111.746929, 47.517886 ], [ -111.716175, 47.531361 ] ] ] } },
{ "type": "Feature", "properties": { "TYPEPIPE": "Intrastate", "Operator": "Northwestern Energy Co", "Status": "Operating", "Shape_Leng": 0.01214683374, "STATEFP": "30", "STATENS": "00767982", "AFFGEOID": "0400000US30", "GEOID": "30", "STUSPS": "MT", "NAME": "Montana", "LSAD": "00", "ALAND": 376962738765, "AWATER": 3869208832 }, "geometry": { "type": "MultiLineString", "coordinates": [ [ [ -111.817084, 47.497551 ], [ -111.812235, 47.486414 ] ] ] } },
{ "type": "Feature", "properties": { "TYPEPIPE": "Intrastate", "Operator": "Northwestern Energy Co", "Status": "Operating", "Shape_Leng": 0.44167802327, "STATEFP": "30", "STATENS": "00767982", "AFFGEOID": "0400000US30", "GEOID": "30", "STUSPS": "MT", "NAME": "Montana", "LSAD": "00", "ALAND": 376962738765, "AWATER": 3869208832 }, "geometry": { "type": "MultiLineString", "coordinates": [ [ [ -112.391003, 47.490734 ], [ -112.384073, 47.492302 ], [ -112.293751, 47.495252 ], [ -112.279458, 47.497311 ], [ -112.25169, 47.498279 ], [ -112.236941, 47.494308 ], [ -112.22634, 47.492732 ], [ -112.193909, 47.494459 ], [ -112.176221, 47.497378 ], [ -112.167959, 47.49757 ], [ -112.155718, 47.496331 ], [ -112.141917, 47.499258 ], [ -112.138622, 47.498854 ], [ -112.100646, 47.486285 ], [ -112.04936, 47.478998 ], [ -112.04492, 47.479839 ], [ -112.037841, 47.482301 ], [ -112.028725, 47.482897 ], [ -112.004906, 47.486207 ], [ -111.954321, 47.486467 ] ] ] } },
{ "type": "Feature", "properties": { "TYPEPIPE": "Intrastate", "Operator": "Northwestern Energy Co", "Status": "Operating", "Shape_Leng": 0.13813265935, "STATEFP": "30", "STATENS": "00767982", "AFFGEOID": "0400000US30", "GEOID": "30", "STUSPS": "MT", "NAME": "Montana", "LSAD": "00", "ALAND": 376962738765, "AWATER": 3869208832 }, "geometry": { "type": "MultiLineString", "coordinates": [ [ [ -111.954321, 47.486467 ], [ -111.942625, 47.486524 ], [ -111.926406, 47.48716 ], [ -111.921583, 47.487268 ], [ -111.878781, 47.493662 ], [ -111.82633, 47.494823 ], [ -111.82562, 47.495031 ], [ -111.817084, 47.497551 ] ] ] } },
{ "type": "Feature", "properties": { "TYPEPIPE": "Intrastate", "Operator": "Northwestern Energy Co", "Status": "Operating", "Shape_Leng": 0.00905899774, "STATEFP": "30", "STATENS": "00767982", "AFFGEOID": "0400000US30", "GEOID": "30", "STUSPS": "MT", "NAME": "Montana", "LSAD": "00", "ALAND": 376962738765, "AWATER": 3869208832 }, "geometry": { "type": "MultiLineString", "coordinates": [ [ [ -111.954321, 47.486467 ], [ -111.953965, 47.477415 ] ] ] } },
{ "type": "Feature", "properties": { "TYPEPIPE": "Intrastate", "Operator": "Northwestern Energy Co", "Status": "Operating", "Shape_Leng": 0.19015336459000001, "STATEFP": "30", "STATENS": "00767982", "AFFGEOID": "0400000US30", "GEOID": "30", "STUSPS": "MT", "NAME": "Montana", "LSAD": "00", "ALAND": 376962738765, "AWATER": 3869208832 }, "geometry": { "type": "MultiLineString", "coordinates": [ [ [ -111.716175, 47.531361 ], [ -111.708266, 47.535414 ], [ -111.699006, 47.538055 ], [ -111.688953, 47.539218 ], [ -111.687796, 47.539121 ], [ -111.66697, 47.539965 ], [ -111.602787, 47.545134 ], [ -111.567229, 47.552603 ], [ -111.528441, 47.552508 ] ] ] } },
{ "type": "Feature", "properties": { "TYPEPIPE": "Intrastate", "Operator": "Northwestern Energy Co", "Status": "Operating", "Shape_Leng": 0.25243388321, "STATEFP": "30", "STATENS": "00767982", "AFFGEOID": "0400000US30", "GEOID": "30", "STUSPS": "MT", "NAME": "Montana", "LSAD": "00", "ALAND": 376962738765, "AWATER": 3869208832 }, "geometry": { "type": "MultiLineString", "coordinates": [ [ [ -111.528441, 47.552508 ], [ -111.526148, 47.552501 ], [ -111.515149, 47.551354 ], [ -111.492696, 47.547527 ], [ -111.491248, 47.549422 ], [ -111.473241, 47.548099 ], [ -111.440878, 47.543769 ], [ -111.435617, 47.541849 ], [ -111.434319, 47.544 ], [ -111.429617, 47.542205 ], [ -111.389809, 47.53891 ], [ -111.374977, 47.538429 ], [ -111.282482, 47.535964 ], [ -111.279726, 47.535994 ] ] ] } },
{ "type": "Feature", "properties": { "TYPEPIPE": "Intrastate", "Operator": "Northwestern Energy Co", "Status": "Operating", "Shape_Leng": 0.01123020009, "STATEFP": "30", "STATENS": "00767982", "AFFGEOID": "0400000US30", "GEOID": "30", "STUSPS": "MT", "NAME": "Montana", "LSAD": "00", "ALAND": 376962738765, "AWATER": 3869208832 }, "geometry": { "type": "MultiLineString", "coordinates": [ [ [ -111.528441, 47.552508 ], [ -111.531204, 47.563393 ] ] ] } },
{ "type": "Feature", "properties": { "TYPEPIPE": "Intrastate", "Operator": "Northwestern Energy Co", "Status": "Operating", "Shape_Leng": 0.02291966677, "STATEFP": "30", "STATENS": "00767982", "AFFGEOID": "0400000US30", "GEOID": "30", "STUSPS": "MT", "NAME": "Montana", "LSAD": "00", "ALAND": 376962738765, "AWATER": 3869208832 }, "geometry": { "type": "MultiLineString", "coordinates": [ [ [ -108.800326, 48.508898 ], [ -108.79144, 48.530025 ] ] ] } },
{ "type": "Feature", "properties": { "TYPEPIPE": "Intrastate", "Operator": "Northwestern Energy Co", "Status": "Operating", "Shape_Leng": 0.03867151061, "STATEFP": "30", "STATENS": "00767982", "AFFGEOID": "0400000US30", "GEOID": "30", "STUSPS": "MT", "NAME": "Montana", "LSAD": "00", "ALAND": 376962738765, "AWATER": 3869208832 }, "geometry": { "type": "MultiLineString", "coordinates": [ [ [ -108.800324, 48.5089 ], [ -108.774104, 48.495609 ], [ -108.770424, 48.487095 ] ] ] } },
{ "type": "Feature", "properties": { "TYPEPIPE": "Intrastate", "Operator": "Northwestern Energy Co", "Status": "Operating", "Shape_Leng": 0.35459064416000002, "STATEFP": "30", "STATENS": "00767982", "AFFGEOID": "0400000US30", "GEOID": "30", "STUSPS": "MT", "NAME": "Montana", "LSAD": "00", "ALAND": 376962738765, "AWATER": 3869208832 }, "geometry": { "type": "MultiLineString", "coordinates": [ [ [ -109.747173, 48.551443 ], [ -109.74864, 48.551984 ], [ -109.759255, 48.551757 ], [ -109.764794, 48.553046 ], [ -109.813567, 48.551295 ], [ -109.820568, 48.552901 ], [ -109.846754, 48.553391 ], [ -110.03022, 48.553119 ], [ -110.031267, 48.551328 ], [ -110.10027, 48.550956 ] ] ] } },
{ "type": "Feature", "properties": { "TYPEPIPE": "Intrastate", "Operator": "Northwestern Energy Co", "Status": "Operating", "Shape_Leng": 0.00407606489, "STATEFP": "30", "STATENS": "00767982", "AFFGEOID": "0400000US30", "GEOID": "30", "STUSPS": "MT", "NAME": "Montana", "LSAD": "00", "ALAND": 376962738765, "AWATER": 3869208832 }, "geometry": { "type": "MultiLineString", "coordinates": [ [ [ -110.10027, 48.550956 ], [ -110.104346, 48.550933 ] ] ] } },
{ "type": "Feature", "properties": { "TYPEPIPE": "Intrastate", "Operator": "Northwestern Energy Co", "Status": "Operating", "Shape_Leng": 0.02139115336, "STATEFP": "30", "STATENS": "00767982", "AFFGEOID": "0400000US30", "GEOID": "30", "STUSPS": "MT", "NAME": "Montana", "LSAD": "00", "ALAND": 376962738765, "AWATER": 3869208832 }, "geometry": { "type": "MultiLineString", "coordinates": [ [ [ -110.10027, 48.550956 ], [ -110.099611, 48.572337 ] ] ] } },
{ "type": "Feature", "properties": { "TYPEPIPE": "Intrastate", "Operator": "Northwestern Energy Co", "Status": "Operating", "Shape_Leng": 0.17384949966, "STATEFP": "30", "STATENS": "00767982", "AFFGEOID": "0400000US30", "GEOID": "30", "STUSPS": "MT", "NAME": "Montana", "LSAD": "00", "ALAND": 376962738765, "AWATER": 3869208832 }, "geometry": { "type": "MultiLineString", "coordinates": [ [ [ -110.104346, 48.550933 ], [ -110.150189, 48.550057 ], [ -110.278187, 48.55024 ] ] ] } },
{ "type": "Feature", "properties": { "TYPEPIPE": "Intrastate", "Operator": "Northwestern Energy Co", "Status": "Operating", "Shape_Leng": 0.02214325888, "STATEFP": "30", "STATENS": "00767982", "AFFGEOID": "0400000US30", "GEOID": "30", "STUSPS": "MT", "NAME": "Montana", "LSAD": "00", "ALAND": 376962738765, "AWATER": 3869208832 }, "geometry": { "type": "MultiLineString", "coordinates": [ [ [ -110.278187, 48.55024 ], [ -110.281572, 48.572123 ] ] ] } },
{ "type": "Feature", "properties": { "TYPEPIPE": "Intrastate", "Operator": "Northwestern Energy Co", "Status": "Operating", "Shape_Leng": 0.15879622725, "STATEFP": "30", "STATENS": "00767982", "AFFGEOID": "0400000US30", "GEOID": "30", "STUSPS": "MT", "NAME": "Montana", "LSAD": "00", "ALAND": 376962738765, "AWATER": 3869208832 }, "geometry": { "type": "MultiLineString", "coordinates": [ [ [ -110.278187, 48.55024 ], [ -110.348711, 48.550291 ], [ -110.436983, 48.550483 ] ] ] } },
{ "type": "Feature", "properties": { "TYPEPIPE": "Intrastate", "Operator": "Northwestern Energy Co", "Status": "Operating", "Shape_Leng": 0.00660803587, "STATEFP": "30", "STATENS": "00767982", "AFFGEOID": "0400000US30", "GEOID": "30", "STUSPS": "MT", "NAME": "Montana", "LSAD": "00", "ALAND": 376962738765, "AWATER": 3869208832 }, "geometry": { "type": "MultiLineString", "coordinates": [ [ [ -110.436983, 48.550483 ], [ -110.4371, 48.55709 ] ] ] } },
{ "type": "Feature", "properties": { "TYPEPIPE": "Intrastate", "Operator": "Northwestern Energy Co", "Status": "Operating", "Shape_Leng": 0.30014938992000001, "STATEFP": "30", "STATENS": "00767982", "AFFGEOID": "0400000US30", "GEOID": "30", "STUSPS": "MT", "NAME": "Montana", "LSAD": "00", "ALAND": 376962738765, "AWATER": 3869208832 }, "geometry": { "type": "MultiLineString", "coordinates": [ [ [ -110.436983, 48.550483 ], [ -110.557161, 48.550655 ], [ -110.678219, 48.550905 ], [ -110.737132, 48.550937 ] ] ] } },
{ "type": "Feature", "properties": { "TYPEPIPE": "Intrastate", "Operator": "Northwestern Energy Co", "Status": "Operating", "Shape_Leng": 0.0113780004, "STATEFP": "30", "STATENS": "00767982", "AFFGEOID": "0400000US30", "GEOID": "30", "STUSPS": "MT", "NAME": "Montana", "LSAD": "00", "ALAND": 376962738765, "AWATER": 3869208832 }, "geometry": { "type": "MultiLineString", "coordinates": [ [ [ -110.737132, 48.550937 ], [ -110.74851, 48.55094 ] ] ] } },
{ "type": "Feature", "properties": { "TYPEPIPE": "Intrastate", "Operator": "Northwestern Energy Co", "Status": "Operating", "Shape_Leng": 0.00087100057, "STATEFP": "30", "STATENS": "00767982", "AFFGEOID": "0400000US30", "GEOID": "30", "STUSPS": "MT", "NAME": "Montana", "LSAD": "00", "ALAND": 376962738765, "AWATER": 3869208832 }, "geometry": { "type": "MultiLineString", "coordinates": [ [ [ -110.737132, 48.550937 ], [ -110.737133, 48.551808 ] ] ] } },
{ "type": "Feature", "properties": { "TYPEPIPE": "Intrastate", "Operator": "Northwestern Energy Co", "Status": "Operating", "Shape_Leng": 0.09765495996, "STATEFP": "30", "STATENS": "00767982", "AFFGEOID": "0400000US30", "GEOID": "30", "STUSPS": "MT", "NAME": "Montana", "LSAD": "00", "ALAND": 376962738765, "AWATER": 3869208832 }, "geometry": { "type": "MultiLineString", "coordinates": [ [ [ -110.74851, 48.55094 ], [ -110.846164, 48.550507 ] ] ] } },
{ "type": "Feature", "properties": { "TYPEPIPE": "Intrastate", "Operator": "Northwestern Energy Co", "Status": "Operating", "Shape_Leng": 0.12330719827, "STATEFP": "30", "STATENS": "00767982", "AFFGEOID": "0400000US30", "GEOID": "30", "STUSPS": "MT", "NAME": "Montana", "LSAD": "00", "ALAND": 376962738765, "AWATER": 3869208832 }, "geometry": { "type": "MultiLineString", "coordinates": [ [ [ -110.846164, 48.550507 ], [ -110.872142, 48.550379 ], [ -110.872341, 48.55068 ], [ -110.969305, 48.551566 ] ] ] } },
{ "type": "Feature", "properties": { "TYPEPIPE": "Intrastate", "Operator": "Northwestern Energy Co", "Status": "Operating", "Shape_Leng": 0.00187652365, "STATEFP": "30", "STATENS": "00767982", "AFFGEOID": "0400000US30", "GEOID": "30", "STUSPS": "MT", "NAME": "Montana", "LSAD": "00", "ALAND": 376962738765, "AWATER": 3869208832 }, "geometry": { "type": "MultiLineString", "coordinates": [ [ [ -110.846164, 48.550507 ], [ -110.845318, 48.552182 ] ] ] } },
{ "type": "Feature", "properties": { "TYPEPIPE": "Intrastate", "Operator": "Northwestern Energy Co", "Status": "Operating", "Shape_Leng": 0.98566026418999997, "STATEFP": "30", "STATENS": "00767982", "AFFGEOID": "0400000US30", "GEOID": "30", "STUSPS": "MT", "NAME": "Montana", "LSAD": "00", "ALAND": 376962738765, "AWATER": 3869208832 }, "geometry": { "type": "MultiLineString", "coordinates": [ [ [ -113.209608, 48.435737 ], [ -113.331479, 48.311059 ], [ -113.440529, 48.239895 ], [ -113.56773, 48.230111 ], [ -113.594797, 48.263928 ], [ -113.623461, 48.265736 ], [ -113.637946, 48.345529 ], [ -113.678436, 48.348371 ], [ -113.713994, 48.396323 ], [ -113.831146, 48.433887 ], [ -113.877869, 48.476825 ], [ -113.927956, 48.496703 ], [ -113.984179, 48.476541 ] ] ] } },
{ "type": "Feature", "properties": { "TYPEPIPE": "Intrastate", "Operator": "Northwestern Energy Co", "Status": "Operating", "Shape_Leng": 0.92498321661000005, "STATEFP": "30", "STATENS": "00767982", "AFFGEOID": "0400000US30", "GEOID": "30", "STUSPS": "MT", "NAME": "Montana", "LSAD": "00", "ALAND": 376962738765, "AWATER": 3869208832 }, "geometry": { "type": "MultiLineString", "coordinates": [ [ [ -113.286343, 48.998324 ], [ -112.761763, 48.812603 ], [ -112.920507, 48.67067 ], [ -112.921257, 48.666586 ], [ -112.930965, 48.660088 ], [ -112.942115, 48.649915 ], [ -112.95103, 48.640714 ], [ -112.990095, 48.610387 ], [ -113.009999, 48.590775 ], [ -113.009901, 48.586746 ], [ -113.012269, 48.586906 ], [ -113.017794, 48.585069 ], [ -113.024991, 48.57676 ], [ -113.024569, 48.57517 ], [ -113.033001, 48.570678 ] ] ] } },
{ "type": "Feature", "properties": { "TYPEPIPE": "Intrastate", "Operator": "Northwestern Energy Co", "Status": "Operating", "Shape_Leng": 0.11733725014, "STATEFP": "30", "STATENS": "00767982", "AFFGEOID": "0400000US30", "GEOID": "30", "STUSPS": "MT", "NAME": "Montana", "LSAD": "00", "ALAND": 376962738765, "AWATER": 3869208832 }, "geometry": { "type": "MultiLineString", "coordinates": [ [ [ -113.033001, 48.570678 ], [ -113.039888, 48.567006 ], [ -113.051308, 48.557044 ], [ -113.05104, 48.555503 ], [ -113.097723, 48.525465 ], [ -113.101881, 48.524264 ], [ -113.10069, 48.522402 ], [ -113.123277, 48.501516 ] ] ] } },
{ "type": "Feature", "properties": { "TYPEPIPE": "Intrastate", "Operator": "Northwestern Energy Co", "Status": "Operating", "Shape_Leng": 0.03766275005, "STATEFP": "30", "STATENS": "00767982", "AFFGEOID": "0400000US30", "GEOID": "30", "STUSPS": "MT", "NAME": "Montana", "LSAD": "00", "ALAND": 376962738765, "AWATER": 3869208832 }, "geometry": { "type": "MultiLineString", "coordinates": [ [ [ -113.033001, 48.570678 ], [ -112.998306, 48.556024 ] ] ] } },
{ "type": "Feature", "properties": { "TYPEPIPE": "Intrastate", "Operator": "Northwestern Energy Co", "Status": "Operating", "Shape_Leng": 0.1226930749, "STATEFP": "30", "STATENS": "00767982", "AFFGEOID": "0400000US30", "GEOID": "30", "STUSPS": "MT", "NAME": "Montana", "LSAD": "00", "ALAND": 376962738765, "AWATER": 3869208832 }, "geometry": { "type": "MultiLineString", "coordinates": [ [ [ -109.474806, 48.523742 ], [ -109.474942, 48.520548 ], [ -109.472733, 48.520397 ], [ -109.468178, 48.511074 ], [ -109.4473, 48.496174 ], [ -109.449937, 48.480279 ], [ -109.445602, 48.474396 ], [ -109.445515, 48.448921 ], [ -109.424612, 48.428854 ], [ -109.423378, 48.425702 ] ] ] } },
{ "type": "Feature", "properties": { "TYPEPIPE": "Intrastate", "Operator": "Northwestern Energy Co", "Status": "Operating", "Shape_Leng": 0.1226930749, "STATEFP": "30", "STATENS": "00767982", "AFFGEOID": "0400000US30", "GEOID": "30", "STUSPS": "MT", "NAME": "Montana", "LSAD": "00", "ALAND": 376962738765, "AWATER": 3869208832 }, "geometry": { "type": "MultiLineString", "coordinates": [ [ [ -109.474806, 48.523742 ], [ -109.474942, 48.520548 ], [ -109.472733, 48.520397 ], [ -109.468178, 48.511074 ], [ -109.4473, 48.496174 ], [ -109.449937, 48.480279 ], [ -109.445602, 48.474396 ], [ -109.445515, 48.448921 ], [ -109.424612, 48.428854 ], [ -109.423378, 48.425702 ] ] ] } },
{ "type": "Feature", "properties": { "TYPEPIPE": "Intrastate", "Operator": "Northwestern Energy Co", "Status": "Operating", "Shape_Leng": 0.0147277834, "STATEFP": "30", "STATENS": "00767982", "AFFGEOID": "0400000US30", "GEOID": "30", "STUSPS": "MT", "NAME": "Montana", "LSAD": "00", "ALAND": 376962738765, "AWATER": 3869208832 }, "geometry": { "type": "MultiLineString", "coordinates": [ [ [ -112.571708, 48.986043 ], [ -112.557928, 48.991241 ] ] ] } },
{ "type": "Feature", "properties": { "TYPEPIPE": "Intrastate", "Operator": "Northwestern Energy Co", "Status": "Operating", "Shape_Leng": 0.69089064431000002, "STATEFP": "30", "STATENS": "00767982", "AFFGEOID": "0400000US30", "GEOID": "30", "STUSPS": "MT", "NAME": "Montana", "LSAD": "00", "ALAND": 376962738765, "AWATER": 3869208832 }, "geometry": { "type": "MultiLineString", "coordinates": [ [ [ -111.804879, 48.713433 ], [ -111.626792, 48.768449 ], [ -111.178809187622832, 48.997334968621793 ] ] ] } },
{ "type": "Feature", "properties": { "TYPEPIPE": "Interstate", "Operator": "Northern Natural Gas Co", "Status": "Operating", "Shape_Leng": 0.71235834613000004, "STATEFP": "30", "STATENS": "00767982", "AFFGEOID": "0400000US30", "GEOID": "30", "STUSPS": "MT", "NAME": "Montana", "LSAD": "00", "ALAND": 376962738765, "AWATER": 3869208832 }, "geometry": { "type": "MultiLineString", "coordinates": [ [ [ -108.966555844999959, 48.995100012000073 ], [ -109.28688060099995, 48.616754023000055 ], [ -109.413796804999933, 48.441204155000037 ] ] ] } },
{ "type": "Feature", "properties": { "TYPEPIPE": "Interstate", "Operator": "Northern Natural Gas Co", "Status": "Operating", "Shape_Leng": 0.29286696501999998, "STATEFP": "30", "STATENS": "00767982", "AFFGEOID": "0400000US30", "GEOID": "30", "STUSPS": "MT", "NAME": "Montana", "LSAD": "00", "ALAND": 376962738765, "AWATER": 3869208832 }, "geometry": { "type": "MultiLineString", "coordinates": [ [ [ -110.196224, 48.628864 ], [ -110.487936, 48.60288 ] ] ] } },
{ "type": "Feature", "properties": { "TYPEPIPE": "Interstate", "Operator": "Northern Natural Gas Co", "Status": "Operating", "Shape_Leng": 0.1065974901, "STATEFP": "30", "STATENS": "00767982", "AFFGEOID": "0400000US30", "GEOID": "30", "STUSPS": "MT", "NAME": "Montana", "LSAD": "00", "ALAND": 376962738765, "AWATER": 3869208832 }, "geometry": { "type": "MultiLineString", "coordinates": [ [ [ -110.100224, 48.582528 ], [ -110.196224, 48.628864 ] ] ] } },
{ "type": "Feature", "properties": { "TYPEPIPE": "Interstate", "Operator": "Northern Natural Gas Co", "Status": "Operating", "Shape_Leng": 0.17939080128000001, "STATEFP": "30", "STATENS": "00767982", "AFFGEOID": "0400000US30", "GEOID": "30", "STUSPS": "MT", "NAME": "Montana", "LSAD": "00", "ALAND": 376962738765, "AWATER": 3869208832 }, "geometry": { "type": "MultiLineString", "coordinates": [ [ [ -110.100224, 48.672384 ], [ -110.253824, 48.765056 ] ] ] } },
{ "type": "Feature", "properties": { "TYPEPIPE": "Interstate", "Operator": "Northern Natural Gas Co", "Status": "Operating", "Shape_Leng": 0.089856, "STATEFP": "30", "STATENS": "00767982", "AFFGEOID": "0400000US30", "GEOID": "30", "STUSPS": "MT", "NAME": "Montana", "LSAD": "00", "ALAND": 376962738765, "AWATER": 3869208832 }, "geometry": { "type": "MultiLineString", "coordinates": [ [ [ -110.100224, 48.582528 ], [ -110.100224, 48.672384 ] ] ] } },
{ "type": "Feature", "properties": { "TYPEPIPE": "Interstate", "Operator": "Northern Natural Gas Co", "Status": "Operating", "Shape_Leng": 0.16168259592000001, "STATEFP": "30", "STATENS": "00767982", "AFFGEOID": "0400000US30", "GEOID": "30", "STUSPS": "MT", "NAME": "Montana", "LSAD": "00", "ALAND": 376962738765, "AWATER": 3869208832 }, "geometry": { "type": "MultiLineString", "coordinates": [ [ [ -109.954304, 48.512896 ], [ -110.100224, 48.582528 ] ] ] } },
{ "type": "Feature", "properties": { "TYPEPIPE": "Interstate", "Operator": "Northern Natural Gas Co", "Status": "Operating", "Shape_Leng": 0.13504879592, "STATEFP": "30", "STATENS": "00767982", "AFFGEOID": "0400000US30", "GEOID": "30", "STUSPS": "MT", "NAME": "Montana", "LSAD": "00", "ALAND": 376962738765, "AWATER": 3869208832 }, "geometry": { "type": "MultiLineString", "coordinates": [ [ [ -109.954304, 48.512896 ], [ -109.820032, 48.52736 ] ] ] } },
{ "type": "Feature", "properties": { "TYPEPIPE": "Interstate", "Operator": "Northern Natural Gas Co", "Status": "Operating", "Shape_Leng": 0.13709899489, "STATEFP": "30", "STATENS": "00767982", "AFFGEOID": "0400000US30", "GEOID": "30", "STUSPS": "MT", "NAME": "Montana", "LSAD": "00", "ALAND": 376962738765, "AWATER": 3869208832 }, "geometry": { "type": "MultiLineString", "coordinates": [ [ [ -109.954304, 48.512896 ], [ -110.077184, 48.452096 ] ] ] } },
{ "type": "Feature", "properties": { "TYPEPIPE": "Interstate", "Operator": "Northern Natural Gas Co", "Status": "Operating", "Shape_Leng": 0.13918639014, "STATEFP": "30", "STATENS": "00767982", "AFFGEOID": "0400000US30", "GEOID": "30", "STUSPS": "MT", "NAME": "Montana", "LSAD": "00", "ALAND": 376962738765, "AWATER": 3869208832 }, "geometry": { "type": "MultiLineString", "coordinates": [ [ [ -109.827712, 48.45504 ], [ -109.954304, 48.512896 ] ] ] } },
{ "type": "Feature", "properties": { "TYPEPIPE": "Interstate", "Operator": "Northern Natural Gas Co", "Status": "Operating", "Shape_Leng": 0.05434591193, "STATEFP": "30", "STATENS": "00767982", "AFFGEOID": "0400000US30", "GEOID": "30", "STUSPS": "MT", "NAME": "Montana", "LSAD": "00", "ALAND": 376962738765, "AWATER": 3869208832 }, "geometry": { "type": "MultiLineString", "coordinates": [ [ [ -109.723904, 48.339072 ], [ -109.700992, 48.388352 ] ] ] } },
{ "type": "Feature", "properties": { "TYPEPIPE": "Interstate", "Operator": "Northern Natural Gas Co", "Status": "Operating", "Shape_Leng": 0.13564962679000001, "STATEFP": "30", "STATENS": "00767982", "AFFGEOID": "0400000US30", "GEOID": "30", "STUSPS": "MT", "NAME": "Montana", "LSAD": "00", "ALAND": 376962738765, "AWATER": 3869208832 }, "geometry": { "type": "MultiLineString", "coordinates": [ [ [ -109.858432, 48.35648 ], [ -109.723904, 48.339072 ] ] ] } },
{ "type": "Feature", "properties": { "TYPEPIPE": "Interstate", "Operator": "Northern Natural Gas Co", "Status": "Operating", "Shape_Leng": 0.10323658266000001, "STATEFP": "30", "STATENS": "00767982", "AFFGEOID": "0400000US30", "GEOID": "30", "STUSPS": "MT", "NAME": "Montana", "LSAD": "00", "ALAND": 376962738765, "AWATER": 3869208832 }, "geometry": { "type": "MultiLineString", "coordinates": [ [ [ -109.827712, 48.45504 ], [ -109.858432, 48.35648 ] ] ] } },
{ "type": "Feature", "properties": { "TYPEPIPE": "Interstate", "Operator": "Northern Natural Gas Co", "Status": "Operating", "Shape_Leng": 0.15154145909, "STATEFP": "30", "STATENS": "00767982", "AFFGEOID": "0400000US30", "GEOID": "30", "STUSPS": "MT", "NAME": "Montana", "LSAD": "00", "ALAND": 376962738765, "AWATER": 3869208832 }, "geometry": { "type": "MultiLineString", "coordinates": [ [ [ -109.677952, 48.431872 ], [ -109.827712, 48.45504 ] ] ] } },
{ "type": "Feature", "properties": { "TYPEPIPE": "Interstate", "Operator": "Northern Natural Gas Co", "Status": "Operating", "Shape_Leng": 0.0492425832, "STATEFP": "30", "STATENS": "00767982", "AFFGEOID": "0400000US30", "GEOID": "30", "STUSPS": "MT", "NAME": "Montana", "LSAD": "00", "ALAND": 376962738765, "AWATER": 3869208832 }, "geometry": { "type": "MultiLineString", "coordinates": [ [ [ -109.700992, 48.388352 ], [ -109.677952, 48.431872 ] ] ] } },
{ "type": "Feature", "properties": { "TYPEPIPE": "Interstate", "Operator": "Northern Natural Gas Co", "Status": "Operating", "Shape_Leng": 0.18048, "STATEFP": "30", "STATENS": "00767982", "AFFGEOID": "0400000US30", "GEOID": "30", "STUSPS": "MT", "NAME": "Montana", "LSAD": "00", "ALAND": 376962738765, "AWATER": 3869208832 }, "geometry": { "type": "MultiLineString", "coordinates": [ [ [ -109.520512, 48.388352 ], [ -109.700992, 48.388352 ] ] ] } },
{ "type": "Feature", "properties": { "TYPEPIPE": "Interstate", "Operator": "Northern Natural Gas Co", "Status": "Operating", "Shape_Leng": 0.14208, "STATEFP": "30", "STATENS": "00767982", "AFFGEOID": "0400000US30", "GEOID": "30", "STUSPS": "MT", "NAME": "Montana", "LSAD": "00", "ALAND": 376962738765, "AWATER": 3869208832 }, "geometry": { "type": "MultiLineString", "coordinates": [ [ [ -109.378432, 48.388352 ], [ -109.520512, 48.388352 ] ] ] } },
{ "type": "Feature", "properties": { "TYPEPIPE": "Interstate", "Operator": "Northern Natural Gas Co", "Status": "Operating", "Shape_Leng": 0.07039313421, "STATEFP": "30", "STATENS": "00767982", "AFFGEOID": "0400000US30", "GEOID": "30", "STUSPS": "MT", "NAME": "Montana", "LSAD": "00", "ALAND": 376962738765, "AWATER": 3869208832 }, "geometry": { "type": "MultiLineString", "coordinates": [ [ [ -109.31328, 48.10432 ], [ -109.336192, 48.03776 ] ] ] } },
{ "type": "Feature", "properties": { "TYPEPIPE": "Interstate", "Operator": "Northern Natural Gas Co", "Status": "Operating", "Shape_Leng": 0.13439548945, "STATEFP": "30", "STATENS": "00767982", "AFFGEOID": "0400000US30", "GEOID": "30", "STUSPS": "MT", "NAME": "Montana", "LSAD": "00", "ALAND": 376962738765, "AWATER": 3869208832 }, "geometry": { "type": "MultiLineString", "coordinates": [ [ [ -109.528192, 48.020352 ], [ -109.39392, 48.026112 ] ] ] } },
{ "type": "Feature", "properties": { "TYPEPIPE": "Interstate", "Operator": "Northern Natural Gas Co", "Status": "Operating", "Shape_Leng": 0.03882959696, "STATEFP": "30", "STATENS": "00767982", "AFFGEOID": "0400000US30", "GEOID": "30", "STUSPS": "MT", "NAME": "Montana", "LSAD": "00", "ALAND": 376962738765, "AWATER": 3869208832 }, "geometry": { "type": "MultiLineString", "coordinates": [ [ [ -109.566592, 48.014592 ], [ -109.528192, 48.020352 ] ] ] } },
{ "type": "Feature", "properties": { "TYPEPIPE": "Interstate", "Operator": "Northern Natural Gas Co", "Status": "Operating", "Shape_Leng": 0.11169963839, "STATEFP": "30", "STATENS": "00767982", "AFFGEOID": "0400000US30", "GEOID": "30", "STUSPS": "MT", "NAME": "Montana", "LSAD": "00", "ALAND": 376962738765, "AWATER": 3869208832 }, "geometry": { "type": "MultiLineString", "coordinates": [ [ [ -109.566592, 48.014592 ], [ -109.677952, 48.005888 ] ] ] } },
{ "type": "Feature", "properties": { "TYPEPIPE": "Interstate", "Operator": "Northern Natural Gas Co", "Status": "Operating", "Shape_Leng": 0.2112, "STATEFP": "30", "STATENS": "00767982", "AFFGEOID": "0400000US30", "GEOID": "30", "STUSPS": "MT", "NAME": "Montana", "LSAD": "00", "ALAND": 376962738765, "AWATER": 3869208832 }, "geometry": { "type": "MultiLineString", "coordinates": [ [ [ -109.532032, 47.942144 ], [ -109.320832, 47.942144 ] ] ] } },
{ "type": "Feature", "properties": { "TYPEPIPE": "Interstate", "Operator": "Northern Natural Gas Co", "Status": "Operating", "Shape_Leng": 0.08026896227, "STATEFP": "30", "STATENS": "00767982", "AFFGEOID": "0400000US30", "GEOID": "30", "STUSPS": "MT", "NAME": "Montana", "LSAD": "00", "ALAND": 376962738765, "AWATER": 3869208832 }, "geometry": { "type": "MultiLineString", "coordinates": [ [ [ -109.566592, 48.014592 ], [ -109.532032, 47.942144 ] ] ] } },
{ "type": "Feature", "properties": { "TYPEPIPE": "Interstate", "Operator": "Northern Natural Gas Co", "Status": "Operating", "Shape_Leng": 0.07335818362, "STATEFP": "30", "STATENS": "00767982", "AFFGEOID": "0400000US30", "GEOID": "30", "STUSPS": "MT", "NAME": "Montana", "LSAD": "00", "ALAND": 376962738765, "AWATER": 3869208832 }, "geometry": { "type": "MultiLineString", "coordinates": [ [ [ -109.555072, 48.08704 ], [ -109.566592, 48.014592 ] ] ] } },
{ "type": "Feature", "properties": { "TYPEPIPE": "Interstate", "Operator": "Northern Natural Gas Co", "Status": "Operating", "Shape_Leng": 0.02688, "STATEFP": "30", "STATENS": "00767982", "AFFGEOID": "0400000US30", "GEOID": "30", "STUSPS": "MT", "NAME": "Montana", "LSAD": "00", "ALAND": 376962738765, "AWATER": 3869208832 }, "geometry": { "type": "MultiLineString", "coordinates": [ [ [ -109.528192, 48.08704 ], [ -109.555072, 48.08704 ] ] ] } },
{ "type": "Feature", "properties": { "TYPEPIPE": "Interstate", "Operator": "Northern Natural Gas Co", "Status": "Operating", "Shape_Leng": 0.21560558004, "STATEFP": "30", "STATENS": "00767982", "AFFGEOID": "0400000US30", "GEOID": "30", "STUSPS": "MT", "NAME": "Montana", "LSAD": "00", "ALAND": 376962738765, "AWATER": 3869208832 }, "geometry": { "type": "MultiLineString", "coordinates": [ [ [ -109.31328, 48.10432 ], [ -109.528192, 48.08704 ] ] ] } },
{ "type": "Feature", "properties": { "TYPEPIPE": "Interstate", "Operator": "Northern Natural Gas Co", "Status": "Operating", "Shape_Leng": 0.10432, "STATEFP": "30", "STATENS": "00767982", "AFFGEOID": "0400000US30", "GEOID": "30", "STUSPS": "MT", "NAME": "Montana", "LSAD": "00", "ALAND": 376962738765, "AWATER": 3869208832 }, "geometry": { "type": "MultiLineString", "coordinates": [ [ [ -109.25184, 48.03776 ], [ -109.25184, 47.93344 ] ] ] } },
{ "type": "Feature", "properties": { "TYPEPIPE": "Interstate", "Operator": "Northern Natural Gas Co", "Status": "Operating", "Shape_Leng": 0.09058204679, "STATEFP": "30", "STATENS": "00767982", "AFFGEOID": "0400000US30", "GEOID": "30", "STUSPS": "MT", "NAME": "Montana", "LSAD": "00", "ALAND": 376962738765, "AWATER": 3869208832 }, "geometry": { "type": "MultiLineString", "coordinates": [ [ [ -109.31328, 48.10432 ], [ -109.25184, 48.03776 ] ] ] } },
{ "type": "Feature", "properties": { "TYPEPIPE": "Interstate", "Operator": "Northern Natural Gas Co", "Status": "Operating", "Shape_Leng": 0.055168, "STATEFP": "30", "STATENS": "00767982", "AFFGEOID": "0400000US30", "GEOID": "30", "STUSPS": "MT", "NAME": "Montana", "LSAD": "00", "ALAND": 376962738765, "AWATER": 3869208832 }, "geometry": { "type": "MultiLineString", "coordinates": [ [ [ -109.31328, 48.159488 ], [ -109.31328, 48.10432 ] ] ] } },
{ "type": "Feature", "properties": { "TYPEPIPE": "Interstate", "Operator": "Northern Natural Gas Co", "Status": "Operating", "Shape_Leng": 0.057472, "STATEFP": "30", "STATENS": "00767982", "AFFGEOID": "0400000US30", "GEOID": "30", "STUSPS": "MT", "NAME": "Montana", "LSAD": "00", "ALAND": 376962738765, "AWATER": 3869208832 }, "geometry": { "type": "MultiLineString", "coordinates": [ [ [ -109.31328, 48.159488 ], [ -109.370752, 48.159488 ] ] ] } },
{ "type": "Feature", "properties": { "TYPEPIPE": "Interstate", "Operator": "Northern Natural Gas Co", "Status": "Operating", "Shape_Leng": 0.034816, "STATEFP": "30", "STATENS": "00767982", "AFFGEOID": "0400000US30", "GEOID": "30", "STUSPS": "MT", "NAME": "Montana", "LSAD": "00", "ALAND": 376962738765, "AWATER": 3869208832 }, "geometry": { "type": "MultiLineString", "coordinates": [ [ [ -109.31328, 48.194304 ], [ -109.31328, 48.159488 ] ] ] } },
{ "type": "Feature", "properties": { "TYPEPIPE": "Interstate", "Operator": "Northern Natural Gas Co", "Status": "Operating", "Shape_Leng": 0.10162667996, "STATEFP": "30", "STATENS": "00767982", "AFFGEOID": "0400000US30", "GEOID": "30", "STUSPS": "MT", "NAME": "Montana", "LSAD": "00", "ALAND": 376962738765, "AWATER": 3869208832 }, "geometry": { "type": "MultiLineString", "coordinates": [ [ [ -109.347712, 48.28992 ], [ -109.31328, 48.194304 ] ] ] } },
{ "type": "Feature", "properties": { "TYPEPIPE": "Interstate", "Operator": "Northern Natural Gas Co", "Status": "Operating", "Shape_Leng": 0.03934600076, "STATEFP": "30", "STATENS": "00767982", "AFFGEOID": "0400000US30", "GEOID": "30", "STUSPS": "MT", "NAME": "Montana", "LSAD": "00", "ALAND": 376962738765, "AWATER": 3869208832 }, "geometry": { "type": "MultiLineString", "coordinates": [ [ [ -109.309312, 48.298496 ], [ -109.347712, 48.28992 ] ] ] } },
{ "type": "Feature", "properties": { "TYPEPIPE": "Interstate", "Operator": "Northern Natural Gas Co", "Status": "Operating", "Shape_Leng": 0.11336522896, "STATEFP": "30", "STATENS": "00767982", "AFFGEOID": "0400000US30", "GEOID": "30", "STUSPS": "MT", "NAME": "Montana", "LSAD": "00", "ALAND": 376962738765, "AWATER": 3869208832 }, "geometry": { "type": "MultiLineString", "coordinates": [ [ [ -109.378432, 48.388352 ], [ -109.309312, 48.298496 ] ] ] } },
{ "type": "Feature", "properties": { "TYPEPIPE": "Interstate", "Operator": "Northern Natural Gas Co", "Status": "Operating", "Shape_Leng": 0.066688, "STATEFP": "30", "STATENS": "00767982", "AFFGEOID": "0400000US30", "GEOID": "30", "STUSPS": "MT", "NAME": "Montana", "LSAD": "00", "ALAND": 376962738765, "AWATER": 3869208832 }, "geometry": { "type": "MultiLineString", "coordinates": [ [ [ -109.378432, 48.388352 ], [ -109.378432, 48.45504 ] ] ] } },
{ "type": "Feature", "properties": { "TYPEPIPE": "Interstate", "Operator": "Northern Natural Gas Co", "Status": "Operating", "Shape_Leng": 0.22666095041000001, "STATEFP": "30", "STATENS": "00767982", "AFFGEOID": "0400000US30", "GEOID": "30", "STUSPS": "MT", "NAME": "Montana", "LSAD": "00", "ALAND": 376962738765, "AWATER": 3869208832 }, "geometry": { "type": "MultiLineString", "coordinates": [ [ [ -109.153094, 48.404311 ], [ -109.251402, 48.38813 ], [ -109.378432, 48.388352 ] ] ] } },
{ "type": "Feature", "properties": { "TYPEPIPE": "Interstate", "Operator": "Northern Natural Gas Co", "Status": "Operating", "Shape_Leng": 0.06691143358, "STATEFP": "30", "STATENS": "00767982", "AFFGEOID": "0400000US30", "GEOID": "30", "STUSPS": "MT", "NAME": "Montana", "LSAD": "00", "ALAND": 376962738765, "AWATER": 3869208832 }, "geometry": { "type": "MultiLineString", "coordinates": [ [ [ -109.25184, 48.45504 ], [ -109.251402, 48.38813 ] ] ] } },
{ "type": "Feature", "properties": { "TYPEPIPE": "Interstate", "Operator": "Northern Natural Gas Co", "Status": "Operating", "Shape_Leng": 0.11479573511000001, "STATEFP": "30", "STATENS": "00767982", "AFFGEOID": "0400000US30", "GEOID": "30", "STUSPS": "MT", "NAME": "Montana", "LSAD": "00", "ALAND": 376962738765, "AWATER": 3869208832 }, "geometry": { "type": "MultiLineString", "coordinates": [ [ [ -109.505152, 48.623104 ], [ -109.608832, 48.573824 ] ] ] } },
{ "type": "Feature", "properties": { "TYPEPIPE": "Interstate", "Operator": "Northern Natural Gas Co", "Status": "Operating", "Shape_Leng": 0.1536, "STATEFP": "30", "STATENS": "00767982", "AFFGEOID": "0400000US30", "GEOID": "30", "STUSPS": "MT", "NAME": "Montana", "LSAD": "00", "ALAND": 376962738765, "AWATER": 3869208832 }, "geometry": { "type": "MultiLineString", "coordinates": [ [ [ -109.647232, 48.640512 ], [ -109.800832, 48.640512 ] ] ] } },
{ "type": "Feature", "properties": { "TYPEPIPE": "Interstate", "Operator": "Northern Natural Gas Co", "Status": "Operating", "Shape_Leng": 0.075264, "STATEFP": "30", "STATENS": "00767982", "AFFGEOID": "0400000US30", "GEOID": "30", "STUSPS": "MT", "NAME": "Montana", "LSAD": "00", "ALAND": 376962738765, "AWATER": 3869208832 }, "geometry": { "type": "MultiLineString", "coordinates": [ [ [ -109.647232, 48.640512 ], [ -109.647232, 48.715776 ] ] ] } },
{ "type": "Feature", "properties": { "TYPEPIPE": "Interstate", "Operator": "Northern Natural Gas Co", "Status": "Operating", "Shape_Leng": 0.06150449948, "STATEFP": "30", "STATENS": "00767982", "AFFGEOID": "0400000US30", "GEOID": "30", "STUSPS": "MT", "NAME": "Montana", "LSAD": "00", "ALAND": 376962738765, "AWATER": 3869208832 }, "geometry": { "type": "MultiLineString", "coordinates": [ [ [ -109.585792, 48.643328 ], [ -109.647232, 48.640512 ] ] ] } },
{ "type": "Feature", "properties": { "TYPEPIPE": "Interstate", "Operator": "Northern Natural Gas Co", "Status": "Operating", "Shape_Leng": 0.08313735488, "STATEFP": "30", "STATENS": "00767982", "AFFGEOID": "0400000US30", "GEOID": "30", "STUSPS": "MT", "NAME": "Montana", "LSAD": "00", "ALAND": 376962738765, "AWATER": 3869208832 }, "geometry": { "type": "MultiLineString", "coordinates": [ [ [ -109.505152, 48.623104 ], [ -109.585792, 48.643328 ] ] ] } },
{ "type": "Feature", "properties": { "TYPEPIPE": "Interstate", "Operator": "Northern Natural Gas Co", "Status": "Operating", "Shape_Leng": 0.14879580209000001, "STATEFP": "30", "STATENS": "00767982", "AFFGEOID": "0400000US30", "GEOID": "30", "STUSPS": "MT", "NAME": "Montana", "LSAD": "00", "ALAND": 376962738765, "AWATER": 3869208832 }, "geometry": { "type": "MultiLineString", "coordinates": [ [ [ -109.3824, 48.539008 ], [ -109.505152, 48.623104 ] ] ] } },
{ "type": "Feature", "properties": { "TYPEPIPE": "Interstate", "Operator": "Northern Natural Gas Co", "Status": "Operating", "Shape_Leng": 0.08406170381, "STATEFP": "30", "STATENS": "00767982", "AFFGEOID": "0400000US30", "GEOID": "30", "STUSPS": "MT", "NAME": "Montana", "LSAD": "00", "ALAND": 376962738765, "AWATER": 3869208832 }, "geometry": { "type": "MultiLineString", "coordinates": [ [ [ -109.378432, 48.45504 ], [ -109.3824, 48.539008 ] ] ] } },
{ "type": "Feature", "properties": { "TYPEPIPE": "Interstate", "Operator": "Northern Natural Gas Co", "Status": "Operating", "Shape_Leng": 0.126592, "STATEFP": "30", "STATENS": "00767982", "AFFGEOID": "0400000US30", "GEOID": "30", "STUSPS": "MT", "NAME": "Montana", "LSAD": "00", "ALAND": 376962738765, "AWATER": 3869208832 }, "geometry": { "type": "MultiLineString", "coordinates": [ [ [ -109.25184, 48.45504 ], [ -109.378432, 48.45504 ] ] ] } },
{ "type": "Feature", "properties": { "TYPEPIPE": "Intrastate", "Operator": "Northwestern Energy Co", "Status": "Operating", "Shape_Leng": 0.01805731555, "STATEFP": "30", "STATENS": "00767982", "AFFGEOID": "0400000US30", "GEOID": "30", "STUSPS": "MT", "NAME": "Montana", "LSAD": "00", "ALAND": 376962738765, "AWATER": 3869208832 }, "geometry": { "type": "MultiLineString", "coordinates": [ [ [ -112.471819, 48.963118 ], [ -112.457118, 48.962728 ], [ -112.456146, 48.962529 ], [ -112.453791, 48.962666 ] ] ] } },
{ "type": "Feature", "properties": { "TYPEPIPE": "Intrastate", "Operator": "Northwestern Energy Co", "Status": "Operating", "Shape_Leng": 0.02031528075, "STATEFP": "30", "STATENS": "00767982", "AFFGEOID": "0400000US30", "GEOID": "30", "STUSPS": "MT", "NAME": "Montana", "LSAD": "00", "ALAND": 376962738765, "AWATER": 3869208832 }, "geometry": { "type": "MultiLineString", "coordinates": [ [ [ -112.473864, 48.948224 ], [ -112.453558, 48.94761 ] ] ] } },
{ "type": "Feature", "properties": { "TYPEPIPE": "Intrastate", "Operator": "Northwestern Energy Co", "Status": "Operating", "Shape_Leng": 0.01985636513, "STATEFP": "30", "STATENS": "00767982", "AFFGEOID": "0400000US30", "GEOID": "30", "STUSPS": "MT", "NAME": "Montana", "LSAD": "00", "ALAND": 376962738765, "AWATER": 3869208832 }, "geometry": { "type": "MultiLineString", "coordinates": [ [ [ -112.473636, 48.933551 ], [ -112.453796, 48.934357 ] ] ] } },
{ "type": "Feature", "properties": { "TYPEPIPE": "Intrastate", "Operator": "Northwestern Energy Co", "Status": "Operating", "Shape_Leng": 0.02010345893, "STATEFP": "30", "STATENS": "00767982", "AFFGEOID": "0400000US30", "GEOID": "30", "STUSPS": "MT", "NAME": "Montana", "LSAD": "00", "ALAND": 376962738765, "AWATER": 3869208832 }, "geometry": { "type": "MultiLineString", "coordinates": [ [ [ -112.571011, 48.970913 ], [ -112.55093, 48.971863 ] ] ] } },
{ "type": "Feature", "properties": { "TYPEPIPE": "Intrastate", "Operator": "Northwestern Energy Co", "Status": "Operating", "Shape_Leng": 0.0162334715, "STATEFP": "30", "STATENS": "00767982", "AFFGEOID": "0400000US30", "GEOID": "30", "STUSPS": "MT", "NAME": "Montana", "LSAD": "00", "ALAND": 376962738765, "AWATER": 3869208832 }, "geometry": { "type": "MultiLineString", "coordinates": [ [ [ -112.55093, 48.971863 ], [ -112.548784, 48.955772 ] ] ] } },
{ "type": "Feature", "properties": { "TYPEPIPE": "Intrastate", "Operator": "Northwestern Energy Co", "Status": "Operating", "Shape_Leng": 0.00901477054, "STATEFP": "30", "STATENS": "00767982", "AFFGEOID": "0400000US30", "GEOID": "30", "STUSPS": "MT", "NAME": "Montana", "LSAD": "00", "ALAND": 376962738765, "AWATER": 3869208832 }, "geometry": { "type": "MultiLineString", "coordinates": [ [ [ -112.525164, 48.98413 ], [ -112.524265, 48.983802 ], [ -112.516687, 48.981063 ] ] ] } },
{ "type": "Feature", "properties": { "TYPEPIPE": "Intrastate", "Operator": "Northwestern Energy Co", "Status": "Operating", "Shape_Leng": 0.00908085618, "STATEFP": "30", "STATENS": "00767982", "AFFGEOID": "0400000US30", "GEOID": "30", "STUSPS": "MT", "NAME": "Montana", "LSAD": "00", "ALAND": 376962738765, "AWATER": 3869208832 }, "geometry": { "type": "MultiLineString", "coordinates": [ [ [ -112.570023, 48.994896 ], [ -112.56253, 48.989766 ] ] ] } },
{ "type": "Feature", "properties": { "TYPEPIPE": "Intrastate", "Operator": "Northwestern Energy Co", "Status": "Operating", "Shape_Leng": 0.00568900035, "STATEFP": "30", "STATENS": "00767982", "AFFGEOID": "0400000US30", "GEOID": "30", "STUSPS": "MT", "NAME": "Montana", "LSAD": "00", "ALAND": 376962738765, "AWATER": 3869208832 }, "geometry": { "type": "MultiLineString", "coordinates": [ [ [ -112.53168, 48.96942 ], [ -112.53623, 48.966005 ] ] ] } },
{ "type": "Feature", "properties": { "TYPEPIPE": "Intrastate", "Operator": "Northwestern Energy Co", "Status": "Operating", "Shape_Leng": 0.00468366107, "STATEFP": "30", "STATENS": "00767982", "AFFGEOID": "0400000US30", "GEOID": "30", "STUSPS": "MT", "NAME": "Montana", "LSAD": "00", "ALAND": 376962738765, "AWATER": 3869208832 }, "geometry": { "type": "MultiLineString", "coordinates": [ [ [ -112.553861, 48.984082 ], [ -112.549745, 48.986317 ] ] ] } },
{ "type": "Feature", "properties": { "TYPEPIPE": "Intrastate", "Operator": "Northwestern Energy Co", "Status": "Operating", "Shape_Leng": 0.00114787107, "STATEFP": "30", "STATENS": "00767982", "AFFGEOID": "0400000US30", "GEOID": "30", "STUSPS": "MT", "NAME": "Montana", "LSAD": "00", "ALAND": 376962738765, "AWATER": 3869208832 }, "geometry": { "type": "MultiLineString", "coordinates": [ [ [ -112.549745, 48.986317 ], [ -112.548987, 48.985455 ] ] ] } },
{ "type": "Feature", "properties": { "TYPEPIPE": "Intrastate", "Operator": "Northwestern Energy Co", "Status": "Operating", "Shape_Leng": 0.00822383005, "STATEFP": "30", "STATENS": "00767982", "AFFGEOID": "0400000US30", "GEOID": "30", "STUSPS": "MT", "NAME": "Montana", "LSAD": "00", "ALAND": 376962738765, "AWATER": 3869208832 }, "geometry": { "type": "MultiLineString", "coordinates": [ [ [ -112.516187, 48.9325 ], [ -112.5161, 48.935024 ], [ -112.514038, 48.938828 ], [ -112.513219, 48.939928 ] ] ] } },
{ "type": "Feature", "properties": { "TYPEPIPE": "Intrastate", "Operator": "Northwestern Energy Co", "Status": "Operating", "Shape_Leng": 0.01864815741, "STATEFP": "30", "STATENS": "00767982", "AFFGEOID": "0400000US30", "GEOID": "30", "STUSPS": "MT", "NAME": "Montana", "LSAD": "00", "ALAND": 376962738765, "AWATER": 3869208832 }, "geometry": { "type": "MultiLineString", "coordinates": [ [ [ -112.495734, 48.937778 ], [ -112.498107, 48.939879 ], [ -112.500389, 48.939893 ], [ -112.501135, 48.940375 ], [ -112.50175, 48.940268 ], [ -112.502087, 48.939831 ], [ -112.513219, 48.939928 ] ] ] } },
{ "type": "Feature", "properties": { "TYPEPIPE": "Intrastate", "Operator": "Northwestern Energy Co", "Status": "Operating", "Shape_Leng": 0.01895092749, "STATEFP": "30", "STATENS": "00767982", "AFFGEOID": "0400000US30", "GEOID": "30", "STUSPS": "MT", "NAME": "Montana", "LSAD": "00", "ALAND": 376962738765, "AWATER": 3869208832 }, "geometry": { "type": "MultiLineString", "coordinates": [ [ [ -112.54231, 48.977566 ], [ -112.537808, 48.979784 ], [ -112.532186, 48.983534 ], [ -112.52646, 48.983484 ], [ -112.525164, 48.98413 ] ] ] } },
{ "type": "Feature", "properties": { "TYPEPIPE": "Intrastate", "Operator": "Northwestern Energy Co", "Status": "Operating", "Shape_Leng": 0.01576931958, "STATEFP": "30", "STATENS": "00767982", "AFFGEOID": "0400000US30", "GEOID": "30", "STUSPS": "MT", "NAME": "Montana", "LSAD": "00", "ALAND": 376962738765, "AWATER": 3869208832 }, "geometry": { "type": "MultiLineString", "coordinates": [ [ [ -112.473544, 48.977278 ], [ -112.457776, 48.977074 ] ] ] } },
{ "type": "Feature", "properties": { "TYPEPIPE": "Intrastate", "Operator": "Northwestern Energy Co", "Status": "Operating", "Shape_Leng": 0.00605250262, "STATEFP": "30", "STATENS": "00767982", "AFFGEOID": "0400000US30", "GEOID": "30", "STUSPS": "MT", "NAME": "Montana", "LSAD": "00", "ALAND": 376962738765, "AWATER": 3869208832 }, "geometry": { "type": "MultiLineString", "coordinates": [ [ [ -112.457776, 48.977074 ], [ -112.451724, 48.976996 ] ] ] } },
{ "type": "Feature", "properties": { "TYPEPIPE": "Intrastate", "Operator": "Northwestern Energy Co", "Status": "Operating", "Shape_Leng": 0.02179236256, "STATEFP": "30", "STATENS": "00767982", "AFFGEOID": "0400000US30", "GEOID": "30", "STUSPS": "MT", "NAME": "Montana", "LSAD": "00", "ALAND": 376962738765, "AWATER": 3869208832 }, "geometry": { "type": "MultiLineString", "coordinates": [ [ [ -112.474597, 48.990929 ], [ -112.457776, 48.977074 ] ] ] } },
{ "type": "Feature", "properties": { "TYPEPIPE": "Intrastate", "Operator": "Northwestern Energy Co", "Status": "Operating", "Shape_Leng": 0.00495682035, "STATEFP": "30", "STATENS": "00767982", "AFFGEOID": "0400000US30", "GEOID": "30", "STUSPS": "MT", "NAME": "Montana", "LSAD": "00", "ALAND": 376962738765, "AWATER": 3869208832 }, "geometry": { "type": "MultiLineString", "coordinates": [ [ [ -112.346621, 48.91673 ], [ -112.350703, 48.919542 ] ] ] } },
{ "type": "Feature", "properties": { "TYPEPIPE": "Intrastate", "Operator": "Northwestern Energy Co", "Status": "Operating", "Shape_Leng": 0.02631055761, "STATEFP": "30", "STATENS": "00767982", "AFFGEOID": "0400000US30", "GEOID": "30", "STUSPS": "MT", "NAME": "Montana", "LSAD": "00", "ALAND": 376962738765, "AWATER": 3869208832 }, "geometry": { "type": "MultiLineString", "coordinates": [ [ [ -112.36701, 48.898866 ], [ -112.347221, 48.916205 ] ] ] } },
{ "type": "Feature", "properties": { "TYPEPIPE": "Intrastate", "Operator": "Northwestern Energy Co", "Status": "Operating", "Shape_Leng": 0.00079726094, "STATEFP": "30", "STATENS": "00767982", "AFFGEOID": "0400000US30", "GEOID": "30", "STUSPS": "MT", "NAME": "Montana", "LSAD": "00", "ALAND": 376962738765, "AWATER": 3869208832 }, "geometry": { "type": "MultiLineString", "coordinates": [ [ [ -112.347221, 48.916205 ], [ -112.346621, 48.91673 ] ] ] } },
{ "type": "Feature", "properties": { "TYPEPIPE": "Intrastate", "Operator": "Northwestern Energy Co", "Status": "Operating", "Shape_Leng": 0.0147957841, "STATEFP": "30", "STATENS": "00767982", "AFFGEOID": "0400000US30", "GEOID": "30", "STUSPS": "MT", "NAME": "Montana", "LSAD": "00", "ALAND": 376962738765, "AWATER": 3869208832 }, "geometry": { "type": "MultiLineString", "coordinates": [ [ [ -112.347221, 48.916205 ], [ -112.339257, 48.91403 ], [ -112.332887, 48.912548 ] ] ] } },
{ "type": "Feature", "properties": { "TYPEPIPE": "Intrastate", "Operator": "Northwestern Energy Co", "Status": "Operating", "Shape_Leng": 0.08792802894, "STATEFP": "30", "STATENS": "00767982", "AFFGEOID": "0400000US30", "GEOID": "30", "STUSPS": "MT", "NAME": "Montana", "LSAD": "00", "ALAND": 376962738765, "AWATER": 3869208832 }, "geometry": { "type": "MultiLineString", "coordinates": [ [ [ -112.53168, 48.96942 ], [ -112.531646, 48.969396 ], [ -112.513298, 48.957205 ], [ -112.504015, 48.951239 ], [ -112.500815, 48.938516 ], [ -112.461719, 48.924001 ] ] ] } },
{ "type": "Feature", "properties": { "TYPEPIPE": "Intrastate", "Operator": "Northwestern Energy Co", "Status": "Operating", "Shape_Leng": 0.11963368339, "STATEFP": "30", "STATENS": "00767982", "AFFGEOID": "0400000US30", "GEOID": "30", "STUSPS": "MT", "NAME": "Montana", "LSAD": "00", "ALAND": 376962738765, "AWATER": 3869208832 }, "geometry": { "type": "MultiLineString", "coordinates": [ [ [ -112.465565, 48.86795 ], [ -112.452634, 48.883168 ], [ -112.452167, 48.884547 ], [ -112.451605, 48.885214 ], [ -112.451705, 48.889087 ], [ -112.452236, 48.894738 ], [ -112.451663, 48.894949 ], [ -112.451718, 48.895635 ], [ -112.452233, 48.896092 ], [ -112.452558, 48.896748 ], [ -112.452532, 48.897262 ], [ -112.452109, 48.897339 ], [ -112.451969, 48.897899 ], [ -112.452441, 48.898203 ], [ -112.452643, 48.898561 ], [ -112.454436, 48.920211 ], [ -112.454018, 48.920445 ], [ -112.453333, 48.920879 ], [ -112.453849, 48.92141 ], [ -112.454567, 48.9223 ], [ -112.454644, 48.926784 ], [ -112.456038, 48.947902 ], [ -112.457056, 48.967798 ], [ -112.457213, 48.9799 ] ] ] } },
{ "type": "Feature", "properties": { "TYPEPIPE": "Intrastate", "Operator": "Northwestern Energy Co", "Status": "Operating", "Shape_Leng": 0.02382658297, "STATEFP": "30", "STATENS": "00767982", "AFFGEOID": "0400000US30", "GEOID": "30", "STUSPS": "MT", "NAME": "Montana", "LSAD": "00", "ALAND": 376962738765, "AWATER": 3869208832 }, "geometry": { "type": "MultiLineString", "coordinates": [ [ [ -112.443654, 48.889758 ], [ -112.43735, 48.892361 ], [ -112.420435, 48.890601 ] ] ] } },
{ "type": "Feature", "properties": { "TYPEPIPE": "Intrastate", "Operator": "Northwestern Energy Co", "Status": "Operating", "Shape_Leng": 0.00976341232, "STATEFP": "30", "STATENS": "00767982", "AFFGEOID": "0400000US30", "GEOID": "30", "STUSPS": "MT", "NAME": "Montana", "LSAD": "00", "ALAND": 376962738765, "AWATER": 3869208832 }, "geometry": { "type": "MultiLineString", "coordinates": [ [ [ -112.444675, 48.890492 ], [ -112.45035, 48.885981 ], [ -112.452319, 48.884418 ] ] ] } },
{ "type": "Feature", "properties": { "TYPEPIPE": "Intrastate", "Operator": "Northwestern Energy Co", "Status": "Operating", "Shape_Leng": 0.01017378758, "STATEFP": "30", "STATENS": "00767982", "AFFGEOID": "0400000US30", "GEOID": "30", "STUSPS": "MT", "NAME": "Montana", "LSAD": "00", "ALAND": 376962738765, "AWATER": 3869208832 }, "geometry": { "type": "MultiLineString", "coordinates": [ [ [ -112.453828, 48.896566 ], [ -112.448015, 48.900262 ], [ -112.446974, 48.903378 ] ] ] } },
{ "type": "Feature", "properties": { "TYPEPIPE": "Intrastate", "Operator": "Northwestern Energy Co", "Status": "Operating", "Shape_Leng": 0.00254541647, "STATEFP": "30", "STATENS": "00767982", "AFFGEOID": "0400000US30", "GEOID": "30", "STUSPS": "MT", "NAME": "Montana", "LSAD": "00", "ALAND": 376962738765, "AWATER": 3869208832 }, "geometry": { "type": "MultiLineString", "coordinates": [ [ [ -112.465232, 48.904592 ], [ -112.463504, 48.906461 ] ] ] } },
{ "type": "Feature", "properties": { "TYPEPIPE": "Intrastate", "Operator": "Northwestern Energy Co", "Status": "Operating", "Shape_Leng": 0.02428336059, "STATEFP": "30", "STATENS": "00767982", "AFFGEOID": "0400000US30", "GEOID": "30", "STUSPS": "MT", "NAME": "Montana", "LSAD": "00", "ALAND": 376962738765, "AWATER": 3869208832 }, "geometry": { "type": "MultiLineString", "coordinates": [ [ [ -112.461719, 48.924001 ], [ -112.466504, 48.919342 ], [ -112.470935, 48.91746 ], [ -112.474082, 48.912219 ], [ -112.477838, 48.906698 ] ] ] } },
{ "type": "Feature", "properties": { "TYPEPIPE": "Intrastate", "Operator": "Northwestern Energy Co", "Status": "Operating", "Shape_Leng": 0.00390975191, "STATEFP": "30", "STATENS": "00767982", "AFFGEOID": "0400000US30", "GEOID": "30", "STUSPS": "MT", "NAME": "Montana", "LSAD": "00", "ALAND": 376962738765, "AWATER": 3869208832 }, "geometry": { "type": "MultiLineString", "coordinates": [ [ [ -112.476959, 48.892278 ], [ -112.480863, 48.89249 ] ] ] } },
{ "type": "Feature", "properties": { "TYPEPIPE": "Intrastate", "Operator": "Northwestern Energy Co", "Status": "Operating", "Shape_Leng": 0.00816935065, "STATEFP": "30", "STATENS": "00767982", "AFFGEOID": "0400000US30", "GEOID": "30", "STUSPS": "MT", "NAME": "Montana", "LSAD": "00", "ALAND": 376962738765, "AWATER": 3869208832 }, "geometry": { "type": "MultiLineString", "coordinates": [ [ [ -112.477838, 48.906698 ], [ -112.476969, 48.898575 ] ] ] } },
{ "type": "Feature", "properties": { "TYPEPIPE": "Intrastate", "Operator": "Northwestern Energy Co", "Status": "Operating", "Shape_Leng": 0.0085309149, "STATEFP": "30", "STATENS": "00767982", "AFFGEOID": "0400000US30", "GEOID": "30", "STUSPS": "MT", "NAME": "Montana", "LSAD": "00", "ALAND": 376962738765, "AWATER": 3869208832 }, "geometry": { "type": "MultiLineString", "coordinates": [ [ [ -112.476969, 48.898575 ], [ -112.468459, 48.897978 ] ] ] } },
{ "type": "Feature", "properties": { "TYPEPIPE": "Intrastate", "Operator": "Northwestern Energy Co", "Status": "Operating", "Shape_Leng": 0.18066121016, "STATEFP": "30", "STATENS": "00767982", "AFFGEOID": "0400000US30", "GEOID": "30", "STUSPS": "MT", "NAME": "Montana", "LSAD": "00", "ALAND": 376962738765, "AWATER": 3869208832 }, "geometry": { "type": "MultiLineString", "coordinates": [ [ [ -109.437393, 47.03978 ], [ -109.423956, 47.03947 ], [ -109.419289, 47.038474 ], [ -109.414507, 47.036202 ], [ -109.384774, 47.030468 ], [ -109.384061, 47.0278 ], [ -109.376184, 47.022393 ], [ -109.370711, 47.020434 ], [ -109.360116, 47.019473 ], [ -109.357526, 47.020881 ], [ -109.353473, 47.019234 ], [ -109.344959, 47.017204 ], [ -109.33955, 47.014861 ], [ -109.33451, 47.013685 ], [ -109.326517, 47.014122 ], [ -109.321315, 47.012468 ], [ -109.319875, 47.011385 ], [ -109.306357, 47.009219 ], [ -109.305676, 47.008768 ], [ -109.30288, 47.006932 ], [ -109.299313, 47.005385 ], [ -109.294385, 47.004132 ], [ -109.284362, 47.003592 ], [ -109.282937, 47.002993 ], [ -109.277583, 46.998526 ], [ -109.274352, 46.997028 ], [ -109.268117, 46.99665 ], [ -109.267845, 46.996223 ] ] ] } },
{ "type": "Feature", "properties": { "TYPEPIPE": "Intrastate", "Operator": "Northwestern Energy Co", "Status": "Operating", "Shape_Leng": 0.01393550098, "STATEFP": "30", "STATENS": "00767982", "AFFGEOID": "0400000US30", "GEOID": "30", "STUSPS": "MT", "NAME": "Montana", "LSAD": "00", "ALAND": 376962738765, "AWATER": 3869208832 }, "geometry": { "type": "MultiLineString", "coordinates": [ [ [ -109.437393, 47.03978 ], [ -109.436171, 47.041018 ], [ -109.428077, 47.050141 ] ] ] } },
{ "type": "Feature", "properties": { "TYPEPIPE": "Intrastate", "Operator": "Northwestern Energy Co", "Status": "Operating", "Shape_Leng": 0.51328206575000002, "STATEFP": "30", "STATENS": "00767982", "AFFGEOID": "0400000US30", "GEOID": "30", "STUSPS": "MT", "NAME": "Montana", "LSAD": "00", "ALAND": 376962738765, "AWATER": 3869208832 }, "geometry": { "type": "MultiLineString", "coordinates": [ [ [ -109.728557, 46.677929 ], [ -109.727704, 46.700683 ], [ -109.72763, 46.721542 ], [ -109.727787, 46.734758 ], [ -109.727813, 46.737463 ], [ -109.730318, 46.750298 ], [ -109.731688, 46.757373 ], [ -109.731829, 46.763166 ], [ -109.732703, 46.772803 ], [ -109.734216, 46.78667 ], [ -109.73447, 46.792487 ], [ -109.734643, 46.799143 ], [ -109.73338, 46.813839 ], [ -109.731168, 46.825892 ], [ -109.711055, 46.846614 ], [ -109.572233, 46.946078 ], [ -109.561958, 46.954244 ], [ -109.560074, 46.956537 ], [ -109.553064, 46.960629 ], [ -109.539494, 46.971205 ], [ -109.513262, 46.993416 ], [ -109.510507, 46.996406 ], [ -109.506715, 46.998287 ], [ -109.500152, 47.002679 ], [ -109.437393, 47.03978 ] ] ] } },
{ "type": "Feature", "properties": { "TYPEPIPE": "Intrastate", "Operator": "Northwestern Energy Co", "Status": "Operating", "Shape_Leng": 0.01997044375, "STATEFP": "30", "STATENS": "00767982", "AFFGEOID": "0400000US30", "GEOID": "30", "STUSPS": "MT", "NAME": "Montana", "LSAD": "00", "ALAND": 376962738765, "AWATER": 3869208832 }, "geometry": { "type": "MultiLineString", "coordinates": [ [ [ -109.728557, 46.677929 ], [ -109.744136, 46.677739 ], [ -109.746567, 46.67773 ], [ -109.747454, 46.677794 ], [ -109.74852, 46.677702 ] ] ] } },
{ "type": "Feature", "properties": { "TYPEPIPE": "Intrastate", "Operator": "Northwestern Energy Co", "Status": "Operating", "Shape_Leng": 0.12106412739, "STATEFP": "30", "STATENS": "00767982", "AFFGEOID": "0400000US30", "GEOID": "30", "STUSPS": "MT", "NAME": "Montana", "LSAD": "00", "ALAND": 376962738765, "AWATER": 3869208832 }, "geometry": { "type": "MultiLineString", "coordinates": [ [ [ -109.700006, 46.564256 ], [ -109.709529, 46.58721 ], [ -109.71392, 46.596592 ], [ -109.716053, 46.604532 ], [ -109.719443, 46.615666 ], [ -109.722028, 46.623877 ], [ -109.724431, 46.632115 ], [ -109.726936, 46.640142 ], [ -109.729263, 46.648281 ], [ -109.726558, 46.648827 ], [ -109.727336, 46.659896 ], [ -109.728223, 46.673873 ], [ -109.728557, 46.677929 ] ] ] } },
{ "type": "Feature", "properties": { "TYPEPIPE": "Intrastate", "Operator": "Northwestern Energy Co", "Status": "Operating", "Shape_Leng": 0.10861333116000001, "STATEFP": "30", "STATENS": "00767982", "AFFGEOID": "0400000US30", "GEOID": "30", "STUSPS": "MT", "NAME": "Montana", "LSAD": "00", "ALAND": 376962738765, "AWATER": 3869208832 }, "geometry": { "type": "MultiLineString", "coordinates": [ [ [ -109.668047, 46.460451 ], [ -109.700006, 46.564256 ] ] ] } },
{ "type": "Feature", "properties": { "TYPEPIPE": "Intrastate", "Operator": "Northwestern Energy Co", "Status": "Operating", "Shape_Leng": 0.15463880553000001, "STATEFP": "30", "STATENS": "00767982", "AFFGEOID": "0400000US30", "GEOID": "30", "STUSPS": "MT", "NAME": "Montana", "LSAD": "00", "ALAND": 376962738765, "AWATER": 3869208832 }, "geometry": { "type": "MultiLineString", "coordinates": [ [ [ -109.668047, 46.460451 ], [ -109.694523, 46.455087 ], [ -109.713749, 46.4494 ], [ -109.739536, 46.441724 ], [ -109.798279, 46.432401 ], [ -109.803974, 46.431396 ], [ -109.818161, 46.43135 ], [ -109.818063, 46.432568 ] ] ] } },
{ "type": "Feature", "properties": { "TYPEPIPE": "Intrastate", "Operator": "Northwestern Energy Co", "Status": "Operating", "Shape_Leng": 0.01847057445, "STATEFP": "30", "STATENS": "00767982", "AFFGEOID": "0400000US30", "GEOID": "30", "STUSPS": "MT", "NAME": "Montana", "LSAD": "00", "ALAND": 376962738765, "AWATER": 3869208832 }, "geometry": { "type": "MultiLineString", "coordinates": [ [ [ -109.294517, 46.104822 ], [ -109.292189, 46.102996 ], [ -109.291825, 46.103023 ], [ -109.287003, 46.113442 ], [ -109.28697, 46.117108 ] ] ] } },
{ "type": "Feature", "properties": { "TYPEPIPE": "Intrastate", "Operator": "Northwestern Energy Co", "Status": "Operating", "Shape_Leng": 0.01383317896, "STATEFP": "30", "STATENS": "00767982", "AFFGEOID": "0400000US30", "GEOID": "30", "STUSPS": "MT", "NAME": "Montana", "LSAD": "00", "ALAND": 376962738765, "AWATER": 3869208832 }, "geometry": { "type": "MultiLineString", "coordinates": [ [ [ -109.28697, 46.117108 ], [ -109.280148, 46.129142 ] ] ] } },
{ "type": "Feature", "properties": { "TYPEPIPE": "Intrastate", "Operator": "Northwestern Energy Co", "Status": "Operating", "Shape_Leng": 0.01104812753, "STATEFP": "30", "STATENS": "00767982", "AFFGEOID": "0400000US30", "GEOID": "30", "STUSPS": "MT", "NAME": "Montana", "LSAD": "00", "ALAND": 376962738765, "AWATER": 3869208832 }, "geometry": { "type": "MultiLineString", "coordinates": [ [ [ -109.280148, 46.129142 ], [ -109.274557, 46.138671 ] ] ] } },
{ "type": "Feature", "properties": { "TYPEPIPE": "Intrastate", "Operator": "Northwestern Energy Co", "Status": "Operating", "Shape_Leng": 0.00138577491, "STATEFP": "30", "STATENS": "00767982", "AFFGEOID": "0400000US30", "GEOID": "30", "STUSPS": "MT", "NAME": "Montana", "LSAD": "00", "ALAND": 376962738765, "AWATER": 3869208832 }, "geometry": { "type": "MultiLineString", "coordinates": [ [ [ -109.274557, 46.138671 ], [ -109.273794, 46.139686 ], [ -109.273809, 46.139801 ] ] ] } },
{ "type": "Feature", "properties": { "TYPEPIPE": "Intrastate", "Operator": "Northwestern Energy Co", "Status": "Operating", "Shape_Leng": 0.52634384268000001, "STATEFP": "30", "STATENS": "00767982", "AFFGEOID": "0400000US30", "GEOID": "30", "STUSPS": "MT", "NAME": "Montana", "LSAD": "00", "ALAND": 376962738765, "AWATER": 3869208832 }, "geometry": { "type": "MultiLineString", "coordinates": [ [ [ -109.273809, 46.139801 ], [ -109.274526, 46.14525 ], [ -109.276965, 46.147077 ], [ -109.282274, 46.147059 ], [ -109.331015, 46.170875 ], [ -109.334368, 46.174168 ], [ -109.33689, 46.179787 ], [ -109.339186, 46.181179 ], [ -109.367674, 46.193452 ], [ -109.367892, 46.193674 ], [ -109.387759, 46.203659 ], [ -109.39137, 46.206013 ], [ -109.43677, 46.244583 ], [ -109.439573, 46.244127 ], [ -109.444363, 46.248508 ], [ -109.48797, 46.270258 ], [ -109.48995, 46.272714 ], [ -109.492944, 46.273873 ], [ -109.496803, 46.280399 ], [ -109.503177, 46.286523 ], [ -109.505341, 46.289277 ], [ -109.532359, 46.342647 ], [ -109.53251, 46.343586 ], [ -109.531692, 46.347583 ], [ -109.583052, 46.387863 ], [ -109.588562, 46.398308 ], [ -109.594739, 46.404171 ], [ -109.599435, 46.407024 ], [ -109.668047, 46.460451 ] ] ] } },
{ "type": "Feature", "properties": { "TYPEPIPE": "Intrastate", "Operator": "Northwestern Energy Co", "Status": "Operating", "Shape_Leng": 0.0081439068, "STATEFP": "30", "STATENS": "00767982", "AFFGEOID": "0400000US30", "GEOID": "30", "STUSPS": "MT", "NAME": "Montana", "LSAD": "00", "ALAND": 376962738765, "AWATER": 3869208832 }, "geometry": { "type": "MultiLineString", "coordinates": [ [ [ -109.28697, 46.117108 ], [ -109.294933, 46.118815 ] ] ] } },
{ "type": "Feature", "properties": { "TYPEPIPE": "Intrastate", "Operator": "Northwestern Energy Co", "Status": "Operating", "Shape_Leng": 0.00245912505, "STATEFP": "30", "STATENS": "00767982", "AFFGEOID": "0400000US30", "GEOID": "30", "STUSPS": "MT", "NAME": "Montana", "LSAD": "00", "ALAND": 376962738765, "AWATER": 3869208832 }, "geometry": { "type": "MultiLineString", "coordinates": [ [ [ -109.280148, 46.129142 ], [ -109.277748, 46.128606 ] ] ] } },
{ "type": "Feature", "properties": { "TYPEPIPE": "Intrastate", "Operator": "Northwestern Energy Co", "Status": "Operating", "Shape_Leng": 0.00829804471, "STATEFP": "30", "STATENS": "00767982", "AFFGEOID": "0400000US30", "GEOID": "30", "STUSPS": "MT", "NAME": "Montana", "LSAD": "00", "ALAND": 376962738765, "AWATER": 3869208832 }, "geometry": { "type": "MultiLineString", "coordinates": [ [ [ -109.274557, 46.138671 ], [ -109.282632, 46.140582 ] ] ] } },
{ "type": "Feature", "properties": { "TYPEPIPE": "Intrastate", "Operator": "Northwestern Energy Co", "Status": "Operating", "Shape_Leng": 0.00898918478, "STATEFP": "30", "STATENS": "00767982", "AFFGEOID": "0400000US30", "GEOID": "30", "STUSPS": "MT", "NAME": "Montana", "LSAD": "00", "ALAND": 376962738765, "AWATER": 3869208832 }, "geometry": { "type": "MultiLineString", "coordinates": [ [ [ -109.273809, 46.139801 ], [ -109.270957, 46.13907 ], [ -109.269648, 46.138691 ], [ -109.268011, 46.138283 ], [ -109.267175, 46.138005 ], [ -109.266447, 46.137724 ], [ -109.265866, 46.137571 ], [ -109.265211, 46.137242 ] ] ] } },
{ "type": "Feature", "properties": { "TYPEPIPE": "Intrastate", "Operator": "Northwestern Energy Co", "Status": "Operating", "Shape_Leng": 0.00791603609, "STATEFP": "30", "STATENS": "00767982", "AFFGEOID": "0400000US30", "GEOID": "30", "STUSPS": "MT", "NAME": "Montana", "LSAD": "00", "ALAND": 376962738765, "AWATER": 3869208832 }, "geometry": { "type": "MultiLineString", "coordinates": [ [ [ -109.283695, 46.149437 ], [ -109.279984, 46.147839 ], [ -109.276492, 46.147809 ], [ -109.276689, 46.14748 ] ] ] } },
{ "type": "Feature", "properties": { "TYPEPIPE": "Intrastate", "Operator": "Northwestern Energy Co", "Status": "Operating", "Shape_Leng": 0.00944154051, "STATEFP": "30", "STATENS": "00767982", "AFFGEOID": "0400000US30", "GEOID": "30", "STUSPS": "MT", "NAME": "Montana", "LSAD": "00", "ALAND": 376962738765, "AWATER": 3869208832 }, "geometry": { "type": "MultiLineString", "coordinates": [ [ [ -109.273116, 46.155722 ], [ -109.27373, 46.150665 ], [ -109.276689, 46.14748 ] ] ] } },
{ "type": "Feature", "properties": { "TYPEPIPE": "Intrastate", "Operator": "Northwestern Energy Co", "Status": "Operating", "Shape_Leng": 0.19841435682, "STATEFP": "30", "STATENS": "00767982", "AFFGEOID": "0400000US30", "GEOID": "30", "STUSPS": "MT", "NAME": "Montana", "LSAD": "00", "ALAND": 376962738765, "AWATER": 3869208832 }, "geometry": { "type": "MultiLineString", "coordinates": [ [ [ -109.276689, 46.14748 ], [ -109.276964, 46.147023 ], [ -109.282054, 46.145593 ], [ -109.371719, 46.124354 ], [ -109.380382, 46.114871 ], [ -109.37691, 46.107707 ], [ -109.383403, 46.103132 ], [ -109.385499, 46.099084 ], [ -109.385855, 46.096577 ], [ -109.384781, 46.089267 ], [ -109.385068, 46.088304 ], [ -109.384867, 46.081397 ], [ -109.385771, 46.079651 ], [ -109.395354, 46.077455 ], [ -109.398945, 46.075709 ], [ -109.402845, 46.068528 ], [ -109.403632, 46.064884 ], [ -109.410088, 46.062531 ], [ -109.419917, 46.051541 ] ] ] } },
{ "type": "Feature", "properties": { "TYPEPIPE": "Intrastate", "Operator": "Northwestern Energy Co", "Status": "Operating", "Shape_Leng": 0.43271282844999998, "STATEFP": "30", "STATENS": "00767982", "AFFGEOID": "0400000US30", "GEOID": "30", "STUSPS": "MT", "NAME": "Montana", "LSAD": "00", "ALAND": 376962738765, "AWATER": 3869208832 }, "geometry": { "type": "MultiLineString", "coordinates": [ [ [ -109.626611, 45.703027 ], [ -109.624632, 45.705347 ], [ -109.621162, 45.706988 ], [ -109.618591, 45.707255 ], [ -109.616422, 45.708407 ], [ -109.615452, 45.709755 ], [ -109.611809, 45.713073 ], [ -109.611485, 45.713429 ], [ -109.610375, 45.722119 ], [ -109.603961, 45.735786 ], [ -109.596125, 45.748696 ], [ -109.588984, 45.756267 ], [ -109.585365, 45.75778 ], [ -109.585373, 45.759633 ], [ -109.58173, 45.770821 ], [ -109.581145, 45.776922 ], [ -109.580633, 45.783171 ], [ -109.580212, 45.78637 ], [ -109.578561, 45.797069 ], [ -109.578172, 45.798951 ], [ -109.573753, 45.823247 ], [ -109.573053, 45.828306 ], [ -109.571265, 45.833949 ], [ -109.569059, 45.835964 ], [ -109.570004, 45.843604 ], [ -109.567657, 45.846761 ], [ -109.567709, 45.849786 ], [ -109.565683, 45.851673 ], [ -109.563575, 45.859423 ], [ -109.563228, 45.87022 ], [ -109.563011, 45.870603 ], [ -109.552431, 45.88593 ], [ -109.546747, 45.89169 ], [ -109.494948, 45.927319 ], [ -109.49222, 45.959402 ], [ -109.489293, 45.965835 ], [ -109.490556, 45.973221 ], [ -109.487847, 45.979653 ], [ -109.487883, 45.979451 ], [ -109.479675, 45.986687 ], [ -109.466785, 46.000568 ], [ -109.454794, 46.012257 ], [ -109.431016, 46.03581 ], [ -109.428223, 46.041685 ], [ -109.419917, 46.051541 ] ] ] } },
{ "type": "Feature", "properties": { "TYPEPIPE": "Intrastate", "Operator": "Northwestern Energy Co", "Status": "Operating", "Shape_Leng": 0.11181452717, "STATEFP": "30", "STATENS": "00767982", "AFFGEOID": "0400000US30", "GEOID": "30", "STUSPS": "MT", "NAME": "Montana", "LSAD": "00", "ALAND": 376962738765, "AWATER": 3869208832 }, "geometry": { "type": "MultiLineString", "coordinates": [ [ [ -110.054508, 45.784313 ], [ -110.03736, 45.799562 ], [ -109.993892, 45.813335 ], [ -109.978168, 45.8165 ], [ -109.954184, 45.821427 ], [ -109.951457, 45.821113 ] ] ] } },
{ "type": "Feature", "properties": { "TYPEPIPE": "Intrastate", "Operator": "Northwestern Energy Co", "Status": "Operating", "Shape_Leng": 0.35581051405000003, "STATEFP": "30", "STATENS": "00767982", "AFFGEOID": "0400000US30", "GEOID": "30", "STUSPS": "MT", "NAME": "Montana", "LSAD": "00", "ALAND": 376962738765, "AWATER": 3869208832 }, "geometry": { "type": "MultiLineString", "coordinates": [ [ [ -109.951457, 45.821113 ], [ -109.946472, 45.820366 ], [ -109.936634, 45.817663 ], [ -109.882212, 45.801982 ], [ -109.852129, 45.792652 ], [ -109.831049, 45.786205 ], [ -109.824819, 45.783778 ], [ -109.815569, 45.78033 ], [ -109.808461, 45.777016 ], [ -109.795852, 45.771075 ], [ -109.795947, 45.769522 ], [ -109.790648, 45.765263 ], [ -109.788584, 45.765754 ], [ -109.764291, 45.746057 ], [ -109.759267, 45.739433 ], [ -109.754845, 45.735365 ], [ -109.745827, 45.732242 ], [ -109.740818, 45.731558 ], [ -109.717742, 45.734521 ], [ -109.717665, 45.733838 ], [ -109.626514, 45.704781 ], [ -109.626611, 45.703027 ] ] ] } },
{ "type": "Feature", "properties": { "TYPEPIPE": "Intrastate", "Operator": "Northwestern Energy Co", "Status": "Operating", "Shape_Leng": 0.00505293917, "STATEFP": "30", "STATENS": "00767982", "AFFGEOID": "0400000US30", "GEOID": "30", "STUSPS": "MT", "NAME": "Montana", "LSAD": "00", "ALAND": 376962738765, "AWATER": 3869208832 }, "geometry": { "type": "MultiLineString", "coordinates": [ [ [ -109.951457, 45.821113 ], [ -109.951435, 45.82551 ], [ -109.950857, 45.82582 ] ] ] } },
{ "type": "Feature", "properties": { "TYPEPIPE": "Intrastate", "Operator": "Northwestern Energy Co", "Status": "Operating", "Shape_Leng": 0.02015090627, "STATEFP": "30", "STATENS": "00767982", "AFFGEOID": "0400000US30", "GEOID": "30", "STUSPS": "MT", "NAME": "Montana", "LSAD": "00", "ALAND": 376962738765, "AWATER": 3869208832 }, "geometry": { "type": "MultiLineString", "coordinates": [ [ [ -109.437881, 45.523865 ], [ -109.424765, 45.534395 ], [ -109.423793, 45.534472 ], [ -109.421685, 45.535524 ] ] ] } },
{ "type": "Feature", "properties": { "TYPEPIPE": "Intrastate", "Operator": "Northwestern Energy Co", "Status": "Operating", "Shape_Leng": 0.29173906274, "STATEFP": "30", "STATENS": "00767982", "AFFGEOID": "0400000US30", "GEOID": "30", "STUSPS": "MT", "NAME": "Montana", "LSAD": "00", "ALAND": 376962738765, "AWATER": 3869208832 }, "geometry": { "type": "MultiLineString", "coordinates": [ [ [ -109.626611, 45.703027 ], [ -109.62653, 45.701553 ], [ -109.61883, 45.68607 ], [ -109.609468, 45.677197 ], [ -109.607861, 45.674691 ], [ -109.610808, 45.664315 ], [ -109.611113, 45.654103 ], [ -109.61304, 45.642997 ], [ -109.59729, 45.622539 ], [ -109.58442, 45.611265 ], [ -109.530459, 45.590514 ], [ -109.517458, 45.577303 ], [ -109.499801, 45.574545 ], [ -109.474997, 45.563117 ], [ -109.463745, 45.560055 ], [ -109.43862, 45.545064 ], [ -109.434277, 45.542867 ], [ -109.421685, 45.535524 ] ] ] } },
{ "type": "Feature", "properties": { "TYPEPIPE": "Intrastate", "Operator": "Northwestern Energy Co", "Status": "Operating", "Shape_Leng": 0.10581311112, "STATEFP": "30", "STATENS": "00767982", "AFFGEOID": "0400000US30", "GEOID": "30", "STUSPS": "MT", "NAME": "Montana", "LSAD": "00", "ALAND": 376962738765, "AWATER": 3869208832 }, "geometry": { "type": "MultiLineString", "coordinates": [ [ [ -109.421685, 45.535524 ], [ -109.376023, 45.514855 ], [ -109.360316, 45.513154 ], [ -109.347584, 45.491937 ], [ -109.333975, 45.485284 ] ] ] } },
{ "type": "Feature", "properties": { "TYPEPIPE": "Intrastate", "Operator": "Northwestern Energy Co", "Status": "Operating", "Shape_Leng": 0.30610954929, "STATEFP": "30", "STATENS": "00767982", "AFFGEOID": "0400000US30", "GEOID": "30", "STUSPS": "MT", "NAME": "Montana", "LSAD": "00", "ALAND": 376962738765, "AWATER": 3869208832 }, "geometry": { "type": "MultiLineString", "coordinates": [ [ [ -108.53618, 45.518059 ], [ -108.528081, 45.527188 ], [ -108.528801, 45.554882 ], [ -108.525885, 45.556667 ], [ -108.526822, 45.559405 ], [ -108.527072, 45.589984 ], [ -108.522512, 45.605434 ], [ -108.523963, 45.610174 ], [ -108.526648, 45.614597 ], [ -108.526498, 45.617501 ], [ -108.528563, 45.624851 ], [ -108.528875, 45.630889 ], [ -108.527191, 45.637306 ], [ -108.52936, 45.642484 ], [ -108.529313, 45.671066 ], [ -108.528122, 45.673349 ], [ -108.529258, 45.677379 ], [ -108.53545, 45.690177 ], [ -108.536043, 45.696823 ], [ -108.530437, 45.703804 ], [ -108.530418, 45.707665 ], [ -108.528574, 45.715016 ], [ -108.525573, 45.719577 ], [ -108.533315, 45.728002 ], [ -108.535281, 45.740093 ], [ -108.533467, 45.740176 ], [ -108.533526, 45.741208 ], [ -108.508411, 45.755428 ], [ -108.488417, 45.773239 ], [ -108.484176, 45.773087 ], [ -108.479922, 45.773769 ], [ -108.479, 45.774842 ] ] ] } },
{ "type": "Feature", "properties": { "TYPEPIPE": "Intrastate", "Operator": "Northwestern Energy Co", "Status": "Operating", "Shape_Leng": 0.37858951113, "STATEFP": "30", "STATENS": "00767982", "AFFGEOID": "0400000US30", "GEOID": "30", "STUSPS": "MT", "NAME": "Montana", "LSAD": "00", "ALAND": 376962738765, "AWATER": 3869208832 }, "geometry": { "type": "MultiLineString", "coordinates": [ [ [ -108.53873, 45.581081 ], [ -108.527813, 45.581184 ], [ -108.528584, 45.595535 ], [ -108.518638, 45.595769 ], [ -108.519047, 45.609991 ], [ -108.509571, 45.610076 ], [ -108.509602, 45.62533 ], [ -108.488945, 45.625381 ], [ -108.488889, 45.631542 ], [ -108.457451, 45.631485 ], [ -108.457333, 45.646078 ], [ -108.447273, 45.646029 ], [ -108.447221, 45.656231 ], [ -108.437449, 45.656206 ], [ -108.437171, 45.660015 ], [ -108.427652, 45.659973 ], [ -108.427405, 45.666358 ], [ -108.427951, 45.670631 ], [ -108.417378, 45.670699 ], [ -108.417646, 45.696403 ], [ -108.407397, 45.696401 ], [ -108.407248, 45.698845 ], [ -108.39725, 45.698919 ], [ -108.397472, 45.739827 ], [ -108.386707, 45.739738 ], [ -108.376181, 45.74692 ], [ -108.369692, 45.746935 ], [ -108.369549, 45.748903 ], [ -108.36056, 45.748808 ], [ -108.360642, 45.76285 ], [ -108.363213, 45.762982 ], [ -108.3637, 45.78299 ] ] ] } },
{ "type": "Feature", "properties": { "TYPEPIPE": "Intrastate", "Operator": "Northwestern Energy Co", "Status": "Operating", "Shape_Leng": 0.17699562887, "STATEFP": "30", "STATENS": "00767982", "AFFGEOID": "0400000US30", "GEOID": "30", "STUSPS": "MT", "NAME": "Montana", "LSAD": "00", "ALAND": 376962738765, "AWATER": 3869208832 }, "geometry": { "type": "MultiLineString", "coordinates": [ [ [ -108.623794, 45.485259 ], [ -108.636821, 45.502525 ], [ -108.588237, 45.521682 ], [ -108.582051, 45.5253 ], [ -108.577011, 45.529535 ], [ -108.576721, 45.537739 ], [ -108.576637, 45.541323 ], [ -108.558786, 45.541876 ], [ -108.558826, 45.552128 ], [ -108.548273, 45.552435 ], [ -108.54828, 45.559735 ], [ -108.538275, 45.559465 ], [ -108.53873, 45.581081 ] ] ] } },
{ "type": "Feature", "properties": { "TYPEPIPE": "Intrastate", "Operator": "Northwestern Energy Co", "Status": "Operating", "Shape_Leng": 0.03300618234, "STATEFP": "30", "STATENS": "00767982", "AFFGEOID": "0400000US30", "GEOID": "30", "STUSPS": "MT", "NAME": "Montana", "LSAD": "00", "ALAND": 376962738765, "AWATER": 3869208832 }, "geometry": { "type": "MultiLineString", "coordinates": [ [ [ -108.623794, 45.485259 ], [ -108.623743, 45.476561 ], [ -108.639804, 45.469223 ], [ -108.644859, 45.464902 ] ] ] } },
{ "type": "Feature", "properties": { "TYPEPIPE": "Intrastate", "Operator": "Northwestern Energy Co", "Status": "Operating", "Shape_Leng": 0.00274781331, "STATEFP": "30", "STATENS": "00767982", "AFFGEOID": "0400000US30", "GEOID": "30", "STUSPS": "MT", "NAME": "Montana", "LSAD": "00", "ALAND": 376962738765, "AWATER": 3869208832 }, "geometry": { "type": "MultiLineString", "coordinates": [ [ [ -108.985346, 45.018632 ], [ -108.986167, 45.019511 ], [ -108.986557, 45.021006 ] ] ] } },
{ "type": "Feature", "properties": { "TYPEPIPE": "Intrastate", "Operator": "Northwestern Energy Co", "Status": "Operating", "Shape_Leng": 0.02658210079, "STATEFP": "30", "STATENS": "00767982", "AFFGEOID": "0400000US30", "GEOID": "30", "STUSPS": "MT", "NAME": "Montana", "LSAD": "00", "ALAND": 376962738765, "AWATER": 3869208832 }, "geometry": { "type": "MultiLineString", "coordinates": [ [ [ -108.986557, 45.021006 ], [ -108.987957, 45.020444 ], [ -108.990682, 45.02051 ], [ -108.992977, 45.020556 ], [ -108.994839, 45.021387 ], [ -108.995895, 45.027323 ], [ -108.995451, 45.031267 ], [ -108.991625, 45.03831 ] ] ] } },
{ "type": "Feature", "properties": { "TYPEPIPE": "Intrastate", "Operator": "Northwestern Energy Co", "Status": "Operating", "Shape_Leng": 0.01728990936, "STATEFP": "30", "STATENS": "00767982", "AFFGEOID": "0400000US30", "GEOID": "30", "STUSPS": "MT", "NAME": "Montana", "LSAD": "00", "ALAND": 376962738765, "AWATER": 3869208832 }, "geometry": { "type": "MultiLineString", "coordinates": [ [ [ -108.975028, 45.040767 ], [ -108.979745, 45.040239 ], [ -108.983654, 45.04053 ], [ -108.990013, 45.037782 ], [ -108.991625, 45.03831 ] ] ] } },
{ "type": "Feature", "properties": { "TYPEPIPE": "Intrastate", "Operator": "Northwestern Energy Co", "Status": "Operating", "Shape_Leng": 0.01083124493, "STATEFP": "30", "STATENS": "00767982", "AFFGEOID": "0400000US30", "GEOID": "30", "STUSPS": "MT", "NAME": "Montana", "LSAD": "00", "ALAND": 376962738765, "AWATER": 3869208832 }, "geometry": { "type": "MultiLineString", "coordinates": [ [ [ -109.024002, 45.048646 ], [ -109.02836, 45.049829 ], [ -109.030763, 45.049897 ], [ -109.032158, 45.051557 ], [ -109.030863, 45.052724 ] ] ] } },
{ "type": "Feature", "properties": { "TYPEPIPE": "Intrastate", "Operator": "Northwestern Energy Co", "Status": "Operating", "Shape_Leng": 0.00232584995, "STATEFP": "30", "STATENS": "00767982", "AFFGEOID": "0400000US30", "GEOID": "30", "STUSPS": "MT", "NAME": "Montana", "LSAD": "00", "ALAND": 376962738765, "AWATER": 3869208832 }, "geometry": { "type": "MultiLineString", "coordinates": [ [ [ -109.024002, 45.048646 ], [ -109.024495, 45.046373 ] ] ] } },
{ "type": "Feature", "properties": { "TYPEPIPE": "Intrastate", "Operator": "Northwestern Energy Co", "Status": "Operating", "Shape_Leng": 0.00146591746, "STATEFP": "30", "STATENS": "00767982", "AFFGEOID": "0400000US30", "GEOID": "30", "STUSPS": "MT", "NAME": "Montana", "LSAD": "00", "ALAND": 376962738765, "AWATER": 3869208832 }, "geometry": { "type": "MultiLineString", "coordinates": [ [ [ -109.022587, 45.048263 ], [ -109.024002, 45.048646 ] ] ] } },
{ "type": "Feature", "properties": { "TYPEPIPE": "Intrastate", "Operator": "Northwestern Energy Co", "Status": "Operating", "Shape_Leng": 0.03309587104, "STATEFP": "30", "STATENS": "00767982", "AFFGEOID": "0400000US30", "GEOID": "30", "STUSPS": "MT", "NAME": "Montana", "LSAD": "00", "ALAND": 376962738765, "AWATER": 3869208832 }, "geometry": { "type": "MultiLineString", "coordinates": [ [ [ -108.991625, 45.03831 ], [ -109.002371, 45.042929 ], [ -109.007462, 45.044228 ], [ -109.012975, 45.047703 ], [ -109.022587, 45.048263 ] ] ] } },
{ "type": "Feature", "properties": { "TYPEPIPE": "Intrastate", "Operator": "Northwestern Energy Co", "Status": "Operating", "Shape_Leng": 0.01380423531, "STATEFP": "30", "STATENS": "00767982", "AFFGEOID": "0400000US30", "GEOID": "30", "STUSPS": "MT", "NAME": "Montana", "LSAD": "00", "ALAND": 376962738765, "AWATER": 3869208832 }, "geometry": { "type": "MultiLineString", "coordinates": [ [ [ -108.982527, 45.231337 ], [ -108.978956, 45.233775 ], [ -108.978306, 45.234104 ], [ -108.973629, 45.233559 ], [ -108.973089, 45.233461 ], [ -108.974172, 45.232623 ], [ -108.97418, 45.230651 ], [ -108.974027, 45.23065 ] ] ] } },
{ "type": "Feature", "properties": { "TYPEPIPE": "Intrastate", "Operator": "Northwestern Energy Co", "Status": "Operating", "Shape_Leng": 0.00161111204, "STATEFP": "30", "STATENS": "00767982", "AFFGEOID": "0400000US30", "GEOID": "30", "STUSPS": "MT", "NAME": "Montana", "LSAD": "00", "ALAND": 376962738765, "AWATER": 3869208832 }, "geometry": { "type": "MultiLineString", "coordinates": [ [ [ -108.974027, 45.23065 ], [ -108.972416, 45.230631 ] ] ] } },
{ "type": "Feature", "properties": { "TYPEPIPE": "Intrastate", "Operator": "Northwestern Energy Co", "Status": "Operating", "Shape_Leng": 0.00782611249, "STATEFP": "30", "STATENS": "00767982", "AFFGEOID": "0400000US30", "GEOID": "30", "STUSPS": "MT", "NAME": "Montana", "LSAD": "00", "ALAND": 376962738765, "AWATER": 3869208832 }, "geometry": { "type": "MultiLineString", "coordinates": [ [ [ -108.974027, 45.23065 ], [ -108.974089, 45.225645 ], [ -108.973121, 45.224512 ], [ -108.972835, 45.223956 ], [ -108.972225, 45.223602 ] ] ] } },
{ "type": "Feature", "properties": { "TYPEPIPE": "Intrastate", "Operator": "Northwestern Energy Co", "Status": "Operating", "Shape_Leng": 0.00398161218, "STATEFP": "30", "STATENS": "00767982", "AFFGEOID": "0400000US30", "GEOID": "30", "STUSPS": "MT", "NAME": "Montana", "LSAD": "00", "ALAND": 376962738765, "AWATER": 3869208832 }, "geometry": { "type": "MultiLineString", "coordinates": [ [ [ -108.985981, 45.231882 ], [ -108.984934, 45.232594 ], [ -108.982527, 45.231337 ] ] ] } },
{ "type": "Feature", "properties": { "TYPEPIPE": "Intrastate", "Operator": "Northwestern Energy Co", "Status": "Operating", "Shape_Leng": 0.00222222282, "STATEFP": "30", "STATENS": "00767982", "AFFGEOID": "0400000US30", "GEOID": "30", "STUSPS": "MT", "NAME": "Montana", "LSAD": "00", "ALAND": 376962738765, "AWATER": 3869208832 }, "geometry": { "type": "MultiLineString", "coordinates": [ [ [ -108.982527, 45.231337 ], [ -108.981846, 45.230527 ], [ -108.981778, 45.229365 ] ] ] } },
{ "type": "Feature", "properties": { "TYPEPIPE": "Intrastate", "Operator": "Northwestern Energy Co", "Status": "Operating", "Shape_Leng": 0.00752703527, "STATEFP": "30", "STATENS": "00767982", "AFFGEOID": "0400000US30", "GEOID": "30", "STUSPS": "MT", "NAME": "Montana", "LSAD": "00", "ALAND": 376962738765, "AWATER": 3869208832 }, "geometry": { "type": "MultiLineString", "coordinates": [ [ [ -108.962979, 45.052899 ], [ -108.956211, 45.049605 ] ] ] } },
{ "type": "Feature", "properties": { "TYPEPIPE": "Intrastate", "Operator": "Northwestern Energy Co", "Status": "Operating", "Shape_Leng": 0.01735525377, "STATEFP": "30", "STATENS": "00767982", "AFFGEOID": "0400000US30", "GEOID": "30", "STUSPS": "MT", "NAME": "Montana", "LSAD": "00", "ALAND": 376962738765, "AWATER": 3869208832 }, "geometry": { "type": "MultiLineString", "coordinates": [ [ [ -108.975028, 45.040767 ], [ -108.970118, 45.04373 ], [ -108.962979, 45.052899 ] ] ] } },
{ "type": "Feature", "properties": { "TYPEPIPE": "Intrastate", "Operator": "Northwestern Energy Co", "Status": "Operating", "Shape_Leng": 0.00345744371, "STATEFP": "30", "STATENS": "00767982", "AFFGEOID": "0400000US30", "GEOID": "30", "STUSPS": "MT", "NAME": "Montana", "LSAD": "00", "ALAND": 376962738765, "AWATER": 3869208832 }, "geometry": { "type": "MultiLineString", "coordinates": [ [ [ -108.664177, 45.129356 ], [ -108.665548, 45.13253 ] ] ] } },
{ "type": "Feature", "properties": { "TYPEPIPE": "Intrastate", "Operator": "Northwestern Energy Co", "Status": "Operating", "Shape_Leng": 0.00232400086, "STATEFP": "30", "STATENS": "00767982", "AFFGEOID": "0400000US30", "GEOID": "30", "STUSPS": "MT", "NAME": "Montana", "LSAD": "00", "ALAND": 376962738765, "AWATER": 3869208832 }, "geometry": { "type": "MultiLineString", "coordinates": [ [ [ -108.665548, 45.13253 ], [ -108.66644, 45.134676 ] ] ] } },
{ "type": "Feature", "properties": { "TYPEPIPE": "Intrastate", "Operator": "Northwestern Energy Co", "Status": "Operating", "Shape_Leng": 0.08618240214, "STATEFP": "30", "STATENS": "00767982", "AFFGEOID": "0400000US30", "GEOID": "30", "STUSPS": "MT", "NAME": "Montana", "LSAD": "00", "ALAND": 376962738765, "AWATER": 3869208832 }, "geometry": { "type": "MultiLineString", "coordinates": [ [ [ -108.962979, 45.052899 ], [ -108.962438, 45.053557 ], [ -108.960626, 45.058241 ], [ -108.961482, 45.059324 ], [ -108.965819, 45.07954 ], [ -108.966244, 45.081209 ], [ -108.967577, 45.089141 ], [ -108.964856, 45.096609 ], [ -108.963741, 45.106421 ], [ -108.964425, 45.115518 ], [ -108.963203, 45.115828 ], [ -108.963515, 45.118658 ], [ -108.964664, 45.118707 ], [ -108.967114, 45.134804 ] ] ] } },
{ "type": "Feature", "properties": { "TYPEPIPE": "Intrastate", "Operator": "Northwestern Energy Co", "Status": "Operating", "Shape_Leng": 0.30830866843, "STATEFP": "30", "STATENS": "00767982", "AFFGEOID": "0400000US30", "GEOID": "30", "STUSPS": "MT", "NAME": "Montana", "LSAD": "00", "ALAND": 376962738765, "AWATER": 3869208832 }, "geometry": { "type": "MultiLineString", "coordinates": [ [ [ -108.665548, 45.13253 ], [ -108.697463, 45.136185 ], [ -108.720353, 45.135135 ], [ -108.72995, 45.134457 ], [ -108.734674, 45.134851 ], [ -108.738781, 45.134491 ], [ -108.753022, 45.1338 ], [ -108.756585, 45.134565 ], [ -108.763937, 45.13168 ], [ -108.770126, 45.130864 ], [ -108.780139, 45.12812 ], [ -108.78612, 45.12761 ], [ -108.801837, 45.12968 ], [ -108.810369, 45.12908 ], [ -108.817603, 45.130755 ], [ -108.822134, 45.130366 ], [ -108.824342, 45.130791 ], [ -108.835725, 45.139022 ], [ -108.840463, 45.139944 ], [ -108.842945, 45.139937 ], [ -108.851879, 45.13657 ], [ -108.860117, 45.137062 ], [ -108.862893, 45.13753 ], [ -108.874162, 45.137166 ], [ -108.881736, 45.134933 ], [ -108.882814, 45.135575 ], [ -108.887441, 45.133204 ], [ -108.888938, 45.133534 ], [ -108.895539, 45.132226 ], [ -108.911805, 45.133332 ], [ -108.920189, 45.132499 ], [ -108.924938, 45.133925 ], [ -108.956864, 45.134448 ], [ -108.967114, 45.134804 ] ] ] } },
{ "type": "Feature", "properties": { "TYPEPIPE": "Intrastate", "Operator": "Northwestern Energy Co", "Status": "Operating", "Shape_Leng": 0.14813103794, "STATEFP": "30", "STATENS": "00767982", "AFFGEOID": "0400000US30", "GEOID": "30", "STUSPS": "MT", "NAME": "Montana", "LSAD": "00", "ALAND": 376962738765, "AWATER": 3869208832 }, "geometry": { "type": "MultiLineString", "coordinates": [ [ [ -108.967114, 45.134804 ], [ -108.967225, 45.135286 ], [ -108.967508, 45.136116 ], [ -108.981508, 45.160982 ], [ -109.040833, 45.215804 ], [ -109.04898, 45.225484 ], [ -109.05045, 45.227833 ], [ -109.069287, 45.239243 ] ] ] } },
{ "type": "Feature", "properties": { "TYPEPIPE": "Intrastate", "Operator": "Northwestern Energy Co", "Status": "Operating", "Shape_Leng": 0.00159232158, "STATEFP": "30", "STATENS": "00767982", "AFFGEOID": "0400000US30", "GEOID": "30", "STUSPS": "MT", "NAME": "Montana", "LSAD": "00", "ALAND": 376962738765, "AWATER": 3869208832 }, "geometry": { "type": "MultiLineString", "coordinates": [ [ [ -109.002476, 45.228293 ], [ -109.002444, 45.226701 ] ] ] } },
{ "type": "Feature", "properties": { "TYPEPIPE": "Intrastate", "Operator": "Northwestern Energy Co", "Status": "Operating", "Shape_Leng": 0.00639624172, "STATEFP": "30", "STATENS": "00767982", "AFFGEOID": "0400000US30", "GEOID": "30", "STUSPS": "MT", "NAME": "Montana", "LSAD": "00", "ALAND": 376962738765, "AWATER": 3869208832 }, "geometry": { "type": "MultiLineString", "coordinates": [ [ [ -109.002476, 45.228293 ], [ -109.002181, 45.230518 ], [ -109.001963, 45.231431 ], [ -109.001989, 45.234644 ] ] ] } },
{ "type": "Feature", "properties": { "TYPEPIPE": "Intrastate", "Operator": "Northwestern Energy Co", "Status": "Operating", "Shape_Leng": 0.00484786159, "STATEFP": "30", "STATENS": "00767982", "AFFGEOID": "0400000US30", "GEOID": "30", "STUSPS": "MT", "NAME": "Montana", "LSAD": "00", "ALAND": 376962738765, "AWATER": 3869208832 }, "geometry": { "type": "MultiLineString", "coordinates": [ [ [ -108.985981, 45.231882 ], [ -108.98975, 45.234931 ] ] ] } },
{ "type": "Feature", "properties": { "TYPEPIPE": "Intrastate", "Operator": "Northwestern Energy Co", "Status": "Operating", "Shape_Leng": 0.00768026386, "STATEFP": "30", "STATENS": "00767982", "AFFGEOID": "0400000US30", "GEOID": "30", "STUSPS": "MT", "NAME": "Montana", "LSAD": "00", "ALAND": 376962738765, "AWATER": 3869208832 }, "geometry": { "type": "MultiLineString", "coordinates": [ [ [ -108.992615, 45.228148 ], [ -108.992039, 45.228172 ], [ -108.985981, 45.231882 ] ] ] } },
{ "type": "Feature", "properties": { "TYPEPIPE": "Intrastate", "Operator": "Northwestern Energy Co", "Status": "Operating", "Shape_Leng": 0.00556103853, "STATEFP": "30", "STATENS": "00767982", "AFFGEOID": "0400000US30", "GEOID": "30", "STUSPS": "MT", "NAME": "Montana", "LSAD": "00", "ALAND": 376962738765, "AWATER": 3869208832 }, "geometry": { "type": "MultiLineString", "coordinates": [ [ [ -108.992615, 45.228148 ], [ -108.992008, 45.22658 ], [ -108.989057, 45.226667 ], [ -108.988335, 45.227249 ] ] ] } },
{ "type": "Feature", "properties": { "TYPEPIPE": "Intrastate", "Operator": "Northwestern Energy Co", "Status": "Operating", "Shape_Leng": 0.00251922945, "STATEFP": "30", "STATENS": "00767982", "AFFGEOID": "0400000US30", "GEOID": "30", "STUSPS": "MT", "NAME": "Montana", "LSAD": "00", "ALAND": 376962738765, "AWATER": 3869208832 }, "geometry": { "type": "MultiLineString", "coordinates": [ [ [ -108.995134, 45.228114 ], [ -108.992615, 45.228148 ] ] ] } },
{ "type": "Feature", "properties": { "TYPEPIPE": "Intrastate", "Operator": "Northwestern Energy Co", "Status": "Operating", "Shape_Leng": 0.00121611883, "STATEFP": "30", "STATENS": "00767982", "AFFGEOID": "0400000US30", "GEOID": "30", "STUSPS": "MT", "NAME": "Montana", "LSAD": "00", "ALAND": 376962738765, "AWATER": 3869208832 }, "geometry": { "type": "MultiLineString", "coordinates": [ [ [ -108.995134, 45.228114 ], [ -108.994418, 45.227131 ] ] ] } },
{ "type": "Feature", "properties": { "TYPEPIPE": "Intrastate", "Operator": "Northwestern Energy Co", "Status": "Operating", "Shape_Leng": 0.05159246584, "STATEFP": "30", "STATENS": "00767982", "AFFGEOID": "0400000US30", "GEOID": "30", "STUSPS": "MT", "NAME": "Montana", "LSAD": "00", "ALAND": 376962738765, "AWATER": 3869208832 }, "geometry": { "type": "MultiLineString", "coordinates": [ [ [ -109.045185, 45.232655 ], [ -109.038671, 45.232727 ], [ -109.038566, 45.231387 ], [ -109.033959, 45.231203 ], [ -109.026724, 45.231678 ], [ -109.025789, 45.231685 ], [ -109.020572, 45.230838 ], [ -109.006146, 45.228358 ], [ -109.002476, 45.228293 ], [ -108.995134, 45.228114 ] ] ] } },
{ "type": "Feature", "properties": { "TYPEPIPE": "Intrastate", "Operator": "Northwestern Energy Co", "Status": "Operating", "Shape_Leng": 0.00228744421, "STATEFP": "30", "STATENS": "00767982", "AFFGEOID": "0400000US30", "GEOID": "30", "STUSPS": "MT", "NAME": "Montana", "LSAD": "00", "ALAND": 376962738765, "AWATER": 3869208832 }, "geometry": { "type": "MultiLineString", "coordinates": [ [ [ -109.045185, 45.232655 ], [ -109.04465, 45.230431 ] ] ] } },
{ "type": "Feature", "properties": { "TYPEPIPE": "Intrastate", "Operator": "Northwestern Energy Co", "Status": "Operating", "Shape_Leng": 0.00907678486, "STATEFP": "30", "STATENS": "00767982", "AFFGEOID": "0400000US30", "GEOID": "30", "STUSPS": "MT", "NAME": "Montana", "LSAD": "00", "ALAND": 376962738765, "AWATER": 3869208832 }, "geometry": { "type": "MultiLineString", "coordinates": [ [ [ -109.074086, 45.232526 ], [ -109.067795, 45.228655 ], [ -109.067039, 45.229191 ], [ -109.066319, 45.228937 ] ] ] } },
{ "type": "Feature", "properties": { "TYPEPIPE": "Intrastate", "Operator": "Northwestern Energy Co", "Status": "Operating", "Shape_Leng": 0.00760909767, "STATEFP": "30", "STATENS": "00767982", "AFFGEOID": "0400000US30", "GEOID": "30", "STUSPS": "MT", "NAME": "Montana", "LSAD": "00", "ALAND": 376962738765, "AWATER": 3869208832 }, "geometry": { "type": "MultiLineString", "coordinates": [ [ [ -109.074086, 45.232526 ], [ -109.071052, 45.238274 ], [ -109.07008, 45.238809 ] ] ] } },
{ "type": "Feature", "properties": { "TYPEPIPE": "Intrastate", "Operator": "Northwestern Energy Co", "Status": "Operating", "Shape_Leng": 0.00486830794, "STATEFP": "30", "STATENS": "00767982", "AFFGEOID": "0400000US30", "GEOID": "30", "STUSPS": "MT", "NAME": "Montana", "LSAD": "00", "ALAND": 376962738765, "AWATER": 3869208832 }, "geometry": { "type": "MultiLineString", "coordinates": [ [ [ -109.07008, 45.238809 ], [ -109.069612, 45.23851 ], [ -109.069109, 45.238613 ], [ -109.066124, 45.236753 ], [ -109.066161, 45.236473 ] ] ] } },
{ "type": "Feature", "properties": { "TYPEPIPE": "Intrastate", "Operator": "Northwestern Energy Co", "Status": "Operating", "Shape_Leng": 0.00090399392, "STATEFP": "30", "STATENS": "00767982", "AFFGEOID": "0400000US30", "GEOID": "30", "STUSPS": "MT", "NAME": "Montana", "LSAD": "00", "ALAND": 376962738765, "AWATER": 3869208832 }, "geometry": { "type": "MultiLineString", "coordinates": [ [ [ -109.07008, 45.238809 ], [ -109.069287, 45.239243 ] ] ] } },
{ "type": "Feature", "properties": { "TYPEPIPE": "Intrastate", "Operator": "Northwestern Energy Co", "Status": "Operating", "Shape_Leng": 0.00320418133, "STATEFP": "30", "STATENS": "00767982", "AFFGEOID": "0400000US30", "GEOID": "30", "STUSPS": "MT", "NAME": "Montana", "LSAD": "00", "ALAND": 376962738765, "AWATER": 3869208832 }, "geometry": { "type": "MultiLineString", "coordinates": [ [ [ -109.077289, 45.232613 ], [ -109.074086, 45.232526 ] ] ] } },
{ "type": "Feature", "properties": { "TYPEPIPE": "Intrastate", "Operator": "Northwestern Energy Co", "Status": "Operating", "Shape_Leng": 0.00874035054, "STATEFP": "30", "STATENS": "00767982", "AFFGEOID": "0400000US30", "GEOID": "30", "STUSPS": "MT", "NAME": "Montana", "LSAD": "00", "ALAND": 376962738765, "AWATER": 3869208832 }, "geometry": { "type": "MultiLineString", "coordinates": [ [ [ -109.077289, 45.232613 ], [ -109.077183, 45.231654 ], [ -109.083158, 45.230846 ], [ -109.083303, 45.230319 ], [ -109.082116, 45.230146 ] ] ] } },
{ "type": "Feature", "properties": { "TYPEPIPE": "Intrastate", "Operator": "Northwestern Energy Co", "Status": "Operating", "Shape_Leng": 0.12689279048, "STATEFP": "30", "STATENS": "00767982", "AFFGEOID": "0400000US30", "GEOID": "30", "STUSPS": "MT", "NAME": "Montana", "LSAD": "00", "ALAND": 376962738765, "AWATER": 3869208832 }, "geometry": { "type": "MultiLineString", "coordinates": [ [ [ -109.143601, 45.267992 ], [ -109.146807, 45.266866 ], [ -109.146771, 45.266489 ], [ -109.147023, 45.266132 ], [ -109.147455, 45.265902 ], [ -109.147887, 45.265723 ], [ -109.148679, 45.265797 ], [ -109.157071, 45.261185 ], [ -109.163589, 45.257312 ], [ -109.164561, 45.256803 ], [ -109.166181, 45.255659 ], [ -109.178385, 45.242303 ], [ -109.179572, 45.241237 ], [ -109.23331, 45.206699 ], [ -109.23338, 45.204879 ], [ -109.234961, 45.203327 ], [ -109.236437, 45.20393 ], [ -109.237623, 45.203038 ], [ -109.237908, 45.20101 ], [ -109.242836, 45.200886 ], [ -109.244165, 45.19959 ], [ -109.243876, 45.198454 ] ] ] } },
{ "type": "Feature", "properties": { "TYPEPIPE": "Intrastate", "Operator": "Northwestern Energy Co", "Status": "Operating", "Shape_Leng": 0.00623727614, "STATEFP": "30", "STATENS": "00767982", "AFFGEOID": "0400000US30", "GEOID": "30", "STUSPS": "MT", "NAME": "Montana", "LSAD": "00", "ALAND": 376962738765, "AWATER": 3869208832 }, "geometry": { "type": "MultiLineString", "coordinates": [ [ [ -109.151704, 45.265886 ], [ -109.152821, 45.26396 ], [ -109.153433, 45.264032 ], [ -109.153902, 45.263825 ], [ -109.15419, 45.263447 ], [ -109.154334, 45.26299 ], [ -109.153975, 45.26259 ], [ -109.15365, 45.26249 ], [ -109.154118, 45.26155 ] ] ] } },
{ "type": "Feature", "properties": { "TYPEPIPE": "Intrastate", "Operator": "Northwestern Energy Co", "Status": "Operating", "Shape_Leng": 0.00094101275, "STATEFP": "30", "STATENS": "00767982", "AFFGEOID": "0400000US30", "GEOID": "30", "STUSPS": "MT", "NAME": "Montana", "LSAD": "00", "ALAND": 376962738765, "AWATER": 3869208832 }, "geometry": { "type": "MultiLineString", "coordinates": [ [ [ -109.154118, 45.26155 ], [ -109.153182, 45.261453 ] ] ] } },
{ "type": "Feature", "properties": { "TYPEPIPE": "Intrastate", "Operator": "Northwestern Energy Co", "Status": "Operating", "Shape_Leng": 0.00689229124, "STATEFP": "30", "STATENS": "00767982", "AFFGEOID": "0400000US30", "GEOID": "30", "STUSPS": "MT", "NAME": "Montana", "LSAD": "00", "ALAND": 376962738765, "AWATER": 3869208832 }, "geometry": { "type": "MultiLineString", "coordinates": [ [ [ -109.154118, 45.26155 ], [ -109.156028, 45.258586 ], [ -109.158655, 45.259358 ], [ -109.159088, 45.258903 ] ] ] } },
{ "type": "Feature", "properties": { "TYPEPIPE": "Intrastate", "Operator": "Northwestern Energy Co", "Status": "Operating", "Shape_Leng": 0.01234470577, "STATEFP": "30", "STATENS": "00767982", "AFFGEOID": "0400000US30", "GEOID": "30", "STUSPS": "MT", "NAME": "Montana", "LSAD": "00", "ALAND": 376962738765, "AWATER": 3869208832 }, "geometry": { "type": "MultiLineString", "coordinates": [ [ [ -109.151704, 45.265886 ], [ -109.161679, 45.265053 ], [ -109.163984, 45.265426 ] ] ] } },
{ "type": "Feature", "properties": { "TYPEPIPE": "Intrastate", "Operator": "Northwestern Energy Co", "Status": "Operating", "Shape_Leng": 0.06199953444, "STATEFP": "30", "STATENS": "00767982", "AFFGEOID": "0400000US30", "GEOID": "30", "STUSPS": "MT", "NAME": "Montana", "LSAD": "00", "ALAND": 376962738765, "AWATER": 3869208832 }, "geometry": { "type": "MultiLineString", "coordinates": [ [ [ -109.069287, 45.239243 ], [ -109.069395, 45.239368 ], [ -109.078997, 45.24449 ], [ -109.080977, 45.244634 ], [ -109.094183, 45.248833 ], [ -109.101092, 45.25098 ], [ -109.10433, 45.251798 ], [ -109.120563, 45.256511 ], [ -109.124091, 45.257788 ], [ -109.127794, 45.258943 ] ] ] } },
{ "type": "Feature", "properties": { "TYPEPIPE": "Intrastate", "Operator": "Northwestern Energy Co", "Status": "Operating", "Shape_Leng": 0.01879014516, "STATEFP": "30", "STATENS": "00767982", "AFFGEOID": "0400000US30", "GEOID": "30", "STUSPS": "MT", "NAME": "Montana", "LSAD": "00", "ALAND": 376962738765, "AWATER": 3869208832 }, "geometry": { "type": "MultiLineString", "coordinates": [ [ [ -109.127794, 45.258943 ], [ -109.133055, 45.260583 ], [ -109.139064, 45.266671 ], [ -109.143601, 45.267992 ] ] ] } },
{ "type": "Feature", "properties": { "TYPEPIPE": "Intrastate", "Operator": "Northwestern Energy Co", "Status": "Operating", "Shape_Leng": 0.00070220367, "STATEFP": "30", "STATENS": "00767982", "AFFGEOID": "0400000US30", "GEOID": "30", "STUSPS": "MT", "NAME": "Montana", "LSAD": "00", "ALAND": 376962738765, "AWATER": 3869208832 }, "geometry": { "type": "MultiLineString", "coordinates": [ [ [ -109.128267, 45.258424 ], [ -109.127794, 45.258943 ] ] ] } },
{ "type": "Feature", "properties": { "TYPEPIPE": "Intrastate", "Operator": "Northwestern Energy Co", "Status": "Operating", "Shape_Leng": 0.00205280204, "STATEFP": "30", "STATENS": "00767982", "AFFGEOID": "0400000US30", "GEOID": "30", "STUSPS": "MT", "NAME": "Montana", "LSAD": "00", "ALAND": 376962738765, "AWATER": 3869208832 }, "geometry": { "type": "MultiLineString", "coordinates": [ [ [ -109.127045, 45.256154 ], [ -109.127583, 45.257872 ], [ -109.12778, 45.25803 ] ] ] } },
{ "type": "Feature", "properties": { "TYPEPIPE": "Intrastate", "Operator": "Northwestern Energy Co", "Status": "Operating", "Shape_Leng": 0.00062642238, "STATEFP": "30", "STATENS": "00767982", "AFFGEOID": "0400000US30", "GEOID": "30", "STUSPS": "MT", "NAME": "Montana", "LSAD": "00", "ALAND": 376962738765, "AWATER": 3869208832 }, "geometry": { "type": "MultiLineString", "coordinates": [ [ [ -109.12778, 45.25803 ], [ -109.128267, 45.258424 ] ] ] } },
{ "type": "Feature", "properties": { "TYPEPIPE": "Intrastate", "Operator": "Northwestern Energy Co", "Status": "Operating", "Shape_Leng": 0.00381698148, "STATEFP": "30", "STATENS": "00767982", "AFFGEOID": "0400000US30", "GEOID": "30", "STUSPS": "MT", "NAME": "Montana", "LSAD": "00", "ALAND": 376962738765, "AWATER": 3869208832 }, "geometry": { "type": "MultiLineString", "coordinates": [ [ [ -109.13097, 45.256139 ], [ -109.129348, 45.257358 ], [ -109.128701, 45.257365 ], [ -109.128304, 45.257717 ], [ -109.12778, 45.25803 ] ] ] } },
{ "type": "Feature", "properties": { "TYPEPIPE": "Intrastate", "Operator": "Northwestern Energy Co", "Status": "Operating", "Shape_Leng": 0.00529971388, "STATEFP": "30", "STATENS": "00767982", "AFFGEOID": "0400000US30", "GEOID": "30", "STUSPS": "MT", "NAME": "Montana", "LSAD": "00", "ALAND": 376962738765, "AWATER": 3869208832 }, "geometry": { "type": "MultiLineString", "coordinates": [ [ [ -109.128267, 45.258424 ], [ -109.129203, 45.258728 ], [ -109.129635, 45.25837 ], [ -109.12888, 45.258069 ], [ -109.128304, 45.256959 ], [ -109.128279, 45.255268 ] ] ] } },
{ "type": "Feature", "properties": { "TYPEPIPE": "Intrastate", "Operator": "Northwestern Energy Co", "Status": "Operating", "Shape_Leng": 0.00068405921, "STATEFP": "30", "STATENS": "00767982", "AFFGEOID": "0400000US30", "GEOID": "30", "STUSPS": "MT", "NAME": "Montana", "LSAD": "00", "ALAND": 376962738765, "AWATER": 3869208832 }, "geometry": { "type": "MultiLineString", "coordinates": [ [ [ -109.128279, 45.255268 ], [ -109.12827, 45.254584 ] ] ] } },
{ "type": "Feature", "properties": { "TYPEPIPE": "Intrastate", "Operator": "Northwestern Energy Co", "Status": "Operating", "Shape_Leng": 0.00204120063, "STATEFP": "30", "STATENS": "00767982", "AFFGEOID": "0400000US30", "GEOID": "30", "STUSPS": "MT", "NAME": "Montana", "LSAD": "00", "ALAND": 376962738765, "AWATER": 3869208832 }, "geometry": { "type": "MultiLineString", "coordinates": [ [ [ -109.127658, 45.254265 ], [ -109.127728, 45.256305 ] ] ] } },
{ "type": "Feature", "properties": { "TYPEPIPE": "Intrastate", "Operator": "Northwestern Energy Co", "Status": "Operating", "Shape_Leng": 0.02930988498, "STATEFP": "30", "STATENS": "00767982", "AFFGEOID": "0400000US30", "GEOID": "30", "STUSPS": "MT", "NAME": "Montana", "LSAD": "00", "ALAND": 376962738765, "AWATER": 3869208832 }, "geometry": { "type": "MultiLineString", "coordinates": [ [ [ -109.128279, 45.255268 ], [ -109.128954, 45.255316 ], [ -109.129997, 45.256119 ], [ -109.13097, 45.256139 ], [ -109.13194, 45.257399 ], [ -109.138239, 45.262199 ], [ -109.138994, 45.263514 ], [ -109.138489, 45.264855 ], [ -109.140792, 45.266688 ], [ -109.151704, 45.265886 ] ] ] } },
{ "type": "Feature", "properties": { "TYPEPIPE": "Intrastate", "Operator": "Northwestern Energy Co", "Status": "Operating", "Shape_Leng": 0.00440256893, "STATEFP": "30", "STATENS": "00767982", "AFFGEOID": "0400000US30", "GEOID": "30", "STUSPS": "MT", "NAME": "Montana", "LSAD": "00", "ALAND": 376962738765, "AWATER": 3869208832 }, "geometry": { "type": "MultiLineString", "coordinates": [ [ [ -109.141593, 45.25144 ], [ -109.140909, 45.251646 ], [ -109.140117, 45.251955 ], [ -109.139541, 45.252187 ], [ -109.139, 45.252287 ], [ -109.138352, 45.25224 ], [ -109.137345, 45.252096 ] ] ] } },
{ "type": "Feature", "properties": { "TYPEPIPE": "Intrastate", "Operator": "Northwestern Energy Co", "Status": "Operating", "Shape_Leng": 0.00970205362, "STATEFP": "30", "STATENS": "00767982", "AFFGEOID": "0400000US30", "GEOID": "30", "STUSPS": "MT", "NAME": "Montana", "LSAD": "00", "ALAND": 376962738765, "AWATER": 3869208832 }, "geometry": { "type": "MultiLineString", "coordinates": [ [ [ -109.127045, 45.256154 ], [ -109.127046, 45.253832 ], [ -109.127226, 45.253629 ], [ -109.127227, 45.253125 ], [ -109.127947, 45.253065 ], [ -109.128419, 45.247883 ], [ -109.128455, 45.24758 ], [ -109.128276, 45.247252 ] ] ] } },
{ "type": "Feature", "properties": { "TYPEPIPE": "Intrastate", "Operator": "Northwestern Energy Co", "Status": "Operating", "Shape_Leng": 0.00983776817, "STATEFP": "30", "STATENS": "00767982", "AFFGEOID": "0400000US30", "GEOID": "30", "STUSPS": "MT", "NAME": "Montana", "LSAD": "00", "ALAND": 376962738765, "AWATER": 3869208832 }, "geometry": { "type": "MultiLineString", "coordinates": [ [ [ -109.133532, 45.2469 ], [ -109.133063, 45.247384 ], [ -109.13022, 45.247323 ], [ -109.128455, 45.248034 ], [ -109.126655, 45.247738 ], [ -109.125755, 45.247767 ], [ -109.124136, 45.247273 ] ] ] } },
{ "type": "Feature", "properties": { "TYPEPIPE": "Intrastate", "Operator": "Northwestern Energy Co", "Status": "Operating", "Shape_Leng": 0.02038911296, "STATEFP": "30", "STATENS": "00767982", "AFFGEOID": "0400000US30", "GEOID": "30", "STUSPS": "MT", "NAME": "Montana", "LSAD": "00", "ALAND": 376962738765, "AWATER": 3869208832 }, "geometry": { "type": "MultiLineString", "coordinates": [ [ [ -109.130005, 45.245476 ], [ -109.131408, 45.246784 ], [ -109.131264, 45.247161 ], [ -109.131299, 45.247571 ], [ -109.131479, 45.247794 ], [ -109.132128, 45.247767 ], [ -109.136408, 45.252097 ], [ -109.132988, 45.252716 ], [ -109.131368, 45.253005 ], [ -109.130684, 45.25331 ], [ -109.129819, 45.25339 ], [ -109.128595, 45.2541 ], [ -109.128594, 45.254861 ], [ -109.127694, 45.254992 ], [ -109.12773, 45.254258 ], [ -109.127658, 45.254265 ] ] ] } },
{ "type": "Feature", "properties": { "TYPEPIPE": "Intrastate", "Operator": "Northwestern Energy Co", "Status": "Operating", "Shape_Leng": 0.00961061099, "STATEFP": "30", "STATENS": "00767982", "AFFGEOID": "0400000US30", "GEOID": "30", "STUSPS": "MT", "NAME": "Montana", "LSAD": "00", "ALAND": 376962738765, "AWATER": 3869208832 }, "geometry": { "type": "MultiLineString", "coordinates": [ [ [ -109.127658, 45.254265 ], [ -109.127082, 45.254312 ], [ -109.126831, 45.25411 ], [ -109.125427, 45.253433 ], [ -109.121394, 45.253374 ], [ -109.120316, 45.25156 ], [ -109.119308, 45.251538 ] ] ] } },
{ "type": "Feature", "properties": { "TYPEPIPE": "Intrastate", "Operator": "Northwestern Energy Co", "Status": "Operating", "Shape_Leng": 0.00915566267, "STATEFP": "30", "STATENS": "00767982", "AFFGEOID": "0400000US30", "GEOID": "30", "STUSPS": "MT", "NAME": "Montana", "LSAD": "00", "ALAND": 376962738765, "AWATER": 3869208832 }, "geometry": { "type": "MultiLineString", "coordinates": [ [ [ -109.13097, 45.256139 ], [ -109.13648, 45.253261 ], [ -109.138857, 45.251532 ] ] ] } },
{ "type": "Feature", "properties": { "TYPEPIPE": "Intrastate", "Operator": "Northwestern Energy Co", "Status": "Operating", "Shape_Leng": 0.00915444962, "STATEFP": "30", "STATENS": "00767982", "AFFGEOID": "0400000US30", "GEOID": "30", "STUSPS": "MT", "NAME": "Montana", "LSAD": "00", "ALAND": 376962738765, "AWATER": 3869208832 }, "geometry": { "type": "MultiLineString", "coordinates": [ [ [ -109.138857, 45.251532 ], [ -109.140191, 45.247481 ], [ -109.138968, 45.245663 ], [ -109.140157, 45.24374 ], [ -109.139942, 45.243359 ] ] ] } },
{ "type": "Feature", "properties": { "TYPEPIPE": "Intrastate", "Operator": "Northwestern Energy Co", "Status": "Operating", "Shape_Leng": 0.00568723792, "STATEFP": "30", "STATENS": "00767982", "AFFGEOID": "0400000US30", "GEOID": "30", "STUSPS": "MT", "NAME": "Montana", "LSAD": "00", "ALAND": 376962738765, "AWATER": 3869208832 }, "geometry": { "type": "MultiLineString", "coordinates": [ [ [ -109.138857, 45.251532 ], [ -109.142493, 45.251994 ], [ -109.144473, 45.251584 ] ] ] } },
{ "type": "Feature", "properties": { "TYPEPIPE": "Intrastate", "Operator": "Northwestern Energy Co", "Status": "Operating", "Shape_Leng": 0.00532175648, "STATEFP": "30", "STATENS": "00767982", "AFFGEOID": "0400000US30", "GEOID": "30", "STUSPS": "MT", "NAME": "Montana", "LSAD": "00", "ALAND": 376962738765, "AWATER": 3869208832 }, "geometry": { "type": "MultiLineString", "coordinates": [ [ [ -109.144473, 45.251584 ], [ -109.149729, 45.25075 ] ] ] } },
{ "type": "Feature", "properties": { "TYPEPIPE": "Intrastate", "Operator": "Northwestern Energy Co", "Status": "Operating", "Shape_Leng": 0.00092610151, "STATEFP": "30", "STATENS": "00767982", "AFFGEOID": "0400000US30", "GEOID": "30", "STUSPS": "MT", "NAME": "Montana", "LSAD": "00", "ALAND": 376962738765, "AWATER": 3869208832 }, "geometry": { "type": "MultiLineString", "coordinates": [ [ [ -109.144473, 45.251584 ], [ -109.143681, 45.251104 ] ] ] } },
{ "type": "Feature", "properties": { "TYPEPIPE": "Intrastate", "Operator": "Northwestern Energy Co", "Status": "Operating", "Shape_Leng": 0.05208776009, "STATEFP": "30", "STATENS": "00767982", "AFFGEOID": "0400000US30", "GEOID": "30", "STUSPS": "MT", "NAME": "Montana", "LSAD": "00", "ALAND": 376962738765, "AWATER": 3869208832 }, "geometry": { "type": "MultiLineString", "coordinates": [ [ [ -109.093559, 45.231392 ], [ -109.093954, 45.231387 ], [ -109.094565, 45.232422 ], [ -109.094241, 45.232803 ], [ -109.093845, 45.232984 ], [ -109.093124, 45.232982 ], [ -109.091864, 45.233698 ], [ -109.086646, 45.233414 ], [ -109.085134, 45.233446 ], [ -109.082146, 45.233961 ], [ -109.081138, 45.233862 ], [ -109.079556, 45.233542 ], [ -109.078404, 45.233344 ], [ -109.076928, 45.23322 ], [ -109.075812, 45.233175 ], [ -109.074697, 45.233179 ], [ -109.074085, 45.233666 ], [ -109.072681, 45.233215 ], [ -109.070667, 45.232715 ], [ -109.069228, 45.232393 ], [ -109.068616, 45.232316 ], [ -109.063577, 45.23269 ], [ -109.059905, 45.232906 ], [ -109.056268, 45.233755 ], [ -109.051627, 45.232633 ], [ -109.045185, 45.232655 ] ] ] } },
{ "type": "Feature", "properties": { "TYPEPIPE": "Intrastate", "Operator": "Northwestern Energy Co", "Status": "Operating", "Shape_Leng": 0.03300039086, "STATEFP": "30", "STATENS": "00767982", "AFFGEOID": "0400000US30", "GEOID": "30", "STUSPS": "MT", "NAME": "Montana", "LSAD": "00", "ALAND": 376962738765, "AWATER": 3869208832 }, "geometry": { "type": "MultiLineString", "coordinates": [ [ [ -109.097113, 45.238606 ], [ -109.098118, 45.239919 ], [ -109.112827, 45.25179 ], [ -109.123983, 45.257306 ] ] ] } },
{ "type": "Feature", "properties": { "TYPEPIPE": "Intrastate", "Operator": "Northwestern Energy Co", "Status": "Operating", "Shape_Leng": 0.00225709238, "STATEFP": "30", "STATENS": "00767982", "AFFGEOID": "0400000US30", "GEOID": "30", "STUSPS": "MT", "NAME": "Montana", "LSAD": "00", "ALAND": 376962738765, "AWATER": 3869208832 }, "geometry": { "type": "MultiLineString", "coordinates": [ [ [ -109.093701, 45.23235 ], [ -109.094706, 45.234371 ] ] ] } },
{ "type": "Feature", "properties": { "TYPEPIPE": "Intrastate", "Operator": "Northwestern Energy Co", "Status": "Operating", "Shape_Leng": 0.00487122921, "STATEFP": "30", "STATENS": "00767982", "AFFGEOID": "0400000US30", "GEOID": "30", "STUSPS": "MT", "NAME": "Montana", "LSAD": "00", "ALAND": 376962738765, "AWATER": 3869208832 }, "geometry": { "type": "MultiLineString", "coordinates": [ [ [ -109.094706, 45.234371 ], [ -109.097113, 45.238606 ] ] ] } },
{ "type": "Feature", "properties": { "TYPEPIPE": "Intrastate", "Operator": "Northwestern Energy Co", "Status": "Operating", "Shape_Leng": 0.00226755639, "STATEFP": "30", "STATENS": "00767982", "AFFGEOID": "0400000US30", "GEOID": "30", "STUSPS": "MT", "NAME": "Montana", "LSAD": "00", "ALAND": 376962738765, "AWATER": 3869208832 }, "geometry": { "type": "MultiLineString", "coordinates": [ [ [ -109.118126, 45.245145 ], [ -109.12025, 45.244351 ] ] ] } },
{ "type": "Feature", "properties": { "TYPEPIPE": "Intrastate", "Operator": "Northwestern Energy Co", "Status": "Operating", "Shape_Leng": 0.00176331156, "STATEFP": "30", "STATENS": "00767982", "AFFGEOID": "0400000US30", "GEOID": "30", "STUSPS": "MT", "NAME": "Montana", "LSAD": "00", "ALAND": 376962738765, "AWATER": 3869208832 }, "geometry": { "type": "MultiLineString", "coordinates": [ [ [ -109.12025, 45.244351 ], [ -109.121259, 45.243969 ], [ -109.121943, 45.243945 ] ] ] } },
{ "type": "Feature", "properties": { "TYPEPIPE": "Intrastate", "Operator": "Northwestern Energy Co", "Status": "Operating", "Shape_Leng": 0.01432673311, "STATEFP": "30", "STATENS": "00767982", "AFFGEOID": "0400000US30", "GEOID": "30", "STUSPS": "MT", "NAME": "Montana", "LSAD": "00", "ALAND": 376962738765, "AWATER": 3869208832 }, "geometry": { "type": "MultiLineString", "coordinates": [ [ [ -109.12827, 45.254584 ], [ -109.125861, 45.250703 ], [ -109.122047, 45.249252 ], [ -109.118126, 45.245145 ] ] ] } },
{ "type": "Feature", "properties": { "TYPEPIPE": "Intrastate", "Operator": "Northwestern Energy Co", "Status": "Operating", "Shape_Leng": 0.01673487116, "STATEFP": "30", "STATENS": "00767982", "AFFGEOID": "0400000US30", "GEOID": "30", "STUSPS": "MT", "NAME": "Montana", "LSAD": "00", "ALAND": 376962738765, "AWATER": 3869208832 }, "geometry": { "type": "MultiLineString", "coordinates": [ [ [ -109.093701, 45.23235 ], [ -109.091649, 45.233242 ], [ -109.086286, 45.233061 ], [ -109.08355, 45.233326 ], [ -109.081786, 45.23356 ], [ -109.077973, 45.232662 ], [ -109.077289, 45.232613 ] ] ] } },
{ "type": "Feature", "properties": { "TYPEPIPE": "Intrastate", "Operator": "Northwestern Energy Co", "Status": "Operating", "Shape_Leng": 0.00917331706, "STATEFP": "30", "STATENS": "00767982", "AFFGEOID": "0400000US30", "GEOID": "30", "STUSPS": "MT", "NAME": "Montana", "LSAD": "00", "ALAND": 376962738765, "AWATER": 3869208832 }, "geometry": { "type": "MultiLineString", "coordinates": [ [ [ -109.106802, 45.231766 ], [ -109.10637, 45.232426 ], [ -109.106046, 45.232528 ], [ -109.105002, 45.232485 ], [ -109.10403, 45.23246 ], [ -109.103418, 45.23259 ], [ -109.09802, 45.232383 ] ] ] } },
{ "type": "Feature", "properties": { "TYPEPIPE": "Intrastate", "Operator": "Northwestern Energy Co", "Status": "Operating", "Shape_Leng": 0.00431912607, "STATEFP": "30", "STATENS": "00767982", "AFFGEOID": "0400000US30", "GEOID": "30", "STUSPS": "MT", "NAME": "Montana", "LSAD": "00", "ALAND": 376962738765, "AWATER": 3869208832 }, "geometry": { "type": "MultiLineString", "coordinates": [ [ [ -109.09802, 45.232383 ], [ -109.093701, 45.23235 ] ] ] } },
{ "type": "Feature", "properties": { "TYPEPIPE": "Intrastate", "Operator": "Northwestern Energy Co", "Status": "Operating", "Shape_Leng": 0.00394248604, "STATEFP": "30", "STATENS": "00767982", "AFFGEOID": "0400000US30", "GEOID": "30", "STUSPS": "MT", "NAME": "Montana", "LSAD": "00", "ALAND": 376962738765, "AWATER": 3869208832 }, "geometry": { "type": "MultiLineString", "coordinates": [ [ [ -109.09802, 45.232383 ], [ -109.098923, 45.229903 ], [ -109.097628, 45.229757 ] ] ] } },
{ "type": "Feature", "properties": { "TYPEPIPE": "Intrastate", "Operator": "Northwestern Energy Co", "Status": "Operating", "Shape_Leng": 0.00984993204, "STATEFP": "30", "STATENS": "00767982", "AFFGEOID": "0400000US30", "GEOID": "30", "STUSPS": "MT", "NAME": "Montana", "LSAD": "00", "ALAND": 376962738765, "AWATER": 3869208832 }, "geometry": { "type": "MultiLineString", "coordinates": [ [ [ -109.111367, 45.237288 ], [ -109.10957, 45.234965 ], [ -109.106728, 45.233462 ], [ -109.106585, 45.233056 ], [ -109.105865, 45.232759 ], [ -109.10583, 45.232202 ], [ -109.104715, 45.232079 ], [ -109.10475, 45.232484 ], [ -109.104462, 45.232765 ] ] ] } },
{ "type": "Feature", "properties": { "TYPEPIPE": "Intrastate", "Operator": "Northwestern Energy Co", "Status": "Operating", "Shape_Leng": 0.00781922579, "STATEFP": "30", "STATENS": "00767982", "AFFGEOID": "0400000US30", "GEOID": "30", "STUSPS": "MT", "NAME": "Montana", "LSAD": "00", "ALAND": 376962738765, "AWATER": 3869208832 }, "geometry": { "type": "MultiLineString", "coordinates": [ [ [ -109.111367, 45.237288 ], [ -109.117671, 45.232662 ] ] ] } },
{ "type": "Feature", "properties": { "TYPEPIPE": "Intrastate", "Operator": "Northwestern Energy Co", "Status": "Operating", "Shape_Leng": 0.00447838312, "STATEFP": "30", "STATENS": "00767982", "AFFGEOID": "0400000US30", "GEOID": "30", "STUSPS": "MT", "NAME": "Montana", "LSAD": "00", "ALAND": 376962738765, "AWATER": 3869208832 }, "geometry": { "type": "MultiLineString", "coordinates": [ [ [ -109.118126, 45.245145 ], [ -109.115573, 45.242449 ], [ -109.115177, 45.241794 ] ] ] } },
{ "type": "Feature", "properties": { "TYPEPIPE": "Intrastate", "Operator": "Northwestern Energy Co", "Status": "Operating", "Shape_Leng": 0.00590085892, "STATEFP": "30", "STATENS": "00767982", "AFFGEOID": "0400000US30", "GEOID": "30", "STUSPS": "MT", "NAME": "Montana", "LSAD": "00", "ALAND": 376962738765, "AWATER": 3869208832 }, "geometry": { "type": "MultiLineString", "coordinates": [ [ [ -109.115177, 45.241794 ], [ -109.111367, 45.237288 ] ] ] } },
{ "type": "Feature", "properties": { "TYPEPIPE": "Intrastate", "Operator": "Northwestern Energy Co", "Status": "Operating", "Shape_Leng": 0.01470629406, "STATEFP": "30", "STATENS": "00767982", "AFFGEOID": "0400000US30", "GEOID": "30", "STUSPS": "MT", "NAME": "Montana", "LSAD": "00", "ALAND": 376962738765, "AWATER": 3869208832 }, "geometry": { "type": "MultiLineString", "coordinates": [ [ [ -109.115177, 45.241794 ], [ -109.128716, 45.236052 ] ] ] } },
{ "type": "Feature", "properties": { "TYPEPIPE": "Intrastate", "Operator": "Northwestern Energy Co", "Status": "Operating", "Shape_Leng": 0.00384633085, "STATEFP": "30", "STATENS": "00767982", "AFFGEOID": "0400000US30", "GEOID": "30", "STUSPS": "MT", "NAME": "Montana", "LSAD": "00", "ALAND": 376962738765, "AWATER": 3869208832 }, "geometry": { "type": "MultiLineString", "coordinates": [ [ [ -109.097113, 45.238606 ], [ -109.093618, 45.240212 ] ] ] } },
{ "type": "Feature", "properties": { "TYPEPIPE": "Intrastate", "Operator": "Northwestern Energy Co", "Status": "Operating", "Shape_Leng": 0.00448588762, "STATEFP": "30", "STATENS": "00767982", "AFFGEOID": "0400000US30", "GEOID": "30", "STUSPS": "MT", "NAME": "Montana", "LSAD": "00", "ALAND": 376962738765, "AWATER": 3869208832 }, "geometry": { "type": "MultiLineString", "coordinates": [ [ [ -109.094706, 45.234371 ], [ -109.097332, 45.23565 ], [ -109.098807, 45.236173 ] ] ] } },
{ "type": "Feature", "properties": { "TYPEPIPE": "Intrastate", "Operator": "Northwestern Energy Co", "Status": "Operating", "Shape_Leng": 0.00633180646, "STATEFP": "30", "STATENS": "00767982", "AFFGEOID": "0400000US30", "GEOID": "30", "STUSPS": "MT", "NAME": "Montana", "LSAD": "00", "ALAND": 376962738765, "AWATER": 3869208832 }, "geometry": { "type": "MultiLineString", "coordinates": [ [ [ -109.103444, 45.240628 ], [ -109.100924, 45.241601 ], [ -109.100851, 45.242053 ], [ -109.100599, 45.242234 ], [ -109.100311, 45.242285 ], [ -109.099807, 45.242262 ], [ -109.09797, 45.243206 ] ] ] } },
{ "type": "Feature", "properties": { "TYPEPIPE": "Intrastate", "Operator": "Northwestern Energy Co", "Status": "Operating", "Shape_Leng": 0.00296021307, "STATEFP": "30", "STATENS": "00767982", "AFFGEOID": "0400000US30", "GEOID": "30", "STUSPS": "MT", "NAME": "Montana", "LSAD": "00", "ALAND": 376962738765, "AWATER": 3869208832 }, "geometry": { "type": "MultiLineString", "coordinates": [ [ [ -109.103444, 45.240628 ], [ -109.103515, 45.241692 ], [ -109.102973, 45.243162 ], [ -109.103297, 45.243207 ] ] ] } },
{ "type": "Feature", "properties": { "TYPEPIPE": "Intrastate", "Operator": "Northwestern Energy Co", "Status": "Operating", "Shape_Leng": 0.01240438949, "STATEFP": "30", "STATENS": "00767982", "AFFGEOID": "0400000US30", "GEOID": "30", "STUSPS": "MT", "NAME": "Montana", "LSAD": "00", "ALAND": 376962738765, "AWATER": 3869208832 }, "geometry": { "type": "MultiLineString", "coordinates": [ [ [ -109.120681, 45.245591 ], [ -109.11899, 45.245369 ], [ -109.119098, 45.245091 ], [ -109.11899, 45.244838 ], [ -109.118594, 45.244713 ], [ -109.118306, 45.244664 ], [ -109.116832, 45.243381 ], [ -109.116329, 45.242423 ], [ -109.114961, 45.242176 ], [ -109.113702, 45.241879 ], [ -109.112046, 45.241506 ], [ -109.110823, 45.241231 ], [ -109.110103, 45.241031 ] ] ] } },
{ "type": "Feature", "properties": { "TYPEPIPE": "Intrastate", "Operator": "Northwestern Energy Co", "Status": "Operating", "Shape_Leng": 0.00891648394, "STATEFP": "30", "STATENS": "00767982", "AFFGEOID": "0400000US30", "GEOID": "30", "STUSPS": "MT", "NAME": "Montana", "LSAD": "00", "ALAND": 376962738765, "AWATER": 3869208832 }, "geometry": { "type": "MultiLineString", "coordinates": [ [ [ -109.110103, 45.241031 ], [ -109.109851, 45.241213 ], [ -109.109563, 45.241286 ], [ -109.109203, 45.241262 ], [ -109.108914, 45.241186 ], [ -109.108699, 45.241087 ], [ -109.108483, 45.240888 ], [ -109.108412, 45.240736 ], [ -109.102797, 45.239593 ], [ -109.103444, 45.240628 ] ] ] } },
{ "type": "Feature", "properties": { "TYPEPIPE": "Intrastate", "Operator": "Northwestern Energy Co", "Status": "Operating", "Shape_Leng": 0.00058279499, "STATEFP": "30", "STATENS": "00767982", "AFFGEOID": "0400000US30", "GEOID": "30", "STUSPS": "MT", "NAME": "Montana", "LSAD": "00", "ALAND": 376962738765, "AWATER": 3869208832 }, "geometry": { "type": "MultiLineString", "coordinates": [ [ [ -109.110103, 45.241031 ], [ -109.109528, 45.240936 ] ] ] } },
{ "type": "Feature", "properties": { "TYPEPIPE": "Intrastate", "Operator": "Northwestern Energy Co", "Status": "Operating", "Shape_Leng": 0.00185116748, "STATEFP": "30", "STATENS": "00767982", "AFFGEOID": "0400000US30", "GEOID": "30", "STUSPS": "MT", "NAME": "Montana", "LSAD": "00", "ALAND": 376962738765, "AWATER": 3869208832 }, "geometry": { "type": "MultiLineString", "coordinates": [ [ [ -109.109528, 45.240936 ], [ -109.1087, 45.240331 ], [ -109.109456, 45.239999 ] ] ] } },
{ "type": "Feature", "properties": { "TYPEPIPE": "Intrastate", "Operator": "Northwestern Energy Co", "Status": "Operating", "Shape_Leng": 0.00459616382, "STATEFP": "30", "STATENS": "00767982", "AFFGEOID": "0400000US30", "GEOID": "30", "STUSPS": "MT", "NAME": "Montana", "LSAD": "00", "ALAND": 376962738765, "AWATER": 3869208832 }, "geometry": { "type": "MultiLineString", "coordinates": [ [ [ -109.109528, 45.240936 ], [ -109.108015, 45.241472 ], [ -109.107006, 45.242283 ], [ -109.106428, 45.243878 ] ] ] } },
{ "type": "Feature", "properties": { "TYPEPIPE": "Intrastate", "Operator": "Northwestern Energy Co", "Status": "Operating", "Shape_Leng": 0.000908978, "STATEFP": "30", "STATENS": "00767982", "AFFGEOID": "0400000US30", "GEOID": "30", "STUSPS": "MT", "NAME": "Montana", "LSAD": "00", "ALAND": 376962738765, "AWATER": 3869208832 }, "geometry": { "type": "MultiLineString", "coordinates": [ [ [ -109.12025, 45.244351 ], [ -109.119675, 45.243647 ] ] ] } },
{ "type": "Feature", "properties": { "TYPEPIPE": "Intrastate", "Operator": "Northwestern Energy Co", "Status": "Operating", "Shape_Leng": 0.10519811387, "STATEFP": "30", "STATENS": "00767982", "AFFGEOID": "0400000US30", "GEOID": "30", "STUSPS": "MT", "NAME": "Montana", "LSAD": "00", "ALAND": 376962738765, "AWATER": 3869208832 }, "geometry": { "type": "MultiLineString", "coordinates": [ [ [ -109.647985, 48.540681 ], [ -109.656268, 48.540509 ], [ -109.657831, 48.538996 ], [ -109.657859, 48.537148 ], [ -109.658197, 48.534025 ], [ -109.658588, 48.532906 ], [ -109.658457, 48.532274 ], [ -109.659092, 48.530343 ], [ -109.664725, 48.528165 ], [ -109.676369, 48.528109 ], [ -109.681405, 48.529333 ], [ -109.696512, 48.530237 ], [ -109.703097, 48.528023 ], [ -109.711909, 48.527738 ], [ -109.726381, 48.533207 ], [ -109.730383, 48.549369 ] ] ] } },
{ "type": "Feature", "properties": { "TYPEPIPE": "Intrastate", "Operator": "Northwestern Energy Co", "Status": "Operating", "Shape_Leng": 0.01703133415, "STATEFP": "30", "STATENS": "00767982", "AFFGEOID": "0400000US30", "GEOID": "30", "STUSPS": "MT", "NAME": "Montana", "LSAD": "00", "ALAND": 376962738765, "AWATER": 3869208832 }, "geometry": { "type": "MultiLineString", "coordinates": [ [ [ -109.730383, 48.549369 ], [ -109.745122, 48.550525 ], [ -109.747173, 48.551443 ] ] ] } },
{ "type": "Feature", "properties": { "TYPEPIPE": "Intrastate", "Operator": "Northwestern Energy Co", "Status": "Operating", "Shape_Leng": 0.01198593245, "STATEFP": "30", "STATENS": "00767982", "AFFGEOID": "0400000US30", "GEOID": "30", "STUSPS": "MT", "NAME": "Montana", "LSAD": "00", "ALAND": 376962738765, "AWATER": 3869208832 }, "geometry": { "type": "MultiLineString", "coordinates": [ [ [ -109.647985, 48.540681 ], [ -109.654929, 48.543335 ], [ -109.658628, 48.545988 ] ] ] } },
{ "type": "Feature", "properties": { "TYPEPIPE": "Intrastate", "Operator": "Northwestern Energy Co", "Status": "Operating", "Shape_Leng": 0.02258089709, "STATEFP": "30", "STATENS": "00767982", "AFFGEOID": "0400000US30", "GEOID": "30", "STUSPS": "MT", "NAME": "Montana", "LSAD": "00", "ALAND": 376962738765, "AWATER": 3869208832 }, "geometry": { "type": "MultiLineString", "coordinates": [ [ [ -109.683968, 48.535192 ], [ -109.684141, 48.531715 ], [ -109.68505, 48.531429 ], [ -109.685693, 48.531193 ], [ -109.686331, 48.530784 ], [ -109.686619, 48.530147 ], [ -109.68633, 48.52934 ], [ -109.686016, 48.529038 ], [ -109.685438, 48.528815 ], [ -109.684899, 48.528666 ], [ -109.684401, 48.528598 ], [ -109.683903, 48.528525 ], [ -109.683985, 48.515998 ] ] ] } },
{ "type": "Feature", "properties": { "TYPEPIPE": "Intrastate", "Operator": "Northwestern Energy Co", "Status": "Operating", "Shape_Leng": 0.00901798614, "STATEFP": "30", "STATENS": "00767982", "AFFGEOID": "0400000US30", "GEOID": "30", "STUSPS": "MT", "NAME": "Montana", "LSAD": "00", "ALAND": 376962738765, "AWATER": 3869208832 }, "geometry": { "type": "MultiLineString", "coordinates": [ [ [ -109.683985, 48.515998 ], [ -109.68443, 48.506991 ] ] ] } },
{ "type": "Feature", "properties": { "TYPEPIPE": "Intrastate", "Operator": "Northwestern Energy Co", "Status": "Operating", "Shape_Leng": 0.00458100884, "STATEFP": "30", "STATENS": "00767982", "AFFGEOID": "0400000US30", "GEOID": "30", "STUSPS": "MT", "NAME": "Montana", "LSAD": "00", "ALAND": 376962738765, "AWATER": 3869208832 }, "geometry": { "type": "MultiLineString", "coordinates": [ [ [ -109.683985, 48.515998 ], [ -109.679404, 48.515989 ] ] ] } },
{ "type": "Feature", "properties": { "TYPEPIPE": "Intrastate", "Operator": "Northwestern Energy Co", "Status": "Operating", "Shape_Leng": 0.0393360693, "STATEFP": "30", "STATENS": "00767982", "AFFGEOID": "0400000US30", "GEOID": "30", "STUSPS": "MT", "NAME": "Montana", "LSAD": "00", "ALAND": 376962738765, "AWATER": 3869208832 }, "geometry": { "type": "MultiLineString", "coordinates": [ [ [ -109.730383, 48.549369 ], [ -109.716028, 48.54831 ], [ -109.699837, 48.548538 ], [ -109.695168, 48.54962 ], [ -109.69335, 48.550219 ], [ -109.69271, 48.550527 ], [ -109.692401, 48.551823 ] ] ] } },
{ "type": "Feature", "properties": { "TYPEPIPE": "Intrastate", "Operator": "Northwestern Energy Co", "Status": "Operating", "Shape_Leng": 0.00951162405, "STATEFP": "30", "STATENS": "00767982", "AFFGEOID": "0400000US30", "GEOID": "30", "STUSPS": "MT", "NAME": "Montana", "LSAD": "00", "ALAND": 376962738765, "AWATER": 3869208832 }, "geometry": { "type": "MultiLineString", "coordinates": [ [ [ -109.749329, 48.516865 ], [ -109.751433, 48.507589 ] ] ] } },
{ "type": "Feature", "properties": { "TYPEPIPE": "Intrastate", "Operator": "Northwestern Energy Co", "Status": "Operating", "Shape_Leng": 0.02397819218, "STATEFP": "30", "STATENS": "00767982", "AFFGEOID": "0400000US30", "GEOID": "30", "STUSPS": "MT", "NAME": "Montana", "LSAD": "00", "ALAND": 376962738765, "AWATER": 3869208832 }, "geometry": { "type": "MultiLineString", "coordinates": [ [ [ -109.749329, 48.516865 ], [ -109.773307, 48.516961 ] ] ] } },
{ "type": "Feature", "properties": { "TYPEPIPE": "Intrastate", "Operator": "Northwestern Energy Co", "Status": "Operating", "Shape_Leng": 0.0039158146, "STATEFP": "30", "STATENS": "00767982", "AFFGEOID": "0400000US30", "GEOID": "30", "STUSPS": "MT", "NAME": "Montana", "LSAD": "00", "ALAND": 376962738765, "AWATER": 3869208832 }, "geometry": { "type": "MultiLineString", "coordinates": [ [ [ -109.835989, 48.515422 ], [ -109.839487, 48.513662 ] ] ] } },
{ "type": "Feature", "properties": { "TYPEPIPE": "Intrastate", "Operator": "Northwestern Energy Co", "Status": "Operating", "Shape_Leng": 0.00858484362, "STATEFP": "30", "STATENS": "00767982", "AFFGEOID": "0400000US30", "GEOID": "30", "STUSPS": "MT", "NAME": "Montana", "LSAD": "00", "ALAND": 376962738765, "AWATER": 3869208832 }, "geometry": { "type": "MultiLineString", "coordinates": [ [ [ -109.835989, 48.515422 ], [ -109.827577, 48.513708 ] ] ] } },
{ "type": "Feature", "properties": { "TYPEPIPE": "Intrastate", "Operator": "Northwestern Energy Co", "Status": "Operating", "Shape_Leng": 0.01172325117, "STATEFP": "30", "STATENS": "00767982", "AFFGEOID": "0400000US30", "GEOID": "30", "STUSPS": "MT", "NAME": "Montana", "LSAD": "00", "ALAND": 376962738765, "AWATER": 3869208832 }, "geometry": { "type": "MultiLineString", "coordinates": [ [ [ -109.826416, 48.522189 ], [ -109.835989, 48.515422 ] ] ] } },
{ "type": "Feature", "properties": { "TYPEPIPE": "Intrastate", "Operator": "Northwestern Energy Co", "Status": "Operating", "Shape_Leng": 0.01021635184, "STATEFP": "30", "STATENS": "00767982", "AFFGEOID": "0400000US30", "GEOID": "30", "STUSPS": "MT", "NAME": "Montana", "LSAD": "00", "ALAND": 376962738765, "AWATER": 3869208832 }, "geometry": { "type": "MultiLineString", "coordinates": [ [ [ -109.826416, 48.522189 ], [ -109.834983, 48.527755 ] ] ] } },
{ "type": "Feature", "properties": { "TYPEPIPE": "Intrastate", "Operator": "Northwestern Energy Co", "Status": "Operating", "Shape_Leng": 0.00550881566, "STATEFP": "30", "STATENS": "00767982", "AFFGEOID": "0400000US30", "GEOID": "30", "STUSPS": "MT", "NAME": "Montana", "LSAD": "00", "ALAND": 376962738765, "AWATER": 3869208832 }, "geometry": { "type": "MultiLineString", "coordinates": [ [ [ -109.821889, 48.525328 ], [ -109.826416, 48.522189 ] ] ] } },
{ "type": "Feature", "properties": { "TYPEPIPE": "Intrastate", "Operator": "Northwestern Energy Co", "Status": "Operating", "Shape_Leng": 0.00521750534, "STATEFP": "30", "STATENS": "00767982", "AFFGEOID": "0400000US30", "GEOID": "30", "STUSPS": "MT", "NAME": "Montana", "LSAD": "00", "ALAND": 376962738765, "AWATER": 3869208832 }, "geometry": { "type": "MultiLineString", "coordinates": [ [ [ -109.821889, 48.525328 ], [ -109.826178, 48.528299 ] ] ] } },
{ "type": "Feature", "properties": { "TYPEPIPE": "Intrastate", "Operator": "Northwestern Energy Co", "Status": "Operating", "Shape_Leng": 0.03002522998, "STATEFP": "30", "STATENS": "00767982", "AFFGEOID": "0400000US30", "GEOID": "30", "STUSPS": "MT", "NAME": "Montana", "LSAD": "00", "ALAND": 376962738765, "AWATER": 3869208832 }, "geometry": { "type": "MultiLineString", "coordinates": [ [ [ -109.792195, 48.528389 ], [ -109.808955, 48.528272 ], [ -109.821889, 48.525328 ] ] ] } },
{ "type": "Feature", "properties": { "TYPEPIPE": "Intrastate", "Operator": "Northwestern Energy Co", "Status": "Operating", "Shape_Leng": 0.00774713967, "STATEFP": "30", "STATENS": "00767982", "AFFGEOID": "0400000US30", "GEOID": "30", "STUSPS": "MT", "NAME": "Montana", "LSAD": "00", "ALAND": 376962738765, "AWATER": 3869208832 }, "geometry": { "type": "MultiLineString", "coordinates": [ [ [ -109.792195, 48.528389 ], [ -109.785368, 48.524727 ] ] ] } },
{ "type": "Feature", "properties": { "TYPEPIPE": "Intrastate", "Operator": "Northwestern Energy Co", "Status": "Operating", "Shape_Leng": 0.00155898974, "STATEFP": "30", "STATENS": "00767982", "AFFGEOID": "0400000US30", "GEOID": "30", "STUSPS": "MT", "NAME": "Montana", "LSAD": "00", "ALAND": 376962738765, "AWATER": 3869208832 }, "geometry": { "type": "MultiLineString", "coordinates": [ [ [ -109.769829, 48.531472 ], [ -109.768436, 48.532172 ] ] ] } },
{ "type": "Feature", "properties": { "TYPEPIPE": "Intrastate", "Operator": "Northwestern Energy Co", "Status": "Operating", "Shape_Leng": 0.0015275919, "STATEFP": "30", "STATENS": "00767982", "AFFGEOID": "0400000US30", "GEOID": "30", "STUSPS": "MT", "NAME": "Montana", "LSAD": "00", "ALAND": 376962738765, "AWATER": 3869208832 }, "geometry": { "type": "MultiLineString", "coordinates": [ [ [ -109.768436, 48.532172 ], [ -109.767, 48.532693 ] ] ] } },
{ "type": "Feature", "properties": { "TYPEPIPE": "Intrastate", "Operator": "Northwestern Energy Co", "Status": "Operating", "Shape_Leng": 0.00076172764, "STATEFP": "30", "STATENS": "00767982", "AFFGEOID": "0400000US30", "GEOID": "30", "STUSPS": "MT", "NAME": "Montana", "LSAD": "00", "ALAND": 376962738765, "AWATER": 3869208832 }, "geometry": { "type": "MultiLineString", "coordinates": [ [ [ -109.768986, 48.532699 ], [ -109.768436, 48.532172 ] ] ] } },
{ "type": "Feature", "properties": { "TYPEPIPE": "Intrastate", "Operator": "Northwestern Energy Co", "Status": "Operating", "Shape_Leng": 0.00217548523, "STATEFP": "30", "STATENS": "00767982", "AFFGEOID": "0400000US30", "GEOID": "30", "STUSPS": "MT", "NAME": "Montana", "LSAD": "00", "ALAND": 376962738765, "AWATER": 3869208832 }, "geometry": { "type": "MultiLineString", "coordinates": [ [ [ -109.766986, 48.533555 ], [ -109.768986, 48.532699 ] ] ] } },
{ "type": "Feature", "properties": { "TYPEPIPE": "Intrastate", "Operator": "Northwestern Energy Co", "Status": "Operating", "Shape_Leng": 0.00481670105, "STATEFP": "30", "STATENS": "00767982", "AFFGEOID": "0400000US30", "GEOID": "30", "STUSPS": "MT", "NAME": "Montana", "LSAD": "00", "ALAND": 376962738765, "AWATER": 3869208832 }, "geometry": { "type": "MultiLineString", "coordinates": [ [ [ -109.766986, 48.533555 ], [ -109.763411, 48.536783 ] ] ] } },
{ "type": "Feature", "properties": { "TYPEPIPE": "Intrastate", "Operator": "Northwestern Energy Co", "Status": "Operating", "Shape_Leng": 0.01363288267, "STATEFP": "30", "STATENS": "00767982", "AFFGEOID": "0400000US30", "GEOID": "30", "STUSPS": "MT", "NAME": "Montana", "LSAD": "00", "ALAND": 376962738765, "AWATER": 3869208832 }, "geometry": { "type": "MultiLineString", "coordinates": [ [ [ -109.747173, 48.551443 ], [ -109.746654, 48.53782 ] ] ] } },
{ "type": "Feature", "properties": { "TYPEPIPE": "Intrastate", "Operator": "Northwestern Energy Co", "Status": "Operating", "Shape_Leng": 0.03000942623, "STATEFP": "30", "STATENS": "00767982", "AFFGEOID": "0400000US30", "GEOID": "30", "STUSPS": "MT", "NAME": "Montana", "LSAD": "00", "ALAND": 376962738765, "AWATER": 3869208832 }, "geometry": { "type": "MultiLineString", "coordinates": [ [ [ -109.746654, 48.53782 ], [ -109.746589, 48.536134 ], [ -109.753902, 48.532717 ], [ -109.753089, 48.532345 ], [ -109.752281, 48.532124 ], [ -109.751098, 48.53216 ], [ -109.750298, 48.532269 ], [ -109.749349, 48.53243 ], [ -109.749329, 48.516865 ] ] ] } },
{ "type": "Feature", "properties": { "TYPEPIPE": "Intrastate", "Operator": "Northwestern Energy Co", "Status": "Operating", "Shape_Leng": 0.02140438012, "STATEFP": "30", "STATENS": "00767982", "AFFGEOID": "0400000US30", "GEOID": "30", "STUSPS": "MT", "NAME": "Montana", "LSAD": "00", "ALAND": 376962738765, "AWATER": 3869208832 }, "geometry": { "type": "MultiLineString", "coordinates": [ [ [ -109.746654, 48.53782 ], [ -109.755751, 48.533282 ], [ -109.766986, 48.533555 ] ] ] } },
{ "type": "Feature", "properties": { "TYPEPIPE": "Intrastate", "Operator": "Northwestern Energy Co", "Status": "Operating", "Shape_Leng": 0.00211554721, "STATEFP": "30", "STATENS": "00767982", "AFFGEOID": "0400000US30", "GEOID": "30", "STUSPS": "MT", "NAME": "Montana", "LSAD": "00", "ALAND": 376962738765, "AWATER": 3869208832 }, "geometry": { "type": "MultiLineString", "coordinates": [ [ [ -109.768986, 48.532699 ], [ -109.770908, 48.531815 ] ] ] } },
{ "type": "Feature", "properties": { "TYPEPIPE": "Intrastate", "Operator": "Northwestern Energy Co", "Status": "Operating", "Shape_Leng": 0.02156093331, "STATEFP": "30", "STATENS": "00767982", "AFFGEOID": "0400000US30", "GEOID": "30", "STUSPS": "MT", "NAME": "Montana", "LSAD": "00", "ALAND": 376962738765, "AWATER": 3869208832 }, "geometry": { "type": "MultiLineString", "coordinates": [ [ [ -109.770908, 48.531815 ], [ -109.792195, 48.528389 ] ] ] } },
{ "type": "Feature", "properties": { "TYPEPIPE": "Intrastate", "Operator": "Northwestern Energy Co", "Status": "Operating", "Shape_Leng": 0.01133795279, "STATEFP": "30", "STATENS": "00767982", "AFFGEOID": "0400000US30", "GEOID": "30", "STUSPS": "MT", "NAME": "Montana", "LSAD": "00", "ALAND": 376962738765, "AWATER": 3869208832 }, "geometry": { "type": "MultiLineString", "coordinates": [ [ [ -109.770908, 48.531815 ], [ -109.772504, 48.536871 ], [ -109.772524, 48.542907 ] ] ] } },
{ "type": "Feature", "properties": { "TYPEPIPE": "Intrastate", "Operator": "Northwestern Energy Co", "Status": "Operating", "Shape_Leng": 0.04724970219, "STATEFP": "30", "STATENS": "00767982", "AFFGEOID": "0400000US30", "GEOID": "30", "STUSPS": "MT", "NAME": "Montana", "LSAD": "00", "ALAND": 376962738765, "AWATER": 3869208832 }, "geometry": { "type": "MultiLineString", "coordinates": [ [ [ -109.500202, 48.500743 ], [ -109.50931, 48.483993 ], [ -109.524008, 48.466797 ], [ -109.528624, 48.463694 ] ] ] } },
{ "type": "Feature", "properties": { "TYPEPIPE": "Intrastate", "Operator": "Northwestern Energy Co", "Status": "Operating", "Shape_Leng": 0.00295989797, "STATEFP": "30", "STATENS": "00767982", "AFFGEOID": "0400000US30", "GEOID": "30", "STUSPS": "MT", "NAME": "Montana", "LSAD": "00", "ALAND": 376962738765, "AWATER": 3869208832 }, "geometry": { "type": "MultiLineString", "coordinates": [ [ [ -109.498762, 48.503329 ], [ -109.500202, 48.500743 ] ] ] } },
{ "type": "Feature", "properties": { "TYPEPIPE": "Intrastate", "Operator": "Northwestern Energy Co", "Status": "Operating", "Shape_Leng": 0.01561584304, "STATEFP": "30", "STATENS": "00767982", "AFFGEOID": "0400000US30", "GEOID": "30", "STUSPS": "MT", "NAME": "Montana", "LSAD": "00", "ALAND": 376962738765, "AWATER": 3869208832 }, "geometry": { "type": "MultiLineString", "coordinates": [ [ [ -109.498762, 48.503329 ], [ -109.512277, 48.511152 ] ] ] } },
{ "type": "Feature", "properties": { "TYPEPIPE": "Intrastate", "Operator": "Northwestern Energy Co", "Status": "Operating", "Shape_Leng": 3.101612e-05, "STATEFP": "30", "STATENS": "00767982", "AFFGEOID": "0400000US30", "GEOID": "30", "STUSPS": "MT", "NAME": "Montana", "LSAD": "00", "ALAND": 376962738765, "AWATER": 3869208832 }, "geometry": { "type": "MultiLineString", "coordinates": [ [ [ -109.474778, 48.524417 ], [ -109.474807, 48.524428 ] ] ] } },
{ "type": "Feature", "properties": { "TYPEPIPE": "Intrastate", "Operator": "Northwestern Energy Co", "Status": "Operating", "Shape_Leng": 0.03267101978, "STATEFP": "30", "STATENS": "00767982", "AFFGEOID": "0400000US30", "GEOID": "30", "STUSPS": "MT", "NAME": "Montana", "LSAD": "00", "ALAND": 376962738765, "AWATER": 3869208832 }, "geometry": { "type": "MultiLineString", "coordinates": [ [ [ -109.474807, 48.524428 ], [ -109.484891, 48.515307 ], [ -109.48876, 48.509349 ], [ -109.492647, 48.507394 ], [ -109.495945, 48.504782 ], [ -109.49826, 48.504231 ], [ -109.498762, 48.503329 ] ] ] } },
{ "type": "Feature", "properties": { "TYPEPIPE": "Intrastate", "Operator": "Northwestern Energy Co", "Status": "Operating", "Shape_Leng": 0.00174149176, "STATEFP": "30", "STATENS": "00767982", "AFFGEOID": "0400000US30", "GEOID": "30", "STUSPS": "MT", "NAME": "Montana", "LSAD": "00", "ALAND": 376962738765, "AWATER": 3869208832 }, "geometry": { "type": "MultiLineString", "coordinates": [ [ [ -109.474807, 48.524428 ], [ -109.475058, 48.524403 ], [ -109.475922, 48.525616 ] ] ] } },
{ "type": "Feature", "properties": { "TYPEPIPE": "Intrastate", "Operator": "Northwestern Energy Co", "Status": "Operating", "Shape_Leng": 0.01553254151, "STATEFP": "30", "STATENS": "00767982", "AFFGEOID": "0400000US30", "GEOID": "30", "STUSPS": "MT", "NAME": "Montana", "LSAD": "00", "ALAND": 376962738765, "AWATER": 3869208832 }, "geometry": { "type": "MultiLineString", "coordinates": [ [ [ -109.475922, 48.525616 ], [ -109.476282, 48.526121 ], [ -109.476781, 48.52789 ], [ -109.477703, 48.526513 ], [ -109.478473, 48.526762 ], [ -109.478967, 48.526659 ], [ -109.479418, 48.526372 ], [ -109.479336, 48.526121 ], [ -109.479401, 48.525612 ], [ -109.481134, 48.526289 ], [ -109.480913, 48.52659 ], [ -109.480919, 48.526847 ], [ -109.481577, 48.527274 ], [ -109.481765, 48.527145 ], [ -109.482067, 48.526988 ], [ -109.486761, 48.528552 ] ] ] } },
{ "type": "Feature", "properties": { "TYPEPIPE": "Intrastate", "Operator": "Northwestern Energy Co", "Status": "Operating", "Shape_Leng": 0.01333417925, "STATEFP": "30", "STATENS": "00767982", "AFFGEOID": "0400000US30", "GEOID": "30", "STUSPS": "MT", "NAME": "Montana", "LSAD": "00", "ALAND": 376962738765, "AWATER": 3869208832 }, "geometry": { "type": "MultiLineString", "coordinates": [ [ [ -109.486761, 48.528552 ], [ -109.487803, 48.529025 ], [ -109.499837, 48.530968 ] ] ] } },
{ "type": "Feature", "properties": { "TYPEPIPE": "Intrastate", "Operator": "Northwestern Energy Co", "Status": "Operating", "Shape_Leng": 0.00333191895, "STATEFP": "30", "STATENS": "00767982", "AFFGEOID": "0400000US30", "GEOID": "30", "STUSPS": "MT", "NAME": "Montana", "LSAD": "00", "ALAND": 376962738765, "AWATER": 3869208832 }, "geometry": { "type": "MultiLineString", "coordinates": [ [ [ -109.486761, 48.528552 ], [ -109.487169, 48.528017 ], [ -109.486936, 48.527867 ], [ -109.486624, 48.527616 ], [ -109.486808, 48.527258 ], [ -109.487225, 48.527156 ], [ -109.487797, 48.527128 ], [ -109.488248, 48.526768 ] ] ] } },
{ "type": "Feature", "properties": { "TYPEPIPE": "Intrastate", "Operator": "Northwestern Energy Co", "Status": "Operating", "Shape_Leng": 0.02300818468, "STATEFP": "30", "STATENS": "00767982", "AFFGEOID": "0400000US30", "GEOID": "30", "STUSPS": "MT", "NAME": "Montana", "LSAD": "00", "ALAND": 376962738765, "AWATER": 3869208832 }, "geometry": { "type": "MultiLineString", "coordinates": [ [ [ -109.458682, 48.544871 ], [ -109.46534, 48.538619 ], [ -109.46544, 48.532939 ], [ -109.472157, 48.528246 ] ] ] } },
{ "type": "Feature", "properties": { "TYPEPIPE": "Intrastate", "Operator": "Northwestern Energy Co", "Status": "Operating", "Shape_Leng": 0.00459261636, "STATEFP": "30", "STATENS": "00767982", "AFFGEOID": "0400000US30", "GEOID": "30", "STUSPS": "MT", "NAME": "Montana", "LSAD": "00", "ALAND": 376962738765, "AWATER": 3869208832 }, "geometry": { "type": "MultiLineString", "coordinates": [ [ [ -109.472157, 48.528246 ], [ -109.475922, 48.525616 ] ] ] } },
{ "type": "Feature", "properties": { "TYPEPIPE": "Interstate", "Operator": "Shoshone Pipeline", "Status": "Operating", "Shape_Leng": 0.14721210832000001, "STATEFP": "30", "STATENS": "00767982", "AFFGEOID": "0400000US30", "GEOID": "30", "STUSPS": "MT", "NAME": "Montana", "LSAD": "00", "ALAND": 376962738765, "AWATER": 3869208832 }, "geometry": { "type": "MultiLineString", "coordinates": [ [ [ -108.698294, 45.000393 ], [ -108.673459, 45.028236 ], [ -108.658741, 45.064702 ], [ -108.661684, 45.100126 ], [ -108.671225, 45.133834 ] ] ] } },
{ "type": "Feature", "properties": { "TYPEPIPE": "Interstate", "Operator": "Shoshone Pipeline", "Status": "Operating", "Shape_Leng": 0.37558261719000002, "STATEFP": "30", "STATENS": "00767982", "AFFGEOID": "0400000US30", "GEOID": "30", "STUSPS": "MT", "NAME": "Montana", "LSAD": "00", "ALAND": 376962738765, "AWATER": 3869208832 }, "geometry": { "type": "MultiLineString", "coordinates": [ [ [ -108.698845746732857, 44.999667004728153 ], [ -108.698294, 45.000393 ] ] ] } },
{ "type": "Feature", "properties": { "TYPEPIPE": "Interstate", "Operator": "WBI Energy Transmission", "Status": "Operating", "Shape_Leng": 0.43625765128, "STATEFP": "30", "STATENS": "00767982", "AFFGEOID": "0400000US30", "GEOID": "30", "STUSPS": "MT", "NAME": "Montana", "LSAD": "00", "ALAND": 376962738765, "AWATER": 3869208832 }, "geometry": { "type": "MultiLineString", "coordinates": [ [ [ -106.67776, 46.309888 ], [ -106.92352, 45.94944 ] ] ] } },
{ "type": "Feature", "properties": { "TYPEPIPE": "Interstate", "Operator": "WBI Energy Transmission", "Status": "Operating", "Shape_Leng": 0.15761701918000001, "STATEFP": "30", "STATENS": "00767982", "AFFGEOID": "0400000US30", "GEOID": "30", "STUSPS": "MT", "NAME": "Montana", "LSAD": "00", "ALAND": 376962738765, "AWATER": 3869208832 }, "geometry": { "type": "MultiLineString", "coordinates": [ [ [ -106.92352, 45.94944 ], [ -107.07456, 45.904384 ] ] ] } },
{ "type": "Feature", "properties": { "TYPEPIPE": "Interstate", "Operator": "WBI Energy Transmission", "Status": "Operating", "Shape_Leng": 0.08132758922, "STATEFP": "30", "STATENS": "00767982", "AFFGEOID": "0400000US30", "GEOID": "30", "STUSPS": "MT", "NAME": "Montana", "LSAD": "00", "ALAND": 376962738765, "AWATER": 3869208832 }, "geometry": { "type": "MultiLineString", "coordinates": [ [ [ -108.868192, 45.02976 ], [ -108.862367, 45.000051 ], [ -108.862287794669399, 44.999647214140076 ] ] ] } },
{ "type": "Feature", "properties": { "TYPEPIPE": "Interstate", "Operator": "WBI Energy Transmission", "Status": "Operating", "Shape_Leng": 0.70093248792999996, "STATEFP": "30", "STATENS": "00767982", "AFFGEOID": "0400000US30", "GEOID": "30", "STUSPS": "MT", "NAME": "Montana", "LSAD": "00", "ALAND": 376962738765, "AWATER": 3869208832 }, "geometry": { "type": "MultiLineString", "coordinates": [ [ [ -104.370047547094515, 44.998353955742829 ], [ -104.585333, 45.01682 ], [ -105.048064, 45.056512 ] ] ] } },
{ "type": "Feature", "properties": { "TYPEPIPE": "Interstate", "Operator": "WBI Energy Transmission", "Status": "Operating", "Shape_Leng": 0.05953307383, "STATEFP": "30", "STATENS": "00767982", "AFFGEOID": "0400000US30", "GEOID": "30", "STUSPS": "MT", "NAME": "Montana", "LSAD": "00", "ALAND": 376962738765, "AWATER": 3869208832 }, "geometry": { "type": "MultiLineString", "coordinates": [ [ [ -105.048064, 45.056512 ], [ -105.086976, 45.101568 ] ] ] } },
{ "type": "Feature", "properties": { "TYPEPIPE": "Interstate", "Operator": "WBI Energy Transmission", "Status": "Operating", "Shape_Leng": 0.17540988488000001, "STATEFP": "30", "STATENS": "00767982", "AFFGEOID": "0400000US30", "GEOID": "30", "STUSPS": "MT", "NAME": "Montana", "LSAD": "00", "ALAND": 376962738765, "AWATER": 3869208832 }, "geometry": { "type": "MultiLineString", "coordinates": [ [ [ -105.048064, 45.056512 ], [ -105.202736712446949, 45.000312863305943 ] ] ] } },
{ "type": "Feature", "properties": { "TYPEPIPE": "Interstate", "Operator": "WBI Energy Transmission", "Status": "Operating", "Shape_Leng": 0.58745836714, "STATEFP": "30", "STATENS": "00767982", "AFFGEOID": "0400000US30", "GEOID": "30", "STUSPS": "MT", "NAME": "Montana", "LSAD": "00", "ALAND": 376962738765, "AWATER": 3869208832 }, "geometry": { "type": "MultiLineString", "coordinates": [ [ [ -106.072576, 45.867008 ], [ -105.486848, 45.821952 ] ] ] } },
{ "type": "Feature", "properties": { "TYPEPIPE": "Interstate", "Operator": "WBI Energy Transmission", "Status": "Operating", "Shape_Leng": 0.46490192067000002, "STATEFP": "30", "STATENS": "00767982", "AFFGEOID": "0400000US30", "GEOID": "30", "STUSPS": "MT", "NAME": "Montana", "LSAD": "00", "ALAND": 376962738765, "AWATER": 3869208832 }, "geometry": { "type": "MultiLineString", "coordinates": [ [ [ -107.07456, 45.904384 ], [ -107.509248, 45.73952 ] ] ] } },
{ "type": "Feature", "properties": { "TYPEPIPE": "Interstate", "Operator": "WBI Energy Transmission", "Status": "Operating", "Shape_Leng": 0.14358108667, "STATEFP": "30", "STATENS": "00767982", "AFFGEOID": "0400000US30", "GEOID": "30", "STUSPS": "MT", "NAME": "Montana", "LSAD": "00", "ALAND": 376962738765, "AWATER": 3869208832 }, "geometry": { "type": "MultiLineString", "coordinates": [ [ [ -107.509248, 45.73952 ], [ -107.4432, 45.612032 ] ] ] } },
{ "type": "Feature", "properties": { "TYPEPIPE": "Interstate", "Operator": "WBI Energy Transmission", "Status": "Operating", "Shape_Leng": 0.07873663784, "STATEFP": "30", "STATENS": "00767982", "AFFGEOID": "0400000US30", "GEOID": "30", "STUSPS": "MT", "NAME": "Montana", "LSAD": "00", "ALAND": 376962738765, "AWATER": 3869208832 }, "geometry": { "type": "MultiLineString", "coordinates": [ [ [ -107.509248, 45.73952 ], [ -107.585601, 45.720293 ] ] ] } },
{ "type": "Feature", "properties": { "TYPEPIPE": "Interstate", "Operator": "WBI Energy Transmission", "Status": "Operating", "Shape_Leng": 0.36356542814999998, "STATEFP": "30", "STATENS": "00767982", "AFFGEOID": "0400000US30", "GEOID": "30", "STUSPS": "MT", "NAME": "Montana", "LSAD": "00", "ALAND": 376962738765, "AWATER": 3869208832 }, "geometry": { "type": "MultiLineString", "coordinates": [ [ [ -108.076544, 45.596672 ], [ -108.417024, 45.469184 ] ] ] } },
{ "type": "Feature", "properties": { "TYPEPIPE": "Interstate", "Operator": "WBI Energy Transmission", "Status": "Operating", "Shape_Leng": 0.32978563471, "STATEFP": "30", "STATENS": "00767982", "AFFGEOID": "0400000US30", "GEOID": "30", "STUSPS": "MT", "NAME": "Montana", "LSAD": "00", "ALAND": 376962738765, "AWATER": 3869208832 }, "geometry": { "type": "MultiLineString", "coordinates": [ [ [ -108.417024, 45.469184 ], [ -108.634624, 45.221376 ] ] ] } },
{ "type": "Feature", "properties": { "TYPEPIPE": "Interstate", "Operator": "WBI Energy Transmission", "Status": "Operating", "Shape_Leng": 0.19582042255000001, "STATEFP": "30", "STATENS": "00767982", "AFFGEOID": "0400000US30", "GEOID": "30", "STUSPS": "MT", "NAME": "Montana", "LSAD": "00", "ALAND": 376962738765, "AWATER": 3869208832 }, "geometry": { "type": "MultiLineString", "coordinates": [ [ [ -108.634624, 45.221376 ], [ -108.577792, 45.033984 ] ] ] } },
{ "type": "Feature", "properties": { "TYPEPIPE": "Interstate", "Operator": "WBI Energy Transmission", "Status": "Operating", "Shape_Leng": 0.29043071838000001, "STATEFP": "30", "STATENS": "00767982", "AFFGEOID": "0400000US30", "GEOID": "30", "STUSPS": "MT", "NAME": "Montana", "LSAD": "00", "ALAND": 376962738765, "AWATER": 3869208832 }, "geometry": { "type": "MultiLineString", "coordinates": [ [ [ -108.577792, 45.033984 ], [ -108.868192, 45.02976 ] ] ] } },
{ "type": "Feature", "properties": { "TYPEPIPE": "Interstate", "Operator": "WBI Energy Transmission", "Status": "Operating", "Shape_Leng": 0.01264, "STATEFP": "30", "STATENS": "00767982", "AFFGEOID": "0400000US30", "GEOID": "30", "STUSPS": "MT", "NAME": "Montana", "LSAD": "00", "ALAND": 376962738765, "AWATER": 3869208832 }, "geometry": { "type": "MultiLineString", "coordinates": [ [ [ -108.868192, 45.02976 ], [ -108.880832, 45.02976 ] ] ] } },
{ "type": "Feature", "properties": { "TYPEPIPE": "Interstate", "Operator": "WBI Energy Transmission", "Status": "Operating", "Shape_Leng": 0.06219748475, "STATEFP": "30", "STATENS": "00767982", "AFFGEOID": "0400000US30", "GEOID": "30", "STUSPS": "MT", "NAME": "Montana", "LSAD": "00", "ALAND": 376962738765, "AWATER": 3869208832 }, "geometry": { "type": "MultiLineString", "coordinates": [ [ [ -108.889211895735457, 44.999643954000433 ], [ -108.889474, 44.999999 ] ] ] } },
{ "type": "Feature", "properties": { "TYPEPIPE": "Interstate", "Operator": "WBI Energy Transmission", "Status": "Operating", "Shape_Leng": 0.54187163882, "STATEFP": "30", "STATENS": "00767982", "AFFGEOID": "0400000US30", "GEOID": "30", "STUSPS": "MT", "NAME": "Montana", "LSAD": "00", "ALAND": 376962738765, "AWATER": 3869208832 }, "geometry": { "type": "MultiLineString", "coordinates": [ [ [ -108.964864, 45.109248 ], [ -108.957572, 45.132802 ], [ -108.884004, 45.370428 ], [ -108.804608, 45.62688 ] ] ] } },
{ "type": "Feature", "properties": { "TYPEPIPE": "Interstate", "Operator": "WBI Energy Transmission", "Status": "Operating", "Shape_Leng": 0.06452012647, "STATEFP": "30", "STATENS": "00767982", "AFFGEOID": "0400000US30", "GEOID": "30", "STUSPS": "MT", "NAME": "Montana", "LSAD": "00", "ALAND": 376962738765, "AWATER": 3869208832 }, "geometry": { "type": "MultiLineString", "coordinates": [ [ [ -108.804608, 45.62688 ], [ -108.76672, 45.679104 ] ] ] } },
{ "type": "Feature", "properties": { "TYPEPIPE": "Interstate", "Operator": "WBI Energy Transmission", "Status": "Operating", "Shape_Leng": 0.17674385353, "STATEFP": "30", "STATENS": "00767982", "AFFGEOID": "0400000US30", "GEOID": "30", "STUSPS": "MT", "NAME": "Montana", "LSAD": "00", "ALAND": 376962738765, "AWATER": 3869208832 }, "geometry": { "type": "MultiLineString", "coordinates": [ [ [ -108.76672, 45.679104 ], [ -108.908544, 45.784576 ] ] ] } },
{ "type": "Feature", "properties": { "TYPEPIPE": "Interstate", "Operator": "WBI Energy Transmission", "Status": "Operating", "Shape_Leng": 0.15196743062000001, "STATEFP": "30", "STATENS": "00767982", "AFFGEOID": "0400000US30", "GEOID": "30", "STUSPS": "MT", "NAME": "Montana", "LSAD": "00", "ALAND": 376962738765, "AWATER": 3869208832 }, "geometry": { "type": "MultiLineString", "coordinates": [ [ [ -108.908544, 45.784576 ], [ -109.030912, 45.874688 ] ] ] } },
{ "type": "Feature", "properties": { "TYPEPIPE": "Interstate", "Operator": "WBI Energy Transmission", "Status": "Operating", "Shape_Leng": 0.35812487725999997, "STATEFP": "30", "STATENS": "00767982", "AFFGEOID": "0400000US30", "GEOID": "30", "STUSPS": "MT", "NAME": "Montana", "LSAD": "00", "ALAND": 376962738765, "AWATER": 3869208832 }, "geometry": { "type": "MultiLineString", "coordinates": [ [ [ -108.76672, 45.679104 ], [ -108.611495, 45.755233 ], [ -108.445184, 45.8368 ] ] ] } },
{ "type": "Feature", "properties": { "TYPEPIPE": "Interstate", "Operator": "WBI Energy Transmission", "Status": "Operating", "Shape_Leng": 0.04582550067, "STATEFP": "30", "STATENS": "00767982", "AFFGEOID": "0400000US30", "GEOID": "30", "STUSPS": "MT", "NAME": "Montana", "LSAD": "00", "ALAND": 376962738765, "AWATER": 3869208832 }, "geometry": { "type": "MultiLineString", "coordinates": [ [ [ -108.577792, 45.033984 ], [ -108.548198644584801, 44.999685246023148 ] ] ] } },
{ "type": "Feature", "properties": { "TYPEPIPE": "Interstate", "Operator": "WBI Energy Transmission", "Status": "Operating", "Shape_Leng": 0.13273656656, "STATEFP": "30", "STATENS": "00767982", "AFFGEOID": "0400000US30", "GEOID": "30", "STUSPS": "MT", "NAME": "Montana", "LSAD": "00", "ALAND": 376962738765, "AWATER": 3869208832 }, "geometry": { "type": "MultiLineString", "coordinates": [ [ [ -108.889474, 44.999999 ], [ -108.89424, 45.006906 ], [ -108.964864, 45.109248 ] ] ] } },
{ "type": "Feature", "properties": { "TYPEPIPE": "Interstate", "Operator": "WBI Energy Transmission", "Status": "Operating", "Shape_Leng": 0.36412740241000002, "STATEFP": "30", "STATENS": "00767982", "AFFGEOID": "0400000US30", "GEOID": "30", "STUSPS": "MT", "NAME": "Montana", "LSAD": "00", "ALAND": 376962738765, "AWATER": 3869208832 }, "geometry": { "type": "MultiLineString", "coordinates": [ [ [ -107.87328, 48.381952 ], [ -107.524608, 48.486912 ] ] ] } },
{ "type": "Feature", "properties": { "TYPEPIPE": "Interstate", "Operator": "WBI Energy Transmission", "Status": "Operating", "Shape_Leng": 0.12836540358000001, "STATEFP": "30", "STATENS": "00767982", "AFFGEOID": "0400000US30", "GEOID": "30", "STUSPS": "MT", "NAME": "Montana", "LSAD": "00", "ALAND": 376962738765, "AWATER": 3869208832 }, "geometry": { "type": "MultiLineString", "coordinates": [ [ [ -107.524608, 48.486912 ], [ -107.472527, 48.475921 ], [ -107.399009, 48.460406 ] ] ] } },
{ "type": "Feature", "properties": { "TYPEPIPE": "Interstate", "Operator": "WBI Energy Transmission", "Status": "Operating", "Shape_Leng": 0.07451601106, "STATEFP": "30", "STATENS": "00767982", "AFFGEOID": "0400000US30", "GEOID": "30", "STUSPS": "MT", "NAME": "Montana", "LSAD": "00", "ALAND": 376962738765, "AWATER": 3869208832 }, "geometry": { "type": "MultiLineString", "coordinates": [ [ [ -107.311104, 48.441856 ], [ -107.237504, 48.430208 ] ] ] } },
{ "type": "Feature", "properties": { "TYPEPIPE": "Interstate", "Operator": "WBI Energy Transmission", "Status": "Operating", "Shape_Leng": 0.2531424516, "STATEFP": "30", "STATENS": "00767982", "AFFGEOID": "0400000US30", "GEOID": "30", "STUSPS": "MT", "NAME": "Montana", "LSAD": "00", "ALAND": 376962738765, "AWATER": 3869208832 }, "geometry": { "type": "MultiLineString", "coordinates": [ [ [ -106.729984, 48.28416 ], [ -106.507264, 48.40448 ] ] ] } },
{ "type": "Feature", "properties": { "TYPEPIPE": "Interstate", "Operator": "WBI Energy Transmission", "Status": "Operating", "Shape_Leng": 0.38655186216999998, "STATEFP": "30", "STATENS": "00767982", "AFFGEOID": "0400000US30", "GEOID": "30", "STUSPS": "MT", "NAME": "Montana", "LSAD": "00", "ALAND": 376962738765, "AWATER": 3869208832 }, "geometry": { "type": "MultiLineString", "coordinates": [ [ [ -106.729984, 48.28416 ], [ -106.410496, 48.06656 ] ] ] } },
{ "type": "Feature", "properties": { "TYPEPIPE": "Interstate", "Operator": "WBI Energy Transmission", "Status": "Operating", "Shape_Leng": 0.56290622156000003, "STATEFP": "30", "STATENS": "00767982", "AFFGEOID": "0400000US30", "GEOID": "30", "STUSPS": "MT", "NAME": "Montana", "LSAD": "00", "ALAND": 376962738765, "AWATER": 3869208832 }, "geometry": { "type": "MultiLineString", "coordinates": [ [ [ -106.410496, 48.06656 ], [ -105.848832, 48.103936 ] ] ] } },
{ "type": "Feature", "properties": { "TYPEPIPE": "Interstate", "Operator": "WBI Energy Transmission", "Status": "Operating", "Shape_Leng": 0.33059899866999998, "STATEFP": "30", "STATENS": "00767982", "AFFGEOID": "0400000US30", "GEOID": "30", "STUSPS": "MT", "NAME": "Montana", "LSAD": "00", "ALAND": 376962738765, "AWATER": 3869208832 }, "geometry": { "type": "MultiLineString", "coordinates": [ [ [ -105.848832, 48.103936 ], [ -105.519616, 48.134144 ] ] ] } },
{ "type": "Feature", "properties": { "TYPEPIPE": "Interstate", "Operator": "WBI Energy Transmission", "Status": "Operating", "Shape_Leng": 0.05467862763, "STATEFP": "30", "STATENS": "00767982", "AFFGEOID": "0400000US30", "GEOID": "30", "STUSPS": "MT", "NAME": "Montana", "LSAD": "00", "ALAND": 376962738765, "AWATER": 3869208832 }, "geometry": { "type": "MultiLineString", "coordinates": [ [ [ -105.519616, 48.134144 ], [ -105.480192, 48.096256 ] ] ] } },
{ "type": "Feature", "properties": { "TYPEPIPE": "Interstate", "Operator": "WBI Energy Transmission", "Status": "Operating", "Shape_Leng": 0.23031046372, "STATEFP": "30", "STATENS": "00767982", "AFFGEOID": "0400000US30", "GEOID": "30", "STUSPS": "MT", "NAME": "Montana", "LSAD": "00", "ALAND": 376962738765, "AWATER": 3869208832 }, "geometry": { "type": "MultiLineString", "coordinates": [ [ [ -105.480192, 48.096256 ], [ -105.320945, 47.929873 ] ] ] } },
{ "type": "Feature", "properties": { "TYPEPIPE": "Interstate", "Operator": "WBI Energy Transmission", "Status": "Operating", "Shape_Leng": 0.17826498927000001, "STATEFP": "30", "STATENS": "00767982", "AFFGEOID": "0400000US30", "GEOID": "30", "STUSPS": "MT", "NAME": "Montana", "LSAD": "00", "ALAND": 376962738765, "AWATER": 3869208832 }, "geometry": { "type": "MultiLineString", "coordinates": [ [ [ -105.2288, 47.8336 ], [ -105.112576, 47.698432 ] ] ] } },
{ "type": "Feature", "properties": { "TYPEPIPE": "Interstate", "Operator": "WBI Energy Transmission", "Status": "Operating", "Shape_Leng": 0.2086976313, "STATEFP": "30", "STATENS": "00767982", "AFFGEOID": "0400000US30", "GEOID": "30", "STUSPS": "MT", "NAME": "Montana", "LSAD": "00", "ALAND": 376962738765, "AWATER": 3869208832 }, "geometry": { "type": "MultiLineString", "coordinates": [ [ [ -105.519616, 48.134144 ], [ -105.31584, 48.1792 ] ] ] } },
{ "type": "Feature", "properties": { "TYPEPIPE": "Interstate", "Operator": "WBI Energy Transmission", "Status": "Operating", "Shape_Leng": 0.70164626456000001, "STATEFP": "30", "STATENS": "00767982", "AFFGEOID": "0400000US30", "GEOID": "30", "STUSPS": "MT", "NAME": "Montana", "LSAD": "00", "ALAND": 376962738765, "AWATER": 3869208832 }, "geometry": { "type": "MultiLineString", "coordinates": [ [ [ -105.112576, 47.698432 ], [ -104.5504, 47.278592 ] ] ] } },
{ "type": "Feature", "properties": { "TYPEPIPE": "Interstate", "Operator": "WBI Energy Transmission", "Status": "Operating", "Shape_Leng": 0.13426705806, "STATEFP": "30", "STATENS": "00767982", "AFFGEOID": "0400000US30", "GEOID": "30", "STUSPS": "MT", "NAME": "Montana", "LSAD": "00", "ALAND": 376962738765, "AWATER": 3869208832 }, "geometry": { "type": "MultiLineString", "coordinates": [ [ [ -104.5504, 47.278592 ], [ -104.444416, 47.361024 ] ] ] } },
{ "type": "Feature", "properties": { "TYPEPIPE": "Interstate", "Operator": "WBI Energy Transmission", "Status": "Operating", "Shape_Leng": 0.45128668671, "STATEFP": "30", "STATENS": "00767982", "AFFGEOID": "0400000US30", "GEOID": "30", "STUSPS": "MT", "NAME": "Montana", "LSAD": "00", "ALAND": 376962738765, "AWATER": 3869208832 }, "geometry": { "type": "MultiLineString", "coordinates": [ [ [ -104.444416, 47.361024 ], [ -104.1536, 47.706112 ] ] ] } },
{ "type": "Feature", "properties": { "TYPEPIPE": "Interstate", "Operator": "WBI Energy Transmission", "Status": "Operating", "Shape_Leng": 0.14097694698, "STATEFP": "30", "STATENS": "00767982", "AFFGEOID": "0400000US30", "GEOID": "30", "STUSPS": "MT", "NAME": "Montana", "LSAD": "00", "ALAND": 376962738765, "AWATER": 3869208832 }, "geometry": { "type": "MultiLineString", "coordinates": [ [ [ -104.1536, 47.706112 ], [ -104.046471, 47.691768 ], [ -104.043239680546122, 47.69133536978385 ] ] ] } },
{ "type": "Feature", "properties": { "TYPEPIPE": "Interstate", "Operator": "WBI Energy Transmission", "Status": "Operating", "Shape_Leng": 0.17251437134, "STATEFP": "30", "STATENS": "00767982", "AFFGEOID": "0400000US30", "GEOID": "30", "STUSPS": "MT", "NAME": "Montana", "LSAD": "00", "ALAND": 376962738765, "AWATER": 3869208832 }, "geometry": { "type": "MultiLineString", "coordinates": [ [ [ -104.1536, 47.706112 ], [ -104.127982, 47.734213 ], [ -104.042610225560168, 47.827863675514756 ] ] ] } },
{ "type": "Feature", "properties": { "TYPEPIPE": "Interstate", "Operator": "WBI Energy Transmission", "Status": "Operating", "Shape_Leng": 0.12952385714, "STATEFP": "30", "STATENS": "00767982", "AFFGEOID": "0400000US30", "GEOID": "30", "STUSPS": "MT", "NAME": "Montana", "LSAD": "00", "ALAND": 376962738765, "AWATER": 3869208832 }, "geometry": { "type": "MultiLineString", "coordinates": [ [ [ -104.045519001169808, 46.939800909600358 ], [ -104.049152, 46.940672 ] ] ] } },
{ "type": "Feature", "properties": { "TYPEPIPE": "Interstate", "Operator": "WBI Energy Transmission", "Status": "Operating", "Shape_Leng": 0.12263442127, "STATEFP": "30", "STATENS": "00767982", "AFFGEOID": "0400000US30", "GEOID": "30", "STUSPS": "MT", "NAME": "Montana", "LSAD": "00", "ALAND": 376962738765, "AWATER": 3869208832 }, "geometry": { "type": "MultiLineString", "coordinates": [ [ [ -104.049152, 46.940672 ], [ -104.15616, 47.000576 ] ] ] } },
{ "type": "Feature", "properties": { "TYPEPIPE": "Interstate", "Operator": "WBI Energy Transmission", "Status": "Operating", "Shape_Leng": 0.1364900198, "STATEFP": "30", "STATENS": "00767982", "AFFGEOID": "0400000US30", "GEOID": "30", "STUSPS": "MT", "NAME": "Montana", "LSAD": "00", "ALAND": 376962738765, "AWATER": 3869208832 }, "geometry": { "type": "MultiLineString", "coordinates": [ [ [ -104.045569505502726, 46.732208801031248 ], [ -104.05888, 46.730752 ] ] ] } },
{ "type": "Feature", "properties": { "TYPEPIPE": "Interstate", "Operator": "WBI Energy Transmission", "Status": "Operating", "Shape_Leng": 0.27069745533, "STATEFP": "30", "STATENS": "00767982", "AFFGEOID": "0400000US30", "GEOID": "30", "STUSPS": "MT", "NAME": "Montana", "LSAD": "00", "ALAND": 376962738765, "AWATER": 3869208832 }, "geometry": { "type": "MultiLineString", "coordinates": [ [ [ -104.05888, 46.730752 ], [ -104.311296, 46.63296 ] ] ] } },
{ "type": "Feature", "properties": { "TYPEPIPE": "Interstate", "Operator": "WBI Energy Transmission", "Status": "Operating", "Shape_Leng": 0.09213297382000001, "STATEFP": "30", "STATENS": "00767982", "AFFGEOID": "0400000US30", "GEOID": "30", "STUSPS": "MT", "NAME": "Montana", "LSAD": "00", "ALAND": 376962738765, "AWATER": 3869208832 }, "geometry": { "type": "MultiLineString", "coordinates": [ [ [ -104.311296, 46.63296 ], [ -104.398336, 46.602752 ] ] ] } },
{ "type": "Feature", "properties": { "TYPEPIPE": "Interstate", "Operator": "WBI Energy Transmission", "Status": "Operating", "Shape_Leng": 0.09571250819, "STATEFP": "30", "STATENS": "00767982", "AFFGEOID": "0400000US30", "GEOID": "30", "STUSPS": "MT", "NAME": "Montana", "LSAD": "00", "ALAND": 376962738765, "AWATER": 3869208832 }, "geometry": { "type": "MultiLineString", "coordinates": [ [ [ -104.398336, 46.602752 ], [ -104.446976, 46.685184 ] ] ] } },
{ "type": "Feature", "properties": { "TYPEPIPE": "Interstate", "Operator": "WBI Energy Transmission", "Status": "Operating", "Shape_Leng": 0.10725147421, "STATEFP": "30", "STATENS": "00767982", "AFFGEOID": "0400000US30", "GEOID": "30", "STUSPS": "MT", "NAME": "Montana", "LSAD": "00", "ALAND": 376962738765, "AWATER": 3869208832 }, "geometry": { "type": "MultiLineString", "coordinates": [ [ [ -104.446976, 46.685184 ], [ -104.42752, 46.790656 ] ] ] } },
{ "type": "Feature", "properties": { "TYPEPIPE": "Interstate", "Operator": "WBI Energy Transmission", "Status": "Operating", "Shape_Leng": 0.10195101569, "STATEFP": "30", "STATENS": "00767982", "AFFGEOID": "0400000US30", "GEOID": "30", "STUSPS": "MT", "NAME": "Montana", "LSAD": "00", "ALAND": 376962738765, "AWATER": 3869208832 }, "geometry": { "type": "MultiLineString", "coordinates": [ [ [ -104.42752, 46.790656 ], [ -104.47616, 46.880256 ] ] ] } },
{ "type": "Feature", "properties": { "TYPEPIPE": "Interstate", "Operator": "WBI Energy Transmission", "Status": "Operating", "Shape_Leng": 0.22071001065000001, "STATEFP": "30", "STATENS": "00767982", "AFFGEOID": "0400000US30", "GEOID": "30", "STUSPS": "MT", "NAME": "Montana", "LSAD": "00", "ALAND": 376962738765, "AWATER": 3869208832 }, "geometry": { "type": "MultiLineString", "coordinates": [ [ [ -104.47616, 46.880256 ], [ -104.65024, 47.015936 ] ] ] } },
{ "type": "Feature", "properties": { "TYPEPIPE": "Interstate", "Operator": "WBI Energy Transmission", "Status": "Operating", "Shape_Leng": 0.17284759048000001, "STATEFP": "30", "STATENS": "00767982", "AFFGEOID": "0400000US30", "GEOID": "30", "STUSPS": "MT", "NAME": "Montana", "LSAD": "00", "ALAND": 376962738765, "AWATER": 3869208832 }, "geometry": { "type": "MultiLineString", "coordinates": [ [ [ -104.65024, 47.015936 ], [ -104.66048, 47.18848 ] ] ] } },
{ "type": "Feature", "properties": { "TYPEPIPE": "Interstate", "Operator": "WBI Energy Transmission", "Status": "Operating", "Shape_Leng": 0.14225954781, "STATEFP": "30", "STATENS": "00767982", "AFFGEOID": "0400000US30", "GEOID": "30", "STUSPS": "MT", "NAME": "Montana", "LSAD": "00", "ALAND": 376962738765, "AWATER": 3869208832 }, "geometry": { "type": "MultiLineString", "coordinates": [ [ [ -104.66048, 47.18848 ], [ -104.5504, 47.278592 ] ] ] } },
{ "type": "Feature", "properties": { "TYPEPIPE": "Interstate", "Operator": "WBI Energy Transmission", "Status": "Operating", "Shape_Leng": 0.30835199215999998, "STATEFP": "30", "STATENS": "00767982", "AFFGEOID": "0400000US30", "GEOID": "30", "STUSPS": "MT", "NAME": "Montana", "LSAD": "00", "ALAND": 376962738765, "AWATER": 3869208832 }, "geometry": { "type": "MultiLineString", "coordinates": [ [ [ -104.398336, 46.602752 ], [ -104.215356, 46.373528 ], [ -104.205966, 46.361765 ] ] ] } },
{ "type": "Feature", "properties": { "TYPEPIPE": "Interstate", "Operator": "WBI Energy Transmission", "Status": "Operating", "Shape_Leng": 0.07123979113, "STATEFP": "30", "STATENS": "00767982", "AFFGEOID": "0400000US30", "GEOID": "30", "STUSPS": "MT", "NAME": "Montana", "LSAD": "00", "ALAND": 376962738765, "AWATER": 3869208832 }, "geometry": { "type": "MultiLineString", "coordinates": [ [ [ -104.116736, 46.249984 ], [ -104.049152, 46.272512 ] ] ] } },
{ "type": "Feature", "properties": { "TYPEPIPE": "Interstate", "Operator": "WBI Energy Transmission", "Status": "Operating", "Shape_Leng": 0.08838490369, "STATEFP": "30", "STATENS": "00767982", "AFFGEOID": "0400000US30", "GEOID": "30", "STUSPS": "MT", "NAME": "Montana", "LSAD": "00", "ALAND": 376962738765, "AWATER": 3869208832 }, "geometry": { "type": "MultiLineString", "coordinates": [ [ [ -104.049152, 46.272512 ], [ -104.045465475836679, 46.273162652373657 ] ] ] } },
{ "type": "Feature", "properties": { "TYPEPIPE": "Interstate", "Operator": "WBI Energy Transmission", "Status": "Operating", "Shape_Leng": 0.14302791637000001, "STATEFP": "30", "STATENS": "00767982", "AFFGEOID": "0400000US30", "GEOID": "30", "STUSPS": "MT", "NAME": "Montana", "LSAD": "00", "ALAND": 376962738765, "AWATER": 3869208832 }, "geometry": { "type": "MultiLineString", "coordinates": [ [ [ -104.205966, 46.361765 ], [ -104.116736, 46.249984 ] ] ] } },
{ "type": "Feature", "properties": { "TYPEPIPE": "Interstate", "Operator": "WBI Energy Transmission", "Status": "Operating", "Shape_Leng": 0.07507195893, "STATEFP": "30", "STATENS": "00767982", "AFFGEOID": "0400000US30", "GEOID": "30", "STUSPS": "MT", "NAME": "Montana", "LSAD": "00", "ALAND": 376962738765, "AWATER": 3869208832 }, "geometry": { "type": "MultiLineString", "coordinates": [ [ [ -104.116736, 46.249984 ], [ -104.092869, 46.178807 ] ] ] } },
{ "type": "Feature", "properties": { "TYPEPIPE": "Interstate", "Operator": "WBI Energy Transmission", "Status": "Operating", "Shape_Leng": 0.320855739, "STATEFP": "30", "STATENS": "00767982", "AFFGEOID": "0400000US30", "GEOID": "30", "STUSPS": "MT", "NAME": "Montana", "LSAD": "00", "ALAND": 376962738765, "AWATER": 3869208832 }, "geometry": { "type": "MultiLineString", "coordinates": [ [ [ -104.398336, 46.602752 ], [ -104.718848, 46.587904 ] ] ] } },
{ "type": "Feature", "properties": { "TYPEPIPE": "Interstate", "Operator": "WBI Energy Transmission", "Status": "Operating", "Shape_Leng": 0.12544, "STATEFP": "30", "STATENS": "00767982", "AFFGEOID": "0400000US30", "GEOID": "30", "STUSPS": "MT", "NAME": "Montana", "LSAD": "00", "ALAND": 376962738765, "AWATER": 3869208832 }, "geometry": { "type": "MultiLineString", "coordinates": [ [ [ -104.718848, 46.587904 ], [ -104.789398, 46.587904 ], [ -104.844288, 46.587904 ] ] ] } },
{ "type": "Feature", "properties": { "TYPEPIPE": "Interstate", "Operator": "WBI Energy Transmission", "Status": "Operating", "Shape_Leng": 0.446464, "STATEFP": "30", "STATENS": "00767982", "AFFGEOID": "0400000US30", "GEOID": "30", "STUSPS": "MT", "NAME": "Montana", "LSAD": "00", "ALAND": 376962738765, "AWATER": 3869208832 }, "geometry": { "type": "MultiLineString", "coordinates": [ [ [ -104.844288, 46.587904 ], [ -105.290752, 46.587904 ] ] ] } },
{ "type": "Feature", "properties": { "TYPEPIPE": "Interstate", "Operator": "WBI Energy Transmission", "Status": "Operating", "Shape_Leng": 0.195072, "STATEFP": "30", "STATENS": "00767982", "AFFGEOID": "0400000US30", "GEOID": "30", "STUSPS": "MT", "NAME": "Montana", "LSAD": "00", "ALAND": 376962738765, "AWATER": 3869208832 }, "geometry": { "type": "MultiLineString", "coordinates": [ [ [ -105.290752, 46.587904 ], [ -105.290752, 46.782976 ] ] ] } },
{ "type": "Feature", "properties": { "TYPEPIPE": "Interstate", "Operator": "WBI Energy Transmission", "Status": "Operating", "Shape_Leng": 0.17603941959, "STATEFP": "30", "STATENS": "00767982", "AFFGEOID": "0400000US30", "GEOID": "30", "STUSPS": "MT", "NAME": "Montana", "LSAD": "00", "ALAND": 376962738765, "AWATER": 3869208832 }, "geometry": { "type": "MultiLineString", "coordinates": [ [ [ -105.290752, 46.587904 ], [ -105.465344, 46.610432 ] ] ] } },
{ "type": "Feature", "properties": { "TYPEPIPE": "Interstate", "Operator": "WBI Energy Transmission", "Status": "Operating", "Shape_Leng": 0.12008555883, "STATEFP": "30", "STATENS": "00767982", "AFFGEOID": "0400000US30", "GEOID": "30", "STUSPS": "MT", "NAME": "Montana", "LSAD": "00", "ALAND": 376962738765, "AWATER": 3869208832 }, "geometry": { "type": "MultiLineString", "coordinates": [ [ [ -105.465344, 46.610432 ], [ -105.581568, 46.64064 ] ] ] } },
{ "type": "Feature", "properties": { "TYPEPIPE": "Interstate", "Operator": "WBI Energy Transmission", "Status": "Operating", "Shape_Leng": 0.54206397960999997, "STATEFP": "30", "STATENS": "00767982", "AFFGEOID": "0400000US30", "GEOID": "30", "STUSPS": "MT", "NAME": "Montana", "LSAD": "00", "ALAND": 376962738765, "AWATER": 3869208832 }, "geometry": { "type": "MultiLineString", "coordinates": [ [ [ -105.581568, 46.64064 ], [ -106.065526, 46.396472 ] ] ] } },
{ "type": "Feature", "properties": { "TYPEPIPE": "Interstate", "Operator": "WBI Energy Transmission", "Status": "Operating", "Shape_Leng": 0.097792, "STATEFP": "30", "STATENS": "00767982", "AFFGEOID": "0400000US30", "GEOID": "30", "STUSPS": "MT", "NAME": "Montana", "LSAD": "00", "ALAND": 376962738765, "AWATER": 3869208832 }, "geometry": { "type": "MultiLineString", "coordinates": [ [ [ -106.14784, 46.354944 ], [ -106.14784, 46.257152 ] ] ] } },
{ "type": "Feature", "properties": { "TYPEPIPE": "Interstate", "Operator": "WBI Energy Transmission", "Status": "Operating", "Shape_Leng": 0.09160794655, "STATEFP": "30", "STATENS": "00767982", "AFFGEOID": "0400000US30", "GEOID": "30", "STUSPS": "MT", "NAME": "Montana", "LSAD": "00", "ALAND": 376962738765, "AWATER": 3869208832 }, "geometry": { "type": "MultiLineString", "coordinates": [ [ [ -106.14784, 46.257152 ], [ -106.072576, 46.204928 ] ] ] } },
{ "type": "Feature", "properties": { "TYPEPIPE": "Interstate", "Operator": "WBI Energy Transmission", "Status": "Operating", "Shape_Leng": 0.33792, "STATEFP": "30", "STATENS": "00767982", "AFFGEOID": "0400000US30", "GEOID": "30", "STUSPS": "MT", "NAME": "Montana", "LSAD": "00", "ALAND": 376962738765, "AWATER": 3869208832 }, "geometry": { "type": "MultiLineString", "coordinates": [ [ [ -106.072576, 46.204928 ], [ -106.072576, 45.867008 ] ] ] } },
{ "type": "Feature", "properties": { "TYPEPIPE": "Interstate", "Operator": "WBI Energy Transmission", "Status": "Operating", "Shape_Leng": 0.53183197491, "STATEFP": "30", "STATENS": "00767982", "AFFGEOID": "0400000US30", "GEOID": "30", "STUSPS": "MT", "NAME": "Montana", "LSAD": "00", "ALAND": 376962738765, "AWATER": 3869208832 }, "geometry": { "type": "MultiLineString", "coordinates": [ [ [ -106.14784, 46.354944 ], [ -106.67776, 46.309888 ] ] ] } },
{ "type": "Feature", "properties": { "TYPEPIPE": "Interstate", "Operator": "WBI Energy Transmission", "Status": "Operating", "Shape_Leng": 0.50626789438999997, "STATEFP": "30", "STATENS": "00767982", "AFFGEOID": "0400000US30", "GEOID": "30", "STUSPS": "MT", "NAME": "Montana", "LSAD": "00", "ALAND": 376962738765, "AWATER": 3869208832 }, "geometry": { "type": "MultiLineString", "coordinates": [ [ [ -107.585601, 45.720293 ], [ -108.076544, 45.596672 ] ] ] } },
{ "type": "Feature", "properties": { "TYPEPIPE": "Interstate", "Operator": "WBI Energy Transmission", "Status": "Operating", "Shape_Leng": 0.09219636316, "STATEFP": "30", "STATENS": "00767982", "AFFGEOID": "0400000US30", "GEOID": "30", "STUSPS": "MT", "NAME": "Montana", "LSAD": "00", "ALAND": 376962738765, "AWATER": 3869208832 }, "geometry": { "type": "MultiLineString", "coordinates": [ [ [ -106.065526, 46.396472 ], [ -106.14784, 46.354944 ] ] ] } },
{ "type": "Feature", "properties": { "TYPEPIPE": "Interstate", "Operator": "WBI Energy Transmission", "Status": "Operating", "Shape_Leng": 0.13529318683, "STATEFP": "30", "STATENS": "00767982", "AFFGEOID": "0400000US30", "GEOID": "30", "STUSPS": "MT", "NAME": "Montana", "LSAD": "00", "ALAND": 376962738765, "AWATER": 3869208832 }, "geometry": { "type": "MultiLineString", "coordinates": [ [ [ -104.092869, 46.178807 ], [ -104.045450411540983, 46.053636872302683 ] ] ] } },
{ "type": "Feature", "properties": { "TYPEPIPE": "Interstate", "Operator": "WBI Energy Transmission", "Status": "Operating", "Shape_Leng": 0.13326361677000001, "STATEFP": "30", "STATENS": "00767982", "AFFGEOID": "0400000US30", "GEOID": "30", "STUSPS": "MT", "NAME": "Montana", "LSAD": "00", "ALAND": 376962738765, "AWATER": 3869208832 }, "geometry": { "type": "MultiLineString", "coordinates": [ [ [ -105.320945, 47.929873 ], [ -105.2288, 47.8336 ] ] ] } },
{ "type": "Feature", "properties": { "TYPEPIPE": "Interstate", "Operator": "WBI Energy Transmission", "Status": "Operating", "Shape_Leng": 0.08984092344, "STATEFP": "30", "STATENS": "00767982", "AFFGEOID": "0400000US30", "GEOID": "30", "STUSPS": "MT", "NAME": "Montana", "LSAD": "00", "ALAND": 376962738765, "AWATER": 3869208832 }, "geometry": { "type": "MultiLineString", "coordinates": [ [ [ -107.399009, 48.460406 ], [ -107.311104, 48.441856 ] ] ] } },
{ "type": "Feature", "properties": { "TYPEPIPE": "Interstate", "Operator": "WBI Energy Transmission", "Status": "Operating", "Shape_Leng": 0.52811605609000001, "STATEFP": "30", "STATENS": "00767982", "AFFGEOID": "0400000US30", "GEOID": "30", "STUSPS": "MT", "NAME": "Montana", "LSAD": "00", "ALAND": 376962738765, "AWATER": 3869208832 }, "geometry": { "type": "MultiLineString", "coordinates": [ [ [ -107.237504, 48.430208 ], [ -106.729984, 48.28416 ] ] ] } },
{ "type": "Feature", "properties": { "TYPEPIPE": "Interstate", "Operator": "WBI Energy Transmission", "Status": "Operating", "Shape_Leng": 0.28561412264000002, "STATEFP": "30", "STATENS": "00767982", "AFFGEOID": "0400000US30", "GEOID": "30", "STUSPS": "MT", "NAME": "Montana", "LSAD": "00", "ALAND": 376962738765, "AWATER": 3869208832 }, "geometry": { "type": "MultiLineString", "coordinates": [ [ [ -104.092869, 46.178807 ], [ -104.179471, 46.242206 ], [ -104.323328, 46.34752 ] ] ] } },
{ "type": "Feature", "properties": { "TYPEPIPE": "Interstate", "Operator": "WBI Energy Transmission", "Status": "Operating", "Shape_Leng": 0.11822334401, "STATEFP": "30", "STATENS": "00767982", "AFFGEOID": "0400000US30", "GEOID": "30", "STUSPS": "MT", "NAME": "Montana", "LSAD": "00", "ALAND": 376962738765, "AWATER": 3869208832 }, "geometry": { "type": "MultiLineString", "coordinates": [ [ [ -104.205966, 46.361765 ], [ -104.323328, 46.34752 ] ] ] } },
{ "type": "Feature", "properties": { "TYPEPIPE": "Interstate", "Operator": "WBI Energy Transmission", "Status": "Operating", "Shape_Leng": 0.2660255136, "STATEFP": "30", "STATENS": "00767982", "AFFGEOID": "0400000US30", "GEOID": "30", "STUSPS": "MT", "NAME": "Montana", "LSAD": "00", "ALAND": 376962738765, "AWATER": 3869208832 }, "geometry": { "type": "MultiLineString", "coordinates": [ [ [ -104.398336, 46.602752 ], [ -104.355126, 46.45572 ], [ -104.323328, 46.34752 ] ] ] } },
{ "type": "Feature", "properties": { "TYPEPIPE": "Interstate", "Operator": "WBI Energy Transmission", "Status": "Operating", "Shape_Leng": 0.09866453369, "STATEFP": "30", "STATENS": "00767982", "AFFGEOID": "0400000US30", "GEOID": "30", "STUSPS": "MT", "NAME": "Montana", "LSAD": "00", "ALAND": 376962738765, "AWATER": 3869208832 }, "geometry": { "type": "MultiLineString", "coordinates": [ [ [ -108.884004, 45.370428 ], [ -108.982651, 45.372288 ] ] ] } },
{ "type": "Feature", "properties": { "TYPEPIPE": "Interstate", "Operator": "Grasslands Pipeline", "Status": "Operating", "Shape_Leng": 2.3400539515899998, "STATEFP": "30", "STATENS": "00767982", "AFFGEOID": "0400000US30", "GEOID": "30", "STUSPS": "MT", "NAME": "Montana", "LSAD": "00", "ALAND": 376962738765, "AWATER": 3869208832 }, "geometry": { "type": "MultiLineString", "coordinates": [ [ [ -105.223497, 45.000409 ], [ -105.048064, 45.056512 ], [ -104.973312, 45.087252 ], [ -104.768639, 45.171418 ], [ -104.533382, 45.995561 ], [ -104.515767, 46.057039 ], [ -104.516435, 46.118828 ], [ -104.49464, 46.127313 ], [ -104.480719, 46.211067 ], [ -104.439959, 46.240797 ], [ -104.390139, 46.290867 ], [ -104.383714, 46.397204 ], [ -104.382664, 46.447765 ], [ -104.382664, 46.495628 ], [ -104.37331, 46.596674 ], [ -104.289331, 46.629671 ], [ -104.152309, 46.636961 ], [ -104.061387, 46.636961 ], [ -104.045377898459876, 46.638713183686228 ] ] ] } },
{ "type": "Feature", "properties": { "TYPEPIPE": "Interstate", "Operator": "Grasslands Pipeline", "Status": "Operating", "Shape_Leng": 0.02575349996, "STATEFP": "30", "STATENS": "00767982", "AFFGEOID": "0400000US30", "GEOID": "30", "STUSPS": "MT", "NAME": "Montana", "LSAD": "00", "ALAND": 376962738765, "AWATER": 3869208832 }, "geometry": { "type": "MultiLineString", "coordinates": [ [ [ -104.37331, 46.596674 ], [ -104.398336, 46.602752 ] ] ] } },
{ "type": "Feature", "properties": { "TYPEPIPE": "Interstate", "Operator": "Grasslands Pipeline", "Status": "Operating", "Shape_Leng": 0.59300800691, "STATEFP": "30", "STATENS": "00767982", "AFFGEOID": "0400000US30", "GEOID": "30", "STUSPS": "MT", "NAME": "Montana", "LSAD": "00", "ALAND": 376962738765, "AWATER": 3869208832 }, "geometry": { "type": "MultiLineString", "coordinates": [ [ [ -105.223874022605898, 45.000315586396432 ], [ -105.223497, 45.000409 ] ] ] } },
{ "type": "Feature", "properties": { "TYPEPIPE": "Interstate", "Operator": "Bison Pipeline", "Status": "Operating", "Shape_Leng": 1.27846208891, "STATEFP": "30", "STATENS": "00767982", "AFFGEOID": "0400000US30", "GEOID": "30", "STUSPS": "MT", "NAME": "Montana", "LSAD": "00", "ALAND": 376962738765, "AWATER": 3869208832 }, "geometry": { "type": "MultiLineString", "coordinates": [ [ [ -105.209934427132112, 45.0003137905776 ], [ -105.209903, 45.000335 ] ] ] } },
{ "type": "Feature", "properties": { "TYPEPIPE": "Interstate", "Operator": "Bison Pipeline", "Status": "Operating", "Shape_Leng": 1.58984881896, "STATEFP": "30", "STATENS": "00767982", "AFFGEOID": "0400000US30", "GEOID": "30", "STUSPS": "MT", "NAME": "Montana", "LSAD": "00", "ALAND": 376962738765, "AWATER": 3869208832 }, "geometry": { "type": "MultiLineString", "coordinates": [ [ [ -105.209903, 45.000335 ], [ -105.169261, 45.015245 ], [ -105.158106, 45.01875 ], [ -105.090007, 45.040923 ], [ -104.930124, 45.103891 ], [ -104.916176, 45.156271 ], [ -104.883617, 45.233152 ], [ -104.862917, 45.245075 ], [ -104.838038, 45.261237 ], [ -104.825543, 45.271814 ], [ -104.802396, 45.302259 ], [ -104.739403, 45.36939 ], [ -104.624937, 45.469684 ], [ -104.53028, 45.570171 ], [ -104.046155, 46.023515 ] ] ] } },
{ "type": "Feature", "properties": { "TYPEPIPE": "Interstate", "Operator": "Bison Pipeline", "Status": "Operating", "Shape_Leng": 2.4261834327799998, "STATEFP": "30", "STATENS": "00767982", "AFFGEOID": "0400000US30", "GEOID": "30", "STUSPS": "MT", "NAME": "Montana", "LSAD": "00", "ALAND": 376962738765, "AWATER": 3869208832 }, "geometry": { "type": "MultiLineString", "coordinates": [ [ [ -104.046155, 46.023515 ], [ -104.045448379962167, 46.023964473235424 ] ] ] } }
]
}
