{
"type": "FeatureCollection",
"name": "natural_gas_pipelines_mo",
"crs": { "type": "name", "properties": { "name": "urn:ogc:def:crs:OGC:1.3:CRS84" } },
"features": [
{ "type": "Feature", "properties": { "TYPEPIPE": "Intrastate", "Operator": "Arkansas Western LLC", "Status": "Operating", "Shape_Leng": 0.01263344945, "STATEFP": "29", "STATENS": "01779791", "AFFGEOID": "0400000US29", "GEOID": "29", "STUSPS": "MO", "NAME": "Missouri", "LSAD": "00", "ALAND": 178050802184, "AWATER": 2489425460 }, "geometry": { "type": "MultiLineString", "coordinates": [ [ [ -90.15059, 36.219696 ], [ -90.151396613458715, 36.219769020107286 ] ] ] } },
{ "type": "Feature", "properties": { "TYPEPIPE": "Intrastate", "Operator": "Atmos Energy (United Cities Gas Co)", "Status": "Operating", "Shape_Leng": 0.14182159428, "STATEFP": "29", "STATENS": "01779791", "AFFGEOID": "0400000US29", "GEOID": "29", "STUSPS": "MO", "NAME": "Missouri", "LSAD": "00", "ALAND": 178050802184, "AWATER": 2489425460 }, "geometry": { "type": "MultiLineString", "coordinates": [ [ [ -90.009272, 36.207755 ], [ -90.15059, 36.219696 ] ] ] } },
{ "type": "Feature", "properties": { "TYPEPIPE": "Interstate", "Operator": "Mississippi River Trans Corp", "Status": "Operating", "Shape_Leng": 7.001851e-05, "STATEFP": "29", "STATENS": "01779791", "AFFGEOID": "0400000US29", "GEOID": "29", "STUSPS": "MO", "NAME": "Missouri", "LSAD": "00", "ALAND": 178050802184, "AWATER": 2489425460 }, "geometry": { "type": "MultiLineString", "coordinates": [ [ [ -90.411551, 38.234506 ], [ -90.411569, 38.234506 ], [ -90.411568, 38.234533 ], [ -90.411593, 38.234533 ] ] ] } },
{ "type": "Feature", "properties": { "TYPEPIPE": "Interstate", "Operator": "Mississippi River Trans Corp", "Status": "Operating", "Shape_Leng": 0.03474978099, "STATEFP": "29", "STATENS": "01779791", "AFFGEOID": "0400000US29", "GEOID": "29", "STUSPS": "MO", "NAME": "Missouri", "LSAD": "00", "ALAND": 178050802184, "AWATER": 2489425460 }, "geometry": { "type": "MultiLineString", "coordinates": [ [ [ -90.099237, 37.971758 ], [ -90.099065, 37.971736 ], [ -90.09695, 37.972346 ], [ -90.09661, 37.972403 ], [ -90.08268, 37.972942 ], [ -90.075039, 37.974345 ], [ -90.07503, 37.974312 ], [ -90.074747, 37.97414 ], [ -90.074356, 37.974209 ], [ -90.074345, 37.974222 ], [ -90.07433, 37.974215 ], [ -90.074221, 37.974235 ], [ -90.074175, 37.974351 ], [ -90.074239, 37.97448 ], [ -90.074216, 37.974514 ], [ -90.072872, 37.974793 ], [ -90.071507, 37.974999 ], [ -90.070468, 37.975197 ], [ -90.068044, 37.975396 ], [ -90.066154, 37.975345 ], [ -90.06519, 37.975229 ] ] ] } },
{ "type": "Feature", "properties": { "TYPEPIPE": "Interstate", "Operator": "Mississippi River Trans Corp", "Status": "Operating", "Shape_Leng": 0.00138586282, "STATEFP": "29", "STATENS": "01779791", "AFFGEOID": "0400000US29", "GEOID": "29", "STUSPS": "MO", "NAME": "Missouri", "LSAD": "00", "ALAND": 178050802184, "AWATER": 2489425460 }, "geometry": { "type": "MultiLineString", "coordinates": [ [ [ -90.0652, 37.97523 ], [ -90.06524, 37.974837 ], [ -90.065327, 37.974687 ], [ -90.065812, 37.974029 ] ] ] } },
{ "type": "Feature", "properties": { "TYPEPIPE": "Interstate", "Operator": "Mississippi River Trans Corp", "Status": "Operating", "Shape_Leng": 0.00033659026, "STATEFP": "29", "STATENS": "01779791", "AFFGEOID": "0400000US29", "GEOID": "29", "STUSPS": "MO", "NAME": "Missouri", "LSAD": "00", "ALAND": 178050802184, "AWATER": 2489425460 }, "geometry": { "type": "MultiLineString", "coordinates": [ [ [ -90.323619, 38.535985 ], [ -90.323651, 38.535986 ], [ -90.323646, 38.536052 ], [ -90.32364, 38.536129 ], [ -90.323801, 38.536136 ] ] ] } },
{ "type": "Feature", "properties": { "TYPEPIPE": "Interstate", "Operator": "Mississippi River Trans Corp", "Status": "Operating", "Shape_Leng": 0.00131334564, "STATEFP": "29", "STATENS": "01779791", "AFFGEOID": "0400000US29", "GEOID": "29", "STUSPS": "MO", "NAME": "Missouri", "LSAD": "00", "ALAND": 178050802184, "AWATER": 2489425460 }, "geometry": { "type": "MultiLineString", "coordinates": [ [ [ -90.074705, 37.974146 ], [ -90.074705, 37.974128 ], [ -90.074681, 37.974128 ], [ -90.074664, 37.974133 ], [ -90.074233, 37.973675 ], [ -90.073827, 37.973348 ], [ -90.073909, 37.973285 ] ] ] } },
{ "type": "Feature", "properties": { "TYPEPIPE": "Interstate", "Operator": "Mississippi River Trans Corp", "Status": "Operating", "Shape_Leng": 0.04200607119, "STATEFP": "29", "STATENS": "01779791", "AFFGEOID": "0400000US29", "GEOID": "29", "STUSPS": "MO", "NAME": "Missouri", "LSAD": "00", "ALAND": 178050802184, "AWATER": 2489425460 }, "geometry": { "type": "MultiLineString", "coordinates": [ [ [ -90.205242, 38.690657 ], [ -90.205505, 38.690876 ], [ -90.205543, 38.691297 ], [ -90.208134, 38.693548 ], [ -90.208403, 38.693833 ], [ -90.214465, 38.699225 ], [ -90.215375, 38.699957 ], [ -90.215617, 38.700211 ], [ -90.215858, 38.70043 ], [ -90.216085, 38.700691 ], [ -90.216297, 38.700961 ], [ -90.216484, 38.701232 ], [ -90.216679, 38.701521 ], [ -90.216847, 38.701782 ], [ -90.217034, 38.702066 ], [ -90.217169, 38.702348 ], [ -90.217317, 38.702648 ], [ -90.217451, 38.703026 ], [ -90.217526, 38.703279 ], [ -90.217593, 38.703534 ], [ -90.217648, 38.703792 ], [ -90.217691, 38.70405 ], [ -90.217718, 38.704309 ], [ -90.217754, 38.704828 ], [ -90.217755, 38.705074 ], [ -90.217756, 38.705516 ], [ -90.217731, 38.706549 ], [ -90.218381, 38.707687 ], [ -90.218875, 38.712484 ], [ -90.21892, 38.713289 ], [ -90.218918, 38.713884 ], [ -90.2189, 38.714297 ], [ -90.218833, 38.715008 ], [ -90.218698, 38.715887 ], [ -90.217935, 38.720412 ], [ -90.217826, 38.721477 ], [ -90.218179, 38.7218 ], [ -90.218167, 38.722152 ], [ -90.217777, 38.722508 ], [ -90.217727, 38.725877 ], [ -90.217401, 38.726104 ], [ -90.217387, 38.726607 ] ] ] } },
{ "type": "Feature", "properties": { "TYPEPIPE": "Interstate", "Operator": "Mississippi River Trans Corp", "Status": "Operating", "Shape_Leng": 0.00250392627, "STATEFP": "29", "STATENS": "01779791", "AFFGEOID": "0400000US29", "GEOID": "29", "STUSPS": "MO", "NAME": "Missouri", "LSAD": "00", "ALAND": 178050802184, "AWATER": 2489425460 }, "geometry": { "type": "MultiLineString", "coordinates": [ [ [ -90.269354, 38.52426 ], [ -90.269501, 38.524308 ], [ -90.26954, 38.524383 ], [ -90.269532, 38.524452 ], [ -90.269527, 38.52449 ], [ -90.26941, 38.525478 ], [ -90.269384, 38.525694 ], [ -90.269331, 38.526143 ], [ -90.26933, 38.526148 ], [ -90.26934, 38.526148 ], [ -90.269385, 38.52615 ], [ -90.269492, 38.526153 ], [ -90.269541, 38.526155 ], [ -90.269599, 38.526157 ], [ -90.269624, 38.526158 ], [ -90.269651, 38.526159 ], [ -90.2697, 38.52616 ], [ -90.269755, 38.526162 ], [ -90.269765, 38.526162 ], [ -90.269817, 38.526164 ] ] ] } },
{ "type": "Feature", "properties": { "TYPEPIPE": "Interstate", "Operator": "Mississippi River Trans Corp", "Status": "Operating", "Shape_Leng": 0.00200104143, "STATEFP": "29", "STATENS": "01779791", "AFFGEOID": "0400000US29", "GEOID": "29", "STUSPS": "MO", "NAME": "Missouri", "LSAD": "00", "ALAND": 178050802184, "AWATER": 2489425460 }, "geometry": { "type": "MultiLineString", "coordinates": [ [ [ -90.269354, 38.52426 ], [ -90.269345, 38.524275 ], [ -90.267536, 38.523579 ], [ -90.267559, 38.52354 ] ] ] } },
{ "type": "Feature", "properties": { "TYPEPIPE": "Interstate", "Operator": "Mississippi River Trans Corp", "Status": "Operating", "Shape_Leng": 0.00488218868, "STATEFP": "29", "STATENS": "01779791", "AFFGEOID": "0400000US29", "GEOID": "29", "STUSPS": "MO", "NAME": "Missouri", "LSAD": "00", "ALAND": 178050802184, "AWATER": 2489425460 }, "geometry": { "type": "MultiLineString", "coordinates": [ [ [ -90.262834, 38.522334 ], [ -90.267364, 38.523447 ], [ -90.267565, 38.52353 ] ] ] } },
{ "type": "Feature", "properties": { "TYPEPIPE": "Interstate", "Operator": "Mississippi River Trans Corp", "Status": "Operating", "Shape_Leng": 0.00488283665, "STATEFP": "29", "STATENS": "01779791", "AFFGEOID": "0400000US29", "GEOID": "29", "STUSPS": "MO", "NAME": "Missouri", "LSAD": "00", "ALAND": 178050802184, "AWATER": 2489425460 }, "geometry": { "type": "MultiLineString", "coordinates": [ [ [ -90.262823, 38.522356 ], [ -90.267384, 38.523476 ], [ -90.267559, 38.52354 ] ] ] } },
{ "type": "Feature", "properties": { "TYPEPIPE": "Interstate", "Operator": "Mississippi River Trans Corp", "Status": "Operating", "Shape_Leng": 0.00199328733, "STATEFP": "29", "STATENS": "01779791", "AFFGEOID": "0400000US29", "GEOID": "29", "STUSPS": "MO", "NAME": "Missouri", "LSAD": "00", "ALAND": 178050802184, "AWATER": 2489425460 }, "geometry": { "type": "MultiLineString", "coordinates": [ [ [ -90.267565, 38.52353 ], [ -90.267593, 38.523489 ], [ -90.269364, 38.524245 ], [ -90.269354, 38.52426 ] ] ] } },
{ "type": "Feature", "properties": { "TYPEPIPE": "Interstate", "Operator": "Mississippi River Trans Corp", "Status": "Operating", "Shape_Leng": 0.00192846156, "STATEFP": "29", "STATENS": "01779791", "AFFGEOID": "0400000US29", "GEOID": "29", "STUSPS": "MO", "NAME": "Missouri", "LSAD": "00", "ALAND": 178050802184, "AWATER": 2489425460 }, "geometry": { "type": "MultiLineString", "coordinates": [ [ [ -90.267577, 38.523513 ], [ -90.269357, 38.524255 ] ] ] } },
{ "type": "Feature", "properties": { "TYPEPIPE": "Interstate", "Operator": "Mississippi River Trans Corp", "Status": "Operating", "Shape_Leng": 0.00193702685, "STATEFP": "29", "STATENS": "01779791", "AFFGEOID": "0400000US29", "GEOID": "29", "STUSPS": "MO", "NAME": "Missouri", "LSAD": "00", "ALAND": 178050802184, "AWATER": 2489425460 }, "geometry": { "type": "MultiLineString", "coordinates": [ [ [ -90.267548, 38.523557 ], [ -90.269351, 38.524265 ] ] ] } },
{ "type": "Feature", "properties": { "TYPEPIPE": "Interstate", "Operator": "Mississippi River Trans Corp", "Status": "Operating", "Shape_Leng": 0.00075911501, "STATEFP": "29", "STATENS": "01779791", "AFFGEOID": "0400000US29", "GEOID": "29", "STUSPS": "MO", "NAME": "Missouri", "LSAD": "00", "ALAND": 178050802184, "AWATER": 2489425460 }, "geometry": { "type": "MultiLineString", "coordinates": [ [ [ -90.06519, 37.975229 ], [ -90.064458, 37.97519 ], [ -90.064436, 37.975204 ] ] ] } },
{ "type": "Feature", "properties": { "TYPEPIPE": "Interstate", "Operator": "Mississippi River Trans Corp", "Status": "Operating", "Shape_Leng": 3.255764e-05, "STATEFP": "29", "STATENS": "01779791", "AFFGEOID": "0400000US29", "GEOID": "29", "STUSPS": "MO", "NAME": "Missouri", "LSAD": "00", "ALAND": 178050802184, "AWATER": 2489425460 }, "geometry": { "type": "MultiLineString", "coordinates": [ [ [ -90.493581, 37.866401 ], [ -90.493559, 37.866425 ] ] ] } },
{ "type": "Feature", "properties": { "TYPEPIPE": "Interstate", "Operator": "Mississippi River Trans Corp", "Status": "Operating", "Shape_Leng": 0.02797827954, "STATEFP": "29", "STATENS": "01779791", "AFFGEOID": "0400000US29", "GEOID": "29", "STUSPS": "MO", "NAME": "Missouri", "LSAD": "00", "ALAND": 178050802184, "AWATER": 2489425460 }, "geometry": { "type": "MultiLineString", "coordinates": [ [ [ -90.363441, 38.4065 ], [ -90.363346, 38.406466 ], [ -90.36322, 38.406448 ], [ -90.358479, 38.406698 ], [ -90.357093, 38.406582 ], [ -90.356973, 38.406539 ], [ -90.356686, 38.40633 ], [ -90.355311, 38.404758 ], [ -90.355217, 38.404689 ], [ -90.354007, 38.404122 ], [ -90.352198, 38.402912 ], [ -90.351556, 38.40217 ], [ -90.350644, 38.401611 ], [ -90.350518, 38.40158 ], [ -90.348164, 38.401654 ], [ -90.348021, 38.401679 ], [ -90.345403, 38.402515 ], [ -90.345273, 38.402536 ], [ -90.341025, 38.402662 ], [ -90.340338, 38.402781 ], [ -90.338938, 38.402909 ], [ -90.337655, 38.403147 ], [ -90.33747, 38.403093 ] ] ] } },
{ "type": "Feature", "properties": { "TYPEPIPE": "Interstate", "Operator": "Mississippi River Trans Corp", "Status": "Operating", "Shape_Leng": 0.03058412981, "STATEFP": "29", "STATENS": "01779791", "AFFGEOID": "0400000US29", "GEOID": "29", "STUSPS": "MO", "NAME": "Missouri", "LSAD": "00", "ALAND": 178050802184, "AWATER": 2489425460 }, "geometry": { "type": "MultiLineString", "coordinates": [ [ [ -90.408739, 38.207065 ], [ -90.408688, 38.206395 ], [ -90.407664, 38.206308 ], [ -90.407653, 38.206146 ], [ -90.407241, 38.206063 ], [ -90.406597, 38.205923 ], [ -90.405765, 38.205805 ], [ -90.404893, 38.205671 ], [ -90.404578, 38.20569 ], [ -90.404469, 38.206103 ], [ -90.404555, 38.206606 ], [ -90.404544, 38.206615 ], [ -90.404513, 38.206592 ], [ -90.403423, 38.206746 ], [ -90.403413, 38.206757 ], [ -90.403398, 38.206749 ], [ -90.402601, 38.206857 ], [ -90.402769, 38.207254 ], [ -90.402769, 38.207269 ], [ -90.401624, 38.207318 ], [ -90.401603, 38.207568 ], [ -90.401606, 38.207581 ], [ -90.401516, 38.207598 ], [ -90.401256, 38.207667 ], [ -90.400809, 38.207849 ], [ -90.400556, 38.207996 ], [ -90.400518, 38.208023 ], [ -90.399892, 38.208592 ], [ -90.39953, 38.20905 ], [ -90.398794, 38.210012 ], [ -90.398486, 38.210654 ], [ -90.398252, 38.211019 ], [ -90.397908, 38.211783 ], [ -90.397717, 38.212015 ], [ -90.397552, 38.21216 ], [ -90.397587, 38.212185 ], [ -90.39727, 38.212705 ], [ -90.397099, 38.213414 ], [ -90.396486, 38.213357 ], [ -90.395408, 38.213162 ], [ -90.395388, 38.213152 ], [ -90.395006, 38.213082 ], [ -90.39448, 38.213056 ], [ -90.394114, 38.213023 ], [ -90.393674, 38.212955 ], [ -90.39257, 38.212728 ], [ -90.39181, 38.213641 ], [ -90.390929, 38.213474 ], [ -90.390897, 38.213488 ], [ -90.390463, 38.213887 ], [ -90.390133, 38.214162 ], [ -90.38987, 38.214362 ], [ -90.389126, 38.214885 ], [ -90.388966, 38.215004 ], [ -90.388674, 38.214956 ], [ -90.388397, 38.214921 ], [ -90.387804, 38.214894 ], [ -90.387365, 38.21489 ], [ -90.387121, 38.214853 ], [ -90.38617, 38.214615 ], [ -90.385622, 38.213794 ], [ -90.385736, 38.213744 ] ] ] } },
{ "type": "Feature", "properties": { "TYPEPIPE": "Interstate", "Operator": "Mississippi River Trans Corp", "Status": "Operating", "Shape_Leng": 0.08480219694, "STATEFP": "29", "STATENS": "01779791", "AFFGEOID": "0400000US29", "GEOID": "29", "STUSPS": "MO", "NAME": "Missouri", "LSAD": "00", "ALAND": 178050802184, "AWATER": 2489425460 }, "geometry": { "type": "MultiLineString", "coordinates": [ [ [ -90.402077, 38.161485 ], [ -90.40206, 38.161494 ], [ -90.402079, 38.16152 ], [ -90.401845, 38.161631 ], [ -90.40184, 38.161644 ], [ -90.401135, 38.161505 ], [ -90.400254, 38.16146 ], [ -90.400117, 38.161457 ], [ -90.397393, 38.161621 ], [ -90.393621, 38.161815 ], [ -90.392066, 38.161941 ], [ -90.390708, 38.162279 ], [ -90.390568, 38.162292 ], [ -90.390431, 38.162282 ], [ -90.385451, 38.160986 ], [ -90.384415, 38.160611 ], [ -90.383274, 38.160117 ], [ -90.380964, 38.159451 ], [ -90.378642, 38.158976 ], [ -90.376801, 38.158723 ], [ -90.376637, 38.15873 ], [ -90.375673, 38.158903 ], [ -90.375175, 38.159057 ], [ -90.372561, 38.159526 ], [ -90.371964, 38.159615 ], [ -90.371867, 38.159649 ], [ -90.371653, 38.159792 ], [ -90.370676, 38.160453 ], [ -90.370558, 38.160508 ], [ -90.37043, 38.160546 ], [ -90.370297, 38.160575 ], [ -90.36942, 38.160654 ], [ -90.367051, 38.160806 ], [ -90.3612, 38.161602 ], [ -90.361059, 38.161668 ], [ -90.359495, 38.161734 ], [ -90.358917, 38.16181 ], [ -90.358738, 38.161783 ], [ -90.35669, 38.162105 ], [ -90.353727, 38.162717 ], [ -90.351745, 38.163032 ], [ -90.348409, 38.163673 ], [ -90.347045, 38.163807 ], [ -90.343928, 38.163813 ], [ -90.343794, 38.163836 ], [ -90.339887, 38.165253 ], [ -90.335859, 38.167627 ], [ -90.333004, 38.169712 ], [ -90.332494, 38.16997 ], [ -90.331237, 38.170385 ], [ -90.33081, 38.170442 ], [ -90.330536, 38.170433 ], [ -90.327957, 38.169987 ], [ -90.325505, 38.169452 ], [ -90.32498, 38.169378 ], [ -90.324245, 38.169316 ], [ -90.323083, 38.169286 ], [ -90.320369, 38.169225 ] ] ] } },
{ "type": "Feature", "properties": { "TYPEPIPE": "Interstate", "Operator": "Mississippi River Trans Corp", "Status": "Operating", "Shape_Leng": 0.00103419328, "STATEFP": "29", "STATENS": "01779791", "AFFGEOID": "0400000US29", "GEOID": "29", "STUSPS": "MO", "NAME": "Missouri", "LSAD": "00", "ALAND": 178050802184, "AWATER": 2489425460 }, "geometry": { "type": "MultiLineString", "coordinates": [ [ [ -90.405732, 38.286726 ], [ -90.405615, 38.286712 ], [ -90.405408, 38.286487 ], [ -90.404826, 38.286415 ], [ -90.404802, 38.286412 ] ] ] } },
{ "type": "Feature", "properties": { "TYPEPIPE": "Interstate", "Operator": "Mississippi River Trans Corp", "Status": "Operating", "Shape_Leng": 0.34903472125000001, "STATEFP": "29", "STATENS": "01779791", "AFFGEOID": "0400000US29", "GEOID": "29", "STUSPS": "MO", "NAME": "Missouri", "LSAD": "00", "ALAND": 178050802184, "AWATER": 2489425460 }, "geometry": { "type": "MultiLineString", "coordinates": [ [ [ -90.368815, 37.348617 ], [ -90.370257, 37.348745 ], [ -90.372204, 37.348811 ], [ -90.372855, 37.348788 ], [ -90.373622, 37.348701 ], [ -90.375112, 37.348731 ], [ -90.375686, 37.348739 ], [ -90.376389, 37.348992 ], [ -90.376904, 37.349372 ], [ -90.377544, 37.349699 ], [ -90.378116, 37.349922 ], [ -90.37973, 37.350368 ], [ -90.380855, 37.350651 ], [ -90.381771, 37.350884 ], [ -90.383008, 37.351046 ], [ -90.384174, 37.351213 ], [ -90.384721, 37.351233 ], [ -90.387444, 37.351739 ], [ -90.388395, 37.351414 ], [ -90.388986, 37.351137 ], [ -90.38952, 37.35118 ], [ -90.390646, 37.351048 ], [ -90.390999, 37.351117 ], [ -90.393136, 37.352749 ], [ -90.393583, 37.353127 ], [ -90.39592, 37.354239 ], [ -90.397166, 37.354643 ], [ -90.397558, 37.354625 ], [ -90.398072, 37.354428 ], [ -90.398584, 37.354151 ], [ -90.399083, 37.354121 ], [ -90.40155, 37.354394 ], [ -90.402711, 37.354494 ], [ -90.403027, 37.354511 ], [ -90.408994, 37.356473 ], [ -90.412442, 37.357182 ], [ -90.41332, 37.357685 ], [ -90.413887, 37.357986 ], [ -90.415088, 37.358129 ], [ -90.415929, 37.35815 ], [ -90.418443, 37.358534 ], [ -90.423074, 37.35983 ], [ -90.422986, 37.359978 ], [ -90.424702, 37.360692 ], [ -90.424943, 37.360809 ], [ -90.425296, 37.360835 ], [ -90.429483, 37.36237 ], [ -90.434807, 37.365532 ], [ -90.435892, 37.365979 ], [ -90.437631, 37.367236 ], [ -90.438312, 37.367638 ], [ -90.444041, 37.369765 ], [ -90.448398, 37.370091 ], [ -90.449469, 37.370073 ], [ -90.451318, 37.370154 ], [ -90.452338, 37.36981 ], [ -90.453697, 37.369787 ], [ -90.454553, 37.369722 ], [ -90.455117, 37.369891 ], [ -90.455507, 37.370124 ], [ -90.456219, 37.370368 ], [ -90.457458, 37.37025 ], [ -90.457826, 37.370275 ], [ -90.458295, 37.370393 ], [ -90.458691, 37.370473 ], [ -90.459445, 37.370565 ], [ -90.46064, 37.370729 ], [ -90.461214, 37.370917 ], [ -90.462726, 37.371616 ], [ -90.463283, 37.37203 ], [ -90.463709, 37.372279 ], [ -90.464587, 37.373192 ], [ -90.466752, 37.373788 ], [ -90.467233, 37.373947 ], [ -90.476511, 37.380221 ], [ -90.479402, 37.381681 ], [ -90.480498, 37.381961 ], [ -90.484831, 37.38162 ], [ -90.488265, 37.381466 ], [ -90.489914, 37.381302 ], [ -90.490582, 37.380735 ], [ -90.492538, 37.379807 ], [ -90.496792, 37.37946 ], [ -90.497116, 37.379459 ], [ -90.497644, 37.379374 ], [ -90.50196, 37.379325 ], [ -90.504406, 37.37981 ], [ -90.511128, 37.381518 ], [ -90.516076, 37.382223 ], [ -90.517632, 37.382638 ], [ -90.519779, 37.383468 ], [ -90.522557, 37.384069 ], [ -90.524045, 37.384365 ], [ -90.525324, 37.384824 ], [ -90.528353, 37.384786 ], [ -90.529489, 37.3845 ], [ -90.533025, 37.383576 ], [ -90.535981, 37.382412 ], [ -90.536736, 37.382214 ], [ -90.537634, 37.38218 ], [ -90.539291, 37.382701 ], [ -90.539932, 37.382915 ], [ -90.540523, 37.382989 ], [ -90.542104, 37.382919 ], [ -90.542674, 37.3828 ], [ -90.545071, 37.382702 ], [ -90.545913, 37.382778 ], [ -90.546178, 37.382813 ], [ -90.547299, 37.383049 ], [ -90.548497, 37.383024 ], [ -90.551911, 37.381695 ], [ -90.554783, 37.380925 ], [ -90.55558, 37.380957 ], [ -90.556241, 37.38119 ], [ -90.556625, 37.381378 ], [ -90.55853, 37.382358 ], [ -90.559474, 37.382707 ], [ -90.560556, 37.383066 ], [ -90.562667, 37.38364 ], [ -90.563283, 37.383738 ], [ -90.564608, 37.383747 ], [ -90.565273, 37.383685 ], [ -90.568321, 37.383199 ], [ -90.569061, 37.382986 ], [ -90.570068, 37.382435 ], [ -90.5716, 37.382121 ], [ -90.573568, 37.380278 ], [ -90.575413, 37.380101 ], [ -90.576908, 37.379535 ], [ -90.578072, 37.379112 ], [ -90.578975, 37.378764 ], [ -90.579706, 37.378501 ], [ -90.580535, 37.378199 ], [ -90.584054, 37.376911 ], [ -90.584635, 37.376588 ], [ -90.585101, 37.376433 ], [ -90.585683, 37.376284 ], [ -90.587014, 37.375939 ], [ -90.58774, 37.375967 ], [ -90.597525, 37.377396 ], [ -90.602858, 37.377983 ], [ -90.604295, 37.378231 ], [ -90.604798, 37.378244 ], [ -90.606766, 37.378271 ], [ -90.607798, 37.378263 ], [ -90.61868, 37.378793 ], [ -90.619209, 37.378541 ], [ -90.62055, 37.378027 ], [ -90.622552, 37.377862 ], [ -90.625707, 37.376036 ], [ -90.62837, 37.375477 ], [ -90.62991, 37.37517 ], [ -90.631205, 37.374989 ], [ -90.633214, 37.374549 ], [ -90.634886, 37.373932 ], [ -90.635684, 37.373809 ], [ -90.637238, 37.373362 ], [ -90.638573, 37.372954 ], [ -90.639653, 37.372691 ], [ -90.640249, 37.372544 ], [ -90.640867, 37.372184 ], [ -90.641473, 37.371649 ], [ -90.641934, 37.371371 ], [ -90.642538, 37.371085 ], [ -90.644233, 37.37051 ], [ -90.645468, 37.369902 ], [ -90.646624, 37.369497 ], [ -90.647758, 37.368819 ], [ -90.648533, 37.368111 ], [ -90.648836, 37.367956 ], [ -90.64921, 37.367835 ], [ -90.649592, 37.367772 ], [ -90.650237, 37.367766 ], [ -90.65132, 37.367958 ], [ -90.651911, 37.368051 ], [ -90.653162, 37.368021 ], [ -90.653609, 37.368054 ], [ -90.654878, 37.368076 ], [ -90.655585, 37.367958 ], [ -90.657932, 37.367039 ], [ -90.658631, 37.366918 ], [ -90.660396, 37.366419 ], [ -90.662472, 37.364954 ], [ -90.662911, 37.364535 ], [ -90.664361, 37.361688 ], [ -90.665015, 37.361119 ], [ -90.665392, 37.360741 ], [ -90.666194, 37.360521 ], [ -90.666524, 37.360366 ], [ -90.667179, 37.360263 ], [ -90.671531, 37.358638 ], [ -90.673152, 37.358334 ], [ -90.675461, 37.358035 ], [ -90.67602, 37.357984 ], [ -90.67709, 37.358004 ], [ -90.679598, 37.358142 ], [ -90.682011, 37.358042 ], [ -90.682824, 37.358289 ], [ -90.683428, 37.358555 ], [ -90.684154, 37.358846 ], [ -90.684599, 37.35901 ], [ -90.685083, 37.359158 ], [ -90.685551, 37.359259 ], [ -90.68604, 37.359303 ], [ -90.687389, 37.359399 ], [ -90.688862, 37.359378 ], [ -90.694456, 37.359256 ], [ -90.695216, 37.359209 ], [ -90.695973, 37.359241 ], [ -90.696876, 37.359214 ], [ -90.697343, 37.359199 ], [ -90.697506, 37.359124 ], [ -90.697769, 37.359154 ], [ -90.698729, 37.359134 ] ] ] } },
{ "type": "Feature", "properties": { "TYPEPIPE": "Interstate", "Operator": "Mississippi River Trans Corp", "Status": "Operating", "Shape_Leng": 0.05365325257, "STATEFP": "29", "STATENS": "01779791", "AFFGEOID": "0400000US29", "GEOID": "29", "STUSPS": "MO", "NAME": "Missouri", "LSAD": "00", "ALAND": 178050802184, "AWATER": 2489425460 }, "geometry": { "type": "MultiLineString", "coordinates": [ [ [ -90.330488, 37.358551 ], [ -90.331259, 37.358959 ], [ -90.33174, 37.360521 ], [ -90.332311, 37.362265 ], [ -90.332553, 37.362988 ], [ -90.333103, 37.364709 ], [ -90.334094, 37.365169 ], [ -90.335147, 37.365531 ], [ -90.336648, 37.365721 ], [ -90.337932, 37.366406 ], [ -90.339152, 37.366857 ], [ -90.340019, 37.367333 ], [ -90.340976, 37.367764 ], [ -90.341438, 37.368097 ], [ -90.342285, 37.368569 ], [ -90.343575, 37.369134 ], [ -90.344417, 37.369581 ], [ -90.345793, 37.371013 ], [ -90.345878, 37.371079 ], [ -90.348045, 37.369237 ], [ -90.349919, 37.367606 ], [ -90.350955, 37.366725 ], [ -90.351921, 37.365877 ], [ -90.352273, 37.365568 ], [ -90.35383, 37.364229 ], [ -90.353964, 37.364108 ], [ -90.354843, 37.363131 ], [ -90.355343, 37.362572 ], [ -90.357286, 37.360381 ], [ -90.357336, 37.360329 ], [ -90.359538, 37.358299 ], [ -90.359661, 37.35819 ], [ -90.359721, 37.358141 ], [ -90.360944, 37.357182 ], [ -90.361838, 37.356485 ], [ -90.364425, 37.354427 ], [ -90.364796, 37.354101 ], [ -90.365329, 37.353558 ], [ -90.365369, 37.353515 ], [ -90.365997, 37.352834 ], [ -90.366133, 37.352657 ], [ -90.366213, 37.352553 ], [ -90.366901, 37.351477 ], [ -90.368013, 37.349789 ], [ -90.368694, 37.348772 ], [ -90.368724, 37.348721 ], [ -90.368773, 37.348649 ] ] ] } },
{ "type": "Feature", "properties": { "TYPEPIPE": "Interstate", "Operator": "Mississippi River Trans Corp", "Status": "Operating", "Shape_Leng": 0.01936195082, "STATEFP": "29", "STATENS": "01779791", "AFFGEOID": "0400000US29", "GEOID": "29", "STUSPS": "MO", "NAME": "Missouri", "LSAD": "00", "ALAND": 178050802184, "AWATER": 2489425460 }, "geometry": { "type": "MultiLineString", "coordinates": [ [ [ -90.343593, 38.163923 ], [ -90.343447, 38.16433 ], [ -90.343487, 38.166033 ], [ -90.343458, 38.166652 ], [ -90.343472, 38.167 ], [ -90.343471, 38.16774 ], [ -90.343607, 38.169567 ], [ -90.343735, 38.171067 ], [ -90.343847, 38.172575 ], [ -90.34353, 38.173239 ], [ -90.342883, 38.174106 ], [ -90.341777, 38.174844 ], [ -90.340572, 38.175654 ], [ -90.339291, 38.176485 ], [ -90.336572, 38.177967 ], [ -90.335444, 38.178316 ], [ -90.335303, 38.178405 ], [ -90.335364, 38.178482 ] ] ] } },
{ "type": "Feature", "properties": { "TYPEPIPE": "Interstate", "Operator": "Mississippi River Trans Corp", "Status": "Operating", "Shape_Leng": 7.592858e-05, "STATEFP": "29", "STATENS": "01779791", "AFFGEOID": "0400000US29", "GEOID": "29", "STUSPS": "MO", "NAME": "Missouri", "LSAD": "00", "ALAND": 178050802184, "AWATER": 2489425460 }, "geometry": { "type": "MultiLineString", "coordinates": [ [ [ -90.356752, 38.435783 ], [ -90.356768, 38.43579 ], [ -90.356755, 38.435821 ], [ -90.356764, 38.435825 ], [ -90.356773, 38.435837 ] ] ] } },
{ "type": "Feature", "properties": { "TYPEPIPE": "Interstate", "Operator": "Mississippi River Trans Corp", "Status": "Operating", "Shape_Leng": 0.00011384639, "STATEFP": "29", "STATENS": "01779791", "AFFGEOID": "0400000US29", "GEOID": "29", "STUSPS": "MO", "NAME": "Missouri", "LSAD": "00", "ALAND": 178050802184, "AWATER": 2489425460 }, "geometry": { "type": "MultiLineString", "coordinates": [ [ [ -90.538152, 37.869897 ], [ -90.538196, 37.870002 ] ] ] } },
{ "type": "Feature", "properties": { "TYPEPIPE": "Interstate", "Operator": "Mississippi River Trans Corp", "Status": "Operating", "Shape_Leng": 0.00013891293, "STATEFP": "29", "STATENS": "01779791", "AFFGEOID": "0400000US29", "GEOID": "29", "STUSPS": "MO", "NAME": "Missouri", "LSAD": "00", "ALAND": 178050802184, "AWATER": 2489425460 }, "geometry": { "type": "MultiLineString", "coordinates": [ [ [ -90.371292, 38.160029 ], [ -90.371353, 38.160095 ], [ -90.3714, 38.160081 ] ] ] } },
{ "type": "Feature", "properties": { "TYPEPIPE": "Interstate", "Operator": "Mississippi River Trans Corp", "Status": "Operating", "Shape_Leng": 6.591931e-05, "STATEFP": "29", "STATENS": "01779791", "AFFGEOID": "0400000US29", "GEOID": "29", "STUSPS": "MO", "NAME": "Missouri", "LSAD": "00", "ALAND": 178050802184, "AWATER": 2489425460 }, "geometry": { "type": "MultiLineString", "coordinates": [ [ [ -90.592155, 37.857874 ], [ -90.592154, 37.857904 ], [ -90.592146, 37.857939 ] ] ] } },
{ "type": "Feature", "properties": { "TYPEPIPE": "Interstate", "Operator": "Mississippi River Trans Corp", "Status": "Operating", "Shape_Leng": 0.00010378825, "STATEFP": "29", "STATENS": "01779791", "AFFGEOID": "0400000US29", "GEOID": "29", "STUSPS": "MO", "NAME": "Missouri", "LSAD": "00", "ALAND": 178050802184, "AWATER": 2489425460 }, "geometry": { "type": "MultiLineString", "coordinates": [ [ [ -90.538173, 37.869893 ], [ -90.538267, 37.869937 ] ] ] } },
{ "type": "Feature", "properties": { "TYPEPIPE": "Interstate", "Operator": "Mississippi River Trans Corp", "Status": "Operating", "Shape_Leng": 0.35340842437999997, "STATEFP": "29", "STATENS": "01779791", "AFFGEOID": "0400000US29", "GEOID": "29", "STUSPS": "MO", "NAME": "Missouri", "LSAD": "00", "ALAND": 178050802184, "AWATER": 2489425460 }, "geometry": { "type": "MultiLineString", "coordinates": [ [ [ -90.302453, 37.572369 ], [ -90.302708, 37.572336 ], [ -90.303545, 37.572147 ], [ -90.307319, 37.571535 ], [ -90.318669, 37.569871 ], [ -90.320074, 37.56978 ], [ -90.321602, 37.569471 ], [ -90.322719, 37.569351 ], [ -90.324178, 37.569455 ], [ -90.32764, 37.569932 ], [ -90.328087, 37.56981 ], [ -90.328841, 37.569416 ], [ -90.329279, 37.569342 ], [ -90.329819, 37.56956 ], [ -90.330434, 37.569811 ], [ -90.331068, 37.570004 ], [ -90.331728, 37.570214 ], [ -90.332364, 37.570366 ], [ -90.33298, 37.570502 ], [ -90.333582, 37.570586 ], [ -90.3343, 37.570653 ], [ -90.334898, 37.570673 ], [ -90.336892, 37.570715 ], [ -90.337441, 37.570611 ], [ -90.337882, 37.570581 ], [ -90.338413, 37.570452 ], [ -90.346428, 37.568976 ], [ -90.346798, 37.568975 ], [ -90.347794, 37.568928 ], [ -90.34816, 37.569107 ], [ -90.348588, 37.569633 ], [ -90.349105, 37.570088 ], [ -90.349518, 37.570248 ], [ -90.349785, 37.570279 ], [ -90.353189, 37.568937 ], [ -90.353768, 37.569049 ], [ -90.354062, 37.569042 ], [ -90.355452, 37.568616 ], [ -90.356014, 37.568591 ], [ -90.357149, 37.56862 ], [ -90.359736, 37.568722 ], [ -90.361336, 37.568899 ], [ -90.362354, 37.569056 ], [ -90.363404, 37.568942 ], [ -90.364586, 37.568692 ], [ -90.365479, 37.568715 ], [ -90.366184, 37.568873 ], [ -90.368871, 37.569549 ], [ -90.371461, 37.570363 ], [ -90.372097, 37.570613 ], [ -90.374179, 37.571407 ], [ -90.375628, 37.572173 ], [ -90.376227, 37.572545 ], [ -90.376884, 37.573097 ], [ -90.377975, 37.573744 ], [ -90.378767, 37.57401 ], [ -90.382457, 37.574609 ], [ -90.384496, 37.574267 ], [ -90.386428, 37.574377 ], [ -90.402262, 37.57766 ], [ -90.40312, 37.577899 ], [ -90.406217, 37.578702 ], [ -90.409947, 37.580382 ], [ -90.412831, 37.581346 ], [ -90.41405, 37.581968 ], [ -90.418648, 37.583761 ], [ -90.42053, 37.584454 ], [ -90.42397, 37.585009 ], [ -90.426558, 37.585198 ], [ -90.42775, 37.585363 ], [ -90.431142, 37.58591 ], [ -90.432162, 37.586085 ], [ -90.435078, 37.586388 ], [ -90.45104, 37.587897 ], [ -90.460294, 37.588417 ], [ -90.466583, 37.589414 ], [ -90.473186, 37.591568 ], [ -90.476846, 37.59303 ], [ -90.478156, 37.593609 ], [ -90.47943, 37.593823 ], [ -90.487946, 37.594258 ], [ -90.490768, 37.594607 ], [ -90.494841, 37.595689 ], [ -90.495717, 37.595903 ], [ -90.496508, 37.596234 ], [ -90.497897, 37.596932 ], [ -90.49931, 37.597735 ], [ -90.500252, 37.598601 ], [ -90.501078, 37.598876 ], [ -90.502931, 37.598982 ], [ -90.504536, 37.599006 ], [ -90.506244, 37.599435 ], [ -90.509017, 37.599874 ], [ -90.510673, 37.60005 ], [ -90.511578, 37.600011 ], [ -90.514339, 37.599964 ], [ -90.516012, 37.599997 ], [ -90.52143, 37.600966 ], [ -90.526071, 37.601583 ], [ -90.529984, 37.602 ], [ -90.533595, 37.602239 ], [ -90.53676, 37.602183 ], [ -90.539092, 37.602051 ], [ -90.539789, 37.602053 ], [ -90.543282, 37.601464 ], [ -90.548461, 37.600692 ], [ -90.54965, 37.600548 ], [ -90.550594, 37.600479 ], [ -90.552461, 37.600241 ], [ -90.555665, 37.600094 ], [ -90.558773, 37.600411 ], [ -90.559375, 37.600612 ], [ -90.559749, 37.600771 ], [ -90.560533, 37.601324 ], [ -90.560977, 37.601315 ], [ -90.562427, 37.601357 ], [ -90.563733, 37.601248 ], [ -90.565318, 37.601236 ], [ -90.568164, 37.600693 ], [ -90.569268, 37.600393 ], [ -90.570419, 37.600107 ], [ -90.571167, 37.59996 ], [ -90.571993, 37.599766 ], [ -90.572499, 37.599644 ], [ -90.57338, 37.599524 ], [ -90.574121, 37.599431 ], [ -90.575072, 37.599331 ], [ -90.577106, 37.599602 ], [ -90.577978, 37.599757 ], [ -90.578633, 37.59995 ], [ -90.580106, 37.60018 ], [ -90.580935, 37.600317 ], [ -90.581405, 37.600369 ], [ -90.581968, 37.60035 ], [ -90.582925, 37.600004 ], [ -90.584409, 37.599335 ], [ -90.585301, 37.598914 ], [ -90.586195, 37.598593 ], [ -90.587038, 37.598479 ], [ -90.587638, 37.598484 ], [ -90.589509, 37.598843 ], [ -90.589969, 37.598965 ], [ -90.590516, 37.599214 ], [ -90.591438, 37.599486 ], [ -90.591953, 37.599626 ], [ -90.593719, 37.59978 ], [ -90.595122, 37.59995 ], [ -90.597448, 37.600699 ], [ -90.599925, 37.60133 ], [ -90.60207, 37.601908 ], [ -90.602671, 37.601926 ], [ -90.603441, 37.601931 ], [ -90.605144, 37.602048 ], [ -90.606172, 37.602358 ], [ -90.606877, 37.602603 ], [ -90.607226, 37.602505 ], [ -90.607709, 37.602668 ], [ -90.608575, 37.602811 ], [ -90.609256, 37.60289 ], [ -90.609631, 37.602888 ], [ -90.609896, 37.602818 ], [ -90.610147, 37.602735 ], [ -90.610579, 37.602506 ], [ -90.61101, 37.602265 ], [ -90.611376, 37.602336 ], [ -90.611533, 37.602253 ], [ -90.611975, 37.602086 ], [ -90.613856, 37.602059 ], [ -90.613557, 37.605742 ], [ -90.619662, 37.6061 ], [ -90.620495, 37.606114 ], [ -90.622313, 37.60615 ], [ -90.623062, 37.606229 ], [ -90.62335, 37.606273 ], [ -90.623513, 37.606454 ], [ -90.623722, 37.606669 ], [ -90.624062, 37.606893 ], [ -90.624332, 37.607005 ], [ -90.624729, 37.606975 ], [ -90.624874, 37.607065 ], [ -90.626972, 37.606077 ], [ -90.627075, 37.606224 ], [ -90.629152, 37.608955 ], [ -90.629383, 37.609229 ], [ -90.630477, 37.610647 ], [ -90.631709, 37.612337 ], [ -90.632148, 37.61297 ], [ -90.63295, 37.614132 ], [ -90.632741, 37.615608 ], [ -90.633655, 37.615186 ], [ -90.633344, 37.61745 ], [ -90.633531, 37.617698 ], [ -90.633804, 37.617174 ] ] ] } },
{ "type": "Feature", "properties": { "TYPEPIPE": "Interstate", "Operator": "Mississippi River Trans Corp", "Status": "Operating", "Shape_Leng": 0.16268130213000001, "STATEFP": "29", "STATENS": "01779791", "AFFGEOID": "0400000US29", "GEOID": "29", "STUSPS": "MO", "NAME": "Missouri", "LSAD": "00", "ALAND": 178050802184, "AWATER": 2489425460 }, "geometry": { "type": "MultiLineString", "coordinates": [ [ [ -90.613856, 37.602059 ], [ -90.613967, 37.600784 ], [ -90.614297, 37.600724 ], [ -90.61544, 37.600738 ], [ -90.615963, 37.60062 ], [ -90.616431, 37.600499 ], [ -90.616949, 37.599844 ], [ -90.618182, 37.59873 ], [ -90.618788, 37.598074 ], [ -90.619038, 37.597654 ], [ -90.619237, 37.597473 ], [ -90.619651, 37.597275 ], [ -90.620054, 37.597109 ], [ -90.620876, 37.596671 ], [ -90.621188, 37.596534 ], [ -90.621423, 37.596484 ], [ -90.621853, 37.596373 ], [ -90.622436, 37.596403 ], [ -90.622954, 37.596318 ], [ -90.62353, 37.596137 ], [ -90.624028, 37.592231 ], [ -90.624058, 37.591715 ], [ -90.62433, 37.591715 ], [ -90.624263, 37.589581 ], [ -90.624289, 37.589221 ], [ -90.624409, 37.588306 ], [ -90.624578, 37.587399 ], [ -90.624644, 37.587177 ], [ -90.624801, 37.586747 ], [ -90.624945, 37.586455 ], [ -90.624972, 37.58633 ], [ -90.62542, 37.585316 ], [ -90.627751, 37.58263 ], [ -90.627894, 37.582387 ], [ -90.628433, 37.581662 ], [ -90.628637, 37.581349 ], [ -90.629364, 37.580499 ], [ -90.629568, 37.580276 ], [ -90.629935, 37.579876 ], [ -90.631122, 37.578538 ], [ -90.631797, 37.577813 ], [ -90.632682, 37.576819 ], [ -90.634644, 37.574753 ], [ -90.635594, 37.573324 ], [ -90.635941, 37.572797 ], [ -90.636255, 37.572158 ], [ -90.636622, 37.570949 ], [ -90.637139, 37.568235 ], [ -90.637483, 37.567361 ], [ -90.638313, 37.565512 ], [ -90.638643, 37.565484 ], [ -90.638841, 37.565159 ], [ -90.638988, 37.564953 ], [ -90.639136, 37.564751 ], [ -90.638956, 37.564538 ], [ -90.63929, 37.564078 ], [ -90.640109, 37.563071 ], [ -90.640818, 37.562446 ], [ -90.641904, 37.561579 ], [ -90.642294, 37.561322 ], [ -90.643139, 37.560908 ], [ -90.643879, 37.560542 ], [ -90.645014, 37.560091 ], [ -90.645959, 37.559743 ], [ -90.64862, 37.558921 ], [ -90.651727, 37.557573 ], [ -90.652194, 37.55735 ], [ -90.653375, 37.556644 ], [ -90.654315, 37.555977 ], [ -90.656626, 37.553649 ], [ -90.657289, 37.553069 ], [ -90.658694, 37.552121 ], [ -90.659065, 37.551898 ], [ -90.659663, 37.551665 ], [ -90.660634, 37.551518 ], [ -90.661675, 37.55122 ], [ -90.662299, 37.551033 ], [ -90.662535, 37.550923 ], [ -90.663599, 37.550476 ], [ -90.664981, 37.549783 ], [ -90.667147, 37.548615 ], [ -90.667768, 37.548287 ], [ -90.668394, 37.547976 ], [ -90.670443, 37.547041 ], [ -90.671127, 37.546562 ], [ -90.671639, 37.54631 ], [ -90.672027, 37.546036 ], [ -90.672377, 37.54574 ], [ -90.672559, 37.545495 ], [ -90.673087, 37.544982 ], [ -90.675926, 37.542771 ], [ -90.677596, 37.54101 ], [ -90.677842, 37.540796 ], [ -90.678137, 37.540519 ], [ -90.679171, 37.539549 ], [ -90.679373, 37.539383 ], [ -90.681079, 37.537971 ], [ -90.682227, 37.53689 ], [ -90.683978, 37.535132 ], [ -90.685096, 37.534067 ], [ -90.685281, 37.533802 ], [ -90.686081, 37.532716 ], [ -90.686492, 37.531983 ], [ -90.68686, 37.531354 ], [ -90.690653, 37.524389 ], [ -90.691259, 37.522956 ], [ -90.691483, 37.522047 ], [ -90.691538, 37.521874 ], [ -90.691596, 37.521705 ], [ -90.69163, 37.521386 ], [ -90.691811, 37.520046 ], [ -90.691953, 37.518094 ], [ -90.692276, 37.515548 ], [ -90.692534, 37.512439 ], [ -90.692468, 37.512088 ], [ -90.692543, 37.511064 ], [ -90.692544, 37.510828 ], [ -90.692548, 37.510481 ], [ -90.692639, 37.509496 ], [ -90.692744, 37.508559 ], [ -90.694599, 37.506849 ], [ -90.694801, 37.504046 ], [ -90.694779, 37.503592 ], [ -90.69477, 37.503137 ], [ -90.694732, 37.502663 ], [ -90.694595, 37.502138 ], [ -90.694456, 37.50162 ], [ -90.69429, 37.501241 ], [ -90.68988, 37.48837 ], [ -90.689751, 37.487999 ], [ -90.689653, 37.487525 ], [ -90.68954, 37.487071 ], [ -90.689572, 37.486607 ], [ -90.689505, 37.486062 ], [ -90.689515, 37.483499 ], [ -90.689528, 37.483074 ], [ -90.689478, 37.481029 ], [ -90.690077, 37.480944 ] ] ] } },
{ "type": "Feature", "properties": { "TYPEPIPE": "Interstate", "Operator": "Mississippi River Trans Corp", "Status": "Operating", "Shape_Leng": 4.640684e-05, "STATEFP": "29", "STATENS": "01779791", "AFFGEOID": "0400000US29", "GEOID": "29", "STUSPS": "MO", "NAME": "Missouri", "LSAD": "00", "ALAND": 178050802184, "AWATER": 2489425460 }, "geometry": { "type": "MultiLineString", "coordinates": [ [ [ -90.633496, 37.617651 ], [ -90.633506, 37.617643 ], [ -90.633533, 37.617663 ] ] ] } },
{ "type": "Feature", "properties": { "TYPEPIPE": "Interstate", "Operator": "Mississippi River Trans Corp", "Status": "Operating", "Shape_Leng": 0.00011009493, "STATEFP": "29", "STATENS": "01779791", "AFFGEOID": "0400000US29", "GEOID": "29", "STUSPS": "MO", "NAME": "Missouri", "LSAD": "00", "ALAND": 178050802184, "AWATER": 2489425460 }, "geometry": { "type": "MultiLineString", "coordinates": [ [ [ -90.299828, 37.64449 ], [ -90.29986, 37.644486 ], [ -90.299852, 37.644441 ], [ -90.299884, 37.644438 ] ] ] } },
{ "type": "Feature", "properties": { "TYPEPIPE": "Interstate", "Operator": "Mississippi River Trans Corp", "Status": "Operating", "Shape_Leng": 0.00236254331, "STATEFP": "29", "STATENS": "01779791", "AFFGEOID": "0400000US29", "GEOID": "29", "STUSPS": "MO", "NAME": "Missouri", "LSAD": "00", "ALAND": 178050802184, "AWATER": 2489425460 }, "geometry": { "type": "MultiLineString", "coordinates": [ [ [ -90.624135, 37.591585 ], [ -90.624693, 37.591575 ], [ -90.624692, 37.591254 ], [ -90.625217, 37.591273 ], [ -90.625708, 37.591278 ], [ -90.625715, 37.591001 ], [ -90.625855, 37.591008 ], [ -90.625864, 37.591057 ] ] ] } },
{ "type": "Feature", "properties": { "TYPEPIPE": "Interstate", "Operator": "Mississippi River Trans Corp", "Status": "Operating", "Shape_Leng": 0.00030894675, "STATEFP": "29", "STATENS": "01779791", "AFFGEOID": "0400000US29", "GEOID": "29", "STUSPS": "MO", "NAME": "Missouri", "LSAD": "00", "ALAND": 178050802184, "AWATER": 2489425460 }, "geometry": { "type": "MultiLineString", "coordinates": [ [ [ -90.403449, 37.138428 ], [ -90.403636, 37.138536 ], [ -90.403729, 37.138536 ] ] ] } },
{ "type": "Feature", "properties": { "TYPEPIPE": "Interstate", "Operator": "Mississippi River Trans Corp", "Status": "Operating", "Shape_Leng": 0.00022252582, "STATEFP": "29", "STATENS": "01779791", "AFFGEOID": "0400000US29", "GEOID": "29", "STUSPS": "MO", "NAME": "Missouri", "LSAD": "00", "ALAND": 178050802184, "AWATER": 2489425460 }, "geometry": { "type": "MultiLineString", "coordinates": [ [ [ -90.403299, 37.138377 ], [ -90.403482, 37.138457 ], [ -90.403468, 37.138475 ] ] ] } },
{ "type": "Feature", "properties": { "TYPEPIPE": "Interstate", "Operator": "Mississippi River Trans Corp", "Status": "Operating", "Shape_Leng": 8.400595e-05, "STATEFP": "29", "STATENS": "01779791", "AFFGEOID": "0400000US29", "GEOID": "29", "STUSPS": "MO", "NAME": "Missouri", "LSAD": "00", "ALAND": 178050802184, "AWATER": 2489425460 }, "geometry": { "type": "MultiLineString", "coordinates": [ [ [ -90.401333, 38.339527 ], [ -90.401249, 38.339526 ] ] ] } },
{ "type": "Feature", "properties": { "TYPEPIPE": "Interstate", "Operator": "Mississippi River Trans Corp", "Status": "Operating", "Shape_Leng": 0.00841133924, "STATEFP": "29", "STATENS": "01779791", "AFFGEOID": "0400000US29", "GEOID": "29", "STUSPS": "MO", "NAME": "Missouri", "LSAD": "00", "ALAND": 178050802184, "AWATER": 2489425460 }, "geometry": { "type": "MultiLineString", "coordinates": [ [ [ -90.401333, 38.339527 ], [ -90.401333, 38.33953 ], [ -90.401332, 38.339609 ], [ -90.401331, 38.33962 ], [ -90.401331, 38.339623 ], [ -90.401323, 38.340054 ], [ -90.401321, 38.340216 ], [ -90.40132, 38.340249 ], [ -90.401318, 38.340359 ], [ -90.401318, 38.340406 ], [ -90.401319, 38.340661 ], [ -90.40132, 38.340832 ], [ -90.40132, 38.340856 ], [ -90.40132, 38.340983 ], [ -90.401321, 38.341073 ], [ -90.401321, 38.34112 ], [ -90.401321, 38.341167 ], [ -90.401321, 38.341189 ], [ -90.401322, 38.341282 ], [ -90.401322, 38.341359 ], [ -90.401326, 38.341543 ], [ -90.401328, 38.341622 ], [ -90.40135, 38.342542 ], [ -90.401341, 38.3428 ], [ -90.401329, 38.343146 ], [ -90.401338, 38.343453 ], [ -90.401338, 38.343456 ], [ -90.401322, 38.34356 ], [ -90.401285, 38.343808 ], [ -90.401219, 38.344036 ], [ -90.401152, 38.344269 ], [ -90.401148, 38.344282 ], [ -90.401119, 38.344384 ], [ -90.400996, 38.344727 ], [ -90.400991, 38.34474 ], [ -90.400841, 38.345012 ], [ -90.400833, 38.345027 ], [ -90.400806, 38.345078 ], [ -90.400586, 38.345488 ], [ -90.400566, 38.345523 ], [ -90.400478, 38.345673 ], [ -90.400475, 38.345678 ], [ -90.400206, 38.346211 ], [ -90.400205, 38.346214 ], [ -90.400202, 38.346219 ], [ -90.400195, 38.346231 ], [ -90.400184, 38.346254 ], [ -90.400174, 38.346275 ], [ -90.400019, 38.346581 ], [ -90.400016, 38.346586 ], [ -90.399992, 38.346634 ], [ -90.399979, 38.34666 ], [ -90.399966, 38.346685 ], [ -90.399873, 38.346869 ], [ -90.399812, 38.347047 ], [ -90.399795, 38.347175 ], [ -90.39979, 38.347551 ], [ -90.39979, 38.347565 ], [ -90.399825, 38.347565 ] ] ] } },
{ "type": "Feature", "properties": { "TYPEPIPE": "Interstate", "Operator": "Mississippi River Trans Corp", "Status": "Operating", "Shape_Leng": 0.01039692831, "STATEFP": "29", "STATENS": "01779791", "AFFGEOID": "0400000US29", "GEOID": "29", "STUSPS": "MO", "NAME": "Missouri", "LSAD": "00", "ALAND": 178050802184, "AWATER": 2489425460 }, "geometry": { "type": "MultiLineString", "coordinates": [ [ [ -90.269386, 38.526122 ], [ -90.269351, 38.526119 ], [ -90.269348, 38.526175 ], [ -90.269432, 38.526248 ], [ -90.269431, 38.526259 ], [ -90.26943, 38.526281 ], [ -90.26943, 38.526292 ], [ -90.269429, 38.526303 ], [ -90.269428, 38.526326 ], [ -90.269427, 38.526334 ], [ -90.269426, 38.526359 ], [ -90.269425, 38.526373 ], [ -90.269425, 38.526378 ], [ -90.269423, 38.526414 ], [ -90.269416, 38.526553 ], [ -90.269415, 38.526556 ], [ -90.269406, 38.526594 ], [ -90.269267, 38.527147 ], [ -90.269232, 38.527288 ], [ -90.268994, 38.527825 ], [ -90.268662, 38.528575 ], [ -90.268629, 38.528651 ], [ -90.268308, 38.529128 ], [ -90.267731, 38.529797 ], [ -90.267152, 38.530314 ], [ -90.265522, 38.531768 ], [ -90.265379, 38.531938 ], [ -90.2652, 38.532152 ], [ -90.264518, 38.532755 ], [ -90.264364, 38.532879 ], [ -90.263458, 38.533604 ], [ -90.263376, 38.533646 ], [ -90.263286, 38.533693 ], [ -90.263198, 38.533738 ], [ -90.26316, 38.533757 ], [ -90.263119, 38.533778 ], [ -90.263108, 38.533771 ], [ -90.263087, 38.533756 ], [ -90.26306, 38.533738 ] ] ] } },
{ "type": "Feature", "properties": { "TYPEPIPE": "Interstate", "Operator": "Mississippi River Trans Corp", "Status": "Operating", "Shape_Leng": 5.037595e-05, "STATEFP": "29", "STATENS": "01779791", "AFFGEOID": "0400000US29", "GEOID": "29", "STUSPS": "MO", "NAME": "Missouri", "LSAD": "00", "ALAND": 178050802184, "AWATER": 2489425460 }, "geometry": { "type": "MultiLineString", "coordinates": [ [ [ -90.552667, 37.913022 ], [ -90.552712, 37.913027 ], [ -90.552711, 37.913032 ] ] ] } },
{ "type": "Feature", "properties": { "TYPEPIPE": "Interstate", "Operator": "Mississippi River Trans Corp", "Status": "Operating", "Shape_Leng": 0.00025073093, "STATEFP": "29", "STATENS": "01779791", "AFFGEOID": "0400000US29", "GEOID": "29", "STUSPS": "MO", "NAME": "Missouri", "LSAD": "00", "ALAND": 178050802184, "AWATER": 2489425460 }, "geometry": { "type": "MultiLineString", "coordinates": [ [ [ -90.521007, 37.867548 ], [ -90.520878, 37.867763 ] ] ] } },
{ "type": "Feature", "properties": { "TYPEPIPE": "Interstate", "Operator": "Mississippi River Trans Corp", "Status": "Operating", "Shape_Leng": 6.712503e-05, "STATEFP": "29", "STATENS": "01779791", "AFFGEOID": "0400000US29", "GEOID": "29", "STUSPS": "MO", "NAME": "Missouri", "LSAD": "00", "ALAND": 178050802184, "AWATER": 2489425460 }, "geometry": { "type": "MultiLineString", "coordinates": [ [ [ -90.536745, 37.840643 ], [ -90.536748, 37.840643 ], [ -90.536751, 37.84069 ], [ -90.536768, 37.840689 ] ] ] } },
{ "type": "Feature", "properties": { "TYPEPIPE": "Interstate", "Operator": "Mississippi River Trans Corp", "Status": "Operating", "Shape_Leng": 0.00012382989, "STATEFP": "29", "STATENS": "01779791", "AFFGEOID": "0400000US29", "GEOID": "29", "STUSPS": "MO", "NAME": "Missouri", "LSAD": "00", "ALAND": 178050802184, "AWATER": 2489425460 }, "geometry": { "type": "MultiLineString", "coordinates": [ [ [ -90.392095, 37.785488 ], [ -90.392078, 37.78549 ], [ -90.392084, 37.785518 ], [ -90.392036, 37.785519 ], [ -90.392038, 37.785549 ] ] ] } },
{ "type": "Feature", "properties": { "TYPEPIPE": "Interstate", "Operator": "Mississippi River Trans Corp", "Status": "Operating", "Shape_Leng": 3.920937e-05, "STATEFP": "29", "STATENS": "01779791", "AFFGEOID": "0400000US29", "GEOID": "29", "STUSPS": "MO", "NAME": "Missouri", "LSAD": "00", "ALAND": 178050802184, "AWATER": 2489425460 }, "geometry": { "type": "MultiLineString", "coordinates": [ [ [ -90.385706, 38.213757 ], [ -90.385691, 38.213745 ], [ -90.385691, 38.213725 ] ] ] } },
{ "type": "Feature", "properties": { "TYPEPIPE": "Interstate", "Operator": "Mississippi River Trans Corp", "Status": "Operating", "Shape_Leng": 7.502666e-05, "STATEFP": "29", "STATENS": "01779791", "AFFGEOID": "0400000US29", "GEOID": "29", "STUSPS": "MO", "NAME": "Missouri", "LSAD": "00", "ALAND": 178050802184, "AWATER": 2489425460 }, "geometry": { "type": "MultiLineString", "coordinates": [ [ [ -90.532053, 37.857769 ], [ -90.531978, 37.857771 ] ] ] } },
{ "type": "Feature", "properties": { "TYPEPIPE": "Interstate", "Operator": "Mississippi River Trans Corp", "Status": "Operating", "Shape_Leng": 0.000138, "STATEFP": "29", "STATENS": "01779791", "AFFGEOID": "0400000US29", "GEOID": "29", "STUSPS": "MO", "NAME": "Missouri", "LSAD": "00", "ALAND": 178050802184, "AWATER": 2489425460 }, "geometry": { "type": "MultiLineString", "coordinates": [ [ [ -90.308611, 37.559544 ], [ -90.308577, 37.559544 ], [ -90.308577, 37.559579 ], [ -90.308508, 37.559579 ] ] ] } },
{ "type": "Feature", "properties": { "TYPEPIPE": "Interstate", "Operator": "Mississippi River Trans Corp", "Status": "Operating", "Shape_Leng": 0.00033749526, "STATEFP": "29", "STATENS": "01779791", "AFFGEOID": "0400000US29", "GEOID": "29", "STUSPS": "MO", "NAME": "Missouri", "LSAD": "00", "ALAND": 178050802184, "AWATER": 2489425460 }, "geometry": { "type": "MultiLineString", "coordinates": [ [ [ -90.470278, 36.766803 ], [ -90.470252, 36.766797 ], [ -90.470232, 36.766849 ], [ -90.469983, 36.766842 ], [ -90.469983, 36.766848 ] ] ] } },
{ "type": "Feature", "properties": { "TYPEPIPE": "Interstate", "Operator": "Mississippi River Trans Corp", "Status": "Operating", "Shape_Leng": 0.00052826324, "STATEFP": "29", "STATENS": "01779791", "AFFGEOID": "0400000US29", "GEOID": "29", "STUSPS": "MO", "NAME": "Missouri", "LSAD": "00", "ALAND": 178050802184, "AWATER": 2489425460 }, "geometry": { "type": "MultiLineString", "coordinates": [ [ [ -90.46998, 36.766891 ], [ -90.469992, 36.766891 ], [ -90.469993, 36.766835 ], [ -90.470398, 36.766844 ], [ -90.470449, 36.766865 ] ] ] } },
{ "type": "Feature", "properties": { "TYPEPIPE": "Interstate", "Operator": "Mississippi River Trans Corp", "Status": "Operating", "Shape_Leng": 0.00077606165, "STATEFP": "29", "STATENS": "01779791", "AFFGEOID": "0400000US29", "GEOID": "29", "STUSPS": "MO", "NAME": "Missouri", "LSAD": "00", "ALAND": 178050802184, "AWATER": 2489425460 }, "geometry": { "type": "MultiLineString", "coordinates": [ [ [ -90.279423, 38.623143 ], [ -90.279422, 38.623138 ], [ -90.279416, 38.62311 ], [ -90.279414, 38.6231 ], [ -90.279404, 38.623048 ], [ -90.279396, 38.62301 ], [ -90.279389, 38.622975 ], [ -90.279381, 38.622939 ], [ -90.279379, 38.622926 ], [ -90.279378, 38.622923 ], [ -90.279119, 38.622956 ], [ -90.27911, 38.622913 ], [ -90.279096, 38.622915 ], [ -90.279057, 38.622725 ], [ -90.279019, 38.62273 ] ] ] } },
{ "type": "Feature", "properties": { "TYPEPIPE": "Interstate", "Operator": "Mississippi River Trans Corp", "Status": "Operating", "Shape_Leng": 4.250519e-05, "STATEFP": "29", "STATENS": "01779791", "AFFGEOID": "0400000US29", "GEOID": "29", "STUSPS": "MO", "NAME": "Missouri", "LSAD": "00", "ALAND": 178050802184, "AWATER": 2489425460 }, "geometry": { "type": "MultiLineString", "coordinates": [ [ [ -90.335352, 38.178467 ], [ -90.335319, 38.178483 ], [ -90.335322, 38.178488 ] ] ] } },
{ "type": "Feature", "properties": { "TYPEPIPE": "Interstate", "Operator": "Mississippi River Trans Corp", "Status": "Operating", "Shape_Leng": 0.13290613765000001, "STATEFP": "29", "STATENS": "01779791", "AFFGEOID": "0400000US29", "GEOID": "29", "STUSPS": "MO", "NAME": "Missouri", "LSAD": "00", "ALAND": 178050802184, "AWATER": 2489425460 }, "geometry": { "type": "MultiLineString", "coordinates": [ [ [ -90.41344, 37.860421 ], [ -90.413561, 37.860416 ], [ -90.420993, 37.861257 ], [ -90.421773, 37.86138 ], [ -90.423732, 37.861555 ], [ -90.426382, 37.861786 ], [ -90.426932, 37.86183 ], [ -90.427627, 37.86189 ], [ -90.428063, 37.861905 ], [ -90.428619, 37.861971 ], [ -90.43007, 37.862126 ], [ -90.431002, 37.862232 ], [ -90.431567, 37.862292 ], [ -90.432433, 37.862512 ], [ -90.433203, 37.862702 ], [ -90.435739, 37.863286 ], [ -90.436457, 37.863483 ], [ -90.439372, 37.864356 ], [ -90.440673, 37.864777 ], [ -90.444122, 37.864934 ], [ -90.444921, 37.865007 ], [ -90.446949, 37.864667 ], [ -90.450858, 37.864926 ], [ -90.452332, 37.865026 ], [ -90.454644, 37.865244 ], [ -90.457694, 37.865781 ], [ -90.458118, 37.865815 ], [ -90.459778, 37.866183 ], [ -90.460552, 37.866264 ], [ -90.46126, 37.866328 ], [ -90.461642, 37.866323 ], [ -90.462656, 37.866332 ], [ -90.462984, 37.86643 ], [ -90.463679, 37.866441 ], [ -90.467672, 37.866339 ], [ -90.470375, 37.866365 ], [ -90.473028, 37.866428 ], [ -90.473765, 37.866388 ], [ -90.474971, 37.866278 ], [ -90.475582, 37.866294 ], [ -90.475792, 37.866088 ], [ -90.477367, 37.866105 ], [ -90.478532, 37.865976 ], [ -90.47878, 37.865985 ], [ -90.479497, 37.8661 ], [ -90.481084, 37.866162 ], [ -90.482116, 37.866161 ], [ -90.485029, 37.866145 ], [ -90.485722, 37.866155 ], [ -90.485902, 37.866289 ], [ -90.487408, 37.866333 ], [ -90.488204, 37.866338 ], [ -90.488677, 37.866346 ], [ -90.491122, 37.866369 ], [ -90.491982, 37.866367 ], [ -90.493509, 37.866376 ], [ -90.493779, 37.866343 ], [ -90.493894, 37.866266 ], [ -90.494727, 37.866265 ], [ -90.494871, 37.866122 ], [ -90.494961, 37.86619 ], [ -90.495048, 37.866105 ], [ -90.495684, 37.865618 ], [ -90.496041, 37.865611 ], [ -90.496548, 37.866014 ], [ -90.496656, 37.86611 ], [ -90.496662, 37.866214 ], [ -90.496784, 37.866277 ], [ -90.49828, 37.866083 ], [ -90.499525, 37.865979 ], [ -90.500636, 37.865805 ], [ -90.501158, 37.865797 ], [ -90.502769, 37.865924 ], [ -90.503563, 37.865965 ], [ -90.503776, 37.866 ], [ -90.504695, 37.865709 ], [ -90.505638, 37.865398 ], [ -90.508486, 37.86552 ], [ -90.512185, 37.865917 ], [ -90.513942, 37.86608 ], [ -90.51406, 37.866036 ], [ -90.514893, 37.866107 ], [ -90.515186, 37.866148 ], [ -90.515438, 37.866251 ], [ -90.518067, 37.86652 ], [ -90.520216, 37.867183 ], [ -90.520254, 37.86709 ], [ -90.521128, 37.867461 ], [ -90.521426, 37.867525 ], [ -90.521635, 37.867498 ], [ -90.521859, 37.867418 ], [ -90.522034, 37.867269 ], [ -90.52243, 37.866056 ], [ -90.522606, 37.866011 ], [ -90.522638, 37.865902 ], [ -90.523025, 37.866961 ], [ -90.523275, 37.86563 ], [ -90.523396, 37.865652 ], [ -90.523544, 37.865531 ], [ -90.523598, 37.8656 ], [ -90.523725, 37.865505 ], [ -90.523869, 37.865429 ], [ -90.524139, 37.865353 ], [ -90.524151, 37.86525 ], [ -90.524999, 37.864887 ], [ -90.525269, 37.865271 ], [ -90.525542, 37.865752 ], [ -90.525864, 37.866201 ], [ -90.526204, 37.866029 ], [ -90.527603, 37.865635 ], [ -90.530175, 37.865987 ], [ -90.53028, 37.866269 ], [ -90.532162, 37.866276 ], [ -90.532358, 37.866167 ], [ -90.534738, 37.866414 ], [ -90.53643, 37.867471 ], [ -90.536862, 37.867356 ], [ -90.537374, 37.869194 ], [ -90.537775, 37.869879 ], [ -90.538061, 37.869898 ], [ -90.538166, 37.869893 ] ] ] } },
{ "type": "Feature", "properties": { "TYPEPIPE": "Interstate", "Operator": "Mississippi River Trans Corp", "Status": "Operating", "Shape_Leng": 0.06598112145, "STATEFP": "29", "STATENS": "01779791", "AFFGEOID": "0400000US29", "GEOID": "29", "STUSPS": "MO", "NAME": "Missouri", "LSAD": "00", "ALAND": 178050802184, "AWATER": 2489425460 }, "geometry": { "type": "MultiLineString", "coordinates": [ [ [ -90.538104, 37.869896 ], [ -90.538133, 37.869822 ], [ -90.538438, 37.86965 ], [ -90.538996, 37.869534 ], [ -90.539156, 37.86953 ], [ -90.539487, 37.869531 ], [ -90.539674, 37.869543 ], [ -90.539854, 37.869512 ], [ -90.540405, 37.869314 ], [ -90.540719, 37.869201 ], [ -90.541358, 37.869299 ], [ -90.541469, 37.869327 ], [ -90.541584, 37.869375 ], [ -90.541694, 37.86944 ], [ -90.542905, 37.870479 ], [ -90.543823, 37.871306 ], [ -90.544321, 37.871706 ], [ -90.545409, 37.872656 ], [ -90.546126, 37.872627 ], [ -90.546105, 37.872524 ], [ -90.546717, 37.872513 ], [ -90.548378, 37.87359 ], [ -90.548636, 37.87377 ], [ -90.549486, 37.874336 ], [ -90.549673, 37.874662 ], [ -90.549632, 37.874731 ], [ -90.54939, 37.874886 ], [ -90.5492, 37.875794 ], [ -90.550112, 37.876044 ], [ -90.550214, 37.876008 ], [ -90.550453, 37.876472 ], [ -90.550912, 37.877468 ], [ -90.551413, 37.878473 ], [ -90.551515, 37.878705 ], [ -90.552765, 37.880858 ], [ -90.553546, 37.882072 ], [ -90.555925, 37.884474 ], [ -90.557922, 37.885233 ], [ -90.558701, 37.886065 ], [ -90.559255, 37.886615 ], [ -90.559455, 37.887016 ], [ -90.55998, 37.887804 ], [ -90.56026, 37.888271 ], [ -90.560091, 37.889037 ], [ -90.55966, 37.890256 ], [ -90.558854, 37.891362 ], [ -90.558495, 37.891628 ], [ -90.557747, 37.892212 ], [ -90.557531, 37.892382 ], [ -90.556385, 37.892984 ], [ -90.555714, 37.893372 ], [ -90.554663, 37.894025 ], [ -90.554182, 37.894323 ], [ -90.553372, 37.894826 ], [ -90.55282, 37.895084 ], [ -90.551787, 37.895595 ], [ -90.551681, 37.895593 ], [ -90.550421, 37.895314 ], [ -90.549997, 37.895224 ], [ -90.549917, 37.895238 ], [ -90.550217, 37.896933 ], [ -90.550452, 37.898173 ], [ -90.550673, 37.899226 ], [ -90.550925, 37.900478 ], [ -90.550647, 37.903616 ], [ -90.550711, 37.90398 ], [ -90.550803, 37.904434 ], [ -90.550879, 37.904846 ], [ -90.550991, 37.905331 ], [ -90.550983, 37.906049 ], [ -90.550965, 37.90619 ], [ -90.551025, 37.906652 ], [ -90.551566, 37.90691 ], [ -90.55176, 37.907145 ], [ -90.551953, 37.907498 ], [ -90.553164, 37.908377 ], [ -90.553424, 37.908791 ], [ -90.553727, 37.909233 ], [ -90.553959, 37.909585 ], [ -90.554072, 37.90989 ], [ -90.554057, 37.910227 ], [ -90.553821, 37.910493 ], [ -90.553676, 37.910818 ], [ -90.55338, 37.910994 ], [ -90.553543, 37.9114 ], [ -90.553082, 37.912051 ], [ -90.552719, 37.912573 ], [ -90.552643, 37.913019 ], [ -90.552667, 37.913022 ] ] ] } },
{ "type": "Feature", "properties": { "TYPEPIPE": "Interstate", "Operator": "Mississippi River Trans Corp", "Status": "Operating", "Shape_Leng": 0.0247606699, "STATEFP": "29", "STATENS": "01779791", "AFFGEOID": "0400000US29", "GEOID": "29", "STUSPS": "MO", "NAME": "Missouri", "LSAD": "00", "ALAND": 178050802184, "AWATER": 2489425460 }, "geometry": { "type": "MultiLineString", "coordinates": [ [ [ -90.529583, 37.865906 ], [ -90.529579, 37.865832 ], [ -90.52951, 37.8658 ], [ -90.529571, 37.865752 ], [ -90.529641, 37.865669 ], [ -90.529683, 37.865593 ], [ -90.530966, 37.862314 ], [ -90.531073, 37.862166 ], [ -90.531128, 37.862054 ], [ -90.531313, 37.861507 ], [ -90.531505, 37.860992 ], [ -90.531597, 37.860696 ], [ -90.531613, 37.860391 ], [ -90.531713, 37.859882 ], [ -90.531899, 37.85883 ], [ -90.531922, 37.858712 ], [ -90.532074, 37.858417 ], [ -90.53201, 37.858274 ], [ -90.532064, 37.857983 ], [ -90.53208, 37.857669 ], [ -90.532419, 37.855298 ], [ -90.532493, 37.855051 ], [ -90.532549, 37.854847 ], [ -90.532798, 37.852481 ], [ -90.532898, 37.851462 ], [ -90.532963, 37.850272 ], [ -90.533029, 37.8497 ], [ -90.533093, 37.849217 ], [ -90.533085, 37.848884 ], [ -90.532995, 37.848294 ], [ -90.532845, 37.846956 ], [ -90.532756, 37.846805 ], [ -90.532416, 37.846415 ], [ -90.532308, 37.846286 ], [ -90.532246, 37.846132 ], [ -90.532114, 37.845615 ], [ -90.531951, 37.845213 ], [ -90.531664, 37.844235 ], [ -90.531716, 37.844082 ], [ -90.531929, 37.843747 ], [ -90.531657, 37.842952 ], [ -90.531456, 37.84223 ] ] ] } },
{ "type": "Feature", "properties": { "TYPEPIPE": "Interstate", "Operator": "Mississippi River Trans Corp", "Status": "Operating", "Shape_Leng": 0.00648676014, "STATEFP": "29", "STATENS": "01779791", "AFFGEOID": "0400000US29", "GEOID": "29", "STUSPS": "MO", "NAME": "Missouri", "LSAD": "00", "ALAND": 178050802184, "AWATER": 2489425460 }, "geometry": { "type": "MultiLineString", "coordinates": [ [ [ -90.531456, 37.842224 ], [ -90.531463, 37.842222 ], [ -90.531505, 37.842211 ], [ -90.531622, 37.841975 ], [ -90.531683, 37.841874 ], [ -90.531738, 37.841784 ], [ -90.531814, 37.841692 ], [ -90.532274, 37.841258 ], [ -90.532386, 37.841177 ], [ -90.532476, 37.841147 ], [ -90.533016, 37.841005 ], [ -90.533048, 37.841038 ], [ -90.533255, 37.840903 ], [ -90.533396, 37.840835 ], [ -90.533539, 37.840776 ], [ -90.533646, 37.840752 ], [ -90.53367, 37.840747 ], [ -90.533728, 37.840755 ], [ -90.534017, 37.840839 ], [ -90.534365, 37.84094 ], [ -90.534456, 37.840967 ], [ -90.534673, 37.84103 ], [ -90.534669, 37.841064 ], [ -90.534924, 37.841136 ], [ -90.535247190675534, 37.841156790043691 ] ], [ [ -90.535247190675534, 37.841156790043691 ], [ -90.535266, 37.841158 ], [ -90.53523804493453, 37.841160341785859 ] ], [ [ -90.53523804493453, 37.841160341785859 ], [ -90.535075, 37.841174 ], [ -90.53519, 37.841179 ], [ -90.53523804493453, 37.841160341785859 ] ], [ [ -90.53523804493453, 37.841160341785859 ], [ -90.535247190675534, 37.841156790043691 ] ], [ [ -90.535247190675534, 37.841156790043691 ], [ -90.535499, 37.841059 ], [ -90.535925, 37.840829 ], [ -90.536102, 37.840748 ], [ -90.536263, 37.84066 ], [ -90.536745, 37.840643 ] ] ] } },
{ "type": "Feature", "properties": { "TYPEPIPE": "Interstate", "Operator": "Mississippi River Trans Corp", "Status": "Operating", "Shape_Leng": 0.00283297997, "STATEFP": "29", "STATENS": "01779791", "AFFGEOID": "0400000US29", "GEOID": "29", "STUSPS": "MO", "NAME": "Missouri", "LSAD": "00", "ALAND": 178050802184, "AWATER": 2489425460 }, "geometry": { "type": "MultiLineString", "coordinates": [ [ [ -90.263189, 38.597578 ], [ -90.263193, 38.597573 ], [ -90.26322, 38.597539 ], [ -90.263313, 38.597424 ], [ -90.263387, 38.59748 ], [ -90.263708, 38.597639 ], [ -90.263961, 38.597717 ], [ -90.264184, 38.597763 ], [ -90.264422, 38.597794 ], [ -90.264652, 38.597813 ], [ -90.264786, 38.597739 ], [ -90.264856, 38.597735 ], [ -90.265223, 38.597716 ], [ -90.265341, 38.597688 ], [ -90.265488, 38.597616 ], [ -90.265703, 38.597502 ], [ -90.265764, 38.597469 ], [ -90.265793, 38.597454 ] ] ] } },
{ "type": "Feature", "properties": { "TYPEPIPE": "Interstate", "Operator": "Mississippi River Trans Corp", "Status": "Operating", "Shape_Leng": 0.05300550958, "STATEFP": "29", "STATENS": "01779791", "AFFGEOID": "0400000US29", "GEOID": "29", "STUSPS": "MO", "NAME": "Missouri", "LSAD": "00", "ALAND": 178050802184, "AWATER": 2489425460 }, "geometry": { "type": "MultiLineString", "coordinates": [ [ [ -90.542871, 37.870321 ], [ -90.545782, 37.867887 ], [ -90.548898, 37.865984 ], [ -90.548897, 37.865957 ], [ -90.548949, 37.865955 ], [ -90.549869, 37.865153 ], [ -90.549873, 37.865126 ], [ -90.549939, 37.865123 ], [ -90.550415, 37.864732 ], [ -90.551005, 37.864422 ], [ -90.551234, 37.864249 ], [ -90.551718, 37.86389 ], [ -90.55182, 37.863617 ], [ -90.552677, 37.86309 ], [ -90.553151, 37.862839 ], [ -90.555834, 37.862663 ], [ -90.557401, 37.86217 ], [ -90.55842, 37.861838 ], [ -90.560616, 37.861144 ], [ -90.561404, 37.860875 ], [ -90.561814, 37.860746 ], [ -90.561995, 37.860705 ], [ -90.564363, 37.859475 ], [ -90.56528, 37.859184 ], [ -90.565753, 37.85907 ], [ -90.566215, 37.858905 ], [ -90.566418, 37.859058 ], [ -90.567157, 37.858711 ], [ -90.567336, 37.858571 ], [ -90.568099, 37.858339 ], [ -90.56876, 37.858154 ], [ -90.568739, 37.858105 ], [ -90.56931, 37.857962 ], [ -90.569491, 37.857925 ], [ -90.569649, 37.857909 ], [ -90.579182, 37.857043 ], [ -90.580175, 37.856974 ], [ -90.582049, 37.856935 ], [ -90.582331, 37.856907 ], [ -90.582636, 37.856937 ], [ -90.582946, 37.856997 ], [ -90.586697, 37.857406 ], [ -90.58814, 37.857571 ], [ -90.588876, 37.857639 ], [ -90.589744, 37.85777 ], [ -90.58995, 37.857789 ], [ -90.59176, 37.857852 ], [ -90.592155, 37.857874 ], [ -90.592155, 37.857846 ] ] ] } },
{ "type": "Feature", "properties": { "TYPEPIPE": "Interstate", "Operator": "Mississippi River Trans Corp", "Status": "Operating", "Shape_Leng": 0.03769080109, "STATEFP": "29", "STATENS": "01779791", "AFFGEOID": "0400000US29", "GEOID": "29", "STUSPS": "MO", "NAME": "Missouri", "LSAD": "00", "ALAND": 178050802184, "AWATER": 2489425460 }, "geometry": { "type": "MultiLineString", "coordinates": [ [ [ -90.377129, 38.259617 ], [ -90.377129, 38.259682 ], [ -90.377092, 38.259784 ], [ -90.37728, 38.25981 ], [ -90.377635, 38.258987 ], [ -90.377868, 38.257765 ], [ -90.377505, 38.257582 ], [ -90.377501, 38.257411 ], [ -90.377593, 38.257156 ], [ -90.377779, 38.256899 ], [ -90.377934, 38.256757 ], [ -90.378094, 38.25667 ], [ -90.378261, 38.256576 ], [ -90.378414, 38.256524 ], [ -90.379326, 38.256416 ], [ -90.379691, 38.256396 ], [ -90.380037, 38.256416 ], [ -90.380422, 38.25646 ], [ -90.380722, 38.256625 ], [ -90.381199, 38.256688 ], [ -90.382603, 38.256914 ], [ -90.384053, 38.25724 ], [ -90.384233, 38.257258 ], [ -90.385321, 38.257304 ], [ -90.386199, 38.257202 ], [ -90.386917, 38.257048 ], [ -90.388026, 38.256706 ], [ -90.388606, 38.256569 ], [ -90.391397, 38.25578 ], [ -90.392746, 38.255396 ], [ -90.392891, 38.255287 ], [ -90.395221, 38.255274 ], [ -90.395898, 38.255395 ], [ -90.396621, 38.255297 ], [ -90.397383, 38.255286 ], [ -90.399932, 38.255289 ], [ -90.400205, 38.255263 ], [ -90.401433, 38.25529 ], [ -90.401607, 38.255168 ], [ -90.403663, 38.255174 ], [ -90.403755, 38.255302 ], [ -90.406088, 38.255283 ], [ -90.406255, 38.255202 ], [ -90.407761, 38.255172 ], [ -90.410894, 38.255183 ], [ -90.41105, 38.255197 ], [ -90.41114, 38.255228 ] ] ] } },
{ "type": "Feature", "properties": { "TYPEPIPE": "Interstate", "Operator": "Mississippi River Trans Corp", "Status": "Operating", "Shape_Leng": 0.0033409721, "STATEFP": "29", "STATENS": "01779791", "AFFGEOID": "0400000US29", "GEOID": "29", "STUSPS": "MO", "NAME": "Missouri", "LSAD": "00", "ALAND": 178050802184, "AWATER": 2489425460 }, "geometry": { "type": "MultiLineString", "coordinates": [ [ [ -90.398919, 38.344439 ], [ -90.39891, 38.344436 ], [ -90.3989, 38.344433 ], [ -90.398897, 38.344432 ], [ -90.398859, 38.344419 ], [ -90.39805, 38.344415 ], [ -90.397821, 38.344422 ], [ -90.397804, 38.344423 ], [ -90.397421, 38.344424 ], [ -90.397414, 38.344424 ], [ -90.397406, 38.344419 ], [ -90.397398, 38.344414 ], [ -90.397387, 38.344408 ], [ -90.397373, 38.3444 ], [ -90.397193, 38.344401 ], [ -90.397116, 38.344401 ], [ -90.396988, 38.344402 ], [ -90.396977, 38.344402 ], [ -90.396821, 38.344403 ], [ -90.396668, 38.344404 ], [ -90.396523, 38.344404 ], [ -90.39637, 38.344405 ], [ -90.396144, 38.344406 ], [ -90.396134, 38.344406 ], [ -90.39578, 38.344408 ], [ -90.395638, 38.344409 ], [ -90.39561, 38.344409 ], [ -90.395611, 38.344387 ] ] ] } },
{ "type": "Feature", "properties": { "TYPEPIPE": "Interstate", "Operator": "Mississippi River Trans Corp", "Status": "Operating", "Shape_Leng": 0.02341022218, "STATEFP": "29", "STATENS": "01779791", "AFFGEOID": "0400000US29", "GEOID": "29", "STUSPS": "MO", "NAME": "Missouri", "LSAD": "00", "ALAND": 178050802184, "AWATER": 2489425460 }, "geometry": { "type": "MultiLineString", "coordinates": [ [ [ -90.190641045546343, 38.678478046299666 ], [ -90.190789, 38.67866 ], [ -90.191029, 38.678932 ], [ -90.191274, 38.679177 ], [ -90.191464, 38.679358 ], [ -90.191678, 38.679548 ], [ -90.192245, 38.680021 ], [ -90.193477, 38.681081 ], [ -90.194174, 38.681618 ], [ -90.194767, 38.682022 ], [ -90.195043, 38.682532 ], [ -90.196482, 38.683779 ], [ -90.196884, 38.68412 ], [ -90.197453, 38.68452 ], [ -90.198763, 38.685615 ], [ -90.198594, 38.68574 ], [ -90.199698, 38.686621 ], [ -90.200241, 38.687036 ], [ -90.200748, 38.687368 ], [ -90.201363, 38.687839 ], [ -90.201709, 38.688133 ], [ -90.20282, 38.688924 ], [ -90.20353, 38.68941 ], [ -90.203861, 38.689656 ], [ -90.20399, 38.689775 ], [ -90.204955, 38.690526 ], [ -90.205089, 38.690526 ], [ -90.205247, 38.690645 ] ] ] } },
{ "type": "Feature", "properties": { "TYPEPIPE": "Interstate", "Operator": "Mississippi River Trans Corp", "Status": "Operating", "Shape_Leng": 0.05252248058, "STATEFP": "29", "STATENS": "01779791", "AFFGEOID": "0400000US29", "GEOID": "29", "STUSPS": "MO", "NAME": "Missouri", "LSAD": "00", "ALAND": 178050802184, "AWATER": 2489425460 }, "geometry": { "type": "MultiLineString", "coordinates": [ [ [ -90.283242, 38.477694 ], [ -90.283243, 38.477653 ], [ -90.284276, 38.477696 ], [ -90.28621, 38.477753 ], [ -90.28833, 38.478036 ], [ -90.288588, 38.478085 ], [ -90.289338, 38.478277 ], [ -90.289476, 38.478324 ], [ -90.289643, 38.478399 ], [ -90.289899, 38.478527 ], [ -90.290134, 38.478651 ], [ -90.290564, 38.478846 ], [ -90.29101, 38.47904 ], [ -90.291229, 38.479105 ], [ -90.291484, 38.479304 ], [ -90.291758, 38.47938 ], [ -90.292035, 38.479502 ], [ -90.293406, 38.480221 ], [ -90.293475, 38.480247 ], [ -90.29358, 38.48027 ], [ -90.293797, 38.480353 ], [ -90.293931, 38.480411 ], [ -90.294138, 38.480491 ], [ -90.294577, 38.480746 ], [ -90.294686, 38.480814 ], [ -90.294862, 38.480908 ], [ -90.295062, 38.480987 ], [ -90.29585, 38.481414 ], [ -90.296246, 38.481615 ], [ -90.296657, 38.481834 ], [ -90.297525, 38.482324 ], [ -90.297602, 38.482357 ], [ -90.298607, 38.482279 ], [ -90.298778, 38.482268 ], [ -90.299299, 38.482174 ], [ -90.29946, 38.481978 ], [ -90.299612, 38.48186 ], [ -90.299817, 38.48176 ], [ -90.299957, 38.481699 ], [ -90.30005, 38.481675 ], [ -90.30052, 38.48159 ], [ -90.300938, 38.481524 ], [ -90.30161, 38.481439 ], [ -90.30238, 38.481448 ], [ -90.302515, 38.481421 ], [ -90.302592, 38.481403 ], [ -90.302771, 38.481376 ], [ -90.302999, 38.481352 ], [ -90.303885, 38.481221 ], [ -90.304395, 38.481219 ], [ -90.30538, 38.48132 ], [ -90.305659, 38.481329 ], [ -90.306393, 38.48138 ], [ -90.306512, 38.481403 ], [ -90.306915, 38.48144 ], [ -90.307232, 38.481447 ], [ -90.307357, 38.481458 ], [ -90.307645, 38.481504 ], [ -90.307828, 38.481523 ], [ -90.309184, 38.481521 ], [ -90.310114, 38.481574 ], [ -90.314151, 38.481774 ], [ -90.314367, 38.481789 ], [ -90.318404, 38.481567 ], [ -90.31872, 38.481792 ], [ -90.319104, 38.481799 ], [ -90.319435, 38.481903 ], [ -90.319686, 38.481952 ], [ -90.32008, 38.481973 ], [ -90.320883, 38.482002 ], [ -90.322075, 38.48206 ], [ -90.322802, 38.482075 ], [ -90.323597, 38.482102 ], [ -90.323698, 38.482092 ], [ -90.32379, 38.482066 ], [ -90.324209, 38.481842 ], [ -90.324294, 38.481804 ], [ -90.32442, 38.481771 ], [ -90.32703, 38.481676 ], [ -90.32833, 38.481694 ], [ -90.32879, 38.481704 ], [ -90.3306, 38.481722 ], [ -90.330995, 38.481719 ], [ -90.332035, 38.481739 ], [ -90.333104, 38.481739 ], [ -90.333214, 38.481757 ], [ -90.333266, 38.481772 ], [ -90.333388, 38.481797 ], [ -90.333758, 38.481805 ], [ -90.333758, 38.481764 ], [ -90.333759, 38.481712 ], [ -90.33381, 38.481694 ], [ -90.334173, 38.481708 ] ] ] } },
{ "type": "Feature", "properties": { "TYPEPIPE": "Interstate", "Operator": "Mississippi River Trans Corp", "Status": "Operating", "Shape_Leng": 0.00665201967, "STATEFP": "29", "STATENS": "01779791", "AFFGEOID": "0400000US29", "GEOID": "29", "STUSPS": "MO", "NAME": "Missouri", "LSAD": "00", "ALAND": 178050802184, "AWATER": 2489425460 }, "geometry": { "type": "MultiLineString", "coordinates": [ [ [ -90.283242, 38.477694 ], [ -90.282635, 38.477683 ], [ -90.282221, 38.477542 ], [ -90.276881735378879, 38.477732551926195 ] ] ] } },
{ "type": "Feature", "properties": { "TYPEPIPE": "Interstate", "Operator": "Mississippi River Trans Corp", "Status": "Operating", "Shape_Leng": 0.00669178274, "STATEFP": "29", "STATENS": "01779791", "AFFGEOID": "0400000US29", "GEOID": "29", "STUSPS": "MO", "NAME": "Missouri", "LSAD": "00", "ALAND": 178050802184, "AWATER": 2489425460 }, "geometry": { "type": "MultiLineString", "coordinates": [ [ [ -90.283242, 38.477694 ], [ -90.283241, 38.477722 ], [ -90.282627, 38.47771 ], [ -90.282214, 38.47757 ], [ -90.276873272647862, 38.47776040027486 ] ] ] } },
{ "type": "Feature", "properties": { "TYPEPIPE": "Interstate", "Operator": "Mississippi River Trans Corp", "Status": "Operating", "Shape_Leng": 0.02140590472, "STATEFP": "29", "STATENS": "01779791", "AFFGEOID": "0400000US29", "GEOID": "29", "STUSPS": "MO", "NAME": "Missouri", "LSAD": "00", "ALAND": 178050802184, "AWATER": 2489425460 }, "geometry": { "type": "MultiLineString", "coordinates": [ [ [ -90.16080544225747, 38.776458089136703 ], [ -90.163366, 38.779697 ], [ -90.164182, 38.78073 ], [ -90.164303, 38.780857 ], [ -90.164446, 38.780917 ], [ -90.164655, 38.780913 ], [ -90.175316, 38.78073 ], [ -90.175429, 38.78069 ], [ -90.175527, 38.780636 ], [ -90.177029, 38.778926 ], [ -90.177126, 38.778846 ], [ -90.177228, 38.778783 ], [ -90.17741, 38.778769 ], [ -90.17747, 38.778764 ], [ -90.178659, 38.778856 ] ] ] } },
{ "type": "Feature", "properties": { "TYPEPIPE": "Interstate", "Operator": "Mississippi River Trans Corp", "Status": "Operating", "Shape_Leng": 0.02125641124, "STATEFP": "29", "STATENS": "01779791", "AFFGEOID": "0400000US29", "GEOID": "29", "STUSPS": "MO", "NAME": "Missouri", "LSAD": "00", "ALAND": 178050802184, "AWATER": 2489425460 }, "geometry": { "type": "MultiLineString", "coordinates": [ [ [ -90.160877060559088, 38.77640940697512 ], [ -90.16344, 38.779565 ], [ -90.164265, 38.780581 ], [ -90.16433, 38.780683 ], [ -90.164502, 38.780733 ], [ -90.164606, 38.780731 ], [ -90.175305, 38.780536 ], [ -90.175445, 38.780512 ], [ -90.175529, 38.780423 ], [ -90.176989, 38.778752 ], [ -90.177079, 38.77867 ], [ -90.177211, 38.778625 ], [ -90.177385, 38.778615 ], [ -90.177441, 38.778622 ], [ -90.178668, 38.778782 ] ] ] } },
{ "type": "Feature", "properties": { "TYPEPIPE": "Interstate", "Operator": "Mississippi River Trans Corp", "Status": "Operating", "Shape_Leng": 0.32543451148000002, "STATEFP": "29", "STATENS": "01779791", "AFFGEOID": "0400000US29", "GEOID": "29", "STUSPS": "MO", "NAME": "Missouri", "LSAD": "00", "ALAND": 178050802184, "AWATER": 2489425460 }, "geometry": { "type": "MultiLineString", "coordinates": [ [ [ -90.599213753916132, 36.498416633826409 ], [ -90.59362, 36.503251 ], [ -90.593099, 36.503701 ], [ -90.590313, 36.507196 ], [ -90.58875, 36.509066 ], [ -90.587032, 36.511347 ], [ -90.584897, 36.514714 ], [ -90.584201, 36.515787 ], [ -90.582759, 36.518009 ], [ -90.580579, 36.521367 ], [ -90.579617, 36.52285 ], [ -90.578725, 36.524966 ], [ -90.577127, 36.528755 ], [ -90.576156, 36.531057 ], [ -90.575785, 36.532206 ], [ -90.575499, 36.53309 ], [ -90.575466, 36.533179 ], [ -90.574824, 36.534922 ], [ -90.57448, 36.535717 ], [ -90.574354, 36.53593 ], [ -90.574325, 36.535979 ], [ -90.574, 36.536528 ], [ -90.573957, 36.536603 ], [ -90.573018, 36.538191 ], [ -90.5728, 36.538699 ], [ -90.57193, 36.540528 ], [ -90.571851, 36.540694 ], [ -90.570978, 36.542529 ], [ -90.570638, 36.543242 ], [ -90.570543, 36.543442 ], [ -90.568793, 36.546936 ], [ -90.56651, 36.551497 ], [ -90.565546, 36.553421 ], [ -90.563332, 36.557843 ], [ -90.562945, 36.558317 ], [ -90.562829, 36.558459 ], [ -90.561855, 36.559649 ], [ -90.560202, 36.561671 ], [ -90.560155, 36.561729 ], [ -90.560105, 36.561789 ], [ -90.556309, 36.566186 ], [ -90.555443, 36.569053 ], [ -90.553433, 36.576205 ], [ -90.553428, 36.576225 ], [ -90.552876, 36.578188 ], [ -90.552286, 36.580108 ], [ -90.551363, 36.58239 ], [ -90.551048, 36.583461 ], [ -90.550767, 36.584414 ], [ -90.550513, 36.585274 ], [ -90.549978, 36.58709 ], [ -90.549607, 36.588351 ], [ -90.549026, 36.590583 ], [ -90.549012, 36.590637 ], [ -90.548981, 36.590755 ], [ -90.54895, 36.590875 ], [ -90.547833, 36.595163 ], [ -90.546973, 36.597321 ], [ -90.546733, 36.597923 ], [ -90.546526, 36.598442 ], [ -90.546402, 36.598715 ], [ -90.546342, 36.599011 ], [ -90.546287, 36.599273 ], [ -90.546264, 36.599809 ], [ -90.546296, 36.600062 ], [ -90.546601, 36.601748 ], [ -90.546622, 36.601861 ], [ -90.546711, 36.602842 ], [ -90.546592, 36.603653 ], [ -90.546543, 36.603979 ], [ -90.546342, 36.605313 ], [ -90.546093, 36.606967 ], [ -90.545602, 36.608924 ], [ -90.54379, 36.616148 ], [ -90.54291, 36.619653 ], [ -90.542888, 36.619744 ], [ -90.542235, 36.622346 ], [ -90.541898, 36.623688 ], [ -90.540356, 36.629837 ], [ -90.540181, 36.630533 ], [ -90.539654, 36.632634 ], [ -90.539474, 36.633722 ], [ -90.539469, 36.633754 ], [ -90.539464, 36.633786 ], [ -90.539387, 36.634253 ], [ -90.539167, 36.635581 ], [ -90.538612, 36.637226 ], [ -90.537999, 36.639043 ], [ -90.537081, 36.641762 ], [ -90.536097, 36.644679 ], [ -90.535933, 36.645112 ], [ -90.535851, 36.645328 ], [ -90.534944, 36.647725 ], [ -90.534726, 36.648291 ], [ -90.534408, 36.648956 ], [ -90.534294, 36.649195 ], [ -90.534014, 36.649783 ], [ -90.533994, 36.649824 ], [ -90.533974, 36.649866 ], [ -90.533565, 36.650724 ], [ -90.532702, 36.65253 ], [ -90.53259, 36.652766 ], [ -90.532545, 36.65286 ], [ -90.5325, 36.652954 ], [ -90.530912, 36.65628 ], [ -90.529293, 36.659672 ], [ -90.529239, 36.659901 ], [ -90.528884, 36.661393 ], [ -90.528509, 36.662973 ], [ -90.528204, 36.663503 ], [ -90.528189, 36.663531 ], [ -90.528173, 36.663558 ], [ -90.527064, 36.665489 ], [ -90.526658, 36.666195 ], [ -90.526044, 36.667313 ], [ -90.525841, 36.667684 ], [ -90.525291, 36.668621 ], [ -90.519412, 36.681299 ], [ -90.519243, 36.681558 ], [ -90.518781, 36.68257 ], [ -90.516703, 36.6852 ], [ -90.516396, 36.68578 ], [ -90.516054, 36.686544 ], [ -90.511394, 36.696952 ], [ -90.509655, 36.700816 ], [ -90.506177, 36.708618 ], [ -90.505216, 36.710443 ], [ -90.50356, 36.712679 ], [ -90.502637, 36.713557 ], [ -90.499097, 36.716592 ], [ -90.493311, 36.721666 ], [ -90.489894, 36.724703 ], [ -90.488025, 36.726517 ], [ -90.487873, 36.726665 ], [ -90.487827, 36.72671 ], [ -90.487765, 36.72677 ], [ -90.487477, 36.72688 ], [ -90.487038, 36.727048 ], [ -90.486944, 36.727117 ], [ -90.485118, 36.728455 ], [ -90.484756, 36.728803 ], [ -90.484526, 36.729096 ], [ -90.484492, 36.729145 ], [ -90.484267, 36.729477 ], [ -90.484253, 36.729539 ], [ -90.484226, 36.729653 ], [ -90.484204, 36.729751 ], [ -90.48419, 36.72981 ], [ -90.484213, 36.729871 ], [ -90.484265, 36.730014 ], [ -90.484284, 36.73032 ], [ -90.484314, 36.730822 ], [ -90.483288, 36.732752 ], [ -90.483244, 36.732864 ], [ -90.483194, 36.732988 ], [ -90.483145, 36.733111 ], [ -90.483124, 36.733164 ], [ -90.482283, 36.735278 ], [ -90.482003, 36.735982 ], [ -90.481767, 36.736577 ], [ -90.481736, 36.736654 ], [ -90.481718, 36.736703 ], [ -90.481671, 36.736832 ], [ -90.481468, 36.737388 ], [ -90.480586, 36.739805 ], [ -90.480467, 36.740132 ], [ -90.480389, 36.740326 ], [ -90.480088, 36.741071 ], [ -90.476673, 36.749907 ], [ -90.476352, 36.750252 ], [ -90.476257, 36.750509 ], [ -90.476111, 36.750905 ], [ -90.475666, 36.752112 ], [ -90.475459, 36.75273 ], [ -90.475322, 36.753009 ], [ -90.475163, 36.753292 ], [ -90.4751, 36.753418 ], [ -90.475029, 36.753561 ], [ -90.474915, 36.753789 ], [ -90.474822, 36.753975 ], [ -90.474761, 36.754154 ], [ -90.474684, 36.754372 ], [ -90.474452, 36.755067 ], [ -90.474369, 36.755315 ], [ -90.474192, 36.756119 ], [ -90.474119, 36.756576 ], [ -90.473908, 36.757097 ], [ -90.473294, 36.759078 ], [ -90.471042, 36.765359 ], [ -90.470714, 36.766215 ], [ -90.470571, 36.766553 ], [ -90.4702, 36.767495 ], [ -90.469736, 36.768673 ], [ -90.469102, 36.770108 ], [ -90.468806, 36.770842 ], [ -90.468775, 36.770887 ], [ -90.46875, 36.770923 ], [ -90.468635, 36.771132 ], [ -90.468584, 36.77137 ], [ -90.468589, 36.771431 ], [ -90.468594, 36.771492 ], [ -90.468508, 36.771816 ], [ -90.468388, 36.772893 ], [ -90.468333, 36.773327 ], [ -90.468296, 36.773614 ], [ -90.468348, 36.774296 ], [ -90.468372, 36.774868 ], [ -90.468415, 36.775678 ], [ -90.468428, 36.776245 ], [ -90.468455, 36.776822 ], [ -90.468465, 36.778096 ], [ -90.468465, 36.778181 ], [ -90.468442, 36.778441 ], [ -90.467885, 36.780545 ], [ -90.467805, 36.781105 ], [ -90.467778, 36.781293 ], [ -90.467766, 36.781371 ], [ -90.467759, 36.78142 ], [ -90.467757, 36.781439 ], [ -90.467728, 36.781638 ], [ -90.467695, 36.781869 ], [ -90.46759, 36.782766 ], [ -90.467545, 36.783329 ], [ -90.467481, 36.785333 ], [ -90.467477, 36.785464 ], [ -90.467447, 36.785845 ], [ -90.467436, 36.786263 ], [ -90.467462, 36.786444 ], [ -90.467578, 36.787246 ], [ -90.46758, 36.787263 ], [ -90.467622, 36.787554 ], [ -90.467661, 36.787825 ], [ -90.467666, 36.787858 ] ] ] } },
{ "type": "Feature", "properties": { "TYPEPIPE": "Interstate", "Operator": "Mississippi River Trans Corp", "Status": "Operating", "Shape_Leng": 0.9127062766, "STATEFP": "29", "STATENS": "01779791", "AFFGEOID": "0400000US29", "GEOID": "29", "STUSPS": "MO", "NAME": "Missouri", "LSAD": "00", "ALAND": 178050802184, "AWATER": 2489425460 }, "geometry": { "type": "MultiLineString", "coordinates": [ [ [ -90.299777, 37.644353 ], [ -90.299889, 37.644329 ], [ -90.299949, 37.644559 ], [ -90.299822, 37.64541 ], [ -90.299772, 37.645613 ], [ -90.29976, 37.645925 ], [ -90.29976, 37.650204 ], [ -90.2998, 37.650389 ], [ -90.299507, 37.65179 ], [ -90.298558, 37.657696 ], [ -90.298563, 37.657824 ], [ -90.298568, 37.658028 ], [ -90.298567, 37.660818 ], [ -90.29867, 37.662112 ], [ -90.298739, 37.662337 ], [ -90.298708, 37.662529 ], [ -90.298649, 37.662701 ], [ -90.298267, 37.664564 ], [ -90.2982, 37.664755 ], [ -90.298281, 37.665164 ], [ -90.298765, 37.666774 ], [ -90.298931, 37.66773 ], [ -90.299024, 37.668205 ], [ -90.299327, 37.669907 ], [ -90.299375, 37.67012 ], [ -90.299447, 37.670356 ], [ -90.299699, 37.671165 ], [ -90.300576, 37.673432 ], [ -90.300719, 37.673709 ], [ -90.300941, 37.674048 ], [ -90.301055, 37.674219 ], [ -90.301255, 37.674371 ], [ -90.301455, 37.674583 ], [ -90.303583, 37.676621 ], [ -90.305634, 37.678411 ], [ -90.306891, 37.679508 ], [ -90.307641, 37.68015 ], [ -90.307788, 37.680245 ], [ -90.307965, 37.680337 ], [ -90.308208, 37.680381 ], [ -90.308416, 37.680423 ], [ -90.308621, 37.680523 ], [ -90.309187, 37.681029 ], [ -90.309231, 37.681172 ], [ -90.30917, 37.681291 ], [ -90.309201, 37.681415 ], [ -90.309273, 37.681706 ], [ -90.309566, 37.681918 ], [ -90.310663, 37.682834 ], [ -90.311084, 37.683525 ], [ -90.311375, 37.683981 ], [ -90.311551, 37.684317 ], [ -90.31171, 37.684536 ], [ -90.311868, 37.684767 ], [ -90.312317, 37.685365 ], [ -90.312544, 37.685654 ], [ -90.313013, 37.686123 ], [ -90.313853, 37.687048 ], [ -90.314258, 37.687601 ], [ -90.315138, 37.688471 ], [ -90.316158, 37.689544 ], [ -90.317463, 37.690853 ], [ -90.318357, 37.691705 ], [ -90.319068, 37.692388 ], [ -90.319303, 37.692619 ], [ -90.320054, 37.693656 ], [ -90.320809, 37.694448 ], [ -90.321027, 37.694701 ], [ -90.322273, 37.696026 ], [ -90.323663, 37.697366 ], [ -90.32502, 37.698909 ], [ -90.326473, 37.700328 ], [ -90.328218, 37.701986 ], [ -90.329979, 37.704137 ], [ -90.330824, 37.704979 ], [ -90.332009, 37.706227 ], [ -90.333248, 37.707505 ], [ -90.33339, 37.707719 ], [ -90.334038, 37.708335 ], [ -90.334234, 37.708461 ], [ -90.334362, 37.708579 ], [ -90.335116, 37.709446 ], [ -90.335523, 37.709868 ], [ -90.336358, 37.71074 ], [ -90.336739, 37.711124 ], [ -90.337556, 37.711964 ], [ -90.338576, 37.71303 ], [ -90.342881, 37.717045 ], [ -90.34416, 37.718373 ], [ -90.345129, 37.71937 ], [ -90.346115, 37.720394 ], [ -90.346531, 37.72083 ], [ -90.349019, 37.723294 ], [ -90.349544, 37.723834 ], [ -90.349963, 37.724321 ], [ -90.350441, 37.724773 ], [ -90.351007, 37.725265 ], [ -90.351555, 37.725867 ], [ -90.352224, 37.726548 ], [ -90.353222, 37.727596 ], [ -90.353932, 37.728298 ], [ -90.354469, 37.728801 ], [ -90.355407, 37.729773 ], [ -90.356109, 37.730575 ], [ -90.358334, 37.732891 ], [ -90.359587, 37.734163 ], [ -90.36161, 37.737022 ], [ -90.362353, 37.737813 ], [ -90.362653, 37.738192 ], [ -90.363399, 37.738938 ], [ -90.365126, 37.74074 ], [ -90.365335, 37.741027 ], [ -90.365925, 37.741726 ], [ -90.366261, 37.742038 ], [ -90.368526, 37.744518 ], [ -90.369886, 37.74594 ], [ -90.370701, 37.746866 ], [ -90.371038, 37.747219 ], [ -90.371324, 37.747554 ], [ -90.371461, 37.747809 ], [ -90.373145, 37.750027 ], [ -90.373774, 37.751466 ], [ -90.374489, 37.752616 ], [ -90.375645, 37.754387 ], [ -90.377244, 37.756925 ], [ -90.377407, 37.757179 ], [ -90.378129, 37.758239 ], [ -90.378331, 37.758621 ], [ -90.378598, 37.758967 ], [ -90.378888, 37.759582 ], [ -90.379001, 37.759762 ], [ -90.379355, 37.760424 ], [ -90.379327, 37.760603 ], [ -90.379444, 37.760889 ], [ -90.379746, 37.761591 ], [ -90.380035, 37.762241 ], [ -90.380132, 37.762656 ], [ -90.380242, 37.763164 ], [ -90.380586, 37.763856 ], [ -90.380881, 37.764226 ], [ -90.381441, 37.765061 ], [ -90.382266, 37.766244 ], [ -90.382503, 37.766343 ], [ -90.382698, 37.766701 ], [ -90.382723, 37.766943 ], [ -90.383203, 37.767595 ], [ -90.383684, 37.768251 ], [ -90.383894, 37.768557 ], [ -90.38405, 37.768812 ], [ -90.384309, 37.769263 ], [ -90.384513, 37.769804 ], [ -90.384758, 37.770286 ], [ -90.385033, 37.770787 ], [ -90.385453, 37.772598 ], [ -90.386918, 37.774569 ], [ -90.387098, 37.774804 ], [ -90.387286, 37.77516 ], [ -90.387318, 37.775399 ], [ -90.389, 37.779095 ], [ -90.389127, 37.779382 ], [ -90.389136, 37.779557 ], [ -90.389269, 37.779914 ], [ -90.389463, 37.780041 ], [ -90.39019, 37.781488 ], [ -90.390499, 37.782124 ], [ -90.390788, 37.782801 ], [ -90.39118, 37.783671 ], [ -90.391828, 37.784838 ], [ -90.39196, 37.785183 ], [ -90.392062, 37.785314 ], [ -90.392114, 37.785582 ], [ -90.392135, 37.785787 ], [ -90.392252, 37.786253 ], [ -90.392433, 37.786811 ], [ -90.393557, 37.789287 ], [ -90.394887, 37.792832 ], [ -90.395164, 37.793676 ], [ -90.395451, 37.794488 ], [ -90.396487, 37.7972 ], [ -90.397042, 37.799347 ], [ -90.39749, 37.801171 ], [ -90.397814, 37.802231 ], [ -90.397743, 37.802554 ], [ -90.397813, 37.803181 ], [ -90.397913, 37.803417 ], [ -90.398837, 37.806 ], [ -90.399044, 37.806794 ], [ -90.399311, 37.808 ], [ -90.39995, 37.810676 ], [ -90.400238, 37.811823 ], [ -90.401097, 37.814646 ], [ -90.401392, 37.815733 ], [ -90.402832, 37.819276 ], [ -90.404228, 37.823963 ], [ -90.405641, 37.830165 ], [ -90.406352, 37.832861 ], [ -90.406483, 37.833451 ], [ -90.406545, 37.833846 ], [ -90.406544, 37.834334 ], [ -90.406601, 37.834529 ], [ -90.406649, 37.836869 ], [ -90.406663, 37.838146 ], [ -90.406712, 37.839037 ], [ -90.406772, 37.83938 ], [ -90.407016, 37.840519 ], [ -90.408955, 37.848724 ], [ -90.409405, 37.850378 ], [ -90.409501, 37.850715 ], [ -90.410287, 37.852501 ], [ -90.411086, 37.854262 ], [ -90.411909, 37.855964 ], [ -90.412115, 37.856764 ], [ -90.413672, 37.861063 ], [ -90.413786, 37.861406 ], [ -90.413939, 37.861735 ], [ -90.414018, 37.86199 ], [ -90.415078, 37.865024 ], [ -90.415369, 37.866006 ], [ -90.415533, 37.866678 ], [ -90.41572, 37.867348 ], [ -90.415879, 37.868048 ], [ -90.416053, 37.868786 ], [ -90.416381, 37.869938 ], [ -90.416874, 37.87194 ], [ -90.417427, 37.874006 ], [ -90.417948, 37.876097 ], [ -90.41866, 37.878945 ], [ -90.419173, 37.880942 ], [ -90.419882, 37.883706 ], [ -90.420086, 37.884579 ], [ -90.420242, 37.885199 ], [ -90.420633, 37.889869 ], [ -90.420666, 37.890353 ], [ -90.420793, 37.891934 ], [ -90.420811, 37.892291 ], [ -90.420928, 37.893104 ], [ -90.420674, 37.893387 ], [ -90.421179, 37.894438 ], [ -90.421361, 37.895457 ], [ -90.421624, 37.89669 ], [ -90.421709, 37.897186 ], [ -90.421725, 37.89753 ], [ -90.421465, 37.898284 ], [ -90.421432, 37.898616 ], [ -90.421074, 37.900038 ], [ -90.420766, 37.901377 ], [ -90.420408, 37.902323 ], [ -90.42053, 37.90274 ], [ -90.418543, 37.911222 ], [ -90.418149, 37.913981 ], [ -90.417956, 37.915378 ], [ -90.417718, 37.916507 ], [ -90.417628, 37.91668 ], [ -90.417591, 37.917167 ], [ -90.417611, 37.918909 ], [ -90.417621, 37.91972 ], [ -90.417609, 37.919949 ], [ -90.417572, 37.920931 ], [ -90.417554, 37.921584 ], [ -90.417511, 37.923808 ], [ -90.417432, 37.925468 ], [ -90.417417, 37.925794 ], [ -90.417418, 37.926624 ], [ -90.417423, 37.931556 ], [ -90.41742, 37.935552 ], [ -90.417432, 37.93707 ], [ -90.417409, 37.937331 ], [ -90.417419, 37.938996 ], [ -90.417438, 37.944229 ], [ -90.41744, 37.944516 ], [ -90.417413, 37.945011 ], [ -90.417395, 37.945205 ], [ -90.417394, 37.945449 ], [ -90.417386, 37.945683 ], [ -90.417388, 37.946713 ], [ -90.417356, 37.94679 ], [ -90.417353, 37.947132 ], [ -90.417348, 37.948077 ], [ -90.4174, 37.949083 ], [ -90.417356, 37.951816 ], [ -90.417329, 37.953542 ], [ -90.417261, 37.95596 ], [ -90.417224, 37.956942 ], [ -90.417179, 37.957926 ], [ -90.41717, 37.958512 ], [ -90.417161, 37.958618 ], [ -90.417175, 37.958986 ], [ -90.417178, 37.959806 ], [ -90.417125, 37.962447 ], [ -90.417098, 37.963426 ], [ -90.417071, 37.963983 ], [ -90.417061, 37.964626 ], [ -90.41706, 37.965177 ], [ -90.41701, 37.966607 ], [ -90.416971, 37.967126 ], [ -90.417156, 37.968511 ], [ -90.417155, 37.969095 ], [ -90.417079, 37.969629 ], [ -90.417074, 37.970099 ], [ -90.416836, 37.97106 ], [ -90.415926, 37.97323 ], [ -90.415535, 37.9745 ], [ -90.415445, 37.97479 ], [ -90.415409, 37.974955 ], [ -90.41515, 37.976005 ], [ -90.41508, 37.976492 ], [ -90.41492, 37.977181 ], [ -90.414673, 37.979424 ], [ -90.414569, 37.979595 ], [ -90.414468, 37.979778 ], [ -90.414428, 37.980146 ], [ -90.414464, 37.980499 ], [ -90.414471, 37.980697 ], [ -90.414384, 37.981189 ], [ -90.41431, 37.981699 ], [ -90.414205, 37.982808 ], [ -90.414224, 37.983109 ], [ -90.414454, 37.983719 ], [ -90.414587, 37.984053 ], [ -90.414671, 37.984337 ], [ -90.415262, 37.985727 ], [ -90.415439, 37.98617 ], [ -90.415657, 37.987236 ], [ -90.416788, 37.99105 ], [ -90.417517, 37.993381 ], [ -90.417867, 37.994348 ], [ -90.417916, 37.99453 ], [ -90.417911, 37.994713 ], [ -90.417832, 37.994921 ], [ -90.418444, 37.997308 ], [ -90.418528, 37.997854 ], [ -90.418519, 37.998043 ], [ -90.418466, 37.998202 ], [ -90.418429, 37.998507 ], [ -90.418376, 37.998902 ], [ -90.418267, 37.999314 ], [ -90.418135, 37.999844 ], [ -90.418115, 38.000066 ], [ -90.418155, 38.000359 ], [ -90.41805, 38.002147 ], [ -90.418065, 38.002636 ], [ -90.418017, 38.002871 ], [ -90.417847, 38.003266 ], [ -90.417748, 38.003616 ], [ -90.4176, 38.00402 ], [ -90.417557, 38.004518 ], [ -90.417535, 38.005095 ], [ -90.417549, 38.005276 ], [ -90.417512, 38.00548 ], [ -90.417566, 38.005661 ], [ -90.4191, 38.008351 ], [ -90.420585, 38.010855 ], [ -90.421707, 38.012314 ], [ -90.421827, 38.012515 ], [ -90.42187, 38.012688 ], [ -90.421863, 38.012858 ], [ -90.421934, 38.013452 ], [ -90.421954, 38.01397 ], [ -90.42187, 38.014571 ], [ -90.421808, 38.0151 ], [ -90.421837, 38.015396 ], [ -90.421906, 38.017071 ], [ -90.421972, 38.018816 ], [ -90.422089, 38.019814 ], [ -90.422269, 38.021328 ], [ -90.422434, 38.022189 ], [ -90.422508, 38.02248 ], [ -90.42255, 38.022946 ], [ -90.422591, 38.023318 ], [ -90.422656, 38.02358 ], [ -90.422734, 38.023922 ], [ -90.422938, 38.02464 ], [ -90.423114, 38.025175 ], [ -90.423526, 38.026201 ], [ -90.423567, 38.02648 ], [ -90.423589, 38.026713 ], [ -90.42354, 38.027057 ], [ -90.423521, 38.027292 ], [ -90.42346, 38.027512 ], [ -90.423336, 38.027732 ], [ -90.422932, 38.028801 ], [ -90.422803, 38.029054 ], [ -90.422666, 38.02936 ], [ -90.422332, 38.030008 ], [ -90.421774, 38.03102 ], [ -90.421214, 38.032054 ], [ -90.421127, 38.032217 ], [ -90.420916, 38.032568 ], [ -90.420752, 38.032746 ], [ -90.41985, 38.033543 ], [ -90.419661, 38.033736 ], [ -90.418431, 38.035353 ], [ -90.418338, 38.03561 ], [ -90.418173, 38.035951 ], [ -90.418027, 38.036341 ], [ -90.417943, 38.036545 ], [ -90.417906, 38.03674 ], [ -90.418336, 38.038671 ], [ -90.418667, 38.040049 ], [ -90.418677, 38.040223 ], [ -90.418603, 38.040488 ], [ -90.418554, 38.040863 ], [ -90.418378, 38.041327 ], [ -90.417987, 38.042451 ], [ -90.417612, 38.043904 ], [ -90.417588, 38.044099 ], [ -90.417604, 38.044303 ], [ -90.417868, 38.044541 ], [ -90.418491, 38.045332 ], [ -90.41898, 38.045614 ], [ -90.419167, 38.045881 ], [ -90.419352, 38.046515 ], [ -90.419385, 38.046802 ], [ -90.419515, 38.047344 ], [ -90.419868, 38.048379 ], [ -90.420116, 38.049125 ], [ -90.420619, 38.051162 ], [ -90.420742, 38.052271 ], [ -90.420946, 38.05295 ], [ -90.421047, 38.053175 ], [ -90.421223, 38.053554 ], [ -90.421455, 38.053604 ], [ -90.42166, 38.054104 ], [ -90.42146, 38.054221 ], [ -90.421739, 38.054687 ], [ -90.422698, 38.056405 ], [ -90.424194, 38.059071 ], [ -90.42426, 38.059199 ], [ -90.424665, 38.05984 ], [ -90.425004, 38.060502 ], [ -90.425074, 38.060693 ], [ -90.425078, 38.061086 ], [ -90.425183, 38.061951 ], [ -90.425218, 38.06229 ], [ -90.425184, 38.06247 ], [ -90.425158, 38.062743 ], [ -90.425042, 38.06298 ], [ -90.424617, 38.063587 ], [ -90.423459, 38.065176 ], [ -90.422568, 38.066258 ], [ -90.422425, 38.066371 ], [ -90.421512, 38.067443 ], [ -90.419635, 38.069866 ], [ -90.41894, 38.070406 ], [ -90.419135, 38.07095 ], [ -90.41857, 38.072431 ], [ -90.41854, 38.072793 ], [ -90.418378, 38.074437 ], [ -90.418236, 38.077287 ], [ -90.418238, 38.077756 ], [ -90.418265, 38.079505 ], [ -90.418299, 38.080708 ], [ -90.418314, 38.081983 ], [ -90.418263, 38.082435 ], [ -90.418331, 38.08272 ], [ -90.418337, 38.083043 ], [ -90.418286, 38.083261 ], [ -90.418119, 38.083967 ], [ -90.417919, 38.084879 ], [ -90.417813, 38.08545 ], [ -90.417732, 38.085706 ], [ -90.417603, 38.086042 ], [ -90.417456, 38.08639 ], [ -90.41647, 38.088441 ], [ -90.416139, 38.089106 ], [ -90.415706, 38.090088 ], [ -90.41528, 38.090919 ], [ -90.414173, 38.093107 ], [ -90.414105, 38.093415 ], [ -90.414063, 38.093764 ], [ -90.41393, 38.095037 ], [ -90.413965, 38.095425 ], [ -90.413987, 38.095833 ], [ -90.414, 38.09629 ], [ -90.414084, 38.097521 ], [ -90.41409, 38.09801 ], [ -90.414049, 38.098593 ], [ -90.414046, 38.098986 ], [ -90.413992, 38.099248 ], [ -90.413931, 38.099657 ], [ -90.413823, 38.100175 ], [ -90.413616, 38.100917 ], [ -90.412718, 38.104081 ], [ -90.412025, 38.106484 ], [ -90.411946, 38.106751 ], [ -90.411904, 38.107106 ], [ -90.411901, 38.10765 ], [ -90.411896, 38.108318 ], [ -90.411922, 38.108893 ], [ -90.411819, 38.110049 ], [ -90.41199, 38.110064 ], [ -90.411726, 38.111015 ], [ -90.412108, 38.111408 ], [ -90.412127, 38.111749 ], [ -90.411522, 38.112699 ], [ -90.411335, 38.114038 ], [ -90.411226, 38.115297 ], [ -90.410858, 38.118007 ], [ -90.410778, 38.118728 ], [ -90.410706, 38.119139 ], [ -90.410665, 38.119391 ], [ -90.41037, 38.120627 ], [ -90.409886, 38.121788 ], [ -90.409093, 38.12341 ], [ -90.408936, 38.12363 ], [ -90.409019, 38.123894 ], [ -90.408916, 38.124111 ], [ -90.408583, 38.125475 ], [ -90.407995, 38.127893 ], [ -90.407711, 38.129087 ], [ -90.407413, 38.130479 ], [ -90.407488, 38.130648 ], [ -90.407415, 38.131462 ], [ -90.407222, 38.131546 ], [ -90.406635, 38.135281 ], [ -90.406577, 38.135564 ], [ -90.406451, 38.135955 ], [ -90.405549, 38.138572 ], [ -90.40529, 38.139332 ], [ -90.404876, 38.140569 ], [ -90.404497, 38.141838 ], [ -90.404046, 38.143432 ], [ -90.403809, 38.144274 ], [ -90.40352, 38.144723 ], [ -90.402932, 38.145722 ], [ -90.402438, 38.146514 ], [ -90.401147, 38.14748 ], [ -90.400389, 38.148541 ], [ -90.400263, 38.148845 ], [ -90.400002, 38.149245 ], [ -90.399902, 38.149678 ], [ -90.39986, 38.149932 ], [ -90.399771, 38.150265 ], [ -90.399795, 38.15042 ], [ -90.399883, 38.15057 ], [ -90.400071, 38.150683 ], [ -90.400226, 38.150876 ], [ -90.40026, 38.151013 ], [ -90.400429, 38.152339 ], [ -90.400516, 38.153658 ], [ -90.400391, 38.154922 ], [ -90.400528, 38.15566 ], [ -90.400664, 38.157299 ], [ -90.40088, 38.15798 ], [ -90.401111, 38.158947 ], [ -90.40122, 38.15957 ], [ -90.401294, 38.160066 ], [ -90.401307, 38.160187 ], [ -90.40138, 38.160393 ], [ -90.401469, 38.160625 ], [ -90.401578, 38.160808 ], [ -90.401695, 38.16096 ], [ -90.401908, 38.161259 ], [ -90.402653, 38.162208 ], [ -90.403804, 38.163848 ], [ -90.404152, 38.164355 ], [ -90.40428, 38.164564 ], [ -90.404755, 38.165189 ], [ -90.404906, 38.165378 ], [ -90.405028, 38.1657 ], [ -90.405152, 38.166066 ], [ -90.405591, 38.167366 ], [ -90.405811, 38.167955 ], [ -90.406067, 38.168668 ], [ -90.406985, 38.171428 ], [ -90.40706, 38.171645 ], [ -90.407073, 38.17195 ], [ -90.407243, 38.173258 ], [ -90.407384, 38.173999 ], [ -90.407439, 38.17449 ], [ -90.407465, 38.174843 ], [ -90.407515, 38.175282 ], [ -90.407733, 38.17778 ], [ -90.407837, 38.178451 ], [ -90.407958, 38.179448 ], [ -90.408022, 38.180108 ], [ -90.40816, 38.180872 ], [ -90.408413, 38.183214 ], [ -90.408552, 38.184217 ], [ -90.408655, 38.184491 ], [ -90.4086, 38.18477 ], [ -90.408601, 38.18503 ], [ -90.408656, 38.186205 ], [ -90.408662, 38.187572 ], [ -90.408754, 38.18856 ], [ -90.408799, 38.190211 ], [ -90.408825, 38.190511 ], [ -90.408865, 38.190954 ], [ -90.408889, 38.191473 ], [ -90.40889, 38.192347 ], [ -90.408939, 38.192535 ], [ -90.409131, 38.192743 ], [ -90.409299, 38.192971 ], [ -90.409447, 38.193373 ], [ -90.40948, 38.193532 ], [ -90.409417, 38.193679 ], [ -90.409343, 38.193883 ], [ -90.408804, 38.194864 ], [ -90.408483, 38.195212 ], [ -90.408472, 38.195312 ], [ -90.40844, 38.197326 ], [ -90.408433, 38.198079 ], [ -90.408514, 38.201115 ], [ -90.40856, 38.201572 ], [ -90.408563, 38.201917 ], [ -90.408501, 38.202955 ], [ -90.408599, 38.204998 ], [ -90.408643, 38.206829 ], [ -90.408702, 38.206928 ], [ -90.408796, 38.207278 ], [ -90.408654, 38.207389 ], [ -90.408672, 38.208118 ], [ -90.408714, 38.209027 ], [ -90.408737, 38.209332 ], [ -90.408969, 38.210846 ], [ -90.409126, 38.211955 ], [ -90.40921, 38.212214 ], [ -90.409285, 38.212534 ], [ -90.409419, 38.21276 ], [ -90.409366, 38.213629 ], [ -90.409195, 38.213727 ], [ -90.409744, 38.215907 ], [ -90.409774, 38.216234 ], [ -90.409796, 38.216524 ], [ -90.409819, 38.21676 ], [ -90.409827, 38.216943 ], [ -90.409887, 38.217213 ], [ -90.40999, 38.217914 ], [ -90.41002, 38.218345 ], [ -90.410074, 38.218583 ], [ -90.410341, 38.220549 ], [ -90.410523, 38.222036 ], [ -90.410709, 38.224064 ], [ -90.410802, 38.224594 ], [ -90.410924, 38.225568 ], [ -90.411148, 38.226947 ], [ -90.411185, 38.227377 ], [ -90.411216, 38.228142 ], [ -90.411308, 38.22894 ], [ -90.411331, 38.230995 ], [ -90.41138, 38.2331 ], [ -90.411473, 38.233227 ], [ -90.411484, 38.233497 ], [ -90.411457, 38.233698 ], [ -90.411465, 38.233757 ], [ -90.411548, 38.234328 ], [ -90.411558, 38.235021 ], [ -90.411664, 38.237397 ], [ -90.411636, 38.238145 ], [ -90.411535, 38.238719 ], [ -90.411322, 38.23999 ], [ -90.410851, 38.242579 ], [ -90.410745, 38.243196 ], [ -90.410714, 38.243476 ], [ -90.410789, 38.243945 ], [ -90.410861, 38.244285 ], [ -90.4109, 38.244707 ], [ -90.410948, 38.24527 ], [ -90.411021, 38.245687 ], [ -90.411039, 38.246182 ], [ -90.411127, 38.246775 ], [ -90.411179, 38.247083 ], [ -90.411465, 38.248155 ], [ -90.411666, 38.249004 ], [ -90.411924, 38.249896 ], [ -90.412098, 38.250521 ], [ -90.412185, 38.250851 ], [ -90.412158, 38.251093 ], [ -90.412074, 38.251793 ], [ -90.411976, 38.252402 ], [ -90.411699, 38.252956 ], [ -90.41164, 38.253149 ], [ -90.411624, 38.253386 ], [ -90.411651, 38.253711 ], [ -90.411597, 38.253995 ], [ -90.411538, 38.254221 ], [ -90.411473, 38.254468 ], [ -90.411296, 38.255019 ], [ -90.411067, 38.255659 ], [ -90.410989, 38.255869 ], [ -90.410827, 38.256501 ], [ -90.410604, 38.257396 ], [ -90.410567, 38.257643 ], [ -90.410299, 38.259162 ], [ -90.409883, 38.261224 ], [ -90.409833, 38.261461 ], [ -90.409801, 38.261478 ], [ -90.409472, 38.261622 ], [ -90.409474, 38.261626 ] ], [ [ -90.409914, 38.262754 ], [ -90.409918, 38.262764 ], [ -90.409943, 38.262773 ], [ -90.409963, 38.262952 ], [ -90.409949, 38.263134 ], [ -90.409075, 38.266733 ], [ -90.409093, 38.266938 ], [ -90.409363, 38.267381 ], [ -90.409838, 38.268045 ], [ -90.409901, 38.268253 ], [ -90.410003, 38.268752 ], [ -90.409641, 38.27076 ], [ -90.409502, 38.271547 ], [ -90.409477, 38.271805 ], [ -90.409444, 38.272353 ], [ -90.409461, 38.272544 ], [ -90.409468, 38.27366 ], [ -90.409499, 38.273967 ], [ -90.40955, 38.274491 ], [ -90.409328, 38.274956 ], [ -90.409123, 38.275289 ], [ -90.408939, 38.275613 ], [ -90.4079, 38.278102 ], [ -90.407802, 38.278601 ], [ -90.407672, 38.278964 ], [ -90.407144, 38.28056 ], [ -90.406947, 38.281438 ], [ -90.406798, 38.282027 ], [ -90.406711, 38.282527 ], [ -90.40614, 38.28273 ], [ -90.405816, 38.28287 ], [ -90.40591, 38.284897 ], [ -90.405943, 38.285029 ], [ -90.406063, 38.285761 ], [ -90.406112, 38.286185 ], [ -90.406102, 38.286405 ], [ -90.406061, 38.286634 ], [ -90.4063, 38.286825 ], [ -90.406686, 38.286992 ], [ -90.406511, 38.28713 ], [ -90.406159, 38.287415 ], [ -90.405955, 38.28767 ], [ -90.405568, 38.288135 ], [ -90.405203, 38.288517 ], [ -90.405011, 38.288957 ], [ -90.404776, 38.289599 ], [ -90.404403, 38.290551 ], [ -90.404744, 38.291092 ], [ -90.404333, 38.292328 ], [ -90.40394, 38.294225 ], [ -90.403956, 38.295111 ], [ -90.403866, 38.297085 ], [ -90.403823, 38.297202 ], [ -90.403844, 38.297346 ], [ -90.403898, 38.297514 ], [ -90.403889, 38.298364 ], [ -90.403917, 38.298915 ], [ -90.403335, 38.302654 ], [ -90.403374, 38.302759 ], [ -90.403383, 38.302918 ], [ -90.403316, 38.303047 ], [ -90.403207, 38.303287 ], [ -90.402916, 38.303699 ], [ -90.402661, 38.304021 ], [ -90.40237, 38.304409 ], [ -90.402241, 38.304643 ], [ -90.402053, 38.305151 ], [ -90.401883, 38.305475 ], [ -90.401903, 38.305732 ], [ -90.401901, 38.30597 ], [ -90.401861, 38.306176 ], [ -90.401734, 38.306713 ], [ -90.40207, 38.306785 ], [ -90.403386, 38.307171 ], [ -90.403795, 38.307291 ], [ -90.403749, 38.307474 ], [ -90.403672, 38.307951 ], [ -90.403722, 38.308569 ], [ -90.403704, 38.309081 ], [ -90.403704, 38.309318 ], [ -90.403654, 38.309428 ], [ -90.4036, 38.309527 ], [ -90.403446, 38.309726 ], [ -90.403386, 38.309837 ], [ -90.40332, 38.309969 ], [ -90.403125, 38.310778 ], [ -90.403097, 38.310901 ], [ -90.403044, 38.311264 ], [ -90.403006, 38.311743 ], [ -90.402595, 38.313345 ], [ -90.402549, 38.313541 ], [ -90.402505, 38.313867 ], [ -90.402388, 38.31439 ], [ -90.402372, 38.314746 ], [ -90.401823, 38.317274 ], [ -90.401627, 38.318092 ], [ -90.401516, 38.318425 ], [ -90.401435, 38.319099 ], [ -90.401091, 38.320302 ], [ -90.401001, 38.321698 ], [ -90.400893, 38.323633 ], [ -90.400929, 38.324101 ], [ -90.401087, 38.325839 ], [ -90.401042, 38.326201 ], [ -90.400871, 38.327041 ], [ -90.400871, 38.327602 ], [ -90.400775, 38.328232 ], [ -90.400476, 38.330838 ], [ -90.400316, 38.332306 ], [ -90.400245, 38.333157 ], [ -90.400159, 38.333383 ], [ -90.400169, 38.333734 ], [ -90.400084, 38.333901 ], [ -90.399926, 38.335564 ], [ -90.399792, 38.336619 ], [ -90.399746, 38.336896 ], [ -90.399627, 38.337512 ], [ -90.399575, 38.337782 ], [ -90.399472, 38.338885 ], [ -90.399422, 38.339555 ], [ -90.399403, 38.340045 ], [ -90.3994, 38.34023 ], [ -90.399413, 38.340706 ], [ -90.399323, 38.341013 ], [ -90.399251, 38.341626 ], [ -90.399206, 38.342669 ], [ -90.39908, 38.343774 ], [ -90.399082, 38.344055 ], [ -90.398932, 38.344243 ], [ -90.398793, 38.344452 ], [ -90.39857, 38.344895 ], [ -90.398351, 38.345338 ], [ -90.398045, 38.346114 ], [ -90.397983, 38.346283 ], [ -90.397553, 38.347109 ], [ -90.397532, 38.34715 ], [ -90.397521, 38.34719 ], [ -90.397496, 38.347871 ], [ -90.397454, 38.348088 ], [ -90.397415, 38.348173 ], [ -90.39722, 38.348486 ], [ -90.396852, 38.348893 ], [ -90.396544, 38.349127 ], [ -90.396364, 38.349249 ], [ -90.396346, 38.349311 ], [ -90.39635, 38.349404 ], [ -90.396368, 38.34948 ], [ -90.396528, 38.349857 ], [ -90.396548, 38.349935 ], [ -90.396545, 38.350029 ], [ -90.396526, 38.352007 ], [ -90.396418, 38.352477 ], [ -90.396283, 38.353175 ], [ -90.39537, 38.354146 ], [ -90.395357, 38.354543 ], [ -90.395347, 38.354827 ], [ -90.395346, 38.354891 ], [ -90.395332, 38.356208 ], [ -90.395333, 38.356494 ], [ -90.395301, 38.356837 ], [ -90.395174, 38.357164 ], [ -90.395004, 38.357416 ], [ -90.394584, 38.357794 ], [ -90.393877, 38.358379 ], [ -90.393536, 38.358808 ], [ -90.393381, 38.359215 ], [ -90.393167, 38.35958 ], [ -90.392843, 38.360435 ], [ -90.392627, 38.361009 ], [ -90.392444, 38.361353 ], [ -90.39232, 38.361658 ], [ -90.392263, 38.361992 ], [ -90.3908, 38.364079 ], [ -90.389698, 38.365646 ], [ -90.389509, 38.365902 ], [ -90.38932, 38.366109 ], [ -90.389125, 38.36632 ], [ -90.388755, 38.36693 ], [ -90.388499, 38.367497 ], [ -90.387577, 38.370525 ], [ -90.387297, 38.371497 ], [ -90.386962, 38.372083 ], [ -90.386784, 38.3724 ], [ -90.386598, 38.372737 ], [ -90.386519, 38.372908 ], [ -90.386367, 38.373157 ], [ -90.386112, 38.373536 ], [ -90.386019, 38.373743 ], [ -90.385827, 38.374123 ], [ -90.383427, 38.377768 ], [ -90.383328, 38.377952 ], [ -90.383261, 38.37818 ], [ -90.383249, 38.378814 ], [ -90.383235, 38.379523 ], [ -90.383213, 38.380322 ], [ -90.38317, 38.380569 ], [ -90.383143, 38.38062 ], [ -90.383101, 38.380663 ], [ -90.38305, 38.380701 ], [ -90.38299, 38.380729 ], [ -90.381457, 38.380923 ], [ -90.381314, 38.381024 ], [ -90.380378, 38.383353 ], [ -90.379782, 38.383949 ], [ -90.379397, 38.384315 ], [ -90.378239, 38.385785 ], [ -90.377906, 38.386291 ], [ -90.377699, 38.38663 ], [ -90.377224, 38.387452 ], [ -90.37686, 38.388044 ], [ -90.37623, 38.389062 ], [ -90.376012, 38.389446 ], [ -90.375836, 38.389693 ], [ -90.375544, 38.390003 ], [ -90.375344, 38.390213 ], [ -90.373945, 38.391182 ], [ -90.373793, 38.391226 ], [ -90.374372, 38.391241 ], [ -90.373069, 38.391744 ], [ -90.372868, 38.391902 ], [ -90.372506, 38.392217 ], [ -90.372317, 38.3924 ], [ -90.372271, 38.392468 ], [ -90.372242, 38.39254 ], [ -90.372223, 38.392622 ], [ -90.372169, 38.392804 ], [ -90.372095, 38.393022 ], [ -90.371966, 38.393347 ], [ -90.371812, 38.393715 ], [ -90.37175, 38.393861 ], [ -90.371554, 38.394217 ], [ -90.371387, 38.394562 ], [ -90.371221, 38.394873 ], [ -90.371058, 38.395203 ], [ -90.37083, 38.395613 ], [ -90.370354, 38.396573 ], [ -90.369729, 38.397663 ], [ -90.368961, 38.399056 ], [ -90.368367, 38.400174 ], [ -90.367889, 38.401059 ], [ -90.367819, 38.401371 ], [ -90.365748, 38.403819 ], [ -90.36331, 38.406653 ], [ -90.363271, 38.406745 ], [ -90.363168, 38.407174 ], [ -90.363123, 38.407276 ], [ -90.362916, 38.408157 ], [ -90.362412, 38.410384 ], [ -90.361935, 38.412386 ], [ -90.36192, 38.412552 ], [ -90.361811, 38.412933 ], [ -90.361666, 38.413377 ], [ -90.362267, 38.416418 ], [ -90.361966, 38.417276 ], [ -90.361909, 38.417811 ], [ -90.361828, 38.418175 ], [ -90.36172, 38.418442 ], [ -90.361508, 38.418919 ], [ -90.361355, 38.419238 ], [ -90.361316, 38.41938 ], [ -90.361307, 38.419602 ], [ -90.361328, 38.42063 ], [ -90.361456, 38.421469 ], [ -90.361405, 38.42168 ], [ -90.360941, 38.422464 ], [ -90.36091, 38.422531 ], [ -90.360432, 38.423874 ], [ -90.359661, 38.426423 ], [ -90.359582, 38.426538 ], [ -90.359316, 38.427417 ], [ -90.35904, 38.428329 ], [ -90.358716, 38.429427 ], [ -90.358425, 38.430302 ], [ -90.358273, 38.430822 ], [ -90.357526, 38.433169 ], [ -90.35753, 38.433279 ], [ -90.357109, 38.434597 ], [ -90.356804, 38.435661 ], [ -90.356549, 38.436262 ], [ -90.355552, 38.438099 ], [ -90.355454, 38.438318 ], [ -90.355338, 38.43866 ], [ -90.355213, 38.439083 ], [ -90.354514, 38.441597 ], [ -90.354318, 38.44228 ], [ -90.35426, 38.442476 ], [ -90.354209, 38.44257 ], [ -90.354158, 38.442743 ], [ -90.354162, 38.442864 ], [ -90.353959, 38.443521 ], [ -90.353812, 38.443802 ], [ -90.353665, 38.444162 ], [ -90.351635, 38.448575 ], [ -90.351609, 38.448686 ], [ -90.351087, 38.449831 ], [ -90.351011, 38.449931 ], [ -90.35076, 38.450503 ], [ -90.350168, 38.451821 ], [ -90.349755, 38.452721 ], [ -90.349086, 38.453919 ], [ -90.349075, 38.453983 ], [ -90.349032, 38.454102 ] ], [ [ -90.345944, 38.46048 ], [ -90.345964, 38.460449 ], [ -90.34489, 38.462318 ], [ -90.344393, 38.463361 ], [ -90.343781, 38.464413 ], [ -90.341287, 38.468783 ], [ -90.341236, 38.468864 ], [ -90.341013, 38.469061 ], [ -90.340961, 38.46912 ], [ -90.340367, 38.470194 ], [ -90.34033, 38.470458 ], [ -90.337848, 38.474794 ], [ -90.337574, 38.47509 ], [ -90.337514, 38.475161 ], [ -90.337165, 38.475803 ], [ -90.337059, 38.475986 ], [ -90.336488, 38.477108 ], [ -90.335722, 38.478659 ], [ -90.33557, 38.478849 ], [ -90.334832, 38.479416 ], [ -90.334673, 38.479541 ], [ -90.334584, 38.479634 ], [ -90.334481, 38.479749 ], [ -90.334248, 38.481219 ] ] ] } },
{ "type": "Feature", "properties": { "TYPEPIPE": "Interstate", "Operator": "Mississippi River Trans Corp", "Status": "Operating", "Shape_Leng": 0.0012215482, "STATEFP": "29", "STATENS": "01779791", "AFFGEOID": "0400000US29", "GEOID": "29", "STUSPS": "MO", "NAME": "Missouri", "LSAD": "00", "ALAND": 178050802184, "AWATER": 2489425460 }, "geometry": { "type": "MultiLineString", "coordinates": [ [ [ -90.409474, 38.261626 ], [ -90.409918, 38.262764 ] ] ] } },
{ "type": "Feature", "properties": { "TYPEPIPE": "Interstate", "Operator": "Mississippi River Trans Corp", "Status": "Operating", "Shape_Leng": 0.00132924891, "STATEFP": "29", "STATENS": "01779791", "AFFGEOID": "0400000US29", "GEOID": "29", "STUSPS": "MO", "NAME": "Missouri", "LSAD": "00", "ALAND": 178050802184, "AWATER": 2489425460 }, "geometry": { "type": "MultiLineString", "coordinates": [ [ [ -90.409472, 38.261622 ], [ -90.409424, 38.261641 ], [ -90.40987, 38.262783 ], [ -90.409918, 38.262764 ] ] ] } },
{ "type": "Feature", "properties": { "TYPEPIPE": "Interstate", "Operator": "Mississippi River Trans Corp", "Status": "Operating", "Shape_Leng": 0.00707571601, "STATEFP": "29", "STATENS": "01779791", "AFFGEOID": "0400000US29", "GEOID": "29", "STUSPS": "MO", "NAME": "Missouri", "LSAD": "00", "ALAND": 178050802184, "AWATER": 2489425460 }, "geometry": { "type": "MultiLineString", "coordinates": [ [ [ -90.349032, 38.454102 ], [ -90.349021, 38.454131 ], [ -90.348975, 38.454264 ], [ -90.348974, 38.454266 ], [ -90.348972, 38.454271 ], [ -90.34896, 38.454306 ], [ -90.348947, 38.454343 ], [ -90.348946, 38.454346 ], [ -90.348756, 38.454779 ], [ -90.348549, 38.45538 ], [ -90.348142, 38.456411 ], [ -90.346962, 38.458749 ], [ -90.346473, 38.459651 ], [ -90.346357, 38.459859 ], [ -90.346187, 38.460178 ], [ -90.34605, 38.4603 ], [ -90.345964, 38.460449 ] ] ] } },
{ "type": "Feature", "properties": { "TYPEPIPE": "Interstate", "Operator": "Mississippi River Trans Corp", "Status": "Operating", "Shape_Leng": 0.00714865271, "STATEFP": "29", "STATENS": "01779791", "AFFGEOID": "0400000US29", "GEOID": "29", "STUSPS": "MO", "NAME": "Missouri", "LSAD": "00", "ALAND": 178050802184, "AWATER": 2489425460 }, "geometry": { "type": "MultiLineString", "coordinates": [ [ [ -90.349032, 38.454102 ], [ -90.349066, 38.454109 ], [ -90.348977, 38.454362 ], [ -90.348787, 38.454791 ], [ -90.348581, 38.45539 ], [ -90.348172, 38.456424 ], [ -90.346993, 38.45876 ], [ -90.346504, 38.459664 ], [ -90.346389, 38.459871 ], [ -90.346217, 38.460193 ], [ -90.34608, 38.460315 ], [ -90.345996, 38.46046 ], [ -90.345964, 38.460449 ] ] ] } },
{ "type": "Feature", "properties": { "TYPEPIPE": "Interstate", "Operator": "Mississippi River Trans Corp", "Status": "Operating", "Shape_Leng": 0.10862751322, "STATEFP": "29", "STATENS": "01779791", "AFFGEOID": "0400000US29", "GEOID": "29", "STUSPS": "MO", "NAME": "Missouri", "LSAD": "00", "ALAND": 178050802184, "AWATER": 2489425460 }, "geometry": { "type": "MultiLineString", "coordinates": [ [ [ -90.298762, 37.484125 ], [ -90.29578, 37.484328 ], [ -90.295466, 37.485693 ], [ -90.295537, 37.486136 ], [ -90.295976, 37.488275 ], [ -90.296054, 37.490705 ], [ -90.295831, 37.491792 ], [ -90.295753, 37.492268 ], [ -90.295697, 37.492761 ], [ -90.295631, 37.493107 ], [ -90.295605, 37.493407 ], [ -90.295513, 37.493945 ], [ -90.295193, 37.495739 ], [ -90.295148, 37.495966 ], [ -90.295079, 37.496955 ], [ -90.295209, 37.49779 ], [ -90.295591, 37.500356 ], [ -90.295943, 37.503008 ], [ -90.295945, 37.50339 ], [ -90.295991, 37.504237 ], [ -90.295955, 37.504914 ], [ -90.296032, 37.505733 ], [ -90.298431, 37.509324 ], [ -90.29906, 37.510819 ], [ -90.29973, 37.512655 ], [ -90.300057, 37.513296 ], [ -90.300899, 37.515646 ], [ -90.301414, 37.517 ], [ -90.301708, 37.519416 ], [ -90.30186, 37.52042 ], [ -90.302126, 37.522622 ], [ -90.302415, 37.525065 ], [ -90.302726, 37.52742 ], [ -90.302902, 37.529084 ], [ -90.303102, 37.5303 ], [ -90.303156, 37.530923 ], [ -90.303607, 37.535069 ], [ -90.303698, 37.535371 ], [ -90.303774, 37.535757 ], [ -90.303839, 37.536246 ], [ -90.303766, 37.536561 ], [ -90.303783, 37.537814 ], [ -90.303811, 37.538424 ], [ -90.303959, 37.541685 ], [ -90.3042, 37.547644 ], [ -90.304398, 37.551314 ], [ -90.304483, 37.553221 ], [ -90.304505, 37.55401 ], [ -90.304689, 37.55427 ], [ -90.304836, 37.554666 ], [ -90.305063, 37.555239 ], [ -90.305321, 37.555996 ], [ -90.305448, 37.556347 ], [ -90.305776, 37.557173 ], [ -90.305904, 37.557466 ], [ -90.305993, 37.557733 ], [ -90.306091, 37.558085 ], [ -90.306086, 37.558347 ], [ -90.306071, 37.558703 ], [ -90.306105, 37.559268 ], [ -90.306096, 37.559534 ], [ -90.306093, 37.559967 ], [ -90.306105, 37.560989 ], [ -90.30603, 37.561521 ], [ -90.305815, 37.562198 ], [ -90.304299, 37.566838 ], [ -90.304231, 37.567219 ], [ -90.30413, 37.567916 ], [ -90.304074, 37.568403 ], [ -90.303944, 37.568763 ], [ -90.303397, 37.57006 ], [ -90.302604, 37.571988 ], [ -90.302072, 37.574075 ], [ -90.302405, 37.57506 ], [ -90.302441, 37.57562 ], [ -90.302479, 37.576355 ], [ -90.302478, 37.577324 ], [ -90.302507, 37.57804 ], [ -90.302424, 37.578355 ], [ -90.300907, 37.582646 ], [ -90.300858, 37.582942 ], [ -90.300847, 37.583169 ], [ -90.301208, 37.585355 ], [ -90.301283, 37.585644 ], [ -90.301431, 37.586632 ], [ -90.301702, 37.586617 ] ] ] } },
{ "type": "Feature", "properties": { "TYPEPIPE": "Interstate", "Operator": "Mississippi River Trans Corp", "Status": "Operating", "Shape_Leng": 0.32627964304000001, "STATEFP": "29", "STATENS": "01779791", "AFFGEOID": "0400000US29", "GEOID": "29", "STUSPS": "MO", "NAME": "Missouri", "LSAD": "00", "ALAND": 178050802184, "AWATER": 2489425460 }, "geometry": { "type": "MultiLineString", "coordinates": [ [ [ -90.599033836610076, 36.498416550204716 ], [ -90.598987, 36.498457 ], [ -90.596729, 36.500402 ], [ -90.594106, 36.502662 ], [ -90.594092, 36.502674 ], [ -90.593926, 36.502817 ], [ -90.593787, 36.502941 ], [ -90.59359, 36.503105 ], [ -90.593523, 36.503169 ], [ -90.59345, 36.503232 ], [ -90.593001, 36.503651 ], [ -90.592925, 36.503777 ], [ -90.592401, 36.504372 ], [ -90.590335, 36.506953 ], [ -90.590146, 36.507185 ], [ -90.589087, 36.508438 ], [ -90.589053, 36.508478 ], [ -90.588868, 36.508697 ], [ -90.587271, 36.510798 ], [ -90.586965, 36.511201 ], [ -90.586561, 36.511772 ], [ -90.585824, 36.512918 ], [ -90.585727, 36.51307 ], [ -90.585111, 36.514029 ], [ -90.584884, 36.514382 ], [ -90.584312, 36.515272 ], [ -90.58381, 36.516053 ], [ -90.582601, 36.517935 ], [ -90.582133, 36.518663 ], [ -90.581898, 36.519025 ], [ -90.580556, 36.521093 ], [ -90.580175, 36.521688 ], [ -90.579426, 36.522859 ], [ -90.578502, 36.525099 ], [ -90.577816, 36.526762 ], [ -90.577512, 36.527499 ], [ -90.5775, 36.52753 ], [ -90.576988, 36.528772 ], [ -90.57602, 36.531117 ], [ -90.575585, 36.532443 ], [ -90.575478, 36.532768 ], [ -90.575278, 36.533377 ], [ -90.574764, 36.534772 ], [ -90.574448, 36.53552 ], [ -90.574258, 36.535884 ], [ -90.573417, 36.537308 ], [ -90.572678, 36.538705 ], [ -90.571604, 36.540961 ], [ -90.571523, 36.541132 ], [ -90.571307, 36.541586 ], [ -90.570909, 36.542422 ], [ -90.570539, 36.5432 ], [ -90.570399, 36.543481 ], [ -90.570391, 36.543496 ], [ -90.568556, 36.547171 ], [ -90.568261, 36.547761 ], [ -90.566375, 36.551527 ], [ -90.56634, 36.551597 ], [ -90.565345, 36.553584 ], [ -90.565276, 36.553721 ], [ -90.563111, 36.557964 ], [ -90.561903, 36.559478 ], [ -90.560196, 36.561467 ], [ -90.560152, 36.561518 ], [ -90.560108, 36.56157 ], [ -90.559858, 36.561853 ], [ -90.557042, 36.565141 ], [ -90.556167, 36.56616 ], [ -90.555993, 36.566478 ], [ -90.555902, 36.566646 ], [ -90.555666, 36.567443 ], [ -90.555467, 36.568255 ], [ -90.554011, 36.573582 ], [ -90.553521, 36.575236 ], [ -90.552762, 36.578056 ], [ -90.552166, 36.580058 ], [ -90.552111, 36.580217 ], [ -90.551803, 36.58099 ], [ -90.551297, 36.582261 ], [ -90.550848, 36.583788 ], [ -90.550516, 36.584916 ], [ -90.550343, 36.585503 ], [ -90.550342, 36.585506 ], [ -90.550537, 36.585825 ], [ -90.549702, 36.588773 ], [ -90.549016, 36.591572 ], [ -90.548994, 36.591645 ], [ -90.548769, 36.592471 ], [ -90.548089, 36.595825 ], [ -90.547454, 36.600075 ], [ -90.547411, 36.601026 ], [ -90.547305, 36.602584 ], [ -90.547157, 36.604277 ], [ -90.54703, 36.604641 ], [ -90.546971, 36.604811 ], [ -90.546802, 36.605713 ], [ -90.54624, 36.608041 ], [ -90.544858, 36.613975 ], [ -90.542642, 36.622724 ], [ -90.541508, 36.627254 ], [ -90.540349, 36.633091 ], [ -90.540354, 36.633703 ], [ -90.540356, 36.63392 ], [ -90.540358, 36.634147 ], [ -90.540362, 36.634639 ], [ -90.540308, 36.634847 ], [ -90.540287, 36.634927 ], [ -90.540152, 36.635439 ], [ -90.539087, 36.637764 ], [ -90.539056, 36.637831 ], [ -90.538352, 36.639366 ], [ -90.536478, 36.644667 ], [ -90.536053, 36.645867 ], [ -90.53602, 36.645966 ], [ -90.534907, 36.64821 ], [ -90.534631, 36.648801 ], [ -90.534518, 36.649042 ], [ -90.534422, 36.649235 ], [ -90.534223, 36.649633 ], [ -90.534188, 36.649702 ], [ -90.534026, 36.650026 ], [ -90.533922, 36.650228 ], [ -90.533911, 36.650257 ], [ -90.533806, 36.650468 ], [ -90.533671, 36.650738 ], [ -90.53318, 36.651884 ], [ -90.530376, 36.658242 ], [ -90.529661, 36.659776 ], [ -90.529568, 36.659976 ], [ -90.529121, 36.662239 ], [ -90.52902, 36.662984 ], [ -90.528414, 36.663973 ], [ -90.528084, 36.664478 ], [ -90.527127, 36.66596 ], [ -90.527121, 36.66597 ], [ -90.526044, 36.667637 ], [ -90.526003, 36.667654 ], [ -90.525755, 36.667754 ], [ -90.525517, 36.66785 ], [ -90.523371, 36.67132 ], [ -90.523332, 36.671383 ], [ -90.523324, 36.671396 ], [ -90.523192, 36.671609 ], [ -90.522661, 36.672618 ], [ -90.522502, 36.673187 ], [ -90.522379, 36.673501 ], [ -90.522137, 36.674116 ], [ -90.522004, 36.67456 ], [ -90.521409, 36.675921 ], [ -90.520052, 36.679029 ], [ -90.518863, 36.681754 ], [ -90.518849, 36.681786 ], [ -90.518807, 36.681883 ], [ -90.51856, 36.682448 ], [ -90.516825, 36.684704 ], [ -90.516234, 36.685617 ], [ -90.515844, 36.68649 ], [ -90.514287, 36.689978 ], [ -90.513574, 36.691576 ], [ -90.512685, 36.693566 ], [ -90.512649, 36.693646 ], [ -90.512257, 36.694524 ], [ -90.511146, 36.697014 ], [ -90.511094, 36.697129 ], [ -90.510507, 36.698444 ], [ -90.510386, 36.698715 ], [ -90.510246, 36.69903 ], [ -90.509439, 36.700837 ], [ -90.509337, 36.701065 ], [ -90.508153, 36.703792 ], [ -90.50754, 36.705202 ], [ -90.507482, 36.705336 ], [ -90.507427, 36.705462 ], [ -90.50633, 36.707856 ], [ -90.50621, 36.70807 ], [ -90.505881, 36.708656 ], [ -90.504493, 36.711128 ], [ -90.503259, 36.712753 ], [ -90.501484, 36.714305 ], [ -90.501357, 36.714416 ], [ -90.501341, 36.71443 ], [ -90.49984, 36.715739 ], [ -90.499653, 36.715905 ], [ -90.498617, 36.716824 ], [ -90.496345, 36.718728 ], [ -90.495899, 36.719158 ], [ -90.495897, 36.719159 ], [ -90.495895, 36.71916 ], [ -90.49481, 36.720108 ], [ -90.492493, 36.722203 ], [ -90.49245, 36.722243 ], [ -90.491935, 36.722708 ], [ -90.488831, 36.725515 ], [ -90.487961, 36.726302 ], [ -90.487867, 36.726387 ], [ -90.487688, 36.726549 ], [ -90.487596, 36.726632 ], [ -90.487462, 36.726879 ], [ -90.487279, 36.727219 ], [ -90.487196, 36.727291 ], [ -90.48579, 36.728515 ], [ -90.48547, 36.728839 ], [ -90.485321, 36.729046 ], [ -90.48513, 36.729286 ], [ -90.484895, 36.729394 ], [ -90.484865, 36.72944 ], [ -90.484753, 36.729615 ], [ -90.484688, 36.729716 ], [ -90.484621, 36.729819 ], [ -90.484516, 36.729984 ], [ -90.484349, 36.730244 ], [ -90.48411, 36.730531 ], [ -90.484065, 36.730586 ], [ -90.48363, 36.731608 ], [ -90.483222, 36.732464 ], [ -90.483148, 36.732618 ], [ -90.483084, 36.732753 ], [ -90.483071, 36.732786 ], [ -90.483037, 36.732874 ], [ -90.482654, 36.733859 ], [ -90.482634, 36.73391 ], [ -90.482609, 36.733975 ], [ -90.482265, 36.73486 ], [ -90.482189, 36.7351 ], [ -90.48207, 36.735399 ], [ -90.481956, 36.735683 ], [ -90.48183, 36.735886 ], [ -90.48173, 36.736135 ], [ -90.481593, 36.736475 ], [ -90.481504, 36.736711 ], [ -90.481483, 36.736766 ], [ -90.481466, 36.736812 ], [ -90.481089, 36.737809 ], [ -90.480771, 36.738602 ], [ -90.480602, 36.739061 ], [ -90.480149, 36.740273 ], [ -90.48009, 36.74043 ], [ -90.480089, 36.740433 ], [ -90.478868, 36.743734 ], [ -90.478664, 36.744237 ], [ -90.478594, 36.744409 ], [ -90.478381, 36.744932 ], [ -90.477827, 36.746446 ], [ -90.477437, 36.74743 ], [ -90.477436, 36.747433 ], [ -90.477034, 36.74856 ], [ -90.476752, 36.749251 ], [ -90.476504, 36.749859 ], [ -90.476443, 36.750022 ], [ -90.476453, 36.750223 ], [ -90.476463, 36.750429 ], [ -90.47643, 36.750535 ], [ -90.476248, 36.751107 ], [ -90.476114, 36.751528 ], [ -90.475589, 36.753177 ], [ -90.475515, 36.754087 ], [ -90.47551, 36.754148 ], [ -90.475509, 36.754156 ], [ -90.47549, 36.754263 ], [ -90.475471, 36.754371 ], [ -90.475373, 36.754926 ], [ -90.475325, 36.7552 ], [ -90.474617, 36.757075 ], [ -90.474539, 36.757282 ], [ -90.474101, 36.758181 ], [ -90.473356, 36.759713 ], [ -90.473154, 36.760127 ], [ -90.472891, 36.760688 ], [ -90.472324, 36.762867 ], [ -90.472009, 36.763575 ], [ -90.471995, 36.763607 ], [ -90.471581, 36.764568 ], [ -90.469954, 36.768672 ], [ -90.469399, 36.769849 ], [ -90.468967, 36.770831 ], [ -90.468916, 36.770918 ], [ -90.46889, 36.770998 ], [ -90.468825, 36.77117 ], [ -90.468807, 36.771223 ], [ -90.468767, 36.771338 ], [ -90.468727, 36.771454 ], [ -90.468698, 36.771539 ], [ -90.468668, 36.771611 ], [ -90.468638, 36.771682 ], [ -90.468606, 36.771914 ], [ -90.468455, 36.773454 ], [ -90.468699, 36.776264 ], [ -90.4687, 36.776375 ], [ -90.468702, 36.776503 ], [ -90.468703, 36.776606 ], [ -90.468704, 36.776677 ], [ -90.468706, 36.776825 ], [ -90.46872, 36.77795 ], [ -90.468697, 36.778179 ], [ -90.46857, 36.779456 ], [ -90.468566, 36.779505 ], [ -90.468388, 36.781293 ], [ -90.468386, 36.781311 ], [ -90.468362, 36.781502 ], [ -90.468353, 36.781576 ], [ -90.468344, 36.78165 ], [ -90.468324, 36.781816 ], [ -90.46809, 36.783712 ], [ -90.468175, 36.785289 ], [ -90.468171, 36.785312 ], [ -90.467934, 36.786702 ], [ -90.4679, 36.786905 ], [ -90.467898, 36.786917 ], [ -90.467817, 36.78739 ], [ -90.467874, 36.788739 ], [ -90.467879, 36.788865 ] ] ] } },
{ "type": "Feature", "properties": { "TYPEPIPE": "Interstate", "Operator": "Mississippi River Trans Corp", "Status": "Operating", "Shape_Leng": 0.66096431741999995, "STATEFP": "29", "STATENS": "01779791", "AFFGEOID": "0400000US29", "GEOID": "29", "STUSPS": "MO", "NAME": "Missouri", "LSAD": "00", "ALAND": 178050802184, "AWATER": 2489425460 }, "geometry": { "type": "MultiLineString", "coordinates": [ [ [ -90.41812, 37.047923 ], [ -90.417897, 37.048205 ], [ -90.416616, 37.050072 ], [ -90.416496, 37.050217 ], [ -90.416416, 37.050398 ], [ -90.416592, 37.050559 ], [ -90.416771, 37.050722 ], [ -90.416617, 37.051372 ], [ -90.4163, 37.051898 ], [ -90.415993, 37.052407 ], [ -90.415692, 37.052736 ], [ -90.41539, 37.053065 ], [ -90.411971, 37.056158 ], [ -90.411455, 37.056822 ], [ -90.410649, 37.058173 ], [ -90.410275, 37.058829 ], [ -90.409694, 37.060214 ], [ -90.409692, 37.06022 ], [ -90.409367, 37.061132 ], [ -90.408855, 37.062572 ], [ -90.408789, 37.062757 ], [ -90.4083, 37.064131 ], [ -90.408282, 37.064204 ], [ -90.408212, 37.064498 ], [ -90.408033, 37.065244 ], [ -90.407344, 37.068467 ], [ -90.407144, 37.068566 ], [ -90.40695, 37.068663 ], [ -90.406845, 37.069083 ], [ -90.406727, 37.069553 ], [ -90.406722, 37.069574 ], [ -90.406634, 37.069923 ], [ -90.406327, 37.071149 ], [ -90.406391, 37.074594 ], [ -90.406531, 37.07966 ], [ -90.406524, 37.079864 ], [ -90.40643, 37.082423 ], [ -90.406387, 37.085574 ], [ -90.406387, 37.085638 ], [ -90.406335, 37.089484 ], [ -90.406328, 37.089982 ], [ -90.406614, 37.091887 ], [ -90.406828, 37.093318 ], [ -90.406855, 37.093499 ], [ -90.407194, 37.095756 ], [ -90.407325, 37.096757 ], [ -90.407434, 37.097399 ], [ -90.407643, 37.097529 ], [ -90.407838, 37.09765 ], [ -90.407798, 37.098493 ], [ -90.407796, 37.099517 ], [ -90.408098, 37.101135 ], [ -90.407774, 37.101386 ], [ -90.407826, 37.101667 ], [ -90.408213, 37.103765 ], [ -90.408203, 37.104023 ], [ -90.408032, 37.108612 ], [ -90.408022, 37.108869 ], [ -90.407968, 37.110335 ], [ -90.407962, 37.110485 ], [ -90.407874, 37.111958 ], [ -90.407872, 37.111997 ], [ -90.407865, 37.11216 ], [ -90.407816, 37.113231 ], [ -90.407642, 37.114056 ], [ -90.407643, 37.114322 ], [ -90.407643, 37.114499 ], [ -90.407719, 37.114985 ], [ -90.407743, 37.115141 ], [ -90.407722, 37.115858 ], [ -90.407641, 37.11867 ], [ -90.407639, 37.11875 ], [ -90.407473, 37.124484 ], [ -90.407683, 37.125629 ], [ -90.407653, 37.126426 ], [ -90.407507, 37.130306 ], [ -90.407467, 37.13053 ], [ -90.407327, 37.131303 ], [ -90.406545, 37.132974 ], [ -90.406306, 37.133443 ], [ -90.406228, 37.133595 ], [ -90.406023, 37.133996 ], [ -90.405257, 37.135265 ], [ -90.40283, 37.139104 ], [ -90.401939, 37.140333 ], [ -90.401817, 37.140554 ], [ -90.401375, 37.141981 ], [ -90.4013, 37.143595 ], [ -90.401308, 37.144181 ], [ -90.401197, 37.144824 ], [ -90.40105, 37.145372 ], [ -90.400879, 37.145933 ], [ -90.400058, 37.14718 ], [ -90.4002, 37.147565 ], [ -90.399677, 37.148448 ], [ -90.399444, 37.148842 ], [ -90.399382, 37.148947 ], [ -90.399065, 37.149482 ], [ -90.39904, 37.149525 ], [ -90.399013, 37.14957 ], [ -90.398869, 37.149813 ], [ -90.398507, 37.150425 ], [ -90.398464, 37.150498 ], [ -90.398152, 37.150616 ], [ -90.397864, 37.150725 ], [ -90.397353, 37.151466 ], [ -90.396829, 37.152694 ], [ -90.396645, 37.153786 ], [ -90.396526, 37.154496 ], [ -90.396443, 37.154674 ], [ -90.396224, 37.154994 ], [ -90.395231, 37.156445 ], [ -90.394833, 37.156847 ], [ -90.39463, 37.157052 ], [ -90.394426, 37.157326 ], [ -90.393964, 37.158586 ], [ -90.393895, 37.158757 ], [ -90.393694, 37.158936 ], [ -90.390521, 37.160918 ], [ -90.39034, 37.161098 ], [ -90.390154, 37.161323 ], [ -90.390107, 37.161508 ], [ -90.389698, 37.164374 ], [ -90.389493, 37.165813 ], [ -90.389195, 37.167904 ], [ -90.3886, 37.172077 ], [ -90.388401, 37.173467 ], [ -90.387544, 37.179481 ], [ -90.387354, 37.180811 ], [ -90.386942, 37.183327 ], [ -90.386711, 37.184742 ], [ -90.386695, 37.184839 ], [ -90.386687, 37.18489 ], [ -90.386643, 37.185155 ], [ -90.386627, 37.185254 ], [ -90.38661, 37.185359 ], [ -90.386575, 37.185573 ], [ -90.386527, 37.185872 ], [ -90.386298, 37.187288 ], [ -90.386238, 37.187656 ], [ -90.386169, 37.188086 ], [ -90.385969, 37.189326 ], [ -90.385952, 37.189428 ], [ -90.385938, 37.189515 ], [ -90.385861, 37.189656 ], [ -90.385608, 37.190031 ], [ -90.385505, 37.190184 ], [ -90.385389, 37.190356 ], [ -90.385274, 37.190624 ], [ -90.383761, 37.194645 ], [ -90.383619, 37.195021 ], [ -90.38292, 37.196878 ], [ -90.382879, 37.196988 ], [ -90.38285, 37.197065 ], [ -90.380438, 37.204942 ], [ -90.380112, 37.205405 ], [ -90.377859, 37.208318 ], [ -90.377444, 37.208796 ], [ -90.376968, 37.209345 ], [ -90.375888, 37.210828 ], [ -90.375029, 37.212999 ], [ -90.3747, 37.215377 ], [ -90.374791, 37.216635 ], [ -90.374804, 37.216821 ], [ -90.374776, 37.217119 ], [ -90.374742, 37.217344 ], [ -90.374584, 37.218392 ], [ -90.372118, 37.224269 ], [ -90.372089, 37.22433 ], [ -90.371156, 37.228204 ], [ -90.371132, 37.228303 ], [ -90.37096, 37.240647 ], [ -90.370404, 37.243255 ], [ -90.36411, 37.254547 ], [ -90.362178, 37.259881 ], [ -90.359592, 37.264634 ], [ -90.358462, 37.26918 ], [ -90.358106, 37.27086 ], [ -90.35787, 37.271816 ], [ -90.357785, 37.272141 ], [ -90.357769, 37.272204 ], [ -90.357701, 37.272463 ], [ -90.357364, 37.27375 ], [ -90.356753, 37.276088 ], [ -90.355606, 37.28047 ], [ -90.35554, 37.280722 ], [ -90.35544, 37.281432 ], [ -90.355397, 37.28174 ], [ -90.354966, 37.283407 ], [ -90.354943, 37.283498 ], [ -90.354352, 37.285783 ], [ -90.354115, 37.286182 ], [ -90.352054, 37.289651 ], [ -90.351312, 37.292138 ], [ -90.351215, 37.292989 ], [ -90.351038, 37.297747 ], [ -90.350989, 37.299041 ], [ -90.350986, 37.299132 ], [ -90.350906, 37.301274 ], [ -90.350695, 37.302905 ], [ -90.350686, 37.302973 ], [ -90.350683, 37.302999 ], [ -90.350425, 37.304987 ], [ -90.349962, 37.306725 ], [ -90.34973, 37.307598 ], [ -90.348686, 37.310124 ], [ -90.348389, 37.310608 ], [ -90.34762, 37.31186 ], [ -90.346224, 37.314409 ], [ -90.346137, 37.314567 ], [ -90.346129, 37.314593 ], [ -90.34506, 37.318227 ], [ -90.344123, 37.321413 ], [ -90.343948, 37.321936 ], [ -90.342823, 37.325207 ], [ -90.341384, 37.329227 ], [ -90.340802, 37.330389 ], [ -90.340412, 37.331705 ], [ -90.338589, 37.344561 ], [ -90.336914, 37.351157 ], [ -90.336689, 37.351748 ], [ -90.33228, 37.356744 ], [ -90.331408, 37.357671 ], [ -90.330323, 37.358705 ], [ -90.330224, 37.3588 ], [ -90.330066, 37.359016 ], [ -90.330033, 37.35906 ], [ -90.329812, 37.359362 ], [ -90.325677, 37.363743 ], [ -90.324696, 37.364596 ], [ -90.324446, 37.364814 ], [ -90.323696, 37.365697 ], [ -90.3234, 37.36633 ], [ -90.322455, 37.368524 ], [ -90.321629, 37.37044 ], [ -90.32067, 37.372132 ], [ -90.320336, 37.373367 ], [ -90.320002, 37.374598 ], [ -90.312322, 37.405386 ], [ -90.311733, 37.408249 ], [ -90.311395, 37.409638 ], [ -90.311236, 37.410362 ], [ -90.31119, 37.410778 ], [ -90.311201, 37.410958 ], [ -90.31122, 37.411268 ], [ -90.311228, 37.411395 ], [ -90.311236, 37.411521 ], [ -90.311381, 37.412999 ], [ -90.311405, 37.41339 ], [ -90.311434, 37.41363 ], [ -90.311497, 37.413808 ], [ -90.311615, 37.41414 ], [ -90.311684, 37.414336 ], [ -90.311749, 37.414519 ], [ -90.312209, 37.415814 ], [ -90.312236, 37.415942 ], [ -90.31227, 37.416068 ], [ -90.312202, 37.416247 ], [ -90.310393, 37.419632 ], [ -90.310375, 37.419674 ] ], [ [ -90.451153, 36.883231 ], [ -90.451033, 36.883334 ], [ -90.451018, 36.883447 ], [ -90.451013, 36.883481 ], [ -90.450989, 36.883657 ], [ -90.450965, 36.883833 ], [ -90.450784, 36.885151 ], [ -90.450698, 36.885778 ], [ -90.450527, 36.887024 ], [ -90.450515, 36.887115 ], [ -90.450502, 36.887206 ], [ -90.450316, 36.888565 ], [ -90.450569, 36.890606 ], [ -90.450822, 36.893526 ], [ -90.450738, 36.895515 ], [ -90.450728, 36.897299 ], [ -90.450643, 36.901126 ], [ -90.450352, 36.902503 ], [ -90.450206, 36.903192 ], [ -90.449697, 36.905603 ], [ -90.4491, 36.908425 ], [ -90.44903, 36.909135 ], [ -90.448997, 36.909442 ], [ -90.449051, 36.90968 ], [ -90.449121, 36.910187 ], [ -90.449032, 36.910872 ], [ -90.449017, 36.910992 ], [ -90.448883, 36.91175 ], [ -90.448486, 36.913352 ], [ -90.448401, 36.913661 ], [ -90.447596, 36.916112 ], [ -90.447362, 36.917026 ], [ -90.44616, 36.922593 ], [ -90.445821, 36.924407 ], [ -90.445747, 36.925136 ], [ -90.445709, 36.925498 ], [ -90.445674, 36.925815 ], [ -90.445695, 36.926249 ], [ -90.445761, 36.926589 ], [ -90.445918, 36.927169 ], [ -90.446157, 36.931233 ], [ -90.446173, 36.932222 ], [ -90.445142, 36.936138 ], [ -90.44494, 36.936897 ], [ -90.444674, 36.937925 ], [ -90.444314, 36.938901 ], [ -90.444057, 36.939656 ], [ -90.44394, 36.939997 ], [ -90.443799, 36.940484 ], [ -90.442133, 36.945965 ], [ -90.442008, 36.946273 ], [ -90.442015, 36.946613 ], [ -90.441925, 36.947737 ], [ -90.441759, 36.948419 ], [ -90.441571, 36.949151 ], [ -90.441446, 36.949833 ], [ -90.441072, 36.950664 ], [ -90.440551, 36.951729 ], [ -90.440436, 36.952162 ], [ -90.440329, 36.952501 ], [ -90.43897, 36.958798 ], [ -90.438075, 36.962008 ], [ -90.4377, 36.963082 ], [ -90.437159, 36.964204 ], [ -90.436823, 36.964892 ], [ -90.436493, 36.965468 ], [ -90.436264, 36.966034 ], [ -90.436139, 36.966516 ], [ -90.436056, 36.967015 ], [ -90.435723, 36.96971 ], [ -90.433787, 36.973037 ], [ -90.433684, 36.973439 ], [ -90.433492, 36.974716 ], [ -90.433483, 36.97474 ], [ -90.43324, 36.975399 ], [ -90.433048, 36.976279 ], [ -90.43288, 36.977045 ], [ -90.432876, 36.977244 ], [ -90.432876, 36.977249 ], [ -90.433038, 36.977363 ], [ -90.433242, 36.977505 ], [ -90.433236, 36.977716 ], [ -90.433206, 36.978881 ], [ -90.433145, 36.981219 ], [ -90.43311, 36.982547 ], [ -90.433088, 36.983371 ], [ -90.433006, 36.983859 ], [ -90.432872, 36.98465 ], [ -90.43289, 36.984809 ], [ -90.43292, 36.985071 ], [ -90.432969, 36.985506 ], [ -90.43325, 36.986921 ], [ -90.433979, 36.988793 ], [ -90.434019, 36.989039 ], [ -90.434079, 36.989825 ], [ -90.434075, 36.990211 ], [ -90.434065, 36.990548 ], [ -90.434005, 36.992604 ], [ -90.433892, 36.997447 ], [ -90.433866, 36.998145 ], [ -90.433857, 36.998505 ], [ -90.433848, 36.998839 ], [ -90.433844, 36.998876 ], [ -90.433756, 36.999792 ], [ -90.433741, 36.999781 ], [ -90.433514, 37.00085 ], [ -90.433462, 37.001352 ], [ -90.433466, 37.001776 ], [ -90.433754, 37.003014 ], [ -90.433757, 37.003433 ], [ -90.434137, 37.004177 ], [ -90.43451, 37.004795 ], [ -90.435362, 37.005997 ], [ -90.435902, 37.006714 ], [ -90.437408, 37.00842 ], [ -90.437584, 37.008824 ], [ -90.438384, 37.01073 ], [ -90.438634, 37.01134 ], [ -90.438793, 37.011728 ], [ -90.438921, 37.012182 ], [ -90.438987, 37.012524 ], [ -90.43903, 37.01275 ], [ -90.439053, 37.01417 ], [ -90.438949, 37.014969 ], [ -90.43897, 37.015484 ], [ -90.438845, 37.0158 ], [ -90.438466, 37.016481 ], [ -90.437313, 37.020362 ], [ -90.436791, 37.022086 ], [ -90.436489, 37.023084 ], [ -90.435999, 37.024701 ], [ -90.435797, 37.025369 ], [ -90.435783, 37.025414 ], [ -90.435575, 37.026015 ], [ -90.435054, 37.027524 ], [ -90.434887, 37.027982 ], [ -90.432247, 37.033398 ], [ -90.431308, 37.035113 ], [ -90.430926, 37.035774 ], [ -90.43049, 37.036409 ], [ -90.429966, 37.036529 ], [ -90.428997, 37.037659 ], [ -90.42876, 37.037937 ], [ -90.42846, 37.038199 ], [ -90.428168, 37.038425 ], [ -90.427723, 37.038796 ], [ -90.427384, 37.038942 ], [ -90.426877, 37.039103 ], [ -90.42644, 37.039216 ], [ -90.42557, 37.039396 ], [ -90.425197, 37.039557 ], [ -90.423188, 37.041149 ], [ -90.422973, 37.041319 ] ], [ [ -90.467868, 36.78888 ], [ -90.467873, 36.790451 ], [ -90.467875, 36.791285 ], [ -90.467915, 36.794208 ], [ -90.467938, 36.795905 ], [ -90.467962, 36.797638 ], [ -90.46797, 36.79856 ], [ -90.467874, 36.799429 ], [ -90.467872, 36.799468 ], [ -90.467793, 36.800832 ], [ -90.467596, 36.804223 ], [ -90.467572, 36.804625 ], [ -90.46754, 36.805182 ], [ -90.467536, 36.805261 ], [ -90.467534, 36.805287 ], [ -90.467546, 36.806368 ], [ -90.467575, 36.80656 ], [ -90.467805, 36.808062 ], [ -90.467866, 36.808465 ], [ -90.467872, 36.808502 ], [ -90.467917, 36.808621 ], [ -90.46791, 36.809089 ], [ -90.467905, 36.809397 ], [ -90.4679, 36.809749 ], [ -90.467851, 36.809875 ], [ -90.46785, 36.809888 ], [ -90.467805, 36.810538 ], [ -90.467804, 36.810551 ], [ -90.467764, 36.81135 ], [ -90.467675, 36.81313 ], [ -90.467416, 36.816726 ], [ -90.467503, 36.821572 ], [ -90.467517, 36.825355 ], [ -90.46752, 36.826203 ], [ -90.467526, 36.827797 ], [ -90.46753, 36.8288 ], [ -90.46754, 36.831653 ], [ -90.467548, 36.832557 ], [ -90.467562, 36.834 ], [ -90.467571, 36.835035 ], [ -90.467538, 36.835868 ], [ -90.467517, 36.836384 ], [ -90.46742, 36.838799 ], [ -90.467376, 36.839117 ], [ -90.467213, 36.840286 ], [ -90.466749, 36.843627 ], [ -90.466673, 36.844468 ], [ -90.466526, 36.846098 ], [ -90.466464, 36.846786 ], [ -90.465715, 36.850309 ], [ -90.465106, 36.853462 ], [ -90.464914, 36.854458 ], [ -90.464923, 36.858121 ], [ -90.464924, 36.858665 ], [ -90.464846, 36.863923 ], [ -90.464736, 36.865638 ], [ -90.464643, 36.867083 ], [ -90.464399, 36.867203 ], [ -90.464312, 36.867245 ], [ -90.464124, 36.867337 ], [ -90.463977, 36.867519 ], [ -90.463867, 36.86772 ], [ -90.46372, 36.867987 ], [ -90.463673, 36.868073 ], [ -90.463621, 36.868167 ], [ -90.463349, 36.868663 ], [ -90.463041, 36.869224 ], [ -90.461506, 36.872022 ], [ -90.461278, 36.87236 ], [ -90.460532, 36.873468 ], [ -90.460505, 36.873508 ], [ -90.459579, 36.874882 ], [ -90.459326, 36.875258 ], [ -90.459248, 36.875374 ], [ -90.457645, 36.877321 ], [ -90.457184, 36.877881 ], [ -90.45712, 36.877933 ], [ -90.457056, 36.877984 ] ] ] } },
{ "type": "Feature", "properties": { "TYPEPIPE": "Interstate", "Operator": "Mississippi River Trans Corp", "Status": "Operating", "Shape_Leng": 0.00804416035, "STATEFP": "29", "STATENS": "01779791", "AFFGEOID": "0400000US29", "GEOID": "29", "STUSPS": "MO", "NAME": "Missouri", "LSAD": "00", "ALAND": 178050802184, "AWATER": 2489425460 }, "geometry": { "type": "MultiLineString", "coordinates": [ [ [ -90.457056, 36.877984 ], [ -90.457123, 36.878029 ], [ -90.451202, 36.883265 ], [ -90.451154, 36.88323 ] ] ] } },
{ "type": "Feature", "properties": { "TYPEPIPE": "Interstate", "Operator": "Mississippi River Trans Corp", "Status": "Operating", "Shape_Leng": 0.00790154074, "STATEFP": "29", "STATENS": "01779791", "AFFGEOID": "0400000US29", "GEOID": "29", "STUSPS": "MO", "NAME": "Missouri", "LSAD": "00", "ALAND": 178050802184, "AWATER": 2489425460 }, "geometry": { "type": "MultiLineString", "coordinates": [ [ [ -90.457098, 36.878012 ], [ -90.451183, 36.883251 ] ] ] } },
{ "type": "Feature", "properties": { "TYPEPIPE": "Interstate", "Operator": "Mississippi River Trans Corp", "Status": "Operating", "Shape_Leng": 0.00789816471, "STATEFP": "29", "STATENS": "01779791", "AFFGEOID": "0400000US29", "GEOID": "29", "STUSPS": "MO", "NAME": "Missouri", "LSAD": "00", "ALAND": 178050802184, "AWATER": 2489425460 }, "geometry": { "type": "MultiLineString", "coordinates": [ [ [ -90.457071, 36.877994 ], [ -90.456689, 36.878341 ], [ -90.456645, 36.878381 ], [ -90.451165, 36.883238 ] ] ] } },
{ "type": "Feature", "properties": { "TYPEPIPE": "Interstate", "Operator": "Mississippi River Trans Corp", "Status": "Operating", "Shape_Leng": 0.00789598699, "STATEFP": "29", "STATENS": "01779791", "AFFGEOID": "0400000US29", "GEOID": "29", "STUSPS": "MO", "NAME": "Missouri", "LSAD": "00", "ALAND": 178050802184, "AWATER": 2489425460 }, "geometry": { "type": "MultiLineString", "coordinates": [ [ [ -90.457042, 36.877972 ], [ -90.456661, 36.878317 ], [ -90.456617, 36.878356 ], [ -90.451146, 36.883224 ] ] ] } },
{ "type": "Feature", "properties": { "TYPEPIPE": "Interstate", "Operator": "Mississippi River Trans Corp", "Status": "Operating", "Shape_Leng": 0.00789332585, "STATEFP": "29", "STATENS": "01779791", "AFFGEOID": "0400000US29", "GEOID": "29", "STUSPS": "MO", "NAME": "Missouri", "LSAD": "00", "ALAND": 178050802184, "AWATER": 2489425460 }, "geometry": { "type": "MultiLineString", "coordinates": [ [ [ -90.457012, 36.877951 ], [ -90.451124, 36.883208 ] ] ] } },
{ "type": "Feature", "properties": { "TYPEPIPE": "Interstate", "Operator": "Mississippi River Trans Corp", "Status": "Operating", "Shape_Leng": 0.00806069005, "STATEFP": "29", "STATENS": "01779791", "AFFGEOID": "0400000US29", "GEOID": "29", "STUSPS": "MO", "NAME": "Missouri", "LSAD": "00", "ALAND": 178050802184, "AWATER": 2489425460 }, "geometry": { "type": "MultiLineString", "coordinates": [ [ [ -90.457056, 36.877984 ], [ -90.45698, 36.877925 ], [ -90.451097, 36.883189 ], [ -90.451154, 36.88323 ] ] ] } },
{ "type": "Feature", "properties": { "TYPEPIPE": "Interstate", "Operator": "Mississippi River Trans Corp", "Status": "Operating", "Shape_Leng": 0.00835534699, "STATEFP": "29", "STATENS": "01779791", "AFFGEOID": "0400000US29", "GEOID": "29", "STUSPS": "MO", "NAME": "Missouri", "LSAD": "00", "ALAND": 178050802184, "AWATER": 2489425460 }, "geometry": { "type": "MultiLineString", "coordinates": [ [ [ -90.422973, 37.041319 ], [ -90.423035, 37.041352 ], [ -90.418209, 37.047965 ], [ -90.41812, 37.047923 ] ] ] } },
{ "type": "Feature", "properties": { "TYPEPIPE": "Interstate", "Operator": "Mississippi River Trans Corp", "Status": "Operating", "Shape_Leng": 0.00818974407, "STATEFP": "29", "STATENS": "01779791", "AFFGEOID": "0400000US29", "GEOID": "29", "STUSPS": "MO", "NAME": "Missouri", "LSAD": "00", "ALAND": 178050802184, "AWATER": 2489425460 }, "geometry": { "type": "MultiLineString", "coordinates": [ [ [ -90.422991, 37.041328 ], [ -90.418153, 37.047936 ] ] ] } },
{ "type": "Feature", "properties": { "TYPEPIPE": "Interstate", "Operator": "Mississippi River Trans Corp", "Status": "Operating", "Shape_Leng": 0.0081907695, "STATEFP": "29", "STATENS": "01779791", "AFFGEOID": "0400000US29", "GEOID": "29", "STUSPS": "MO", "NAME": "Missouri", "LSAD": "00", "ALAND": 178050802184, "AWATER": 2489425460 }, "geometry": { "type": "MultiLineString", "coordinates": [ [ [ -90.422945, 37.041306 ], [ -90.418093, 37.047905 ] ] ] } },
{ "type": "Feature", "properties": { "TYPEPIPE": "Interstate", "Operator": "Mississippi River Trans Corp", "Status": "Operating", "Shape_Leng": 0.00835681489, "STATEFP": "29", "STATENS": "01779791", "AFFGEOID": "0400000US29", "GEOID": "29", "STUSPS": "MO", "NAME": "Missouri", "LSAD": "00", "ALAND": 178050802184, "AWATER": 2489425460 }, "geometry": { "type": "MultiLineString", "coordinates": [ [ [ -90.422973, 37.041319 ], [ -90.422912, 37.041286 ], [ -90.418043, 37.047887 ], [ -90.41812, 37.047923 ] ] ] } },
{ "type": "Feature", "properties": { "TYPEPIPE": "Interstate", "Operator": "Mississippi River Trans Corp", "Status": "Operating", "Shape_Leng": 0.03744277677, "STATEFP": "29", "STATENS": "01779791", "AFFGEOID": "0400000US29", "GEOID": "29", "STUSPS": "MO", "NAME": "Missouri", "LSAD": "00", "ALAND": 178050802184, "AWATER": 2489425460 }, "geometry": { "type": "MultiLineString", "coordinates": [ [ [ -90.097318, 37.980149 ], [ -90.095433, 37.985268 ], [ -90.094487, 37.990838 ], [ -90.094012, 37.992356 ], [ -90.092488, 37.99475 ], [ -90.092168, 37.995755 ], [ -90.092118, 37.996487 ], [ -90.091928, 37.998383 ], [ -90.091091, 38.003043 ], [ -90.091172, 38.003481 ], [ -90.092025, 38.006581 ], [ -90.092133, 38.006805 ], [ -90.09209, 38.006817 ], [ -90.092197, 38.007039 ], [ -90.092154, 38.007051 ], [ -90.092159, 38.007069 ], [ -90.092584, 38.008613 ], [ -90.093294, 38.010435 ], [ -90.093747, 38.011987 ], [ -90.094045, 38.014155 ], [ -90.09408, 38.014999 ], [ -90.094075, 38.015449 ], [ -90.094063, 38.015757 ], [ -90.093999, 38.016001 ] ] ] } },
{ "type": "Feature", "properties": { "TYPEPIPE": "Interstate", "Operator": "Mississippi River Trans Corp", "Status": "Operating", "Shape_Leng": 0.0020174864, "STATEFP": "29", "STATENS": "01779791", "AFFGEOID": "0400000US29", "GEOID": "29", "STUSPS": "MO", "NAME": "Missouri", "LSAD": "00", "ALAND": 178050802184, "AWATER": 2489425460 }, "geometry": { "type": "MultiLineString", "coordinates": [ [ [ -90.093999, 38.016001 ], [ -90.094023, 38.016005 ], [ -90.093861, 38.016623 ], [ -90.094111, 38.017954 ] ] ] } },
{ "type": "Feature", "properties": { "TYPEPIPE": "Interstate", "Operator": "Mississippi River Trans Corp", "Status": "Operating", "Shape_Leng": 0.00186770817, "STATEFP": "29", "STATENS": "01779791", "AFFGEOID": "0400000US29", "GEOID": "29", "STUSPS": "MO", "NAME": "Missouri", "LSAD": "00", "ALAND": 178050802184, "AWATER": 2489425460 }, "geometry": { "type": "MultiLineString", "coordinates": [ [ [ -90.094009, 38.016003 ], [ -90.093847, 38.016621 ], [ -90.093914, 38.017848 ] ] ] } },
{ "type": "Feature", "properties": { "TYPEPIPE": "Interstate", "Operator": "Mississippi River Trans Corp", "Status": "Operating", "Shape_Leng": 0.00177073269, "STATEFP": "29", "STATENS": "01779791", "AFFGEOID": "0400000US29", "GEOID": "29", "STUSPS": "MO", "NAME": "Missouri", "LSAD": "00", "ALAND": 178050802184, "AWATER": 2489425460 }, "geometry": { "type": "MultiLineString", "coordinates": [ [ [ -90.093989, 38.015999 ], [ -90.093827, 38.016618 ], [ -90.093722, 38.017744 ] ] ] } },
{ "type": "Feature", "properties": { "TYPEPIPE": "Interstate", "Operator": "Mississippi River Trans Corp", "Status": "Operating", "Shape_Leng": 0.00173900798, "STATEFP": "29", "STATENS": "01779791", "AFFGEOID": "0400000US29", "GEOID": "29", "STUSPS": "MO", "NAME": "Missouri", "LSAD": "00", "ALAND": 178050802184, "AWATER": 2489425460 }, "geometry": { "type": "MultiLineString", "coordinates": [ [ [ -90.093999, 38.016001 ], [ -90.093975, 38.015997 ], [ -90.093813, 38.016616 ], [ -90.09357, 38.017663 ] ] ] } },
{ "type": "Feature", "properties": { "TYPEPIPE": "Interstate", "Operator": "Mississippi River Trans Corp", "Status": "Operating", "Shape_Leng": 0.64560809193000002, "STATEFP": "29", "STATENS": "01779791", "AFFGEOID": "0400000US29", "GEOID": "29", "STUSPS": "MO", "NAME": "Missouri", "LSAD": "00", "ALAND": 178050802184, "AWATER": 2489425460 }, "geometry": { "type": "MultiLineString", "coordinates": [ [ [ -90.31, 37.42 ], [ -90.309932, 37.420119 ], [ -90.309806, 37.420388 ], [ -90.309848, 37.420401 ], [ -90.309739, 37.42061 ], [ -90.309782, 37.420623 ], [ -90.309745, 37.420748 ], [ -90.309541, 37.421704 ], [ -90.308576, 37.42594 ], [ -90.305437, 37.435665 ], [ -90.305226, 37.435976 ], [ -90.305062, 37.436527 ], [ -90.304754, 37.437132 ], [ -90.304546, 37.437594 ], [ -90.304105, 37.438615 ], [ -90.303587, 37.439703 ], [ -90.303234, 37.44048 ], [ -90.303081, 37.440906 ], [ -90.302721, 37.441516 ], [ -90.302383, 37.442086 ], [ -90.302171, 37.442873 ], [ -90.301989, 37.443474 ], [ -90.301472, 37.445044 ], [ -90.30105, 37.446187 ], [ -90.300568, 37.447523 ], [ -90.299878, 37.449637 ], [ -90.299591, 37.450194 ], [ -90.299352, 37.450763 ], [ -90.29722, 37.455294 ], [ -90.29709, 37.455521 ], [ -90.296491, 37.456158 ], [ -90.296287, 37.457677 ], [ -90.296426, 37.46031 ], [ -90.296451, 37.460738 ], [ -90.296587, 37.461486 ], [ -90.296414, 37.462431 ], [ -90.296682, 37.464234 ], [ -90.296947, 37.466555 ], [ -90.29696, 37.470308 ], [ -90.29697, 37.470657 ], [ -90.297025, 37.471106 ], [ -90.297038, 37.472084 ], [ -90.297051, 37.472494 ], [ -90.297186, 37.472806 ], [ -90.297481, 37.473485 ], [ -90.29754, 37.473864 ], [ -90.297906, 37.474902 ], [ -90.298239, 37.475797 ], [ -90.298438, 37.47634 ], [ -90.29868, 37.480476 ], [ -90.299048, 37.488213 ], [ -90.297542, 37.495145 ], [ -90.297086, 37.496315 ], [ -90.297043, 37.496594 ], [ -90.297035, 37.497546 ], [ -90.297198, 37.498259 ], [ -90.297452, 37.498882 ], [ -90.298358, 37.500603 ], [ -90.298473, 37.500955 ], [ -90.29896, 37.508172 ], [ -90.299395, 37.509535 ], [ -90.300059, 37.512553 ], [ -90.300083, 37.512763 ], [ -90.300067, 37.512905 ], [ -90.300026, 37.513049 ], [ -90.299782, 37.51343 ], [ -90.299876, 37.51383 ], [ -90.300685, 37.516173 ], [ -90.301047, 37.517076 ], [ -90.301201, 37.517613 ], [ -90.301808, 37.522692 ], [ -90.301916, 37.523605 ], [ -90.302088, 37.525212 ], [ -90.302398, 37.527825 ], [ -90.302687, 37.530176 ], [ -90.302746, 37.530742 ], [ -90.303216, 37.534957 ], [ -90.303264, 37.535574 ], [ -90.303292, 37.535772 ], [ -90.304038, 37.537118 ], [ -90.30411, 37.537316 ], [ -90.304226, 37.537861 ], [ -90.304285, 37.538742 ], [ -90.304309, 37.543147 ], [ -90.304618, 37.549747 ], [ -90.304599, 37.550532 ], [ -90.304622, 37.551199 ], [ -90.304695, 37.551636 ], [ -90.304792, 37.551852 ], [ -90.304903, 37.552097 ], [ -90.307705, 37.557331 ], [ -90.308179, 37.558293 ], [ -90.308357, 37.558763 ], [ -90.308475, 37.559021 ], [ -90.308682, 37.559796 ], [ -90.308693, 37.560125 ], [ -90.308658, 37.560335 ], [ -90.308549, 37.560597 ], [ -90.304921, 37.565148 ], [ -90.304549, 37.565292 ], [ -90.304298, 37.566185 ], [ -90.303964, 37.567595 ], [ -90.303559, 37.569139 ], [ -90.302616, 37.571485 ], [ -90.30193, 37.574112 ], [ -90.302081, 37.574613 ], [ -90.302218, 37.575076 ], [ -90.302591, 37.575353 ], [ -90.302579, 37.575697 ], [ -90.3027, 37.578031 ], [ -90.300997, 37.582779 ], [ -90.300974, 37.583138 ], [ -90.301702, 37.586617 ], [ -90.302145, 37.588187 ], [ -90.302326, 37.588886 ], [ -90.30315, 37.592067 ], [ -90.303405, 37.59312 ], [ -90.304028, 37.595913 ], [ -90.304015, 37.596222 ], [ -90.30361, 37.599196 ], [ -90.303466, 37.599795 ], [ -90.302739, 37.60214 ], [ -90.302574, 37.602753 ], [ -90.302546, 37.603218 ], [ -90.302564, 37.603899 ], [ -90.302784, 37.606638 ], [ -90.302867, 37.60864 ], [ -90.302907, 37.609096 ], [ -90.303045, 37.609727 ], [ -90.303027, 37.610236 ], [ -90.302992, 37.610706 ], [ -90.303226, 37.612016 ], [ -90.303134, 37.612691 ], [ -90.300295, 37.629595 ], [ -90.299055, 37.632286 ], [ -90.298968, 37.632563 ], [ -90.298772, 37.632736 ], [ -90.298437, 37.632992 ], [ -90.298472, 37.636156 ], [ -90.298424, 37.63661 ], [ -90.29846, 37.639362 ], [ -90.298462, 37.639801 ], [ -90.29859, 37.64032 ], [ -90.298746, 37.640953 ], [ -90.299133, 37.642364 ], [ -90.29986, 37.644586 ], [ -90.288769, 37.656523 ], [ -90.288122, 37.656872 ], [ -90.287879, 37.657129 ], [ -90.287129, 37.65834 ], [ -90.286384, 37.660044 ], [ -90.286259, 37.660256 ], [ -90.286023, 37.660491 ], [ -90.281859, 37.663541 ], [ -90.275196, 37.6715 ], [ -90.273386, 37.673697 ], [ -90.272615, 37.674673 ], [ -90.271698, 37.675938 ], [ -90.269904, 37.677841 ], [ -90.264185, 37.681764 ], [ -90.263616, 37.682491 ], [ -90.260217, 37.687179 ], [ -90.255537, 37.694218 ], [ -90.253046, 37.697938 ], [ -90.250105, 37.702527 ], [ -90.248578, 37.704451 ], [ -90.245253, 37.70839 ], [ -90.244614, 37.708973 ], [ -90.242493, 37.710022 ], [ -90.24119, 37.711039 ], [ -90.240167, 37.711687 ], [ -90.23611, 37.714544 ], [ -90.234926, 37.715249 ], [ -90.233091, 37.716371 ], [ -90.232823, 37.716788 ], [ -90.232549, 37.717456 ], [ -90.232412, 37.717771 ], [ -90.231983, 37.718439 ], [ -90.230733, 37.719877 ], [ -90.227825, 37.723246 ], [ -90.227281, 37.723967 ], [ -90.22693, 37.724735 ], [ -90.226664, 37.726987 ], [ -90.227324, 37.731626 ], [ -90.226848, 37.734417 ], [ -90.226696, 37.735044 ], [ -90.226211, 37.735621 ], [ -90.225597, 37.736261 ], [ -90.225389, 37.736504 ], [ -90.224867, 37.737197 ], [ -90.223717, 37.738417 ], [ -90.214089, 37.747484 ], [ -90.199825, 37.76344 ], [ -90.195388, 37.769194 ], [ -90.187013, 37.780537 ], [ -90.183575, 37.784563 ], [ -90.183392, 37.784878 ], [ -90.182752, 37.786365 ], [ -90.182459, 37.788034 ], [ -90.182918, 37.791056 ], [ -90.182886, 37.791351 ], [ -90.182771, 37.791629 ], [ -90.179712, 37.79627 ], [ -90.178925, 37.797042 ], [ -90.178622, 37.797177 ], [ -90.175968, 37.797925 ], [ -90.175642, 37.798101 ], [ -90.175022, 37.798767 ], [ -90.16875, 37.810582 ], [ -90.167435, 37.814612 ], [ -90.16742, 37.816288 ], [ -90.166857, 37.818059 ], [ -90.166345, 37.819088 ], [ -90.165273, 37.82057 ], [ -90.163403, 37.823096 ], [ -90.1611, 37.825573 ], [ -90.154196, 37.832815 ], [ -90.152162, 37.835423 ], [ -90.149565, 37.838553 ], [ -90.14676, 37.841796 ], [ -90.145945, 37.842837 ], [ -90.143193, 37.845304 ], [ -90.135826, 37.851259 ], [ -90.132511, 37.853738 ], [ -90.127728, 37.857736 ], [ -90.123243, 37.861612 ], [ -90.122379, 37.862633 ], [ -90.121965, 37.863362 ], [ -90.120827, 37.86623 ], [ -90.120622, 37.867005 ], [ -90.120494, 37.867323 ], [ -90.120351, 37.868176 ], [ -90.119863, 37.874154 ], [ -90.121078, 37.881657 ], [ -90.121092, 37.881969 ], [ -90.121829, 37.883895 ], [ -90.122906, 37.888404 ], [ -90.122944, 37.889364 ], [ -90.122947, 37.89064 ], [ -90.122518, 37.892018 ], [ -90.121547, 37.894294 ], [ -90.115624, 37.907887 ], [ -90.113475, 37.913719 ], [ -90.113285, 37.914312 ], [ -90.112975, 37.915096 ], [ -90.11272, 37.91565 ], [ -90.109219, 37.925011 ], [ -90.108729, 37.927359 ], [ -90.108571, 37.927393 ], [ -90.108322, 37.928591 ], [ -90.108407, 37.928731 ], [ -90.106875, 37.934695 ], [ -90.102467, 37.946525 ], [ -90.102421, 37.946823 ], [ -90.102539, 37.950997 ], [ -90.102249, 37.953297 ], [ -90.100155, 37.96103 ], [ -90.100064, 37.962114 ], [ -90.099068, 37.974028 ], [ -90.097775, 37.978837 ], [ -90.097318, 37.980149 ] ] ] } },
{ "type": "Feature", "properties": { "TYPEPIPE": "Interstate", "Operator": "Mississippi River Trans Corp", "Status": "Operating", "Shape_Leng": 0.32749786191000002, "STATEFP": "29", "STATENS": "01779791", "AFFGEOID": "0400000US29", "GEOID": "29", "STUSPS": "MO", "NAME": "Missouri", "LSAD": "00", "ALAND": 178050802184, "AWATER": 2489425460 }, "geometry": { "type": "MultiLineString", "coordinates": [ [ [ -90.599487305742628, 36.498416760967416 ], [ -90.594385, 36.502759 ], [ -90.594124, 36.502982 ], [ -90.594056, 36.503039 ], [ -90.593951, 36.503128 ], [ -90.5939, 36.503172 ], [ -90.593538, 36.50348 ], [ -90.59123, 36.506287 ], [ -90.590989, 36.506581 ], [ -90.589634, 36.508205 ], [ -90.589608, 36.508236 ], [ -90.588861, 36.509132 ], [ -90.587196, 36.511387 ], [ -90.585716, 36.513704 ], [ -90.584773, 36.515158 ], [ -90.58467, 36.515317 ], [ -90.584569, 36.515472 ], [ -90.583315, 36.517406 ], [ -90.583266, 36.517482 ], [ -90.583214, 36.517562 ], [ -90.580789, 36.521301 ], [ -90.580785, 36.521306 ], [ -90.580598, 36.521594 ], [ -90.580051, 36.522438 ], [ -90.579989, 36.522543 ], [ -90.579886, 36.522628 ], [ -90.579715, 36.522665 ], [ -90.57949, 36.522715 ], [ -90.579388, 36.522737 ], [ -90.579256, 36.522798 ], [ -90.579178, 36.522902 ], [ -90.578296, 36.525045 ], [ -90.57733, 36.52739 ], [ -90.577314, 36.527429 ], [ -90.577309, 36.527442 ], [ -90.57723, 36.527634 ], [ -90.577223, 36.527649 ], [ -90.576795, 36.528688 ], [ -90.575835, 36.531021 ], [ -90.575639, 36.531735 ], [ -90.575533, 36.532121 ], [ -90.57544, 36.532401 ], [ -90.575348, 36.53268 ], [ -90.575309, 36.532797 ], [ -90.574844, 36.5342 ], [ -90.574361, 36.535482 ], [ -90.573442, 36.537068 ], [ -90.573198, 36.537524 ], [ -90.572543, 36.538741 ], [ -90.570999, 36.542062 ], [ -90.570464, 36.543176 ], [ -90.570256, 36.543586 ], [ -90.568976, 36.546114 ], [ -90.568477, 36.547135 ], [ -90.562994, 36.557932 ], [ -90.561166, 36.560163 ], [ -90.55995, 36.561512 ], [ -90.559876, 36.5616 ], [ -90.559802, 36.561688 ], [ -90.557922, 36.563919 ], [ -90.557067, 36.564933 ], [ -90.557005, 36.565006 ], [ -90.556929, 36.565096 ], [ -90.556739, 36.565321 ], [ -90.556062, 36.566125 ], [ -90.555761, 36.566633 ], [ -90.554204, 36.572227 ], [ -90.553932, 36.573303 ], [ -90.553327, 36.57541 ], [ -90.553043, 36.576395 ], [ -90.551994, 36.580047 ], [ -90.551916, 36.580317 ], [ -90.551811, 36.58057 ], [ -90.551093, 36.582294 ], [ -90.550568, 36.584042 ], [ -90.550489, 36.584305 ], [ -90.550218, 36.585208 ], [ -90.550212, 36.585227 ], [ -90.550095, 36.585681 ], [ -90.55011, 36.5857 ], [ -90.550585, 36.586387 ], [ -90.549993, 36.588492 ], [ -90.549177, 36.591862 ], [ -90.548361, 36.596028 ], [ -90.547766, 36.600216 ], [ -90.547751, 36.601206 ], [ -90.547618, 36.602882 ], [ -90.547484, 36.604386 ], [ -90.547355, 36.605049 ], [ -90.547196, 36.605697 ], [ -90.546684, 36.608017 ], [ -90.545245, 36.614037 ], [ -90.543003, 36.62289 ], [ -90.541818, 36.627916 ], [ -90.540674, 36.633539 ], [ -90.540685, 36.634152 ], [ -90.540691, 36.634484 ], [ -90.540703, 36.63516 ], [ -90.54064, 36.635419 ], [ -90.540636, 36.635433 ], [ -90.54048, 36.636072 ], [ -90.539902, 36.637553 ], [ -90.539289, 36.63903 ], [ -90.539282, 36.639048 ], [ -90.538945, 36.63986 ], [ -90.538591, 36.640732 ], [ -90.53852, 36.640906 ], [ -90.538459, 36.641056 ], [ -90.53778, 36.642729 ], [ -90.53656, 36.645246 ], [ -90.536541, 36.645293 ], [ -90.536089, 36.646427 ], [ -90.536078, 36.646447 ], [ -90.534528, 36.649459 ], [ -90.534503, 36.649507 ], [ -90.534205, 36.650077 ], [ -90.534009, 36.650449 ], [ -90.533999, 36.650464 ], [ -90.533988, 36.650481 ], [ -90.53395, 36.650539 ], [ -90.533878, 36.650708 ], [ -90.533758, 36.650991 ], [ -90.53333, 36.652238 ], [ -90.53293, 36.65307 ], [ -90.532568, 36.653787 ], [ -90.531379, 36.656575 ], [ -90.529912, 36.659836 ], [ -90.529686, 36.660338 ], [ -90.529235, 36.663053 ], [ -90.529102, 36.663238 ], [ -90.528967, 36.663425 ], [ -90.528734, 36.663749 ], [ -90.528682, 36.663821 ], [ -90.528631, 36.663893 ], [ -90.52818, 36.664519 ], [ -90.527279, 36.665953 ], [ -90.526129, 36.667782 ], [ -90.525667, 36.668314 ], [ -90.525576, 36.668454 ], [ -90.525495, 36.668577 ], [ -90.524346, 36.671068 ], [ -90.524333, 36.671096 ], [ -90.523892, 36.672052 ], [ -90.521856, 36.676466 ], [ -90.520585, 36.679221 ], [ -90.520573, 36.679246 ], [ -90.520537, 36.679323 ], [ -90.519237, 36.682142 ], [ -90.519089, 36.682463 ], [ -90.519044, 36.68256 ], [ -90.519008, 36.682604 ], [ -90.518961, 36.682662 ], [ -90.518357, 36.683408 ], [ -90.516895, 36.685306 ], [ -90.516542, 36.685913 ], [ -90.51639, 36.686251 ], [ -90.515844, 36.68649 ], [ -90.514135, 36.691292 ], [ -90.513722, 36.692213 ], [ -90.5128, 36.694274 ], [ -90.512759, 36.694364 ], [ -90.512758, 36.694366 ], [ -90.511031, 36.698225 ], [ -90.510495, 36.699423 ], [ -90.509768, 36.701047 ], [ -90.509762, 36.701061 ], [ -90.50656, 36.708199 ], [ -90.50631, 36.708757 ], [ -90.506297, 36.708783 ], [ -90.50596, 36.709442 ], [ -90.505485, 36.710373 ], [ -90.503844, 36.712603 ], [ -90.503288, 36.713202 ], [ -90.502638, 36.713767 ], [ -90.501379, 36.714843 ], [ -90.501322, 36.714892 ], [ -90.500889, 36.715262 ], [ -90.50072, 36.715406 ], [ -90.499663, 36.71631 ], [ -90.499649, 36.716322 ], [ -90.496763, 36.718867 ], [ -90.496699, 36.718924 ], [ -90.496373, 36.719203 ], [ -90.496088, 36.719446 ], [ -90.496013, 36.719511 ], [ -90.492791, 36.72235 ], [ -90.492715, 36.722417 ], [ -90.492626, 36.722495 ], [ -90.49253, 36.72258 ], [ -90.492327, 36.722759 ], [ -90.492092, 36.722966 ], [ -90.491621, 36.723381 ], [ -90.490051, 36.724742 ], [ -90.490045, 36.724748 ], [ -90.488427, 36.726352 ], [ -90.488028, 36.726747 ], [ -90.487989, 36.726876 ], [ -90.487626, 36.727501 ], [ -90.48685, 36.728837 ], [ -90.48639, 36.729631 ], [ -90.486308, 36.729772 ], [ -90.486275, 36.729828 ], [ -90.486241, 36.729887 ], [ -90.485585, 36.731017 ], [ -90.485503, 36.731107 ], [ -90.485398, 36.731186 ], [ -90.484419, 36.732035 ], [ -90.483909, 36.732344 ], [ -90.483752, 36.732491 ], [ -90.48362, 36.732596 ], [ -90.483134, 36.733518 ], [ -90.483093, 36.733644 ], [ -90.483047, 36.733786 ], [ -90.483011, 36.733897 ], [ -90.482867, 36.734345 ], [ -90.482199, 36.735785 ], [ -90.482194, 36.735797 ], [ -90.48212, 36.735955 ], [ -90.482115, 36.735967 ], [ -90.482105, 36.735988 ], [ -90.482041, 36.735996 ], [ -90.481862, 36.736018 ], [ -90.481826, 36.736022 ], [ -90.481805, 36.736025 ], [ -90.481612, 36.736048 ], [ -90.481575, 36.736119 ], [ -90.481566, 36.736136 ], [ -90.481552, 36.736162 ], [ -90.481373, 36.736496 ], [ -90.481324, 36.73662 ], [ -90.481291, 36.736706 ], [ -90.481284, 36.736724 ], [ -90.481258, 36.736792 ], [ -90.480897, 36.737717 ], [ -90.480013, 36.740087 ], [ -90.479999, 36.740125 ], [ -90.479993, 36.740142 ], [ -90.478625, 36.743826 ], [ -90.478418, 36.744384 ], [ -90.476921, 36.748416 ], [ -90.476866, 36.748564 ], [ -90.476214, 36.750323 ], [ -90.475641, 36.751866 ], [ -90.475138, 36.753127 ], [ -90.474625, 36.754133 ], [ -90.474568, 36.754296 ], [ -90.474163, 36.755426 ], [ -90.473854, 36.756664 ], [ -90.472951, 36.759444 ], [ -90.472833, 36.759755 ], [ -90.470605, 36.765966 ], [ -90.470272, 36.766824 ], [ -90.470263, 36.766847 ], [ -90.470251, 36.766879 ], [ -90.470214, 36.766973 ], [ -90.470201, 36.767007 ], [ -90.470197, 36.767017 ], [ -90.470185, 36.767048 ], [ -90.47016, 36.767111 ], [ -90.470022, 36.767468 ], [ -90.469745, 36.768271 ], [ -90.468625, 36.770758 ], [ -90.468569, 36.7709 ], [ -90.468541, 36.770973 ], [ -90.468388, 36.771684 ], [ -90.46824, 36.772763 ], [ -90.468202, 36.773255 ], [ -90.468179, 36.773466 ], [ -90.468172, 36.77353 ], [ -90.46818, 36.7739 ], [ -90.468263, 36.775993 ], [ -90.468274, 36.776274 ], [ -90.46828, 36.776447 ], [ -90.468286, 36.776619 ], [ -90.46834, 36.778045 ], [ -90.468346, 36.778206 ], [ -90.468539, 36.778329 ], [ -90.468702, 36.778433 ], [ -90.468846, 36.778527 ], [ -90.468796, 36.778735 ], [ -90.468769, 36.779275 ], [ -90.468769, 36.779278 ], [ -90.468761, 36.779329 ], [ -90.468583, 36.780998 ], [ -90.468545, 36.78125 ], [ -90.468522, 36.781404 ], [ -90.468499, 36.781558 ], [ -90.468359, 36.782494 ], [ -90.468181, 36.783627 ], [ -90.468285, 36.784884 ], [ -90.468294, 36.784989 ], [ -90.468284, 36.78508 ], [ -90.468202, 36.785803 ], [ -90.468198, 36.785843 ], [ -90.468184, 36.785968 ], [ -90.468156, 36.786212 ], [ -90.468067, 36.786949 ], [ -90.468058, 36.786999 ], [ -90.468032, 36.787142 ], [ -90.468003, 36.787532 ], [ -90.467941, 36.787532 ], [ -90.467932, 36.788252 ], [ -90.468041, 36.788222 ], [ -90.468029, 36.788573 ] ] ] } },
{ "type": "Feature", "properties": { "TYPEPIPE": "Interstate", "Operator": "Mississippi River Trans Corp", "Status": "Operating", "Shape_Leng": 0.67710790513999997, "STATEFP": "29", "STATENS": "01779791", "AFFGEOID": "0400000US29", "GEOID": "29", "STUSPS": "MO", "NAME": "Missouri", "LSAD": "00", "ALAND": 178050802184, "AWATER": 2489425460 }, "geometry": { "type": "MultiLineString", "coordinates": [ [ [ -90.46803, 36.78859 ], [ -90.468031, 36.788601 ], [ -90.468041, 36.788701 ], [ -90.468045, 36.788739 ], [ -90.468097, 36.791576 ], [ -90.468073, 36.79193 ], [ -90.468132, 36.795574 ], [ -90.468081, 36.799144 ], [ -90.468075, 36.799554 ], [ -90.468062, 36.800501 ], [ -90.468074, 36.800841 ], [ -90.4681, 36.801565 ], [ -90.467874, 36.802976 ], [ -90.467857, 36.804349 ], [ -90.467805, 36.805379 ], [ -90.467959, 36.807591 ], [ -90.468034, 36.80839 ], [ -90.46805, 36.808563 ], [ -90.468087, 36.808958 ], [ -90.468103, 36.809131 ], [ -90.468028, 36.810763 ], [ -90.467977, 36.812686 ], [ -90.467788, 36.81546 ], [ -90.467687, 36.816945 ], [ -90.467659, 36.818583 ], [ -90.467664, 36.820112 ], [ -90.467686, 36.820895 ], [ -90.467711, 36.821548 ], [ -90.467703, 36.824913 ], [ -90.4677, 36.82577 ], [ -90.4677, 36.825893 ], [ -90.4677, 36.825988 ], [ -90.467699, 36.826328 ], [ -90.467724, 36.828361 ], [ -90.467724, 36.828378 ], [ -90.467714, 36.831039 ], [ -90.467727, 36.832568 ], [ -90.467728, 36.832666 ], [ -90.467729, 36.832786 ], [ -90.467739, 36.834019 ], [ -90.46774, 36.834069 ], [ -90.467741, 36.834162 ], [ -90.467749, 36.835157 ], [ -90.467729, 36.835744 ], [ -90.467674, 36.837374 ], [ -90.46753, 36.839231 ], [ -90.467485, 36.83961 ], [ -90.467331, 36.840907 ], [ -90.467137, 36.84236 ], [ -90.466887, 36.844288 ], [ -90.466696, 36.847204 ], [ -90.466364, 36.848811 ], [ -90.465701, 36.851378 ], [ -90.465357, 36.853359 ], [ -90.465164, 36.854468 ], [ -90.465148, 36.855386 ], [ -90.465131, 36.85631 ], [ -90.465075, 36.85948 ], [ -90.465072, 36.860315 ], [ -90.465072, 36.86042 ], [ -90.465072, 36.860438 ], [ -90.46507, 36.860893 ], [ -90.465063, 36.862774 ], [ -90.465027, 36.862934 ], [ -90.465006, 36.863103 ], [ -90.465051, 36.863243 ], [ -90.465036, 36.863936 ], [ -90.464902, 36.865726 ], [ -90.464845, 36.866492 ], [ -90.464798, 36.867116 ], [ -90.464313, 36.867411 ], [ -90.46425, 36.867449 ], [ -90.464235, 36.867458 ], [ -90.464162, 36.867566 ], [ -90.463872, 36.868109 ], [ -90.463803, 36.868237 ], [ -90.463083, 36.869538 ], [ -90.461844, 36.871779 ], [ -90.461256, 36.872739 ], [ -90.460465, 36.874029 ], [ -90.459302, 36.875589 ], [ -90.45889, 36.876111 ], [ -90.458299, 36.876766 ], [ -90.457514, 36.877706 ], [ -90.457435, 36.8778 ], [ -90.457345, 36.877889 ], [ -90.45705, 36.877893 ], [ -90.456947, 36.877901 ], [ -90.456666, 36.878138 ], [ -90.456439, 36.87834 ], [ -90.456409, 36.878367 ], [ -90.454812, 36.87981 ], [ -90.450879, 36.883361 ], [ -90.450838, 36.883487 ], [ -90.450858, 36.883685 ], [ -90.450824, 36.884287 ], [ -90.450765, 36.884643 ], [ -90.450752, 36.884725 ], [ -90.450728, 36.884869 ], [ -90.450507, 36.886209 ], [ -90.450505, 36.8867 ], [ -90.450407, 36.887275 ], [ -90.450287, 36.887669 ], [ -90.450151, 36.888386 ], [ -90.450333, 36.890348 ], [ -90.4505, 36.892151 ], [ -90.450631, 36.89357 ], [ -90.450575, 36.895439 ], [ -90.450515, 36.897402 ], [ -90.450442, 36.899837 ], [ -90.450412, 36.901087 ], [ -90.450113, 36.902516 ], [ -90.449731, 36.904342 ], [ -90.448895, 36.908338 ], [ -90.44876, 36.909166 ], [ -90.448736, 36.909793 ], [ -90.448773, 36.909913 ], [ -90.448852, 36.910434 ], [ -90.448848, 36.910562 ], [ -90.448803, 36.911221 ], [ -90.448746, 36.911446 ], [ -90.448521, 36.912339 ], [ -90.447991, 36.914435 ], [ -90.44702, 36.917559 ], [ -90.446887, 36.918184 ], [ -90.446392, 36.920448 ], [ -90.44571, 36.923568 ], [ -90.445515, 36.924459 ], [ -90.445425, 36.924961 ], [ -90.445382, 36.925636 ], [ -90.445383, 36.925682 ], [ -90.445395, 36.926534 ], [ -90.445396, 36.926606 ], [ -90.44553, 36.927326 ], [ -90.44558, 36.927594 ], [ -90.445665, 36.929213 ], [ -90.445782, 36.931459 ], [ -90.445758, 36.932273 ], [ -90.445417, 36.933691 ], [ -90.444633, 36.936947 ], [ -90.444405, 36.937895 ], [ -90.444044, 36.939129 ], [ -90.444039, 36.939149 ], [ -90.443984, 36.939334 ], [ -90.443977, 36.939361 ], [ -90.443971, 36.939381 ], [ -90.44388, 36.939693 ], [ -90.443858, 36.939766 ], [ -90.443833, 36.939851 ], [ -90.443808, 36.939937 ], [ -90.443745, 36.940154 ], [ -90.443672, 36.940446 ], [ -90.443589, 36.940778 ], [ -90.443585, 36.940795 ], [ -90.443421, 36.941284 ], [ -90.442826, 36.943134 ], [ -90.441982, 36.945761 ], [ -90.441856, 36.946154 ], [ -90.441797, 36.946351 ], [ -90.441756, 36.947461 ], [ -90.441684, 36.947839 ], [ -90.441674, 36.947883 ], [ -90.44128, 36.949609 ], [ -90.44113, 36.950014 ], [ -90.440448, 36.951449 ], [ -90.440109, 36.952332 ], [ -90.439555, 36.955076 ], [ -90.439173, 36.956971 ], [ -90.438882, 36.958411 ], [ -90.438663, 36.959204 ], [ -90.438453, 36.959962 ], [ -90.437995, 36.961616 ], [ -90.437866, 36.962084 ], [ -90.43779, 36.962357 ], [ -90.436977, 36.964167 ], [ -90.436754, 36.964592 ], [ -90.436513, 36.96506 ], [ -90.436436, 36.965211 ], [ -90.43635, 36.965379 ], [ -90.436104, 36.965858 ], [ -90.43593, 36.966333 ], [ -90.435836, 36.966952 ], [ -90.43554, 36.9695 ], [ -90.435519, 36.969679 ], [ -90.433584, 36.973126 ], [ -90.433495, 36.973522 ], [ -90.433429, 36.973814 ], [ -90.432668, 36.977201 ], [ -90.432656, 36.977253 ], [ -90.432694, 36.978024 ], [ -90.432813, 36.980452 ], [ -90.432789, 36.98105 ], [ -90.432787, 36.9811 ], [ -90.432743, 36.982216 ], [ -90.432722, 36.982755 ], [ -90.432722, 36.982766 ], [ -90.432705, 36.983197 ], [ -90.432628, 36.983967 ], [ -90.432605, 36.984549 ], [ -90.432598, 36.984734 ], [ -90.432628, 36.985217 ], [ -90.432649, 36.985559 ], [ -90.432955, 36.987007 ], [ -90.433018, 36.987302 ], [ -90.433306, 36.988213 ], [ -90.433333, 36.9883 ], [ -90.433648, 36.989297 ], [ -90.43377, 36.990467 ], [ -90.433729, 36.991902 ], [ -90.433543, 36.998426 ], [ -90.433539, 36.998589 ], [ -90.433529, 36.998924 ], [ -90.433529, 36.998929 ], [ -90.43345, 36.999863 ], [ -90.433352, 37.00019 ], [ -90.433338, 37.000239 ], [ -90.433265, 37.000481 ], [ -90.43326, 37.000498 ], [ -90.43316, 37.000834 ], [ -90.433107, 37.001115 ], [ -90.433085, 37.001312 ], [ -90.433101, 37.001501 ], [ -90.433197, 37.002288 ], [ -90.433294, 37.003078 ], [ -90.433373, 37.003341 ], [ -90.433503, 37.00372 ], [ -90.433687, 37.004112 ], [ -90.433927, 37.004497 ], [ -90.43411, 37.004791 ], [ -90.435315, 37.00648 ], [ -90.435397, 37.006569 ], [ -90.435609, 37.006798 ], [ -90.437146, 37.008702 ], [ -90.437331, 37.009042 ], [ -90.438446, 37.012085 ], [ -90.438461, 37.012127 ], [ -90.438549, 37.012489 ], [ -90.438652, 37.013977 ], [ -90.438682, 37.014233 ], [ -90.438605, 37.014759 ], [ -90.438331, 37.015882 ], [ -90.437629, 37.018068 ], [ -90.436365, 37.022 ], [ -90.435836, 37.023645 ], [ -90.435433, 37.024901 ], [ -90.435094, 37.025873 ], [ -90.434598, 37.027294 ], [ -90.434462, 37.027573 ], [ -90.431677, 37.033289 ], [ -90.431618, 37.033409 ], [ -90.431574, 37.033499 ], [ -90.43153, 37.03359 ], [ -90.43088, 37.034918 ], [ -90.430652, 37.035384 ], [ -90.429772, 37.036465 ], [ -90.428663, 37.03775 ], [ -90.428472, 37.037945 ], [ -90.428221, 37.038164 ], [ -90.42805, 37.038299 ], [ -90.427734, 37.03861 ], [ -90.427725, 37.038615 ], [ -90.427711, 37.038624 ], [ -90.427608, 37.038686 ], [ -90.427491, 37.038758 ], [ -90.427444, 37.038786 ], [ -90.426833, 37.039007 ], [ -90.4256, 37.03929 ], [ -90.425388, 37.039349 ], [ -90.425082, 37.03953 ], [ -90.424193, 37.040168 ], [ -90.42395, 37.040343 ], [ -90.423793, 37.040456 ], [ -90.422955, 37.041085 ], [ -90.422726, 37.04128 ], [ -90.422631, 37.041351 ], [ -90.422184, 37.041683 ], [ -90.422171, 37.041692 ], [ -90.421868, 37.041918 ], [ -90.421027, 37.042543 ], [ -90.419833, 37.043304 ], [ -90.419428, 37.043641 ], [ -90.41777, 37.045023 ], [ -90.417611, 37.045155 ], [ -90.417469, 37.045274 ], [ -90.417454, 37.045286 ], [ -90.417244, 37.045461 ], [ -90.417157, 37.045607 ], [ -90.417105, 37.045719 ], [ -90.416722, 37.046933 ], [ -90.416705, 37.046987 ], [ -90.416568, 37.047847 ], [ -90.416463, 37.048512 ], [ -90.416336, 37.049308 ], [ -90.415946, 37.051764 ], [ -90.415768, 37.052071 ], [ -90.415566, 37.052339 ], [ -90.414675, 37.053144 ], [ -90.414623, 37.053192 ], [ -90.414573, 37.053237 ], [ -90.411589, 37.055935 ], [ -90.411275, 37.056326 ], [ -90.410827, 37.056955 ], [ -90.40984, 37.058537 ], [ -90.409836, 37.058546 ], [ -90.409782, 37.05867 ], [ -90.409714, 37.058828 ], [ -90.409382, 37.059774 ], [ -90.408977, 37.060928 ], [ -90.408206, 37.063123 ], [ -90.408136, 37.063407 ], [ -90.408105, 37.063531 ], [ -90.408076, 37.063653 ], [ -90.407369, 37.066522 ], [ -90.407364, 37.066543 ], [ -90.407335, 37.066661 ], [ -90.407306, 37.06678 ], [ -90.407292, 37.066836 ], [ -90.407003, 37.067474 ], [ -90.406857, 37.067798 ], [ -90.406237, 37.070472 ], [ -90.406177, 37.070732 ], [ -90.406168, 37.073936 ], [ -90.406166, 37.074596 ], [ -90.406156, 37.078175 ], [ -90.406143, 37.082407 ], [ -90.406143, 37.08252 ], [ -90.4061, 37.085658 ], [ -90.4061, 37.085711 ], [ -90.40609, 37.086426 ], [ -90.40605, 37.089366 ], [ -90.40606, 37.089481 ], [ -90.406114, 37.090118 ], [ -90.406148, 37.090525 ], [ -90.406342, 37.092027 ], [ -90.406551, 37.093643 ], [ -90.406666, 37.094527 ], [ -90.406806, 37.095611 ], [ -90.407183, 37.097373 ], [ -90.407397, 37.099107 ], [ -90.407409, 37.099204 ], [ -90.407469, 37.099994 ], [ -90.407612, 37.100597 ], [ -90.407613, 37.101366 ], [ -90.407652, 37.101584 ], [ -90.407667, 37.101663 ], [ -90.407698, 37.101838 ], [ -90.407795, 37.102373 ], [ -90.408016, 37.103594 ], [ -90.408001, 37.104033 ], [ -90.407924, 37.106225 ], [ -90.407816, 37.10906 ], [ -90.407698, 37.112137 ], [ -90.407663, 37.11306 ], [ -90.407462, 37.113675 ], [ -90.407463, 37.113881 ], [ -90.407502, 37.114358 ], [ -90.40751, 37.114455 ], [ -90.407518, 37.114552 ], [ -90.407533, 37.114738 ], [ -90.407547, 37.114866 ], [ -90.407588, 37.115239 ], [ -90.407571, 37.11566 ], [ -90.407556, 37.116049 ], [ -90.407474, 37.118761 ], [ -90.40746, 37.119243 ], [ -90.407301, 37.12451 ], [ -90.40749, 37.125977 ], [ -90.407494, 37.126006 ], [ -90.407393, 37.128695 ], [ -90.407322, 37.130596 ], [ -90.407291, 37.130696 ], [ -90.407267, 37.130772 ], [ -90.407029, 37.131534 ], [ -90.406499, 37.13258 ], [ -90.40618, 37.133247 ], [ -90.405986, 37.133653 ], [ -90.40575, 37.134148 ], [ -90.405504, 37.134536 ], [ -90.404407, 37.13627 ], [ -90.404043, 37.136844 ], [ -90.403934, 37.137017 ], [ -90.403083, 37.13836 ], [ -90.402813, 37.138786 ], [ -90.401785, 37.14041 ], [ -90.401676, 37.140582 ], [ -90.401245, 37.142046 ], [ -90.401124, 37.144135 ], [ -90.401001, 37.145035 ], [ -90.400872, 37.145633 ], [ -90.400746, 37.145978 ], [ -90.400649, 37.146129 ], [ -90.400483, 37.146388 ], [ -90.400055, 37.147054 ], [ -90.399666, 37.147448 ], [ -90.399124, 37.147997 ], [ -90.398854, 37.148352 ], [ -90.398735, 37.148735 ], [ -90.3987, 37.148846 ], [ -90.398675, 37.148926 ], [ -90.398635, 37.149055 ], [ -90.398527, 37.149403 ], [ -90.398493, 37.149513 ], [ -90.398458, 37.149623 ], [ -90.398436, 37.149695 ], [ -90.398269, 37.150088 ], [ -90.397761, 37.150748 ], [ -90.39724, 37.151547 ], [ -90.397029, 37.151988 ], [ -90.396621, 37.152842 ], [ -90.396603, 37.152945 ], [ -90.396331, 37.154523 ], [ -90.396303, 37.154638 ], [ -90.395099, 37.156463 ], [ -90.39473, 37.156818 ], [ -90.394513, 37.157027 ], [ -90.394316, 37.157297 ], [ -90.393834, 37.158566 ], [ -90.393724, 37.15874 ], [ -90.393544, 37.158876 ], [ -90.390424, 37.160914 ], [ -90.390412, 37.160926 ], [ -90.390206, 37.161136 ], [ -90.390057, 37.16136 ], [ -90.389981, 37.161536 ], [ -90.389528, 37.164561 ], [ -90.389527, 37.164567 ], [ -90.389252, 37.166406 ], [ -90.389001, 37.168082 ], [ -90.388444, 37.171807 ], [ -90.388145, 37.173804 ], [ -90.387821, 37.17597 ], [ -90.387313, 37.179362 ], [ -90.387123, 37.180633 ], [ -90.386742, 37.183155 ], [ -90.386629, 37.183907 ], [ -90.385914, 37.188122 ], [ -90.385686, 37.189468 ], [ -90.3856, 37.189637 ], [ -90.385597, 37.189643 ], [ -90.385484, 37.189808 ], [ -90.385185, 37.190244 ], [ -90.385034, 37.190529 ], [ -90.38486, 37.191012 ], [ -90.384859, 37.191014 ], [ -90.384807, 37.191161 ], [ -90.384199, 37.192849 ], [ -90.383591, 37.194443 ], [ -90.382803, 37.196511 ], [ -90.382774, 37.196586 ], [ -90.381367, 37.201007 ], [ -90.380177, 37.204747 ], [ -90.379975, 37.205184 ], [ -90.37929, 37.206021 ], [ -90.379183, 37.206152 ], [ -90.377539, 37.20816 ], [ -90.376647, 37.209286 ], [ -90.375954, 37.210161 ], [ -90.375836, 37.210372 ], [ -90.375651, 37.210811 ], [ -90.375605, 37.21092 ], [ -90.375559, 37.211029 ], [ -90.375464, 37.211253 ], [ -90.375137, 37.212028 ], [ -90.375084, 37.212154 ], [ -90.374984, 37.21239 ], [ -90.374961, 37.212445 ], [ -90.374938, 37.212499 ], [ -90.374833, 37.212747 ], [ -90.374751, 37.213373 ], [ -90.37473, 37.213534 ], [ -90.374716, 37.213642 ], [ -90.374632, 37.214245 ], [ -90.374493, 37.215169 ], [ -90.374553, 37.21637 ], [ -90.374567, 37.216649 ], [ -90.374576, 37.216841 ], [ -90.374568, 37.216888 ], [ -90.374345, 37.218198 ], [ -90.372904, 37.221322 ], [ -90.372385, 37.222448 ], [ -90.371668, 37.224002 ], [ -90.371522, 37.224665 ], [ -90.371327, 37.225547 ], [ -90.370732, 37.228249 ], [ -90.370705, 37.229287 ], [ -90.370638, 37.231882 ], [ -90.370637, 37.231926 ], [ -90.370635, 37.231992 ], [ -90.370632, 37.232103 ], [ -90.370505, 37.237 ], [ -90.370463, 37.238617 ], [ -90.370443, 37.239386 ], [ -90.370405, 37.240851 ], [ -90.370259, 37.241557 ], [ -90.37011, 37.242278 ], [ -90.369905, 37.243271 ], [ -90.369854, 37.243359 ], [ -90.367897, 37.246751 ], [ -90.365622, 37.250692 ], [ -90.365176, 37.251465 ], [ -90.363702, 37.254019 ], [ -90.363437, 37.254478 ], [ -90.363101, 37.255467 ], [ -90.362719, 37.256591 ], [ -90.361638, 37.259775 ], [ -90.360828, 37.261464 ], [ -90.35932, 37.264609 ], [ -90.359251, 37.2649 ], [ -90.35913, 37.265406 ], [ -90.359111, 37.265487 ], [ -90.358607, 37.267608 ], [ -90.358565, 37.267803 ], [ -90.358308, 37.269013 ], [ -90.358297, 37.269063 ], [ -90.358151, 37.269859 ], [ -90.35798, 37.27079 ], [ -90.357815, 37.271409 ], [ -90.357775, 37.271559 ], [ -90.35774, 37.271688 ], [ -90.357713, 37.271791 ], [ -90.357685, 37.271895 ], [ -90.356699, 37.275591 ], [ -90.356685, 37.275642 ], [ -90.355904, 37.278572 ], [ -90.355539, 37.279937 ], [ -90.355356, 37.280624 ], [ -90.355355, 37.280637 ], [ -90.355353, 37.280658 ], [ -90.355264, 37.281644 ], [ -90.354743, 37.283534 ], [ -90.354251, 37.285322 ], [ -90.354147, 37.285699 ], [ -90.353111, 37.287398 ], [ -90.352782, 37.287938 ], [ -90.351768, 37.289601 ], [ -90.351123, 37.291977 ], [ -90.351117, 37.292016 ], [ -90.350943, 37.293105 ], [ -90.350871, 37.295364 ], [ -90.350846, 37.296163 ], [ -90.350845, 37.296196 ], [ -90.350805, 37.29744 ], [ -90.350766, 37.298665 ], [ -90.350763, 37.298774 ], [ -90.350759, 37.298883 ], [ -90.350755, 37.299003 ], [ -90.350685, 37.301213 ], [ -90.350677, 37.301269 ], [ -90.350573, 37.302013 ], [ -90.350457, 37.302848 ], [ -90.350446, 37.302926 ], [ -90.350356, 37.303573 ], [ -90.350174, 37.304874 ], [ -90.349705, 37.306679 ], [ -90.349479, 37.307551 ], [ -90.348462, 37.310021 ], [ -90.347367, 37.311813 ], [ -90.346211, 37.314063 ], [ -90.346186, 37.31411 ], [ -90.345915, 37.314638 ], [ -90.345852, 37.31476 ], [ -90.345249, 37.316763 ], [ -90.344911, 37.317887 ], [ -90.344813, 37.318214 ], [ -90.34373, 37.321814 ], [ -90.342568, 37.325137 ], [ -90.342385, 37.325684 ], [ -90.341293, 37.328941 ], [ -90.341156, 37.329185 ], [ -90.341041, 37.32939 ], [ -90.341023, 37.329423 ], [ -90.340747, 37.329916 ], [ -90.340586, 37.330204 ], [ -90.340557, 37.330255 ], [ -90.340152, 37.331435 ], [ -90.339995, 37.332662 ], [ -90.339778, 37.334606 ], [ -90.339709, 37.335223 ], [ -90.339669, 37.335579 ], [ -90.339472, 37.337344 ], [ -90.339436, 37.337668 ], [ -90.338989, 37.340688 ], [ -90.338986, 37.340703 ], [ -90.338796, 37.341988 ], [ -90.338574, 37.343489 ], [ -90.338496, 37.344013 ], [ -90.338423, 37.344507 ], [ -90.33771, 37.347266 ], [ -90.337562, 37.347839 ], [ -90.336733, 37.35105 ], [ -90.3364, 37.351652 ], [ -90.336111, 37.351992 ], [ -90.335241, 37.353013 ], [ -90.335019, 37.353274 ], [ -90.334918, 37.353393 ], [ -90.332587, 37.35613 ], [ -90.332275, 37.356496 ], [ -90.332343, 37.356671 ], [ -90.332422, 37.356873 ], [ -90.332404, 37.356895 ], [ -90.332319, 37.356998 ], [ -90.331768, 37.357667 ], [ -90.331732, 37.357711 ], [ -90.331724, 37.35772 ], [ -90.331671, 37.357785 ], [ -90.330534, 37.358891 ], [ -90.330391, 37.359073 ], [ -90.330057, 37.359497 ], [ -90.326905, 37.362673 ], [ -90.325689, 37.363899 ], [ -90.324541, 37.364948 ], [ -90.323648, 37.366083 ], [ -90.322976, 37.367768 ], [ -90.322421, 37.36889 ], [ -90.321822, 37.370605 ], [ -90.32078, 37.372379 ], [ -90.313042, 37.404285 ], [ -90.312788, 37.405807 ], [ -90.31261, 37.406872 ], [ -90.312147, 37.407656 ], [ -90.312054, 37.407864 ], [ -90.311989, 37.408159 ], [ -90.311847, 37.408822 ], [ -90.311724, 37.409341 ], [ -90.311702, 37.409433 ], [ -90.311605, 37.409875 ], [ -90.311579, 37.409995 ], [ -90.311553, 37.410115 ], [ -90.311514, 37.410291 ], [ -90.311467, 37.41055 ], [ -90.311377, 37.411042 ], [ -90.311384, 37.411295 ], [ -90.311386, 37.411383 ], [ -90.31157, 37.413419 ], [ -90.311574, 37.413438 ], [ -90.311577, 37.413458 ], [ -90.311581, 37.413477 ], [ -90.311598, 37.413571 ], [ -90.311613, 37.41365 ], [ -90.311664, 37.413789 ], [ -90.311747, 37.414014 ], [ -90.311861, 37.414321 ], [ -90.311898, 37.414421 ], [ -90.312395, 37.415806 ], [ -90.312391, 37.415951 ], [ -90.312405, 37.416096 ], [ -90.312373, 37.416263 ], [ -90.311957, 37.417081 ], [ -90.311867, 37.417258 ], [ -90.311657, 37.417626 ], [ -90.311056, 37.418892 ], [ -90.311047, 37.41891 ], [ -90.310936, 37.419144 ], [ -90.310899, 37.419222 ], [ -90.310898, 37.419225 ], [ -90.310877, 37.419268 ], [ -90.310974, 37.419289 ], [ -90.310909, 37.419483 ], [ -90.3108, 37.419466 ], [ -90.310642, 37.419955 ] ] ] } },
{ "type": "Feature", "properties": { "TYPEPIPE": "Interstate", "Operator": "Mississippi River Trans Corp", "Status": "Operating", "Shape_Leng": 0.04380296099, "STATEFP": "29", "STATENS": "01779791", "AFFGEOID": "0400000US29", "GEOID": "29", "STUSPS": "MO", "NAME": "Missouri", "LSAD": "00", "ALAND": 178050802184, "AWATER": 2489425460 }, "geometry": { "type": "MultiLineString", "coordinates": [ [ [ -90.097108, 37.980389 ], [ -90.097059, 37.98057 ], [ -90.097022, 37.980748 ], [ -90.096607, 37.981771 ], [ -90.096163, 37.982794 ], [ -90.095641, 37.984083 ], [ -90.095057, 37.985657 ], [ -90.094616, 37.988345 ], [ -90.094117, 37.991219 ], [ -90.093567, 37.992461 ], [ -90.09211, 37.994895 ], [ -90.091853, 37.995904 ], [ -90.091781, 37.996366 ], [ -90.091749, 37.997391 ], [ -90.091709, 37.998268 ], [ -90.091583, 37.998976 ], [ -90.091413, 37.999618 ], [ -90.090883, 38.002718 ], [ -90.090895, 38.003138 ], [ -90.09118, 38.004248 ], [ -90.09122, 38.004361 ], [ -90.091322, 38.004466 ], [ -90.091589, 38.004456 ], [ -90.09172, 38.004553 ], [ -90.091773, 38.004673 ], [ -90.092054, 38.006099 ], [ -90.092154, 38.006367 ], [ -90.092763, 38.008294 ], [ -90.093047, 38.009024 ], [ -90.093116, 38.009144 ], [ -90.093191, 38.009235 ], [ -90.093266, 38.009369 ], [ -90.094966, 38.009547 ], [ -90.095666, 38.009779 ], [ -90.097557, 38.010257 ], [ -90.097703, 38.010333 ], [ -90.097822, 38.010409 ], [ -90.097912, 38.010508 ], [ -90.099512, 38.013401 ], [ -90.099535, 38.013508 ], [ -90.099518, 38.01362 ], [ -90.099466, 38.01373 ], [ -90.099398, 38.013827 ], [ -90.097025, 38.015871 ], [ -90.096575, 38.017073 ] ] ] } },
{ "type": "Feature", "properties": { "TYPEPIPE": "Interstate", "Operator": "Mississippi River Trans Corp", "Status": "Operating", "Shape_Leng": 0.00195341012, "STATEFP": "29", "STATENS": "01779791", "AFFGEOID": "0400000US29", "GEOID": "29", "STUSPS": "MO", "NAME": "Missouri", "LSAD": "00", "ALAND": 178050802184, "AWATER": 2489425460 }, "geometry": { "type": "MultiLineString", "coordinates": [ [ [ -90.096575, 38.017073 ], [ -90.09656, 38.017095 ], [ -90.095482, 38.018692 ] ] ] } },
{ "type": "Feature", "properties": { "TYPEPIPE": "Interstate", "Operator": "Mississippi River Trans Corp", "Status": "Operating", "Shape_Leng": 0.00199723599, "STATEFP": "29", "STATENS": "01779791", "AFFGEOID": "0400000US29", "GEOID": "29", "STUSPS": "MO", "NAME": "Missouri", "LSAD": "00", "ALAND": 178050802184, "AWATER": 2489425460 }, "geometry": { "type": "MultiLineString", "coordinates": [ [ [ -90.096575, 38.017073 ], [ -90.096616, 38.017101 ], [ -90.095526, 38.018715 ] ] ] } },
{ "type": "Feature", "properties": { "TYPEPIPE": "Interstate", "Operator": "Mississippi River Trans Corp", "Status": "Operating", "Shape_Leng": 0.64455709140999995, "STATEFP": "29", "STATENS": "01779791", "AFFGEOID": "0400000US29", "GEOID": "29", "STUSPS": "MO", "NAME": "Missouri", "LSAD": "00", "ALAND": 178050802184, "AWATER": 2489425460 }, "geometry": { "type": "MultiLineString", "coordinates": [ [ [ -90.310642, 37.419971 ], [ -90.310603, 37.420281 ], [ -90.309014, 37.426129 ], [ -90.305672, 37.435578 ], [ -90.305432, 37.435939 ], [ -90.305078, 37.43697 ], [ -90.304411, 37.438386 ], [ -90.303886, 37.439584 ], [ -90.303396, 37.440458 ], [ -90.303322, 37.440817 ], [ -90.302778, 37.441839 ], [ -90.302483, 37.442657 ], [ -90.301767, 37.444475 ], [ -90.301614, 37.44506 ], [ -90.300839, 37.447249 ], [ -90.300773, 37.447451 ], [ -90.300035, 37.449661 ], [ -90.299674, 37.450354 ], [ -90.297494, 37.455341 ], [ -90.297335, 37.455536 ], [ -90.296754, 37.456054 ], [ -90.296619, 37.456248 ], [ -90.296599, 37.457318 ], [ -90.296542, 37.457532 ], [ -90.296689, 37.45987 ], [ -90.297019, 37.462971 ], [ -90.297079, 37.463615 ], [ -90.297129, 37.464316 ], [ -90.297114, 37.46455 ], [ -90.29726, 37.465952 ], [ -90.29726, 37.468599 ], [ -90.29696, 37.470308 ], [ -90.297322, 37.471209 ], [ -90.297391, 37.472064 ], [ -90.29765, 37.472868 ], [ -90.297888, 37.473752 ], [ -90.297946, 37.473991 ], [ -90.298522, 37.475277 ], [ -90.298762, 37.475825 ], [ -90.298852, 37.476255 ], [ -90.299122, 37.480238 ], [ -90.299153, 37.48267 ], [ -90.299483, 37.488204 ], [ -90.297783, 37.494951 ], [ -90.297768, 37.495147 ], [ -90.297389, 37.496234 ], [ -90.297341, 37.497439 ], [ -90.297477, 37.498081 ], [ -90.29774, 37.498721 ], [ -90.298668, 37.500459 ], [ -90.298771, 37.500818 ], [ -90.299142, 37.508152 ], [ -90.29958, 37.509531 ], [ -90.30029, 37.512636 ], [ -90.300297, 37.512825 ], [ -90.300297, 37.513041 ], [ -90.30023, 37.513232 ], [ -90.299777, 37.513876 ], [ -90.299763, 37.514041 ], [ -90.299805, 37.514228 ], [ -90.300346, 37.516027 ], [ -90.300665, 37.516848 ], [ -90.300888, 37.517585 ], [ -90.301046, 37.518424 ], [ -90.301644, 37.523482 ], [ -90.302345, 37.528955 ], [ -90.302462, 37.530238 ], [ -90.302538, 37.530755 ], [ -90.30268, 37.531596 ], [ -90.302684, 37.532174 ], [ -90.302938, 37.534267 ], [ -90.302993, 37.534496 ], [ -90.303373, 37.534745 ], [ -90.303435, 37.534938 ], [ -90.303485, 37.5357 ], [ -90.30353, 37.536463 ], [ -90.303508, 37.536729 ], [ -90.303589, 37.536863 ], [ -90.303856, 37.537203 ], [ -90.303931, 37.537369 ], [ -90.303976, 37.537545 ], [ -90.304092, 37.538213 ], [ -90.304135, 37.539162 ], [ -90.304167, 37.539623 ], [ -90.304211, 37.54102 ], [ -90.304314, 37.547292 ], [ -90.304465, 37.549598 ], [ -90.304508, 37.551484 ], [ -90.304537, 37.551696 ], [ -90.304645, 37.551878 ], [ -90.305233, 37.552236 ], [ -90.305899, 37.553457 ], [ -90.308282, 37.558092 ], [ -90.308545, 37.558501 ], [ -90.308662, 37.558645 ], [ -90.308697, 37.558799 ], [ -90.308947, 37.559878 ], [ -90.308951, 37.560077 ], [ -90.308935, 37.560299 ], [ -90.308836, 37.56054 ], [ -90.305136, 37.565297 ], [ -90.305013, 37.565475 ], [ -90.304766, 37.565579 ], [ -90.304224, 37.565814 ], [ -90.304142, 37.565955 ], [ -90.304069, 37.566124 ], [ -90.303454, 37.56854 ], [ -90.302429, 37.571514 ], [ -90.301776, 37.574159 ], [ -90.302243, 37.575372 ], [ -90.302292, 37.576596 ], [ -90.302828, 37.577375 ], [ -90.302853, 37.578027 ], [ -90.301082, 37.582894 ], [ -90.301067, 37.583096 ], [ -90.301867, 37.586646 ], [ -90.302529, 37.588962 ], [ -90.302545, 37.589181 ], [ -90.30216, 37.589819 ], [ -90.302185, 37.59009 ], [ -90.30214, 37.590903 ], [ -90.30122, 37.59303 ], [ -90.293552, 37.605597 ], [ -90.293384, 37.605767 ], [ -90.290639, 37.607746 ], [ -90.289556, 37.608343 ], [ -90.289436, 37.608456 ], [ -90.289356, 37.608561 ], [ -90.287243, 37.612346 ], [ -90.287081, 37.612931 ], [ -90.287113, 37.613914 ], [ -90.28702, 37.61418 ], [ -90.285982, 37.616404 ], [ -90.285746, 37.617134 ], [ -90.285224, 37.618745 ], [ -90.285003, 37.619161 ], [ -90.284144, 37.620354 ], [ -90.283411, 37.621303 ], [ -90.282985, 37.621966 ], [ -90.282215, 37.62309 ], [ -90.281821, 37.624053 ], [ -90.280983, 37.625361 ], [ -90.278236, 37.630078 ], [ -90.27629, 37.638338 ], [ -90.276233, 37.638438 ], [ -90.271347, 37.644142 ], [ -90.271274, 37.644458 ], [ -90.268154, 37.651784 ], [ -90.267685, 37.652888 ], [ -90.267359, 37.653403 ], [ -90.266193, 37.654488 ], [ -90.262481, 37.65703 ], [ -90.261186, 37.658256 ], [ -90.260511, 37.659092 ], [ -90.259895, 37.660121 ], [ -90.258886, 37.663792 ], [ -90.258828, 37.664933 ], [ -90.259924, 37.67387 ], [ -90.260193, 37.675209 ], [ -90.261523, 37.682534 ], [ -90.261261, 37.685068 ], [ -90.261205, 37.685217 ], [ -90.260972, 37.68554 ], [ -90.259776, 37.687176 ], [ -90.258898, 37.688489 ], [ -90.254496, 37.69521 ], [ -90.252513, 37.697865 ], [ -90.252288, 37.698238 ], [ -90.249912, 37.702531 ], [ -90.249019, 37.703679 ], [ -90.247539, 37.705456 ], [ -90.244982, 37.708538 ], [ -90.24467, 37.708798 ], [ -90.244411, 37.708955 ], [ -90.243702, 37.709329 ], [ -90.242753, 37.709758 ], [ -90.242343, 37.710022 ], [ -90.241908, 37.710302 ], [ -90.241139, 37.710952 ], [ -90.239732, 37.711839 ], [ -90.235822, 37.71464 ], [ -90.233704, 37.715901 ], [ -90.233233, 37.716227 ], [ -90.232794, 37.716513 ], [ -90.232578, 37.716781 ], [ -90.232512, 37.716863 ], [ -90.232225, 37.717751 ], [ -90.231679, 37.718645 ], [ -90.231031, 37.719432 ], [ -90.229145, 37.721404 ], [ -90.227441, 37.723598 ], [ -90.226983, 37.724166 ], [ -90.226801, 37.724495 ], [ -90.22674, 37.725141 ], [ -90.226725, 37.725991 ], [ -90.226498, 37.72706 ], [ -90.227132, 37.731754 ], [ -90.226724, 37.73456 ], [ -90.226461, 37.735072 ], [ -90.226413, 37.735276 ], [ -90.226131, 37.735604 ], [ -90.225755, 37.736033 ], [ -90.225242, 37.736498 ], [ -90.22488, 37.736845 ], [ -90.224274, 37.737703 ], [ -90.223272, 37.738766 ], [ -90.222072, 37.739915 ], [ -90.213592, 37.747738 ], [ -90.199202, 37.763745 ], [ -90.194593, 37.769031 ], [ -90.186432, 37.780685 ], [ -90.18556, 37.781741 ], [ -90.183109, 37.784681 ], [ -90.182846, 37.78522 ], [ -90.182568, 37.78593 ], [ -90.182358, 37.786429 ], [ -90.182151, 37.787866 ], [ -90.182293, 37.788781 ], [ -90.182614, 37.790647 ], [ -90.182631, 37.791155 ], [ -90.182592, 37.791256 ], [ -90.182499, 37.791383 ], [ -90.179518, 37.796139 ], [ -90.179152, 37.796506 ], [ -90.17875, 37.796882 ], [ -90.178589, 37.796954 ], [ -90.178357, 37.797068 ], [ -90.175809, 37.797793 ], [ -90.175658, 37.797871 ], [ -90.17535, 37.798084 ], [ -90.174791, 37.798639 ], [ -90.174356, 37.799455 ], [ -90.173328, 37.801448 ], [ -90.168632, 37.810455 ], [ -90.167273, 37.814452 ], [ -90.167266, 37.816066 ], [ -90.167193, 37.816378 ], [ -90.16667, 37.818051 ], [ -90.166186, 37.819026 ], [ -90.163209, 37.823037 ], [ -90.160874, 37.825552 ], [ -90.153997, 37.832754 ], [ -90.153523, 37.833425 ], [ -90.152231, 37.835054 ], [ -90.149948, 37.83781 ], [ -90.147053, 37.841161 ], [ -90.1458, 37.84269 ], [ -90.143189, 37.845107 ], [ -90.138818, 37.848646 ], [ -90.132404, 37.853619 ], [ -90.127611, 37.857578 ], [ -90.125859, 37.859119 ], [ -90.124222, 37.860486 ], [ -90.123503, 37.861074 ], [ -90.122141, 37.862571 ], [ -90.121749, 37.863152 ], [ -90.120717, 37.865747 ], [ -90.120316, 37.867115 ], [ -90.120106, 37.867965 ], [ -90.119558, 37.874217 ], [ -90.119748, 37.875825 ], [ -90.120343, 37.879195 ], [ -90.120702, 37.881606 ], [ -90.120765, 37.881764 ], [ -90.120968, 37.882252 ], [ -90.121462, 37.884004 ], [ -90.122615, 37.888459 ], [ -90.12268, 37.889585 ], [ -90.12263, 37.89056 ], [ -90.122659, 37.890742 ], [ -90.122112, 37.89219 ], [ -90.121198, 37.894441 ], [ -90.119086, 37.899398 ], [ -90.115295, 37.907315 ], [ -90.111272, 37.918805 ], [ -90.110084, 37.922285 ], [ -90.110084, 37.922414 ], [ -90.110164, 37.9229 ], [ -90.110095, 37.923145 ], [ -90.109393, 37.924988 ], [ -90.108673, 37.928199 ], [ -90.108494, 37.929036 ], [ -90.106869, 37.935365 ], [ -90.106587, 37.936172 ], [ -90.10655, 37.936235 ], [ -90.106467, 37.936319 ], [ -90.106106, 37.936469 ], [ -90.106029, 37.93652 ], [ -90.105973, 37.93661 ], [ -90.105448, 37.93792 ], [ -90.105455, 37.938001 ], [ -90.105466, 37.938088 ], [ -90.10562, 37.938186 ], [ -90.105632, 37.938287 ], [ -90.105649, 37.938384 ], [ -90.105544, 37.938731 ], [ -90.102639, 37.946682 ], [ -90.102622, 37.946771 ], [ -90.102592, 37.946857 ], [ -90.102548, 37.946963 ], [ -90.102646, 37.948071 ], [ -90.102693, 37.949098 ], [ -90.102741, 37.950619 ], [ -90.102524, 37.952581 ], [ -90.100293, 37.961528 ], [ -90.100258, 37.961824 ], [ -90.100238, 37.9619 ], [ -90.100067, 37.962114 ], [ -90.099892, 37.962332 ], [ -90.099796, 37.962583 ], [ -90.099108, 37.970349 ], [ -90.098718, 37.973787 ], [ -90.097705, 37.978468 ], [ -90.097558, 37.979176 ], [ -90.097294, 37.979842 ], [ -90.097364, 37.979859 ], [ -90.097145, 37.980409 ], [ -90.097109, 37.9804 ] ] ] } },
{ "type": "Feature", "properties": { "TYPEPIPE": "Interstate", "Operator": "Mississippi River Trans Corp", "Status": "Operating", "Shape_Leng": 0.26067402265, "STATEFP": "29", "STATENS": "01779791", "AFFGEOID": "0400000US29", "GEOID": "29", "STUSPS": "MO", "NAME": "Missouri", "LSAD": "00", "ALAND": 178050802184, "AWATER": 2489425460 }, "geometry": { "type": "MultiLineString", "coordinates": [ [ [ -90.334197, 38.481702 ], [ -90.334441, 38.481849 ], [ -90.334645, 38.482026 ], [ -90.33589, 38.483406 ], [ -90.336414, 38.483968 ], [ -90.33629, 38.484081 ], [ -90.336417, 38.484215 ], [ -90.336584, 38.484158 ], [ -90.337151, 38.485002 ], [ -90.337621, 38.485632 ], [ -90.337859, 38.485997 ], [ -90.338007, 38.485957 ], [ -90.338094, 38.486062 ], [ -90.338214, 38.486602 ], [ -90.338237, 38.486763 ], [ -90.33833, 38.487178 ], [ -90.33841, 38.487291 ], [ -90.338849, 38.488779 ], [ -90.338908, 38.489053 ], [ -90.338777, 38.48918 ], [ -90.338837, 38.489353 ], [ -90.339021, 38.489362 ], [ -90.339289, 38.490546 ], [ -90.339531, 38.491717 ], [ -90.339846, 38.492223 ], [ -90.339911, 38.492536 ], [ -90.340582, 38.493537 ], [ -90.341047, 38.494077 ], [ -90.341974, 38.494713 ], [ -90.342357, 38.49557 ], [ -90.342467, 38.495628 ], [ -90.342602, 38.495569 ], [ -90.342675, 38.495627 ], [ -90.34283, 38.495885 ], [ -90.342841, 38.496013 ], [ -90.342749, 38.497266 ], [ -90.341613, 38.498307 ], [ -90.340763, 38.49884 ], [ -90.340364, 38.499219 ], [ -90.339868, 38.499598 ], [ -90.339677, 38.499736 ], [ -90.337821, 38.50073 ], [ -90.336249, 38.501599 ], [ -90.33534, 38.503848 ], [ -90.335445, 38.504216 ], [ -90.336286, 38.50644 ], [ -90.3358, 38.506525 ], [ -90.335176, 38.506775 ], [ -90.334273, 38.507336 ], [ -90.33409, 38.507218 ], [ -90.333768, 38.507532 ], [ -90.333797, 38.507625 ], [ -90.333598, 38.507764 ], [ -90.333233, 38.508204 ], [ -90.332932, 38.508499 ], [ -90.332442, 38.508961 ], [ -90.332211, 38.509213 ], [ -90.331273, 38.510128 ], [ -90.330506, 38.510872 ], [ -90.330217, 38.511171 ], [ -90.329775, 38.511612 ], [ -90.329722, 38.511701 ], [ -90.329651, 38.511818 ], [ -90.329434, 38.512013 ], [ -90.32901, 38.512405 ], [ -90.328575, 38.512991 ], [ -90.328021, 38.513548 ], [ -90.327765, 38.513814 ], [ -90.327296, 38.514398 ], [ -90.326785, 38.514919 ], [ -90.32567, 38.516138 ], [ -90.325266, 38.516538 ], [ -90.325073, 38.516739 ], [ -90.324826, 38.516976 ], [ -90.324629, 38.517155 ], [ -90.324489, 38.517353 ], [ -90.323502, 38.518466 ], [ -90.322749, 38.519253 ], [ -90.322568, 38.519496 ], [ -90.32243, 38.519538 ], [ -90.322346, 38.519703 ], [ -90.320981, 38.521209 ], [ -90.320663, 38.521506 ], [ -90.320418, 38.521607 ], [ -90.320584, 38.521691 ], [ -90.319855, 38.522444 ], [ -90.319708, 38.522348 ], [ -90.319106, 38.522975 ], [ -90.319118, 38.523106 ], [ -90.318593, 38.523589 ], [ -90.318583, 38.523685 ], [ -90.318656, 38.523784 ], [ -90.318846, 38.524038 ], [ -90.318967, 38.524224 ], [ -90.319083, 38.524442 ], [ -90.319004, 38.524598 ], [ -90.319489, 38.525415 ], [ -90.319646, 38.525426 ], [ -90.320752, 38.527383 ], [ -90.320996, 38.527771 ], [ -90.321173, 38.528086 ], [ -90.321413, 38.528329 ], [ -90.32166, 38.528582 ], [ -90.321907, 38.528835 ], [ -90.322251, 38.52909 ], [ -90.322546, 38.529288 ], [ -90.322919, 38.5295 ], [ -90.323462, 38.529758 ], [ -90.323645, 38.529844 ], [ -90.323696, 38.529969 ], [ -90.323693, 38.530309 ], [ -90.323891, 38.530503 ], [ -90.32388, 38.530833 ], [ -90.323662, 38.535261 ], [ -90.323651, 38.535538 ], [ -90.323612, 38.536085 ], [ -90.3236, 38.536227 ], [ -90.323582, 38.537375 ], [ -90.323516, 38.53742 ], [ -90.323507, 38.538616 ], [ -90.323531, 38.538925 ], [ -90.323563, 38.539104 ], [ -90.323496, 38.539145 ], [ -90.323497, 38.539423 ], [ -90.323444, 38.540004 ], [ -90.324977, 38.540055 ], [ -90.326608, 38.540065 ], [ -90.326581, 38.540284 ], [ -90.326663, 38.540878 ], [ -90.326568, 38.541551 ], [ -90.326438, 38.543539 ], [ -90.326121, 38.545148 ], [ -90.326141, 38.545617 ], [ -90.326109, 38.54614 ], [ -90.326115, 38.54888 ], [ -90.326055, 38.549383 ], [ -90.32615, 38.550425 ], [ -90.326212, 38.550665 ], [ -90.32637, 38.551086 ], [ -90.326406, 38.551379 ], [ -90.326484, 38.551517 ], [ -90.326566, 38.551591 ], [ -90.32661, 38.551728 ], [ -90.32667, 38.551883 ], [ -90.326733, 38.552063 ], [ -90.326975, 38.552621 ], [ -90.327076, 38.55289 ], [ -90.327164, 38.553079 ], [ -90.327601, 38.553733 ], [ -90.327762, 38.554281 ], [ -90.328323, 38.555245 ], [ -90.328416, 38.555531 ], [ -90.328584, 38.555843 ], [ -90.328679, 38.555942 ], [ -90.328889, 38.556387 ], [ -90.329621, 38.557841 ], [ -90.329858, 38.558311 ], [ -90.330253, 38.55918 ], [ -90.330337, 38.559401 ], [ -90.331081, 38.560946 ], [ -90.331373, 38.561604 ], [ -90.331465, 38.561831 ], [ -90.331589, 38.562051 ], [ -90.331705, 38.562277 ], [ -90.331826, 38.562543 ], [ -90.332404, 38.563814 ], [ -90.333182, 38.565802 ], [ -90.333193, 38.565944 ], [ -90.333196, 38.566162 ], [ -90.333106, 38.566735 ], [ -90.332735, 38.566983 ], [ -90.332521, 38.566954 ], [ -90.33238, 38.56793 ], [ -90.332946, 38.56935 ], [ -90.332597, 38.571782 ], [ -90.332574, 38.571992 ], [ -90.332444, 38.57216 ], [ -90.331911, 38.572937 ], [ -90.331632, 38.573239 ], [ -90.33112, 38.573695 ], [ -90.330744, 38.574008 ], [ -90.330609, 38.57408 ], [ -90.329715, 38.574674 ], [ -90.329243, 38.575004 ], [ -90.328511, 38.575451 ], [ -90.327951, 38.575806 ], [ -90.327498, 38.576133 ], [ -90.327105, 38.576385 ], [ -90.326855, 38.576549 ], [ -90.326603, 38.576778 ], [ -90.326097, 38.577217 ], [ -90.325623, 38.577737 ], [ -90.325355, 38.578032 ], [ -90.324259, 38.579468 ], [ -90.323546, 38.58034 ], [ -90.323418, 38.580505 ], [ -90.323089, 38.580839 ], [ -90.32267, 38.581324 ], [ -90.321005, 38.583239 ], [ -90.320353, 38.584013 ], [ -90.320083, 38.584283 ], [ -90.319596, 38.584907 ], [ -90.319331, 38.585221 ], [ -90.318977, 38.585878 ], [ -90.318745, 38.58649 ], [ -90.318635, 38.586982 ], [ -90.318605, 38.58761 ], [ -90.318605, 38.587913 ], [ -90.318609, 38.588197 ], [ -90.318616, 38.58836 ], [ -90.318711, 38.588854 ], [ -90.319164, 38.589944 ], [ -90.319215, 38.590173 ], [ -90.319359, 38.590529 ], [ -90.319373, 38.5907 ], [ -90.319697, 38.591607 ], [ -90.319771, 38.591802 ], [ -90.319942, 38.59228 ], [ -90.319963, 38.592418 ], [ -90.320142, 38.592783 ], [ -90.320221, 38.592912 ], [ -90.320316, 38.593107 ], [ -90.320355, 38.5932 ], [ -90.320362, 38.593267 ], [ -90.320373, 38.593348 ], [ -90.320437, 38.593573 ], [ -90.320496, 38.593885 ], [ -90.320653, 38.594525 ], [ -90.3208, 38.595334 ], [ -90.320864, 38.595736 ], [ -90.320943, 38.596045 ], [ -90.320432, 38.59705 ], [ -90.320146, 38.597433 ], [ -90.319671, 38.598064 ], [ -90.319467, 38.598191 ], [ -90.319104, 38.598388 ], [ -90.318779, 38.5986 ], [ -90.318653, 38.598575 ], [ -90.31746, 38.59922 ], [ -90.316257, 38.599676 ], [ -90.315167, 38.600064 ], [ -90.315086, 38.600133 ], [ -90.314987, 38.60017 ], [ -90.314754, 38.600239 ], [ -90.314691, 38.600261 ], [ -90.314182, 38.600417 ], [ -90.313308, 38.600769 ], [ -90.31296, 38.601033 ], [ -90.312705, 38.601252 ], [ -90.312509, 38.6014 ], [ -90.312362, 38.601556 ], [ -90.311892, 38.602013 ], [ -90.311266, 38.602721 ], [ -90.310519, 38.603513 ], [ -90.310337, 38.603824 ], [ -90.309851, 38.604404 ], [ -90.309632, 38.604723 ], [ -90.309576, 38.604818 ], [ -90.309583, 38.604973 ], [ -90.308841, 38.606008 ], [ -90.308729, 38.606157 ], [ -90.308507, 38.606448 ], [ -90.308202, 38.606846 ], [ -90.307539, 38.607511 ], [ -90.307302, 38.607819 ], [ -90.30703, 38.608102 ], [ -90.306812, 38.608325 ], [ -90.306722, 38.608522 ], [ -90.306242, 38.609078 ], [ -90.305669, 38.609924 ], [ -90.305001, 38.610714 ], [ -90.304671, 38.611067 ], [ -90.304329, 38.611432 ], [ -90.304155, 38.611619 ], [ -90.303849, 38.611893 ], [ -90.303479, 38.61223 ], [ -90.303173, 38.612518 ], [ -90.302798, 38.612814 ], [ -90.302802, 38.612913 ], [ -90.302414, 38.613271 ], [ -90.301959, 38.61355 ], [ -90.301065, 38.614042 ], [ -90.300215, 38.61455 ], [ -90.299732, 38.614834 ], [ -90.298945, 38.615286 ], [ -90.298163, 38.615768 ], [ -90.297339, 38.616266 ], [ -90.295965, 38.617225 ], [ -90.295002, 38.61786 ], [ -90.295312, 38.618106 ], [ -90.295173, 38.618155 ], [ -90.295263, 38.618217 ], [ -90.295474, 38.61856 ], [ -90.295642, 38.61877 ], [ -90.295865, 38.618948 ], [ -90.296494, 38.619145 ], [ -90.296451, 38.619348 ], [ -90.296133, 38.619535 ], [ -90.295413, 38.620069 ], [ -90.294722, 38.620391 ], [ -90.293971, 38.620707 ], [ -90.29357, 38.620878 ], [ -90.293011, 38.621014 ], [ -90.292569, 38.621229 ], [ -90.292214, 38.621322 ], [ -90.291333, 38.621544 ], [ -90.291022, 38.621559 ], [ -90.290702, 38.621637 ], [ -90.289713, 38.621756 ], [ -90.289739, 38.62202 ], [ -90.288426, 38.622229 ], [ -90.288216, 38.622192 ], [ -90.287747, 38.622229 ], [ -90.287405, 38.622273 ], [ -90.286197, 38.622297 ], [ -90.285674, 38.622369 ], [ -90.280005, 38.623069 ], [ -90.279368, 38.62315 ], [ -90.276419, 38.623516 ], [ -90.275749, 38.623611 ], [ -90.275496, 38.623627 ], [ -90.275165, 38.623646 ], [ -90.272586, 38.623927 ], [ -90.272113, 38.623951 ], [ -90.271957, 38.623786 ], [ -90.271435, 38.62379 ], [ -90.27098, 38.623803 ], [ -90.270503, 38.623811 ], [ -90.269908, 38.623793 ], [ -90.268073, 38.623577 ], [ -90.267507, 38.623482 ], [ -90.266759, 38.623318 ], [ -90.266592, 38.623315 ], [ -90.265432, 38.622951 ], [ -90.265302, 38.622889 ], [ -90.264422, 38.622693 ], [ -90.262296, 38.622389 ], [ -90.262227, 38.621957 ], [ -90.26192, 38.621972 ], [ -90.261888, 38.621857 ], [ -90.261999, 38.621437 ], [ -90.262085, 38.621371 ], [ -90.262081, 38.621211 ], [ -90.262272, 38.620385 ], [ -90.2612, 38.620189 ], [ -90.260618, 38.620034 ], [ -90.260706, 38.61993 ], [ -90.260838, 38.619792 ], [ -90.260839, 38.619706 ], [ -90.261548, 38.619124 ], [ -90.261529, 38.619037 ], [ -90.262965, 38.617884 ], [ -90.263055, 38.617938 ], [ -90.263237, 38.617784 ], [ -90.263448, 38.617586 ], [ -90.263712, 38.617396 ], [ -90.264104, 38.617156 ], [ -90.264783, 38.616839 ], [ -90.265139, 38.616647 ], [ -90.265311, 38.616515 ], [ -90.267164, 38.615668 ], [ -90.267939, 38.61528 ], [ -90.268839, 38.614778 ], [ -90.269791, 38.614227 ], [ -90.269987, 38.614115 ], [ -90.271079, 38.613446 ], [ -90.271529, 38.613159 ], [ -90.272146, 38.612667 ], [ -90.272268, 38.612549 ], [ -90.272773, 38.612048 ], [ -90.273141, 38.61159 ], [ -90.273629, 38.610803 ], [ -90.273784, 38.610426 ], [ -90.273929, 38.610041 ], [ -90.274015, 38.609802 ], [ -90.27423, 38.608996 ], [ -90.274346, 38.607623 ], [ -90.274457, 38.607352 ], [ -90.274791, 38.606235 ], [ -90.274919, 38.6056 ], [ -90.275016, 38.605316 ], [ -90.275097, 38.604975 ], [ -90.275141, 38.60476 ], [ -90.275172, 38.604424 ], [ -90.275135, 38.60414 ], [ -90.275011, 38.603809 ], [ -90.274742, 38.603691 ], [ -90.274543, 38.603359 ], [ -90.274084, 38.602945 ], [ -90.273891, 38.602824 ], [ -90.273511, 38.602578 ], [ -90.273214, 38.602414 ], [ -90.272834, 38.602224 ], [ -90.272491, 38.602092 ], [ -90.272049, 38.601894 ], [ -90.2714, 38.601699 ], [ -90.270579, 38.601345 ], [ -90.270098, 38.60127 ], [ -90.269683, 38.6012 ], [ -90.269078, 38.60106 ], [ -90.268501, 38.600918 ], [ -90.268244, 38.600768 ], [ -90.267998, 38.600719 ], [ -90.267725, 38.600591 ], [ -90.267323, 38.600412 ], [ -90.267064, 38.600274 ], [ -90.266474, 38.599959 ], [ -90.266363, 38.599827 ], [ -90.266149, 38.59982 ], [ -90.26601, 38.599673 ], [ -90.265368, 38.599144 ], [ -90.264758, 38.598676 ], [ -90.263768, 38.598044 ], [ -90.26332, 38.597683 ], [ -90.263034, 38.597453 ], [ -90.262378, 38.596979 ], [ -90.262196, 38.596857 ], [ -90.261916, 38.596594 ], [ -90.261746, 38.59642 ], [ -90.261604, 38.596273 ], [ -90.261445, 38.59607 ], [ -90.261287, 38.595886 ] ] ] } },
{ "type": "Feature", "properties": { "TYPEPIPE": "Interstate", "Operator": "Mississippi River Trans Corp", "Status": "Operating", "Shape_Leng": 0.0087860727, "STATEFP": "29", "STATENS": "01779791", "AFFGEOID": "0400000US29", "GEOID": "29", "STUSPS": "MO", "NAME": "Missouri", "LSAD": "00", "ALAND": 178050802184, "AWATER": 2489425460 }, "geometry": { "type": "MultiLineString", "coordinates": [ [ [ -90.265793, 38.597454 ], [ -90.266157, 38.597353 ], [ -90.268759, 38.594721 ], [ -90.269499, 38.593764 ], [ -90.269984, 38.592388 ], [ -90.270009, 38.59165 ], [ -90.270366, 38.59153 ], [ -90.270468, 38.590972 ], [ -90.270749, 38.590753 ] ] ] } },
{ "type": "Feature", "properties": { "TYPEPIPE": "Interstate", "Operator": "Mississippi River Trans Corp", "Status": "Operating", "Shape_Leng": 0.00013073283, "STATEFP": "29", "STATENS": "01779791", "AFFGEOID": "0400000US29", "GEOID": "29", "STUSPS": "MO", "NAME": "Missouri", "LSAD": "00", "ALAND": 178050802184, "AWATER": 2489425460 }, "geometry": { "type": "MultiLineString", "coordinates": [ [ [ -90.073911, 37.973285 ], [ -90.073853, 37.973238 ], [ -90.073896, 37.973202 ] ] ] } },
{ "type": "Feature", "properties": { "TYPEPIPE": "Interstate", "Operator": "Mississippi River Trans Corp", "Status": "Operating", "Shape_Leng": 0.00017601136, "STATEFP": "29", "STATENS": "01779791", "AFFGEOID": "0400000US29", "GEOID": "29", "STUSPS": "MO", "NAME": "Missouri", "LSAD": "00", "ALAND": 178050802184, "AWATER": 2489425460 }, "geometry": { "type": "MultiLineString", "coordinates": [ [ [ -90.698729, 37.359134 ], [ -90.698905, 37.359132 ] ] ] } },
{ "type": "Feature", "properties": { "TYPEPIPE": "Interstate", "Operator": "Mississippi River Trans Corp", "Status": "Operating", "Shape_Leng": 0.00035720162, "STATEFP": "29", "STATENS": "01779791", "AFFGEOID": "0400000US29", "GEOID": "29", "STUSPS": "MO", "NAME": "Missouri", "LSAD": "00", "ALAND": 178050802184, "AWATER": 2489425460 }, "geometry": { "type": "MultiLineString", "coordinates": [ [ [ -90.308521, 37.5596 ], [ -90.308878, 37.559588 ] ] ] } },
{ "type": "Feature", "properties": { "TYPEPIPE": "Interstate", "Operator": "Mississippi River Trans Corp", "Status": "Operating", "Shape_Leng": 0.000219, "STATEFP": "29", "STATENS": "01779791", "AFFGEOID": "0400000US29", "GEOID": "29", "STUSPS": "MO", "NAME": "Missouri", "LSAD": "00", "ALAND": 178050802184, "AWATER": 2489425460 }, "geometry": { "type": "MultiLineString", "coordinates": [ [ [ -90.261794, 38.596473 ], [ -90.261575, 38.596473 ] ] ] } },
{ "type": "Feature", "properties": { "TYPEPIPE": "Interstate", "Operator": "Mississippi River Trans Corp", "Status": "Operating", "Shape_Leng": 0.00011382454, "STATEFP": "29", "STATENS": "01779791", "AFFGEOID": "0400000US29", "GEOID": "29", "STUSPS": "MO", "NAME": "Missouri", "LSAD": "00", "ALAND": 178050802184, "AWATER": 2489425460 }, "geometry": { "type": "MultiLineString", "coordinates": [ [ [ -90.261933, 38.621687 ], [ -90.261875, 38.621726 ], [ -90.261842, 38.621755 ] ] ] } },
{ "type": "Feature", "properties": { "TYPEPIPE": "Interstate", "Operator": "Mississippi River Trans Corp", "Status": "Operating", "Shape_Leng": 0.00516702506, "STATEFP": "29", "STATENS": "01779791", "AFFGEOID": "0400000US29", "GEOID": "29", "STUSPS": "MO", "NAME": "Missouri", "LSAD": "00", "ALAND": 178050802184, "AWATER": 2489425460 }, "geometry": { "type": "MultiLineString", "coordinates": [ [ [ -90.259591140192612, 38.521537827981973 ], [ -90.262834, 38.522334 ] ] ] } },
{ "type": "Feature", "properties": { "TYPEPIPE": "Interstate", "Operator": "Mississippi River Trans Corp", "Status": "Operating", "Shape_Leng": 0.00511439635, "STATEFP": "29", "STATENS": "01779791", "AFFGEOID": "0400000US29", "GEOID": "29", "STUSPS": "MO", "NAME": "Missouri", "LSAD": "00", "ALAND": 178050802184, "AWATER": 2489425460 }, "geometry": { "type": "MultiLineString", "coordinates": [ [ [ -90.259580802582661, 38.521560302993898 ], [ -90.262823, 38.522356 ] ] ] } },
{ "type": "Feature", "properties": { "TYPEPIPE": "Interstate", "Operator": "Mississippi River Trans Corp", "Status": "Operating", "Shape_Leng": 0.01632634617, "STATEFP": "29", "STATENS": "01779791", "AFFGEOID": "0400000US29", "GEOID": "29", "STUSPS": "MO", "NAME": "Missouri", "LSAD": "00", "ALAND": 178050802184, "AWATER": 2489425460 }, "geometry": { "type": "MultiLineString", "coordinates": [ [ [ -90.094111, 38.017954 ], [ -90.094214, 38.0185 ], [ -90.094202, 38.0188 ], [ -90.094182, 38.019092 ], [ -90.094137, 38.019383 ], [ -90.094061, 38.019673 ], [ -90.093958, 38.019994 ], [ -90.09382, 38.020273 ], [ -90.093657, 38.020561 ], [ -90.093488, 38.020833 ], [ -90.093305, 38.021138 ], [ -90.093085, 38.021367 ], [ -90.092818, 38.021587 ], [ -90.092418, 38.021836 ], [ -90.090425879382593, 38.022814687399645 ] ] ] } },
{ "type": "Feature", "properties": { "TYPEPIPE": "Interstate", "Operator": "Mississippi River Trans Corp", "Status": "Operating", "Shape_Leng": 0.01612428093, "STATEFP": "29", "STATENS": "01779791", "AFFGEOID": "0400000US29", "GEOID": "29", "STUSPS": "MO", "NAME": "Missouri", "LSAD": "00", "ALAND": 178050802184, "AWATER": 2489425460 }, "geometry": { "type": "MultiLineString", "coordinates": [ [ [ -90.093914, 38.017848 ], [ -90.093937, 38.018277 ], [ -90.093922, 38.018832 ], [ -90.093897, 38.019127 ], [ -90.09381, 38.019435 ], [ -90.093691, 38.019745 ], [ -90.093568, 38.02005 ], [ -90.093444, 38.020335 ], [ -90.093285, 38.020614 ], [ -90.093108, 38.020893 ], [ -90.09289, 38.021171 ], [ -90.092315, 38.021686 ], [ -90.090412015985478, 38.022803870801781 ] ] ] } },
{ "type": "Feature", "properties": { "TYPEPIPE": "Interstate", "Operator": "Mississippi River Trans Corp", "Status": "Operating", "Shape_Leng": 0.01597426446, "STATEFP": "29", "STATENS": "01779791", "AFFGEOID": "0400000US29", "GEOID": "29", "STUSPS": "MO", "NAME": "Missouri", "LSAD": "00", "ALAND": 178050802184, "AWATER": 2489425460 }, "geometry": { "type": "MultiLineString", "coordinates": [ [ [ -90.093722, 38.017744 ], [ -90.093621, 38.018825 ], [ -90.093551, 38.019144 ], [ -90.093491, 38.019425 ], [ -90.09336, 38.019747 ], [ -90.093049, 38.020305 ], [ -90.092697, 38.020882 ], [ -90.092514, 38.02115 ], [ -90.092051, 38.021651 ], [ -90.090396954120536, 38.02279211912505 ] ] ] } },
{ "type": "Feature", "properties": { "TYPEPIPE": "Interstate", "Operator": "Mississippi River Trans Corp", "Status": "Operating", "Shape_Leng": 0.01580664705, "STATEFP": "29", "STATENS": "01779791", "AFFGEOID": "0400000US29", "GEOID": "29", "STUSPS": "MO", "NAME": "Missouri", "LSAD": "00", "ALAND": 178050802184, "AWATER": 2489425460 }, "geometry": { "type": "MultiLineString", "coordinates": [ [ [ -90.09357, 38.017663 ], [ -90.093285, 38.018894 ], [ -90.093222, 38.01918 ], [ -90.092983, 38.019772 ], [ -90.092675, 38.020385 ], [ -90.092261, 38.020999 ], [ -90.091883, 38.021492 ], [ -90.090381353722378, 38.022779947268063 ] ] ] } },
{ "type": "Feature", "properties": { "TYPEPIPE": "Interstate", "Operator": "Mississippi River Trans Corp", "Status": "Operating", "Shape_Leng": 0.01629986959, "STATEFP": "29", "STATENS": "01779791", "AFFGEOID": "0400000US29", "GEOID": "29", "STUSPS": "MO", "NAME": "Missouri", "LSAD": "00", "ALAND": 178050802184, "AWATER": 2489425460 }, "geometry": { "type": "MultiLineString", "coordinates": [ [ [ -90.095482, 38.018692 ], [ -90.091916164061303, 38.023977438553942 ] ] ] } },
{ "type": "Feature", "properties": { "TYPEPIPE": "Interstate", "Operator": "Mississippi River Trans Corp", "Status": "Operating", "Shape_Leng": 0.01635802848, "STATEFP": "29", "STATENS": "01779791", "AFFGEOID": "0400000US29", "GEOID": "29", "STUSPS": "MO", "NAME": "Missouri", "LSAD": "00", "ALAND": 178050802184, "AWATER": 2489425460 }, "geometry": { "type": "MultiLineString", "coordinates": [ [ [ -90.095526, 38.018715 ], [ -90.091954379019825, 38.024007254418095 ] ] ] } },
{ "type": "Feature", "properties": { "TYPEPIPE": "Intrastate", "Operator": "Missouri Gas Co", "Status": "Operating", "Shape_Leng": 0.09701915945, "STATEFP": "29", "STATENS": "01779791", "AFFGEOID": "0400000US29", "GEOID": "29", "STUSPS": "MO", "NAME": "Missouri", "LSAD": "00", "ALAND": 178050802184, "AWATER": 2489425460 }, "geometry": { "type": "MultiLineString", "coordinates": [ [ [ -91.525774, 37.998091 ], [ -91.429623, 38.011041 ] ] ] } },
{ "type": "Feature", "properties": { "TYPEPIPE": "Intrastate", "Operator": "Missouri Gas Co", "Status": "Operating", "Shape_Leng": 0.08906536693, "STATEFP": "29", "STATENS": "01779791", "AFFGEOID": "0400000US29", "GEOID": "29", "STUSPS": "MO", "NAME": "Missouri", "LSAD": "00", "ALAND": 178050802184, "AWATER": 2489425460 }, "geometry": { "type": "MultiLineString", "coordinates": [ [ [ -91.429623, 38.011041 ], [ -91.352598, 38.05576 ] ] ] } },
{ "type": "Feature", "properties": { "TYPEPIPE": "Intrastate", "Operator": "Missouri Gas Co", "Status": "Operating", "Shape_Leng": 0.05966345821, "STATEFP": "29", "STATENS": "01779791", "AFFGEOID": "0400000US29", "GEOID": "29", "STUSPS": "MO", "NAME": "Missouri", "LSAD": "00", "ALAND": 178050802184, "AWATER": 2489425460 }, "geometry": { "type": "MultiLineString", "coordinates": [ [ [ -91.352598, 38.05576 ], [ -91.31938, 38.105321 ] ] ] } },
{ "type": "Feature", "properties": { "TYPEPIPE": "Intrastate", "Operator": "Missouri Gas Co", "Status": "Operating", "Shape_Leng": 0.0075520239, "STATEFP": "29", "STATENS": "01779791", "AFFGEOID": "0400000US29", "GEOID": "29", "STUSPS": "MO", "NAME": "Missouri", "LSAD": "00", "ALAND": 178050802184, "AWATER": 2489425460 }, "geometry": { "type": "MultiLineString", "coordinates": [ [ [ -91.31938, 38.105321 ], [ -91.311828, 38.10534 ] ] ] } },
{ "type": "Feature", "properties": { "TYPEPIPE": "Intrastate", "Operator": "Missouri Gas Co", "Status": "Operating", "Shape_Leng": 0.15054291413000001, "STATEFP": "29", "STATENS": "01779791", "AFFGEOID": "0400000US29", "GEOID": "29", "STUSPS": "MO", "NAME": "Missouri", "LSAD": "00", "ALAND": 178050802184, "AWATER": 2489425460 }, "geometry": { "type": "MultiLineString", "coordinates": [ [ [ -91.311828, 38.10534 ], [ -91.198164, 38.20405 ] ] ] } },
{ "type": "Feature", "properties": { "TYPEPIPE": "Intrastate", "Operator": "Missouri Gas Co", "Status": "Operating", "Shape_Leng": 0.05574744812, "STATEFP": "29", "STATENS": "01779791", "AFFGEOID": "0400000US29", "GEOID": "29", "STUSPS": "MO", "NAME": "Missouri", "LSAD": "00", "ALAND": 178050802184, "AWATER": 2489425460 }, "geometry": { "type": "MultiLineString", "coordinates": [ [ [ -92.024077, 37.810129 ], [ -91.976391, 37.839005 ] ] ] } },
{ "type": "Feature", "properties": { "TYPEPIPE": "Intrastate", "Operator": "Missouri Gas Co", "Status": "Operating", "Shape_Leng": 0.07089923554, "STATEFP": "29", "STATENS": "01779791", "AFFGEOID": "0400000US29", "GEOID": "29", "STUSPS": "MO", "NAME": "Missouri", "LSAD": "00", "ALAND": 178050802184, "AWATER": 2489425460 }, "geometry": { "type": "MultiLineString", "coordinates": [ [ [ -91.976391, 37.839005 ], [ -91.931091, 37.893545 ] ] ] } },
{ "type": "Feature", "properties": { "TYPEPIPE": "Intrastate", "Operator": "Missouri Gas Co", "Status": "Operating", "Shape_Leng": 0.27182608022, "STATEFP": "29", "STATENS": "01779791", "AFFGEOID": "0400000US29", "GEOID": "29", "STUSPS": "MO", "NAME": "Missouri", "LSAD": "00", "ALAND": 178050802184, "AWATER": 2489425460 }, "geometry": { "type": "MultiLineString", "coordinates": [ [ [ -91.931091, 37.893545 ], [ -91.672812, 37.978288 ] ] ] } },
{ "type": "Feature", "properties": { "TYPEPIPE": "Intrastate", "Operator": "Missouri Gas Co", "Status": "Operating", "Shape_Leng": 0.14836553593, "STATEFP": "29", "STATENS": "01779791", "AFFGEOID": "0400000US29", "GEOID": "29", "STUSPS": "MO", "NAME": "Missouri", "LSAD": "00", "ALAND": 178050802184, "AWATER": 2489425460 }, "geometry": { "type": "MultiLineString", "coordinates": [ [ [ -91.672812, 37.978288 ], [ -91.525774, 37.998091 ] ] ] } },
{ "type": "Feature", "properties": { "TYPEPIPE": "Intrastate", "Operator": "Missouri Gas Co", "Status": "Operating", "Shape_Leng": 0.03037212507, "STATEFP": "29", "STATENS": "01779791", "AFFGEOID": "0400000US29", "GEOID": "29", "STUSPS": "MO", "NAME": "Missouri", "LSAD": "00", "ALAND": 178050802184, "AWATER": 2489425460 }, "geometry": { "type": "MultiLineString", "coordinates": [ [ [ -92.153088, 37.709929 ], [ -92.142522, 37.738404 ] ] ] } },
{ "type": "Feature", "properties": { "TYPEPIPE": "Intrastate", "Operator": "Missouri Gas Co", "Status": "Operating", "Shape_Leng": 0.1384691072, "STATEFP": "29", "STATENS": "01779791", "AFFGEOID": "0400000US29", "GEOID": "29", "STUSPS": "MO", "NAME": "Missouri", "LSAD": "00", "ALAND": 178050802184, "AWATER": 2489425460 }, "geometry": { "type": "MultiLineString", "coordinates": [ [ [ -92.142522, 37.738404 ], [ -92.024077, 37.810129 ] ] ] } },
{ "type": "Feature", "properties": { "TYPEPIPE": "Interstate", "Operator": "Missouri Interstate Gas, LLC", "Status": "Operating", "Shape_Leng": 0.09409329058, "STATEFP": "29", "STATENS": "01779791", "AFFGEOID": "0400000US29", "GEOID": "29", "STUSPS": "MO", "NAME": "Missouri", "LSAD": "00", "ALAND": 178050802184, "AWATER": 2489425460 }, "geometry": { "type": "MultiLineString", "coordinates": [ [ [ -90.127714, 38.856033 ], [ -90.221281, 38.865971 ] ] ] } },
{ "type": "Feature", "properties": { "TYPEPIPE": "Interstate", "Operator": "Missouri Interstate Gas, LLC", "Status": "Operating", "Shape_Leng": 0.00282040511, "STATEFP": "29", "STATENS": "01779791", "AFFGEOID": "0400000US29", "GEOID": "29", "STUSPS": "MO", "NAME": "Missouri", "LSAD": "00", "ALAND": 178050802184, "AWATER": 2489425460 }, "geometry": { "type": "MultiLineString", "coordinates": [ [ [ -90.127115370148658, 38.856561690846085 ], [ -90.127714, 38.856033 ] ] ] } },
{ "type": "Feature", "properties": { "TYPEPIPE": "Intrastate", "Operator": "Missouri Pipeline Co", "Status": "Operating", "Shape_Leng": 0.07354408346000001, "STATEFP": "29", "STATENS": "01779791", "AFFGEOID": "0400000US29", "GEOID": "29", "STUSPS": "MO", "NAME": "Missouri", "LSAD": "00", "ALAND": 178050802184, "AWATER": 2489425460 }, "geometry": { "type": "MultiLineString", "coordinates": [ [ [ -91.375872, 39.264455 ], [ -91.383996, 39.337549 ] ] ] } },
{ "type": "Feature", "properties": { "TYPEPIPE": "Intrastate", "Operator": "Missouri Pipeline Co", "Status": "Operating", "Shape_Leng": 0.10791818503, "STATEFP": "29", "STATENS": "01779791", "AFFGEOID": "0400000US29", "GEOID": "29", "STUSPS": "MO", "NAME": "Missouri", "LSAD": "00", "ALAND": 178050802184, "AWATER": 2489425460 }, "geometry": { "type": "MultiLineString", "coordinates": [ [ [ -91.05057, 38.332355 ], [ -91.043052, 38.440011 ] ] ] } },
{ "type": "Feature", "properties": { "TYPEPIPE": "Intrastate", "Operator": "Missouri Pipeline Co", "Status": "Operating", "Shape_Leng": 0.06444112538000001, "STATEFP": "29", "STATENS": "01779791", "AFFGEOID": "0400000US29", "GEOID": "29", "STUSPS": "MO", "NAME": "Missouri", "LSAD": "00", "ALAND": 178050802184, "AWATER": 2489425460 }, "geometry": { "type": "MultiLineString", "coordinates": [ [ [ -91.043052, 38.440011 ], [ -91.006816, 38.493299 ] ] ] } },
{ "type": "Feature", "properties": { "TYPEPIPE": "Intrastate", "Operator": "Missouri Pipeline Co", "Status": "Operating", "Shape_Leng": 0.01468119648, "STATEFP": "29", "STATENS": "01779791", "AFFGEOID": "0400000US29", "GEOID": "29", "STUSPS": "MO", "NAME": "Missouri", "LSAD": "00", "ALAND": 178050802184, "AWATER": 2489425460 }, "geometry": { "type": "MultiLineString", "coordinates": [ [ [ -91.006816, 38.493299 ], [ -91.005603, 38.50793 ] ] ] } },
{ "type": "Feature", "properties": { "TYPEPIPE": "Intrastate", "Operator": "Missouri Pipeline Co", "Status": "Operating", "Shape_Leng": 0.03995849952, "STATEFP": "29", "STATENS": "01779791", "AFFGEOID": "0400000US29", "GEOID": "29", "STUSPS": "MO", "NAME": "Missouri", "LSAD": "00", "ALAND": 178050802184, "AWATER": 2489425460 }, "geometry": { "type": "MultiLineString", "coordinates": [ [ [ -91.005603, 38.50793 ], [ -91.002303, 38.547752 ] ] ] } },
{ "type": "Feature", "properties": { "TYPEPIPE": "Intrastate", "Operator": "Missouri Pipeline Co", "Status": "Operating", "Shape_Leng": 0.01234922483, "STATEFP": "29", "STATENS": "01779791", "AFFGEOID": "0400000US29", "GEOID": "29", "STUSPS": "MO", "NAME": "Missouri", "LSAD": "00", "ALAND": 178050802184, "AWATER": 2489425460 }, "geometry": { "type": "MultiLineString", "coordinates": [ [ [ -91.002303, 38.547752 ], [ -90.993426, 38.556337 ] ] ] } },
{ "type": "Feature", "properties": { "TYPEPIPE": "Intrastate", "Operator": "Missouri Pipeline Co", "Status": "Operating", "Shape_Leng": 0.0169199107, "STATEFP": "29", "STATENS": "01779791", "AFFGEOID": "0400000US29", "GEOID": "29", "STUSPS": "MO", "NAME": "Missouri", "LSAD": "00", "ALAND": 178050802184, "AWATER": 2489425460 }, "geometry": { "type": "MultiLineString", "coordinates": [ [ [ -91.005603, 38.50793 ], [ -91.021426, 38.513923 ] ] ] } },
{ "type": "Feature", "properties": { "TYPEPIPE": "Intrastate", "Operator": "Missouri Pipeline Co", "Status": "Operating", "Shape_Leng": 0.03433317138, "STATEFP": "29", "STATENS": "01779791", "AFFGEOID": "0400000US29", "GEOID": "29", "STUSPS": "MO", "NAME": "Missouri", "LSAD": "00", "ALAND": 178050802184, "AWATER": 2489425460 }, "geometry": { "type": "MultiLineString", "coordinates": [ [ [ -91.006816, 38.493299 ], [ -90.974617, 38.505215 ] ] ] } },
{ "type": "Feature", "properties": { "TYPEPIPE": "Intrastate", "Operator": "Missouri Pipeline Co", "Status": "Operating", "Shape_Leng": 0.01825239869, "STATEFP": "29", "STATENS": "01779791", "AFFGEOID": "0400000US29", "GEOID": "29", "STUSPS": "MO", "NAME": "Missouri", "LSAD": "00", "ALAND": 178050802184, "AWATER": 2489425460 }, "geometry": { "type": "MultiLineString", "coordinates": [ [ [ -91.043052, 38.440011 ], [ -91.061055, 38.443018 ] ] ] } },
{ "type": "Feature", "properties": { "TYPEPIPE": "Intrastate", "Operator": "Missouri Pipeline Co", "Status": "Operating", "Shape_Leng": 0.01365179699, "STATEFP": "29", "STATENS": "01779791", "AFFGEOID": "0400000US29", "GEOID": "29", "STUSPS": "MO", "NAME": "Missouri", "LSAD": "00", "ALAND": 178050802184, "AWATER": 2489425460 }, "geometry": { "type": "MultiLineString", "coordinates": [ [ [ -91.055529, 38.333552 ], [ -91.041934, 38.332308 ] ] ] } },
{ "type": "Feature", "properties": { "TYPEPIPE": "Intrastate", "Operator": "Missouri Pipeline Co", "Status": "Operating", "Shape_Leng": 0.19556625952000001, "STATEFP": "29", "STATENS": "01779791", "AFFGEOID": "0400000US29", "GEOID": "29", "STUSPS": "MO", "NAME": "Missouri", "LSAD": "00", "ALAND": 178050802184, "AWATER": 2489425460 }, "geometry": { "type": "MultiLineString", "coordinates": [ [ [ -91.198164, 38.20405 ], [ -91.05057, 38.332355 ] ] ] } },
{ "type": "Feature", "properties": { "TYPEPIPE": "Intrastate", "Operator": "Missouri Pipeline Co", "Status": "Operating", "Shape_Leng": 0.01319073144, "STATEFP": "29", "STATENS": "01779791", "AFFGEOID": "0400000US29", "GEOID": "29", "STUSPS": "MO", "NAME": "Missouri", "LSAD": "00", "ALAND": 178050802184, "AWATER": 2489425460 }, "geometry": { "type": "MultiLineString", "coordinates": [ [ [ -90.814304, 38.905073 ], [ -90.820024, 38.916959 ] ] ] } },
{ "type": "Feature", "properties": { "TYPEPIPE": "Intrastate", "Operator": "Missouri Pipeline Co", "Status": "Operating", "Shape_Leng": 0.04441138919, "STATEFP": "29", "STATENS": "01779791", "AFFGEOID": "0400000US29", "GEOID": "29", "STUSPS": "MO", "NAME": "Missouri", "LSAD": "00", "ALAND": 178050802184, "AWATER": 2489425460 }, "geometry": { "type": "MultiLineString", "coordinates": [ [ [ -90.820024, 38.916959 ], [ -90.862275, 38.930642 ] ] ] } },
{ "type": "Feature", "properties": { "TYPEPIPE": "Intrastate", "Operator": "Missouri Pipeline Co", "Status": "Operating", "Shape_Leng": 0.28182873304, "STATEFP": "29", "STATENS": "01779791", "AFFGEOID": "0400000US29", "GEOID": "29", "STUSPS": "MO", "NAME": "Missouri", "LSAD": "00", "ALAND": 178050802184, "AWATER": 2489425460 }, "geometry": { "type": "MultiLineString", "coordinates": [ [ [ -90.862275, 38.930642 ], [ -91.047155, 39.143355 ] ] ] } },
{ "type": "Feature", "properties": { "TYPEPIPE": "Intrastate", "Operator": "Missouri Pipeline Co", "Status": "Operating", "Shape_Leng": 0.14392727792000001, "STATEFP": "29", "STATENS": "01779791", "AFFGEOID": "0400000US29", "GEOID": "29", "STUSPS": "MO", "NAME": "Missouri", "LSAD": "00", "ALAND": 178050802184, "AWATER": 2489425460 }, "geometry": { "type": "MultiLineString", "coordinates": [ [ [ -91.047155, 39.143355 ], [ -91.164154, 39.227178 ] ] ] } },
{ "type": "Feature", "properties": { "TYPEPIPE": "Intrastate", "Operator": "Missouri Pipeline Co", "Status": "Operating", "Shape_Leng": 0.20613063555, "STATEFP": "29", "STATENS": "01779791", "AFFGEOID": "0400000US29", "GEOID": "29", "STUSPS": "MO", "NAME": "Missouri", "LSAD": "00", "ALAND": 178050802184, "AWATER": 2489425460 }, "geometry": { "type": "MultiLineString", "coordinates": [ [ [ -91.172168, 39.232919 ], [ -91.375872, 39.264455 ] ] ] } },
{ "type": "Feature", "properties": { "TYPEPIPE": "Intrastate", "Operator": "Missouri Pipeline Co", "Status": "Operating", "Shape_Leng": 0.00985815789, "STATEFP": "29", "STATENS": "01779791", "AFFGEOID": "0400000US29", "GEOID": "29", "STUSPS": "MO", "NAME": "Missouri", "LSAD": "00", "ALAND": 178050802184, "AWATER": 2489425460 }, "geometry": { "type": "MultiLineString", "coordinates": [ [ [ -91.164154, 39.227178 ], [ -91.172168, 39.232919 ] ] ] } },
{ "type": "Feature", "properties": { "TYPEPIPE": "Intrastate", "Operator": "Missouri Pipeline Co", "Status": "Operating", "Shape_Leng": 0.26837573218, "STATEFP": "29", "STATENS": "01779791", "AFFGEOID": "0400000US29", "GEOID": "29", "STUSPS": "MO", "NAME": "Missouri", "LSAD": "00", "ALAND": 178050802184, "AWATER": 2489425460 }, "geometry": { "type": "MultiLineString", "coordinates": [ [ [ -90.908678, 38.638295 ], [ -90.805058, 38.88586 ] ] ] } },
{ "type": "Feature", "properties": { "TYPEPIPE": "Intrastate", "Operator": "Missouri Pipeline Co", "Status": "Operating", "Shape_Leng": 0.21518427456, "STATEFP": "29", "STATENS": "01779791", "AFFGEOID": "0400000US29", "GEOID": "29", "STUSPS": "MO", "NAME": "Missouri", "LSAD": "00", "ALAND": 178050802184, "AWATER": 2489425460 }, "geometry": { "type": "MultiLineString", "coordinates": [ [ [ -90.805058, 38.88586 ], [ -90.590281, 38.872627 ] ] ] } },
{ "type": "Feature", "properties": { "TYPEPIPE": "Intrastate", "Operator": "Missouri Pipeline Co", "Status": "Operating", "Shape_Leng": 0.00855318917, "STATEFP": "29", "STATENS": "01779791", "AFFGEOID": "0400000US29", "GEOID": "29", "STUSPS": "MO", "NAME": "Missouri", "LSAD": "00", "ALAND": 178050802184, "AWATER": 2489425460 }, "geometry": { "type": "MultiLineString", "coordinates": [ [ [ -90.590281, 38.872627 ], [ -90.581744, 38.872101 ] ] ] } },
{ "type": "Feature", "properties": { "TYPEPIPE": "Intrastate", "Operator": "Missouri Pipeline Co", "Status": "Operating", "Shape_Leng": 0.10121305499, "STATEFP": "29", "STATENS": "01779791", "AFFGEOID": "0400000US29", "GEOID": "29", "STUSPS": "MO", "NAME": "Missouri", "LSAD": "00", "ALAND": 178050802184, "AWATER": 2489425460 }, "geometry": { "type": "MultiLineString", "coordinates": [ [ [ -90.503426, 38.90668 ], [ -90.410836, 38.94756 ] ] ] } },
{ "type": "Feature", "properties": { "TYPEPIPE": "Intrastate", "Operator": "Missouri Pipeline Co", "Status": "Operating", "Shape_Leng": 0.08561201064, "STATEFP": "29", "STATENS": "01779791", "AFFGEOID": "0400000US29", "GEOID": "29", "STUSPS": "MO", "NAME": "Missouri", "LSAD": "00", "ALAND": 178050802184, "AWATER": 2489425460 }, "geometry": { "type": "MultiLineString", "coordinates": [ [ [ -90.581744, 38.872101 ], [ -90.579039033521795, 38.873295578701509 ] ], [ [ -90.508472389543456, 38.904452423111358 ], [ -90.503426, 38.90668 ] ] ] } },
{ "type": "Feature", "properties": { "TYPEPIPE": "Intrastate", "Operator": "Missouri Pipeline Co", "Status": "Operating", "Shape_Leng": 0.19891704921, "STATEFP": "29", "STATENS": "01779791", "AFFGEOID": "0400000US29", "GEOID": "29", "STUSPS": "MO", "NAME": "Missouri", "LSAD": "00", "ALAND": 178050802184, "AWATER": 2489425460 }, "geometry": { "type": "MultiLineString", "coordinates": [ [ [ -90.410836, 38.94756 ], [ -90.224508, 38.877919 ] ] ] } },
{ "type": "Feature", "properties": { "TYPEPIPE": "Intrastate", "Operator": "Missouri Pipeline Co", "Status": "Operating", "Shape_Leng": 0.01237611542, "STATEFP": "29", "STATENS": "01779791", "AFFGEOID": "0400000US29", "GEOID": "29", "STUSPS": "MO", "NAME": "Missouri", "LSAD": "00", "ALAND": 178050802184, "AWATER": 2489425460 }, "geometry": { "type": "MultiLineString", "coordinates": [ [ [ -90.224508, 38.877919 ], [ -90.221281, 38.865971 ] ] ] } },
{ "type": "Feature", "properties": { "TYPEPIPE": "Intrastate", "Operator": "Missouri Pipeline Co", "Status": "Operating", "Shape_Leng": 0.01431541582, "STATEFP": "29", "STATENS": "01779791", "AFFGEOID": "0400000US29", "GEOID": "29", "STUSPS": "MO", "NAME": "Missouri", "LSAD": "00", "ALAND": 178050802184, "AWATER": 2489425460 }, "geometry": { "type": "MultiLineString", "coordinates": [ [ [ -90.581479, 38.869069 ], [ -90.580232, 38.854808 ] ] ] } },
{ "type": "Feature", "properties": { "TYPEPIPE": "Intrastate", "Operator": "Missouri Pipeline Co", "Status": "Operating", "Shape_Leng": 0.00304355861, "STATEFP": "29", "STATENS": "01779791", "AFFGEOID": "0400000US29", "GEOID": "29", "STUSPS": "MO", "NAME": "Missouri", "LSAD": "00", "ALAND": 178050802184, "AWATER": 2489425460 }, "geometry": { "type": "MultiLineString", "coordinates": [ [ [ -90.581744, 38.872101 ], [ -90.581479, 38.869069 ] ] ] } },
{ "type": "Feature", "properties": { "TYPEPIPE": "Intrastate", "Operator": "Missouri Pipeline Co", "Status": "Operating", "Shape_Leng": 0.0770154242, "STATEFP": "29", "STATENS": "01779791", "AFFGEOID": "0400000US29", "GEOID": "29", "STUSPS": "MO", "NAME": "Missouri", "LSAD": "00", "ALAND": 178050802184, "AWATER": 2489425460 }, "geometry": { "type": "MultiLineString", "coordinates": [ [ [ -90.96404, 38.584756 ], [ -90.908678, 38.638295 ] ] ] } },
{ "type": "Feature", "properties": { "TYPEPIPE": "Intrastate", "Operator": "Missouri Pipeline Co", "Status": "Operating", "Shape_Leng": 0.02132200471, "STATEFP": "29", "STATENS": "01779791", "AFFGEOID": "0400000US29", "GEOID": "29", "STUSPS": "MO", "NAME": "Missouri", "LSAD": "00", "ALAND": 178050802184, "AWATER": 2489425460 }, "geometry": { "type": "MultiLineString", "coordinates": [ [ [ -90.805058, 38.88586 ], [ -90.814304, 38.905073 ] ] ] } },
{ "type": "Feature", "properties": { "TYPEPIPE": "Intrastate", "Operator": "Missouri Pipeline Co", "Status": "Operating", "Shape_Leng": 0.04088002638, "STATEFP": "29", "STATENS": "01779791", "AFFGEOID": "0400000US29", "GEOID": "29", "STUSPS": "MO", "NAME": "Missouri", "LSAD": "00", "ALAND": 178050802184, "AWATER": 2489425460 }, "geometry": { "type": "MultiLineString", "coordinates": [ [ [ -90.993426, 38.556337 ], [ -90.96404, 38.584756 ] ] ] } },
{ "type": "Feature", "properties": { "TYPEPIPE": "Intrastate", "Operator": "Missouri Public Service Co", "Status": "Operating", "Shape_Leng": 0.31586241439000001, "STATEFP": "29", "STATENS": "01779791", "AFFGEOID": "0400000US29", "GEOID": "29", "STUSPS": "MO", "NAME": "Missouri", "LSAD": "00", "ALAND": 178050802184, "AWATER": 2489425460 }, "geometry": { "type": "MultiLineString", "coordinates": [ [ [ -94.293316, 37.699973 ], [ -94.609176, 37.698738 ] ] ] } },
{ "type": "Feature", "properties": { "TYPEPIPE": "Intrastate", "Operator": "Missouri Public Service Co", "Status": "Operating", "Shape_Leng": 0.00288701922, "STATEFP": "29", "STATENS": "01779791", "AFFGEOID": "0400000US29", "GEOID": "29", "STUSPS": "MO", "NAME": "Missouri", "LSAD": "00", "ALAND": 178050802184, "AWATER": 2489425460 }, "geometry": { "type": "MultiLineString", "coordinates": [ [ [ -93.02959, 39.704706 ], [ -93.029722, 39.701822 ] ] ] } },
{ "type": "Feature", "properties": { "TYPEPIPE": "Intrastate", "Operator": "Missouri Public Service Co", "Status": "Operating", "Shape_Leng": 0.28819831302, "STATEFP": "29", "STATENS": "01779791", "AFFGEOID": "0400000US29", "GEOID": "29", "STUSPS": "MO", "NAME": "Missouri", "LSAD": "00", "ALAND": 178050802184, "AWATER": 2489425460 }, "geometry": { "type": "MultiLineString", "coordinates": [ [ [ -93.029722, 39.701822 ], [ -93.042919, 39.413926 ] ] ] } },
{ "type": "Feature", "properties": { "TYPEPIPE": "Intrastate", "Operator": "Missouri Public Service Co", "Status": "Operating", "Shape_Leng": 0.16679274747, "STATEFP": "29", "STATENS": "01779791", "AFFGEOID": "0400000US29", "GEOID": "29", "STUSPS": "MO", "NAME": "Missouri", "LSAD": "00", "ALAND": 178050802184, "AWATER": 2489425460 }, "geometry": { "type": "MultiLineString", "coordinates": [ [ [ -93.042919, 39.413926 ], [ -92.903988, 39.321633 ] ] ] } },
{ "type": "Feature", "properties": { "TYPEPIPE": "Intrastate", "Operator": "Missouri Public Service Co", "Status": "Operating", "Shape_Leng": 0.10490515828, "STATEFP": "29", "STATENS": "01779791", "AFFGEOID": "0400000US29", "GEOID": "29", "STUSPS": "MO", "NAME": "Missouri", "LSAD": "00", "ALAND": 178050802184, "AWATER": 2489425460 }, "geometry": { "type": "MultiLineString", "coordinates": [ [ [ -92.903988, 39.321633 ], [ -92.843691, 39.235788 ] ] ] } },
{ "type": "Feature", "properties": { "TYPEPIPE": "Intrastate", "Operator": "Missouri Public Service Co", "Status": "Operating", "Shape_Leng": 0.08303562278, "STATEFP": "29", "STATENS": "01779791", "AFFGEOID": "0400000US29", "GEOID": "29", "STUSPS": "MO", "NAME": "Missouri", "LSAD": "00", "ALAND": 178050802184, "AWATER": 2489425460 }, "geometry": { "type": "MultiLineString", "coordinates": [ [ [ -92.913048, 39.327786 ], [ -92.852643, 39.384761 ] ] ] } },
{ "type": "Feature", "properties": { "TYPEPIPE": "Intrastate", "Operator": "Missouri Public Service Co", "Status": "Operating", "Shape_Leng": 0.03322310619, "STATEFP": "29", "STATENS": "01779791", "AFFGEOID": "0400000US29", "GEOID": "29", "STUSPS": "MO", "NAME": "Missouri", "LSAD": "00", "ALAND": 178050802184, "AWATER": 2489425460 }, "geometry": { "type": "MultiLineString", "coordinates": [ [ [ -93.042919, 39.413926 ], [ -93.009696, 39.41401 ] ] ] } },
{ "type": "Feature", "properties": { "TYPEPIPE": "Intrastate", "Operator": "Missouri Public Service Co", "Status": "Operating", "Shape_Leng": 0.08037925887, "STATEFP": "29", "STATENS": "01779791", "AFFGEOID": "0400000US29", "GEOID": "29", "STUSPS": "MO", "NAME": "Missouri", "LSAD": "00", "ALAND": 178050802184, "AWATER": 2489425460 }, "geometry": { "type": "MultiLineString", "coordinates": [ [ [ -93.042919, 39.413926 ], [ -93.123298, 39.413722 ] ] ] } },
{ "type": "Feature", "properties": { "TYPEPIPE": "Intrastate", "Operator": "Missouri Public Service Co", "Status": "Operating", "Shape_Leng": 0.01475904638, "STATEFP": "29", "STATENS": "01779791", "AFFGEOID": "0400000US29", "GEOID": "29", "STUSPS": "MO", "NAME": "Missouri", "LSAD": "00", "ALAND": 178050802184, "AWATER": 2489425460 }, "geometry": { "type": "MultiLineString", "coordinates": [ [ [ -93.123298, 39.413722 ], [ -93.138057, 39.413685 ] ] ] } },
{ "type": "Feature", "properties": { "TYPEPIPE": "Intrastate", "Operator": "Missouri Public Service Co", "Status": "Operating", "Shape_Leng": 0.04422335823, "STATEFP": "29", "STATENS": "01779791", "AFFGEOID": "0400000US29", "GEOID": "29", "STUSPS": "MO", "NAME": "Missouri", "LSAD": "00", "ALAND": 178050802184, "AWATER": 2489425460 }, "geometry": { "type": "MultiLineString", "coordinates": [ [ [ -93.029722, 39.701822 ], [ -92.985499, 39.701644 ] ] ] } },
{ "type": "Feature", "properties": { "TYPEPIPE": "Intrastate", "Operator": "Missouri Public Service Co", "Status": "Operating", "Shape_Leng": 0.00184181487, "STATEFP": "29", "STATENS": "01779791", "AFFGEOID": "0400000US29", "GEOID": "29", "STUSPS": "MO", "NAME": "Missouri", "LSAD": "00", "ALAND": 178050802184, "AWATER": 2489425460 }, "geometry": { "type": "MultiLineString", "coordinates": [ [ [ -92.985499, 39.701644 ], [ -92.984388, 39.703113 ] ] ] } },
{ "type": "Feature", "properties": { "TYPEPIPE": "Intrastate", "Operator": "Missouri Public Service Co", "Status": "Operating", "Shape_Leng": 0.00295862891, "STATEFP": "29", "STATENS": "01779791", "AFFGEOID": "0400000US29", "GEOID": "29", "STUSPS": "MO", "NAME": "Missouri", "LSAD": "00", "ALAND": 178050802184, "AWATER": 2489425460 }, "geometry": { "type": "MultiLineString", "coordinates": [ [ [ -92.82842, 38.992497 ], [ -92.828481, 38.989539 ] ] ] } },
{ "type": "Feature", "properties": { "TYPEPIPE": "Intrastate", "Operator": "Missouri Public Service Co", "Status": "Operating", "Shape_Leng": 0.12498139438, "STATEFP": "29", "STATENS": "01779791", "AFFGEOID": "0400000US29", "GEOID": "29", "STUSPS": "MO", "NAME": "Missouri", "LSAD": "00", "ALAND": 178050802184, "AWATER": 2489425460 }, "geometry": { "type": "MultiLineString", "coordinates": [ [ [ -93.645459, 40.054736 ], [ -93.558969, 39.964515 ] ] ] } },
{ "type": "Feature", "properties": { "TYPEPIPE": "Intrastate", "Operator": "Missouri Public Service Co", "Status": "Operating", "Shape_Leng": 0.24364289286, "STATEFP": "29", "STATENS": "01779791", "AFFGEOID": "0400000US29", "GEOID": "29", "STUSPS": "MO", "NAME": "Missouri", "LSAD": "00", "ALAND": 178050802184, "AWATER": 2489425460 }, "geometry": { "type": "MultiLineString", "coordinates": [ [ [ -93.758233, 38.561571 ], [ -93.790431, 38.320065 ] ] ] } },
{ "type": "Feature", "properties": { "TYPEPIPE": "Intrastate", "Operator": "Missouri Public Service Co", "Status": "Operating", "Shape_Leng": 0.03424565761, "STATEFP": "29", "STATENS": "01779791", "AFFGEOID": "0400000US29", "GEOID": "29", "STUSPS": "MO", "NAME": "Missouri", "LSAD": "00", "ALAND": 178050802184, "AWATER": 2489425460 }, "geometry": { "type": "MultiLineString", "coordinates": [ [ [ -92.843691, 39.235788 ], [ -92.824008, 39.207764 ] ] ] } },
{ "type": "Feature", "properties": { "TYPEPIPE": "Intrastate", "Operator": "Missouri Public Service Co", "Status": "Operating", "Shape_Leng": 0.21531220828, "STATEFP": "29", "STATENS": "01779791", "AFFGEOID": "0400000US29", "GEOID": "29", "STUSPS": "MO", "NAME": "Missouri", "LSAD": "00", "ALAND": 178050802184, "AWATER": 2489425460 }, "geometry": { "type": "MultiLineString", "coordinates": [ [ [ -92.824008, 39.207764 ], [ -92.82842, 38.992497 ] ] ] } },
{ "type": "Feature", "properties": { "TYPEPIPE": "Intrastate", "Operator": "Missouri Public Service Co", "Status": "Operating", "Shape_Leng": 0.03061143045, "STATEFP": "29", "STATENS": "01779791", "AFFGEOID": "0400000US29", "GEOID": "29", "STUSPS": "MO", "NAME": "Missouri", "LSAD": "00", "ALAND": 178050802184, "AWATER": 2489425460 }, "geometry": { "type": "MultiLineString", "coordinates": [ [ [ -93.754188, 38.591914 ], [ -93.758233, 38.561571 ] ] ] } },
{ "type": "Feature", "properties": { "TYPEPIPE": "Intrastate", "Operator": "Missouri Public Service Co", "Status": "Operating", "Shape_Leng": 0.16018337207, "STATEFP": "29", "STATENS": "01779791", "AFFGEOID": "0400000US29", "GEOID": "29", "STUSPS": "MO", "NAME": "Missouri", "LSAD": "00", "ALAND": 178050802184, "AWATER": 2489425460 }, "geometry": { "type": "MultiLineString", "coordinates": [ [ [ -93.36422, 39.776038 ], [ -93.207328, 39.808343 ] ] ] } },
{ "type": "Feature", "properties": { "TYPEPIPE": "Intrastate", "Operator": "Missouri Public Service Co", "Status": "Operating", "Shape_Leng": 0.08985250243, "STATEFP": "29", "STATENS": "01779791", "AFFGEOID": "0400000US29", "GEOID": "29", "STUSPS": "MO", "NAME": "Missouri", "LSAD": "00", "ALAND": 178050802184, "AWATER": 2489425460 }, "geometry": { "type": "MultiLineString", "coordinates": [ [ [ -93.207328, 39.808343 ], [ -93.118425, 39.821371 ] ] ] } },
{ "type": "Feature", "properties": { "TYPEPIPE": "Intrastate", "Operator": "Missouri Public Service Co", "Status": "Operating", "Shape_Leng": 0.14229453297, "STATEFP": "29", "STATENS": "01779791", "AFFGEOID": "0400000US29", "GEOID": "29", "STUSPS": "MO", "NAME": "Missouri", "LSAD": "00", "ALAND": 178050802184, "AWATER": 2489425460 }, "geometry": { "type": "MultiLineString", "coordinates": [ [ [ -93.118425, 39.821371 ], [ -93.029328, 39.710423 ] ] ] } },
{ "type": "Feature", "properties": { "TYPEPIPE": "Intrastate", "Operator": "Missouri Public Service Co", "Status": "Operating", "Shape_Leng": 0.02488195338, "STATEFP": "29", "STATENS": "01779791", "AFFGEOID": "0400000US29", "GEOID": "29", "STUSPS": "MO", "NAME": "Missouri", "LSAD": "00", "ALAND": 178050802184, "AWATER": 2489425460 }, "geometry": { "type": "MultiLineString", "coordinates": [ [ [ -93.132016, 39.818866 ], [ -93.128996, 39.794168 ] ] ] } },
{ "type": "Feature", "properties": { "TYPEPIPE": "Intrastate", "Operator": "Missouri Public Service Co", "Status": "Operating", "Shape_Leng": 0.01080734051, "STATEFP": "29", "STATENS": "01779791", "AFFGEOID": "0400000US29", "GEOID": "29", "STUSPS": "MO", "NAME": "Missouri", "LSAD": "00", "ALAND": 178050802184, "AWATER": 2489425460 }, "geometry": { "type": "MultiLineString", "coordinates": [ [ [ -93.207328, 39.808343 ], [ -93.209033, 39.797671 ] ] ] } },
{ "type": "Feature", "properties": { "TYPEPIPE": "Intrastate", "Operator": "Missouri Public Service Co", "Status": "Operating", "Shape_Leng": 0.00572300035, "STATEFP": "29", "STATENS": "01779791", "AFFGEOID": "0400000US29", "GEOID": "29", "STUSPS": "MO", "NAME": "Missouri", "LSAD": "00", "ALAND": 178050802184, "AWATER": 2489425460 }, "geometry": { "type": "MultiLineString", "coordinates": [ [ [ -93.029328, 39.710423 ], [ -93.02959, 39.704706 ] ] ] } },
{ "type": "Feature", "properties": { "TYPEPIPE": "Intrastate", "Operator": "Missouri Public Service Co", "Status": "Operating", "Shape_Leng": 0.08070867057, "STATEFP": "29", "STATENS": "01779791", "AFFGEOID": "0400000US29", "GEOID": "29", "STUSPS": "MO", "NAME": "Missouri", "LSAD": "00", "ALAND": 178050802184, "AWATER": 2489425460 }, "geometry": { "type": "MultiLineString", "coordinates": [ [ [ -92.984388, 39.703113 ], [ -92.9357, 39.767482 ] ] ] } },
{ "type": "Feature", "properties": { "TYPEPIPE": "Intrastate", "Operator": "Missouri Public Service Co", "Status": "Operating", "Shape_Leng": 0.12106142996, "STATEFP": "29", "STATENS": "01779791", "AFFGEOID": "0400000US29", "GEOID": "29", "STUSPS": "MO", "NAME": "Missouri", "LSAD": "00", "ALAND": 178050802184, "AWATER": 2489425460 }, "geometry": { "type": "MultiLineString", "coordinates": [ [ [ -93.498977, 39.901935 ], [ -93.497466, 39.780883 ] ] ] } },
{ "type": "Feature", "properties": { "TYPEPIPE": "Intrastate", "Operator": "Missouri Public Service Co", "Status": "Operating", "Shape_Leng": 0.22445861207000001, "STATEFP": "29", "STATENS": "01779791", "AFFGEOID": "0400000US29", "GEOID": "29", "STUSPS": "MO", "NAME": "Missouri", "LSAD": "00", "ALAND": 178050802184, "AWATER": 2489425460 }, "geometry": { "type": "MultiLineString", "coordinates": [ [ [ -93.497466, 39.780883 ], [ -93.687742, 39.661817 ] ] ] } },
{ "type": "Feature", "properties": { "TYPEPIPE": "Intrastate", "Operator": "Missouri Public Service Co", "Status": "Operating", "Shape_Leng": 0.06197170471, "STATEFP": "29", "STATENS": "01779791", "AFFGEOID": "0400000US29", "GEOID": "29", "STUSPS": "MO", "NAME": "Missouri", "LSAD": "00", "ALAND": 178050802184, "AWATER": 2489425460 }, "geometry": { "type": "MultiLineString", "coordinates": [ [ [ -93.497466, 39.780883 ], [ -93.559382, 39.778256 ] ] ] } },
{ "type": "Feature", "properties": { "TYPEPIPE": "Intrastate", "Operator": "Missouri Public Service Co", "Status": "Operating", "Shape_Leng": 0.04093188412, "STATEFP": "29", "STATENS": "01779791", "AFFGEOID": "0400000US29", "GEOID": "29", "STUSPS": "MO", "NAME": "Missouri", "LSAD": "00", "ALAND": 178050802184, "AWATER": 2489425460 }, "geometry": { "type": "MultiLineString", "coordinates": [ [ [ -93.497466, 39.780883 ], [ -93.456693, 39.77728 ] ] ] } },
{ "type": "Feature", "properties": { "TYPEPIPE": "Intrastate", "Operator": "Missouri Public Service Co", "Status": "Operating", "Shape_Leng": 0.08761584373, "STATEFP": "29", "STATENS": "01779791", "AFFGEOID": "0400000US29", "GEOID": "29", "STUSPS": "MO", "NAME": "Missouri", "LSAD": "00", "ALAND": 178050802184, "AWATER": 2489425460 }, "geometry": { "type": "MultiLineString", "coordinates": [ [ [ -93.456693, 39.77728 ], [ -93.369106, 39.775032 ] ] ] } },
{ "type": "Feature", "properties": { "TYPEPIPE": "Intrastate", "Operator": "Missouri Public Service Co", "Status": "Operating", "Shape_Leng": 0.08669080957, "STATEFP": "29", "STATENS": "01779791", "AFFGEOID": "0400000US29", "GEOID": "29", "STUSPS": "MO", "NAME": "Missouri", "LSAD": "00", "ALAND": 178050802184, "AWATER": 2489425460 }, "geometry": { "type": "MultiLineString", "coordinates": [ [ [ -93.558969, 39.964515 ], [ -93.498977, 39.901935 ] ] ] } },
{ "type": "Feature", "properties": { "TYPEPIPE": "Intrastate", "Operator": "Missouri Public Service Co", "Status": "Operating", "Shape_Leng": 0.00498848995, "STATEFP": "29", "STATENS": "01779791", "AFFGEOID": "0400000US29", "GEOID": "29", "STUSPS": "MO", "NAME": "Missouri", "LSAD": "00", "ALAND": 178050802184, "AWATER": 2489425460 }, "geometry": { "type": "MultiLineString", "coordinates": [ [ [ -93.369106, 39.775032 ], [ -93.36422, 39.776038 ] ] ] } },
{ "type": "Feature", "properties": { "TYPEPIPE": "Intrastate", "Operator": "Missouri Public Service Co", "Status": "Operating", "Shape_Leng": 0.02114206896, "STATEFP": "29", "STATENS": "01779791", "AFFGEOID": "0400000US29", "GEOID": "29", "STUSPS": "MO", "NAME": "Missouri", "LSAD": "00", "ALAND": 178050802184, "AWATER": 2489425460 }, "geometry": { "type": "MultiLineString", "coordinates": [ [ [ -93.275478, 38.663535 ], [ -93.29662, 38.663481 ] ] ] } },
{ "type": "Feature", "properties": { "TYPEPIPE": "Interstate", "Operator": "Natural Gas PL Co of Am", "Status": "Operating", "Shape_Leng": 0.1490325718, "STATEFP": "29", "STATENS": "01779791", "AFFGEOID": "0400000US29", "GEOID": "29", "STUSPS": "MO", "NAME": "Missouri", "LSAD": "00", "ALAND": 178050802184, "AWATER": 2489425460 }, "geometry": { "type": "MultiLineString", "coordinates": [ [ [ -90.534445303868452, 36.498386530853949 ], [ -90.53376, 36.498944 ] ] ] } },
{ "type": "Feature", "properties": { "TYPEPIPE": "Interstate", "Operator": "Natural Gas PL Co of Am", "Status": "Operating", "Shape_Leng": 0.03975585652, "STATEFP": "29", "STATENS": "01779791", "AFFGEOID": "0400000US29", "GEOID": "29", "STUSPS": "MO", "NAME": "Missouri", "LSAD": "00", "ALAND": 178050802184, "AWATER": 2489425460 }, "geometry": { "type": "MultiLineString", "coordinates": [ [ [ -89.527472, 37.647024 ], [ -89.513214202432053, 37.655936699140938 ] ] ] } },
{ "type": "Feature", "properties": { "TYPEPIPE": "Interstate", "Operator": "Natural Gas PL Co of Am", "Status": "Operating", "Shape_Leng": 0.08343960575000001, "STATEFP": "29", "STATENS": "01779791", "AFFGEOID": "0400000US29", "GEOID": "29", "STUSPS": "MO", "NAME": "Missouri", "LSAD": "00", "ALAND": 178050802184, "AWATER": 2489425460 }, "geometry": { "type": "MultiLineString", "coordinates": [ [ [ -90.046848, 37.036928 ], [ -90.03392, 37.11936 ] ] ] } },
{ "type": "Feature", "properties": { "TYPEPIPE": "Interstate", "Operator": "Natural Gas PL Co of Am", "Status": "Operating", "Shape_Leng": 0.08041843848000001, "STATEFP": "29", "STATENS": "01779791", "AFFGEOID": "0400000US29", "GEOID": "29", "STUSPS": "MO", "NAME": "Missouri", "LSAD": "00", "ALAND": 178050802184, "AWATER": 2489425460 }, "geometry": { "type": "MultiLineString", "coordinates": [ [ [ -89.91424, 37.357568 ], [ -89.859328, 37.41632 ] ] ] } },
{ "type": "Feature", "properties": { "TYPEPIPE": "Interstate", "Operator": "Natural Gas PL Co of Am", "Status": "Operating", "Shape_Leng": 0.26658273323999998, "STATEFP": "29", "STATENS": "01779791", "AFFGEOID": "0400000US29", "GEOID": "29", "STUSPS": "MO", "NAME": "Missouri", "LSAD": "00", "ALAND": 178050802184, "AWATER": 2489425460 }, "geometry": { "type": "MultiLineString", "coordinates": [ [ [ -90.03392, 37.11936 ], [ -89.91424, 37.357568 ] ] ] } },
{ "type": "Feature", "properties": { "TYPEPIPE": "Interstate", "Operator": "Natural Gas PL Co of Am", "Status": "Operating", "Shape_Leng": 0.09733226167, "STATEFP": "29", "STATENS": "01779791", "AFFGEOID": "0400000US29", "GEOID": "29", "STUSPS": "MO", "NAME": "Missouri", "LSAD": "00", "ALAND": 178050802184, "AWATER": 2489425460 }, "geometry": { "type": "MultiLineString", "coordinates": [ [ [ -90.287389, 36.762847 ], [ -90.227968, 36.839936 ] ] ] } },
{ "type": "Feature", "properties": { "TYPEPIPE": "Interstate", "Operator": "Natural Gas PL Co of Am", "Status": "Operating", "Shape_Leng": 0.12375422352, "STATEFP": "29", "STATENS": "01779791", "AFFGEOID": "0400000US29", "GEOID": "29", "STUSPS": "MO", "NAME": "Missouri", "LSAD": "00", "ALAND": 178050802184, "AWATER": 2489425460 }, "geometry": { "type": "MultiLineString", "coordinates": [ [ [ -90.53376, 36.498944 ], [ -90.434176, 36.572416 ] ] ] } },
{ "type": "Feature", "properties": { "TYPEPIPE": "Interstate", "Operator": "Natural Gas PL Co of Am", "Status": "Operating", "Shape_Leng": 0.30892934575999997, "STATEFP": "29", "STATENS": "01779791", "AFFGEOID": "0400000US29", "GEOID": "29", "STUSPS": "MO", "NAME": "Missouri", "LSAD": "00", "ALAND": 178050802184, "AWATER": 2489425460 }, "geometry": { "type": "MultiLineString", "coordinates": [ [ [ -89.859328, 37.41632 ], [ -89.601792, 37.586944 ] ] ] } },
{ "type": "Feature", "properties": { "TYPEPIPE": "Interstate", "Operator": "Natural Gas PL Co of Am", "Status": "Operating", "Shape_Leng": 0.09556709057, "STATEFP": "29", "STATENS": "01779791", "AFFGEOID": "0400000US29", "GEOID": "29", "STUSPS": "MO", "NAME": "Missouri", "LSAD": "00", "ALAND": 178050802184, "AWATER": 2489425460 }, "geometry": { "type": "MultiLineString", "coordinates": [ [ [ -89.601792, 37.586944 ], [ -89.527472, 37.647024 ] ] ] } },
{ "type": "Feature", "properties": { "TYPEPIPE": "Interstate", "Operator": "Natural Gas PL Co of Am", "Status": "Operating", "Shape_Leng": 0.13552913707, "STATEFP": "29", "STATENS": "01779791", "AFFGEOID": "0400000US29", "GEOID": "29", "STUSPS": "MO", "NAME": "Missouri", "LSAD": "00", "ALAND": 178050802184, "AWATER": 2489425460 }, "geometry": { "type": "MultiLineString", "coordinates": [ [ [ -90.227968, 36.839936 ], [ -90.135855, 36.939351 ] ] ] } },
{ "type": "Feature", "properties": { "TYPEPIPE": "Interstate", "Operator": "Natural Gas PL Co of Am", "Status": "Operating", "Shape_Leng": 0.24043791118, "STATEFP": "29", "STATENS": "01779791", "AFFGEOID": "0400000US29", "GEOID": "29", "STUSPS": "MO", "NAME": "Missouri", "LSAD": "00", "ALAND": 178050802184, "AWATER": 2489425460 }, "geometry": { "type": "MultiLineString", "coordinates": [ [ [ -90.434176, 36.572416 ], [ -90.287389, 36.762847 ] ] ] } },
{ "type": "Feature", "properties": { "TYPEPIPE": "Interstate", "Operator": "Natural Gas PL Co of Am", "Status": "Operating", "Shape_Leng": 0.13207390726000001, "STATEFP": "29", "STATENS": "01779791", "AFFGEOID": "0400000US29", "GEOID": "29", "STUSPS": "MO", "NAME": "Missouri", "LSAD": "00", "ALAND": 178050802184, "AWATER": 2489425460 }, "geometry": { "type": "MultiLineString", "coordinates": [ [ [ -90.135855, 36.939351 ], [ -90.046848, 37.036928 ] ] ] } },
{ "type": "Feature", "properties": { "TYPEPIPE": "Interstate", "Operator": "Enable Gas Transmission", "Status": "Operating", "Shape_Leng": 0.03289154195, "STATEFP": "29", "STATENS": "01779791", "AFFGEOID": "0400000US29", "GEOID": "29", "STUSPS": "MO", "NAME": "Missouri", "LSAD": "00", "ALAND": 178050802184, "AWATER": 2489425460 }, "geometry": { "type": "MultiLineString", "coordinates": [ [ [ -94.371724984856115, 36.499592376451297 ], [ -94.375643, 36.509817 ], [ -94.378698, 36.519613 ], [ -94.378576, 36.521134 ], [ -94.382103, 36.530591 ] ] ] } },
{ "type": "Feature", "properties": { "TYPEPIPE": "Interstate", "Operator": "Texas Eastern Trans Co", "Status": "Operating", "Shape_Leng": 0.20851483976, "STATEFP": "29", "STATENS": "01779791", "AFFGEOID": "0400000US29", "GEOID": "29", "STUSPS": "MO", "NAME": "Missouri", "LSAD": "00", "ALAND": 178050802184, "AWATER": 2489425460 }, "geometry": { "type": "MultiLineString", "coordinates": [ [ [ -89.620736, 37.115136 ], [ -89.467433123469718, 37.239373905605177 ] ] ] } },
{ "type": "Feature", "properties": { "TYPEPIPE": "Interstate", "Operator": "Texas Eastern Trans Co", "Status": "Operating", "Shape_Leng": 0.06131741172, "STATEFP": "29", "STATENS": "01779791", "AFFGEOID": "0400000US29", "GEOID": "29", "STUSPS": "MO", "NAME": "Missouri", "LSAD": "00", "ALAND": 178050802184, "AWATER": 2489425460 }, "geometry": { "type": "MultiLineString", "coordinates": [ [ [ -90.280212974019378, 36.496465384951279 ], [ -90.27805, 36.497971 ] ] ] } },
{ "type": "Feature", "properties": { "TYPEPIPE": "Interstate", "Operator": "Texas Eastern Trans Co", "Status": "Operating", "Shape_Leng": 0.20534008204000001, "STATEFP": "29", "STATENS": "01779791", "AFFGEOID": "0400000US29", "GEOID": "29", "STUSPS": "MO", "NAME": "Missouri", "LSAD": "00", "ALAND": 178050802184, "AWATER": 2489425460 }, "geometry": { "type": "MultiLineString", "coordinates": [ [ [ -90.27805, 36.497971 ], [ -90.157312, 36.664064 ] ] ] } },
{ "type": "Feature", "properties": { "TYPEPIPE": "Interstate", "Operator": "Texas Eastern Trans Co", "Status": "Operating", "Shape_Leng": 0.16848845715, "STATEFP": "29", "STATENS": "01779791", "AFFGEOID": "0400000US29", "GEOID": "29", "STUSPS": "MO", "NAME": "Missouri", "LSAD": "00", "ALAND": 178050802184, "AWATER": 2489425460 }, "geometry": { "type": "MultiLineString", "coordinates": [ [ [ -89.74464, 37.00096 ], [ -89.620736, 37.115136 ] ] ] } },
{ "type": "Feature", "properties": { "TYPEPIPE": "Interstate", "Operator": "Texas Eastern Trans Co", "Status": "Operating", "Shape_Leng": 0.53272609697999995, "STATEFP": "29", "STATENS": "01779791", "AFFGEOID": "0400000US29", "GEOID": "29", "STUSPS": "MO", "NAME": "Missouri", "LSAD": "00", "ALAND": 178050802184, "AWATER": 2489425460 }, "geometry": { "type": "MultiLineString", "coordinates": [ [ [ -90.157312, 36.664064 ], [ -89.74464, 37.00096 ] ] ] } },
{ "type": "Feature", "properties": { "TYPEPIPE": "Interstate", "Operator": "Southern Star Central Gas PL Co", "Status": "Operating", "Shape_Leng": 0.01153791974, "STATEFP": "29", "STATENS": "01779791", "AFFGEOID": "0400000US29", "GEOID": "29", "STUSPS": "MO", "NAME": "Missouri", "LSAD": "00", "ALAND": 178050802184, "AWATER": 2489425460 }, "geometry": { "type": "MultiLineString", "coordinates": [ [ [ -94.617498, 36.972874 ], [ -94.606592, 36.97664 ] ] ] } },
{ "type": "Feature", "properties": { "TYPEPIPE": "Interstate", "Operator": "Southern Star Central Gas PL Co", "Status": "Operating", "Shape_Leng": 0.06018050124, "STATEFP": "29", "STATENS": "01779791", "AFFGEOID": "0400000US29", "GEOID": "29", "STUSPS": "MO", "NAME": "Missouri", "LSAD": "00", "ALAND": 178050802184, "AWATER": 2489425460 }, "geometry": { "type": "MultiLineString", "coordinates": [ [ [ -94.618002753922511, 36.972688891952032 ], [ -94.617498, 36.972874 ] ] ] } },
{ "type": "Feature", "properties": { "TYPEPIPE": "Interstate", "Operator": "Southern Star Central Gas PL Co", "Status": "Operating", "Shape_Leng": 0.13025660547000001, "STATEFP": "29", "STATENS": "01779791", "AFFGEOID": "0400000US29", "GEOID": "29", "STUSPS": "MO", "NAME": "Missouri", "LSAD": "00", "ALAND": 178050802184, "AWATER": 2489425460 }, "geometry": { "type": "MultiLineString", "coordinates": [ [ [ -94.594048, 37.006848 ], [ -94.589946, 37.13704 ] ] ] } },
{ "type": "Feature", "properties": { "TYPEPIPE": "Interstate", "Operator": "Southern Star Central Gas PL Co", "Status": "Operating", "Shape_Leng": 0.11391409102, "STATEFP": "29", "STATENS": "01779791", "AFFGEOID": "0400000US29", "GEOID": "29", "STUSPS": "MO", "NAME": "Missouri", "LSAD": "00", "ALAND": 178050802184, "AWATER": 2489425460 }, "geometry": { "type": "MultiLineString", "coordinates": [ [ [ -94.589946, 37.13704 ], [ -94.476032, 37.136896 ] ] ] } },
{ "type": "Feature", "properties": { "TYPEPIPE": "Interstate", "Operator": "Southern Star Central Gas PL Co", "Status": "Operating", "Shape_Leng": 0.21853961628, "STATEFP": "29", "STATENS": "01779791", "AFFGEOID": "0400000US29", "GEOID": "29", "STUSPS": "MO", "NAME": "Missouri", "LSAD": "00", "ALAND": 178050802184, "AWATER": 2489425460 }, "geometry": { "type": "MultiLineString", "coordinates": [ [ [ -94.618295470121282, 37.13707778190993 ], [ -94.616703, 37.137074 ] ] ] } },
{ "type": "Feature", "properties": { "TYPEPIPE": "Interstate", "Operator": "Southern Star Central Gas PL Co", "Status": "Operating", "Shape_Leng": 0.122112, "STATEFP": "29", "STATENS": "01779791", "AFFGEOID": "0400000US29", "GEOID": "29", "STUSPS": "MO", "NAME": "Missouri", "LSAD": "00", "ALAND": 178050802184, "AWATER": 2489425460 }, "geometry": { "type": "MultiLineString", "coordinates": [ [ [ -94.471936, 37.006848 ], [ -94.594048, 37.006848 ] ] ] } },
{ "type": "Feature", "properties": { "TYPEPIPE": "Interstate", "Operator": "Southern Star Central Gas PL Co", "Status": "Operating", "Shape_Leng": 0.13011248795, "STATEFP": "29", "STATENS": "01779791", "AFFGEOID": "0400000US29", "GEOID": "29", "STUSPS": "MO", "NAME": "Missouri", "LSAD": "00", "ALAND": 178050802184, "AWATER": 2489425460 }, "geometry": { "type": "MultiLineString", "coordinates": [ [ [ -94.476032, 37.136896 ], [ -94.471936, 37.006848 ] ] ] } },
{ "type": "Feature", "properties": { "TYPEPIPE": "Interstate", "Operator": "Southern Star Central Gas PL Co", "Status": "Operating", "Shape_Leng": 0.03514759736, "STATEFP": "29", "STATENS": "01779791", "AFFGEOID": "0400000US29", "GEOID": "29", "STUSPS": "MO", "NAME": "Missouri", "LSAD": "00", "ALAND": 178050802184, "AWATER": 2489425460 }, "geometry": { "type": "MultiLineString", "coordinates": [ [ [ -94.45504, 37.193984 ], [ -94.4256, 37.213184 ] ] ] } },
{ "type": "Feature", "properties": { "TYPEPIPE": "Interstate", "Operator": "Southern Star Central Gas PL Co", "Status": "Operating", "Shape_Leng": 0.038144, "STATEFP": "29", "STATENS": "01779791", "AFFGEOID": "0400000US29", "GEOID": "29", "STUSPS": "MO", "NAME": "Missouri", "LSAD": "00", "ALAND": 178050802184, "AWATER": 2489425460 }, "geometry": { "type": "MultiLineString", "coordinates": [ [ [ -94.45504, 37.15584 ], [ -94.45504, 37.193984 ] ] ] } },
{ "type": "Feature", "properties": { "TYPEPIPE": "Interstate", "Operator": "Southern Star Central Gas PL Co", "Status": "Operating", "Shape_Leng": 0.020992, "STATEFP": "29", "STATENS": "01779791", "AFFGEOID": "0400000US29", "GEOID": "29", "STUSPS": "MO", "NAME": "Missouri", "LSAD": "00", "ALAND": 178050802184, "AWATER": 2489425460 }, "geometry": { "type": "MultiLineString", "coordinates": [ [ [ -94.476032, 37.15584 ], [ -94.45504, 37.15584 ] ] ] } },
{ "type": "Feature", "properties": { "TYPEPIPE": "Interstate", "Operator": "Southern Star Central Gas PL Co", "Status": "Operating", "Shape_Leng": 0.018944, "STATEFP": "29", "STATENS": "01779791", "AFFGEOID": "0400000US29", "GEOID": "29", "STUSPS": "MO", "NAME": "Missouri", "LSAD": "00", "ALAND": 178050802184, "AWATER": 2489425460 }, "geometry": { "type": "MultiLineString", "coordinates": [ [ [ -94.476032, 37.136896 ], [ -94.476032, 37.15584 ] ] ] } },
{ "type": "Feature", "properties": { "TYPEPIPE": "Interstate", "Operator": "Southern Star Central Gas PL Co", "Status": "Operating", "Shape_Leng": 0.07843841671, "STATEFP": "29", "STATENS": "01779791", "AFFGEOID": "0400000US29", "GEOID": "29", "STUSPS": "MO", "NAME": "Missouri", "LSAD": "00", "ALAND": 178050802184, "AWATER": 2489425460 }, "geometry": { "type": "MultiLineString", "coordinates": [ [ [ -94.320128, 36.857856 ], [ -94.349568, 36.785152 ] ] ] } },
{ "type": "Feature", "properties": { "TYPEPIPE": "Interstate", "Operator": "Southern Star Central Gas PL Co", "Status": "Operating", "Shape_Leng": 0.04606008459, "STATEFP": "29", "STATENS": "01779791", "AFFGEOID": "0400000US29", "GEOID": "29", "STUSPS": "MO", "NAME": "Missouri", "LSAD": "00", "ALAND": 178050802184, "AWATER": 2489425460 }, "geometry": { "type": "MultiLineString", "coordinates": [ [ [ -94.362112, 36.8768 ], [ -94.320128, 36.857856 ] ] ] } },
{ "type": "Feature", "properties": { "TYPEPIPE": "Interstate", "Operator": "Southern Star Central Gas PL Co", "Status": "Operating", "Shape_Leng": 0.04907994719, "STATEFP": "29", "STATENS": "01779791", "AFFGEOID": "0400000US29", "GEOID": "29", "STUSPS": "MO", "NAME": "Missouri", "LSAD": "00", "ALAND": 178050802184, "AWATER": 2489425460 }, "geometry": { "type": "MultiLineString", "coordinates": [ [ [ -94.379008, 36.92288 ], [ -94.362112, 36.8768 ] ] ] } },
{ "type": "Feature", "properties": { "TYPEPIPE": "Interstate", "Operator": "Southern Star Central Gas PL Co", "Status": "Operating", "Shape_Leng": 0.08057211111, "STATEFP": "29", "STATENS": "01779791", "AFFGEOID": "0400000US29", "GEOID": "29", "STUSPS": "MO", "NAME": "Missouri", "LSAD": "00", "ALAND": 178050802184, "AWATER": 2489425460 }, "geometry": { "type": "MultiLineString", "coordinates": [ [ [ -94.387456, 37.003008 ], [ -94.379008, 36.92288 ] ] ] } },
{ "type": "Feature", "properties": { "TYPEPIPE": "Interstate", "Operator": "Southern Star Central Gas PL Co", "Status": "Operating", "Shape_Leng": 0.12120728163, "STATEFP": "29", "STATENS": "01779791", "AFFGEOID": "0400000US29", "GEOID": "29", "STUSPS": "MO", "NAME": "Missouri", "LSAD": "00", "ALAND": 178050802184, "AWATER": 2489425460 }, "geometry": { "type": "MultiLineString", "coordinates": [ [ [ -94.471936, 37.006848 ], [ -94.446592, 36.88832 ] ] ] } },
{ "type": "Feature", "properties": { "TYPEPIPE": "Interstate", "Operator": "Southern Star Central Gas PL Co", "Status": "Operating", "Shape_Leng": 0.12240035734, "STATEFP": "29", "STATENS": "01779791", "AFFGEOID": "0400000US29", "GEOID": "29", "STUSPS": "MO", "NAME": "Missouri", "LSAD": "00", "ALAND": 178050802184, "AWATER": 2489425460 }, "geometry": { "type": "MultiLineString", "coordinates": [ [ [ -93.407468, 37.13689 ], [ -93.404928, 37.259264 ] ] ] } },
{ "type": "Feature", "properties": { "TYPEPIPE": "Interstate", "Operator": "Southern Star Central Gas PL Co", "Status": "Operating", "Shape_Leng": 0.02894039094, "STATEFP": "29", "STATENS": "01779791", "AFFGEOID": "0400000US29", "GEOID": "29", "STUSPS": "MO", "NAME": "Missouri", "LSAD": "00", "ALAND": 178050802184, "AWATER": 2489425460 }, "geometry": { "type": "MultiLineString", "coordinates": [ [ [ -93.27398, 37.173699 ], [ -93.245042, 37.173327 ] ] ] } },
{ "type": "Feature", "properties": { "TYPEPIPE": "Interstate", "Operator": "Southern Star Central Gas PL Co", "Status": "Operating", "Shape_Leng": 0.02949905341, "STATEFP": "29", "STATENS": "01779791", "AFFGEOID": "0400000US29", "GEOID": "29", "STUSPS": "MO", "NAME": "Missouri", "LSAD": "00", "ALAND": 178050802184, "AWATER": 2489425460 }, "geometry": { "type": "MultiLineString", "coordinates": [ [ [ -93.274368, 37.144576 ], [ -93.274914, 37.17407 ] ] ] } },
{ "type": "Feature", "properties": { "TYPEPIPE": "Interstate", "Operator": "Southern Star Central Gas PL Co", "Status": "Operating", "Shape_Leng": 0.12096506152, "STATEFP": "29", "STATENS": "01779791", "AFFGEOID": "0400000US29", "GEOID": "29", "STUSPS": "MO", "NAME": "Missouri", "LSAD": "00", "ALAND": 178050802184, "AWATER": 2489425460 }, "geometry": { "type": "MultiLineString", "coordinates": [ [ [ -93.395333, 37.144698 ], [ -93.274368, 37.144576 ] ] ] } },
{ "type": "Feature", "properties": { "TYPEPIPE": "Interstate", "Operator": "Southern Star Central Gas PL Co", "Status": "Operating", "Shape_Leng": 0.09566350258, "STATEFP": "29", "STATENS": "01779791", "AFFGEOID": "0400000US29", "GEOID": "29", "STUSPS": "MO", "NAME": "Missouri", "LSAD": "00", "ALAND": 178050802184, "AWATER": 2489425460 }, "geometry": { "type": "MultiLineString", "coordinates": [ [ [ -93.476864, 37.094656 ], [ -93.395333, 37.144698 ] ] ] } },
{ "type": "Feature", "properties": { "TYPEPIPE": "Interstate", "Operator": "Southern Star Central Gas PL Co", "Status": "Operating", "Shape_Leng": 0.03593128603, "STATEFP": "29", "STATENS": "01779791", "AFFGEOID": "0400000US29", "GEOID": "29", "STUSPS": "MO", "NAME": "Missouri", "LSAD": "00", "ALAND": 178050802184, "AWATER": 2489425460 }, "geometry": { "type": "MultiLineString", "coordinates": [ [ [ -93.62432, 37.018368 ], [ -93.592474, 37.035008 ] ] ] } },
{ "type": "Feature", "properties": { "TYPEPIPE": "Interstate", "Operator": "Southern Star Central Gas PL Co", "Status": "Operating", "Shape_Leng": 0.08158692287, "STATEFP": "29", "STATENS": "01779791", "AFFGEOID": "0400000US29", "GEOID": "29", "STUSPS": "MO", "NAME": "Missouri", "LSAD": "00", "ALAND": 178050802184, "AWATER": 2489425460 }, "geometry": { "type": "MultiLineString", "coordinates": [ [ [ -93.704448, 37.003008 ], [ -93.62432, 37.018368 ] ] ] } },
{ "type": "Feature", "properties": { "TYPEPIPE": "Interstate", "Operator": "Southern Star Central Gas PL Co", "Status": "Operating", "Shape_Leng": 0.194048, "STATEFP": "29", "STATENS": "01779791", "AFFGEOID": "0400000US29", "GEOID": "29", "STUSPS": "MO", "NAME": "Missouri", "LSAD": "00", "ALAND": 178050802184, "AWATER": 2489425460 }, "geometry": { "type": "MultiLineString", "coordinates": [ [ [ -93.898496, 37.003008 ], [ -93.704448, 37.003008 ] ] ] } },
{ "type": "Feature", "properties": { "TYPEPIPE": "Interstate", "Operator": "Southern Star Central Gas PL Co", "Status": "Operating", "Shape_Leng": 0.084224, "STATEFP": "29", "STATENS": "01779791", "AFFGEOID": "0400000US29", "GEOID": "29", "STUSPS": "MO", "NAME": "Missouri", "LSAD": "00", "ALAND": 178050802184, "AWATER": 2489425460 }, "geometry": { "type": "MultiLineString", "coordinates": [ [ [ -93.98272, 37.003008 ], [ -93.898496, 37.003008 ] ] ] } },
{ "type": "Feature", "properties": { "TYPEPIPE": "Interstate", "Operator": "Southern Star Central Gas PL Co", "Status": "Operating", "Shape_Leng": 0.075776, "STATEFP": "29", "STATENS": "01779791", "AFFGEOID": "0400000US29", "GEOID": "29", "STUSPS": "MO", "NAME": "Missouri", "LSAD": "00", "ALAND": 178050802184, "AWATER": 2489425460 }, "geometry": { "type": "MultiLineString", "coordinates": [ [ [ -94.058496, 37.003008 ], [ -93.98272, 37.003008 ] ] ] } },
{ "type": "Feature", "properties": { "TYPEPIPE": "Interstate", "Operator": "Southern Star Central Gas PL Co", "Status": "Operating", "Shape_Leng": 0.32896, "STATEFP": "29", "STATENS": "01779791", "AFFGEOID": "0400000US29", "GEOID": "29", "STUSPS": "MO", "NAME": "Missouri", "LSAD": "00", "ALAND": 178050802184, "AWATER": 2489425460 }, "geometry": { "type": "MultiLineString", "coordinates": [ [ [ -94.387456, 37.003008 ], [ -94.058496, 37.003008 ] ] ] } },
{ "type": "Feature", "properties": { "TYPEPIPE": "Interstate", "Operator": "Southern Star Central Gas PL Co", "Status": "Operating", "Shape_Leng": 0.08456722769, "STATEFP": "29", "STATENS": "01779791", "AFFGEOID": "0400000US29", "GEOID": "29", "STUSPS": "MO", "NAME": "Missouri", "LSAD": "00", "ALAND": 178050802184, "AWATER": 2489425460 }, "geometry": { "type": "MultiLineString", "coordinates": [ [ [ -94.471936, 37.006848 ], [ -94.387456, 37.003008 ] ] ] } },
{ "type": "Feature", "properties": { "TYPEPIPE": "Interstate", "Operator": "Southern Star Central Gas PL Co", "Status": "Operating", "Shape_Leng": 0.13800275939000001, "STATEFP": "29", "STATENS": "01779791", "AFFGEOID": "0400000US29", "GEOID": "29", "STUSPS": "MO", "NAME": "Missouri", "LSAD": "00", "ALAND": 178050802184, "AWATER": 2489425460 }, "geometry": { "type": "MultiLineString", "coordinates": [ [ [ -94.606592, 36.97664 ], [ -94.471936, 37.006848 ] ] ] } },
{ "type": "Feature", "properties": { "TYPEPIPE": "Interstate", "Operator": "Southern Star Central Gas PL Co", "Status": "Operating", "Shape_Leng": 0.06836319912, "STATEFP": "29", "STATENS": "01779791", "AFFGEOID": "0400000US29", "GEOID": "29", "STUSPS": "MO", "NAME": "Missouri", "LSAD": "00", "ALAND": 178050802184, "AWATER": 2489425460 }, "geometry": { "type": "MultiLineString", "coordinates": [ [ [ -94.370816, 36.598016 ], [ -94.382103, 36.530591 ] ] ] } },
{ "type": "Feature", "properties": { "TYPEPIPE": "Interstate", "Operator": "Southern Star Central Gas PL Co", "Status": "Operating", "Shape_Leng": 0.30003068942, "STATEFP": "29", "STATENS": "01779791", "AFFGEOID": "0400000US29", "GEOID": "29", "STUSPS": "MO", "NAME": "Missouri", "LSAD": "00", "ALAND": 178050802184, "AWATER": 2489425460 }, "geometry": { "type": "MultiLineString", "coordinates": [ [ [ -94.446592, 36.88832 ], [ -94.370816, 36.598016 ] ] ] } },
{ "type": "Feature", "properties": { "TYPEPIPE": "Interstate", "Operator": "Southern Star Central Gas PL Co", "Status": "Operating", "Shape_Leng": 0.0267570216, "STATEFP": "29", "STATENS": "01779791", "AFFGEOID": "0400000US29", "GEOID": "29", "STUSPS": "MO", "NAME": "Missouri", "LSAD": "00", "ALAND": 178050802184, "AWATER": 2489425460 }, "geometry": { "type": "MultiLineString", "coordinates": [ [ [ -94.616703, 37.137074 ], [ -94.589946, 37.13704 ] ] ] } },
{ "type": "Feature", "properties": { "TYPEPIPE": "Interstate", "Operator": "Southern Star Central Gas PL Co", "Status": "Operating", "Shape_Leng": 0.13530417383000001, "STATEFP": "29", "STATENS": "01779791", "AFFGEOID": "0400000US29", "GEOID": "29", "STUSPS": "MO", "NAME": "Missouri", "LSAD": "00", "ALAND": 178050802184, "AWATER": 2489425460 }, "geometry": { "type": "MultiLineString", "coordinates": [ [ [ -93.556224, 39.3984 ], [ -93.68704, 39.36384 ] ] ] } },
{ "type": "Feature", "properties": { "TYPEPIPE": "Interstate", "Operator": "Southern Star Central Gas PL Co", "Status": "Operating", "Shape_Leng": 0.2110919347, "STATEFP": "29", "STATENS": "01779791", "AFFGEOID": "0400000US29", "GEOID": "29", "STUSPS": "MO", "NAME": "Missouri", "LSAD": "00", "ALAND": 178050802184, "AWATER": 2489425460 }, "geometry": { "type": "MultiLineString", "coordinates": [ [ [ -93.556224, 39.222528 ], [ -93.556832, 39.420272 ], [ -93.543485, 39.420272 ] ] ] } },
{ "type": "Feature", "properties": { "TYPEPIPE": "Interstate", "Operator": "Southern Star Central Gas PL Co", "Status": "Operating", "Shape_Leng": 0.07383406104, "STATEFP": "29", "STATENS": "01779791", "AFFGEOID": "0400000US29", "GEOID": "29", "STUSPS": "MO", "NAME": "Missouri", "LSAD": "00", "ALAND": 178050802184, "AWATER": 2489425460 }, "geometry": { "type": "MultiLineString", "coordinates": [ [ [ -93.560832, 39.15008 ], [ -93.563154, 39.195789 ], [ -93.556129, 39.213726 ], [ -93.556224, 39.222528 ] ] ] } },
{ "type": "Feature", "properties": { "TYPEPIPE": "Interstate", "Operator": "Southern Star Central Gas PL Co", "Status": "Operating", "Shape_Leng": 0.369664, "STATEFP": "29", "STATENS": "01779791", "AFFGEOID": "0400000US29", "GEOID": "29", "STUSPS": "MO", "NAME": "Missouri", "LSAD": "00", "ALAND": 178050802184, "AWATER": 2489425460 }, "geometry": { "type": "MultiLineString", "coordinates": [ [ [ -93.560832, 39.15008 ], [ -93.191168, 39.15008 ] ] ] } },
{ "type": "Feature", "properties": { "TYPEPIPE": "Interstate", "Operator": "Southern Star Central Gas PL Co", "Status": "Operating", "Shape_Leng": 0.02349628192, "STATEFP": "29", "STATENS": "01779791", "AFFGEOID": "0400000US29", "GEOID": "29", "STUSPS": "MO", "NAME": "Missouri", "LSAD": "00", "ALAND": 178050802184, "AWATER": 2489425460 }, "geometry": { "type": "MultiLineString", "coordinates": [ [ [ -93.556224, 39.12704 ], [ -93.560832, 39.15008 ] ] ] } },
{ "type": "Feature", "properties": { "TYPEPIPE": "Interstate", "Operator": "Southern Star Central Gas PL Co", "Status": "Operating", "Shape_Leng": 0.13623914973000001, "STATEFP": "29", "STATENS": "01779791", "AFFGEOID": "0400000US29", "GEOID": "29", "STUSPS": "MO", "NAME": "Missouri", "LSAD": "00", "ALAND": 178050802184, "AWATER": 2489425460 }, "geometry": { "type": "MultiLineString", "coordinates": [ [ [ -93.704192, 39.12704 ], [ -93.826048, 39.187968 ] ] ] } },
{ "type": "Feature", "properties": { "TYPEPIPE": "Interstate", "Operator": "Southern Star Central Gas PL Co", "Status": "Operating", "Shape_Leng": 0.147968, "STATEFP": "29", "STATENS": "01779791", "AFFGEOID": "0400000US29", "GEOID": "29", "STUSPS": "MO", "NAME": "Missouri", "LSAD": "00", "ALAND": 178050802184, "AWATER": 2489425460 }, "geometry": { "type": "MultiLineString", "coordinates": [ [ [ -93.556224, 39.12704 ], [ -93.704192, 39.12704 ] ] ] } },
{ "type": "Feature", "properties": { "TYPEPIPE": "Interstate", "Operator": "Southern Star Central Gas PL Co", "Status": "Operating", "Shape_Leng": 0.15290145156000001, "STATEFP": "29", "STATENS": "01779791", "AFFGEOID": "0400000US29", "GEOID": "29", "STUSPS": "MO", "NAME": "Missouri", "LSAD": "00", "ALAND": 178050802184, "AWATER": 2489425460 }, "geometry": { "type": "MultiLineString", "coordinates": [ [ [ -93.560832, 38.974208 ], [ -93.556224, 39.12704 ] ] ] } },
{ "type": "Feature", "properties": { "TYPEPIPE": "Interstate", "Operator": "Southern Star Central Gas PL Co", "Status": "Operating", "Shape_Leng": 0.13056, "STATEFP": "29", "STATENS": "01779791", "AFFGEOID": "0400000US29", "GEOID": "29", "STUSPS": "MO", "NAME": "Missouri", "LSAD": "00", "ALAND": 178050802184, "AWATER": 2489425460 }, "geometry": { "type": "MultiLineString", "coordinates": [ [ [ -93.560832, 38.974208 ], [ -93.430272, 38.974208 ] ] ] } },
{ "type": "Feature", "properties": { "TYPEPIPE": "Interstate", "Operator": "Southern Star Central Gas PL Co", "Status": "Operating", "Shape_Leng": 0.34976562299000002, "STATEFP": "29", "STATENS": "01779791", "AFFGEOID": "0400000US29", "GEOID": "29", "STUSPS": "MO", "NAME": "Missouri", "LSAD": "00", "ALAND": 178050802184, "AWATER": 2489425460 }, "geometry": { "type": "MultiLineString", "coordinates": [ [ [ -93.556224, 38.725888 ], [ -93.301996, 38.729053 ], [ -93.265932, 38.745929 ], [ -93.22746, 38.742179 ], [ -93.225056, 38.725303 ] ] ] } },
{ "type": "Feature", "properties": { "TYPEPIPE": "Interstate", "Operator": "Southern Star Central Gas PL Co", "Status": "Operating", "Shape_Leng": 0.56136924262, "STATEFP": "29", "STATENS": "01779791", "AFFGEOID": "0400000US29", "GEOID": "29", "STUSPS": "MO", "NAME": "Missouri", "LSAD": "00", "ALAND": 178050802184, "AWATER": 2489425460 }, "geometry": { "type": "MultiLineString", "coordinates": [ [ [ -94.117376, 38.710272 ], [ -93.556224, 38.725888 ] ] ] } },
{ "type": "Feature", "properties": { "TYPEPIPE": "Interstate", "Operator": "Southern Star Central Gas PL Co", "Status": "Operating", "Shape_Leng": 0.07841794407, "STATEFP": "29", "STATENS": "01779791", "AFFGEOID": "0400000US29", "GEOID": "29", "STUSPS": "MO", "NAME": "Missouri", "LSAD": "00", "ALAND": 178050802184, "AWATER": 2489425460 }, "geometry": { "type": "MultiLineString", "coordinates": [ [ [ -94.195712, 38.706688 ], [ -94.117376, 38.710272 ] ] ] } },
{ "type": "Feature", "properties": { "TYPEPIPE": "Interstate", "Operator": "Southern Star Central Gas PL Co", "Status": "Operating", "Shape_Leng": 0.30194947689000001, "STATEFP": "29", "STATENS": "01779791", "AFFGEOID": "0400000US29", "GEOID": "29", "STUSPS": "MO", "NAME": "Missouri", "LSAD": "00", "ALAND": 178050802184, "AWATER": 2489425460 }, "geometry": { "type": "MultiLineString", "coordinates": [ [ [ -94.195712, 38.706688 ], [ -94.187008, 39.008512 ] ] ] } },
{ "type": "Feature", "properties": { "TYPEPIPE": "Interstate", "Operator": "Southern Star Central Gas PL Co", "Status": "Operating", "Shape_Leng": 0.1016900187, "STATEFP": "29", "STATENS": "01779791", "AFFGEOID": "0400000US29", "GEOID": "29", "STUSPS": "MO", "NAME": "Missouri", "LSAD": "00", "ALAND": 178050802184, "AWATER": 2489425460 }, "geometry": { "type": "MultiLineString", "coordinates": [ [ [ -94.605824, 38.649856 ], [ -94.504704, 38.660608 ] ] ] } },
{ "type": "Feature", "properties": { "TYPEPIPE": "Interstate", "Operator": "Southern Star Central Gas PL Co", "Status": "Operating", "Shape_Leng": 0.389888, "STATEFP": "29", "STATENS": "01779791", "AFFGEOID": "0400000US29", "GEOID": "29", "STUSPS": "MO", "NAME": "Missouri", "LSAD": "00", "ALAND": 178050802184, "AWATER": 2489425460 }, "geometry": { "type": "MultiLineString", "coordinates": [ [ [ -94.84672, 39.364352 ], [ -94.84672, 39.75424 ] ] ] } },
{ "type": "Feature", "properties": { "TYPEPIPE": "Interstate", "Operator": "Southern Star Central Gas PL Co", "Status": "Operating", "Shape_Leng": 0.1714882988, "STATEFP": "29", "STATENS": "01779791", "AFFGEOID": "0400000US29", "GEOID": "29", "STUSPS": "MO", "NAME": "Missouri", "LSAD": "00", "ALAND": 178050802184, "AWATER": 2489425460 }, "geometry": { "type": "MultiLineString", "coordinates": [ [ [ -94.90585540049301, 39.331624979849167 ], [ -94.877372, 39.330408 ] ] ] } },
{ "type": "Feature", "properties": { "TYPEPIPE": "Interstate", "Operator": "Southern Star Central Gas PL Co", "Status": "Operating", "Shape_Leng": 0.04573554679, "STATEFP": "29", "STATENS": "01779791", "AFFGEOID": "0400000US29", "GEOID": "29", "STUSPS": "MO", "NAME": "Missouri", "LSAD": "00", "ALAND": 178050802184, "AWATER": 2489425460 }, "geometry": { "type": "MultiLineString", "coordinates": [ [ [ -94.877372, 39.330408 ], [ -94.84672, 39.364352 ] ] ] } },
{ "type": "Feature", "properties": { "TYPEPIPE": "Interstate", "Operator": "Southern Star Central Gas PL Co", "Status": "Operating", "Shape_Leng": 0.05665359528, "STATEFP": "29", "STATENS": "01779791", "AFFGEOID": "0400000US29", "GEOID": "29", "STUSPS": "MO", "NAME": "Missouri", "LSAD": "00", "ALAND": 178050802184, "AWATER": 2489425460 }, "geometry": { "type": "MultiLineString", "coordinates": [ [ [ -94.610642200600566, 38.649231102867837 ], [ -94.605824, 38.649856 ] ] ] } },
{ "type": "Feature", "properties": { "TYPEPIPE": "Interstate", "Operator": "Southern Star Central Gas PL Co", "Status": "Operating", "Shape_Leng": 0.16115775805, "STATEFP": "29", "STATENS": "01779791", "AFFGEOID": "0400000US29", "GEOID": "29", "STUSPS": "MO", "NAME": "Missouri", "LSAD": "00", "ALAND": 178050802184, "AWATER": 2489425460 }, "geometry": { "type": "MultiLineString", "coordinates": [ [ [ -93.557841, 38.813078 ], [ -93.560832, 38.974208 ] ] ] } },
{ "type": "Feature", "properties": { "TYPEPIPE": "Interstate", "Operator": "Southern Star Central Gas PL Co", "Status": "Operating", "Shape_Leng": 0.02429716751, "STATEFP": "29", "STATENS": "01779791", "AFFGEOID": "0400000US29", "GEOID": "29", "STUSPS": "MO", "NAME": "Missouri", "LSAD": "00", "ALAND": 178050802184, "AWATER": 2489425460 }, "geometry": { "type": "MultiLineString", "coordinates": [ [ [ -93.556224, 38.725888 ], [ -93.556674, 38.750181 ] ] ] } },
{ "type": "Feature", "properties": { "TYPEPIPE": "Interstate", "Operator": "Southern Star Central Gas PL Co", "Status": "Operating", "Shape_Leng": 0.10028649471, "STATEFP": "29", "STATENS": "01779791", "AFFGEOID": "0400000US29", "GEOID": "29", "STUSPS": "MO", "NAME": "Missouri", "LSAD": "00", "ALAND": 178050802184, "AWATER": 2489425460 }, "geometry": { "type": "MultiLineString", "coordinates": [ [ [ -94.253627, 38.69805 ], [ -94.253312, 38.798336 ] ] ] } },
{ "type": "Feature", "properties": { "TYPEPIPE": "Interstate", "Operator": "Southern Star Central Gas PL Co", "Status": "Operating", "Shape_Leng": 0.15564193623, "STATEFP": "29", "STATENS": "01779791", "AFFGEOID": "0400000US29", "GEOID": "29", "STUSPS": "MO", "NAME": "Missouri", "LSAD": "00", "ALAND": 178050802184, "AWATER": 2489425460 }, "geometry": { "type": "MultiLineString", "coordinates": [ [ [ -94.505896, 38.660437 ], [ -94.498864, 38.81592 ] ] ] } },
{ "type": "Feature", "properties": { "TYPEPIPE": "Interstate", "Operator": "Southern Star Central Gas PL Co", "Status": "Operating", "Shape_Leng": 0.05855563396, "STATEFP": "29", "STATENS": "01779791", "AFFGEOID": "0400000US29", "GEOID": "29", "STUSPS": "MO", "NAME": "Missouri", "LSAD": "00", "ALAND": 178050802184, "AWATER": 2489425460 }, "geometry": { "type": "MultiLineString", "coordinates": [ [ [ -94.253627, 38.69805 ], [ -94.195712, 38.706688 ] ] ] } },
{ "type": "Feature", "properties": { "TYPEPIPE": "Interstate", "Operator": "Southern Star Central Gas PL Co", "Status": "Operating", "Shape_Leng": 0.01294241341, "STATEFP": "29", "STATENS": "01779791", "AFFGEOID": "0400000US29", "GEOID": "29", "STUSPS": "MO", "NAME": "Missouri", "LSAD": "00", "ALAND": 178050802184, "AWATER": 2489425460 }, "geometry": { "type": "MultiLineString", "coordinates": [ [ [ -94.427973, 38.67205 ], [ -94.415172, 38.673958 ] ] ] } },
{ "type": "Feature", "properties": { "TYPEPIPE": "Interstate", "Operator": "Southern Star Central Gas PL Co", "Status": "Operating", "Shape_Leng": 0.0775794156, "STATEFP": "29", "STATENS": "01779791", "AFFGEOID": "0400000US29", "GEOID": "29", "STUSPS": "MO", "NAME": "Missouri", "LSAD": "00", "ALAND": 178050802184, "AWATER": 2489425460 }, "geometry": { "type": "MultiLineString", "coordinates": [ [ [ -94.504704, 38.660608 ], [ -94.427973, 38.67205 ] ] ] } },
{ "type": "Feature", "properties": { "TYPEPIPE": "Interstate", "Operator": "Southern Star Central Gas PL Co", "Status": "Operating", "Shape_Leng": 0.16333159979, "STATEFP": "29", "STATENS": "01779791", "AFFGEOID": "0400000US29", "GEOID": "29", "STUSPS": "MO", "NAME": "Missouri", "LSAD": "00", "ALAND": 178050802184, "AWATER": 2489425460 }, "geometry": { "type": "MultiLineString", "coordinates": [ [ [ -94.415172, 38.673958 ], [ -94.253627, 38.69805 ] ] ] } },
{ "type": "Feature", "properties": { "TYPEPIPE": "Interstate", "Operator": "Southern Star Central Gas PL Co", "Status": "Operating", "Shape_Leng": 0.02904762498, "STATEFP": "29", "STATENS": "01779791", "AFFGEOID": "0400000US29", "GEOID": "29", "STUSPS": "MO", "NAME": "Missouri", "LSAD": "00", "ALAND": 178050802184, "AWATER": 2489425460 }, "geometry": { "type": "MultiLineString", "coordinates": [ [ [ -93.555027, 38.784167 ], [ -93.557841, 38.813078 ] ] ] } },
{ "type": "Feature", "properties": { "TYPEPIPE": "Interstate", "Operator": "Southern Star Central Gas PL Co", "Status": "Operating", "Shape_Leng": 0.03402588434, "STATEFP": "29", "STATENS": "01779791", "AFFGEOID": "0400000US29", "GEOID": "29", "STUSPS": "MO", "NAME": "Missouri", "LSAD": "00", "ALAND": 178050802184, "AWATER": 2489425460 }, "geometry": { "type": "MultiLineString", "coordinates": [ [ [ -93.556674, 38.750181 ], [ -93.555027, 38.784167 ] ] ] } },
{ "type": "Feature", "properties": { "TYPEPIPE": "Interstate", "Operator": "Southern Star Central Gas PL Co", "Status": "Operating", "Shape_Leng": 0.02858590093, "STATEFP": "29", "STATENS": "01779791", "AFFGEOID": "0400000US29", "GEOID": "29", "STUSPS": "MO", "NAME": "Missouri", "LSAD": "00", "ALAND": 178050802184, "AWATER": 2489425460 }, "geometry": { "type": "MultiLineString", "coordinates": [ [ [ -94.84672, 39.75424 ], [ -94.863216, 39.777586 ] ] ] } },
{ "type": "Feature", "properties": { "TYPEPIPE": "Interstate", "Operator": "Southern Star Central Gas PL Co", "Status": "Operating", "Shape_Leng": 0.08787245262, "STATEFP": "29", "STATENS": "01779791", "AFFGEOID": "0400000US29", "GEOID": "29", "STUSPS": "MO", "NAME": "Missouri", "LSAD": "00", "ALAND": 178050802184, "AWATER": 2489425460 }, "geometry": { "type": "MultiLineString", "coordinates": [ [ [ -94.84672, 39.39886 ], [ -94.761933, 39.375779 ] ] ] } },
{ "type": "Feature", "properties": { "TYPEPIPE": "Interstate", "Operator": "Southern Star Central Gas PL Co", "Status": "Operating", "Shape_Leng": 0.038584, "STATEFP": "29", "STATENS": "01779791", "AFFGEOID": "0400000US29", "GEOID": "29", "STUSPS": "MO", "NAME": "Missouri", "LSAD": "00", "ALAND": 178050802184, "AWATER": 2489425460 }, "geometry": { "type": "MultiLineString", "coordinates": [ [ [ -94.753740499846899, 39.177527 ], [ -94.716386, 39.177527 ] ] ] } },
{ "type": "Feature", "properties": { "TYPEPIPE": "Interstate", "Operator": "Southern Star Central Gas PL Co", "Status": "Operating", "Shape_Leng": 0.04026364837, "STATEFP": "29", "STATENS": "01779791", "AFFGEOID": "0400000US29", "GEOID": "29", "STUSPS": "MO", "NAME": "Missouri", "LSAD": "00", "ALAND": 178050802184, "AWATER": 2489425460 }, "geometry": { "type": "MultiLineString", "coordinates": [ [ [ -94.505896, 38.66067 ], [ -94.507088, 38.620424 ] ] ] } },
{ "type": "Feature", "properties": { "TYPEPIPE": "Interstate", "Operator": "Southern Star Central Gas PL Co", "Status": "Operating", "Shape_Leng": 0.06221888254, "STATEFP": "29", "STATENS": "01779791", "AFFGEOID": "0400000US29", "GEOID": "29", "STUSPS": "MO", "NAME": "Missouri", "LSAD": "00", "ALAND": 178050802184, "AWATER": 2489425460 }, "geometry": { "type": "MultiLineString", "coordinates": [ [ [ -94.253627, 38.69805 ], [ -94.253143, 38.635833 ] ] ] } },
{ "type": "Feature", "properties": { "TYPEPIPE": "Interstate", "Operator": "Southern Star Central Gas PL Co", "Status": "Operating", "Shape_Leng": 0.084999, "STATEFP": "29", "STATENS": "01779791", "AFFGEOID": "0400000US29", "GEOID": "29", "STUSPS": "MO", "NAME": "Missouri", "LSAD": "00", "ALAND": 178050802184, "AWATER": 2489425460 }, "geometry": { "type": "MultiLineString", "coordinates": [ [ [ -94.475453, 37.118583 ], [ -94.390454, 37.118583 ] ] ] } },
{ "type": "Feature", "properties": { "TYPEPIPE": "Interstate", "Operator": "Southern Star Central Gas PL Co", "Status": "Operating", "Shape_Leng": 0.04395217775, "STATEFP": "29", "STATENS": "01779791", "AFFGEOID": "0400000US29", "GEOID": "29", "STUSPS": "MO", "NAME": "Missouri", "LSAD": "00", "ALAND": 178050802184, "AWATER": 2489425460 }, "geometry": { "type": "MultiLineString", "coordinates": [ [ [ -94.390407, 37.104393 ], [ -94.390282, 37.148345 ] ] ] } },
{ "type": "Feature", "properties": { "TYPEPIPE": "Interstate", "Operator": "Southern Star Central Gas PL Co", "Status": "Operating", "Shape_Leng": 0.062809, "STATEFP": "29", "STATENS": "01779791", "AFFGEOID": "0400000US29", "GEOID": "29", "STUSPS": "MO", "NAME": "Missouri", "LSAD": "00", "ALAND": 178050802184, "AWATER": 2489425460 }, "geometry": { "type": "MultiLineString", "coordinates": [ [ [ -94.40679, 37.147926 ], [ -94.343981, 37.147926 ] ] ] } },
{ "type": "Feature", "properties": { "TYPEPIPE": "Interstate", "Operator": "Southern Star Central Gas PL Co", "Status": "Operating", "Shape_Leng": 0.03933112144, "STATEFP": "29", "STATENS": "01779791", "AFFGEOID": "0400000US29", "GEOID": "29", "STUSPS": "MO", "NAME": "Missouri", "LSAD": "00", "ALAND": 178050802184, "AWATER": 2489425460 }, "geometry": { "type": "MultiLineString", "coordinates": [ [ [ -93.98272, 37.003008 ], [ -93.984665, 36.963725 ] ] ] } },
{ "type": "Feature", "properties": { "TYPEPIPE": "Interstate", "Operator": "Southern Star Central Gas PL Co", "Status": "Operating", "Shape_Leng": 0.050726, "STATEFP": "29", "STATENS": "01779791", "AFFGEOID": "0400000US29", "GEOID": "29", "STUSPS": "MO", "NAME": "Missouri", "LSAD": "00", "ALAND": 178050802184, "AWATER": 2489425460 }, "geometry": { "type": "MultiLineString", "coordinates": [ [ [ -93.903453, 37.003008 ], [ -93.903453, 36.952282 ] ] ] } },
{ "type": "Feature", "properties": { "TYPEPIPE": "Interstate", "Operator": "Southern Star Central Gas PL Co", "Status": "Operating", "Shape_Leng": 0.04093479647, "STATEFP": "29", "STATENS": "01779791", "AFFGEOID": "0400000US29", "GEOID": "29", "STUSPS": "MO", "NAME": "Missouri", "LSAD": "00", "ALAND": 178050802184, "AWATER": 2489425460 }, "geometry": { "type": "MultiLineString", "coordinates": [ [ [ -94.611129, 37.137067 ], [ -94.610987, 37.160926 ], [ -94.593912, 37.160813 ] ] ] } },
{ "type": "Feature", "properties": { "TYPEPIPE": "Interstate", "Operator": "Southern Star Central Gas PL Co", "Status": "Operating", "Shape_Leng": 0.01665820954, "STATEFP": "29", "STATENS": "01779791", "AFFGEOID": "0400000US29", "GEOID": "29", "STUSPS": "MO", "NAME": "Missouri", "LSAD": "00", "ALAND": 178050802184, "AWATER": 2489425460 }, "geometry": { "type": "MultiLineString", "coordinates": [ [ [ -94.616172993898317, 37.835343977743328 ], [ -94.600422, 37.84021 ] ] ] } },
{ "type": "Feature", "properties": { "TYPEPIPE": "Interstate", "Operator": "Southern Star Central Gas PL Co", "Status": "Operating", "Shape_Leng": 3.60091677498, "STATEFP": "29", "STATENS": "01779791", "AFFGEOID": "0400000US29", "GEOID": "29", "STUSPS": "MO", "NAME": "Missouri", "LSAD": "00", "ALAND": 178050802184, "AWATER": 2489425460 }, "geometry": { "type": "MultiLineString", "coordinates": [ [ [ -94.191384, 38.858418 ], [ -94.161607, 38.858491 ], [ -94.161792, 38.86324 ], [ -94.111738, 38.863154 ], [ -94.099763, 38.865603 ], [ -93.323727, 38.861795 ], [ -93.145912, 38.85944 ], [ -93.046456, 38.857085 ], [ -92.763158, 38.85002 ], [ -92.532634, 38.848316 ], [ -92.516026, 38.857085 ], [ -92.497943, 38.847666 ], [ -92.473832, 38.852375 ], [ -92.250811, 38.861795 ], [ -92.154369, 38.861795 ], [ -91.961485, 38.871214 ], [ -91.635994, 38.85002 ], [ -91.593801, 38.840601 ], [ -91.551607, 38.831181 ], [ -91.497359, 38.821762 ], [ -91.415986, 38.821762 ], [ -91.334613, 38.817052 ], [ -91.271323, 38.805278 ], [ -91.205019, 38.805278 ], [ -91.138716, 38.786439 ], [ -91.015149, 38.784084 ], [ -90.960901, 38.77231 ], [ -90.876513, 38.779374 ], [ -90.816237, 38.77231 ], [ -90.734865, 38.777019 ], [ -90.665547, 38.765245 ], [ -90.638423, 38.755825 ], [ -90.614313, 38.76289 ] ] ] } },
{ "type": "Feature", "properties": { "TYPEPIPE": "Interstate", "Operator": "Southern Star Central Gas PL Co", "Status": "Operating", "Shape_Leng": 0.12757708669000001, "STATEFP": "29", "STATENS": "01779791", "AFFGEOID": "0400000US29", "GEOID": "29", "STUSPS": "MO", "NAME": "Missouri", "LSAD": "00", "ALAND": 178050802184, "AWATER": 2489425460 }, "geometry": { "type": "MultiLineString", "coordinates": [ [ [ -93.631826, 38.724095 ], [ -93.630795, 38.745364 ], [ -93.625348, 38.754346 ], [ -93.573784, 38.77808 ], [ -93.566379, 38.78257 ], [ -93.558425, 38.811864 ] ] ] } },
{ "type": "Feature", "properties": { "TYPEPIPE": "Interstate", "Operator": "Southern Star Central Gas PL Co", "Status": "Operating", "Shape_Leng": 0.51946173142999996, "STATEFP": "29", "STATENS": "01779791", "AFFGEOID": "0400000US29", "GEOID": "29", "STUSPS": "MO", "NAME": "Missouri", "LSAD": "00", "ALAND": 178050802184, "AWATER": 2489425460 }, "geometry": { "type": "MultiLineString", "coordinates": [ [ [ -94.461198, 38.650666 ], [ -94.452259, 38.700223 ], [ -94.445492, 39.114991 ], [ -94.485024, 39.114991 ], [ -94.489815, 39.128941 ] ] ] } },
{ "type": "Feature", "properties": { "TYPEPIPE": "Interstate", "Operator": "Southern Star Central Gas PL Co", "Status": "Operating", "Shape_Leng": 0.02540422984, "STATEFP": "29", "STATENS": "01779791", "AFFGEOID": "0400000US29", "GEOID": "29", "STUSPS": "MO", "NAME": "Missouri", "LSAD": "00", "ALAND": 178050802184, "AWATER": 2489425460 }, "geometry": { "type": "MultiLineString", "coordinates": [ [ [ -94.205021, 38.834293 ], [ -94.204496, 38.847361 ], [ -94.192172, 38.847565 ] ] ] } },
{ "type": "Feature", "properties": { "TYPEPIPE": "Interstate", "Operator": "Southern Star Central Gas PL Co", "Status": "Operating", "Shape_Leng": 0.12962140214000001, "STATEFP": "29", "STATENS": "01779791", "AFFGEOID": "0400000US29", "GEOID": "29", "STUSPS": "MO", "NAME": "Missouri", "LSAD": "00", "ALAND": 178050802184, "AWATER": 2489425460 }, "geometry": { "type": "MultiLineString", "coordinates": [ [ [ -93.59201, 37.035132 ], [ -93.476864, 37.094656 ] ] ] } },
{ "type": "Feature", "properties": { "TYPEPIPE": "Interstate", "Operator": "Southern Star Central Gas PL Co", "Status": "Operating", "Shape_Leng": 0.18033867205000001, "STATEFP": "29", "STATENS": "01779791", "AFFGEOID": "0400000US29", "GEOID": "29", "STUSPS": "MO", "NAME": "Missouri", "LSAD": "00", "ALAND": 178050802184, "AWATER": 2489425460 }, "geometry": { "type": "MultiLineString", "coordinates": [ [ [ -93.142826, 37.112351 ], [ -93.15076, 37.112351 ], [ -93.292183, 37.114582 ], [ -93.301984, 37.143954 ] ] ] } },
{ "type": "Feature", "properties": { "TYPEPIPE": "Interstate", "Operator": "Southern Star Central Gas PL Co", "Status": "Operating", "Shape_Leng": 0.041431, "STATEFP": "29", "STATENS": "01779791", "AFFGEOID": "0400000US29", "GEOID": "29", "STUSPS": "MO", "NAME": "Missouri", "LSAD": "00", "ALAND": 178050802184, "AWATER": 2489425460 }, "geometry": { "type": "MultiLineString", "coordinates": [ [ [ -93.473918, 37.096574 ], [ -93.473918, 37.138005 ] ] ] } },
{ "type": "Feature", "properties": { "TYPEPIPE": "Interstate", "Operator": "ANR Pipeline Co", "Status": "Operating", "Shape_Leng": 0.09783762369, "STATEFP": "29", "STATENS": "01779791", "AFFGEOID": "0400000US29", "GEOID": "29", "STUSPS": "MO", "NAME": "Missouri", "LSAD": "00", "ALAND": 178050802184, "AWATER": 2489425460 }, "geometry": { "type": "MultiLineString", "coordinates": [ [ [ -95.338807, 40.101718 ], [ -95.350289, 40.097731 ], [ -95.35788, 40.094258 ], [ -95.37294, 40.085115 ], [ -95.377874, 40.079748 ], [ -95.397867, 40.063053 ], [ -95.404636436624401, 40.056251866826663 ] ] ] } },
{ "type": "Feature", "properties": { "TYPEPIPE": "Interstate", "Operator": "ANR Pipeline Co", "Status": "Operating", "Shape_Leng": 0.2370668765, "STATEFP": "29", "STATENS": "01779791", "AFFGEOID": "0400000US29", "GEOID": "29", "STUSPS": "MO", "NAME": "Missouri", "LSAD": "00", "ALAND": 178050802184, "AWATER": 2489425460 }, "geometry": { "type": "MultiLineString", "coordinates": [ [ [ -94.4305, 40.391866 ], [ -94.482823, 40.381943 ], [ -94.518641, 40.37393 ], [ -94.557268, 40.362713 ], [ -94.581147, 40.350962 ], [ -94.65518, 40.319936 ] ] ] } },
{ "type": "Feature", "properties": { "TYPEPIPE": "Interstate", "Operator": "ANR Pipeline Co", "Status": "Operating", "Shape_Leng": 0.04941535619, "STATEFP": "29", "STATENS": "01779791", "AFFGEOID": "0400000US29", "GEOID": "29", "STUSPS": "MO", "NAME": "Missouri", "LSAD": "00", "ALAND": 178050802184, "AWATER": 2489425460 }, "geometry": { "type": "MultiLineString", "coordinates": [ [ [ -94.99647, 40.225212 ], [ -95.007005, 40.215897 ], [ -95.040941, 40.205989 ] ] ] } },
{ "type": "Feature", "properties": { "TYPEPIPE": "Interstate", "Operator": "ANR Pipeline Co", "Status": "Operating", "Shape_Leng": 0.10003211708, "STATEFP": "29", "STATENS": "01779791", "AFFGEOID": "0400000US29", "GEOID": "29", "STUSPS": "MO", "NAME": "Missouri", "LSAD": "00", "ALAND": 178050802184, "AWATER": 2489425460 }, "geometry": { "type": "MultiLineString", "coordinates": [ [ [ -95.040941, 40.205989 ], [ -95.075254, 40.202298 ], [ -95.139371, 40.188806 ] ] ] } },
{ "type": "Feature", "properties": { "TYPEPIPE": "Interstate", "Operator": "ANR Pipeline Co", "Status": "Operating", "Shape_Leng": 0.21763107313, "STATEFP": "29", "STATENS": "01779791", "AFFGEOID": "0400000US29", "GEOID": "29", "STUSPS": "MO", "NAME": "Missouri", "LSAD": "00", "ALAND": 178050802184, "AWATER": 2489425460 }, "geometry": { "type": "MultiLineString", "coordinates": [ [ [ -95.139371, 40.188806 ], [ -95.180057, 40.170451 ], [ -95.202526, 40.160315 ], [ -95.271037, 40.131311 ], [ -95.338807, 40.101718 ] ] ] } },
{ "type": "Feature", "properties": { "TYPEPIPE": "Interstate", "Operator": "ANR Pipeline Co", "Status": "Operating", "Shape_Leng": 0.43203333427000001, "STATEFP": "29", "STATENS": "01779791", "AFFGEOID": "0400000US29", "GEOID": "29", "STUSPS": "MO", "NAME": "Missouri", "LSAD": "00", "ALAND": 178050802184, "AWATER": 2489425460 }, "geometry": { "type": "MultiLineString", "coordinates": [ [ [ -93.794084992989397, 40.577311227407954 ], [ -93.961547, 40.532029 ], [ -94.210722, 40.464706 ] ] ] } },
{ "type": "Feature", "properties": { "TYPEPIPE": "Interstate", "Operator": "ANR Pipeline Co", "Status": "Operating", "Shape_Leng": 0.23197454181, "STATEFP": "29", "STATENS": "01779791", "AFFGEOID": "0400000US29", "GEOID": "29", "STUSPS": "MO", "NAME": "Missouri", "LSAD": "00", "ALAND": 178050802184, "AWATER": 2489425460 }, "geometry": { "type": "MultiLineString", "coordinates": [ [ [ -94.210722, 40.464706 ], [ -94.277748, 40.448177 ], [ -94.317077, 40.436426 ], [ -94.3543, 40.420401 ], [ -94.4305, 40.391866 ] ] ] } },
{ "type": "Feature", "properties": { "TYPEPIPE": "Interstate", "Operator": "ANR Pipeline Co", "Status": "Operating", "Shape_Leng": 0.09265161724, "STATEFP": "29", "STATENS": "01779791", "AFFGEOID": "0400000US29", "GEOID": "29", "STUSPS": "MO", "NAME": "Missouri", "LSAD": "00", "ALAND": 178050802184, "AWATER": 2489425460 }, "geometry": { "type": "MultiLineString", "coordinates": [ [ [ -94.078379, 40.500392 ], [ -94.100326, 40.535066 ], [ -94.102784, 40.537533 ], [ -94.107261, 40.542267 ], [ -94.108753, 40.550336 ], [ -94.109807, 40.551936 ], [ -94.109456, 40.553136 ], [ -94.112089, 40.561404 ], [ -94.114969, 40.570285 ], [ -94.11538112832153, 40.572745121681052 ] ] ] } },
{ "type": "Feature", "properties": { "TYPEPIPE": "Interstate", "Operator": "ANR Pipeline Co", "Status": "Operating", "Shape_Leng": 0.124640911, "STATEFP": "29", "STATENS": "01779791", "AFFGEOID": "0400000US29", "GEOID": "29", "STUSPS": "MO", "NAME": "Missouri", "LSAD": "00", "ALAND": 178050802184, "AWATER": 2489425460 }, "geometry": { "type": "MultiLineString", "coordinates": [ [ [ -95.350289, 40.097731 ], [ -95.366553, 40.152755 ], [ -95.367801, 40.220007 ] ] ] } },
{ "type": "Feature", "properties": { "TYPEPIPE": "Interstate", "Operator": "ANR Pipeline Co", "Status": "Operating", "Shape_Leng": 0.02363867746, "STATEFP": "29", "STATENS": "01779791", "AFFGEOID": "0400000US29", "GEOID": "29", "STUSPS": "MO", "NAME": "Missouri", "LSAD": "00", "ALAND": 178050802184, "AWATER": 2489425460 }, "geometry": { "type": "MultiLineString", "coordinates": [ [ [ -95.295253, 40.120147 ], [ -95.287749, 40.097731 ] ] ] } },
{ "type": "Feature", "properties": { "TYPEPIPE": "Interstate", "Operator": "ANR Pipeline Co", "Status": "Operating", "Shape_Leng": 0.00453319005, "STATEFP": "29", "STATENS": "01779791", "AFFGEOID": "0400000US29", "GEOID": "29", "STUSPS": "MO", "NAME": "Missouri", "LSAD": "00", "ALAND": 178050802184, "AWATER": 2489425460 }, "geometry": { "type": "MultiLineString", "coordinates": [ [ [ -95.040275, 40.201505 ], [ -95.040941, 40.205989 ] ] ] } },
{ "type": "Feature", "properties": { "TYPEPIPE": "Interstate", "Operator": "ANR Pipeline Co", "Status": "Operating", "Shape_Leng": 0.07458338882, "STATEFP": "29", "STATENS": "01779791", "AFFGEOID": "0400000US29", "GEOID": "29", "STUSPS": "MO", "NAME": "Missouri", "LSAD": "00", "ALAND": 178050802184, "AWATER": 2489425460 }, "geometry": { "type": "MultiLineString", "coordinates": [ [ [ -94.873404, 40.272996 ], [ -94.865886, 40.311837 ], [ -94.873064, 40.346115 ] ] ] } },
{ "type": "Feature", "properties": { "TYPEPIPE": "Interstate", "Operator": "ANR Pipeline Co", "Status": "Operating", "Shape_Leng": 0.06697441248, "STATEFP": "29", "STATENS": "01779791", "AFFGEOID": "0400000US29", "GEOID": "29", "STUSPS": "MO", "NAME": "Missouri", "LSAD": "00", "ALAND": 178050802184, "AWATER": 2489425460 }, "geometry": { "type": "MultiLineString", "coordinates": [ [ [ -94.599311, 40.342782 ], [ -94.594321, 40.321862 ], [ -94.581469, 40.299675 ], [ -94.578369, 40.281694 ], [ -94.576857, 40.281233 ] ] ] } },
{ "type": "Feature", "properties": { "TYPEPIPE": "Interstate", "Operator": "ANR Pipeline Co", "Status": "Operating", "Shape_Leng": 0.02088401524, "STATEFP": "29", "STATENS": "01779791", "AFFGEOID": "0400000US29", "GEOID": "29", "STUSPS": "MO", "NAME": "Missouri", "LSAD": "00", "ALAND": 178050802184, "AWATER": 2489425460 }, "geometry": { "type": "MultiLineString", "coordinates": [ [ [ -94.829946, 40.279429 ], [ -94.829384, 40.276142 ], [ -94.828448, 40.266995 ], [ -94.830078, 40.258801 ] ] ] } },
{ "type": "Feature", "properties": { "TYPEPIPE": "Interstate", "Operator": "ANR Pipeline Co", "Status": "Operating", "Shape_Leng": 0.06367566941, "STATEFP": "29", "STATENS": "01779791", "AFFGEOID": "0400000US29", "GEOID": "29", "STUSPS": "MO", "NAME": "Missouri", "LSAD": "00", "ALAND": 178050802184, "AWATER": 2489425460 }, "geometry": { "type": "MultiLineString", "coordinates": [ [ [ -94.384645, 40.406483 ], [ -94.370885, 40.369799 ], [ -94.355877, 40.350439 ] ] ] } },
{ "type": "Feature", "properties": { "TYPEPIPE": "Interstate", "Operator": "ANR Pipeline Co", "Status": "Operating", "Shape_Leng": 0.04763691241, "STATEFP": "29", "STATENS": "01779791", "AFFGEOID": "0400000US29", "GEOID": "29", "STUSPS": "MO", "NAME": "Missouri", "LSAD": "00", "ALAND": 178050802184, "AWATER": 2489425460 }, "geometry": { "type": "MultiLineString", "coordinates": [ [ [ -94.384645, 40.406483 ], [ -94.410913, 40.446223 ] ] ] } },
{ "type": "Feature", "properties": { "TYPEPIPE": "Interstate", "Operator": "ANR Pipeline Co", "Status": "Operating", "Shape_Leng": 0.03811297451, "STATEFP": "29", "STATENS": "01779791", "AFFGEOID": "0400000US29", "GEOID": "29", "STUSPS": "MO", "NAME": "Missouri", "LSAD": "00", "ALAND": 178050802184, "AWATER": 2489425460 }, "geometry": { "type": "MultiLineString", "coordinates": [ [ [ -93.957366, 40.574933 ], [ -93.957347010584684, 40.574978824457133 ] ] ] } },
{ "type": "Feature", "properties": { "TYPEPIPE": "Interstate", "Operator": "ANR Pipeline Co", "Status": "Operating", "Shape_Leng": 0.1281878786, "STATEFP": "29", "STATENS": "01779791", "AFFGEOID": "0400000US29", "GEOID": "29", "STUSPS": "MO", "NAME": "Missouri", "LSAD": "00", "ALAND": 178050802184, "AWATER": 2489425460 }, "geometry": { "type": "MultiLineString", "coordinates": [ [ [ -94.078379, 40.500392 ], [ -94.034393, 40.379987 ] ] ] } },
{ "type": "Feature", "properties": { "TYPEPIPE": "Interstate", "Operator": "ANR Pipeline Co", "Status": "Operating", "Shape_Leng": 0.06963242886, "STATEFP": "29", "STATENS": "01779791", "AFFGEOID": "0400000US29", "GEOID": "29", "STUSPS": "MO", "NAME": "Missouri", "LSAD": "00", "ALAND": 178050802184, "AWATER": 2489425460 }, "geometry": { "type": "MultiLineString", "coordinates": [ [ [ -93.543696159620296, 40.579712830273621 ], [ -93.544057, 40.574615 ], [ -93.537809, 40.559331 ] ] ] } },
{ "type": "Feature", "properties": { "TYPEPIPE": "Interstate", "Operator": "ANR Pipeline Co", "Status": "Operating", "Shape_Leng": 0.20083786904000001, "STATEFP": "29", "STATENS": "01779791", "AFFGEOID": "0400000US29", "GEOID": "29", "STUSPS": "MO", "NAME": "Missouri", "LSAD": "00", "ALAND": 178050802184, "AWATER": 2489425460 }, "geometry": { "type": "MultiLineString", "coordinates": [ [ [ -92.523480047273978, 40.593647845825011 ], [ -92.523377, 40.592955 ] ] ] } },
{ "type": "Feature", "properties": { "TYPEPIPE": "Interstate", "Operator": "ANR Pipeline Co", "Status": "Operating", "Shape_Leng": 0.04338519489, "STATEFP": "29", "STATENS": "01779791", "AFFGEOID": "0400000US29", "GEOID": "29", "STUSPS": "MO", "NAME": "Missouri", "LSAD": "00", "ALAND": 178050802184, "AWATER": 2489425460 }, "geometry": { "type": "MultiLineString", "coordinates": [ [ [ -93.961547, 40.532029 ], [ -93.961618, 40.546293 ], [ -93.961376, 40.558373 ], [ -93.957366, 40.574933 ] ] ] } },
{ "type": "Feature", "properties": { "TYPEPIPE": "Interstate", "Operator": "ANR Pipeline Co", "Status": "Operating", "Shape_Leng": 0.10424049908, "STATEFP": "29", "STATENS": "01779791", "AFFGEOID": "0400000US29", "GEOID": "29", "STUSPS": "MO", "NAME": "Missouri", "LSAD": "00", "ALAND": 178050802184, "AWATER": 2489425460 }, "geometry": { "type": "MultiLineString", "coordinates": [ [ [ -92.978344778484569, 40.586817875545243 ], [ -93.013448, 40.488948 ] ] ] } },
{ "type": "Feature", "properties": { "TYPEPIPE": "Interstate", "Operator": "ANR Pipeline Co", "Status": "Operating", "Shape_Leng": 0.01283415764, "STATEFP": "29", "STATENS": "01779791", "AFFGEOID": "0400000US29", "GEOID": "29", "STUSPS": "MO", "NAME": "Missouri", "LSAD": "00", "ALAND": 178050802184, "AWATER": 2489425460 }, "geometry": { "type": "MultiLineString", "coordinates": [ [ [ -93.459299086697314, 40.580053890201128 ], [ -93.459532, 40.574907 ], [ -93.459878, 40.567279 ] ] ] } },
{ "type": "Feature", "properties": { "TYPEPIPE": "Interstate", "Operator": "ANR Pipeline Co", "Status": "Operating", "Shape_Leng": 0.01596483401, "STATEFP": "29", "STATENS": "01779791", "AFFGEOID": "0400000US29", "GEOID": "29", "STUSPS": "MO", "NAME": "Missouri", "LSAD": "00", "ALAND": 178050802184, "AWATER": 2489425460 }, "geometry": { "type": "MultiLineString", "coordinates": [ [ [ -95.271037, 40.131311 ], [ -95.26199, 40.118157 ] ] ] } },
{ "type": "Feature", "properties": { "TYPEPIPE": "Interstate", "Operator": "ANR Pipeline Co", "Status": "Operating", "Shape_Leng": 0.0222577274, "STATEFP": "29", "STATENS": "01779791", "AFFGEOID": "0400000US29", "GEOID": "29", "STUSPS": "MO", "NAME": "Missouri", "LSAD": "00", "ALAND": 178050802184, "AWATER": 2489425460 }, "geometry": { "type": "MultiLineString", "coordinates": [ [ [ -95.075254, 40.202298 ], [ -95.074776, 40.200185 ], [ -95.067897, 40.181308 ] ] ] } },
{ "type": "Feature", "properties": { "TYPEPIPE": "Interstate", "Operator": "ANR Pipeline Co", "Status": "Operating", "Shape_Leng": 0.3555558775, "STATEFP": "29", "STATENS": "01779791", "AFFGEOID": "0400000US29", "GEOID": "29", "STUSPS": "MO", "NAME": "Missouri", "LSAD": "00", "ALAND": 178050802184, "AWATER": 2489425460 }, "geometry": { "type": "MultiLineString", "coordinates": [ [ [ -94.65518, 40.319936 ], [ -94.677618, 40.314063 ], [ -94.69661, 40.309092 ], [ -94.747716, 40.295941 ], [ -94.829946, 40.279429 ], [ -94.84156, 40.278715 ], [ -94.873404, 40.272996 ], [ -94.90619, 40.259498 ], [ -94.987751, 40.227372 ], [ -94.994846, 40.225614 ], [ -94.99647, 40.225212 ] ] ] } },
{ "type": "Feature", "properties": { "TYPEPIPE": "Interstate", "Operator": "ANR Pipeline Co", "Status": "Operating", "Shape_Leng": 0.01252297808, "STATEFP": "29", "STATENS": "01779791", "AFFGEOID": "0400000US29", "GEOID": "29", "STUSPS": "MO", "NAME": "Missouri", "LSAD": "00", "ALAND": 178050802184, "AWATER": 2489425460 }, "geometry": { "type": "MultiLineString", "coordinates": [ [ [ -94.677618, 40.314063 ], [ -94.678036, 40.326579 ] ] ] } },
{ "type": "Feature", "properties": { "TYPEPIPE": "Interstate", "Operator": "Rockies Express Pipeline", "Status": "Operating", "Shape_Leng": 0.37856116745000001, "STATEFP": "29", "STATENS": "01779791", "AFFGEOID": "0400000US29", "GEOID": "29", "STUSPS": "MO", "NAME": "Missouri", "LSAD": "00", "ALAND": 178050802184, "AWATER": 2489425460 }, "geometry": { "type": "MultiLineString", "coordinates": [ [ [ -94.971449377934903, 39.686342963712093 ], [ -94.971176, 39.686327 ] ] ] } },
{ "type": "Feature", "properties": { "TYPEPIPE": "Interstate", "Operator": "Rockies Express Pipeline", "Status": "Operating", "Shape_Leng": 0.37830263550999998, "STATEFP": "29", "STATENS": "01779791", "AFFGEOID": "0400000US29", "GEOID": "29", "STUSPS": "MO", "NAME": "Missouri", "LSAD": "00", "ALAND": 178050802184, "AWATER": 2489425460 }, "geometry": { "type": "MultiLineString", "coordinates": [ [ [ -94.971176, 39.686327 ], [ -94.895813, 39.665662 ], [ -94.881475, 39.661113 ], [ -94.865309, 39.660162 ], [ -94.855508, 39.657903 ], [ -94.848301, 39.656242 ], [ -94.751229, 39.634898 ], [ -94.745793, 39.632177 ], [ -94.740991, 39.630433 ], [ -94.736733, 39.630223 ], [ -94.733834, 39.630433 ], [ -94.727855, 39.629944 ], [ -94.653751, 39.616865 ], [ -94.64846, 39.616887 ], [ -94.64409, 39.616383 ], [ -94.636588, 39.614925 ], [ -94.632099, 39.613305 ], [ -94.614628, 39.612678 ], [ -94.610492, 39.612605 ], [ -94.607203, 39.612388 ], [ -94.601752, 39.612388 ] ] ] } },
{ "type": "Feature", "properties": { "TYPEPIPE": "Interstate", "Operator": "Rockies Express Pipeline", "Status": "Operating", "Shape_Leng": 0.39593089668999998, "STATEFP": "29", "STATENS": "01779791", "AFFGEOID": "0400000US29", "GEOID": "29", "STUSPS": "MO", "NAME": "Missouri", "LSAD": "00", "ALAND": 178050802184, "AWATER": 2489425460 }, "geometry": { "type": "MultiLineString", "coordinates": [ [ [ -94.601656, 39.613075 ], [ -94.524379, 39.598208 ], [ -94.508985, 39.594749 ], [ -94.491617, 39.593977 ], [ -94.481093, 39.592249 ], [ -94.473352, 39.590979 ], [ -94.36864, 39.583621 ], [ -94.363081, 39.583037 ], [ -94.358533, 39.582647 ], [ -94.352975, 39.582842 ], [ -94.346911, 39.582647 ], [ -94.336299, 39.583622 ], [ -94.274145, 39.581479 ], [ -94.268586, 39.581284 ], [ -94.263028, 39.581868 ], [ -94.254437, 39.582453 ], [ -94.248879, 39.581479 ], [ -94.239783, 39.57992 ], [ -94.228919, 39.579725 ], [ -94.216286, 39.579531 ], [ -94.208457, 39.579391 ] ] ] } },
{ "type": "Feature", "properties": { "TYPEPIPE": "Interstate", "Operator": "Rockies Express Pipeline", "Status": "Operating", "Shape_Leng": 0.44976157237999997, "STATEFP": "29", "STATENS": "01779791", "AFFGEOID": "0400000US29", "GEOID": "29", "STUSPS": "MO", "NAME": "Missouri", "LSAD": "00", "ALAND": 178050802184, "AWATER": 2489425460 }, "geometry": { "type": "MultiLineString", "coordinates": [ [ [ -94.208457, 39.579391 ], [ -94.125805, 39.572882 ], [ -94.113998, 39.572232 ], [ -94.092914, 39.572232 ], [ -94.070986, 39.57093 ], [ -94.050744, 39.572882 ], [ -93.927611, 39.568977 ], [ -93.821345, 39.560516 ], [ -93.759778, 39.554658 ] ] ] } },
{ "type": "Feature", "properties": { "TYPEPIPE": "Interstate", "Operator": "Rockies Express Pipeline", "Status": "Operating", "Shape_Leng": 0.5003232445, "STATEFP": "29", "STATENS": "01779791", "AFFGEOID": "0400000US29", "GEOID": "29", "STUSPS": "MO", "NAME": "Missouri", "LSAD": "00", "ALAND": 178050802184, "AWATER": 2489425460 }, "geometry": { "type": "MultiLineString", "coordinates": [ [ [ -93.759778, 39.554658 ], [ -93.668452, 39.538394 ], [ -93.655405, 39.53677 ], [ -93.632108, 39.53677 ], [ -93.60788, 39.533519 ], [ -93.58135, 39.531087 ], [ -93.449967, 39.520166 ], [ -93.332038, 39.507499 ], [ -93.264009, 39.492862 ] ] ] } },
{ "type": "Feature", "properties": { "TYPEPIPE": "Interstate", "Operator": "Rockies Express Pipeline", "Status": "Operating", "Shape_Leng": 0.56776895954999995, "STATEFP": "29", "STATENS": "01779791", "AFFGEOID": "0400000US29", "GEOID": "29", "STUSPS": "MO", "NAME": "Missouri", "LSAD": "00", "ALAND": 178050802184, "AWATER": 2489425460 }, "geometry": { "type": "MultiLineString", "coordinates": [ [ [ -93.264009, 39.492862 ], [ -93.160923, 39.479668 ], [ -93.14071, 39.478106 ], [ -93.094221, 39.474202 ], [ -93.019433, 39.462489 ], [ -92.960816, 39.452338 ], [ -92.914326, 39.44453 ], [ -92.807198, 39.406268 ], [ -92.707145, 39.393774 ] ] ] } },
{ "type": "Feature", "properties": { "TYPEPIPE": "Interstate", "Operator": "Rockies Express Pipeline", "Status": "Operating", "Shape_Leng": 0.40648118027000002, "STATEFP": "29", "STATENS": "01779791", "AFFGEOID": "0400000US29", "GEOID": "29", "STUSPS": "MO", "NAME": "Missouri", "LSAD": "00", "ALAND": 178050802184, "AWATER": 2489425460 }, "geometry": { "type": "MultiLineString", "coordinates": [ [ [ -92.707145, 39.393774 ], [ -92.633245, 39.383688 ], [ -92.618755, 39.382495 ], [ -92.576772, 39.377377 ], [ -92.425176, 39.337553 ], [ -92.400921, 39.333649 ], [ -92.311984, 39.303976 ] ] ] } },
{ "type": "Feature", "properties": { "TYPEPIPE": "Interstate", "Operator": "Rockies Express Pipeline", "Status": "Operating", "Shape_Leng": 1.29919391168, "STATEFP": "29", "STATENS": "01779791", "AFFGEOID": "0400000US29", "GEOID": "29", "STUSPS": "MO", "NAME": "Missouri", "LSAD": "00", "ALAND": 178050802184, "AWATER": 2489425460 }, "geometry": { "type": "MultiLineString", "coordinates": [ [ [ -92.311984, 39.303976 ], [ -92.239029, 39.293978 ], [ -92.033621, 39.248244 ], [ -92.009677, 39.244374 ], [ -91.968936, 39.241482 ], [ -91.856634, 39.217917 ], [ -91.851131, 39.199342 ], [ -91.832939, 39.204027 ], [ -91.4812, 39.340985 ], [ -91.079758, 39.463265 ] ] ] } },
{ "type": "Feature", "properties": { "TYPEPIPE": "Interstate", "Operator": "Rockies Express Pipeline", "Status": "Operating", "Shape_Leng": 3.5372383252700001, "STATEFP": "29", "STATENS": "01779791", "AFFGEOID": "0400000US29", "GEOID": "29", "STUSPS": "MO", "NAME": "Missouri", "LSAD": "00", "ALAND": 178050802184, "AWATER": 2489425460 }, "geometry": { "type": "MultiLineString", "coordinates": [ [ [ -91.071089, 39.463002 ], [ -91.046048239702856, 39.462244058786858 ] ] ] } },
{ "type": "Feature", "properties": { "TYPEPIPE": "Interstate", "Operator": "Spire St. Louis Pipeline", "Status": "Operating", "Shape_Leng": 0.9775853028, "STATEFP": "29", "STATENS": "01779791", "AFFGEOID": "0400000US29", "GEOID": "29", "STUSPS": "MO", "NAME": "Missouri", "LSAD": "00", "ALAND": 178050802184, "AWATER": 2489425460 }, "geometry": { "type": "MultiLineString", "coordinates": [ [ [ -90.384719271178113, 38.955850673098382 ], [ -90.392698629999984, 38.942602461000043 ], [ -90.392340649999937, 38.936926394000061 ], [ -90.388506638999942, 38.933792734000058 ], [ -90.341212212999935, 38.916591310000058 ], [ -90.329600006999939, 38.912547998000029 ], [ -90.32371862499997, 38.906978306000028 ], [ -90.287629956999979, 38.891618207000072 ], [ -90.265268287999959, 38.880932905000066 ], [ -90.237856540999985, 38.868361935000053 ], [ -90.242086823999941, 38.847651383000027 ], [ -90.25000864999997, 38.840237668000043 ], [ -90.250712270999941, 38.837476732000034 ], [ -90.248401187999931, 38.823396547000073 ], [ -90.24270803099995, 38.819892217000067 ], [ -90.233497730999943, 38.817488127000054 ], [ -90.230761580999967, 38.815422378000051 ], [ -90.215900042999962, 38.812341590000067 ], [ -90.210150799999937, 38.805549693000039 ], [ -90.197597053999957, 38.800439438000055 ], [ -90.195258079999974, 38.796380507000038 ], [ -90.190281464999956, 38.795915856000079 ], [ -90.190599366999948, 38.783341315000037 ] ] ] } },
{ "type": "Feature", "properties": { "TYPEPIPE": "Interstate", "Operator": "Panhandle Eastern PL Co", "Status": "Operating", "Shape_Leng": 0.42026294513000001, "STATEFP": "29", "STATENS": "01779791", "AFFGEOID": "0400000US29", "GEOID": "29", "STUSPS": "MO", "NAME": "Missouri", "LSAD": "00", "ALAND": 178050802184, "AWATER": 2489425460 }, "geometry": { "type": "MultiLineString", "coordinates": [ [ [ -91.437, 39.3183 ], [ -91.383996, 39.337549 ], [ -91.15653, 39.42491 ], [ -91.053043819724977, 39.474660387885059 ] ] ] } },
{ "type": "Feature", "properties": { "TYPEPIPE": "Interstate", "Operator": "Panhandle Eastern PL Co", "Status": "Operating", "Shape_Leng": 0.70554280635, "STATEFP": "29", "STATENS": "01779791", "AFFGEOID": "0400000US29", "GEOID": "29", "STUSPS": "MO", "NAME": "Missouri", "LSAD": "00", "ALAND": 178050802184, "AWATER": 2489425460 }, "geometry": { "type": "MultiLineString", "coordinates": [ [ [ -92.110626, 39.154163 ], [ -92.096527, 39.150117 ], [ -92.012069, 39.162128 ], [ -91.939269, 39.174894 ], [ -91.887245, 39.19407 ], [ -91.852651, 39.186604 ], [ -91.832996, 39.202985 ], [ -91.813344, 39.211139 ], [ -91.783436, 39.225565 ], [ -91.661573, 39.274558 ], [ -91.593871, 39.295555 ], [ -91.578535, 39.297164 ], [ -91.489185, 39.310809 ], [ -91.437, 39.3183 ] ] ] } },
{ "type": "Feature", "properties": { "TYPEPIPE": "Interstate", "Operator": "Panhandle Eastern PL Co", "Status": "Operating", "Shape_Leng": 0.10880431007, "STATEFP": "29", "STATENS": "01779791", "AFFGEOID": "0400000US29", "GEOID": "29", "STUSPS": "MO", "NAME": "Missouri", "LSAD": "00", "ALAND": 178050802184, "AWATER": 2489425460 }, "geometry": { "type": "MultiLineString", "coordinates": [ [ [ -92.216717, 39.130016 ], [ -92.110626, 39.154163 ] ] ] } },
{ "type": "Feature", "properties": { "TYPEPIPE": "Interstate", "Operator": "Panhandle Eastern PL Co", "Status": "Operating", "Shape_Leng": 0.05265709848, "STATEFP": "29", "STATENS": "01779791", "AFFGEOID": "0400000US29", "GEOID": "29", "STUSPS": "MO", "NAME": "Missouri", "LSAD": "00", "ALAND": 178050802184, "AWATER": 2489425460 }, "geometry": { "type": "MultiLineString", "coordinates": [ [ [ -92.216717, 39.130016 ], [ -92.199509, 39.08025 ] ] ] } },
{ "type": "Feature", "properties": { "TYPEPIPE": "Interstate", "Operator": "Panhandle Eastern PL Co", "Status": "Operating", "Shape_Leng": 0.61433203047999996, "STATEFP": "29", "STATENS": "01779791", "AFFGEOID": "0400000US29", "GEOID": "29", "STUSPS": "MO", "NAME": "Missouri", "LSAD": "00", "ALAND": 178050802184, "AWATER": 2489425460 }, "geometry": { "type": "MultiLineString", "coordinates": [ [ [ -92.80447, 38.960391 ], [ -92.659446, 39.011386 ], [ -92.454777, 39.089771 ], [ -92.216717, 39.130016 ] ] ] } },
{ "type": "Feature", "properties": { "TYPEPIPE": "Interstate", "Operator": "Panhandle Eastern PL Co", "Status": "Operating", "Shape_Leng": 0.22411919115000001, "STATEFP": "29", "STATENS": "01779791", "AFFGEOID": "0400000US29", "GEOID": "29", "STUSPS": "MO", "NAME": "Missouri", "LSAD": "00", "ALAND": 178050802184, "AWATER": 2489425460 }, "geometry": { "type": "MultiLineString", "coordinates": [ [ [ -92.438528, 38.637056 ], [ -92.21888, 38.592512 ] ] ] } },
{ "type": "Feature", "properties": { "TYPEPIPE": "Interstate", "Operator": "Panhandle Eastern PL Co", "Status": "Operating", "Shape_Leng": 0.19678125699, "STATEFP": "29", "STATENS": "01779791", "AFFGEOID": "0400000US29", "GEOID": "29", "STUSPS": "MO", "NAME": "Missouri", "LSAD": "00", "ALAND": 178050802184, "AWATER": 2489425460 }, "geometry": { "type": "MultiLineString", "coordinates": [ [ [ -92.627968, 38.690304 ], [ -92.438528, 38.637056 ] ] ] } },
{ "type": "Feature", "properties": { "TYPEPIPE": "Interstate", "Operator": "Panhandle Eastern PL Co", "Status": "Operating", "Shape_Leng": 0.32264522865, "STATEFP": "29", "STATENS": "01779791", "AFFGEOID": "0400000US29", "GEOID": "29", "STUSPS": "MO", "NAME": "Missouri", "LSAD": "00", "ALAND": 178050802184, "AWATER": 2489425460 }, "geometry": { "type": "MultiLineString", "coordinates": [ [ [ -92.80447, 38.960391 ], [ -92.627968, 38.690304 ] ] ] } },
{ "type": "Feature", "properties": { "TYPEPIPE": "Interstate", "Operator": "Panhandle Eastern PL Co", "Status": "Operating", "Shape_Leng": 0.21650575795, "STATEFP": "29", "STATENS": "01779791", "AFFGEOID": "0400000US29", "GEOID": "29", "STUSPS": "MO", "NAME": "Missouri", "LSAD": "00", "ALAND": 178050802184, "AWATER": 2489425460 }, "geometry": { "type": "MultiLineString", "coordinates": [ [ [ -93.047296, 38.89408 ], [ -92.833909, 38.930696 ] ] ] } },
{ "type": "Feature", "properties": { "TYPEPIPE": "Interstate", "Operator": "Panhandle Eastern PL Co", "Status": "Operating", "Shape_Leng": 0.32543913786000001, "STATEFP": "29", "STATENS": "01779791", "AFFGEOID": "0400000US29", "GEOID": "29", "STUSPS": "MO", "NAME": "Missouri", "LSAD": "00", "ALAND": 178050802184, "AWATER": 2489425460 }, "geometry": { "type": "MultiLineString", "coordinates": [ [ [ -93.366784, 38.832128 ], [ -93.047296, 38.89408 ] ] ] } },
{ "type": "Feature", "properties": { "TYPEPIPE": "Interstate", "Operator": "Panhandle Eastern PL Co", "Status": "Operating", "Shape_Leng": 0.12441705349, "STATEFP": "29", "STATENS": "01779791", "AFFGEOID": "0400000US29", "GEOID": "29", "STUSPS": "MO", "NAME": "Missouri", "LSAD": "00", "ALAND": 178050802184, "AWATER": 2489425460 }, "geometry": { "type": "MultiLineString", "coordinates": [ [ [ -93.48608, 38.7968 ], [ -93.366784, 38.832128 ] ] ] } },
{ "type": "Feature", "properties": { "TYPEPIPE": "Interstate", "Operator": "Panhandle Eastern PL Co", "Status": "Operating", "Shape_Leng": 0.10198564101, "STATEFP": "29", "STATENS": "01779791", "AFFGEOID": "0400000US29", "GEOID": "29", "STUSPS": "MO", "NAME": "Missouri", "LSAD": "00", "ALAND": 178050802184, "AWATER": 2489425460 }, "geometry": { "type": "MultiLineString", "coordinates": [ [ [ -93.68496, 38.760451 ], [ -93.584533, 38.778213 ] ] ] } },
{ "type": "Feature", "properties": { "TYPEPIPE": "Interstate", "Operator": "Panhandle Eastern PL Co", "Status": "Operating", "Shape_Leng": 0.26318727010999998, "STATEFP": "29", "STATENS": "01779791", "AFFGEOID": "0400000US29", "GEOID": "29", "STUSPS": "MO", "NAME": "Missouri", "LSAD": "00", "ALAND": 178050802184, "AWATER": 2489425460 }, "geometry": { "type": "MultiLineString", "coordinates": [ [ [ -94.37165, 38.62413 ], [ -94.330881, 38.632872 ], [ -94.114816, 38.6816 ] ] ] } },
{ "type": "Feature", "properties": { "TYPEPIPE": "Interstate", "Operator": "Panhandle Eastern PL Co", "Status": "Operating", "Shape_Leng": 0.19852201668, "STATEFP": "29", "STATENS": "01779791", "AFFGEOID": "0400000US29", "GEOID": "29", "STUSPS": "MO", "NAME": "Missouri", "LSAD": "00", "ALAND": 178050802184, "AWATER": 2489425460 }, "geometry": { "type": "MultiLineString", "coordinates": [ [ [ -91.520512, 39.683072 ], [ -91.515144, 39.693686 ], [ -91.487997, 39.74736 ], [ -91.472155, 39.778681 ], [ -91.435380273973948, 39.851394290657908 ] ] ] } },
{ "type": "Feature", "properties": { "TYPEPIPE": "Interstate", "Operator": "Panhandle Eastern PL Co", "Status": "Operating", "Shape_Leng": 0.37420965531, "STATEFP": "29", "STATENS": "01779791", "AFFGEOID": "0400000US29", "GEOID": "29", "STUSPS": "MO", "NAME": "Missouri", "LSAD": "00", "ALAND": 178050802184, "AWATER": 2489425460 }, "geometry": { "type": "MultiLineString", "coordinates": [ [ [ -91.437, 39.3183 ], [ -91.520512, 39.683072 ] ] ] } },
{ "type": "Feature", "properties": { "TYPEPIPE": "Interstate", "Operator": "Panhandle Eastern PL Co", "Status": "Operating", "Shape_Leng": 0.04181444423, "STATEFP": "29", "STATENS": "01779791", "AFFGEOID": "0400000US29", "GEOID": "29", "STUSPS": "MO", "NAME": "Missouri", "LSAD": "00", "ALAND": 178050802184, "AWATER": 2489425460 }, "geometry": { "type": "MultiLineString", "coordinates": [ [ [ -92.833909, 38.930696 ], [ -92.80447, 38.960391 ] ] ] } },
{ "type": "Feature", "properties": { "TYPEPIPE": "Interstate", "Operator": "Panhandle Eastern PL Co", "Status": "Operating", "Shape_Leng": 0.05265709848, "STATEFP": "29", "STATENS": "01779791", "AFFGEOID": "0400000US29", "GEOID": "29", "STUSPS": "MO", "NAME": "Missouri", "LSAD": "00", "ALAND": 178050802184, "AWATER": 2489425460 }, "geometry": { "type": "MultiLineString", "coordinates": [ [ [ -92.199509, 39.08025 ], [ -92.216717, 39.130016 ] ] ] } },
{ "type": "Feature", "properties": { "TYPEPIPE": "Interstate", "Operator": "Panhandle Eastern PL Co", "Status": "Operating", "Shape_Leng": 0.10019216426, "STATEFP": "29", "STATENS": "01779791", "AFFGEOID": "0400000US29", "GEOID": "29", "STUSPS": "MO", "NAME": "Missouri", "LSAD": "00", "ALAND": 178050802184, "AWATER": 2489425460 }, "geometry": { "type": "MultiLineString", "coordinates": [ [ [ -93.584533, 38.778213 ], [ -93.48608, 38.7968 ] ] ] } },
{ "type": "Feature", "properties": { "TYPEPIPE": "Interstate", "Operator": "Panhandle Eastern PL Co", "Status": "Operating", "Shape_Leng": 0.38428739101999998, "STATEFP": "29", "STATENS": "01779791", "AFFGEOID": "0400000US29", "GEOID": "29", "STUSPS": "MO", "NAME": "Missouri", "LSAD": "00", "ALAND": 178050802184, "AWATER": 2489425460 }, "geometry": { "type": "MultiLineString", "coordinates": [ [ [ -92.216717, 39.130016 ], [ -92.245181, 39.144102 ], [ -92.34351, 39.142089 ], [ -92.438068, 39.378025 ] ] ] } },
{ "type": "Feature", "properties": { "TYPEPIPE": "Interstate", "Operator": "Panhandle Eastern PL Co", "Status": "Operating", "Shape_Leng": 0.1006922695, "STATEFP": "29", "STATENS": "01779791", "AFFGEOID": "0400000US29", "GEOID": "29", "STUSPS": "MO", "NAME": "Missouri", "LSAD": "00", "ALAND": 178050802184, "AWATER": 2489425460 }, "geometry": { "type": "MultiLineString", "coordinates": [ [ [ -91.887245, 39.19407 ], [ -91.816605, 39.122314 ] ] ] } },
{ "type": "Feature", "properties": { "TYPEPIPE": "Interstate", "Operator": "Panhandle Eastern PL Co", "Status": "Operating", "Shape_Leng": 0.34331699721999998, "STATEFP": "29", "STATENS": "01779791", "AFFGEOID": "0400000US29", "GEOID": "29", "STUSPS": "MO", "NAME": "Missouri", "LSAD": "00", "ALAND": 178050802184, "AWATER": 2489425460 }, "geometry": { "type": "MultiLineString", "coordinates": [ [ [ -92.096527, 39.150117 ], [ -92.085127, 39.1347 ], [ -91.906052, 38.888792 ], [ -91.894313, 38.872672 ] ] ] } },
{ "type": "Feature", "properties": { "TYPEPIPE": "Interstate", "Operator": "Panhandle Eastern PL Co", "Status": "Operating", "Shape_Leng": 0.240547292, "STATEFP": "29", "STATENS": "01779791", "AFFGEOID": "0400000US29", "GEOID": "29", "STUSPS": "MO", "NAME": "Missouri", "LSAD": "00", "ALAND": 178050802184, "AWATER": 2489425460 }, "geometry": { "type": "MultiLineString", "coordinates": [ [ [ -91.661573, 39.274558 ], [ -91.556792, 39.058031 ] ] ] } },
{ "type": "Feature", "properties": { "TYPEPIPE": "Interstate", "Operator": "Panhandle Eastern PL Co", "Status": "Operating", "Shape_Leng": 0.43702824109, "STATEFP": "29", "STATENS": "01779791", "AFFGEOID": "0400000US29", "GEOID": "29", "STUSPS": "MO", "NAME": "Missouri", "LSAD": "00", "ALAND": 178050802184, "AWATER": 2489425460 }, "geometry": { "type": "MultiLineString", "coordinates": [ [ [ -94.114816, 38.6816 ], [ -93.98774, 38.70498 ], [ -93.715868, 38.754788 ], [ -93.68496, 38.760451 ] ] ] } },
{ "type": "Feature", "properties": { "TYPEPIPE": "Interstate", "Operator": "Panhandle Eastern PL Co", "Status": "Operating", "Shape_Leng": 0.246403891, "STATEFP": "29", "STATENS": "01779791", "AFFGEOID": "0400000US29", "GEOID": "29", "STUSPS": "MO", "NAME": "Missouri", "LSAD": "00", "ALAND": 178050802184, "AWATER": 2489425460 }, "geometry": { "type": "MultiLineString", "coordinates": [ [ [ -94.611673152950431, 38.569641600790966 ], [ -94.37165, 38.62413 ] ] ] } },
{ "type": "Feature", "properties": { "TYPEPIPE": "Interstate", "Operator": "Panhandle Eastern PL Co", "Status": "Operating", "Shape_Leng": 0.08855493931, "STATEFP": "29", "STATENS": "01779791", "AFFGEOID": "0400000US29", "GEOID": "29", "STUSPS": "MO", "NAME": "Missouri", "LSAD": "00", "ALAND": 178050802184, "AWATER": 2489425460 }, "geometry": { "type": "MultiLineString", "coordinates": [ [ [ -92.199509, 39.08025 ], [ -92.173695, 38.995541 ] ] ] } },
{ "type": "Feature", "properties": { "TYPEPIPE": "Interstate", "Operator": "Panhandle Eastern PL Co", "Status": "Operating", "Shape_Leng": 0.02743803165, "STATEFP": "29", "STATENS": "01779791", "AFFGEOID": "0400000US29", "GEOID": "29", "STUSPS": "MO", "NAME": "Missouri", "LSAD": "00", "ALAND": 178050802184, "AWATER": 2489425460 }, "geometry": { "type": "MultiLineString", "coordinates": [ [ [ -91.593871, 39.295555 ], [ -91.576705, 39.27415 ] ] ] } }
]
}
