{
"type": "FeatureCollection",
"name": "transmission_co_220-287kV",
"crs": { "type": "name", "properties": { "name": "urn:ogc:def:crs:OGC:1.3:CRS84" } },
"features": [
{ "type": "Feature", "properties": { "objectid": "69905", "id": "201662", "type": "AC; OVERHEAD", "status": "NOT AVAILABLE", "naics_code": "221121", "naics_desc": "ELECTRIC BULK POWER TRANSMISSION AND CONTROL", "source": "Regional Map", "sourcedate": "2014-06-25T20:00:00-06:00", "val_method": "IMAGERY/OTHER", "val_date": "2014-06-25T20:00:00-06:00", "owner": "PUBLIC SERVICE CO OF COLORADO", "voltage": 230.0, "volt_class": "220-287", "inferred": "N", "sub_1": "DILLION", "sub_2": "BLUE RIVER", "shape_lengt": 36349.564950120599, "globalid": "a358660a-77a4-490a-8e4c-f5f93d964450", "STATEFP": "08", "STATENS": "01779779", "AFFGEOID": "0400000US08", "GEOID": "08", "STUSPS": "CO", "NAME": "Colorado", "LSAD": "00", "ALAND": 268422891711, "AWATER": 1181621593 }, "geometry": { "type": "MultiLineString", "coordinates": [ [ [ -105.991164332, 39.608876482 ], [ -105.992825167, 39.610030555 ], [ -105.995269581, 39.613064224 ], [ -105.99834991, 39.613558594 ], [ -106.002613885, 39.614228735 ], [ -106.006093515, 39.614810983 ], [ -106.008727007, 39.615305341000102 ], [ -106.014203148, 39.61429465 ], [ -106.019964505, 39.623126714000101 ], [ -106.029091406, 39.633802778000103 ], [ -106.0308027, 39.635955365 ], [ -106.031487217, 39.637405029 ], [ -106.030346355, 39.639293939 ], [ -106.0308027, 39.640611752 ], [ -106.027094896, 39.642808053000103 ], [ -106.028463931, 39.647156522 ], [ -106.038731695, 39.649923587 ], [ -106.04152681, 39.649660062000102 ], [ -106.050140323, 39.645136056000098 ], [ -106.05373404, 39.646102373000097 ], [ -106.056129852, 39.6522074310001 ], [ -106.05772706, 39.659497657 ], [ -106.066340573, 39.659585486 ], [ -106.076323121, 39.673944086000098 ], [ -106.079289365, 39.675919807000099 ], [ -106.08157109, 39.694225462000098 ], [ -106.084708463, 39.694357140000101 ], [ -106.093664235, 39.701072373 ], [ -106.094748054, 39.7015551430001 ], [ -106.101136885, 39.712877311000099 ], [ -106.101365058, 39.738367327 ], [ -106.105186947, 39.7439379 ], [ -106.105643292, 39.745297578000098 ], [ -106.109636312, 39.750516737000098 ], [ -106.114656108, 39.758936732 ], [ -106.116994877, 39.762269363 ], [ -106.117108963, 39.767750311 ], [ -106.119276602, 39.772310129 ], [ -106.123440751, 39.774809131 ], [ -106.123725967, 39.776299720000097 ], [ -106.124581613, 39.777921796 ], [ -106.125665433, 39.779017772 ], [ -106.132427544, 39.789886723 ], [ -106.136277832, 39.792025667000097 ], [ -106.137320447, 39.792071066000098 ] ] ] } },
{ "type": "Feature", "properties": { "objectid": "69633", "id": "201382", "type": "AC; OVERHEAD", "status": "NOT AVAILABLE", "naics_code": "221121", "naics_desc": "ELECTRIC BULK POWER TRANSMISSION AND CONTROL", "source": "IMAGERY", "sourcedate": "2014-06-30T20:00:00-06:00", "val_method": "IMAGERY", "val_date": "2014-06-30T20:00:00-06:00", "owner": "PUBLIC SERVICE CO OF COLORADO", "voltage": 230.0, "volt_class": "220-287", "inferred": "Y", "sub_1": "UNKNOWN202355", "sub_2": "STEAMBOAT", "shape_lengt": 32605.558759133, "globalid": "0ee8a0f2-0708-4692-9e36-fa839b511247", "STATEFP": "08", "STATENS": "01779779", "AFFGEOID": "0400000US08", "GEOID": "08", "STUSPS": "CO", "NAME": "Colorado", "LSAD": "00", "ALAND": 268422891711, "AWATER": 1181621593 }, "geometry": { "type": "MultiLineString", "coordinates": [ [ [ -107.042317277, 40.3702660800001 ], [ -107.04262051, 40.370982474000101 ], [ -107.042014426, 40.371829925 ], [ -107.041130257, 40.372432911 ], [ -107.033450826, 40.377023039 ], [ -107.022705325, 40.383421537000103 ], [ -107.012565908, 40.390177863000098 ], [ -107.003795526, 40.395972341000103 ], [ -106.99686122, 40.40053462 ], [ -106.994038774, 40.402385327000097 ], [ -106.993890224, 40.404946369000101 ], [ -106.9936269, 40.410907200000104 ], [ -106.9932195, 40.4143041 ], [ -106.9892429, 40.4153868000001 ], [ -106.9858367, 40.4163248 ], [ -106.9824787, 40.417189300000103 ], [ -106.9784444, 40.418268300000101 ], [ -106.9738785, 40.419512800000099 ], [ -106.9667198, 40.4213765000001 ], [ -106.9621298, 40.4226271 ], [ -106.9595771, 40.423276900000097 ], [ -106.9556474, 40.424337400000098 ], [ -106.9506065, 40.4256493 ], [ -106.9464835, 40.426758800000101 ], [ -106.9412654, 40.4281319 ], [ -106.9373196, 40.429186200000103 ], [ -106.9330759, 40.4302895000001 ], [ -106.9275759, 40.4318158 ], [ -106.9243307, 40.4326801 ], [ -106.9218505, 40.433348200000097 ], [ -106.9196119, 40.4339427 ], [ -106.917632293, 40.434423596 ], [ -106.917466364, 40.435531112 ], [ -106.9173657, 40.4366007 ], [ -106.9170812, 40.4382983 ], [ -106.9167885, 40.44036 ], [ -106.9162896, 40.4430491 ], [ -106.916203, 40.4439998 ], [ -106.9158031, 40.446328 ], [ -106.9153537, 40.448988600000099 ], [ -106.9148136, 40.452452300000097 ], [ -106.9142199, 40.456107200000098 ], [ -106.9139601, 40.4575409 ], [ -106.9149702, 40.460439500000099 ], [ -106.9156588, 40.4623875 ], [ -106.9163082, 40.464413900000103 ], [ -106.9171658, 40.466942000000103 ], [ -106.9163948, 40.4697022 ], [ -106.9158093, 40.471788000000103 ], [ -106.9148693, 40.4749087000001 ], [ -106.9143383, 40.47674 ], [ -106.9141158, 40.4775521 ], [ -106.9134353, 40.4798934 ], [ -106.9112958, 40.480691900000103 ], [ -106.9096322, 40.4813076 ], [ -106.9080932, 40.4818929 ], [ -106.9060115, 40.482099300000101 ], [ -106.9042144, 40.482106100000102 ], [ -106.9007805, 40.4821264 ], [ -106.8994683, 40.482123 ], [ -106.8976891, 40.482123 ], [ -106.8955156, 40.4821373 ], [ -106.891757, 40.482144 ], [ -106.8881852, 40.4821643000001 ], [ -106.8861657, 40.4821643000001 ], [ -106.8832167, 40.482177900000103 ], [ -106.8809615, 40.4821813 ], [ -106.8773852, 40.4822083 ], [ -106.8750278, 40.482218500000101 ], [ -106.8718874, 40.482225200000101 ], [ -106.8700771, 40.482225200000101 ], [ -106.8671502, 40.4822455 ], [ -106.8642768, 40.4822422 ], [ -106.862591, 40.482248900000101 ], [ -106.8603313, 40.4822658000001 ], [ -106.8585388, 40.482269200000097 ], [ -106.8570887, 40.482272600000101 ], [ -106.8557943, 40.4822828 ], [ -106.8521669, 40.4822624 ], [ -106.85046767, 40.482278036 ], [ -106.850463421, 40.484136598000099 ], [ -106.850493168, 40.485519982 ], [ -106.850531415, 40.486715874 ], [ -106.850518666, 40.487213618000098 ], [ -106.850509307, 40.487695283 ], [ -106.8512531, 40.487943700000102 ] ] ] } },
{ "type": "Feature", "properties": { "objectid": "70357", "id": "202118", "type": "AC; OVERHEAD", "status": "NOT AVAILABLE", "naics_code": "221121", "naics_desc": "ELECTRIC BULK POWER TRANSMISSION AND CONTROL", "source": "Regional Map", "sourcedate": "2014-07-08T20:00:00-06:00", "val_method": "IMAGERY/OTHER", "val_date": "2014-07-08T20:00:00-06:00", "owner": "PUBLIC SERVICE CO OF COLORADO", "voltage": 230.0, "volt_class": "220-287", "inferred": "N", "sub_1": "UNKNOWN203852", "sub_2": "CHEROKEE", "shape_lengt": 14516.3756514097, "globalid": "9ce86143-b6bb-495c-95bd-fb2062fa14ba", "STATEFP": "08", "STATENS": "01779779", "AFFGEOID": "0400000US08", "GEOID": "08", "STUSPS": "CO", "NAME": "Colorado", "LSAD": "00", "ALAND": 268422891711, "AWATER": 1181621593 }, "geometry": { "type": "MultiLineString", "coordinates": [ [ [ -104.978778262, 39.900591174 ], [ -104.978640635, 39.900439711000097 ], [ -104.978145614, 39.900329458 ], [ -104.977474941, 39.900549964 ], [ -104.977506877, 39.894118247000101 ], [ -104.977618656, 39.883213575000099 ], [ -104.977728172, 39.839826329000097 ], [ -104.977484353, 39.8382443570001 ], [ -104.97253483, 39.8382443570001 ], [ -104.972425112, 39.834509260000097 ], [ -104.97226663, 39.828358546000104 ], [ -104.97226663, 39.825259575000103 ], [ -104.969755295, 39.8221791920001 ], [ -104.969840632, 39.818199768 ], [ -104.969865014, 39.8108021090001 ], [ -104.968450864, 39.8089010630001 ], [ -104.967325244, 39.809411239 ], [ -104.966810095, 39.809414710000098 ], [ -104.966865262, 39.808152214000103 ] ] ] } },
{ "type": "Feature", "properties": { "objectid": "70171", "id": "201930", "type": "AC; OVERHEAD", "status": "NOT AVAILABLE", "naics_code": "221121", "naics_desc": "ELECTRIC BULK POWER TRANSMISSION AND CONTROL", "source": "Regional Map", "sourcedate": "2014-07-09T20:00:00-06:00", "val_method": "IMAGERY/OTHER", "val_date": "2014-07-09T20:00:00-06:00", "owner": "PUBLIC SERVICE CO OF COLORADO", "voltage": 230.0, "volt_class": "220-287", "inferred": "N", "sub_1": "MISSLE SITE", "sub_2": "BRICK CENTER", "shape_lengt": 56069.916551383103, "globalid": "91caa42d-5b0e-4346-8543-fdca1fc8fed4", "STATEFP": "08", "STATENS": "01779779", "AFFGEOID": "0400000US08", "GEOID": "08", "STUSPS": "CO", "NAME": "Colorado", "LSAD": "00", "ALAND": 268422891711, "AWATER": 1181621593 }, "geometry": { "type": "MultiLineString", "coordinates": [ [ [ -104.020331797, 39.685770963 ], [ -104.019335625, 39.684290763 ], [ -104.019285712, 39.682507345 ], [ -104.023787848, 39.682505540000101 ], [ -104.0237281, 39.6798897 ], [ -104.0237707, 39.6772635 ], [ -104.0238134, 39.6747248 ], [ -104.0238418, 39.672229700000102 ], [ -104.0238703, 39.669931500000096 ], [ -104.0239342, 39.667496400000097 ], [ -104.0503579, 39.667266600000097 ], [ -104.06994054, 39.667179996000101 ], [ -104.0884061, 39.667043400000097 ], [ -104.106788354, 39.667041803000103 ], [ -104.106833236, 39.653920807000098 ], [ -104.107913563, 39.637858963 ], [ -104.1107902, 39.6377935 ], [ -104.1136, 39.637771100000101 ], [ -104.1160423, 39.6377599 ], [ -104.1192134, 39.6377379 ], [ -104.121988, 39.637735 ], [ -104.1243211, 39.6377275 ], [ -104.1285759, 39.6377303 ], [ -104.1303638, 39.637710400000103 ], [ -104.1329864, 39.6377132000001 ], [ -104.1362137, 39.6376989 ], [ -104.1391033, 39.6377189 ], [ -104.1414143, 39.637733200000099 ], [ -104.1441927, 39.637721800000101 ], [ -104.1470416, 39.6377275 ], [ -104.1500759, 39.6377275 ], [ -104.1529211, 39.6377303 ], [ -104.1556401, 39.6377132000001 ], [ -104.1579919, 39.6376989 ], [ -104.1614529, 39.637673200000101 ], [ -104.1644279, 39.6376646 ], [ -104.1672545, 39.6376332 ], [ -104.1698919, 39.637624700000103 ], [ -104.1735865, 39.6375989000001 ], [ -104.1758938, 39.637604700000097 ], [ -104.1786129, 39.6376018 ], [ -104.1813097, 39.637596100000103 ], [ -104.184114, 39.6375932 ], [ -104.1958545, 39.637501800000102 ], [ -104.198529, 39.6374761000001 ], [ -104.201248, 39.637459 ], [ -104.2044493, 39.6374304 ], [ -104.2074911, 39.6374047 ], [ -104.2099171, 39.637387600000103 ], [ -104.2129254, 39.6373618000001 ], [ -104.2158151, 39.637333300000101 ], [ -104.2188791, 39.637319 ], [ -104.2220174, 39.637276100000101 ], [ -104.223746, 39.6372704 ], [ -104.2260384, 39.6372533 ], [ -104.2283123, 39.6372419 ], [ -104.2304712, 39.6372219 ], [ -104.2337022, 39.6372247 ], [ -104.2365659, 39.637216200000097 ], [ -104.2402531, 39.637227600000102 ], [ -104.2416441, 39.637230400000099 ], [ -104.2438624, 39.6353622 ], [ -104.2459471, 39.633631 ], [ -104.248106, 39.6317769 ], [ -104.2490445, 39.6309626 ], [ -104.251222, 39.6291485 ], [ -104.2526835, 39.6278971 ], [ -104.2544375, 39.6263926 ], [ -104.2563868, 39.624754600000102 ], [ -104.2587497, 39.6226901 ], [ -104.2606769, 39.6226844 ], [ -104.2627739, 39.6226617 ], [ -104.2654542, 39.6226446000001 ], [ -104.268046, 39.6226162 ], [ -104.2709035, 39.6225934 ], [ -104.2738792, 39.6225877 ], [ -104.2768327, 39.6225707 ], [ -104.279897, 39.6225707 ], [ -104.2825257, 39.622553600000103 ], [ -104.2851322, 39.622553600000103 ], [ -104.2873695, 39.622565000000101 ], [ -104.2898579, 39.6225707 ], [ -104.2938304, 39.622929 ], [ -104.2953441, 39.6227811 ], [ -104.2979875, 39.6225309000001 ], [ -104.301133, 39.622519500000102 ], [ -104.3043081, 39.6225252 ], [ -104.3069663, 39.622496700000099 ], [ -104.3099124, 39.6224797 ], [ -104.3130358, 39.6224683 ], [ -104.3155241, 39.6224512000001 ], [ -104.3185737, 39.6224342 ], [ -104.3211728, 39.6224114 ], [ -104.3234692, 39.622394400000097 ], [ -104.3265852, 39.6223773 ], [ -104.3289037, 39.6223545 ], [ -104.3311631, 39.622360200000102 ], [ -104.3342274, 39.6223432 ], [ -104.3378234, 39.6223147 ], [ -104.3407695, 39.622292000000101 ], [ -104.34376, 39.622292000000101 ], [ -104.3460121, 39.6222863 ], [ -104.3490468, 39.622223700000099 ], [ -104.3521628, 39.6222067 ], [ -104.354821, 39.6221839 ], [ -104.3574127, 39.6221498 ], [ -104.3606015, 39.622135500000098 ], [ -104.3628773, 39.622112200000103 ], [ -104.3649642, 39.622091800000099 ], [ -104.367913, 39.622086 ], [ -104.3709337, 39.6220714 ], [ -104.374105345, 39.622056799000099 ], [ -104.452309207, 39.621659500000099 ], [ -104.452622944, 39.622843983 ] ] ] } },
{ "type": "Feature", "properties": { "objectid": "74452", "id": "206731", "type": "AC; OVERHEAD", "status": "NOT AVAILABLE", "naics_code": "221121", "naics_desc": "ELECTRIC BULK POWER TRANSMISSION AND CONTROL", "source": "IMAGERY", "sourcedate": "2015-12-17T18:00:00-07:00", "val_method": "IMAGERY", "val_date": "2015-12-17T18:00:00-07:00", "owner": "PUBLIC SERVICE CO OF COLORADO", "voltage": 230.0, "volt_class": "220-287", "inferred": "Y", "sub_1": "NOT AVAILABLE", "sub_2": "HAYDEN", "shape_lengt": 1073.2072535361999, "globalid": "1a3174a4-7718-4e06-9ddf-ff5c968c6906", "STATEFP": "08", "STATENS": "01779779", "AFFGEOID": "0400000US08", "GEOID": "08", "STUSPS": "CO", "NAME": "Colorado", "LSAD": "00", "ALAND": 268422891711, "AWATER": 1181621593 }, "geometry": { "type": "MultiLineString", "coordinates": [ [ [ -107.185458757, 40.486676384000098 ], [ -107.186346891, 40.485416459000099 ], [ -107.186875131, 40.484306441 ], [ -107.187403372, 40.483214268 ], [ -107.187282019, 40.48192579 ], [ -107.18714639, 40.480630174000098 ], [ -107.185877241, 40.480566557 ] ] ] } },
{ "type": "Feature", "properties": { "objectid": "70123", "id": "201882", "type": "AC; OVERHEAD", "status": "NOT AVAILABLE", "naics_code": "221121", "naics_desc": "ELECTRIC BULK POWER TRANSMISSION AND CONTROL", "source": "Regional Map", "sourcedate": "2014-07-08T20:00:00-06:00", "val_method": "IMAGERY/OTHER", "val_date": "2014-07-08T20:00:00-06:00", "owner": "WAPA-- WESTERN AREA POWER ADMINISTRATION", "voltage": 230.0, "volt_class": "220-287", "inferred": "N", "sub_1": "AULT", "sub_2": "WELD", "shape_lengt": 27386.010319535599, "globalid": "9d266dfa-b592-4640-897e-ff9bc7fb7092", "STATEFP": "08", "STATENS": "01779779", "AFFGEOID": "0400000US08", "GEOID": "08", "STUSPS": "CO", "NAME": "Colorado", "LSAD": "00", "ALAND": 268422891711, "AWATER": 1181621593 }, "geometry": { "type": "MultiLineString", "coordinates": [ [ [ -104.813195224, 40.607539759000097 ], [ -104.812135873, 40.606137289000102 ], [ -104.810388308, 40.605981186000101 ], [ -104.810583206, 40.6035234490001 ], [ -104.810568306, 40.601032042 ], [ -104.810664206, 40.598556935 ], [ -104.810736106, 40.5960780280001 ], [ -104.810920606, 40.5931723200001 ], [ -104.811089306, 40.5902629120001 ], [ -104.811196706, 40.587353403000101 ], [ -104.811443406, 40.584422095 ], [ -104.811588606, 40.581497887000097 ], [ -104.811581606, 40.578710179 ], [ -104.811595505, 40.575948571 ], [ -104.811512506, 40.573139563 ], [ -104.811512506, 40.570157155000103 ], [ -104.811588606, 40.567526447 ], [ -104.811699206, 40.565105640000098 ], [ -104.811775206, 40.562679634000098 ], [ -104.811858105, 40.560232427000102 ], [ -104.811961806, 40.5578114200001 ], [ -104.812031006, 40.555379813000101 ], [ -104.812176106, 40.552963806 ], [ -104.812010206, 40.550468999 ], [ -104.811844306, 40.548005593 ], [ -104.811692206, 40.545494885 ], [ -104.811512506, 40.543157379 ], [ -104.811374306, 40.540688472 ], [ -104.811236006, 40.538271965 ], [ -104.811325906, 40.536154859000099 ], [ -104.811395006, 40.533601652000101 ], [ -104.811498706, 40.531148145 ], [ -104.811595505, 40.528668238000101 ], [ -104.811664606, 40.526204031000098 ], [ -104.811754505, 40.523713524000101 ], [ -104.812521706, 40.521995219000097 ], [ -104.813309806, 40.520266514000099 ], [ -104.813040206, 40.517565506 ], [ -104.812770606, 40.514964299 ], [ -104.812494106, 40.512362892000098 ], [ -104.812203806, 40.509682684 ], [ -104.812176106, 40.507212478 ], [ -104.812155406, 40.504758071 ], [ -104.812155406, 40.502277164000098 ], [ -104.812134606, 40.499812057 ], [ -104.812118205, 40.497368950000102 ], [ -104.811728906, 40.495374644 ], [ -104.813293205, 40.493154138000101 ], [ -104.814521306, 40.491372333000101 ], [ -104.815738806, 40.4895905280001 ], [ -104.814493006, 40.487746723 ], [ -104.813236606, 40.485886718000103 ], [ -104.811987306, 40.484115512000102 ], [ -104.811980206, 40.482091207 ], [ -104.811983706, 40.480013001 ], [ -104.812043906, 40.477695094000097 ], [ -104.812121806, 40.475301788 ], [ -104.812178406, 40.472886781 ], [ -104.812186606, 40.470393474 ], [ -104.812199905, 40.467907567 ], [ -104.812186606, 40.46540636 ], [ -104.812160006, 40.462849453 ], [ -104.812186606, 40.460383546 ], [ -104.812206606, 40.457907439 ], [ -104.812239906, 40.455517332000099 ], [ -104.812217406, 40.453150625 ], [ -104.809365406, 40.448623413000099 ], [ -104.807907006, 40.446351906000103 ], [ -104.806472506, 40.444077800000102 ], [ -104.803667706, 40.439550087 ], [ -104.802289106, 40.437255881 ], [ -104.802621906, 40.434556073000103 ], [ -104.802970406, 40.431869566000103 ], [ -104.803402901, 40.429952931000102 ], [ -104.805171886, 40.42764643 ], [ -104.806148101, 40.427635284000097 ], [ -104.807442614, 40.427125795000102 ] ] ] } },
{ "type": "Feature", "properties": { "objectid": "73049", "id": "205027", "type": "AC; OVERHEAD", "status": "NOT AVAILABLE", "naics_code": "221121", "naics_desc": "ELECTRIC BULK POWER TRANSMISSION AND CONTROL", "source": "IMAGERY", "sourcedate": "2015-08-12T20:00:00-06:00", "val_method": "IMAGERY", "val_date": "2015-08-12T20:00:00-06:00", "owner": "PUBLIC SERVICE CO OF COLORADO", "voltage": 230.0, "volt_class": "220-287", "inferred": "Y", "sub_1": "UNKNOWN205122", "sub_2": "JEWELL", "shape_lengt": 7493.1555989321996, "globalid": "10ed39b4-39df-452a-8f6f-be734a44686b", "STATEFP": "08", "STATENS": "01779779", "AFFGEOID": "0400000US08", "GEOID": "08", "STUSPS": "CO", "NAME": "Colorado", "LSAD": "00", "ALAND": 268422891711, "AWATER": 1181621593 }, "geometry": { "type": "MultiLineString", "coordinates": [ [ [ -104.893626805, 39.652180296 ], [ -104.893532229, 39.652266438 ], [ -104.893525099, 39.652551913 ], [ -104.894081042, 39.652946473 ], [ -104.895433646, 39.655087811 ], [ -104.896662677, 39.656910701000101 ], [ -104.898183849, 39.65915958 ], [ -104.899124991, 39.660546443 ], [ -104.900078116, 39.661984656000101 ], [ -104.901057411, 39.663415558 ], [ -104.902153042, 39.6650420120001 ], [ -104.903715368, 39.667374298 ], [ -104.903727518, 39.669936290000102 ], [ -104.903733459, 39.672003479000097 ], [ -104.903718605, 39.674308446000097 ], [ -104.903770924, 39.674864983000099 ], [ -104.903802297, 39.676077846 ], [ -104.903352607, 39.677169222 ], [ -104.903233768, 39.678539363 ], [ -104.903252782, 39.679638749 ], [ -104.901798182, 39.67985277 ], [ -104.899383356, 39.679849112 ], [ -104.897068355, 39.679827161 ], [ -104.897546092, 39.680571658000098 ], [ -104.896331548, 39.681716741000102 ], [ -104.895895157, 39.681905278 ], [ -104.878456436, 39.681880249000102 ], [ -104.877398975, 39.682149307 ], [ -104.877034751, 39.682601702 ] ] ] } },
{ "type": "Feature", "properties": { "objectid": "70150", "id": "201909", "type": "AC; OVERHEAD", "status": "NOT AVAILABLE", "naics_code": "221121", "naics_desc": "ELECTRIC BULK POWER TRANSMISSION AND CONTROL", "source": "Regional Map", "sourcedate": "2014-07-13T20:00:00-06:00", "val_method": "IMAGERY/OTHER", "val_date": "2014-07-13T20:00:00-06:00", "owner": "PUBLIC SERVICE CO OF COLORADO", "voltage": 230.0, "volt_class": "220-287", "inferred": "N", "sub_1": "KEENESBURG", "sub_2": "FORT ST VRAIN", "shape_lengt": 56616.163965999804, "globalid": "09db4cda-f5e9-48fb-8e7d-be8ef01db5c5", "STATEFP": "08", "STATENS": "01779779", "AFFGEOID": "0400000US08", "GEOID": "08", "STUSPS": "CO", "NAME": "Colorado", "LSAD": "00", "ALAND": 268422891711, "AWATER": 1181621593 }, "geometry": { "type": "MultiLineString", "coordinates": [ [ [ -104.550009333, 40.107053149000102 ], [ -104.549630388, 40.107286095000099 ], [ -104.549559084, 40.1080386880001 ], [ -104.546621362, 40.10807141 ], [ -104.5465392, 40.1169837 ], [ -104.5465847, 40.1193315 ], [ -104.5466136, 40.1220206 ], [ -104.5466136, 40.1248707 ], [ -104.5466012, 40.1277429 ], [ -104.5466425, 40.1308423 ], [ -104.5467087, 40.1338406 ], [ -104.5467293, 40.136901900000097 ], [ -104.5467334, 40.1400925 ], [ -104.5466591, 40.1427745 ], [ -104.5467211, 40.1454879 ], [ -104.54675, 40.1479517000001 ], [ -104.5467954, 40.150892300000102 ], [ -104.5468326, 40.1536465 ], [ -104.5468781, 40.156662600000097 ], [ -104.5468946, 40.1596218 ], [ -104.5504566, 40.159587100000103 ], [ -104.553031, 40.1595713 ], [ -104.5562583, 40.159555500000103 ], [ -104.5592005, 40.159536600000102 ], [ -104.5618989, 40.1595208 ], [ -104.5651179, 40.159511300000098 ], [ -104.5691882, 40.159476600000097 ], [ -104.5734486, 40.159448100000098 ], [ -104.576804, 40.159426000000103 ], [ -104.5797751, 40.1594039 ], [ -104.5828082, 40.159388100000101 ], [ -104.5856678, 40.159356600000102 ], [ -104.5885347, 40.1593342 ], [ -104.5915306, 40.159293100000099 ], [ -104.5940926, 40.1592647 ], [ -104.5970058, 40.1592205 ], [ -104.5996546, 40.1591984 ], [ -104.6035266, 40.1591542 ], [ -104.6035431, 40.160338500000101 ], [ -104.6062167, 40.1604301 ], [ -104.6104357, 40.160537400000102 ], [ -104.6147559, 40.160669600000098 ], [ -104.619194, 40.160824300000101 ], [ -104.622256, 40.1608654 ], [ -104.6253139, 40.160884300000099 ], [ -104.6284183, 40.160911300000102 ], [ -104.6312484, 40.1609339 ], [ -104.6339353, 40.1609403 ], [ -104.6367107, 40.1609468 ], [ -104.6404546, 40.1609661 ], [ -104.6431373, 40.1607375 ], [ -104.6470986, 40.1607373 ], [ -104.651471, 40.1607263000001 ], [ -104.6558061, 40.1607324 ], [ -104.6592848, 40.1616433 ], [ -104.6621233, 40.160964200000102 ], [ -104.666061, 40.160967400000096 ], [ -104.6682888, 40.160967400000096 ], [ -104.6713126, 40.1609738000001 ], [ -104.675701, 40.1609835 ], [ -104.6785774, 40.160989900000096 ], [ -104.6808179, 40.160986700000102 ], [ -104.6851762, 40.1609681 ], [ -104.6876376, 40.161963700000101 ], [ -104.6901154, 40.1609491 ], [ -104.6944116, 40.1609491 ], [ -104.6963576, 40.1614092 ], [ -104.6981717, 40.1606971 ], [ -104.7019565, 40.160653 ], [ -104.7056301, 40.1605679 ], [ -104.7074401, 40.160545800000101 ], [ -104.710557, 40.160489100000099 ], [ -104.7133524, 40.1604576 ], [ -104.7164899, 40.160407200000101 ], [ -104.7194337, 40.160394600000103 ], [ -104.7223692, 40.1603914 ], [ -104.7250368, 40.1603977 ], [ -104.7279558, 40.1603725 ], [ -104.732289, 40.1603725 ], [ -104.7354761, 40.1603694 ], [ -104.7354967, 40.162994 ], [ -104.7355379, 40.1657289 ], [ -104.7355585, 40.1684668 ], [ -104.7355956, 40.1710722 ], [ -104.735608, 40.1738509 ], [ -104.735608, 40.1769192 ], [ -104.735575, 40.1796818 ], [ -104.737319, 40.181786 ], [ -104.7397557, 40.1817797 ], [ -104.7427531, 40.181754500000103 ], [ -104.7467317, 40.1817293 ], [ -104.7505042, 40.1817073 ], [ -104.7546519, 40.181678900000101 ], [ -104.7588862, 40.181644300000102 ], [ -104.7629514, 40.1816222 ], [ -104.7666208, 40.181575000000102 ], [ -104.7700346, 40.1815529 ], [ -104.7730856, 40.181515100000098 ], [ -104.7731103, 40.1848288 ], [ -104.7731328, 40.187962 ], [ -104.7731482, 40.1905116 ], [ -104.7731636, 40.193084600000098 ], [ -104.7731893, 40.1959556 ], [ -104.7732304, 40.198712800000102 ], [ -104.773256, 40.2013679 ], [ -104.7732766, 40.2038464 ], [ -104.773292, 40.2067208 ], [ -104.7733074, 40.209807 ], [ -104.7733433, 40.212520400000102 ], [ -104.7733536, 40.2152338000001 ], [ -104.7733741, 40.2175471 ], [ -104.7733639, 40.2201426 ], [ -104.7733485, 40.2231733 ], [ -104.7733176, 40.2258548 ], [ -104.7732971, 40.228810700000103 ], [ -104.773256, 40.231343100000103 ], [ -104.7732817, 40.2341694 ], [ -104.773292, 40.236697600000099 ], [ -104.7733022, 40.239112100000099 ], [ -104.777297, 40.239057200000097 ], [ -104.7807116, 40.239025900000101 ], [ -104.7843155, 40.2389818 ], [ -104.7877918, 40.238943300000102 ], [ -104.7913941, 40.2388933 ], [ -104.7953088, 40.2388895 ], [ -104.7987599, 40.238885600000103 ], [ -104.800755, 40.2388933 ], [ -104.8037678, 40.2388971 ], [ -104.807355, 40.2388933 ], [ -104.81066, 40.2389125 ], [ -104.8150381, 40.2388087 ], [ -104.8189679, 40.2387202 ], [ -104.8234367, 40.2386625 ], [ -104.8277141, 40.238543300000103 ], [ -104.8309083, 40.238527900000101 ], [ -104.8338859, 40.2386395 ], [ -104.8375839, 40.2387779 ], [ -104.8405564, 40.2388741 ], [ -104.8435944, 40.2389856 ], [ -104.8474291, 40.239105300000098 ], [ -104.8508003, 40.239193100000101 ], [ -104.8540679, 40.2392604 ], [ -104.8570248, 40.2393219000001 ], [ -104.8599396, 40.2393775 ], [ -104.873994851, 40.239627289000097 ], [ -104.8740264, 40.2413617 ], [ -104.8739665, 40.2426974 ], [ -104.873888203, 40.243314544 ] ] ] } },
{ "type": "Feature", "properties": { "objectid": "70191", "id": "201951", "type": "AC; OVERHEAD", "status": "NOT AVAILABLE", "naics_code": "221121", "naics_desc": "ELECTRIC BULK POWER TRANSMISSION AND CONTROL", "source": "Regional Map, IMAGERY and FAA data", "sourcedate": "2019-01-01T18:00:00-07:00", "val_method": "IMAGERY/OTHER", "val_date": "2019-01-01T18:00:00-07:00", "owner": "TRI-STATE G & T ASSN, INC", "voltage": 230.0, "volt_class": "220-287", "inferred": "Y", "sub_1": "UNKNOWN209551", "sub_2": "MEEKER", "shape_lengt": 34036.579216914703, "globalid": "cf822d9b-b485-41c9-b698-bf5ae5f7d17d", "STATEFP": "08", "STATENS": "01779779", "AFFGEOID": "0400000US08", "GEOID": "08", "STUSPS": "CO", "NAME": "Colorado", "LSAD": "00", "ALAND": 268422891711, "AWATER": 1181621593 }, "geometry": { "type": "MultiLineString", "coordinates": [ [ [ -108.185914789, 39.864456399000098 ], [ -108.182392375, 39.865405051 ], [ -108.178917498, 39.866448551000097 ], [ -108.173018286, 39.868104986 ], [ -108.167057279, 39.868137822 ], [ -108.161571631, 39.868156064000097 ], [ -108.154531558, 39.873281996000102 ], [ -108.146892531, 39.875390631000101 ], [ -108.139348576, 39.877521089 ], [ -108.128572177, 39.880530613000097 ], [ -108.118627657, 39.883291963 ], [ -108.115057709, 39.886607626000099 ], [ -108.109391423, 39.891805123 ], [ -108.105669359, 39.895306372 ], [ -108.100440405, 39.900040069000099 ], [ -108.098957284, 39.901473242000101 ], [ -108.097013063, 39.902950145 ], [ -108.096371328, 39.903788866000099 ], [ -108.092639757, 39.907234808000098 ], [ -108.090609972, 39.909079865000102 ], [ -108.086897414, 39.912580232 ], [ -108.085100556, 39.914133463 ], [ -108.081687474, 39.917247110000098 ], [ -108.07662965, 39.921899087 ], [ -108.071258088, 39.926838733000103 ], [ -108.068054165, 39.929773187000102 ], [ -108.067127214, 39.931278641000098 ], [ -108.065392153, 39.933935887000104 ], [ -108.063923292, 39.936232189000101 ], [ -108.060386618, 39.941717488 ], [ -108.058218978, 39.945168811 ], [ -108.055376329, 39.949578377000101 ], [ -108.052519419, 39.953860122 ], [ -108.051307252, 39.955795018000103 ], [ -108.048089069, 39.960863385 ], [ -108.045312969, 39.965097061000101 ], [ -108.043535125, 39.968470697 ], [ -108.042945679, 39.969847792 ], [ -108.042189857, 39.971359650000103 ], [ -108.03835846, 39.976907701000101 ], [ -108.036552094, 39.980455595000102 ], [ -108.035368449, 39.982659276 ], [ -108.0333862, 39.986483677000102 ], [ -108.031313633, 39.990504531 ], [ -108.029968366, 39.993112133000103 ], [ -108.028366405, 39.99629502 ], [ -108.027372903, 39.99817045 ], [ -108.024501732, 40.00358888 ], [ -108.023907532, 40.004754077 ], [ -108.013288002, 40.004998038 ], [ -108.005468339, 40.005176457000097 ], [ -107.995181561, 40.005322104000101 ], [ -107.9883569, 40.0053774 ], [ -107.979874986, 40.005373081000101 ], [ -107.9797673, 40.0063426 ], [ -107.9805256, 40.0063911 ], [ -107.980473, 40.006527 ] ] ] } },
{ "type": "Feature", "properties": { "objectid": "69896", "id": "201653", "type": "AC; OVERHEAD", "status": "NOT AVAILABLE", "naics_code": "221121", "naics_desc": "ELECTRIC BULK POWER TRANSMISSION AND CONTROL", "source": "Regional Map", "sourcedate": "2014-06-17T20:00:00-06:00", "val_method": "IMAGERY/OTHER", "val_date": "2014-06-17T20:00:00-06:00", "owner": "WAPA-- WESTERN AREA POWER ADMINISTRATION", "voltage": 230.0, "volt_class": "220-287", "inferred": "N", "sub_1": "HAYDEN", "sub_2": "CRAIG", "shape_lengt": 57011.4795552957, "globalid": "a48e3892-1527-4b70-b94f-c0fadec7a036", "STATEFP": "08", "STATENS": "01779779", "AFFGEOID": "0400000US08", "GEOID": "08", "STUSPS": "CO", "NAME": "Colorado", "LSAD": "00", "ALAND": 268422891711, "AWATER": 1181621593 }, "geometry": { "type": "MultiLineString", "coordinates": [ [ [ -107.185877241, 40.480566557 ], [ -107.186700172, 40.480382785000103 ], [ -107.1873062, 40.476847200000101 ], [ -107.1874392, 40.4672851 ], [ -107.1904862, 40.4634341 ], [ -107.1951281, 40.461199900000103 ], [ -107.213441516, 40.455344091 ], [ -107.237471169, 40.447664498000101 ], [ -107.257675, 40.4412051 ], [ -107.27678998, 40.4327069570001 ], [ -107.296756571, 40.423821617 ], [ -107.3050558, 40.4200722 ], [ -107.321254655, 40.415386182000098 ], [ -107.357176005, 40.404993661 ], [ -107.402929731, 40.3917085040001 ], [ -107.432847591, 40.383025979 ], [ -107.434123931, 40.384791173 ], [ -107.43537888, 40.388229093000099 ], [ -107.439179379, 40.394974077 ], [ -107.443093964, 40.401989882000102 ], [ -107.457269183, 40.408548888 ], [ -107.469340936, 40.414173488000102 ], [ -107.487017178, 40.422348949 ], [ -107.497391898, 40.427190786 ], [ -107.500258315, 40.428531457000098 ], [ -107.505570457, 40.433106907000102 ], [ -107.514426404, 40.440444345000103 ], [ -107.524016781, 40.4484049940001 ], [ -107.533507333, 40.456326721 ], [ -107.542983623, 40.464263789 ], [ -107.557900403, 40.476701887 ], [ -107.558706137, 40.477390715000098 ], [ -107.564923839, 40.479120891 ], [ -107.567818778, 40.479956132 ], [ -107.579968966, 40.480004945000097 ], [ -107.590322294, 40.47959275 ], [ -107.590350816, 40.479234788 ], [ -107.590337744, 40.473307359000103 ], [ -107.591734929, 40.472360787000099 ] ] ] } },
{ "type": "Feature", "properties": { "objectid": "74444", "id": "206723", "type": "AC; OVERHEAD", "status": "NOT AVAILABLE", "naics_code": "221121", "naics_desc": "ELECTRIC BULK POWER TRANSMISSION AND CONTROL", "source": "IMAGERY", "sourcedate": "2015-12-17T18:00:00-07:00", "val_method": "IMAGERY", "val_date": "2015-12-17T18:00:00-07:00", "owner": "CITY OF COLORADO SPRINGS - (CO)", "voltage": 230.0, "volt_class": "220-287", "inferred": "Y", "sub_1": "NOT AVAILABLE", "sub_2": "UNKNOWN201277", "shape_lengt": 159.3376406719, "globalid": "2ac06d3c-a0f5-4e7d-a5ec-c3552bad780c", "STATEFP": "08", "STATENS": "01779779", "AFFGEOID": "0400000US08", "GEOID": "08", "STUSPS": "CO", "NAME": "Colorado", "LSAD": "00", "ALAND": 268422891711, "AWATER": 1181621593 }, "geometry": { "type": "MultiLineString", "coordinates": [ [ [ -104.706749026, 38.627756628 ], [ -104.706737874, 38.628435181 ], [ -104.706701264, 38.628873832000103 ] ] ] } },
{ "type": "Feature", "properties": { "objectid": "70113", "id": "201872", "type": "AC; OVERHEAD", "status": "NOT AVAILABLE", "naics_code": "221121", "naics_desc": "ELECTRIC BULK POWER TRANSMISSION AND CONTROL", "source": "Regional Map", "sourcedate": "2014-07-09T20:00:00-06:00", "val_method": "IMAGERY/OTHER", "val_date": "2014-07-09T20:00:00-06:00", "owner": "TRI-STATE G & T ASSN, INC", "voltage": 230.0, "volt_class": "220-287", "inferred": "N", "sub_1": "UNKNOWN204085", "sub_2": "CIPRES", "shape_lengt": 8252.7228705529997, "globalid": "2dd8d2e2-7116-418e-b016-c3c78c1e44bd", "STATEFP": "08", "STATENS": "01779779", "AFFGEOID": "0400000US08", "GEOID": "08", "STUSPS": "CO", "NAME": "Colorado", "LSAD": "00", "ALAND": 268422891711, "AWATER": 1181621593 }, "geometry": { "type": "MultiLineString", "coordinates": [ [ [ -104.800647828, 40.020374154000102 ], [ -104.801002734, 40.020047857000101 ], [ -104.801604899, 40.020027129 ], [ -104.801565835, 40.023263970000102 ], [ -104.804843313, 40.023240038 ], [ -104.804843313, 40.025719918 ], [ -104.820687557, 40.025674801 ], [ -104.837258586, 40.024102262 ], [ -104.854514135, 40.02528167 ], [ -104.856517315, 40.025462661000098 ], [ -104.865705089, 40.025478529000097 ], [ -104.866438527, 40.025491431 ], [ -104.866868859, 40.025484717 ] ] ] } },
{ "type": "Feature", "properties": { "objectid": "70322", "id": "202083", "type": "AC; OVERHEAD", "status": "NOT AVAILABLE", "naics_code": "221121", "naics_desc": "ELECTRIC BULK POWER TRANSMISSION AND CONTROL", "source": "Company Map", "sourcedate": "2014-07-08T20:00:00-06:00", "val_method": "IMAGERY/OTHER", "val_date": "2014-07-08T20:00:00-06:00", "owner": "WAPA-- WESTERN AREA POWER ADMINISTRATION", "voltage": 230.0, "volt_class": "220-287", "inferred": "N", "sub_1": "TAP204067", "sub_2": "UNKNOWN202601", "shape_lengt": 161425.225181713, "globalid": "2c09dab1-e599-47c2-b161-c50947a80fef", "STATEFP": "08", "STATENS": "01779779", "AFFGEOID": "0400000US08", "GEOID": "08", "STUSPS": "CO", "NAME": "Colorado", "LSAD": "00", "ALAND": 268422891711, "AWATER": 1181621593 }, "geometry": { "type": "MultiLineString", "coordinates": [ [ [ -104.550058211, 40.108169573000097 ], [ -104.546460691, 40.10816521 ], [ -104.546451184, 40.114251083 ], [ -104.546470198, 40.119304052000103 ], [ -104.546508227, 40.127751486000101 ], [ -104.546622313, 40.136873827 ], [ -104.546555763, 40.142768171 ], [ -104.546707878, 40.153639749 ], [ -104.546774428, 40.158769716000101 ], [ -104.545281799, 40.159503575 ], [ -104.536630257, 40.15951084 ], [ -104.527836107, 40.159481777 ], [ -104.513946104, 40.159438182 ], [ -104.490273203, 40.159350991000103 ], [ -104.481260388, 40.159350991000103 ], [ -104.467817223, 40.159292863000097 ], [ -104.458718843, 40.159285598000103 ], [ -104.443450297, 40.166979762 ], [ -104.432374422, 40.167284895000101 ], [ -104.419168936, 40.167684472000097 ], [ -104.4147576, 40.167815242000103 ], [ -104.414767107, 40.1735252920001 ], [ -104.414805136, 40.181689973000097 ], [ -104.414881194, 40.194283737 ], [ -104.414957251, 40.205001846000101 ], [ -104.414985773, 40.212204392 ], [ -104.415141681, 40.243129268000096 ], [ -104.41525536, 40.265669174 ], [ -104.415407903, 40.295902874 ], [ -104.415549522, 40.323959429000098 ], [ -104.415977345, 40.326231720000102 ], [ -104.415435436, 40.342603002 ], [ -104.418073681, 40.346135461000102 ], [ -104.41332484, 40.351232743 ], [ -104.41296832, 40.366152851 ], [ -104.412355106, 40.368391126000098 ], [ -104.411984326, 40.377245707 ], [ -104.393431046, 40.377126205 ], [ -104.393074527, 40.4060612110001 ], [ -104.375220026, 40.406227717 ], [ -104.361470253, 40.406372506 ], [ -104.347043094, 40.406462998 ], [ -104.33296057, 40.406779721000099 ], [ -104.317867907, 40.407078344000098 ], [ -104.31871167, 40.436255555000102 ], [ -104.301765106, 40.436490731 ], [ -104.28272696, 40.436780177000102 ], [ -104.262607371, 40.437078667 ], [ -104.262274619, 40.452055724 ], [ -104.243272125, 40.452164241 ], [ -104.243224589, 40.476250727 ], [ -104.243081981, 40.495394405000098 ], [ -104.224554846, 40.495656485 ], [ -104.224067603, 40.515553535 ], [ -104.223758619, 40.5335750570001 ], [ -104.223354564, 40.5528107310001 ], [ -104.242238218, 40.552630140000097 ], [ -104.241739091, 40.574550325000097 ], [ -104.241358803, 40.591743796000102 ], [ -104.240728952, 40.619947757 ], [ -104.240170404, 40.646444661 ], [ -104.239778233, 40.663141866 ], [ -104.239397945, 40.6807992110001 ], [ -104.230223508, 40.691135465000102 ], [ -104.230235392, 40.701776438 ], [ -104.229688728, 40.73417543 ], [ -104.2297838, 40.760068867 ], [ -104.217305615, 40.764821504 ], [ -104.200941365, 40.771076825000101 ], [ -104.181831915, 40.784071608 ], [ -104.162472901, 40.797180804 ], [ -104.144230982, 40.809531851 ], [ -104.14419533, 40.820693492 ], [ -104.144242866, 40.840206112 ], [ -104.144230982, 40.863344051000098 ], [ -104.132703516, 40.863281138 ], [ -104.117183029, 40.863281138 ], [ -104.098061695, 40.863236200000102 ], [ -104.08153107, 40.863146325000102 ], [ -104.067559067, 40.86311397 ], [ -104.066290495, 40.863393814 ] ] ] } },
{ "type": "Feature", "properties": { "objectid": "73520", "id": "205184", "type": "AC; OVERHEAD", "status": "NOT AVAILABLE", "naics_code": "221121", "naics_desc": "ELECTRIC BULK POWER TRANSMISSION AND CONTROL", "source": "Regional Map", "sourcedate": "2015-08-12T20:00:00-06:00", "val_method": "IMAGERY/OTHER", "val_date": "2015-08-12T20:00:00-06:00", "owner": "PLATTE RIVER POWER AUTHORITY", "voltage": 230.0, "volt_class": "220-287", "inferred": "N", "sub_1": "TIMBERLINE", "sub_2": "RAWHIDE", "shape_lengt": 69156.941267934293, "globalid": "9c563d8f-ebcd-443b-8ae7-c7942c77e83a", "STATEFP": "08", "STATENS": "01779779", "AFFGEOID": "0400000US08", "GEOID": "08", "STUSPS": "CO", "NAME": "Colorado", "LSAD": "00", "ALAND": 268422891711, "AWATER": 1181621593 }, "geometry": { "type": "MultiLineString", "coordinates": [ [ [ -105.041177155, 40.564599097 ], [ -105.04109666, 40.565056464000101 ], [ -105.040749053, 40.565047436 ], [ -105.038645926, 40.564736356 ], [ -105.0365662, 40.563377621 ], [ -105.034626121, 40.562104634 ], [ -105.032620744, 40.560791035000101 ], [ -105.030698556, 40.559538355 ], [ -105.028623878, 40.558188597 ], [ -105.025641057, 40.5587315820001 ], [ -105.022711755, 40.559273286 ], [ -105.019646978, 40.559845215 ], [ -105.016347364, 40.559779662 ], [ -105.013456552, 40.559727747000103 ], [ -105.010690525, 40.55966906 ], [ -105.007749285, 40.559612632 ], [ -105.004938755, 40.559558461 ], [ -105.001763196, 40.55950204 ], [ -104.999068922, 40.559499783 ], [ -104.996189917, 40.559499783 ], [ -104.993302108, 40.559483983000099 ], [ -104.990860004, 40.559483983000099 ], [ -104.987981015, 40.559474954000102 ], [ -104.985099207, 40.559463669 ], [ -104.981842984, 40.559461411 ], [ -104.978750155, 40.559447868000099 ], [ -104.975877194, 40.559443354000102 ], [ -104.972997931, 40.5594298090001 ], [ -104.9704901, 40.559386918 ], [ -104.967961509, 40.559341770000103 ], [ -104.965355869, 40.559267281000103 ], [ -104.962575435, 40.559208604 ], [ -104.959872179, 40.559179265000097 ], [ -104.956996381, 40.559161207 ], [ -104.954105601, 40.559145407000102 ], [ -104.951229711, 40.559127351 ], [ -104.948422067, 40.559116064000101 ], [ -104.945772245, 40.559093495000099 ], [ -104.943508881, 40.559113805 ], [ -104.940639771, 40.559154422000098 ], [ -104.937984397, 40.559276277 ], [ -104.935592316, 40.559380953000101 ], [ -104.935457217, 40.561556412000101 ], [ -104.935466127, 40.563754080000102 ], [ -104.935478011, 40.565934320000103 ], [ -104.935486924, 40.568051310000101 ], [ -104.935495837, 40.570147881 ], [ -104.935510691, 40.572275815000097 ], [ -104.93554991, 40.573987586 ], [ -104.933195139, 40.574092932 ], [ -104.930856999, 40.574196738000097 ], [ -104.928462375, 40.574307315 ], [ -104.925611979, 40.574433740000103 ], [ -104.922512045, 40.574417938000103 ], [ -104.91937471, 40.574399886 ], [ -104.916163073, 40.574388602000099 ], [ -104.913189073, 40.574372805000102 ], [ -104.909947691, 40.574357008 ], [ -104.907116332, 40.574338955 ], [ -104.904314732, 40.5743254160001 ], [ -104.90165567, 40.574314132 ], [ -104.898880753, 40.574298335 ], [ -104.896410513, 40.5742871140001 ], [ -104.894703452, 40.575406505 ], [ -104.892787131, 40.576656681 ], [ -104.891093612, 40.57776243 ], [ -104.889132732, 40.579031941 ], [ -104.889026454, 40.580915353000101 ], [ -104.888937348, 40.582974904 ], [ -104.888928437, 40.585282668 ], [ -104.888931408, 40.587787147 ], [ -104.888913581, 40.589957617 ], [ -104.888907639, 40.592434770000096 ], [ -104.888895756, 40.594801159 ], [ -104.88891358, 40.596127464 ], [ -104.888839139, 40.598634046 ], [ -104.88880492, 40.600802292 ], [ -104.888786541, 40.6029605310001 ], [ -104.891797337, 40.602986137000102 ], [ -104.895176392, 40.603021571 ], [ -104.898182036, 40.6030499190001 ], [ -104.900976131, 40.6030782670001 ], [ -104.904274301, 40.603111341 ], [ -104.907809939, 40.603152013000098 ], [ -104.907794062, 40.604829925 ], [ -104.907787839, 40.606391386 ], [ -104.907766058, 40.608293021000101 ], [ -104.907738046, 40.610892167 ], [ -104.907551295, 40.613321137000099 ], [ -104.907327267, 40.6162971890001 ], [ -104.907125021, 40.61880074 ], [ -104.906960115, 40.620921569000103 ], [ -104.906785877, 40.623082447000101 ], [ -104.906605512, 40.6254828450001 ], [ -104.90666149, 40.628062677000102 ], [ -104.906729942, 40.631038 ], [ -104.906801505, 40.634098234000099 ], [ -104.906866848, 40.637113593 ], [ -104.906904206, 40.640132644000097 ], [ -104.906689367, 40.642216474000101 ], [ -104.906421786, 40.644886608 ], [ -104.906216482, 40.646928203000101 ], [ -104.906110733, 40.648657968000101 ], [ -104.906011171, 40.650671525000099 ], [ -104.905883611, 40.65305556 ], [ -104.905796511, 40.655439124 ], [ -104.905765399, 40.658346834 ], [ -104.905731175, 40.661351462 ], [ -104.905712506, 40.66414596 ], [ -104.905684502, 40.666463655 ], [ -104.905656502, 40.66898861 ], [ -104.90568139, 40.671508739 ], [ -104.905709394, 40.673953587 ], [ -104.905724953, 40.676122337 ], [ -104.905731176, 40.67857897 ], [ -104.90571257, 40.681017614 ], [ -104.907020571, 40.682933268000099 ], [ -104.908884374, 40.685705689 ], [ -104.910888116, 40.688673705 ], [ -104.912646078, 40.691271232000098 ], [ -104.914708976, 40.694323986 ], [ -104.916746977, 40.697343563000103 ], [ -104.918501818, 40.699943096 ], [ -104.920533598, 40.7029435520001 ], [ -104.922419148, 40.705741039 ], [ -104.924354448, 40.708609117 ], [ -104.926544909, 40.711845027 ], [ -104.92792639, 40.713894508000102 ], [ -104.930001722, 40.716960357 ], [ -104.931946363, 40.719844467 ], [ -104.934031016, 40.722914738 ], [ -104.935589888, 40.725218600000098 ], [ -104.937291831, 40.727748661000099 ], [ -104.939018676, 40.73029043 ], [ -104.940524631, 40.732525628000097 ], [ -104.942139448, 40.734911586000102 ], [ -104.943955349, 40.737592555 ], [ -104.943924146, 40.740514777 ], [ -104.943902366, 40.743074927000102 ], [ -104.943871251, 40.745983856000102 ], [ -104.943843248, 40.749177854 ], [ -104.943815244, 40.752159604 ], [ -104.943777908, 40.755723292 ], [ -104.943765462, 40.758702326 ], [ -104.943740571, 40.762228064000098 ], [ -104.943715679, 40.765628680000098 ], [ -104.945207817, 40.767841271000101 ], [ -104.94480333, 40.769210376 ], [ -104.943656563, 40.770918773000098 ], [ -104.943656563, 40.773604972 ], [ -104.943659674, 40.775751674 ], [ -104.943631669, 40.777983155000101 ], [ -104.943597443, 40.78056066 ], [ -104.943572554, 40.7834183 ], [ -104.943572554, 40.7859130780001 ], [ -104.943572554, 40.789500921000098 ], [ -104.943575665, 40.792257111 ], [ -104.94356322, 40.795189779000097 ], [ -104.943569419, 40.797724382000098 ], [ -104.945423854, 40.800111815 ], [ -104.947013775, 40.8021444130001 ], [ -104.949356738, 40.805145018000097 ], [ -104.951018223, 40.80728815 ], [ -104.952962846, 40.809765621 ], [ -104.954204311, 40.811357581 ], [ -104.956186333, 40.813882074 ], [ -104.957642478, 40.815761208 ], [ -104.959331963, 40.817908704 ], [ -104.960813064, 40.819808999 ], [ -104.962372863, 40.821813079 ], [ -104.964212364, 40.822734066000102 ], [ -104.966798018, 40.824022009 ], [ -104.970569088, 40.825919705000103 ], [ -104.972535457, 40.826899108000099 ], [ -104.974137837, 40.827699590000101 ], [ -104.977305293, 40.829274644000101 ], [ -104.98060854, 40.830925996000097 ], [ -104.983345438, 40.8326293040001 ], [ -104.985618924, 40.834065134000099 ], [ -104.985888043, 40.8365605870001 ], [ -104.986136961, 40.838938146 ], [ -104.98639832, 40.841383859000103 ], [ -104.986656574, 40.843827176 ], [ -104.986886422, 40.846038219 ], [ -104.987756081, 40.8481245770001 ], [ -104.988885549, 40.850826533 ], [ -104.989750554, 40.852916503000102 ], [ -104.990789356, 40.855432224 ], [ -104.99444375, 40.855455549000098 ], [ -104.997433921, 40.855481437 ], [ -105.001668566, 40.85551909 ], [ -105.00474888, 40.855542624000101 ], [ -105.007850564, 40.855568612000098 ], [ -105.010844827, 40.856905247 ], [ -105.013688612, 40.858183057000097 ], [ -105.01661952, 40.859479671 ], [ -105.019360762, 40.860701015000103 ], [ -105.020367852, 40.8606408630001 ], [ -105.021056429, 40.86097232 ] ] ] } },
{ "type": "Feature", "properties": { "objectid": "69897", "id": "201654", "type": "AC; OVERHEAD", "status": "NOT AVAILABLE", "naics_code": "221121", "naics_desc": "ELECTRIC BULK POWER TRANSMISSION AND CONTROL", "source": "Regional Map", "sourcedate": "2014-06-25T20:00:00-06:00", "val_method": "IMAGERY/OTHER", "val_date": "2014-06-25T20:00:00-06:00", "owner": "WAPA-- WESTERN AREA POWER ADMINISTRATION", "voltage": 230.0, "volt_class": "220-287", "inferred": "N", "sub_1": "GORE PASS", "sub_2": "HAYDEN", "shape_lengt": 117754.20597377099, "globalid": "0fdc426d-54e8-411b-928f-cf5128c02f7a", "STATEFP": "08", "STATENS": "01779779", "AFFGEOID": "0400000US08", "GEOID": "08", "STUSPS": "CO", "NAME": "Colorado", "LSAD": "00", "ALAND": 268422891711, "AWATER": 1181621593 }, "geometry": { "type": "MultiLineString", "coordinates": [ [ [ -106.436818, 40.1111730000001 ], [ -106.438516525, 40.1123407360001 ], [ -106.442119749, 40.114761914 ], [ -106.44759589, 40.11854983 ], [ -106.458319999, 40.122628329000101 ], [ -106.465688071, 40.123609749 ], [ -106.467770145, 40.121486955000101 ], [ -106.498849146, 40.089175235 ], [ -106.520834521, 40.084356430000099 ], [ -106.537709782, 40.076081839 ], [ -106.598674631, 40.10062989 ], [ -106.709789904, 40.102447912 ], [ -106.72286229, 40.114900056000103 ], [ -106.761366405, 40.130439315 ], [ -106.794522727, 40.137162806 ], [ -106.806406713, 40.152878641 ], [ -106.859765812, 40.207628532000101 ], [ -106.893278654, 40.221876229 ], [ -106.948301511, 40.292707193000098 ], [ -106.983121591, 40.29107556 ], [ -106.987399827, 40.324425560000101 ], [ -107.003918567, 40.346076114 ], [ -107.013782276, 40.352868789000098 ], [ -107.07153845, 40.392524344 ], [ -107.085442714, 40.390985637 ], [ -107.103625213, 40.396235199000103 ], [ -107.134033958, 40.410030546 ], [ -107.133396976, 40.414294188 ], [ -107.150662031, 40.419762691000102 ], [ -107.178375487, 40.458131041000101 ], [ -107.180371998, 40.460934093 ], [ -107.180894892, 40.463737028 ], [ -107.181303701, 40.478314021000102 ], [ -107.185681762, 40.479208933000102 ], [ -107.185753066, 40.480516025 ], [ -107.185877241, 40.480566557 ] ] ] } },
{ "type": "Feature", "properties": { "objectid": "70429", "id": "202190", "type": "AC; OVERHEAD", "status": "NOT AVAILABLE", "naics_code": "221121", "naics_desc": "ELECTRIC BULK POWER TRANSMISSION AND CONTROL", "source": "IMAGERY", "sourcedate": "2014-07-08T20:00:00-06:00", "val_method": "IMAGERY", "val_date": "2014-07-08T20:00:00-06:00", "owner": "PUBLIC SERVICE CO OF COLORADO", "voltage": 230.0, "volt_class": "220-287", "inferred": "Y", "sub_1": "SMOKY HILL", "sub_2": "BUCKLEY", "shape_lengt": 11666.6222338469, "globalid": "efe5980b-60f3-4298-9832-d32501d72ac0", "STATEFP": "08", "STATENS": "01779779", "AFFGEOID": "0400000US08", "GEOID": "08", "STUSPS": "CO", "NAME": "Colorado", "LSAD": "00", "ALAND": 268422891711, "AWATER": 1181621593 }, "geometry": { "type": "MultiLineString", "coordinates": [ [ [ -104.714750262, 39.631247289 ], [ -104.71582191, 39.630981784 ], [ -104.716778831, 39.631357798000103 ], [ -104.754395552, 39.631396905 ], [ -104.754102236, 39.667639773000097 ], [ -104.771137332, 39.667678945 ], [ -104.771340681, 39.6683373830001 ] ] ] } },
{ "type": "Feature", "properties": { "objectid": "73405", "id": "204951", "type": "AC; OVERHEAD", "status": "NOT AVAILABLE", "naics_code": "221121", "naics_desc": "ELECTRIC BULK POWER TRANSMISSION AND CONTROL", "source": "http://www.oasis.oati.com", "sourcedate": "2015-08-12T20:00:00-06:00", "val_method": "IMAGERY/OTHER", "val_date": "2015-08-12T20:00:00-06:00", "owner": "CITY OF COLORADO SPRINGS - (CO)", "voltage": 230.0, "volt_class": "220-287", "inferred": "N", "sub_1": "UNKNOWN202845", "sub_2": "FULLER", "shape_lengt": 15797.8466745361, "globalid": "78e94e83-eabc-407b-9585-d5fd245c351b", "STATEFP": "08", "STATENS": "01779779", "AFFGEOID": "0400000US08", "GEOID": "08", "STUSPS": "CO", "NAME": "Colorado", "LSAD": "00", "ALAND": 268422891711, "AWATER": 1181621593 }, "geometry": { "type": "MultiLineString", "coordinates": [ [ [ -104.670905422, 38.857776981 ], [ -104.671607315, 38.858154085000102 ], [ -104.672082674, 38.858276239000098 ], [ -104.673011412, 38.858794390000099 ], [ -104.674656071, 38.859793762 ], [ -104.676291624, 38.860781876 ], [ -104.675812811, 38.8622074210001 ], [ -104.675218637, 38.863895176 ], [ -104.674649014, 38.865554699 ], [ -104.67371416, 38.86709546 ], [ -104.672907061, 38.868333678 ], [ -104.672930911, 38.870287201 ], [ -104.672945171, 38.872489192 ], [ -104.672959431, 38.87497239 ], [ -104.672964185, 38.877795948 ], [ -104.672964185, 38.880227222 ], [ -104.672973692, 38.88331709 ], [ -104.672983199, 38.886484416 ], [ -104.672973693, 38.888756212 ], [ -104.672968962, 38.8904204890001 ], [ -104.671890332, 38.891735035000103 ], [ -104.670587368, 38.893493103 ], [ -104.669319106, 38.895237219000101 ], [ -104.669119142, 38.896800919 ], [ -104.668579282, 38.897972938000102 ], [ -104.667410383, 38.899925469 ], [ -104.666223576, 38.902062015000098 ], [ -104.666228338, 38.904267356 ], [ -104.665906187, 38.906564151 ], [ -104.664802685, 38.907960927 ], [ -104.663742383, 38.909350913 ], [ -104.663689925, 38.911685081 ], [ -104.663661401, 38.914873591000102 ], [ -104.663642387, 38.9180210580001 ], [ -104.663604358, 38.921087072 ], [ -104.663590096, 38.924008866000101 ], [ -104.66359485, 38.926601347 ], [ -104.663604358, 38.929437796000101 ], [ -104.66363288, 38.9323 ], [ -104.663661401, 38.935139814 ], [ -104.663680416, 38.937373124 ], [ -104.663183945, 38.937480167 ], [ -104.66061697, 38.937496587 ], [ -104.658145136, 38.937492889 ], [ -104.655592422, 38.937496587 ], [ -104.652935259, 38.937496587 ], [ -104.65027331, 38.937489193 ], [ -104.647592253, 38.9374817980001 ], [ -104.64512043, 38.937478100000099 ], [ -104.642786454, 38.937467008000098 ], [ -104.640447722, 38.937459613 ], [ -104.63811857, 38.937444824000103 ], [ -104.635779801, 38.937426336 ], [ -104.633450662, 38.937411546000099 ], [ -104.631487586, 38.937385666000097 ], [ -104.630098927, 38.936836799 ], [ -104.629926165, 38.936717662 ] ] ] } },
{ "type": "Feature", "properties": { "objectid": "74479", "id": "206758", "type": "AC; OVERHEAD", "status": "NOT AVAILABLE", "naics_code": "221121", "naics_desc": "ELECTRIC BULK POWER TRANSMISSION AND CONTROL", "source": "IMAGERY", "sourcedate": "2016-01-10T18:00:00-07:00", "val_method": "IMAGERY", "val_date": "2016-01-10T18:00:00-07:00", "owner": "PUBLIC SERVICE CO OF COLORADO", "voltage": 230.0, "volt_class": "220-287", "inferred": "Y", "sub_1": "NOT AVAILABLE", "sub_2": "UNKNOWN201543", "shape_lengt": 138.56620441909999, "globalid": "6489a655-6f98-414b-9fcf-d75266cb89ec", "STATEFP": "08", "STATENS": "01779779", "AFFGEOID": "0400000US08", "GEOID": "08", "STUSPS": "CO", "NAME": "Colorado", "LSAD": "00", "ALAND": 268422891711, "AWATER": 1181621593 }, "geometry": { "type": "MultiLineString", "coordinates": [ [ [ -103.781120027, 40.948075118000098 ], [ -103.781983771, 40.948541492000103 ], [ -103.782166747, 40.948538901000099 ] ] ] } },
{ "type": "Feature", "properties": { "objectid": "70311", "id": "202072", "type": "AC; OVERHEAD", "status": "NOT AVAILABLE", "naics_code": "221121", "naics_desc": "ELECTRIC BULK POWER TRANSMISSION AND CONTROL", "source": "Regional Map", "sourcedate": "2014-07-08T20:00:00-06:00", "val_method": "IMAGERY/OTHER", "val_date": "2014-07-08T20:00:00-06:00", "owner": "PUBLIC SERVICE CO OF COLORADO", "voltage": 230.0, "volt_class": "220-287", "inferred": "N", "sub_1": "HENRY LAKE", "sub_2": "RIVERDALE", "shape_lengt": 53455.180417141302, "globalid": "8cda9bcc-2304-47df-8f75-a67e7d0e1108", "STATEFP": "08", "STATENS": "01779779", "AFFGEOID": "0400000US08", "GEOID": "08", "STUSPS": "CO", "NAME": "Colorado", "LSAD": "00", "ALAND": 268422891711, "AWATER": 1181621593 }, "geometry": { "type": "MultiLineString", "coordinates": [ [ [ -104.754969833, 40.016444277000097 ], [ -104.754579417, 40.016341987 ], [ -104.753432327, 40.016320489000101 ], [ -104.753447688, 40.014809596000099 ], [ -104.742326808, 40.014812627 ], [ -104.735249422, 40.014788788 ], [ -104.735308383, 40.00756341 ], [ -104.723385611, 40.007578555000102 ], [ -104.710407165, 40.007572533 ], [ -104.692008558, 40.007587586000099 ], [ -104.678728659, 40.007581598000101 ], [ -104.678740369, 39.999742401 ], [ -104.678732508, 39.9894682830001 ], [ -104.678736438, 39.979427595000097 ], [ -104.678744299, 39.967029913 ], [ -104.678823474, 39.957363519000097 ], [ -104.691093656, 39.957404867 ], [ -104.708971166, 39.9574795240001 ], [ -104.714049231, 39.957475316000099 ], [ -104.71402105, 39.951137268 ], [ -104.714037959, 39.944768497 ], [ -104.715025333, 39.942979951 ], [ -104.715049376, 39.941078291000103 ], [ -104.715003539, 39.931929772 ], [ -104.72134224, 39.931939842000098 ], [ -104.727350266, 39.931930017000099 ], [ -104.73601458, 39.925556284 ], [ -104.736050736, 39.923298627000101 ], [ -104.739792028, 39.9211132880001 ], [ -104.746535444, 39.917137971 ], [ -104.746738052, 39.904874587 ], [ -104.746832641, 39.893360242 ], [ -104.746877807, 39.883353319 ], [ -104.752334785, 39.883345524 ], [ -104.759390949, 39.883374788 ], [ -104.763053546, 39.883392233000102 ], [ -104.769078965, 39.883420791 ], [ -104.857121139, 39.883207183 ], [ -104.900907654, 39.883141799 ], [ -104.901390489, 39.881311043 ], [ -104.910403411, 39.881303778000103 ], [ -104.912183273, 39.881027707000101 ], [ -104.916972918, 39.880968936 ], [ -104.91837188, 39.8814560100001 ] ] ] } },
{ "type": "Feature", "properties": { "objectid": "70440", "id": "202201", "type": "AC; OVERHEAD", "status": "NOT AVAILABLE", "naics_code": "221121", "naics_desc": "ELECTRIC BULK POWER TRANSMISSION AND CONTROL", "source": "Regional Map", "sourcedate": "2014-07-08T20:00:00-06:00", "val_method": "IMAGERY/OTHER", "val_date": "2014-07-08T20:00:00-06:00", "owner": "PUBLIC SERVICE CO OF COLORADO", "voltage": 230.0, "volt_class": "220-287", "inferred": "N", "sub_1": "MARCY", "sub_2": "WATERTON", "shape_lengt": 16107.372453264999, "globalid": "b92ff816-58d7-4dca-b57e-a713a13b13ab", "STATEFP": "08", "STATENS": "01779779", "AFFGEOID": "0400000US08", "GEOID": "08", "STUSPS": "CO", "NAME": "Colorado", "LSAD": "00", "ALAND": 268422891711, "AWATER": 1181621593 }, "geometry": { "type": "MultiLineString", "coordinates": [ [ [ -104.969934395, 39.525025060000097 ], [ -104.970178431, 39.5247523520001 ], [ -104.970039239, 39.52403781 ], [ -104.97002964, 39.52186822 ], [ -104.96837853, 39.517758403000101 ], [ -104.968839305, 39.495453775 ], [ -104.968877703, 39.493661095 ], [ -104.969941142, 39.493870032000103 ], [ -104.97345009, 39.49457276 ], [ -104.979424994, 39.495768455000103 ], [ -104.981426144, 39.496187881 ], [ -104.985050454, 39.496148489000099 ], [ -104.99302786, 39.496148137 ], [ -105.006374896, 39.496105364000101 ], [ -105.014332327, 39.4960919480001 ], [ -105.020804186, 39.496091503000102 ], [ -105.025656056, 39.4960903240001 ], [ -105.038119519, 39.496101579 ], [ -105.054250568, 39.496132831000097 ], [ -105.067516733, 39.496154772000097 ], [ -105.069814084, 39.496142547 ], [ -105.070772477, 39.497039454000102 ], [ -105.070962669, 39.497033339 ], [ -105.071568034, 39.497212293000104 ] ] ] } },
{ "type": "Feature", "properties": { "objectid": "69992", "id": "201751", "type": "AC; OVERHEAD", "status": "NOT AVAILABLE", "naics_code": "221121", "naics_desc": "ELECTRIC BULK POWER TRANSMISSION AND CONTROL", "source": "Regional Map", "sourcedate": "2014-06-30T20:00:00-06:00", "val_method": "IMAGERY/OTHER", "val_date": "2014-06-30T20:00:00-06:00", "owner": "WAPA-- WESTERN AREA POWER ADMINISTRATION", "voltage": 230.0, "volt_class": "220-287", "inferred": "N", "sub_1": "CURECANTI", "sub_2": "LOST CANYON", "shape_lengt": 192781.371813648, "globalid": "1ae653ca-222f-4575-84ff-a7c94b3add4c", "STATEFP": "08", "STATENS": "01779779", "AFFGEOID": "0400000US08", "GEOID": "08", "STUSPS": "CO", "NAME": "Colorado", "LSAD": "00", "ALAND": 268422891711, "AWATER": 1181621593 }, "geometry": { "type": "MultiLineString", "coordinates": [ [ [ -107.535595, 38.429384 ], [ -107.535977746, 38.429163297000102 ], [ -107.5366801, 38.4293613 ], [ -107.5412352, 38.4283687000001 ], [ -107.5450546, 38.4282891 ], [ -107.5487039, 38.4279132 ], [ -107.5519028, 38.4273237 ], [ -107.5548664, 38.4269295 ], [ -107.5581057, 38.426510300000103 ], [ -107.5612168, 38.426104800000097 ], [ -107.5647924, 38.425614100000097 ], [ -107.5678734, 38.425221700000101 ], [ -107.5714814, 38.424733500000102 ], [ -107.5751448, 38.4242338 ], [ -107.579245, 38.4236931 ], [ -107.5822415, 38.4233007 ], [ -107.5852468, 38.422887800000098 ], [ -107.5885228, 38.4224429000001 ], [ -107.592824, 38.421863400000099 ], [ -107.5974483, 38.4212748 ], [ -107.6004507, 38.4208596 ], [ -107.6047431, 38.4202869000001 ], [ -107.6077803, 38.419892200000099 ], [ -107.6109196, 38.4194678 ], [ -107.6146528, 38.418967000000102 ], [ -107.6184094, 38.418481100000101 ], [ -107.6227222, 38.417881000000101 ], [ -107.6264904, 38.417385900000099 ], [ -107.6314584, 38.4167128 ], [ -107.6343559, 38.4162975 ], [ -107.6373553, 38.415932500000103 ], [ -107.6418807, 38.4156518 ], [ -107.6471166, 38.4149399 ], [ -107.6522185, 38.41426 ], [ -107.6549471, 38.413888100000101 ], [ -107.6600956, 38.4132036 ], [ -107.6650287, 38.4125510000001 ], [ -107.6693152, 38.4119600000001 ], [ -107.6729524, 38.411485400000103 ], [ -107.6770905, 38.410924000000101 ], [ -107.6814003, 38.410349 ], [ -107.6845599, 38.410876100000102 ], [ -107.6880136, 38.4114603 ], [ -107.6914033, 38.4120513 ], [ -107.6956799, 38.412744 ], [ -107.6996514, 38.4133953 ], [ -107.7036487, 38.414078200000098 ], [ -107.7073719, 38.4140333 ], [ -107.7074102, 38.411150200000101 ], [ -107.7073897, 38.4068221 ], [ -107.7073897, 38.402580300000103 ], [ -107.7074176, 38.400812100000103 ], [ -107.7074094, 38.3974646 ], [ -107.7073889, 38.393664800000103 ], [ -107.7074094, 38.3903265000001 ], [ -107.7073807, 38.3860004 ], [ -107.7073685, 38.3825399 ], [ -107.7073767, 38.378258200000097 ], [ -107.7073726, 38.374537600000103 ], [ -107.7084854, 38.373232100000102 ], [ -107.7114967, 38.371406900000103 ], [ -107.7144507, 38.369601 ], [ -107.7179279, 38.367503 ], [ -107.7201858, 38.366145000000103 ], [ -107.7233306, 38.3642731 ], [ -107.7259856, 38.3626328 ], [ -107.7289177, 38.360843100000103 ], [ -107.7319754, 38.3590466 ], [ -107.7348036, 38.3572092 ], [ -107.7377141, 38.3562413000001 ], [ -107.7421232, 38.354784300000098 ], [ -107.7458219, 38.353514 ], [ -107.7497848, 38.352230200000101 ], [ -107.753966, 38.3507983000001 ], [ -107.757538, 38.3496241 ], [ -107.7612997, 38.348375400000101 ], [ -107.765045, 38.3471203 ], [ -107.7688438, 38.345849000000101 ], [ -107.7724612, 38.3446327 ], [ -107.7761115, 38.3434195 ], [ -107.7796505, 38.3422323 ], [ -107.782146, 38.3407668 ], [ -107.7858541, 38.3385054 ], [ -107.7881062, 38.337149800000098 ], [ -107.791208, 38.335276500000099 ], [ -107.7941283, 38.33351 ], [ -107.7976833, 38.331655300000101 ], [ -107.8011522, 38.329827200000103 ], [ -107.8040725, 38.3282935 ], [ -107.8073434, 38.3265624000001 ], [ -107.8108617, 38.3246824 ], [ -107.8143182, 38.3228541 ], [ -107.8178572, 38.320977200000101 ], [ -107.8208476, 38.3194109 ], [ -107.8269893, 38.3161586 ], [ -107.8302891, 38.314423900000101 ], [ -107.8336095, 38.312666600000099 ], [ -107.8369587, 38.310915700000102 ], [ -107.8400935, 38.3098120000001 ], [ -107.8438635, 38.308491500000102 ], [ -107.8476252, 38.3071548 ], [ -107.8513519, 38.305847200000102 ], [ -107.8544861, 38.304063400000103 ], [ -107.8578306, 38.3021877 ], [ -107.8611847, 38.300269700000101 ], [ -107.864463, 38.2983467 ], [ -107.8678405, 38.296440000000104 ], [ -107.871215, 38.294544700000102 ], [ -107.8745691, 38.2926058 ], [ -107.8779377, 38.290694400000099 ], [ -107.8812889, 38.2888058 ], [ -107.8846489, 38.2868805 ], [ -107.8871659, 38.284627800000102 ], [ -107.8896771, 38.282379600000098 ], [ -107.8921591, 38.2801267 ], [ -107.8946587, 38.277869200000097 ], [ -107.8970532, 38.2756872 ], [ -107.8996519, 38.273376900000102 ], [ -107.9020785, 38.2711559 ], [ -107.9046014, 38.268676 ], [ -107.9067626, 38.2665212 ], [ -107.9090405, 38.2642633 ], [ -107.9113358, 38.261977800000103 ], [ -107.9136924, 38.259392300000101 ], [ -107.9159995, 38.256765400000099 ], [ -107.9182511, 38.2543079000001 ], [ -107.9205844, 38.251767900000097 ], [ -107.9228827, 38.2492278 ], [ -107.9252043, 38.2466532 ], [ -107.9275522, 38.244103800000097 ], [ -107.9296784, 38.241781000000103 ], [ -107.9320601, 38.2391754000001 ], [ -107.934327, 38.2366653 ], [ -107.9368177, 38.234153300000102 ], [ -107.939283, 38.2316298000001 ], [ -107.9417407, 38.229111900000099 ], [ -107.9440919, 38.22673 ], [ -107.9466075, 38.2241732 ], [ -107.9490953, 38.2216321000001 ], [ -107.9514461, 38.2192376 ], [ -107.9538873, 38.2167674 ], [ -107.9564977, 38.2141001 ], [ -107.958598, 38.2119613 ], [ -107.9603466, 38.210190200000099 ], [ -107.9627091, 38.2077839 ], [ -107.9650132, 38.2054623000001 ], [ -107.9674515, 38.202932 ], [ -107.9699802, 38.2003627 ], [ -107.9720218, 38.198176100000097 ], [ -107.9742034, 38.1959573 ], [ -107.9759534, 38.1941717 ], [ -107.9782298, 38.191901200000103 ], [ -107.9803349, 38.1897166 ], [ -107.9828938, 38.187154400000097 ], [ -107.9859241, 38.184832200000102 ], [ -107.989039, 38.1824387 ], [ -107.9921569, 38.180052100000097 ], [ -107.9951581, 38.177759400000099 ], [ -107.9981622, 38.1754666 ], [ -108.0009009, 38.1733572 ], [ -108.0033858, 38.171479300000101 ], [ -108.006247, 38.1692712 ], [ -108.009117, 38.167074500000098 ], [ -108.0119723, 38.16488 ], [ -108.0148539, 38.1626808 ], [ -108.017718, 38.160479300000098 ], [ -108.0204567, 38.1583672 ], [ -108.0233238, 38.1561655 ], [ -108.0262579, 38.153911100000101 ], [ -108.0290403, 38.1517735 ], [ -108.0318548, 38.1496084 ], [ -108.0340365, 38.1479432 ], [ -108.0367839, 38.145819200000098 ], [ -108.0396393, 38.1436126 ], [ -108.0421563, 38.141701800000099 ], [ -108.0449883, 38.1395134 ], [ -108.0477474, 38.137409900000101 ], [ -108.0503582, 38.1353959 ], [ -108.0530619, 38.1333309 ], [ -108.0556027, 38.1313793 ], [ -108.0582157, 38.1293694 ], [ -108.0608865, 38.1273123 ], [ -108.0637305, 38.1251205 ], [ -108.0662795, 38.1231671 ], [ -108.0683873, 38.121544700000101 ], [ -108.0707652, 38.119701500000097 ], [ -108.0731245, 38.1178973 ], [ -108.0754921, 38.116063800000099 ], [ -108.0781216, 38.114043600000102 ], [ -108.0812295, 38.1116373 ], [ -108.0843561, 38.109245400000098 ], [ -108.0870495, 38.107150400000101 ], [ -108.0898007, 38.1050473 ], [ -108.0924178, 38.1030365 ], [ -108.0948473, 38.1011524 ], [ -108.0975015, 38.0991205 ], [ -108.1005063, 38.0968109 ], [ -108.1033286, 38.094620900000102 ], [ -108.1062889, 38.09236 ], [ -108.1091792, 38.0901146 ], [ -108.1121769, 38.0878087 ], [ -108.1150615, 38.0855969 ], [ -108.1180398, 38.0833112 ], [ -108.1210279, 38.080997400000101 ], [ -108.1238639, 38.0787981 ], [ -108.1267258, 38.0766013 ], [ -108.1296201, 38.0744044 ], [ -108.1323979, 38.0722227 ], [ -108.1358387, 38.0707029000001 ], [ -108.1392471, 38.0691626 ], [ -108.1427137, 38.0676198 ], [ -108.1460995, 38.0661202000001 ], [ -108.148858, 38.0648778 ], [ -108.1527838, 38.0640885 ], [ -108.1573284, 38.0631702 ], [ -108.165651, 38.058793100000102 ], [ -108.1683254, 38.057375700000101 ], [ -108.1708362, 38.0554613 ], [ -108.1733049, 38.053543100000098 ], [ -108.1758438, 38.051661700000103 ], [ -108.1771483, 38.049154300000097 ], [ -108.1786491, 38.0463855 ], [ -108.1800799, 38.0437196 ], [ -108.1816322, 38.0408216000001 ], [ -108.1830956, 38.038034 ], [ -108.1846292, 38.0351432 ], [ -108.1861909, 38.0322265 ], [ -108.1877525, 38.029317 ], [ -108.1891739, 38.0266615 ], [ -108.1903007, 38.024558500000097 ], [ -108.1920915, 38.0227058 ], [ -108.1938308, 38.0208936000001 ], [ -108.1955654, 38.019037200000099 ], [ -108.1988316, 38.017133800000103 ], [ -108.2058824, 38.0130364 ], [ -108.208153, 38.0117031 ], [ -108.2098738, 38.0088596000001 ], [ -108.211609, 38.0060008 ], [ -108.213416, 38.0030139 ], [ -108.2150686, 38.0003225 ], [ -108.2167865, 37.9974612 ], [ -108.2184662, 37.994605400000097 ], [ -108.2199281, 37.9922352 ], [ -108.2228384, 37.990037700000101 ], [ -108.2255679, 37.9879317 ], [ -108.2281874, 37.9859236 ], [ -108.2306731, 37.984005900000099 ], [ -108.2333739, 37.9819224 ], [ -108.2361321, 37.9798011 ], [ -108.2385843, 37.9779397 ], [ -108.2412517, 37.9758824 ], [ -108.2439955, 37.9737948000001 ], [ -108.2468349, 37.971586600000101 ], [ -108.2497031, 37.9694047 ], [ -108.2525712, 37.967211500000097 ], [ -108.2554423, 37.9650154 ], [ -108.2581896, 37.9629148000001 ], [ -108.2608852, 37.960798700000097 ], [ -108.2637666, 37.958615300000098 ], [ -108.2665727, 37.956446400000097 ], [ -108.2694323, 37.954253000000101 ], [ -108.2724692, 37.9519683 ], [ -108.2755114, 37.949578100000103 ], [ -108.278583, 37.9472138 ], [ -108.2815788, 37.9448632000001 ], [ -108.2845974, 37.9425386 ], [ -108.2875831, 37.940239700000099 ], [ -108.2906345, 37.937879500000101 ], [ -108.2936514, 37.9355765 ], [ -108.2965456, 37.9333497000001 ], [ -108.2990475, 37.931434900000099 ], [ -108.3017758, 37.9293388 ], [ -108.3045041, 37.9272359 ], [ -108.3072445, 37.9251328 ], [ -108.3099745, 37.923027 ], [ -108.3127063, 37.920932100000101 ], [ -108.3157473, 37.9185917 ], [ -108.3177464, 37.917052700000099 ], [ -108.320727, 37.9147586 ], [ -108.3229007, 37.913076400000101 ], [ -108.3239159, 37.9109195 ], [ -108.3253843, 37.9076880000001 ], [ -108.3267784, 37.904635300000102 ], [ -108.3278055, 37.9023701 ], [ -108.3292532, 37.899174000000102 ], [ -108.3307959, 37.8958019 ], [ -108.3321323, 37.8927528 ], [ -108.3335532, 37.8896067 ], [ -108.3349433, 37.8865175 ], [ -108.3361601, 37.883841500000102 ], [ -108.3372778, 37.8813348 ], [ -108.3384616, 37.8787564 ], [ -108.3401271, 37.8750242 ], [ -108.3414953, 37.872105900000101 ], [ -108.3427834, 37.8692018 ], [ -108.3441444, 37.866171200000103 ], [ -108.3454471, 37.8631290000001 ], [ -108.3468335, 37.860055 ], [ -108.348027, 37.8575383 ], [ -108.3494316, 37.854326200000102 ], [ -108.3504177, 37.852133900000098 ], [ -108.3514548, 37.849821 ], [ -108.3526374, 37.8472637 ], [ -108.3536308, 37.8450597 ], [ -108.3551228, 37.841700500000101 ], [ -108.3566038, 37.8384705 ], [ -108.3577682, 37.8358956000001 ], [ -108.3586015, 37.834099400000099 ], [ -108.3589581, 37.831783 ], [ -108.3595076, 37.8283686 ], [ -108.3599661, 37.825505900000103 ], [ -108.3603809, 37.8229333 ], [ -108.3607084, 37.820766 ], [ -108.3612324, 37.8176501 ], [ -108.3617382, 37.8145369000001 ], [ -108.3622258, 37.8115069 ], [ -108.3626588, 37.808787300000098 ], [ -108.3630191, 37.8064614 ], [ -108.363503, 37.803385100000099 ], [ -108.3637759, 37.801683 ], [ -108.3645765, 37.7991758000001 ], [ -108.3653661, 37.796697300000098 ], [ -108.3654862, 37.7946356 ], [ -108.36565, 37.792340900000099 ], [ -108.3658574, 37.7892669 ], [ -108.366043, 37.7862474 ], [ -108.3662249, 37.7828639 ], [ -108.366456, 37.7795465 ], [ -108.3666634, 37.776661800000099 ], [ -108.3668089, 37.7741106 ], [ -108.3666379, 37.7708373 ], [ -108.3664851, 37.7676502 ], [ -108.3663213, 37.764247200000099 ], [ -108.3661503, 37.760956200000102 ], [ -108.3660339, 37.7587756 ], [ -108.3658919, 37.7556168 ], [ -108.3657864, 37.7533468 ], [ -108.3665105, 37.7507085 ], [ -108.3682957, 37.7490357 ], [ -108.3698968, 37.747493500000097 ], [ -108.3726514, 37.7448809 ], [ -108.3747947, 37.7426394 ], [ -108.3772873, 37.7399978 ], [ -108.3798818, 37.7372554 ], [ -108.382258, 37.7347259000001 ], [ -108.3844449, 37.732423600000097 ], [ -108.3858131, 37.730003200000098 ], [ -108.3871995, 37.727539700000101 ], [ -108.3885896, 37.7250846 ], [ -108.3897322, 37.723023800000099 ], [ -108.3913551, 37.720159900000098 ], [ -108.3930144, 37.7171865 ], [ -108.3945973, 37.7143109 ], [ -108.3964822, 37.7110004 ], [ -108.3983235, 37.707658100000103 ], [ -108.398076, 37.7051017000001 ], [ -108.3977667, 37.7020068 ], [ -108.3974283, 37.698940500000099 ], [ -108.3971518, 37.6961649 ], [ -108.3968279, 37.6930696 ], [ -108.3965041, 37.6899655 ], [ -108.396202, 37.6870168 ], [ -108.3959182, 37.6840651 ], [ -108.3956198, 37.681335100000098 ], [ -108.3953105, 37.678452300000103 ], [ -108.395023, 37.675555 ], [ -108.3951067, 37.6725193 ], [ -108.3952232, 37.669549700000097 ], [ -108.3953178, 37.6665512000001 ], [ -108.395427, 37.6636852 ], [ -108.3955179, 37.661092600000103 ], [ -108.3956526, 37.65833 ], [ -108.3957435, 37.655178400000104 ], [ -108.3958272, 37.6518826000001 ], [ -108.3959692, 37.6487249 ], [ -108.3960674, 37.6458553 ], [ -108.396202, 37.642564800000102 ], [ -108.3963258, 37.6393981 ], [ -108.3964422, 37.636239900000099 ], [ -108.3965441, 37.6330845 ], [ -108.3966605, 37.6299289 ], [ -108.3967624, 37.6267703 ], [ -108.3969116, 37.6236174000001 ], [ -108.3970135, 37.6204672 ], [ -108.3971591, 37.6170459000001 ], [ -108.3986401, 37.614956200000101 ], [ -108.400696, 37.6124772000001 ], [ -108.4027124, 37.609923900000098 ], [ -108.4047415, 37.6073714 ], [ -108.4067051, 37.604828600000097 ], [ -108.4088326, 37.6021623 ], [ -108.4103945, 37.6002266 ], [ -108.4125343, 37.5975438 ], [ -108.4147889, 37.5947636000001 ], [ -108.4169246, 37.592109800000102 ], [ -108.4187611, 37.589001300000099 ], [ -108.4205894, 37.585921800000101 ], [ -108.4221226, 37.583254800000098 ], [ -108.4240902, 37.5799704 ], [ -108.4259021, 37.5768841 ], [ -108.427714, 37.573810600000101 ], [ -108.4295177, 37.5707305 ], [ -108.4309278, 37.567968700000101 ], [ -108.4323298, 37.565236100000099 ], [ -108.4336826, 37.562591100000098 ], [ -108.4350271, 37.5599362 ], [ -108.4366464, 37.5567776 ], [ -108.438077, 37.553966500000101 ], [ -108.4396757, 37.5508303 ], [ -108.4412827, 37.547690800000098 ], [ -108.4429019, 37.5445251 ], [ -108.444476, 37.5413723 ], [ -108.4460706, 37.5382681 ], [ -108.4476776, 37.535144300000098 ], [ -108.4492763, 37.532017100000097 ], [ -108.4506127, 37.529370900000103 ], [ -108.4519818, 37.526695400000101 ], [ -108.4535888, 37.523506 ], [ -108.4549333, 37.5209051 ], [ -108.4562943, 37.518226 ], [ -108.4577167, 37.515433 ], [ -108.4591679, 37.5126334 ], [ -108.4605658, 37.5098271 ], [ -108.462021, 37.5070338 ], [ -108.4633779, 37.504325000000101 ], [ -108.4648331, 37.5014794 ], [ -108.4648208, 37.4984158 ], [ -108.4648331, 37.4956806000001 ], [ -108.4648495, 37.492594100000098 ], [ -108.4648454, 37.4892309 ], [ -108.4648823, 37.4859424 ], [ -108.4648987, 37.4831547000001 ], [ -108.4651201, 37.479882200000098 ], [ -108.4653578, 37.476300400000099 ], [ -108.4655833, 37.4726958 ], [ -108.4657678, 37.470356600000102 ], [ -108.4658825, 37.4683882 ], [ -108.466067, 37.465176900000102 ], [ -108.4662556, 37.4623005 ], [ -108.46644, 37.4595315 ], [ -108.4663991, 37.456589800000103 ], [ -108.4663335, 37.4536351 ], [ -108.4662638, 37.4506932 ], [ -108.4661736, 37.447809800000101 ], [ -108.4660875, 37.4441126 ], [ -108.4660383, 37.4410825 ], [ -108.4659276, 37.437752800000098 ], [ -108.465903, 37.4348331 ], [ -108.465960364, 37.432491688 ], [ -108.465714633, 37.430900267 ], [ -108.465853409, 37.430560910000104 ], [ -108.466751, 37.430731 ] ] ] } },
{ "type": "Feature", "properties": { "objectid": "70062", "id": "201821", "type": "AC; OVERHEAD", "status": "NOT AVAILABLE", "naics_code": "221121", "naics_desc": "ELECTRIC BULK POWER TRANSMISSION AND CONTROL", "source": "IMAGERY", "sourcedate": "2014-07-07T20:00:00-06:00", "val_method": "IMAGERY", "val_date": "2014-07-07T20:00:00-06:00", "owner": "TRI-STATE G & T ASSN, INC", "voltage": 230.0, "volt_class": "220-287", "inferred": "Y", "sub_1": "BOONE", "sub_2": "MIDWAY", "shape_lengt": 89415.219852768001, "globalid": "75ce9337-6762-4211-8174-a93043507b57", "STATEFP": "08", "STATENS": "01779779", "AFFGEOID": "0400000US08", "GEOID": "08", "STUSPS": "CO", "NAME": "Colorado", "LSAD": "00", "ALAND": 268422891711, "AWATER": 1181621593 }, "geometry": { "type": "MultiLineString", "coordinates": [ [ [ -104.224042, 38.255807 ], [ -104.2244221, 38.2562756 ], [ -104.2243181, 38.256833200000102 ], [ -104.2242787, 38.2589121 ], [ -104.2242853, 38.2610767 ], [ -104.2222758, 38.2626 ], [ -104.2202989, 38.2641453 ], [ -104.2182959, 38.2657026 ], [ -104.2162756, 38.2672735 ], [ -104.2143065, 38.268814500000097 ], [ -104.2123209, 38.2703559 ], [ -104.2104019, 38.2719113 ], [ -104.2084697, 38.273379400000103 ], [ -104.2064752, 38.274938200000101 ], [ -104.2044763, 38.2764726 ], [ -104.2027706, 38.2778256 ], [ -104.200785, 38.2793703 ], [ -104.1987905, 38.280922 ], [ -104.1968005, 38.282459700000103 ], [ -104.1949837, 38.2839032 ], [ -104.1929626, 38.285465300000098 ], [ -104.1915537, 38.2865368000001 ], [ -104.1920653, 38.2877281 ], [ -104.1927422, 38.2893496 ], [ -104.1937017, 38.2917238 ], [ -104.1943634, 38.2934031 ], [ -104.1950867, 38.2951755 ], [ -104.1959092, 38.297163500000103 ], [ -104.196753, 38.299218300000099 ], [ -104.1974248, 38.300833400000101 ], [ -104.1980665, 38.302422 ], [ -104.1987543, 38.3041038000001 ], [ -104.199614, 38.306176500000099 ], [ -104.2004631, 38.3082588 ], [ -104.2010286, 38.3096609 ], [ -104.2017891, 38.3114872 ], [ -104.2026187, 38.3135137 ], [ -104.2035121, 38.315719600000101 ], [ -104.2042938, 38.317608300000103 ], [ -104.2050525, 38.319402400000101 ], [ -104.2059371, 38.321602600000098 ], [ -104.2068181, 38.323759600000102 ], [ -104.2076335, 38.325742600000098 ], [ -104.2084152, 38.327649200000103 ], [ -104.2092023, 38.3295737 ], [ -104.2099876, 38.331483 ], [ -104.2108278, 38.333535400000102 ], [ -104.2116893, 38.3355446 ], [ -104.2125242, 38.3376566 ], [ -104.2133503, 38.339654600000102 ], [ -104.214249, 38.3417527 ], [ -104.2150662, 38.343822900000099 ], [ -104.2158923, 38.345829 ], [ -104.2168318, 38.3481090000001 ], [ -104.2175887, 38.3498537 ], [ -104.2183173, 38.351774900000102 ], [ -104.2191752, 38.3538531 ], [ -104.220175, 38.356285800000101 ], [ -104.2210135, 38.3582332 ], [ -104.2218626, 38.360397400000103 ], [ -104.2226354, 38.3622377 ], [ -104.2235483, 38.3644894 ], [ -104.2243903, 38.366515800000101 ], [ -104.2251295, 38.3683657 ], [ -104.2259957, 38.370476300000099 ], [ -104.2268364, 38.3725339000001 ], [ -104.2276745, 38.3745714 ], [ -104.22851, 38.376586700000097 ], [ -104.2292405, 38.3783681 ], [ -104.2301112, 38.3804912 ], [ -104.2309122, 38.3824358 ], [ -104.2316677, 38.3842943000001 ], [ -104.2325517, 38.3864614 ], [ -104.2333474, 38.388368 ], [ -104.2341725, 38.3903922000001 ], [ -104.2350029, 38.3922988 ], [ -104.2357745, 38.394339700000103 ], [ -104.2367014, 38.3965274 ], [ -104.2375747, 38.3986564 ], [ -104.238365, 38.400623600000102 ], [ -104.239166, 38.402496300000102 ], [ -104.2400153, 38.4045935 ], [ -104.240827, 38.4066299 ], [ -104.2417619, 38.4089223 ], [ -104.2426085, 38.4108808 ], [ -104.2434014, 38.4128246000001 ], [ -104.2442721, 38.4149509000001 ], [ -104.2450302, 38.416812800000102 ], [ -104.245917, 38.418943200000101 ], [ -104.2469001, 38.4213842 ], [ -104.2476958, 38.4233130000001 ], [ -104.2485986, 38.4254999 ], [ -104.2496005, 38.4278631 ], [ -104.2504524, 38.429993200000098 ], [ -104.2513311, 38.4321526 ], [ -104.2521669, 38.4341063 ], [ -104.2530456, 38.4362341 ], [ -104.2538466, 38.4382591 ], [ -104.2546798, 38.4402714 ], [ -104.2555746, 38.4423571 ], [ -104.2563782, 38.4443651 ], [ -104.2572596, 38.4465408 ], [ -104.258074, 38.448435400000101 ], [ -104.257999, 38.450359300000102 ], [ -104.2579052, 38.4524027000001 ], [ -104.2578329, 38.454626500000103 ], [ -104.2577472, 38.4568167 ], [ -104.2576749, 38.4587886 ], [ -104.2575926, 38.4611381 ], [ -104.2575369, 38.4631818 ], [ -104.2574321, 38.465625100000103 ], [ -104.2573786, 38.4676373 ], [ -104.2572961, 38.469897300000099 ], [ -104.257207, 38.4719687 ], [ -104.2571446, 38.474221500000098 ], [ -104.2570755, 38.476141 ], [ -104.2570153, 38.4782122 ], [ -104.2569306, 38.4804666 ], [ -104.2568459, 38.4828098 ], [ -104.2567746, 38.484966400000097 ], [ -104.2567144, 38.4869518 ], [ -104.2566319, 38.4893054 ], [ -104.2565494, 38.491442500000097 ], [ -104.2564625, 38.493939 ], [ -104.2564001, 38.495936400000097 ], [ -104.2563221, 38.4980262 ], [ -104.2562419, 38.500576500000101 ], [ -104.2561549, 38.502556400000103 ], [ -104.2560903, 38.5047228 ], [ -104.2559878, 38.5072641 ], [ -104.2559231, 38.5092228 ], [ -104.255854, 38.511249500000098 ], [ -104.2557716, 38.513384200000097 ], [ -104.2557114, 38.5152922 ], [ -104.2556334, 38.517463400000103 ], [ -104.2555732, 38.5195579 ], [ -104.2555085, 38.5214552 ], [ -104.2579833, 38.5217302 ], [ -104.2603764, 38.5219909 ], [ -104.2625588, 38.522231 ], [ -104.2656981, 38.522574900000102 ], [ -104.2679824, 38.5228239 ], [ -104.2711217, 38.5231615000001 ], [ -104.2734384, 38.5234126 ], [ -104.2760869, 38.523701700000103 ], [ -104.2789079, 38.5240055 ], [ -104.2817397, 38.524317800000098 ], [ -104.2844718, 38.524609 ], [ -104.2871122, 38.524904300000102 ], [ -104.2899656, 38.5252124 ], [ -104.2926275, 38.525501500000097 ], [ -104.2952813, 38.525788400000103 ], [ -104.2982966, 38.5261155 ], [ -104.3013334, 38.5264446 ], [ -104.3034505, 38.5266809 ], [ -104.305778, 38.5269299 ], [ -104.3085128, 38.527221 ], [ -104.3117492, 38.527575500000097 ], [ -104.3141333, 38.527824500000101 ], [ -104.3170514, 38.5281473000001 ], [ -104.3196783, 38.5284321 ], [ -104.3229336, 38.528788700000099 ], [ -104.3253609, 38.529050300000101 ], [ -104.3282763, 38.529368900000101 ], [ -104.3308573, 38.5296453 ], [ -104.3338132, 38.529957500000101 ], [ -104.3364644, 38.530248700000101 ], [ -104.3387541, 38.530499700000099 ], [ -104.3421577, 38.530871100000098 ], [ -104.3448089, 38.5311538 ], [ -104.3480938, 38.531504 ], [ -104.3505049, 38.531769800000099 ], [ -104.3537116, 38.5321158 ], [ -104.3564464, 38.532409100000102 ], [ -104.3592, 38.5327087000001 ], [ -104.3618215, 38.5329892 ], [ -104.3647828, 38.533309900000098 ], [ -104.3676497, 38.5336179 ], [ -104.3704545, 38.5339281 ], [ -104.3732945, 38.534231900000101 ], [ -104.3761236, 38.5345357 ], [ -104.3791658, 38.5348605 ], [ -104.3814097, 38.535105300000097 ], [ -104.3837912, 38.535358400000099 ], [ -104.386801, 38.5356854 ], [ -104.3898405, 38.5360103 ], [ -104.3923919, 38.536288800000101 ], [ -104.3948461, 38.5365483 ], [ -104.3976833, 38.5368541 ], [ -104.4003992, 38.537151600000101 ], [ -104.4032311, 38.537455400000098 ], [ -104.4056179, 38.5377106 ], [ -104.4086089, 38.538033400000103 ], [ -104.4113544, 38.538326600000097 ], [ -104.4140918, 38.538624100000099 ], [ -104.4167376, 38.538902500000098 ], [ -104.4194912, 38.5392042 ], [ -104.4222071, 38.5394995 ], [ -104.4247611, 38.539771700000102 ], [ -104.4277305, 38.5400881 ], [ -104.4305758, 38.540394 ], [ -104.4331326, 38.5406703 ], [ -104.4358296, 38.5409635 ], [ -104.4387504, 38.5412757 ], [ -104.441504, 38.541569 ], [ -104.4439529, 38.541832600000099 ], [ -104.4465825, 38.542113200000102 ], [ -104.4492795, 38.5424022 ], [ -104.4520779, 38.5427070000001 ], [ -104.4544669, 38.542962100000103 ], [ -104.4578004, 38.543327 ], [ -104.4606538, 38.543630800000102 ], [ -104.4640978, 38.543997800000099 ], [ -104.4669162, 38.5443037000001 ], [ -104.4703629, 38.544679100000103 ], [ -104.4734159, 38.545004 ], [ -104.4754603, 38.5452233 ], [ -104.4783811, 38.5455376 ], [ -104.4809891, 38.545814 ], [ -104.4835485, 38.546092400000099 ], [ -104.4857331, 38.546326500000099 ], [ -104.488778, 38.5466535 ], [ -104.4915262, 38.5469488 ], [ -104.4942879, 38.547246200000103 ], [ -104.4968096, 38.547509900000101 ], [ -104.4995039, 38.5478073 ], [ -104.5025731, 38.548136300000102 ], [ -104.5054804, 38.5484443 ], [ -104.5079482, 38.54871 ], [ -104.5106398, 38.548999 ], [ -104.5134716, 38.5493006 ], [ -104.5162549, 38.5496022 ], [ -104.5190301, 38.5499018 ], [ -104.521862, 38.5502034 ], [ -104.5245428, 38.550486 ], [ -104.5274043, 38.550796100000099 ], [ -104.530139, 38.5510892 ], [ -104.5328603, 38.5513845 ], [ -104.5356786, 38.5516798 ], [ -104.5385078, 38.551985600000101 ], [ -104.5409701, 38.5522514 ], [ -104.5438451, 38.5525593 ], [ -104.5465071, 38.5528462 ], [ -104.5494764, 38.5531541 ], [ -104.5523973, 38.5534684 ], [ -104.5551941, 38.5537658000001 ], [ -104.557856, 38.554048400000099 ], [ -104.5607094, 38.55435 ], [ -104.5635493, 38.554653700000102 ], [ -104.5664998, 38.554978500000097 ], [ -104.5691348, 38.5552527 ], [ -104.5717023, 38.555533200000099 ], [ -104.5741512, 38.555792600000103 ], [ -104.5769018, 38.5560897 ], [ -104.5796113, 38.556373800000102 ], [ -104.5823892, 38.556675400000103 ], [ -104.5851806, 38.5569707000001 ], [ -104.5878803, 38.5572575 ], [ -104.5902374, 38.557512700000103 ], [ -104.5929102, 38.5577974 ], [ -104.5954669, 38.5580695 ], [ -104.5986601, 38.5584111 ], [ -104.6013976, 38.5587043 ], [ -104.6042645, 38.5590122 ], [ -104.6072474, 38.559330600000102 ], [ -104.6100333, 38.5596259000001 ], [ -104.6128463, 38.559957 ], [ -104.6157456, 38.5598937 ], [ -104.6177171, 38.5598621 ], [ -104.6197209, 38.559841 ], [ -104.6234697, 38.5597777 ], [ -104.6262746, 38.5597377 ], [ -104.6290795, 38.559689100000099 ], [ -104.6318115, 38.5596533 ], [ -104.6343629, 38.5596174 ], [ -104.6364234, 38.5595942 ], [ -104.6391662, 38.5595436 ], [ -104.6420196, 38.559497200000102 ], [ -104.6447436, 38.5594635 ], [ -104.6466342, 38.5594382 ], [ -104.6495415, 38.559398100000102 ], [ -104.6520686, 38.5593644 ], [ -104.6544932, 38.559330600000102 ], [ -104.6569178, 38.559288400000099 ], [ -104.6600895, 38.559244200000101 ], [ -104.6627514, 38.559206200000098 ], [ -104.6655428, 38.559164000000102 ], [ -104.668318, 38.5591176 ], [ -104.6710204, 38.559077600000101 ], [ -104.673774, 38.5590312 ], [ -104.6766193, 38.5589953 ], [ -104.6793972, 38.558955200000099 ], [ -104.6817112, 38.558917300000097 ], [ -104.6841304, 38.558887700000099 ], [ -104.6872902, 38.558843 ], [ -104.687699, 38.5588274 ], [ -104.6882926, 38.559727700000103 ], [ -104.6891079, 38.560682600000099 ], [ -104.68947023, 38.561088269 ], [ -104.690542407, 38.561174435000098 ] ] ] } },
{ "type": "Feature", "properties": { "objectid": "73403", "id": "204949", "type": "AC; OVERHEAD", "status": "NOT AVAILABLE", "naics_code": "221121", "naics_desc": "ELECTRIC BULK POWER TRANSMISSION AND CONTROL", "source": "http://www.oasis.oati.com", "sourcedate": "2015-08-12T20:00:00-06:00", "val_method": "IMAGERY/OTHER", "val_date": "2015-08-12T20:00:00-06:00", "owner": "CITY OF COLORADO SPRINGS - (CO)", "voltage": 230.0, "volt_class": "220-287", "inferred": "N", "sub_1": "FRONT RANGE", "sub_2": "TAP209761", "shape_lengt": 49475.705128974798, "globalid": "6fee6d91-8955-4e67-b249-a9ad8dfbdcee", "STATEFP": "08", "STATENS": "01779779", "AFFGEOID": "0400000US08", "GEOID": "08", "STUSPS": "CO", "NAME": "Colorado", "LSAD": "00", "ALAND": 268422891711, "AWATER": 1181621593 }, "geometry": { "type": "MultiLineString", "coordinates": [ [ [ -104.702546623, 38.632136099 ], [ -104.702136958, 38.63176158 ], [ -104.701113747, 38.631544346 ], [ -104.699955059, 38.631730944 ], [ -104.697403574, 38.632160095000103 ], [ -104.693722428, 38.632177998 ], [ -104.690457366, 38.632259676 ], [ -104.687232391, 38.632255982 ], [ -104.685345593, 38.630514446000099 ], [ -104.683653892, 38.628887883000097 ], [ -104.680085647, 38.628884152000097 ], [ -104.676757915, 38.628876725000097 ], [ -104.674095615, 38.628899008000097 ], [ -104.6708346, 38.628932431000102 ], [ -104.666946146, 38.628973279 ], [ -104.663523654, 38.629010414 ], [ -104.660001331, 38.629032694 ], [ -104.656764168, 38.629054975 ], [ -104.652923277, 38.629073543000104 ], [ -104.64997604, 38.62909211 ], [ -104.64639179, 38.629110678000103 ], [ -104.642703001, 38.629140386000103 ], [ -104.639104546, 38.629158954 ], [ -104.636052653, 38.6291812360001 ], [ -104.633143475, 38.629207230000098 ], [ -104.629041087, 38.6292332250001 ], [ -104.627272721, 38.629251793 ], [ -104.624344606, 38.629274073 ], [ -104.620703325, 38.629296355000101 ], [ -104.616919438, 38.629329776000098 ], [ -104.6133305, 38.6293557710001 ], [ -104.609470846, 38.629385477 ], [ -104.606000968, 38.629370624 ], [ -104.602288365, 38.629359483 ], [ -104.599008417, 38.629352056000101 ], [ -104.595671448, 38.629337202000102 ], [ -104.593237505, 38.629326061 ], [ -104.59095777, 38.629326061 ], [ -104.59095777, 38.63098803 ], [ -104.590953016, 38.632837264 ], [ -104.590948264, 38.634660204000099 ], [ -104.590881731, 38.637002602 ], [ -104.590739143, 38.639423181 ], [ -104.590626273, 38.641346946 ], [ -104.590447962, 38.643101765 ], [ -104.590426432, 38.644766564000101 ], [ -104.591838799, 38.646183228 ], [ -104.593607163, 38.647965301 ], [ -104.595532474, 38.649886623 ], [ -104.59703675, 38.651373208000102 ], [ -104.598134094, 38.652517686000103 ], [ -104.598020456, 38.655085711 ], [ -104.597842197, 38.657736141 ], [ -104.597749696, 38.659753096 ], [ -104.596824802, 38.661725288000099 ], [ -104.595605616, 38.664208235 ], [ -104.594543171, 38.666357315 ], [ -104.593024353, 38.669475078000097 ], [ -104.59214022, 38.6713010060001 ], [ -104.591141953, 38.673316259 ], [ -104.589986799, 38.675715593000099 ], [ -104.588703405, 38.678342856 ], [ -104.587759692, 38.680234875000103 ], [ -104.587795445, 38.682171832000101 ], [ -104.587852491, 38.685327934 ], [ -104.587938051, 38.687927028 ], [ -104.58795231, 38.6906760480001 ], [ -104.587945179, 38.693325272 ], [ -104.587987964, 38.696408553 ], [ -104.588022427, 38.699032388 ], [ -104.588046325, 38.701340465 ], [ -104.590738352, 38.703166502 ], [ -104.593626139, 38.705137229000101 ], [ -104.596086179, 38.706811197 ], [ -104.598403228, 38.708379450000102 ], [ -104.598426855, 38.710522744000102 ], [ -104.598426855, 38.713392772000098 ], [ -104.598456567, 38.715836233000097 ], [ -104.598485088, 38.7190546040001 ], [ -104.598499296, 38.721360254 ], [ -104.596858431, 38.72326667 ], [ -104.594876359, 38.725519433 ], [ -104.593022329, 38.727594467000102 ], [ -104.591054206, 38.729891953 ], [ -104.58903641, 38.7322168970001 ], [ -104.587018506, 38.734519642000102 ], [ -104.585050492, 38.736788967 ], [ -104.582910243, 38.739244443000104 ], [ -104.580961212, 38.741464528 ], [ -104.579594238, 38.743052184000099 ], [ -104.579606187, 38.744627295 ], [ -104.579624015, 38.746305054000103 ], [ -104.579677493, 38.749201475000099 ], [ -104.579719087, 38.752148687 ], [ -104.57976068, 38.7547575030001 ], [ -104.579796332, 38.758126142 ], [ -104.579826044, 38.760294787000099 ], [ -104.57989735, 38.762926581 ], [ -104.57994505, 38.765283673 ], [ -104.580455725, 38.765887972 ], [ -104.581002639, 38.766557425 ], [ -104.581020386, 38.768278710000097 ], [ -104.581115453, 38.770702502000098 ], [ -104.581120206, 38.773096243 ], [ -104.581124961, 38.775953971 ], [ -104.581220033, 38.778322006 ], [ -104.581224786, 38.781093640000101 ], [ -104.581267575, 38.78344335 ], [ -104.581362642, 38.786085199000098 ], [ -104.581372149, 38.787715435000102 ], [ -104.581448213, 38.790690983 ], [ -104.581519517, 38.793106709 ], [ -104.581563026, 38.794715615 ], [ -104.584145516, 38.794753167000103 ], [ -104.58729246, 38.794793922000103 ], [ -104.590434796, 38.794830974 ], [ -104.593353727, 38.794842089 ], [ -104.596890426, 38.794849500000097 ], [ -104.599628545, 38.7948569100001 ], [ -104.602285831, 38.7948569100001 ], [ -104.604662599, 38.794860615000097 ], [ -104.607580624, 38.794864301000104 ], [ -104.608563538, 38.7956377040001 ], [ -104.609044616, 38.796020224000102 ], [ -104.611579082, 38.796023951 ], [ -104.614654651, 38.796027656 ], [ -104.618794986, 38.796035065000098 ], [ -104.622279444, 38.796046180000097 ], [ -104.625022694, 38.796042481 ], [ -104.62676219, 38.796379561 ], [ -104.628836068, 38.796406136 ], [ -104.628819127, 38.794889647 ], [ -104.628772564, 38.792825614 ], [ -104.628708546, 38.790112957000098 ], [ -104.628679446, 38.788838275 ], [ -104.628614939, 38.785764120000103 ], [ -104.628550764, 38.783251769000103 ], [ -104.62850514, 38.781457102 ], [ -104.630683724, 38.781451635000103 ], [ -104.633874676, 38.781451635000103 ], [ -104.637208166, 38.781428475 ], [ -104.640595003, 38.781423843 ], [ -104.644041263, 38.781414579 ], [ -104.647351071, 38.781423843 ], [ -104.650340012, 38.781400683000101 ], [ -104.654237809, 38.781391419 ], [ -104.65809422, 38.781386787 ], [ -104.66189711, 38.781368259 ], [ -104.664547307, 38.781333983 ] ] ] } },
{ "type": "Feature", "properties": { "objectid": "68508", "id": "200209", "type": "AC; OVERHEAD", "status": "NOT AVAILABLE", "naics_code": "221121", "naics_desc": "ELECTRIC BULK POWER TRANSMISSION AND CONTROL", "source": "Regional Map", "sourcedate": "2014-06-29T20:00:00-06:00", "val_method": "IMAGERY/OTHER", "val_date": "2014-06-29T20:00:00-06:00", "owner": "PUBLIC SERVICE CO OF COLORADO", "voltage": 230.0, "volt_class": "220-287", "inferred": "N", "sub_1": "FULLER", "sub_2": "MIDWAY", "shape_lengt": 59464.545639841097, "globalid": "70dc1342-8a58-4dcc-90a4-ac988f08a617", "STATEFP": "08", "STATENS": "01779779", "AFFGEOID": "0400000US08", "GEOID": "08", "STUSPS": "CO", "NAME": "Colorado", "LSAD": "00", "ALAND": 268422891711, "AWATER": 1181621593 }, "geometry": { "type": "MultiLineString", "coordinates": [ [ [ -104.629926165, 38.936717662 ], [ -104.629565586, 38.937190614 ], [ -104.627350411, 38.937198009 ], [ -104.627369425, 38.936140512000101 ], [ -104.627394713, 38.929558571 ], [ -104.62744899, 38.919388559 ], [ -104.627481565, 38.911835897000103 ], [ -104.627508479, 38.899288387000098 ], [ -104.627544707, 38.888496475000103 ], [ -104.627644143, 38.870193814000103 ], [ -104.627743579, 38.857702639 ], [ -104.62766624, 38.853942813000103 ], [ -104.627135915, 38.845131825000102 ], [ -104.626749219, 38.840063291 ], [ -104.627743579, 38.834701783000099 ], [ -104.627798821, 38.819802761000098 ], [ -104.627887208, 38.803557468000101 ], [ -104.62787616, 38.795687457 ], [ -104.627920354, 38.7800137300001 ], [ -104.627942451, 38.773562388000101 ], [ -104.616363684, 38.764655304 ], [ -104.609292682, 38.759201966 ], [ -104.609325827, 38.748776574 ], [ -104.621589597, 38.736841508 ], [ -104.628075033, 38.730524164 ], [ -104.628119226, 38.713284368000103 ], [ -104.628063984, 38.697678767000099 ], [ -104.628041886, 38.684915855 ], [ -104.628008741, 38.676118470000098 ], [ -104.627887208, 38.658744769000101 ], [ -104.627887208, 38.637414386 ], [ -104.62780987, 38.61571508 ], [ -104.627798821, 38.606978264000098 ], [ -104.62745632, 38.605001109000099 ], [ -104.627445271, 38.596323433000101 ], [ -104.641424315, 38.590377625 ], [ -104.656691505, 38.583906648 ], [ -104.668755394, 38.578705819 ], [ -104.682013524, 38.573022354 ], [ -104.687679958, 38.565307723 ], [ -104.688859488, 38.563696016 ], [ -104.689580998, 38.562615433000097 ], [ -104.690542407, 38.561174435000098 ] ] ] } },
{ "type": "Feature", "properties": { "objectid": "74465", "id": "206744", "type": "AC; OVERHEAD", "status": "NOT AVAILABLE", "naics_code": "221121", "naics_desc": "ELECTRIC BULK POWER TRANSMISSION AND CONTROL", "source": "IMAGERY", "sourcedate": "2015-12-10T18:00:00-07:00", "val_method": "IMAGERY", "val_date": "2015-12-10T18:00:00-07:00", "owner": "PUBLIC SERVICE CO OF COLORADO", "voltage": 230.0, "volt_class": "220-287", "inferred": "Y", "sub_1": "NOT AVAILABLE", "sub_2": "UNKNOWN202601", "shape_lengt": 6461.2156386202996, "globalid": "007a5446-5151-4360-88ca-af190bb2d418", "STATEFP": "08", "STATENS": "01779779", "AFFGEOID": "0400000US08", "GEOID": "08", "STUSPS": "CO", "NAME": "Colorado", "LSAD": "00", "ALAND": 268422891711, "AWATER": 1181621593 }, "geometry": { "type": "MultiLineString", "coordinates": [ [ [ -104.024777743, 40.89406539 ], [ -104.066290495, 40.863393814 ] ] ] } },
{ "type": "Feature", "properties": { "objectid": "74637", "id": "206927", "type": "AC; OVERHEAD", "status": "NOT AVAILABLE", "naics_code": "221121", "naics_desc": "ELECTRIC BULK POWER TRANSMISSION AND CONTROL", "source": "IMAGERY", "sourcedate": "2016-01-10T18:00:00-07:00", "val_method": "IMAGERY", "val_date": "2016-01-10T18:00:00-07:00", "owner": "PUBLIC SERVICE CO OF COLORADO", "voltage": 230.0, "volt_class": "220-287", "inferred": "Y", "sub_1": "NOT AVAILABLE", "sub_2": "UNKNOWN202180", "shape_lengt": 184.39916674540001, "globalid": "a3b60f72-2b01-41c9-be9e-af760985ac00", "STATEFP": "08", "STATENS": "01779779", "AFFGEOID": "0400000US08", "GEOID": "08", "STUSPS": "CO", "NAME": "Colorado", "LSAD": "00", "ALAND": 268422891711, "AWATER": 1181621593 }, "geometry": { "type": "MultiLineString", "coordinates": [ [ [ -104.687275698, 38.5570539 ], [ -104.686887548, 38.5570539 ], [ -104.686908369, 38.557726098 ], [ -104.687316789, 38.55773149 ] ] ] } },
{ "type": "Feature", "properties": { "objectid": "70422", "id": "202183", "type": "AC; OVERHEAD", "status": "NOT AVAILABLE", "naics_code": "221121", "naics_desc": "ELECTRIC BULK POWER TRANSMISSION AND CONTROL", "source": "IMAGERY", "sourcedate": "2014-07-08T20:00:00-06:00", "val_method": "IMAGERY", "val_date": "2014-07-08T20:00:00-06:00", "owner": "PUBLIC SERVICE CO OF COLORADO", "voltage": 230.0, "volt_class": "220-287", "inferred": "Y", "sub_1": "SULPHUR", "sub_2": "SURREY RIDGE", "shape_lengt": 10144.166045464999, "globalid": "a3f87787-5342-49ce-a6f4-b359e74a8fce", "STATEFP": "08", "STATENS": "01779779", "AFFGEOID": "0400000US08", "GEOID": "08", "STUSPS": "CO", "NAME": "Colorado", "LSAD": "00", "ALAND": 268422891711, "AWATER": 1181621593 }, "geometry": { "type": "MultiLineString", "coordinates": [ [ [ -104.782672652, 39.509459283000098 ], [ -104.782480324, 39.507901966000098 ], [ -104.791608449, 39.507897964000101 ], [ -104.805731111, 39.507905967000099 ], [ -104.812125985, 39.507861950000098 ], [ -104.820828822, 39.507765914 ], [ -104.835024094, 39.507525821000101 ], [ -104.843535033, 39.507453793 ], [ -104.852451183, 39.507429509000097 ], [ -104.851592489, 39.51183904 ], [ -104.848702473, 39.514602868000097 ], [ -104.847782173, 39.516985525 ], [ -104.847982277, 39.5202441550001 ], [ -104.847832081, 39.5212316000001 ] ] ] } },
{ "type": "Feature", "properties": { "objectid": "70203", "id": "201963", "type": "AC; OVERHEAD", "status": "NOT AVAILABLE", "naics_code": "221121", "naics_desc": "ELECTRIC BULK POWER TRANSMISSION AND CONTROL", "source": "Regional Map", "sourcedate": "2014-07-09T20:00:00-06:00", "val_method": "IMAGERY/OTHER", "val_date": "2014-07-09T20:00:00-06:00", "owner": "PUBLIC SERVICE CO OF COLORADO", "voltage": 230.0, "volt_class": "220-287", "inferred": "N", "sub_1": "PAWNEE", "sub_2": "TAP206216", "shape_lengt": 22129.3254302553, "globalid": "3f570a0d-de43-478a-b0c3-b77e7b29ed35", "STATEFP": "08", "STATENS": "01779779", "AFFGEOID": "0400000US08", "GEOID": "08", "STUSPS": "CO", "NAME": "Colorado", "LSAD": "00", "ALAND": 268422891711, "AWATER": 1181621593 }, "geometry": { "type": "MultiLineString", "coordinates": [ [ [ -103.678494877, 40.216506676 ], [ -103.678641909, 40.216241383000103 ], [ -103.6789019, 40.2152302000001 ], [ -103.6791439, 40.212928700000099 ], [ -103.6794268, 40.2105271 ], [ -103.679724, 40.2076201 ], [ -103.6799829, 40.2055954 ], [ -103.6801123, 40.204035700000098 ], [ -103.6800835, 40.201322500000103 ], [ -103.6800212, 40.199238800000103 ], [ -103.6800419, 40.1978615 ], [ -103.679982, 40.195902400000101 ], [ -103.679946, 40.1935359 ], [ -103.6799101, 40.1917003 ], [ -103.6798621, 40.1896678 ], [ -103.6798621, 40.1883677000001 ], [ -103.6798621, 40.186307600000099 ], [ -103.6798621, 40.184764900000097 ], [ -103.6798681, 40.183272400000099 ], [ -103.6812164, 40.181111400000098 ], [ -103.6825348, 40.1788772 ], [ -103.6834876, 40.1772152 ], [ -103.6844472, 40.1755641 ], [ -103.6859601, 40.1729918 ], [ -103.6871765, 40.1708907 ], [ -103.6880079, 40.169469 ], [ -103.6894118, 40.167089200000099 ], [ -103.6909315, 40.164490500000099 ], [ -103.6922502, 40.162303200000103 ], [ -103.6935177, 40.160144500000101 ], [ -103.6946353, 40.158199200000098 ], [ -103.6958654, 40.156016900000097 ], [ -103.6971284, 40.1539173 ], [ -103.6983664, 40.1518265 ], [ -103.6994557, 40.149961200000099 ], [ -103.7008084, 40.1475729 ], [ -103.7019158, 40.145731400000102 ], [ -103.7031016, 40.143705 ], [ -103.7043828, 40.141524800000099 ], [ -103.7058275, 40.1390398 ], [ -103.7071973, 40.1366927 ], [ -103.7085194, 40.134455000000102 ], [ -103.709639, 40.132485 ], [ -103.7110939, 40.130038800000101 ], [ -103.712239, 40.1280503 ], [ -103.7132107, 40.126396600000099 ], [ -103.7145617, 40.124065900000097 ], [ -103.7156731, 40.1221932 ], [ -103.7168177, 40.120345900000103 ], [ -103.7179092, 40.1184833 ], [ -103.7190538, 40.1165137 ], [ -103.7201919, 40.1145238 ], [ -103.7214097, 40.112493 ], [ -103.7225278, 40.110569100000099 ], [ -103.7237257, 40.108548400000103 ], [ -103.7249369, 40.1064666 ], [ -103.7261947, 40.1043236 ], [ -103.7272529, 40.1024809 ], [ -103.728504, 40.1003378 ], [ -103.7297818, 40.0981794 ], [ -103.7308732, 40.096300900000102 ], [ -103.7321776, 40.0940863000001 ], [ -103.7333489, 40.0920447 ], [ -103.7344736, 40.0901762 ], [ -103.7357314, 40.0879462 ], [ -103.735721, 40.085220800000101 ], [ -103.735663295, 40.073933322000101 ], [ -103.73588394, 40.073910693000101 ] ] ] } },
{ "type": "Feature", "properties": { "objectid": "70356", "id": "202117", "type": "AC; OVERHEAD", "status": "NOT AVAILABLE", "naics_code": "221121", "naics_desc": "ELECTRIC BULK POWER TRANSMISSION AND CONTROL", "source": "Regional Map", "sourcedate": "2014-07-08T20:00:00-06:00", "val_method": "IMAGERY/OTHER", "val_date": "2014-07-08T20:00:00-06:00", "owner": "PUBLIC SERVICE CO OF COLORADO", "voltage": 230.0, "volt_class": "220-287", "inferred": "N", "sub_1": "WASHINGTON", "sub_2": "UNKNOWN203852", "shape_lengt": 8560.4762800289009, "globalid": "eb5879c3-f5cb-42c4-90ae-da88a87a6001", "STATEFP": "08", "STATENS": "01779779", "AFFGEOID": "0400000US08", "GEOID": "08", "STUSPS": "CO", "NAME": "Colorado", "LSAD": "00", "ALAND": 268422891711, "AWATER": 1181621593 }, "geometry": { "type": "MultiLineString", "coordinates": [ [ [ -104.981066262, 39.956257150000098 ], [ -104.980689096, 39.956106283 ], [ -104.979951933, 39.956159258000099 ], [ -104.978122847, 39.956166321000097 ], [ -104.978136669, 39.9553858250001 ], [ -104.97806756, 39.9482585270001 ], [ -104.978044523, 39.94632647 ], [ -104.977970807, 39.942423338 ], [ -104.978302531, 39.940084884 ], [ -104.978256458, 39.9368208060001 ], [ -104.97816892, 39.930482962 ], [ -104.978113632, 39.926098414000101 ], [ -104.977726622, 39.92430353 ], [ -104.9777128, 39.920766623000098 ], [ -104.977698978, 39.9161694310001 ], [ -104.977574582, 39.906899902000099 ], [ -104.977523902, 39.903302012 ], [ -104.977482437, 39.90062291 ], [ -104.978316352, 39.900803169 ], [ -104.978735614, 39.90065472 ], [ -104.978778262, 39.900591174 ] ] ] } },
{ "type": "Feature", "properties": { "objectid": "69908", "id": "201665", "type": "AC; OVERHEAD", "status": "NOT AVAILABLE", "naics_code": "221121", "naics_desc": "ELECTRIC BULK POWER TRANSMISSION AND CONTROL", "source": "Regional Map", "sourcedate": "2014-07-14T20:00:00-06:00", "val_method": "IMAGERY/OTHER", "val_date": "2014-07-14T20:00:00-06:00", "owner": "PUBLIC SERVICE CO OF COLORADO", "voltage": 230.0, "volt_class": "220-287", "inferred": "N", "sub_1": "MALTA", "sub_2": "ALMA", "shape_lengt": 39378.383716456003, "globalid": "89157a81-e586-45d2-aebf-dc1c4fc59e83", "STATEFP": "08", "STATENS": "01779779", "AFFGEOID": "0400000US08", "GEOID": "08", "STUSPS": "CO", "NAME": "Colorado", "LSAD": "00", "ALAND": 268422891711, "AWATER": 1181621593 }, "geometry": { "type": "MultiLineString", "coordinates": [ [ [ -106.325353132, 39.18861923 ], [ -106.3246953, 39.188054400000098 ], [ -106.322060191, 39.188849114000099 ], [ -106.316327357, 39.190601004 ], [ -106.313810329, 39.191336011 ], [ -106.310808433, 39.194137809 ], [ -106.30393949, 39.198571459 ], [ -106.297284457, 39.200413358 ], [ -106.291996083, 39.20545531 ], [ -106.289827256, 39.208194849000101 ], [ -106.28581641, 39.212821896 ], [ -106.28563815, 39.218806677 ], [ -106.281805565, 39.221200447000101 ], [ -106.249362282, 39.225067134 ], [ -106.228773275, 39.229831151 ], [ -106.203074155, 39.230291425000097 ], [ -106.187565553, 39.223087785000097 ], [ -106.178028654, 39.229693068000103 ], [ -106.179425022, 39.239519289 ], [ -106.165728728, 39.257281237 ], [ -106.16397584, 39.265608476000097 ], [ -106.154112131, 39.271818757000098 ], [ -106.139138308, 39.277683516 ], [ -106.123897096, 39.276993570000101 ], [ -106.104199388, 39.267103594 ], [ -106.091364683, 39.271082752 ], [ -106.0854524, 39.271519755 ], [ -106.071577845, 39.267701632000097 ], [ -106.065992372, 39.267448616 ], [ -106.050347104, 39.267262764000101 ], [ -106.048728505, 39.267378692000101 ], [ -106.047840771, 39.267729233000097 ], [ -106.047705534, 39.267710934 ] ] ] } },
{ "type": "Feature", "properties": { "objectid": "70173", "id": "201932", "type": "AC; OVERHEAD", "status": "NOT AVAILABLE", "naics_code": "221121", "naics_desc": "ELECTRIC BULK POWER TRANSMISSION AND CONTROL", "source": "IMAGERY", "sourcedate": "2014-07-13T20:00:00-06:00", "val_method": "IMAGERY", "val_date": "2014-07-13T20:00:00-06:00", "owner": "WAPA-- WESTERN AREA POWER ADMINISTRATION", "voltage": 230.0, "volt_class": "220-287", "inferred": "Y", "sub_1": "UNKNOWN204006", "sub_2": "CEDAR POINT", "shape_lengt": 11681.092117640599, "globalid": "24ba45ac-1ac5-4f52-9613-dda7ec5aa6ca", "STATEFP": "08", "STATENS": "01779779", "AFFGEOID": "0400000US08", "GEOID": "08", "STUSPS": "CO", "NAME": "Colorado", "LSAD": "00", "ALAND": 268422891711, "AWATER": 1181621593 }, "geometry": { "type": "MultiLineString", "coordinates": [ [ [ -103.679457179, 39.44866534 ], [ -103.679881438, 39.448395543 ], [ -103.679870742, 39.448169793 ], [ -103.691233615, 39.448089381000102 ], [ -103.712125664, 39.447841607 ], [ -103.714870864, 39.447832430000098 ], [ -103.714989704, 39.439242364000101 ], [ -103.71527492, 39.426391998 ], [ -103.715381876, 39.417826831000099 ], [ -103.722262705, 39.412520121 ], [ -103.732827568, 39.40402671 ], [ -103.733243508, 39.401253503000099 ], [ -103.734895382, 39.401198405000102 ] ] ] } },
{ "type": "Feature", "properties": { "objectid": "73537", "id": "205203", "type": "AC; OVERHEAD", "status": "NOT AVAILABLE", "naics_code": "221121", "naics_desc": "ELECTRIC BULK POWER TRANSMISSION AND CONTROL", "source": "Regional Map", "sourcedate": "2015-08-12T20:00:00-06:00", "val_method": "IMAGERY/OTHER", "val_date": "2015-08-12T20:00:00-06:00", "owner": "PLATTE RIVER POWER AUTHORITY", "voltage": 230.0, "volt_class": "220-287", "inferred": "N", "sub_1": "TIMBERLINE", "sub_2": "TAP205898", "shape_lengt": 12141.6154038272, "globalid": "6f3c07fa-a540-4984-99d7-e015c470485c", "STATEFP": "08", "STATENS": "01779779", "AFFGEOID": "0400000US08", "GEOID": "08", "STUSPS": "CO", "NAME": "Colorado", "LSAD": "00", "ALAND": 268422891711, "AWATER": 1181621593 }, "geometry": { "type": "MultiLineString", "coordinates": [ [ [ -105.041177155, 40.564599097 ], [ -105.04133154, 40.56530174 ], [ -105.04123027, 40.566386326 ], [ -105.041185471, 40.5673097150001 ], [ -105.042869915, 40.5712433 ], [ -105.043589842, 40.572305235 ], [ -105.044688177, 40.573137236 ], [ -105.04607061, 40.573674739000097 ], [ -105.047579774, 40.574103204 ], [ -105.049466809, 40.576292614000103 ], [ -105.050662724, 40.577391229000099 ], [ -105.052241419, 40.578214020000097 ], [ -105.05373963, 40.5787049300001 ], [ -105.055144653, 40.57912093 ], [ -105.057615397, 40.579588957000098 ], [ -105.059575857, 40.581017471000102 ], [ -105.059866002, 40.582226107 ], [ -105.057664172, 40.5863119300001 ], [ -105.057125617, 40.588429697 ], [ -105.057909396, 40.589185578000098 ], [ -105.057849557, 40.594512476 ], [ -105.068536498, 40.59435919 ], [ -105.06883954, 40.596113419000098 ], [ -105.067479226, 40.596864075 ], [ -105.067279468, 40.601885647000103 ], [ -105.066865291, 40.603157076000102 ], [ -105.067764379, 40.6041955580001 ], [ -105.076812772, 40.604287588 ], [ -105.080707018, 40.604304421 ], [ -105.082114626, 40.604247254 ], [ -105.10122842, 40.600450119000101 ], [ -105.101761928, 40.600330004000099 ], [ -105.101955645, 40.600396766000102 ] ] ] } },
{ "type": "Feature", "properties": { "objectid": "74399", "id": "206678", "type": "AC; OVERHEAD", "status": "NOT AVAILABLE", "naics_code": "221121", "naics_desc": "ELECTRIC BULK POWER TRANSMISSION AND CONTROL", "source": "Regional Map", "sourcedate": "2016-01-06T18:00:00-07:00", "val_method": "IMAGERY", "val_date": "2016-01-06T18:00:00-07:00", "owner": "TRI-STATE G & T ASSN, INC", "voltage": 230.0, "volt_class": "220-287", "inferred": "N", "sub_1": "NOT AVAILABLE", "sub_2": "CRAIG", "shape_lengt": 1388.1961869224001, "globalid": "55543c80-2fce-4932-9ced-e3c2bf148c07", "STATEFP": "08", "STATENS": "01779779", "AFFGEOID": "0400000US08", "GEOID": "08", "STUSPS": "CO", "NAME": "Colorado", "LSAD": "00", "ALAND": 268422891711, "AWATER": 1181621593 }, "geometry": { "type": "MultiLineString", "coordinates": [ [ [ -107.5909569, 40.463495784 ], [ -107.5902535, 40.4648823 ], [ -107.5903039, 40.4661775000001 ], [ -107.5903616, 40.4677584 ], [ -107.5903987, 40.4693519 ], [ -107.5904482, 40.470923400000103 ], [ -107.5904875, 40.4717548 ], [ -107.591734929, 40.472360787000099 ] ] ] } },
{ "type": "Feature", "properties": { "objectid": "79600", "id": "212293", "type": "AC; OVERHEAD", "status": "NOT AVAILABLE", "naics_code": "221121", "naics_desc": "ELECTRIC BULK POWER TRANSMISSION AND CONTROL", "source": "http://www.oasis.oati.com", "sourcedate": "2015-08-12T20:00:00-06:00", "val_method": "IMAGERY/OTHER", "val_date": "2015-08-12T20:00:00-06:00", "owner": "NORTHERN WASCO COUNTY PUD", "voltage": 230.0, "volt_class": "220-287", "inferred": "N", "sub_1": "TAP209761", "sub_2": "UNKNOWN202845", "shape_lengt": 11290.4792898179, "globalid": "bfa6d618-ea8a-4836-9df3-e3b089e45356", "STATEFP": "08", "STATENS": "01779779", "AFFGEOID": "0400000US08", "GEOID": "08", "STUSPS": "CO", "NAME": "Colorado", "LSAD": "00", "ALAND": 268422891711, "AWATER": 1181621593 }, "geometry": { "type": "MultiLineString", "coordinates": [ [ [ -104.664547307, 38.781333983 ], [ -104.664480528, 38.783534037 ], [ -104.664455811, 38.786621368000098 ], [ -104.664417782, 38.789504112 ], [ -104.66438926, 38.791975444000101 ], [ -104.664355984, 38.794405967 ], [ -104.664327467, 38.796328591000098 ], [ -104.664346475, 38.799324912 ], [ -104.664503406, 38.801856161000103 ], [ -104.664251364, 38.804843163 ], [ -104.664118285, 38.807661695 ], [ -104.66401848, 38.810057841000102 ], [ -104.664008975, 38.812316894000098 ], [ -104.664004221, 38.814791051 ], [ -104.664013728, 38.81766894 ], [ -104.663999468, 38.820961523000101 ], [ -104.663999468, 38.824053941 ], [ -104.663985207, 38.826916616000098 ], [ -104.663985207, 38.829390273000101 ], [ -104.66398996, 38.83175291 ], [ -104.663970946, 38.834337560000101 ], [ -104.6639757, 38.836677674 ], [ -104.663970946, 38.839484345000102 ], [ -104.663966192, 38.842127969 ], [ -104.663956685, 38.845363849000101 ], [ -104.663951932, 38.848121975 ], [ -104.663951932, 38.850587547 ], [ -104.663951932, 38.853250261 ], [ -104.66565412, 38.8542673970001 ], [ -104.668278151, 38.855881406 ], [ -104.670283996, 38.857088234000102 ], [ -104.670905422, 38.857776981 ] ] ] } },
{ "type": "Feature", "properties": { "objectid": "70205", "id": "201965", "type": "AC; OVERHEAD", "status": "NOT AVAILABLE", "naics_code": "221121", "naics_desc": "ELECTRIC BULK POWER TRANSMISSION AND CONTROL", "source": "Regional Map", "sourcedate": "2014-07-09T20:00:00-06:00", "val_method": "IMAGERY/OTHER", "val_date": "2014-07-09T20:00:00-06:00", "owner": "PUBLIC SERVICE CO OF COLORADO", "voltage": 230.0, "volt_class": "220-287", "inferred": "N", "sub_1": "TAP206216", "sub_2": "TAP206215", "shape_lengt": 8775.5955346147002, "globalid": "f7cf8d41-0028-4b7f-9dc3-e753ec42f225", "STATEFP": "08", "STATENS": "01779779", "AFFGEOID": "0400000US08", "GEOID": "08", "STUSPS": "CO", "NAME": "Colorado", "LSAD": "00", "ALAND": 268422891711, "AWATER": 1181621593 }, "geometry": { "type": "MultiLineString", "coordinates": [ [ [ -103.73588394, 40.073910693000101 ], [ -103.752441996, 40.073769812000101 ], [ -103.768760796, 40.073707513000102 ], [ -103.782678596, 40.073634813000098 ], [ -103.793770292, 40.073551837 ], [ -103.814713096, 40.073374713000099 ] ] ] } },
{ "type": "Feature", "properties": { "objectid": "73030", "id": "204991", "type": "AC; OVERHEAD", "status": "NOT AVAILABLE", "naics_code": "221121", "naics_desc": "ELECTRIC BULK POWER TRANSMISSION AND CONTROL", "source": "IMAGERY", "sourcedate": "2019-02-18T18:00:00-07:00", "val_method": "IMAGERY", "val_date": "2019-02-18T18:00:00-07:00", "owner": "BLACK HILLS/COLORADO ELEC.UTIL", "voltage": 230.0, "volt_class": "220-287", "inferred": "N", "sub_1": "UNKNOWN202180", "sub_2": "MIDWAY", "shape_lengt": 618.49915041190002, "globalid": "51c8f9d1-abfa-415b-975f-ea0ebbe2066a", "STATEFP": "08", "STATENS": "01779779", "AFFGEOID": "0400000US08", "GEOID": "08", "STUSPS": "CO", "NAME": "Colorado", "LSAD": "00", "ALAND": 268422891711, "AWATER": 1181621593 }, "geometry": { "type": "MultiLineString", "coordinates": [ [ [ -104.687316789, 38.55773149 ], [ -104.689182046, 38.560355636 ], [ -104.690542407, 38.561174435000098 ] ] ] } },
{ "type": "Feature", "properties": { "objectid": "73386", "id": "204908", "type": "AC; OVERHEAD", "status": "NOT AVAILABLE", "naics_code": "221121", "naics_desc": "ELECTRIC BULK POWER TRANSMISSION AND CONTROL", "source": "http://www.oasis.oati.com", "sourcedate": "2014-07-07T20:00:00-06:00", "val_method": "IMAGERY/OTHER", "val_date": "2014-07-07T20:00:00-06:00", "owner": "CITY OF COLORADO SPRINGS - (CO)", "voltage": 230.0, "volt_class": "220-287", "inferred": "N", "sub_1": "FULLER", "sub_2": "COTTONWOOD", "shape_lengt": 17914.103083421702, "globalid": "a4f2f4ad-8b0f-49f4-af73-ec463647465b", "STATEFP": "08", "STATENS": "01779779", "AFFGEOID": "0400000US08", "GEOID": "08", "STUSPS": "CO", "NAME": "Colorado", "LSAD": "00", "ALAND": 268422891711, "AWATER": 1181621593 }, "geometry": { "type": "MultiLineString", "coordinates": [ [ [ -104.629926165, 38.936717662 ], [ -104.630124489, 38.937048259 ], [ -104.631467528, 38.937461085 ], [ -104.6405053, 38.937530413 ], [ -104.652941892, 38.937590498000098 ], [ -104.66319183, 38.937562766 ], [ -104.6756819, 38.937539657 ], [ -104.686989512, 38.937498060000102 ], [ -104.686817195, 38.939642578000097 ], [ -104.686757775, 38.941643761000101 ], [ -104.694205228, 38.941641842 ], [ -104.697917428, 38.941641842 ], [ -104.700245528, 38.941574942000102 ], [ -104.70316956, 38.941428086 ], [ -104.706467366, 38.941358762 ], [ -104.709686828, 38.941257842 ], [ -104.712690828, 38.941149342000102 ], [ -104.727502023, 38.940559216000104 ], [ -104.741527559, 38.940495064000103 ], [ -104.756000847, 38.940519637000101 ], [ -104.781236954, 38.940528573 ], [ -104.781212382, 38.941895705 ], [ -104.781670326, 38.9418934710001 ], [ -104.782969247, 38.941440252000099 ] ] ] } },
{ "type": "Feature", "properties": { "objectid": "70409", "id": "202170", "type": "AC; OVERHEAD", "status": "NOT AVAILABLE", "naics_code": "221121", "naics_desc": "ELECTRIC BULK POWER TRANSMISSION AND CONTROL", "source": "IMAGERY", "sourcedate": "2014-07-08T20:00:00-06:00", "val_method": "IMAGERY", "val_date": "2014-07-08T20:00:00-06:00", "owner": "PUBLIC SERVICE CO OF COLORADO", "voltage": 230.0, "volt_class": "220-287", "inferred": "Y", "sub_1": "PICADILLY", "sub_2": "TOWER", "shape_lengt": 6367.4388506365003, "globalid": "d3d72c0e-0349-4c4d-83fd-ed991f9f44b1", "STATEFP": "08", "STATENS": "01779779", "AFFGEOID": "0400000US08", "GEOID": "08", "STUSPS": "CO", "NAME": "Colorado", "LSAD": "00", "ALAND": 268422891711, "AWATER": 1181621593 }, "geometry": { "type": "MultiLineString", "coordinates": [ [ [ -104.732199975, 39.751566739000097 ], [ -104.732458987, 39.751334529000097 ], [ -104.732325954, 39.750986524 ], [ -104.734447973, 39.751186254000103 ], [ -104.734382618, 39.753931401 ], [ -104.735074347, 39.755068153 ], [ -104.734894379, 39.765765058 ], [ -104.736774272, 39.766468032 ], [ -104.73885723, 39.769090446000099 ], [ -104.748757561, 39.769073903 ], [ -104.757328586, 39.769090345 ], [ -104.766829647, 39.769034556000101 ], [ -104.766911556, 39.768541632000101 ], [ -104.766690507, 39.768318308000097 ] ] ] } },
{ "type": "Feature", "properties": { "objectid": "74706", "id": "207002", "type": "AC; OVERHEAD", "status": "NOT AVAILABLE", "naics_code": "221121", "naics_desc": "ELECTRIC BULK POWER TRANSMISSION AND CONTROL", "source": "IMAGERY", "sourcedate": "2015-12-17T18:00:00-07:00", "val_method": "IMAGERY", "val_date": "2015-12-17T18:00:00-07:00", "owner": "PUBLIC SERVICE CO OF COLORADO", "voltage": 230.0, "volt_class": "220-287", "inferred": "Y", "sub_1": "NOT AVAILABLE", "sub_2": "UNKNOWN201412", "shape_lengt": 88.071520944200003, "globalid": "384d4bec-f19d-474f-8376-ee3619c3ef39", "STATEFP": "08", "STATENS": "01779779", "AFFGEOID": "0400000US08", "GEOID": "08", "STUSPS": "CO", "NAME": "Colorado", "LSAD": "00", "ALAND": 268422891711, "AWATER": 1181621593 }, "geometry": { "type": "MultiLineString", "coordinates": [ [ [ -104.680465542, 39.74385025 ], [ -104.6805747, 39.743519505000101 ], [ -104.680585407, 39.743367219 ], [ -104.680725479, 39.743328074 ] ] ] } },
{ "type": "Feature", "properties": { "objectid": "70109", "id": "201868", "type": "AC; OVERHEAD", "status": "NOT AVAILABLE", "naics_code": "221121", "naics_desc": "ELECTRIC BULK POWER TRANSMISSION AND CONTROL", "source": "Regional Map", "sourcedate": "2014-07-08T20:00:00-06:00", "val_method": "IMAGERY/OTHER", "val_date": "2014-07-08T20:00:00-06:00", "owner": "PUBLIC SERVICE CO OF COLORADO", "voltage": 230.0, "volt_class": "220-287", "inferred": "N", "sub_1": "PLAINS END", "sub_2": "LEGGETT", "shape_lengt": 29029.482193825799, "globalid": "098bccec-5284-4af8-9218-f18c3585f82f", "STATEFP": "08", "STATENS": "01779779", "AFFGEOID": "0400000US08", "GEOID": "08", "STUSPS": "CO", "NAME": "Colorado", "LSAD": "00", "ALAND": 268422891711, "AWATER": 1181621593 }, "geometry": { "type": "MultiLineString", "coordinates": [ [ [ -105.22286308, 39.857918535000103 ], [ -105.221949187, 39.85823378 ], [ -105.22192542, 39.858803937000097 ], [ -105.221336185, 39.859595125 ], [ -105.218837565, 39.859162227000098 ], [ -105.215660393, 39.858792353000098 ], [ -105.213796984, 39.858383666000101 ], [ -105.206048625, 39.857449514 ], [ -105.203524935, 39.856308773000102 ], [ -105.203610116, 39.863048 ], [ -105.203599115, 39.8658397 ], [ -105.203653115, 39.8708422 ], [ -105.203642116, 39.872727800000099 ], [ -105.201845116, 39.873407100000101 ], [ -105.198525115, 39.874654500000098 ], [ -105.196207116, 39.8755232 ], [ -105.193863116, 39.8764042 ], [ -105.190521115, 39.877672200000099 ], [ -105.188316116, 39.8784996 ], [ -105.185752115, 39.8794753 ], [ -105.182952115, 39.8805415 ], [ -105.182909116, 39.8838058 ], [ -105.182866115, 39.887465200000101 ], [ -105.182850115, 39.888247200000102 ], [ -105.182807115, 39.8894615 ], [ -105.182791116, 39.891079100000098 ], [ -105.182780116, 39.892532000000102 ], [ -105.182716115, 39.8945199 ], [ -105.182657116, 39.898047 ], [ -105.182791116, 39.898903 ], [ -105.184561116, 39.899973 ], [ -105.184470115, 39.9046315 ], [ -105.184406116, 39.907808300000099 ], [ -105.184416115, 39.9124251000001 ], [ -105.184438116, 39.915239400000097 ], [ -105.184459115, 39.9179961 ], [ -105.184502115, 39.9220691 ], [ -105.184534115, 39.9248831 ], [ -105.184631115, 39.9279931 ], [ -105.184609115, 39.929762 ], [ -105.184577115, 39.932189000000101 ], [ -105.184599115, 39.9345994 ], [ -105.184556116, 39.937125 ], [ -105.184556116, 39.939420100000099 ], [ -105.182367115, 39.9394530000001 ], [ -105.182410115, 39.940489500000098 ], [ -105.182367115, 39.9442979 ], [ -105.182249115, 39.948912300000103 ], [ -105.182271115, 39.950713500000099 ], [ -105.182217115, 39.9523667 ], [ -105.182228115, 39.958871900000098 ], [ -105.182217115, 39.9599492 ], [ -105.182217115, 39.961807700000101 ], [ -105.182174115, 39.965245 ], [ -105.180093115, 39.9664497 ], [ -105.177426115, 39.967975000000102 ], [ -105.175474116, 39.969150800000101 ], [ -105.173130116, 39.970523900000103 ], [ -105.174541116, 39.9716792 ], [ -105.176112115, 39.972904200000102 ], [ -105.179165115, 39.9753544000001 ], [ -105.180661116, 39.976538300000101 ], [ -105.181986115, 39.9776482 ], [ -105.182839115, 39.9792842 ], [ -105.183789115, 39.981109300000099 ], [ -105.184663116, 39.982807 ], [ -105.185387116, 39.9842538 ], [ -105.186358115, 39.986391200000099 ], [ -105.186653115, 39.986904900000098 ], [ -105.187839116, 39.9891244 ], [ -105.188531115, 39.9905588 ], [ -105.189459115, 39.9924041 ], [ -105.190441116, 39.994348000000102 ], [ -105.191390116, 39.996226200000102 ], [ -105.192307115, 39.998022 ], [ -105.193289115, 39.9999863 ], [ -105.194228115, 40.0017986 ], [ -105.195097115, 40.0035326 ], [ -105.196266115, 40.0058625 ], [ -105.196728115, 40.0067706 ], [ -105.197463115, 40.008237500000099 ], [ -105.198648115, 40.0106247 ], [ -105.199566115, 40.012416100000102 ], [ -105.200376115, 40.014018400000097 ], [ -105.201223115, 40.015686500000101 ], [ -105.202486115, 40.0163668000001 ], [ -105.204197115, 40.0165887 ], [ -105.204091903, 40.017115382 ] ] ] } },
{ "type": "Feature", "properties": { "objectid": "74638", "id": "206928", "type": "AC; OVERHEAD", "status": "NOT AVAILABLE", "naics_code": "221121", "naics_desc": "ELECTRIC BULK POWER TRANSMISSION AND CONTROL", "source": "IMAGERY", "sourcedate": "2016-01-10T18:00:00-07:00", "val_method": "IMAGERY", "val_date": "2016-01-10T18:00:00-07:00", "owner": "PUBLIC SERVICE CO OF COLORADO", "voltage": 230.0, "volt_class": "220-287", "inferred": "Y", "sub_1": "NOT AVAILABLE", "sub_2": "UNKNOWN202180", "shape_lengt": 228.42662239960001, "globalid": "7faccbdd-4c58-4f64-a382-50dacc420259", "STATEFP": "08", "STATENS": "01779779", "AFFGEOID": "0400000US08", "GEOID": "08", "STUSPS": "CO", "NAME": "Colorado", "LSAD": "00", "ALAND": 268422891711, "AWATER": 1181621593 }, "geometry": { "type": "MultiLineString", "coordinates": [ [ [ -104.687275698, 38.5570539 ], [ -104.687898819, 38.557062823000102 ], [ -104.687889896, 38.557458408 ], [ -104.687770923, 38.557467331 ], [ -104.687762, 38.557746918000099 ], [ -104.687316789, 38.55773149 ] ] ] } },
{ "type": "Feature", "properties": { "objectid": "70073", "id": "201832", "type": "AC; OVERHEAD", "status": "NOT AVAILABLE", "naics_code": "221121", "naics_desc": "ELECTRIC BULK POWER TRANSMISSION AND CONTROL", "source": "Regional Map", "sourcedate": "2014-07-08T20:00:00-06:00", "val_method": "IMAGERY/OTHER", "val_date": "2014-07-08T20:00:00-06:00", "owner": "TRI-STATE G & T ASSN, INC", "voltage": 230.0, "volt_class": "220-287", "inferred": "N", "sub_1": "MIDWAY", "sub_2": "LINCOLN", "shape_lengt": 145608.47889799299, "globalid": "1dfea7b8-0102-4268-9706-5888f9d6df1c", "STATEFP": "08", "STATENS": "01779779", "AFFGEOID": "0400000US08", "GEOID": "08", "STUSPS": "CO", "NAME": "Colorado", "LSAD": "00", "ALAND": 268422891711, "AWATER": 1181621593 }, "geometry": { "type": "MultiLineString", "coordinates": [ [ [ -104.690542407, 38.561174435000098 ], [ -104.69090969, 38.561314188 ], [ -104.6906542, 38.562173900000097 ], [ -104.6895288, 38.563688200000101 ], [ -104.6882366, 38.5654431 ], [ -104.687193, 38.566933300000102 ], [ -104.686021, 38.568514300000103 ], [ -104.6849069, 38.5701928 ], [ -104.6836241, 38.5719276 ], [ -104.6825229, 38.573477200000099 ], [ -104.6806067, 38.5742519 ], [ -104.6788229, 38.575035500000098 ], [ -104.6767362, 38.575915800000097 ], [ -104.6743373, 38.576934000000101 ], [ -104.6721219, 38.577890400000101 ], [ -104.669965, 38.578809400000097 ], [ -104.6675796, 38.579823 ], [ -104.6647244, 38.5810308000001 ], [ -104.6625338, 38.581955100000101 ], [ -104.6600056, 38.583011 ], [ -104.6576198, 38.5840636 ], [ -104.6553702, 38.58502 ], [ -104.6528508, 38.5860947 ], [ -104.6504685, 38.5871243 ], [ -104.6479401, 38.588179200000098 ], [ -104.6458314, 38.5890826 ], [ -104.6435999, 38.5900508 ], [ -104.6412805, 38.591013700000097 ], [ -104.6393604, 38.5918314 ], [ -104.6369835, 38.5928449 ], [ -104.6345834, 38.593876000000101 ], [ -104.6320183, 38.594996400000099 ], [ -104.629876, 38.5958725 ], [ -104.6280464, 38.596724800000104 ], [ -104.6270316, 38.5970938 ], [ -104.6251388, 38.5978916 ], [ -104.6231764, 38.5987355 ], [ -104.620999, 38.599656300000099 ], [ -104.6190412, 38.6004967000001 ], [ -104.6166577, 38.6015261000001 ], [ -104.6143055, 38.6025064 ], [ -104.6116174, 38.6037039 ], [ -104.6090054, 38.6047822 ], [ -104.6069758, 38.6056505 ], [ -104.6053137, 38.606305200000101 ], [ -104.603311, 38.6076987 ], [ -104.6013998, 38.608972 ], [ -104.5994957, 38.610263900000099 ], [ -104.5975499, 38.6115536 ], [ -104.5953052, 38.613062 ], [ -104.5931102, 38.614566 ], [ -104.5909041, 38.616044 ], [ -104.5885326, 38.6176557000001 ], [ -104.5865085, 38.619017400000097 ], [ -104.5845065, 38.620366100000098 ], [ -104.582499, 38.6216933 ], [ -104.5806128, 38.622968700000101 ], [ -104.5784784, 38.6243906 ], [ -104.5765351, 38.6257078 ], [ -104.5745033, 38.6270728000001 ], [ -104.5724988, 38.6284194 ], [ -104.5705138, 38.6297507 ], [ -104.5684235, 38.631143000000101 ], [ -104.566341, 38.632544300000099 ], [ -104.5642663, 38.633927400000097 ], [ -104.5622111, 38.635322600000102 ], [ -104.5611698, 38.636008 ], [ -104.5601598, 38.636690400000099 ], [ -104.5581397, 38.638049000000102 ], [ -104.5561702, 38.6393588 ], [ -104.554115, 38.6407174 ], [ -104.5522236, 38.6420150000001 ], [ -104.550184, 38.6433735 ], [ -104.5484096, 38.644564500000101 ], [ -104.5464129, 38.6459046 ], [ -104.5443694, 38.6472844 ], [ -104.5423025, 38.6486702 ], [ -104.5402589, 38.6500377 ], [ -104.5376734, 38.6517768000001 ], [ -104.535895, 38.652967600000103 ], [ -104.5339022, 38.6543015 ], [ -104.5312776, 38.656077 ], [ -104.5292419, 38.657423100000102 ], [ -104.527838, 38.6583732 ], [ -104.5264029, 38.659341600000097 ], [ -104.5245465, 38.660578 ], [ -104.5226317, 38.661847900000097 ], [ -104.5205765, 38.6632334 ], [ -104.5185954, 38.664558 ], [ -104.5160917, 38.666238900000103 ], [ -104.513978, 38.6676639 ], [ -104.5118799, 38.6690859 ], [ -104.5096804, 38.6705504 ], [ -104.5076291, 38.671938800000099 ], [ -104.5053165, 38.6734916 ], [ -104.5034056, 38.6747704 ], [ -104.5015883, 38.675985200000099 ], [ -104.499576, 38.6773339000001 ], [ -104.4978171, 38.678503 ], [ -104.4959257, 38.6797756 ], [ -104.493344, 38.681501700000098 ], [ -104.4914604, 38.6827529 ], [ -104.489257, 38.6842294 ], [ -104.4870653, 38.6857088 ], [ -104.4849477, 38.687124400000101 ], [ -104.4832786, 38.688235500000097 ], [ -104.481005, 38.6897635 ], [ -104.4788055, 38.6912399 ], [ -104.4776511, 38.692000800000102 ], [ -104.4763759, 38.692847 ], [ -104.474309, 38.694263900000102 ], [ -104.4720794, 38.6957432 ], [ -104.470987, 38.6964745000001 ], [ -104.4699264, 38.6971777 ], [ -104.4678212, 38.6985842 ], [ -104.4653094, 38.700261400000102 ], [ -104.4636348, 38.7013909 ], [ -104.4620439, 38.702455100000101 ], [ -104.459883, 38.7038988 ], [ -104.4580648, 38.7051092 ], [ -104.4563065, 38.7062853 ], [ -104.4543848, 38.7075671 ], [ -104.4525627, 38.708789900000099 ], [ -104.4504575, 38.710193000000103 ], [ -104.4482208, 38.7116895 ], [ -104.4460279, 38.713148600000103 ], [ -104.4439905, 38.714514300000097 ], [ -104.4419172, 38.7158987 ], [ -104.4400473, 38.717146200000101 ], [ -104.4378105, 38.718655 ], [ -104.4353066, 38.7203161 ], [ -104.4337158, 38.7213769 ], [ -104.4313036, 38.723013100000102 ], [ -104.4291067, 38.7244813 ], [ -104.4268381, 38.726002300000097 ], [ -104.4246651, 38.727445600000102 ], [ -104.4224842, 38.7288919000001 ], [ -104.4205345, 38.7302387 ], [ -104.4193424, 38.730220100000103 ], [ -104.4167787, 38.7302107 ], [ -104.4144383, 38.730220100000103 ], [ -104.4125404, 38.730216900000102 ], [ -104.4100645, 38.730223200000097 ], [ -104.4073094, 38.7302294 ], [ -104.4051404, 38.7302356000001 ], [ -104.4030871, 38.7302294 ], [ -104.4007945, 38.7302356000001 ], [ -104.3980036, 38.7302418 ], [ -104.3952126, 38.7302418 ], [ -104.3931633, 38.7302387 ], [ -104.3914369, 38.730244900000102 ], [ -104.3887974, 38.730254300000098 ], [ -104.3859865, 38.730254300000098 ], [ -104.3833072, 38.730254300000098 ], [ -104.3805442, 38.7302574 ], [ -104.3776256, 38.7302636000001 ], [ -104.3761424, 38.7302636000001 ], [ -104.3749224, 38.7302729 ], [ -104.3729209, 38.7320582 ], [ -104.3709433, 38.7338342 ], [ -104.3690255, 38.735554100000101 ], [ -104.3671715, 38.737224200000099 ], [ -104.3651979, 38.738999900000103 ], [ -104.3634915, 38.7405176 ], [ -104.361789, 38.7420476 ], [ -104.3600985, 38.7435714000001 ], [ -104.3583641, 38.7451263 ], [ -104.3566775, 38.7466313 ], [ -104.3549352, 38.748207900000097 ], [ -104.3530334, 38.749915 ], [ -104.3510797, 38.7516656 ], [ -104.3494131, 38.7531643 ], [ -104.3475432, 38.7548371 ], [ -104.3455416, 38.7566311 ], [ -104.3437435, 38.7582541 ], [ -104.3420131, 38.759783700000099 ], [ -104.3401352, 38.761475 ], [ -104.3384247, 38.763010800000103 ], [ -104.336794, 38.764453300000099 ], [ -104.3349759, 38.766101 ], [ -104.3333412, 38.767546600000102 ], [ -104.331539, 38.769153700000103 ], [ -104.3298047, 38.770726700000097 ], [ -104.3279666, 38.772364900000099 ], [ -104.3261829, 38.773973900000101 ], [ -104.3244056, 38.7755565000001 ], [ -104.3226365, 38.777151800000098 ], [ -104.3208185, 38.778772500000102 ], [ -104.3192206, 38.780212 ], [ -104.3171743, 38.7820423000001 ], [ -104.3163183, 38.7828017000001 ], [ -104.3154745, 38.783561200000101 ], [ -104.3136728, 38.7851849 ], [ -104.3119648, 38.7867227 ], [ -104.3100041, 38.7884703 ], [ -104.308235, 38.790052500000101 ], [ -104.306739, 38.7913933 ], [ -104.3049414, 38.792978700000099 ], [ -104.3031723, 38.7945546 ], [ -104.3014725, 38.796082700000099 ], [ -104.2998624, 38.797540900000101 ], [ -104.2980117, 38.7991833 ], [ -104.2961652, 38.800851200000103 ], [ -104.2944001, 38.8024205 ], [ -104.2926637, 38.803996100000099 ], [ -104.2909435, 38.8055113 ], [ -104.2892763, 38.8070138 ], [ -104.2876539, 38.808471800000099 ], [ -104.2859867, 38.8099488 ], [ -104.2842828, 38.8114862 ], [ -104.2824444, 38.8131569 ], [ -104.2805857, 38.814795800000098 ], [ -104.2788695, 38.8163108 ], [ -104.2771412, 38.8178638 ], [ -104.2754006, 38.8194264 ], [ -104.2740473, 38.820623700000098 ], [ -104.2723027, 38.8221862 ], [ -104.27077, 38.8235423 ], [ -104.2691599, 38.8249968000001 ], [ -104.267562, 38.826432200000099 ], [ -104.265695, 38.828080300000103 ], [ -104.2637873, 38.8297919 ], [ -104.2621976, 38.8312177 ], [ -104.2601268, 38.8330403 ], [ -104.2585738, 38.8344279 ], [ -104.2569025, 38.8359139 ], [ -104.255325, 38.837339600000099 ], [ -104.2535355, 38.8389208 ], [ -104.251583, 38.840676600000101 ], [ -104.2497079, 38.8423625 ], [ -104.2476494, 38.844188 ], [ -104.2457824, 38.845864300000102 ], [ -104.2441927, 38.8472707 ], [ -104.2432633, 38.848086600000101 ], [ -104.2423298, 38.8489152000001 ], [ -104.2404099, 38.850629400000102 ], [ -104.2388161, 38.8521024 ], [ -104.2368513, 38.8538071 ], [ -104.235286, 38.8552101000001 ], [ -104.2337656, 38.8565624 ], [ -104.2315603, 38.8585526 ], [ -104.2299543, 38.8600254 ], [ -104.2280669, 38.861768 ], [ -104.2263424, 38.863337600000101 ], [ -104.2247831, 38.864652400000097 ], [ -104.2232773, 38.8659775 ], [ -104.2217581, 38.8673303 ], [ -104.2197622, 38.869141 ], [ -104.2181494, 38.870556200000102 ], [ -104.2160243, 38.872467400000097 ], [ -104.2143091, 38.8739796 ], [ -104.2125404, 38.875561200000099 ], [ -104.2109366, 38.8769867 ], [ -104.2093149, 38.8784226000001 ], [ -104.2076665, 38.8798861000001 ], [ -104.2059156, 38.881471100000098 ], [ -104.2040935, 38.8831218 ], [ -104.2020218, 38.884946 ], [ -104.2003779, 38.8863956000001 ], [ -104.1985157, 38.888063600000102 ], [ -104.1966712, 38.8897142000001 ], [ -104.1948001, 38.891368300000103 ], [ -104.1929868, 38.892991100000103 ], [ -104.1913473, 38.8944474 ], [ -104.1895608, 38.896039 ], [ -104.1877788, 38.897627 ], [ -104.1860947, 38.8991283 ], [ -104.1844285, 38.9006053 ], [ -104.182642, 38.9022002 ], [ -104.1808243, 38.903833200000101 ], [ -104.1790779, 38.9053725 ], [ -104.1773761, 38.9069014 ], [ -104.1764672, 38.9076884 ], [ -104.1755985, 38.9084857 ], [ -104.1738654, 38.909986800000098 ], [ -104.1720611, 38.9115884 ], [ -104.1703637, 38.9131414 ], [ -104.1685415, 38.914746400000098 ], [ -104.1664922, 38.9166079 ], [ -104.1644963, 38.9183584 ], [ -104.162692, 38.9199875 ], [ -104.1609634, 38.921557700000101 ], [ -104.1592481, 38.923062000000101 ], [ -104.1574928, 38.924628600000098 ], [ -104.1557063, 38.926202100000097 ], [ -104.1537505, 38.9279593 ], [ -104.1517992, 38.9296922 ], [ -104.1500171, 38.931265600000103 ], [ -104.1484355, 38.932707300000096 ], [ -104.1468495, 38.9341386 ], [ -104.1450853, 38.9356842 ], [ -104.1433166, 38.937260900000098 ], [ -104.1414588, 38.938907 ], [ -104.139454, 38.940691500000099 ], [ -104.1376898, 38.9422613 ], [ -104.1358008, 38.943931400000103 ], [ -104.1340811, 38.9454318 ], [ -104.1320585, 38.9472474 ], [ -104.1303165, 38.948796200000103 ], [ -104.1286102, 38.9503172 ], [ -104.1270554, 38.95171 ], [ -104.1256208, 38.953033500000103 ], [ -104.1239078, 38.953999700000097 ], [ -104.1218047, 38.955254500000102 ], [ -104.1202201, 38.9562038 ], [ -104.1181943, 38.9574259 ], [ -104.115769, 38.958863500000099 ], [ -104.1137142, 38.9600807 ], [ -104.111347, 38.9614956 ], [ -104.1090152, 38.962870500000101 ], [ -104.1067381, 38.964247800000102 ], [ -104.1056141, 38.9649115 ], [ -104.1044997, 38.965577600000103 ], [ -104.1023579, 38.9668672 ], [ -104.1002194, 38.968144300000098 ], [ -104.0976428, 38.9696393 ], [ -104.0948343, 38.971352 ], [ -104.0927859, 38.9725815 ], [ -104.091343, 38.973457800000098 ], [ -104.0889597, 38.974875 ], [ -104.0868147, 38.976129500000098 ], [ -104.0846278, 38.977449 ], [ -104.0823798, 38.978775900000102 ], [ -104.0802605, 38.980030300000102 ], [ -104.0781638, 38.981292100000097 ], [ -104.0757644, 38.982719200000098 ], [ -104.0741508, 38.9836906 ], [ -104.0724889, 38.984667000000101 ], [ -104.0707368, 38.9857009 ], [ -104.0685049, 38.9870428 ], [ -104.0666078, 38.988159300000099 ], [ -104.0645917, 38.9893584000001 ], [ -104.0621214, 38.9908329 ], [ -104.0601052, 38.992034400000101 ], [ -104.057841, 38.993396200000099 ], [ -104.0560535, 38.9944425 ], [ -104.0536058, 38.995894400000097 ], [ -104.0515638, 38.9971159 ], [ -104.0491805, 38.998522600000101 ], [ -104.0467939, 38.999951800000098 ], [ -104.0446586, 39.001220800000098 ], [ -104.0424202, 39.002542300000101 ], [ -104.0403009, 39.003808800000101 ], [ -104.0378371, 39.0052654 ], [ -104.0355954, 39.0066169 ], [ -104.0337242, 39.0077256000001 ], [ -104.0316339, 39.008987 ], [ -104.0297369, 39.0101182000001 ], [ -104.0273568, 39.0115196 ], [ -104.0247931, 39.0130412 ], [ -104.0223325, 39.014500100000099 ], [ -104.0199395, 39.015934000000101 ], [ -104.0179265, 39.017130200000103 ], [ -104.0156495, 39.0184789 ], [ -104.0133982, 39.019812600000101 ], [ -104.0110181, 39.0212539 ], [ -104.0084511, 39.0227503 ], [ -104.006435, 39.023958800000102 ], [ -104.0044156, 39.025174800000102 ], [ -104.002364, 39.026345800000101 ], [ -104.0003446, 39.0275518 ], [ -103.9981158, 39.028887800000099 ], [ -103.9959612, 39.0301563 ], [ -103.9936583, 39.0315148 ], [ -103.9911816, 39.0329859 ], [ -103.98932, 39.034099200000099 ], [ -103.9871653, 39.035380100000097 ], [ -103.9852136, 39.036533400000103 ], [ -103.9834712, 39.0375691 ], [ -103.981674, 39.038629800000102 ], [ -103.9793454, 39.040018100000097 ], [ -103.97645, 39.0417392 ], [ -103.9744725, 39.0429149 ], [ -103.9722824, 39.044200600000103 ], [ -103.9700955, 39.0455063 ], [ -103.9679827, 39.046762 ], [ -103.9658397, 39.048022300000099 ], [ -103.9634741, 39.0494255 ], [ -103.9613553, 39.050691200000102 ], [ -103.9592597, 39.051928 ], [ -103.9571084, 39.0532045 ], [ -103.9548778, 39.0545317 ], [ -103.952773, 39.0557828 ], [ -103.9509755, 39.0568532 ], [ -103.9487496, 39.058183900000103 ], [ -103.946682, 39.059402400000103 ], [ -103.9447448, 39.0605523 ], [ -103.9427099, 39.0617527 ], [ -103.9417739, 39.0623096 ], [ -103.9408798, 39.062841100000099 ], [ -103.9390823, 39.0638969 ], [ -103.9367772, 39.0652636 ], [ -103.9345234, 39.0666085 ], [ -103.9320041, 39.0680981 ], [ -103.9299645, 39.069312900000099 ], [ -103.9278969, 39.0705168 ], [ -103.9260296, 39.0716267 ], [ -103.9237897, 39.0729535 ], [ -103.9223229, 39.073824800000097 ], [ -103.9198548, 39.075285300000097 ], [ -103.9174799, 39.0766879 ], [ -103.9152074, 39.0780399000001 ], [ -103.9131724, 39.079243700000099 ], [ -103.9110723, 39.0804836 ], [ -103.910099, 39.0810547 ], [ -103.9091491, 39.0816258 ], [ -103.9067695, 39.083035600000102 ], [ -103.9042083, 39.0845537000001 ], [ -103.9022618, 39.0857068 ], [ -103.9000965, 39.0869791000001 ], [ -103.8979777, 39.0882405 ], [ -103.8960498, 39.0893790000001 ], [ -103.893917, 39.0906513 ], [ -103.8913372, 39.092165700000102 ], [ -103.8891299, 39.0934776 ], [ -103.8869413, 39.0947642 ], [ -103.8850088, 39.0959099 ], [ -103.882727, 39.097265100000101 ], [ -103.8805244, 39.098609500000101 ], [ -103.8780191, 39.100065900000097 ], [ -103.8762542, 39.1011175 ], [ -103.8742751, 39.102288300000097 ], [ -103.8717558, 39.1037735 ], [ -103.869949, 39.104835900000097 ], [ -103.8677417, 39.106144 ], [ -103.8657533, 39.107296700000099 ], [ -103.863737, 39.108507200000098 ], [ -103.8614925, 39.109836900000097 ], [ -103.8596158, 39.1109462000001 ], [ -103.8570963, 39.112425 ], [ -103.8554267, 39.113424800000097 ], [ -103.8527644, 39.114996500000103 ], [ -103.8506536, 39.116233500000099 ], [ -103.8486481, 39.1174083000001 ], [ -103.8467428, 39.1185442 ], [ -103.8447222, 39.119757800000102 ], [ -103.8424159, 39.1210959 ], [ -103.840621, 39.122173400000101 ], [ -103.8383397, 39.123507500000102 ], [ -103.8358628, 39.124966100000101 ], [ -103.8335364, 39.126343 ], [ -103.8316111, 39.1274749 ], [ -103.8295605, 39.128684500000098 ], [ -103.8274848, 39.1298902 ], [ -103.8256647, 39.130990800000099 ], [ -103.8232531, 39.1324337 ], [ -103.8207011, 39.1339194 ], [ -103.818515, 39.135202800000101 ], [ -103.8162237, 39.1365639 ], [ -103.8142734, 39.137703300000098 ], [ -103.8121475, 39.1389556 ], [ -103.8100317, 39.1402194 ], [ -103.8080562, 39.141378200000098 ], [ -103.8069181, 39.1420237 ], [ -103.8058401, 39.142680900000101 ], [ -103.8037143, 39.143968 ], [ -103.801453, 39.145294 ], [ -103.7990414, 39.146709400000098 ], [ -103.7968654, 39.1480198 ], [ -103.7946944, 39.149279600000099 ], [ -103.7923931, 39.1506482 ], [ -103.7904578, 39.1517952 ], [ -103.7882717, 39.1530588 ], [ -103.7859854, 39.1544235000001 ], [ -103.7838846, 39.1556637 ], [ -103.7817638, 39.1569079000001 ], [ -103.7799488, 39.1579653000001 ], [ -103.7777427, 39.159271600000103 ], [ -103.775672, 39.160504000000103 ], [ -103.7736013, 39.1617052 ], [ -103.7713802, 39.1630192000001 ], [ -103.7696705, 39.164018300000102 ], [ -103.7675196, 39.1652934 ], [ -103.7653335, 39.1665839 ], [ -103.7630573, 39.167932800000102 ], [ -103.761137, 39.169067900000101 ], [ -103.7589259, 39.170373900000101 ], [ -103.7568752, 39.171582800000103 ], [ -103.7546591, 39.172877200000102 ], [ -103.7528241, 39.1739499 ], [ -103.7506731, 39.1752171 ], [ -103.7484721, 39.176488 ], [ -103.7461858, 39.1778445 ], [ -103.7440298, 39.1791193 ], [ -103.7418739, 39.180409600000097 ], [ -103.7397481, 39.1816494 ], [ -103.7375219, 39.182959100000097 ], [ -103.7352807, 39.184280500000099 ], [ -103.7333454, 39.185411400000099 ], [ -103.7314251, 39.1865345 ], [ -103.7293344, 39.187793600000099 ], [ -103.7272602, 39.1890163 ], [ -103.7250927, 39.1902833 ], [ -103.7227838, 39.191631700000102 ], [ -103.7207069, 39.192884600000099 ], [ -103.7185104, 39.1941487 ], [ -103.7162812, 39.195469000000102 ], [ -103.7143348, 39.1966151 ], [ -103.7121564, 39.197898800000097 ], [ -103.7095467, 39.1994240000001 ], [ -103.7077852, 39.200457700000101 ], [ -103.7056104, 39.2017582 ], [ -103.7044759, 39.203699100000101 ], [ -103.7034393, 39.2037468 ], [ -103.702134247, 39.203846564000102 ] ] ] } },
{ "type": "Feature", "properties": { "objectid": "73115", "id": "205164", "type": "AC; OVERHEAD", "status": "NOT AVAILABLE", "naics_code": "221121", "naics_desc": "ELECTRIC BULK POWER TRANSMISSION AND CONTROL", "source": "IMAGERY", "sourcedate": "2019-02-19T18:00:00-07:00", "val_method": "IMAGERY", "val_date": "2019-02-19T18:00:00-07:00", "owner": "PUBLIC SERVICE CO OF COLORADO", "voltage": 230.0, "volt_class": "220-287", "inferred": "N", "sub_1": "PAWNEE", "sub_2": "UNKNOWN201328", "shape_lengt": 780.52646953809995, "globalid": "3630d7ca-cf36-4377-a480-5c913d900fbd", "STATEFP": "08", "STATENS": "01779779", "AFFGEOID": "0400000US08", "GEOID": "08", "STUSPS": "CO", "NAME": "Colorado", "LSAD": "00", "ALAND": 268422891711, "AWATER": 1181621593 }, "geometry": { "type": "MultiLineString", "coordinates": [ [ [ -103.678494877, 40.216506676 ], [ -103.678820477, 40.217331275 ], [ -103.68313409, 40.217418713 ], [ -103.684387369, 40.217173054 ], [ -103.684632648, 40.217078692 ] ] ] } },
{ "type": "Feature", "properties": { "objectid": "74441", "id": "206720", "type": "AC; OVERHEAD", "status": "NOT AVAILABLE", "naics_code": "221121", "naics_desc": "ELECTRIC BULK POWER TRANSMISSION AND CONTROL", "source": "IMAGERY", "sourcedate": "2015-12-17T18:00:00-07:00", "val_method": "IMAGERY", "val_date": "2015-12-17T18:00:00-07:00", "owner": "PUBLIC SERVICE CO OF COLORADO", "voltage": 230.0, "volt_class": "220-287", "inferred": "Y", "sub_1": "NOT AVAILABLE", "sub_2": "PAWNEE", "shape_lengt": 500.47318652169997, "globalid": "7a73a754-fa7f-4d59-bd35-61754133ffac", "STATEFP": "08", "STATENS": "01779779", "AFFGEOID": "0400000US08", "GEOID": "08", "STUSPS": "CO", "NAME": "Colorado", "LSAD": "00", "ALAND": 268422891711, "AWATER": 1181621593 }, "geometry": { "type": "MultiLineString", "coordinates": [ [ [ -103.678285553, 40.219814722000102 ], [ -103.678172757, 40.218554065 ], [ -103.678225838, 40.217350912 ], [ -103.678239108, 40.216603365 ], [ -103.678494877, 40.216506676 ] ] ] } },
{ "type": "Feature", "properties": { "objectid": "70162", "id": "201921", "type": "AC; OVERHEAD", "status": "NOT AVAILABLE", "naics_code": "221121", "naics_desc": "ELECTRIC BULK POWER TRANSMISSION AND CONTROL", "source": "Regional Map", "sourcedate": "2014-07-09T20:00:00-06:00", "val_method": "IMAGERY/OTHER", "val_date": "2014-07-09T20:00:00-06:00", "owner": "PUBLIC SERVICE CO OF COLORADO", "voltage": 230.0, "volt_class": "220-287", "inferred": "N", "sub_1": "BRICK CENTER", "sub_2": "QUINCY", "shape_lengt": 16135.9795573915, "globalid": "51f64ab2-0b8f-49b1-8a1f-621875f514ba", "STATEFP": "08", "STATENS": "01779779", "AFFGEOID": "0400000US08", "GEOID": "08", "STUSPS": "CO", "NAME": "Colorado", "LSAD": "00", "ALAND": 268422891711, "AWATER": 1181621593 }, "geometry": { "type": "MultiLineString", "coordinates": [ [ [ -104.452622944, 39.622843983 ], [ -104.452518364, 39.621659500000099 ], [ -104.4546859, 39.621659500000099 ], [ -104.4569699, 39.621651900000103 ], [ -104.459907, 39.6216644 ], [ -104.4626888, 39.6216644 ], [ -104.4653127, 39.621670300000098 ], [ -104.4681331, 39.621679200000102 ], [ -104.4713772, 39.621685200000101 ], [ -104.4746176, 39.6217089 ], [ -104.4775304, 39.6217356000001 ], [ -104.480135, 39.6217623000001 ], [ -104.4832289, 39.621798 ], [ -104.4856101, 39.6218247 ], [ -104.4877253, 39.6218395000001 ], [ -104.4908347, 39.6218751 ], [ -104.4935279, 39.6219285 ], [ -104.4962982, 39.6219849 ], [ -104.4995693, 39.6220502 ], [ -104.5017578, 39.6220858 ], [ -104.5044009, 39.6221482 ], [ -104.5072059, 39.6222016 ], [ -104.5106598, 39.622267200000103 ], [ -104.5106328, 39.624039 ], [ -104.5105905, 39.6261697 ], [ -104.5105519, 39.6284014 ], [ -104.5105288, 39.6299682000001 ], [ -104.5104941, 39.631567700000097 ], [ -104.510471, 39.633285800000102 ], [ -104.5115768, 39.6342294 ], [ -104.512987, 39.635443000000102 ], [ -104.5144704, 39.636704000000101 ], [ -104.5163468, 39.636718900000098 ], [ -104.5181037, 39.6367367 ], [ -104.5205927, 39.636760400000099 ], [ -104.5226849, 39.6367871 ], [ -104.524935, 39.6368109000001 ], [ -104.5273477, 39.636826400000103 ], [ -104.529255, 39.636853100000103 ], [ -104.5317517, 39.6368917 ], [ -104.5345104, 39.6369036 ], [ -104.5366796, 39.636930300000103 ], [ -104.5394075, 39.63696 ], [ -104.5424937, 39.6369956 ], [ -104.5444818, 39.637007400000101 ], [ -104.5483313, 39.6370456000001 ], [ -104.5502752, 39.6370649 ], [ -104.5520343, 39.637092100000103 ], [ -104.555801, 39.6371202 ], [ -104.558161, 39.6371413 ], [ -104.5609843, 39.6371655 ], [ -104.5639412, 39.637201800000099 ], [ -104.5662815, 39.637223 ], [ -104.5690146, 39.637204800000099 ], [ -104.5718144, 39.6371958 ], [ -104.5745395, 39.637159500000102 ], [ -104.577227835, 39.637136807 ], [ -104.577280148, 39.638521453000102 ], [ -104.577390768, 39.638831320000101 ] ] ] } },
{ "type": "Feature", "properties": { "objectid": "69969", "id": "201728", "type": "AC; OVERHEAD", "status": "NOT AVAILABLE", "naics_code": "221121", "naics_desc": "ELECTRIC BULK POWER TRANSMISSION AND CONTROL", "source": "Regional Map", "sourcedate": "2014-07-08T20:00:00-06:00", "val_method": "IMAGERY/OTHER", "val_date": "2014-07-08T20:00:00-06:00", "owner": "PUBLIC SERVICE CO OF COLORADO", "voltage": 230.0, "volt_class": "220-287", "inferred": "N", "sub_1": "WHEELER", "sub_2": "PARACHUTE", "shape_lengt": 6505.4603628268997, "globalid": "7153a05a-35d5-4b5e-9c8e-64763f75cffa", "STATEFP": "08", "STATENS": "01779779", "AFFGEOID": "0400000US08", "GEOID": "08", "STUSPS": "CO", "NAME": "Colorado", "LSAD": "00", "ALAND": 268422891711, "AWATER": 1181621593 }, "geometry": { "type": "MultiLineString", "coordinates": [ [ [ -108.094063088, 39.47396752 ], [ -108.094137362, 39.473396473 ], [ -108.093881856, 39.471167281000099 ], [ -108.089024277, 39.4686031620001 ], [ -108.084882708, 39.466311888000099 ], [ -108.077966228, 39.466697214000099 ], [ -108.071238703, 39.467055013000099 ], [ -108.067384726, 39.467233912 ], [ -108.063687618, 39.469526531 ], [ -108.059184776, 39.469331125000103 ], [ -108.054721151, 39.466661433000098 ], [ -108.053334289, 39.465846744 ], [ -108.051441171, 39.465469672 ], [ -108.049694224, 39.465100855000102 ], [ -108.045825987, 39.466267851000097 ], [ -108.044108898, 39.466295975 ] ] ] } },
{ "type": "Feature", "properties": { "objectid": "73517", "id": "205181", "type": "AC; OVERHEAD", "status": "NOT AVAILABLE", "naics_code": "221121", "naics_desc": "ELECTRIC BULK POWER TRANSMISSION AND CONTROL", "source": "Regional Map", "sourcedate": "2015-08-12T20:00:00-06:00", "val_method": "IMAGERY/OTHER", "val_date": "2015-08-12T20:00:00-06:00", "owner": "WAPA-- WESTERN AREA POWER ADMINISTRATION", "voltage": 230.0, "volt_class": "220-287", "inferred": "N", "sub_1": "AULT", "sub_2": "UNKNOWN203998", "shape_lengt": 51550.289139022003, "globalid": "970607c5-03c0-4752-b714-6835ee0aa5cd", "STATEFP": "08", "STATENS": "01779779", "AFFGEOID": "0400000US08", "GEOID": "08", "STUSPS": "CO", "NAME": "Colorado", "LSAD": "00", "ALAND": 268422891711, "AWATER": 1181621593 }, "geometry": { "type": "MultiLineString", "coordinates": [ [ [ -104.813195224, 40.607539759000097 ], [ -104.81227869, 40.606858016 ], [ -104.811884142, 40.606868843 ], [ -104.810543628, 40.607103421 ], [ -104.810534121, 40.609315631000101 ], [ -104.810546285, 40.612159086000098 ], [ -104.810551039, 40.614977299 ], [ -104.810612835, 40.617798984 ], [ -104.810636607, 40.620628308 ], [ -104.81058699, 40.623444352 ], [ -104.810703152, 40.626443716 ], [ -104.810722167, 40.629434794000097 ], [ -104.810783962, 40.632418146000099 ], [ -104.810841009, 40.635416140000103 ], [ -104.810841009, 40.638392354000104 ], [ -104.810784188, 40.641381621 ], [ -104.810838321, 40.644385988000103 ], [ -104.809929664, 40.64698436 ], [ -104.808792877, 40.649741263000102 ], [ -104.811054852, 40.654280679000102 ], [ -104.810985253, 40.657002783000102 ], [ -104.810901723, 40.667279436000101 ], [ -104.810731058, 40.675938546000097 ], [ -104.809946244, 40.695974123 ], [ -104.809960449, 40.701402335000097 ], [ -104.810101261, 40.709517487 ], [ -104.810212449, 40.719994702000101 ], [ -104.810183928, 40.722689507 ], [ -104.810146403, 40.724802149 ], [ -104.810136392, 40.7276934510001 ], [ -104.810126885, 40.730290684000103 ], [ -104.810098364, 40.732894957 ], [ -104.810060334, 40.735506472000097 ], [ -104.810050827, 40.738117857000098 ], [ -104.810022306, 40.740721893 ], [ -104.810008045, 40.743336703000097 ], [ -104.809998538, 40.745947694000101 ], [ -104.809870385, 40.75631573 ], [ -104.809851176, 40.763642538 ], [ -104.809770404, 40.772853155000099 ], [ -104.808153569, 40.7748100700001 ], [ -104.807086464, 40.776071129000101 ], [ -104.808274525, 40.77859669 ], [ -104.809420142, 40.781065976 ], [ -104.810560429, 40.783560559000101 ], [ -104.810588982, 40.786125618 ], [ -104.810602244, 40.788693186 ], [ -104.81059749, 40.791255625000097 ], [ -104.810578475, 40.793818106000103 ], [ -104.810602244, 40.796020664 ], [ -104.810630766, 40.798679953 ], [ -104.810635519, 40.8014974660001 ], [ -104.810640273, 40.804009078 ], [ -104.810645026, 40.806668144000099 ], [ -104.810659287, 40.809330674000101 ], [ -104.810664041, 40.8119894720001 ], [ -104.810668794, 40.814824488 ], [ -104.810678302, 40.8176450180001 ], [ -104.810697315, 40.8205265080001 ], [ -104.810692562, 40.823609301 ], [ -104.810692562, 40.826134502000102 ], [ -104.81070207, 40.828983353000098 ], [ -104.810725838, 40.831835589 ], [ -104.810725838, 40.834720032000099 ], [ -104.810725838, 40.837795082000099 ], [ -104.810749606, 40.840970653 ], [ -104.810759112, 40.843563366000097 ], [ -104.810740098, 40.846141681000098 ], [ -104.810740098, 40.848712731 ], [ -104.810721084, 40.851298037 ], [ -104.810711577, 40.853883313 ], [ -104.810706823, 40.856493615 ], [ -104.810697315, 40.85934839 ], [ -104.810730589, 40.86224958 ], [ -104.810687809, 40.864963702 ], [ -104.810683055, 40.867893595 ], [ -104.810673547, 40.870711929 ], [ -104.810706824, 40.873695522 ], [ -104.810735345, 40.875755024 ], [ -104.81072253, 40.878066801 ], [ -104.810752987, 40.880644234 ], [ -104.810819612, 40.884377132 ], [ -104.810825664, 40.887187313 ], [ -104.810778126, 40.890101877000099 ], [ -104.810758123, 40.892568145 ], [ -104.810743863, 40.8952864030001 ], [ -104.810754338, 40.898035107000098 ], [ -104.810749459, 40.899771773000097 ], [ -104.810743517, 40.902758318000103 ], [ -104.810707865, 40.905192458000101 ], [ -104.810707865, 40.907644570000102 ], [ -104.810707865, 40.910087330000103 ], [ -104.810654387, 40.912557109 ], [ -104.810654387, 40.915031490000104 ], [ -104.81066627, 40.917492011 ], [ -104.810636561, 40.919956949 ], [ -104.810624677, 40.922435432 ], [ -104.810624677, 40.924931658 ], [ -104.810600909, 40.927701622 ], [ -104.810583083, 40.930395253 ], [ -104.810577141, 40.933088776 ], [ -104.810577141, 40.935400584 ], [ -104.810571199, 40.937882884 ], [ -104.810571199, 40.940387532 ], [ -104.810565256, 40.9428832 ], [ -104.810594335, 40.945320395000103 ], [ -104.810499944, 40.945345655 ], [ -104.801444102, 40.944892018000097 ], [ -104.799757311, 40.944704471000101 ], [ -104.799395541, 40.944864978000098 ] ] ] } },
{ "type": "Feature", "properties": { "objectid": "73523", "id": "205187", "type": "AC; OVERHEAD", "status": "NOT AVAILABLE", "naics_code": "221121", "naics_desc": "ELECTRIC BULK POWER TRANSMISSION AND CONTROL", "source": "Regional Map", "sourcedate": "2015-08-12T20:00:00-06:00", "val_method": "IMAGERY/OTHER", "val_date": "2015-08-12T20:00:00-06:00", "owner": "PLATTE RIVER POWER AUTHORITY", "voltage": 230.0, "volt_class": "220-287", "inferred": "N", "sub_1": "LAPORTE", "sub_2": "RAWHIDE", "shape_lengt": 43448.695782118797, "globalid": "3e07facc-3021-4c66-8903-69ba7856c79f", "STATEFP": "08", "STATENS": "01779779", "AFFGEOID": "0400000US08", "GEOID": "08", "STUSPS": "CO", "NAME": "Colorado", "LSAD": "00", "ALAND": 268422891711, "AWATER": 1181621593 }, "geometry": { "type": "MultiLineString", "coordinates": [ [ [ -105.151245032, 40.663462591 ], [ -105.151656302, 40.663466255000102 ], [ -105.151656302, 40.664085555 ], [ -105.150914741, 40.664085555 ], [ -105.150904045, 40.6645020240001 ], [ -105.150932154, 40.666291585000103 ], [ -105.150878583, 40.668713334000103 ], [ -105.151432209, 40.670932103 ], [ -105.15203829, 40.673371119000102 ], [ -105.152726679, 40.676141170000101 ], [ -105.153568471, 40.678665045000102 ], [ -105.154434811, 40.681263303 ], [ -105.155224601, 40.683634719 ], [ -105.155206817, 40.6858112460001 ], [ -105.155185426, 40.688392983 ], [ -105.155160469, 40.690882761000097 ], [ -105.155142644, 40.6934669830001 ], [ -105.155114041, 40.695608565 ], [ -105.155777058, 40.697281475000104 ], [ -105.155716652, 40.699207677000103 ], [ -105.155645346, 40.701943038 ], [ -105.155570479, 40.704621412 ], [ -105.155495608, 40.707094422000097 ], [ -105.155434995, 40.709721469 ], [ -105.155392223, 40.71188562 ], [ -105.155278163, 40.713901139 ], [ -105.155178328, 40.7159361490001 ], [ -105.155064253, 40.718489469000097 ], [ -105.154918095, 40.720713072000102 ], [ -105.154762176, 40.723336956 ], [ -105.152602903, 40.72494119 ], [ -105.150406939, 40.726516229 ], [ -105.147864787, 40.728367073000101 ], [ -105.145257431, 40.730269648000103 ], [ -105.144544453, 40.732794559000098 ], [ -105.14389912, 40.735193628 ], [ -105.143104101, 40.738094871 ], [ -105.142376793, 40.740750277000103 ], [ -105.141599562, 40.743608195 ], [ -105.140868722, 40.746319982000102 ], [ -105.140112898, 40.749037153000103 ], [ -105.13949254, 40.751341039000103 ], [ -105.138860421, 40.753643326 ], [ -105.138842567, 40.756329245000103 ], [ -105.138835436, 40.75902705 ], [ -105.138814045, 40.761184736000097 ], [ -105.13881048, 40.763844528 ], [ -105.138771265, 40.766674297000101 ], [ -105.138753445, 40.769138682000097 ], [ -105.138575261, 40.771743107000098 ], [ -105.138347012, 40.774619479000101 ], [ -105.138329179, 40.777269119 ], [ -105.138311353, 40.7799687790001 ], [ -105.138282828, 40.782941429000097 ], [ -105.138339865, 40.785888942 ], [ -105.138257875, 40.788674356000101 ], [ -105.138254309, 40.791538473000102 ], [ -105.138211529, 40.794423698000102 ], [ -105.138183007, 40.797268536000097 ], [ -105.138168827, 40.798808946000101 ], [ -105.136811724, 40.801043773000103 ], [ -105.135563879, 40.803119155 ], [ -105.134052273, 40.805623449000102 ], [ -105.133387842, 40.806719010000101 ], [ -105.133380686, 40.809326483000099 ], [ -105.133362861, 40.811933033000102 ], [ -105.133337909, 40.814501457000098 ], [ -105.13325948, 40.817121232 ], [ -105.133209551, 40.819525986 ], [ -105.1332559, 40.821954227 ], [ -105.133205999, 40.824770126 ], [ -105.133152508, 40.826842542000101 ], [ -105.133188169, 40.829114566 ], [ -105.13321669, 40.831785181 ], [ -105.133259465, 40.8345900670001 ], [ -105.133209562, 40.836893154000101 ], [ -105.133170343, 40.83939909 ], [ -105.133145538, 40.8415838660001 ], [ -105.132022591, 40.84270588 ], [ -105.129919141, 40.844804175 ], [ -105.128115116, 40.846603093000098 ], [ -105.125676486, 40.849046512 ], [ -105.124357359, 40.850367956000099 ], [ -105.122845731, 40.851883518000101 ], [ -105.121205742, 40.8535231050001 ], [ -105.119287687, 40.855445773 ], [ -105.117237704, 40.857489745000102 ], [ -105.115490727, 40.859239779000099 ], [ -105.113187737, 40.8615450570001 ], [ -105.111346444, 40.863359899000102 ], [ -105.107978713, 40.863375951000101 ], [ -105.105622166, 40.863389432000098 ], [ -105.101689799, 40.863402913000101 ], [ -105.097483015, 40.863421787 ], [ -105.093657992, 40.86341909 ], [ -105.090128669, 40.863392130000101 ], [ -105.086224801, 40.863365167 ], [ -105.083279945, 40.8633409010001 ], [ -105.079308265, 40.863313937 ], [ -105.075343941, 40.863286977 ], [ -105.072106963, 40.863249231 ], [ -105.069201295, 40.863211483 ], [ -105.065675272, 40.863173735 ], [ -105.062459502, 40.863135988000103 ], [ -105.059015285, 40.863095541000099 ], [ -105.054768668, 40.863073968 ], [ -105.050971433, 40.863079361000104 ], [ -105.047770117, 40.863090206 ], [ -105.045181985, 40.864527019 ], [ -105.041632139, 40.866484851000102 ], [ -105.041466545, 40.868390474000101 ], [ -105.041225447, 40.8702374470001 ], [ -105.038023024, 40.870229481000102 ], [ -105.034910552, 40.870218697 ], [ -105.031972789, 40.870216001000102 ], [ -105.028418315, 40.870207913000101 ], [ -105.025159644, 40.870202522 ], [ -105.021627079, 40.870202522 ], [ -105.019020318, 40.869310465000098 ], [ -105.01896684, 40.867256069000099 ], [ -105.018867015, 40.864983218000098 ], [ -105.018891971, 40.863071591 ], [ -105.018856319, 40.861594018000098 ], [ -105.020661088, 40.861601194000102 ], [ -105.021056429, 40.86097232 ] ] ] } },
{ "type": "Feature", "properties": { "objectid": "74421", "id": "206700", "type": "AC; OVERHEAD", "status": "NOT AVAILABLE", "naics_code": "221121", "naics_desc": "ELECTRIC BULK POWER TRANSMISSION AND CONTROL", "source": "IMAGERY", "sourcedate": "2015-12-16T18:00:00-07:00", "val_method": "IMAGERY", "val_date": "2015-12-16T18:00:00-07:00", "owner": "PUBLIC SERVICE CO OF COLORADO", "voltage": 230.0, "volt_class": "220-287", "inferred": "Y", "sub_1": "NOT AVAILABLE", "sub_2": "RMEC", "shape_lengt": 252.229942067, "globalid": "33c7ec89-7194-4c08-b85b-6a0574aea712", "STATEFP": "08", "STATENS": "01779779", "AFFGEOID": "0400000US08", "GEOID": "08", "STUSPS": "CO", "NAME": "Colorado", "LSAD": "00", "ALAND": 268422891711, "AWATER": 1181621593 }, "geometry": { "type": "MultiLineString", "coordinates": [ [ [ -104.595001318, 40.090652311 ], [ -104.594385335, 40.090059825 ], [ -104.594391284, 40.089744547000102 ], [ -104.594655999, 40.089741572 ], [ -104.595213913, 40.08957401 ] ] ] } },
{ "type": "Feature", "properties": { "objectid": "70370", "id": "202131", "type": "AC; OVERHEAD", "status": "NOT AVAILABLE", "naics_code": "221121", "naics_desc": "ELECTRIC BULK POWER TRANSMISSION AND CONTROL", "source": "Regional Map", "sourcedate": "2014-07-08T20:00:00-06:00", "val_method": "IMAGERY/OTHER", "val_date": "2014-07-08T20:00:00-06:00", "owner": "PUBLIC SERVICE CO OF COLORADO", "voltage": 230.0, "volt_class": "220-287", "inferred": "N", "sub_1": "LOOK OUT", "sub_2": "PLAINS END", "shape_lengt": 22066.8395283424, "globalid": "feabf05d-b342-48f4-ab9e-3621ac8f3c3e", "STATEFP": "08", "STATENS": "01779779", "AFFGEOID": "0400000US08", "GEOID": "08", "STUSPS": "CO", "NAME": "Colorado", "LSAD": "00", "ALAND": 268422891711, "AWATER": 1181621593 }, "geometry": { "type": "MultiLineString", "coordinates": [ [ [ -105.202905753, 39.734166178000102 ], [ -105.203357715, 39.7342938130001 ], [ -105.202893036, 39.735655287 ], [ -105.20291627, 39.738672948 ], [ -105.202937181, 39.741443934000102 ], [ -105.202379566, 39.742749886000098 ], [ -105.200058496, 39.746969495 ], [ -105.202077525, 39.752289192 ], [ -105.204131405, 39.757412004000102 ], [ -105.204129082, 39.763261333000102 ], [ -105.203887449, 39.765779517000098 ], [ -105.203497119, 39.768983371 ], [ -105.203411153, 39.77358173 ], [ -105.203283367, 39.778045863 ], [ -105.203286393, 39.7834852390001 ], [ -105.212189876, 39.783448709 ], [ -105.211947442, 39.797960497000098 ], [ -105.203248364, 39.7980079760001 ], [ -105.203338683, 39.811892292 ], [ -105.202792019, 39.812071214000099 ], [ -105.203257872, 39.812246484000099 ], [ -105.203298668, 39.829036396 ], [ -105.203365496, 39.8431087640001 ], [ -105.203467562, 39.856107103 ], [ -105.214311115, 39.856102467 ], [ -105.221760584, 39.857664816000103 ], [ -105.22286308, 39.857918535000103 ] ] ] } },
{ "type": "Feature", "properties": { "objectid": "69910", "id": "201667", "type": "AC; OVERHEAD", "status": "NOT AVAILABLE", "naics_code": "221121", "naics_desc": "ELECTRIC BULK POWER TRANSMISSION AND CONTROL", "source": "Regional Map", "sourcedate": "2014-07-14T20:00:00-06:00", "val_method": "IMAGERY/OTHER", "val_date": "2014-07-14T20:00:00-06:00", "owner": "PUBLIC SERVICE CO OF COLORADO", "voltage": 230.0, "volt_class": "220-287", "inferred": "N", "sub_1": "MALTA", "sub_2": "HOPKINS", "shape_lengt": 124329.20850104401, "globalid": "53536e66-7fcf-4aa6-b01e-36616ce336d3", "STATEFP": "08", "STATENS": "01779779", "AFFGEOID": "0400000US08", "GEOID": "08", "STUSPS": "CO", "NAME": "Colorado", "LSAD": "00", "ALAND": 268422891711, "AWATER": 1181621593 }, "geometry": { "type": "MultiLineString", "coordinates": [ [ [ -106.325353132, 39.18861923 ], [ -106.325830605, 39.189104331000102 ], [ -106.3258033, 39.1905361 ], [ -106.3276931, 39.1921202 ], [ -106.3297052, 39.1937079 ], [ -106.3319222, 39.1954573 ], [ -106.3339724, 39.1967554 ], [ -106.337449, 39.198956500000101 ], [ -106.3391623, 39.200041300000102 ], [ -106.3420931, 39.2018968 ], [ -106.3441063, 39.2031487 ], [ -106.3456658, 39.204133200000101 ], [ -106.3466089, 39.2046950000001 ], [ -106.3476033, 39.2064029000001 ], [ -106.3485749, 39.2080784 ], [ -106.3495434, 39.2096483 ], [ -106.3504892, 39.211221200000097 ], [ -106.3513768, 39.212668200000103 ], [ -106.3523279, 39.2142532 ], [ -106.3533477, 39.215899 ], [ -106.3543136, 39.217492600000099 ], [ -106.3551736, 39.2189309 ], [ -106.3561116, 39.2204721 ], [ -106.3572206, 39.2222253 ], [ -106.3577564, 39.223565800000102 ], [ -106.3587694, 39.225884700000101 ], [ -106.3596075, 39.2278024 ], [ -106.3604692, 39.229798500000101 ], [ -106.3611495, 39.2313501 ], [ -106.3618159, 39.232894600000101 ], [ -106.3623356, 39.2341081000001 ], [ -106.3630717, 39.2357679 ], [ -106.3638167, 39.237470900000098 ], [ -106.3661893, 39.2373312 ], [ -106.3683284, 39.2371882 ], [ -106.3707328, 39.237046 ], [ -106.3728717, 39.2369078 ], [ -106.3749721, 39.236764800000103 ], [ -106.377031, 39.2366302 ], [ -106.37919, 39.236473600000103 ], [ -106.3806556, 39.237276200000103 ], [ -106.3829087, 39.2384567 ], [ -106.3852228, 39.2396691000001 ], [ -106.3885359, 39.241405 ], [ -106.3902884, 39.2423231000001 ], [ -106.3920891, 39.2432665 ], [ -106.3936074, 39.244062 ], [ -106.3982599, 39.246460200000101 ], [ -106.4012776, 39.248081 ], [ -106.4067818, 39.250964200000098 ], [ -106.4088309, 39.2520376 ], [ -106.410532, 39.252928600000097 ], [ -106.4140858, 39.2547901 ], [ -106.4184417, 39.2570451 ], [ -106.4230618, 39.2594857 ], [ -106.424335, 39.2601582 ], [ -106.4257048, 39.2602315 ], [ -106.4271553, 39.2603326 ], [ -106.4332876, 39.2607031000001 ], [ -106.4361675, 39.2608884 ], [ -106.4384009, 39.2610320000001 ], [ -106.4407137, 39.261207 ], [ -106.4529437, 39.2620194 ], [ -106.4557034, 39.262192200000101 ], [ -106.4589256, 39.262393900000099 ], [ -106.4654506, 39.262838400000099 ], [ -106.4674175, 39.2629575 ], [ -106.4724236, 39.2632969000001 ], [ -106.4799638, 39.2637948 ], [ -106.4835044, 39.2640241 ], [ -106.4869089, 39.264234 ], [ -106.4906891, 39.266909300000101 ], [ -106.4949563, 39.2699414 ], [ -106.4971107, 39.27146 ], [ -106.498213, 39.2722862 ], [ -106.5049283, 39.2770568 ], [ -106.5060246, 39.277827600000101 ], [ -106.5078389, 39.279127200000097 ], [ -106.5091433, 39.280052300000101 ], [ -106.5105415, 39.281044000000101 ], [ -106.511867, 39.2819841 ], [ -106.5127854, 39.2826355 ], [ -106.5141688, 39.283616600000101 ], [ -106.5155637, 39.284605800000101 ], [ -106.5170605, 39.285667400000101 ], [ -106.5183338, 39.286570400000102 ], [ -106.5195682, 39.2874543 ], [ -106.5214801, 39.2888233 ], [ -106.522697, 39.2896671 ], [ -106.5238314, 39.2905069 ], [ -106.5279112, 39.293376200000097 ], [ -106.5314361, 39.295922700000098 ], [ -106.5338108, 39.2975656 ], [ -106.535907, 39.2990058 ], [ -106.5362183, 39.3003723 ], [ -106.5366061, 39.3020744 ], [ -106.5369625, 39.3036387000001 ], [ -106.5373004, 39.305065300000102 ], [ -106.5375582, 39.306201100000102 ], [ -106.5378439, 39.307459100000102 ], [ -106.5381356, 39.3087439 ], [ -106.5391242, 39.3129165 ], [ -106.539484, 39.314537900000097 ], [ -106.5403088, 39.317981600000103 ], [ -106.540585, 39.319188100000098 ], [ -106.540985, 39.320922100000097 ], [ -106.544988, 39.322011900000099 ], [ -106.5477856, 39.322756700000099 ], [ -106.5501865, 39.323421600000103 ], [ -106.5550129, 39.3247025000001 ], [ -106.5579745, 39.3254884 ], [ -106.5638944, 39.3270527 ], [ -106.5685968, 39.3283024 ], [ -106.5705083, 39.3288577000001 ], [ -106.5721692, 39.3292773 ], [ -106.5753963, 39.330125200000097 ], [ -106.5783234, 39.330934 ], [ -106.5807648, 39.331549100000103 ], [ -106.5824512, 39.3320022 ], [ -106.5841087, 39.3324475000001 ], [ -106.5858087, 39.332904300000102 ], [ -106.5897617, 39.3339663 ], [ -106.5960833, 39.3356503 ], [ -106.598141, 39.336215800000097 ], [ -106.6028092, 39.337405100000097 ], [ -106.6073813, 39.3386617 ], [ -106.6118561, 39.3398251 ], [ -106.6166067, 39.341081600000102 ], [ -106.6184907, 39.3416218 ], [ -106.6221399, 39.342597300000101 ], [ -106.6237846, 39.3430329 ], [ -106.6261279, 39.343671700000101 ], [ -106.6269159, 39.344940500000099 ], [ -106.6277035, 39.3463339 ], [ -106.6285537, 39.3477996 ], [ -106.6293626, 39.3492394 ], [ -106.6314474, 39.3529501 ], [ -106.6322456, 39.354301 ], [ -106.6339589, 39.3571991 ], [ -106.6346769, 39.358422700000098 ], [ -106.6355214, 39.3599205 ], [ -106.6359962, 39.360772600000097 ], [ -106.6365418, 39.3617407 ], [ -106.6405585, 39.368668500000098 ], [ -106.6411381, 39.3696385000001 ], [ -106.6419906, 39.3711148 ], [ -106.6429875, 39.3728548 ], [ -106.6439322, 39.3745209000001 ], [ -106.6445579, 39.3755850000001 ], [ -106.6469444, 39.3797177000001 ], [ -106.6475173, 39.380720600000103 ], [ -106.6480194, 39.3815896 ], [ -106.6486701, 39.3827196 ], [ -106.6501302, 39.385252900000097 ], [ -106.6510145, 39.3868085 ], [ -106.6518116, 39.3881818 ], [ -106.652454, 39.3893178000001 ], [ -106.6535556, 39.3912092 ], [ -106.654269, 39.392520400000102 ], [ -106.6571468, 39.3938146 ], [ -106.6600417, 39.3951354000001 ], [ -106.6622644, 39.396160000000101 ], [ -106.6675036, 39.3985585 ], [ -106.6698517, 39.3996617 ], [ -106.6738949, 39.401476300000098 ], [ -106.6764211, 39.4027356 ], [ -106.6780722, 39.403443600000102 ], [ -106.6793054, 39.404030200000101 ], [ -106.6797823, 39.407163700000098 ], [ -106.6799188, 39.4082071 ], [ -106.6802579, 39.410865100000102 ], [ -106.6809056, 39.4152651 ], [ -106.6811317, 39.416858100000098 ], [ -106.6812522, 39.4177071 ], [ -106.68182, 39.421594200000101 ], [ -106.6822416, 39.424681500000098 ], [ -106.6824726, 39.4262685 ], [ -106.6830543, 39.4305717 ], [ -106.6832502, 39.432006800000103 ], [ -106.6834594, 39.433539000000103 ], [ -106.6835598, 39.434274000000102 ], [ -106.6836968, 39.435151400000102 ], [ -106.683807, 39.4359563 ], [ -106.6839116, 39.436665 ], [ -106.6852222, 39.4374417000001 ], [ -106.6892256, 39.4398105000001 ], [ -106.6903748, 39.440498600000097 ], [ -106.6933542, 39.442266200000098 ], [ -106.6949717, 39.443229200000097 ], [ -106.6961897, 39.4439485 ], [ -106.6988459, 39.4455245 ], [ -106.7015454, 39.4471127 ], [ -106.7031047, 39.448051 ], [ -106.7046588, 39.4489615 ], [ -106.7109016, 39.4526466 ], [ -106.712049, 39.4533324000001 ], [ -106.7131922, 39.454028100000102 ], [ -106.717238, 39.4564169000001 ], [ -106.7188762, 39.4573799 ], [ -106.7210309, 39.4586629 ], [ -106.7224503, 39.459486400000102 ], [ -106.724403, 39.460669300000099 ], [ -106.7269125, 39.4621211 ], [ -106.7311516, 39.4646097 ], [ -106.7329237, 39.4656907 ], [ -106.7339947, 39.4663338 ], [ -106.7372967, 39.4684072 ], [ -106.7394343, 39.4695915 ], [ -106.7464166, 39.473734800000102 ], [ -106.7469372, 39.4740071 ], [ -106.747717, 39.474469600000099 ], [ -106.7527785, 39.4774498 ], [ -106.7609422, 39.482278200000103 ], [ -106.7620705, 39.4829637 ], [ -106.7671383, 39.485945200000103 ], [ -106.7686831, 39.486857 ], [ -106.770077, 39.487678500000101 ], [ -106.7712478, 39.488401700000097 ], [ -106.7738168, 39.488487 ], [ -106.7758481, 39.4885838000001 ], [ -106.7782152, 39.4886756000001 ], [ -106.7802508, 39.4887674 ], [ -106.7819996, 39.4888412 ], [ -106.7833956, 39.488897000000101 ], [ -106.7850212, 39.488970800000097 ], [ -106.7868486, 39.4890478 ], [ -106.7885144, 39.48912 ], [ -106.7929958, 39.489318400000101 ], [ -106.7956519, 39.489423400000099 ], [ -106.7985608, 39.4895562 ], [ -106.799908, 39.489602100000099 ], [ -106.8032483, 39.489751300000101 ], [ -106.8046634, 39.489813700000099 ], [ -106.8082034, 39.489969400000099 ], [ -106.8094869, 39.490026800000102 ], [ -106.8135284, 39.4901974 ], [ -106.8147842, 39.4902433 ], [ -106.8165923, 39.490331700000098 ], [ -106.8178082, 39.490377700000103 ], [ -106.8195719, 39.4904498000001 ], [ -106.8240256, 39.490644900000099 ], [ -106.8278567, 39.490820400000104 ], [ -106.8302897, 39.4909188 ], [ -106.8332709, 39.491041800000097 ], [ -106.8422268, 39.4914178000001 ], [ -106.8459602, 39.4915802 ], [ -106.8501079, 39.4917622 ], [ -106.8539582, 39.4919295 ], [ -106.8559131, 39.4920082 ], [ -106.8579381, 39.4920934 ], [ -106.8597336, 39.4921705 ], [ -106.8667775, 39.492469 ], [ -106.8696333, 39.4925854 ], [ -106.8712482, 39.492657500000099 ], [ -106.8729694, 39.4927297 ], [ -106.878528, 39.492941200000097 ], [ -106.879276, 39.493493800000103 ], [ -106.8855571, 39.498029200000097 ], [ -106.8890333, 39.500541100000099 ], [ -106.8902551, 39.501433 ], [ -106.8945325, 39.5044989 ], [ -106.8955142, 39.5052105 ], [ -106.896345, 39.505804 ], [ -106.8988545, 39.5076238 ], [ -106.9015148, 39.5094959 ], [ -106.9066421, 39.513241800000102 ], [ -106.9082251, 39.5143631 ], [ -106.9114507, 39.5166809 ], [ -106.9122475, 39.517318600000102 ], [ -106.9130592, 39.5178808000001 ], [ -106.9180547, 39.5214804 ], [ -106.9192468, 39.522336000000102 ], [ -106.9231247, 39.525127300000101 ], [ -106.9243146, 39.5259615 ], [ -106.9250286, 39.526779400000102 ], [ -106.9273702, 39.529542600000099 ], [ -106.928167, 39.530432500000103 ], [ -106.9288857, 39.5312683000001 ], [ -106.9305158, 39.533151 ], [ -106.9325381, 39.535468600000101 ], [ -106.9331632, 39.536203200000102 ], [ -106.9365769, 39.5401452 ], [ -106.93725, 39.540933100000103 ], [ -106.9379472, 39.541721000000102 ], [ -106.939026, 39.5429423 ], [ -106.9399094, 39.543989700000097 ], [ -106.9419308, 39.5463251 ], [ -106.942853, 39.547398300000097 ], [ -106.9447186, 39.5495512 ], [ -106.9466203, 39.5493628 ], [ -106.9479718, 39.5492153000001 ], [ -106.9511654, 39.548859800000102 ], [ -106.9559591, 39.5483191000001 ], [ -106.9586832, 39.5480307 ], [ -106.960058, 39.5478751 ], [ -106.962593, 39.5475982 ], [ -106.9643757, 39.5473967 ], [ -106.9671763, 39.5471034 ], [ -106.9690589, 39.5468854000001 ], [ -106.9724608, 39.5465364 ], [ -106.9814426, 39.545515700000102 ], [ -106.9837279, 39.545254300000103 ], [ -106.9852578, 39.5450773 ], [ -106.9903639, 39.544535000000103 ], [ -106.9953998, 39.543950000000102 ], [ -106.9987422, 39.5435846 ], [ -107.0020188, 39.543235600000102 ], [ -107.0042499, 39.5430095 ], [ -107.0067466, 39.5427178 ], [ -107.0084699, 39.542521200000103 ], [ -107.0131849, 39.5420034 ], [ -107.0181337, 39.541446300000104 ], [ -107.021168, 39.541120200000101 ], [ -107.0230932, 39.540899 ], [ -107.0251819, 39.5406696 ], [ -107.027055, 39.540464300000103 ], [ -107.028935, 39.5402398 ], [ -107.0303799, 39.539710500000098 ], [ -107.0316739, 39.539232 ], [ -107.032662, 39.5388076 ], [ -107.0350057, 39.537937500000098 ], [ -107.0402074, 39.5360087 ], [ -107.0424831, 39.5351565 ], [ -107.0458956, 39.533894700000097 ], [ -107.0476593, 39.5332392 ], [ -107.0492763, 39.5326361 ], [ -107.0536475, 39.5310168 ], [ -107.0555827, 39.530296 ], [ -107.0580468, 39.5294014 ], [ -107.0606642, 39.528407000000101 ], [ -107.0624582, 39.5277488 ], [ -107.0651236, 39.526747500000099 ], [ -107.0686605, 39.5254379 ], [ -107.0702171, 39.5248514 ], [ -107.0730809, 39.5237782 ], [ -107.075566, 39.5228464 ], [ -107.0778799, 39.521974800000102 ], [ -107.0792892, 39.521453300000097 ], [ -107.080921, 39.520839000000102 ], [ -107.0825767, 39.520229400000098 ], [ -107.0850318, 39.5192975 ], [ -107.0871233, 39.5185256 ], [ -107.0902275, 39.5173688 ], [ -107.0939567, 39.5159617 ], [ -107.0960602, 39.5151712 ], [ -107.0982689, 39.5143551 ], [ -107.09954, 39.513856700000098 ], [ -107.1008021, 39.5133954 ], [ -107.1024849, 39.5128019 ], [ -107.1046756, 39.511965 ], [ -107.1068813, 39.511148900000101 ], [ -107.1087955, 39.510439500000103 ], [ -107.1115451, 39.509403200000101 ], [ -107.1128222, 39.5089070000001 ], [ -107.1157581, 39.507831200000098 ], [ -107.1198629, 39.506287100000101 ], [ -107.1227267, 39.5052067 ], [ -107.1241441, 39.5046935 ], [ -107.1261411, 39.5039657 ], [ -107.1274454, 39.503473 ], [ -107.1286714, 39.503024400000101 ], [ -107.1320873, 39.5017321 ], [ -107.1347441, 39.5007257 ], [ -107.1361832, 39.5001837 ], [ -107.1394357, 39.4989675 ], [ -107.1408308, 39.498441500000098 ], [ -107.1424667, 39.4978235 ], [ -107.1447138, 39.496968900000098 ], [ -107.1496213, 39.4952003000001 ], [ -107.1509695, 39.4946119 ], [ -107.1529973, 39.494196 ], [ -107.1544009, 39.4938936 ], [ -107.155877, 39.493564900000102 ], [ -107.1574042, 39.493223 ], [ -107.1608462, 39.492461900000102 ], [ -107.1635002, 39.4918636 ], [ -107.1665588, 39.4912143 ], [ -107.1680477, 39.4909004 ], [ -107.1702906, 39.4903925 ], [ -107.1741778, 39.4895706 ], [ -107.1781353, 39.488701 ], [ -107.1802205, 39.4882457 ], [ -107.182441, 39.4877557 ], [ -107.1847913, 39.4872564 ], [ -107.1874, 39.4866835 ], [ -107.1897015, 39.486182400000096 ], [ -107.190794712, 39.485920865 ], [ -107.190483508, 39.485645269 ], [ -107.191164461, 39.485083949 ], [ -107.192102, 39.485799 ] ] ] } },
{ "type": "Feature", "properties": { "objectid": "70110", "id": "201869", "type": "AC; OVERHEAD", "status": "NOT AVAILABLE", "naics_code": "221121", "naics_desc": "ELECTRIC BULK POWER TRANSMISSION AND CONTROL", "source": "Regional Map", "sourcedate": "2014-07-09T20:00:00-06:00", "val_method": "IMAGERY/OTHER", "val_date": "2014-07-09T20:00:00-06:00", "owner": "PUBLIC SERVICE CO OF COLORADO", "voltage": 230.0, "volt_class": "220-287", "inferred": "N", "sub_1": "QUINCY", "sub_2": "SMOKY HILL", "shape_lengt": 16368.865231525, "globalid": "577b9c8b-02de-477c-8c04-38eef6cf480f", "STATEFP": "08", "STATENS": "01779779", "AFFGEOID": "0400000US08", "GEOID": "08", "STUSPS": "CO", "NAME": "Colorado", "LSAD": "00", "ALAND": 268422891711, "AWATER": 1181621593 }, "geometry": { "type": "MultiLineString", "coordinates": [ [ [ -104.577390768, 39.638831320000101 ], [ -104.577440183, 39.638554564000103 ], [ -104.577526947, 39.637156622000099 ], [ -104.5789572, 39.637144400000103 ], [ -104.5813211, 39.6371716 ], [ -104.5839363, 39.637247200000097 ], [ -104.5870699, 39.637295600000101 ], [ -104.5901367, 39.6373591 ], [ -104.5930503, 39.6374044 ], [ -104.5954103, 39.637443700000098 ], [ -104.5974562, 39.637474 ], [ -104.6004444, 39.6375284000001 ], [ -104.6025767, 39.6375677 ], [ -104.605561, 39.637616100000102 ], [ -104.6083176, 39.6376645 ], [ -104.6107915, 39.637700800000097 ], [ -104.6130965, 39.6377129 ], [ -104.615162, 39.6377068 ], [ -104.6176555, 39.6377098 ], [ -104.6208636, 39.637728 ], [ -104.6235063, 39.6377492 ], [ -104.6263896, 39.637754700000102 ], [ -104.6294392, 39.63773 ], [ -104.6318524, 39.6377392 ], [ -104.6348418, 39.6377454 ], [ -104.6368949, 39.637742300000099 ], [ -104.6397483, 39.637736200000099 ], [ -104.6428178, 39.6377331 ], [ -104.6455672, 39.637754700000102 ], [ -104.6479043, 39.637726900000096 ], [ -104.6498373, 39.637720800000103 ], [ -104.6530509, 39.637711500000101 ], [ -104.6554841, 39.6377146 ], [ -104.6581975, 39.6377053 ], [ -104.6607187, 39.6377023000001 ], [ -104.6635841, 39.6376992 ], [ -104.6662815, 39.637686900000098 ], [ -104.6685666, 39.637674500000102 ], [ -104.6722525, 39.6376684 ], [ -104.6740614, 39.6376499 ], [ -104.6741094, 39.6358777 ], [ -104.6741214, 39.6339207 ], [ -104.6740894, 39.6319142 ], [ -104.6774831, 39.6319635 ], [ -104.6802124, 39.632003600000097 ], [ -104.6836421, 39.6319635 ], [ -104.6868597, 39.6319789 ], [ -104.6892089, 39.631975800000099 ], [ -104.6917622, 39.6319943 ], [ -104.6944955, 39.6319635 ], [ -104.697397, 39.6319789 ], [ -104.7004305, 39.6319481 ], [ -104.7033639, 39.631957300000103 ], [ -104.705140536, 39.631990552 ], [ -104.706637437, 39.631976138 ], [ -104.712790605, 39.631959193 ], [ -104.714750262, 39.631247289 ] ] ] } },
{ "type": "Feature", "properties": { "objectid": "70345", "id": "202106", "type": "AC; OVERHEAD", "status": "NOT AVAILABLE", "naics_code": "221121", "naics_desc": "ELECTRIC BULK POWER TRANSMISSION AND CONTROL", "source": "Regional Map", "sourcedate": "2014-07-08T20:00:00-06:00", "val_method": "IMAGERY/OTHER", "val_date": "2014-07-08T20:00:00-06:00", "owner": "PUBLIC SERVICE CO OF COLORADO", "voltage": 230.0, "volt_class": "220-287", "inferred": "N", "sub_1": "GUNBARREL", "sub_2": "NIWOT", "shape_lengt": 4794.6481363400999, "globalid": "a4f288c3-aec7-4906-8a7b-3c4f7a6f42fc", "STATEFP": "08", "STATENS": "01779779", "AFFGEOID": "0400000US08", "GEOID": "08", "STUSPS": "CO", "NAME": "Colorado", "LSAD": "00", "ALAND": 268422891711, "AWATER": 1181621593 }, "geometry": { "type": "MultiLineString", "coordinates": [ [ [ -105.202593255, 40.08325983 ], [ -105.202299744, 40.082960925000101 ], [ -105.20139006, 40.082958829000098 ], [ -105.200165779, 40.083716059 ], [ -105.187928671, 40.083653223000098 ], [ -105.188092927, 40.072907292 ], [ -105.178483923, 40.072970139 ], [ -105.178442859, 40.070456228000097 ], [ -105.179019261, 40.069906102000097 ] ] ] } },
{ "type": "Feature", "properties": { "objectid": "70167", "id": "201926", "type": "AC; OVERHEAD", "status": "NOT AVAILABLE", "naics_code": "221121", "naics_desc": "ELECTRIC BULK POWER TRANSMISSION AND CONTROL", "source": "Regional Map", "sourcedate": "2014-07-13T20:00:00-06:00", "val_method": "IMAGERY/OTHER", "val_date": "2014-07-13T20:00:00-06:00", "owner": "PUBLIC SERVICE CO OF COLORADO", "voltage": 230.0, "volt_class": "220-287", "inferred": "N", "sub_1": "UNKNOWN203691", "sub_2": "SPINDLE", "shape_lengt": 1951.2383351692999, "globalid": "5bb04dcc-e60f-4e74-878b-3de20ae4121f", "STATEFP": "08", "STATENS": "01779779", "AFFGEOID": "0400000US08", "GEOID": "08", "STUSPS": "CO", "NAME": "Colorado", "LSAD": "00", "ALAND": 268422891711, "AWATER": 1181621593 }, "geometry": { "type": "MultiLineString", "coordinates": [ [ [ -104.887849831, 40.092669067 ], [ -104.887575525, 40.092826384 ], [ -104.887647822, 40.093670188 ], [ -104.888522484, 40.094426568000102 ], [ -104.903282395, 40.094456569 ] ] ] } },
{ "type": "Feature", "properties": { "objectid": "70070", "id": "201829", "type": "AC; OVERHEAD", "status": "NOT AVAILABLE", "naics_code": "221121", "naics_desc": "ELECTRIC BULK POWER TRANSMISSION AND CONTROL", "source": "IMAGERY", "sourcedate": "2014-07-07T20:00:00-06:00", "val_method": "IMAGERY", "val_date": "2014-07-07T20:00:00-06:00", "owner": "SOUTHEAST COLORADO POWER ASSN", "voltage": 230.0, "volt_class": "220-287", "inferred": "Y", "sub_1": "UNKNOWN202172", "sub_2": "UNKNOWN201396", "shape_lengt": 25981.630986880798, "globalid": "153d59e4-e2c7-4ced-995f-3e8c9b9dc2f8", "STATEFP": "08", "STATENS": "01779779", "AFFGEOID": "0400000US08", "GEOID": "08", "STUSPS": "CO", "NAME": "Colorado", "LSAD": "00", "ALAND": 268422891711, "AWATER": 1181621593 }, "geometry": { "type": "MultiLineString", "coordinates": [ [ [ -102.609941062, 37.705229348 ], [ -102.610359379, 37.705236869 ], [ -102.611500241, 37.7041010720001 ], [ -102.615773723, 37.699922541 ], [ -102.617057194, 37.698602363000099 ], [ -102.625463925, 37.690404315000102 ], [ -102.633799353, 37.682205362 ], [ -102.641956522, 37.674174814 ], [ -102.643354078, 37.672803382 ], [ -102.656167392, 37.672814669 ], [ -102.672153731, 37.672854176000101 ], [ -102.686350341, 37.672865464 ], [ -102.705445531, 37.672854176000101 ], [ -102.722016562, 37.672803382 ], [ -102.738459245, 37.672769519 ], [ -102.755593577, 37.672735656 ], [ -102.775230676, 37.672696149 ], [ -102.79296396, 37.672758232 ], [ -102.808123173, 37.672888039 ], [ -102.820715445, 37.672967052 ], [ -102.821556831, 37.673638660000101 ], [ -102.822719085, 37.673892628 ], [ -102.822698746, 37.673419745 ] ] ] } },
{ "type": "Feature", "properties": { "objectid": "69936", "id": "201695", "type": "AC; OVERHEAD", "status": "NOT AVAILABLE", "naics_code": "221121", "naics_desc": "ELECTRIC BULK POWER TRANSMISSION AND CONTROL", "source": "Regional Map", "sourcedate": "2014-06-23T20:00:00-06:00", "val_method": "IMAGERY/OTHER", "val_date": "2014-06-23T20:00:00-06:00", "owner": "PUBLIC SERVICE CO OF COLORADO", "voltage": 230.0, "volt_class": "220-287", "inferred": "N", "sub_1": "CAMEO", "sub_2": "PARACHUTE", "shape_lengt": 66582.9624991686, "globalid": "1cfb62d9-5f24-4579-8a7c-420f3160b657", "STATEFP": "08", "STATENS": "01779779", "AFFGEOID": "0400000US08", "GEOID": "08", "STUSPS": "CO", "NAME": "Colorado", "LSAD": "00", "ALAND": 268422891711, "AWATER": 1181621593 }, "geometry": { "type": "MultiLineString", "coordinates": [ [ [ -108.31761013, 39.148420778 ], [ -108.317566563, 39.147974075 ], [ -108.313610592, 39.146178926000097 ], [ -108.303846708, 39.137890978 ], [ -108.292960977, 39.138635753000102 ], [ -108.291059539, 39.140737305000101 ], [ -108.289680997, 39.142768745000097 ], [ -108.278657411, 39.157160428000097 ], [ -108.264582017, 39.167428923 ], [ -108.240419496, 39.184708012 ], [ -108.221229235, 39.214911338 ], [ -108.202775781, 39.233150818000098 ], [ -108.203374734, 39.252029742 ], [ -108.203004824, 39.2542955340001 ], [ -108.197755986, 39.297394944000096 ], [ -108.200204086, 39.30618271 ], [ -108.196814774, 39.314528042000099 ], [ -108.186870254, 39.323059923000102 ], [ -108.171772838, 39.331307644 ], [ -108.169690763, 39.344381396000102 ], [ -108.151655626, 39.355357635000097 ], [ -108.131286473, 39.364215298 ], [ -108.125815085, 39.367081853000101 ], [ -108.10639729, 39.378472256000101 ], [ -108.08876557, 39.388742588000099 ], [ -108.082414767, 39.409735510000097 ], [ -108.066803963, 39.417873847000102 ], [ -108.061546637, 39.421519121000102 ], [ -108.05717318, 39.4245975420001 ], [ -108.048212654, 39.433112312 ], [ -108.029996527, 39.44378412 ], [ -108.027025883, 39.445520937 ], [ -108.023562, 39.4583650000001 ], [ -108.018338862, 39.464016284 ], [ -108.020123928, 39.46543512 ], [ -108.0255176, 39.4699179 ], [ -108.0353023, 39.4650356000001 ], [ -108.0395348, 39.4669279 ], [ -108.0420719, 39.466302600000098 ], [ -108.044108898, 39.466295975 ] ] ] } },
{ "type": "Feature", "properties": { "objectid": "70195", "id": "201955", "type": "AC; OVERHEAD", "status": "NOT AVAILABLE", "naics_code": "221121", "naics_desc": "ELECTRIC BULK POWER TRANSMISSION AND CONTROL", "source": "Regional Map", "sourcedate": "2015-07-08T20:00:00-06:00", "val_method": "IMAGERY/OTHER", "val_date": "2015-07-08T20:00:00-06:00", "owner": "TRI-STATE G & T ASSN, INC", "voltage": 230.0, "volt_class": "220-287", "inferred": "N", "sub_1": "UNKNOWN203882", "sub_2": "UNKNOWN203887", "shape_lengt": 1089.7690976054, "globalid": "2220d074-32e5-4146-87ef-42ff62035a97", "STATEFP": "08", "STATENS": "01779779", "AFFGEOID": "0400000US08", "GEOID": "08", "STUSPS": "CO", "NAME": "Colorado", "LSAD": "00", "ALAND": 268422891711, "AWATER": 1181621593 }, "geometry": { "type": "MultiLineString", "coordinates": [ [ [ -108.321217737, 39.9500703960001 ], [ -108.321821245, 39.949931251000102 ], [ -108.322291851, 39.950324816 ], [ -108.322429705, 39.951684057000101 ], [ -108.322584197, 39.953012297 ], [ -108.321271017, 39.9542421250001 ], [ -108.320064793, 39.955421829 ], [ -108.319434941, 39.955931964 ] ] ] } },
{ "type": "Feature", "properties": { "objectid": "73431", "id": "205004", "type": "AC; OVERHEAD", "status": "NOT AVAILABLE", "naics_code": "221121", "naics_desc": "ELECTRIC BULK POWER TRANSMISSION AND CONTROL", "source": "http://www.oasis.oati.com", "sourcedate": "2015-08-12T20:00:00-06:00", "val_method": "IMAGERY/OTHER", "val_date": "2015-08-12T20:00:00-06:00", "owner": "CITY OF COLORADO SPRINGS - (CO)", "voltage": 230.0, "volt_class": "220-287", "inferred": "N", "sub_1": "UNKNOWN202845", "sub_2": "UNKNOWN202239", "shape_lengt": 8498.7124843437996, "globalid": "b81c7a54-35cf-47fe-bd62-43b6cc736335", "STATEFP": "08", "STATENS": "01779779", "AFFGEOID": "0400000US08", "GEOID": "08", "STUSPS": "CO", "NAME": "Colorado", "LSAD": "00", "ALAND": 268422891711, "AWATER": 1181621593 }, "geometry": { "type": "MultiLineString", "coordinates": [ [ [ -104.670905422, 38.857776981 ], [ -104.671792705, 38.858076351000101 ], [ -104.672096935, 38.858205908 ], [ -104.673055374, 38.85875012 ], [ -104.674700203, 38.859749596 ], [ -104.676373152, 38.860760304000102 ], [ -104.675882231, 38.862221897 ], [ -104.675288007, 38.863909796 ], [ -104.674716766, 38.865574031000101 ], [ -104.673778704, 38.867120076 ], [ -104.672979089, 38.868346812 ], [ -104.673002775, 38.870286795 ], [ -104.673017035, 38.872488926000102 ], [ -104.673031297, 38.874972228 ], [ -104.673036051, 38.877795912000103 ], [ -104.673036051, 38.880227156 ], [ -104.673045558, 38.883316958000101 ], [ -104.673055065, 38.886484442 ], [ -104.673045557, 38.888756364000102 ], [ -104.67304078, 38.890436883000099 ], [ -104.671951772, 38.891764077000097 ], [ -104.670649766, 38.893520853 ], [ -104.669389116, 38.895254499 ], [ -104.669189778, 38.896813311000102 ], [ -104.668660975, 38.897958983000102 ], [ -104.674247798, 38.899967876000098 ], [ -104.676777989, 38.9004439120001 ], [ -104.686654352, 38.900494865 ], [ -104.687965958, 38.8999246280001 ] ] ] } },
{ "type": "Feature", "properties": { "objectid": "70315", "id": "202076", "type": "AC; OVERHEAD", "status": "NOT AVAILABLE", "naics_code": "221121", "naics_desc": "ELECTRIC BULK POWER TRANSMISSION AND CONTROL", "source": "Regional Map", "sourcedate": "2014-07-08T20:00:00-06:00", "val_method": "IMAGERY/OTHER", "val_date": "2014-07-08T20:00:00-06:00", "owner": "PUBLIC SERVICE CO OF COLORADO", "voltage": 230.0, "volt_class": "220-287", "inferred": "N", "sub_1": "SILVER SADDLE", "sub_2": "REUNION", "shape_lengt": 10103.246097367301, "globalid": "d8dbeda7-7062-4dc0-aa88-4553abf15aa8", "STATEFP": "08", "STATENS": "01779779", "AFFGEOID": "0400000US08", "GEOID": "08", "STUSPS": "CO", "NAME": "Colorado", "LSAD": "00", "ALAND": 268422891711, "AWATER": 1181621593 }, "geometry": { "type": "MultiLineString", "coordinates": [ [ [ -104.857299972, 39.8823773330001 ], [ -104.857051354, 39.883071993 ], [ -104.83040359, 39.883169057 ], [ -104.7751387, 39.883307165000097 ], [ -104.768111881, 39.883320322 ], [ -104.768093002, 39.8826451 ] ] ] } },
{ "type": "Feature", "properties": { "objectid": "70373", "id": "202134", "type": "AC; OVERHEAD", "status": "NOT AVAILABLE", "naics_code": "221121", "naics_desc": "ELECTRIC BULK POWER TRANSMISSION AND CONTROL", "source": "IMAGERY", "sourcedate": "2019-04-14T20:00:00-06:00", "val_method": "IMAGERY", "val_date": "2019-04-14T20:00:00-06:00", "owner": "PUBLIC SERVICE CO OF COLORADO", "voltage": 230.0, "volt_class": "220-287", "inferred": "N", "sub_1": "UNKNOWN203678", "sub_2": "PLAINS END", "shape_lengt": 230.9710541298, "globalid": "eff2cfb2-c6af-4b35-8ffc-46df2ce7e64a", "STATEFP": "08", "STATENS": "01779779", "AFFGEOID": "0400000US08", "GEOID": "08", "STUSPS": "CO", "NAME": "Colorado", "LSAD": "00", "ALAND": 268422891711, "AWATER": 1181621593 }, "geometry": { "type": "MultiLineString", "coordinates": [ [ [ -105.224640924, 39.857217918000103 ], [ -105.224375598, 39.857270755000101 ], [ -105.223013737, 39.857690314 ], [ -105.22286308, 39.857918535000103 ] ] ] } },
{ "type": "Feature", "properties": { "objectid": "70095", "id": "201854", "type": "AC; OVERHEAD", "status": "NOT AVAILABLE", "naics_code": "221121", "naics_desc": "ELECTRIC BULK POWER TRANSMISSION AND CONTROL", "source": "Regional Map", "sourcedate": "2014-07-09T20:00:00-06:00", "val_method": "IMAGERY/OTHER", "val_date": "2014-07-09T20:00:00-06:00", "owner": "PUBLIC SERVICE CO OF COLORADO", "voltage": 230.0, "volt_class": "220-287", "inferred": "N", "sub_1": "LOOK OUT", "sub_2": "IDAHO SPRINGS", "shape_lengt": 32717.811548789901, "globalid": "e8f43d0c-c1ba-45e7-8850-4abe4937d1dd", "STATEFP": "08", "STATENS": "01779779", "AFFGEOID": "0400000US08", "GEOID": "08", "STUSPS": "CO", "NAME": "Colorado", "LSAD": "00", "ALAND": 268422891711, "AWATER": 1181621593 }, "geometry": { "type": "MultiLineString", "coordinates": [ [ [ -105.202905753, 39.734166178000102 ], [ -105.203369174, 39.733833541 ], [ -105.203500496, 39.732802600000099 ], [ -105.2053369, 39.732802600000099 ], [ -105.2078099, 39.732810900000104 ], [ -105.2102239, 39.732815000000102 ], [ -105.2150089, 39.732815000000102 ], [ -105.219441, 39.732790200000103 ], [ -105.2228045, 39.732788200000101 ], [ -105.2265102, 39.7327449000001 ], [ -105.2287633, 39.732736600000102 ], [ -105.2304531, 39.732563400000103 ], [ -105.2349056, 39.732113700000099 ], [ -105.2359677, 39.731998200000099 ], [ -105.2377648, 39.731651600000099 ], [ -105.2410585, 39.730174700000099 ], [ -105.2431604, 39.7294115 ], [ -105.2434672, 39.7293001 ], [ -105.2445405, 39.7289208 ], [ -105.2464518, 39.7282254 ], [ -105.2493627, 39.727191800000099 ], [ -105.2513234, 39.7264764 ], [ -105.2525599, 39.7260449 ], [ -105.255179, 39.7255672000001 ], [ -105.2565012, 39.725325300000101 ], [ -105.2581217, 39.725036600000102 ], [ -105.2604984, 39.724615700000101 ], [ -105.2653969, 39.723722 ], [ -105.2704714, 39.7227938 ], [ -105.2731217, 39.7223191 ], [ -105.2767557, 39.721672700000099 ], [ -105.2806211, 39.7209617 ], [ -105.2808893, 39.721551700000099 ], [ -105.2812595, 39.7222366 ], [ -105.2817316, 39.723066000000102 ], [ -105.2858836, 39.723193900000098 ], [ -105.2890272, 39.723284600000099 ], [ -105.291059, 39.7213614 ], [ -105.2925664, 39.721479 ], [ -105.2938672, 39.721565600000098 ], [ -105.2961203, 39.7217224 ], [ -105.2980086, 39.721858600000097 ], [ -105.3035971, 39.7222654 ], [ -105.3077101, 39.7225105 ], [ -105.3091934, 39.722646600000097 ], [ -105.3120204, 39.7228014 ], [ -105.3142306, 39.722941600000098 ], [ -105.3169208, 39.7231479000001 ], [ -105.3180983, 39.7232181 ], [ -105.3228431, 39.7235482 ], [ -105.3259304, 39.723799900000103 ], [ -105.3269442, 39.7238576 ], [ -105.3316542, 39.7241815 ], [ -105.3350418, 39.7244146 ], [ -105.3357499, 39.7244765 ], [ -105.33899, 39.7246993 ], [ -105.3408783, 39.724790100000099 ], [ -105.3454649, 39.7251305 ], [ -105.3487345, 39.7253945 ], [ -105.3508508, 39.7254997000001 ], [ -105.3546313, 39.7258382 ], [ -105.3567878, 39.725446300000101 ], [ -105.3597989, 39.724971600000103 ], [ -105.3630964, 39.7244767 ], [ -105.364997, 39.724175300000098 ], [ -105.3665688, 39.7239195000001 ], [ -105.3706994, 39.7232428 ], [ -105.3719691, 39.723069700000103 ], [ -105.3747533, 39.7226406 ], [ -105.3781774, 39.722066900000101 ], [ -105.3804197, 39.7216914 ], [ -105.3828337, 39.721320100000099 ], [ -105.3856806, 39.720911800000103 ], [ -105.3876348, 39.7205691 ], [ -105.3906711, 39.720086400000099 ], [ -105.3936521, 39.7196368 ], [ -105.3970279, 39.7190631 ], [ -105.3980203, 39.719096100000101 ], [ -105.4013731, 39.720544400000101 ], [ -105.4039051, 39.7216667000001 ], [ -105.406008, 39.722582600000102 ], [ -105.4079, 39.7233998 ], [ -105.4093393, 39.724006100000103 ], [ -105.4111846, 39.724818900000102 ], [ -105.4124024, 39.7254048 ], [ -105.4146393, 39.726362000000101 ], [ -105.4167422, 39.727228400000101 ], [ -105.4190971, 39.7281443 ], [ -105.4236928, 39.730207300000103 ], [ -105.4283239, 39.732203900000101 ], [ -105.4321166, 39.7338417 ], [ -105.4333075, 39.7343656 ], [ -105.4387561, 39.736675900000101 ], [ -105.4403815, 39.737402 ], [ -105.4431174, 39.7385859 ], [ -105.4457959, 39.739711800000102 ], [ -105.4498245, 39.7414731000001 ], [ -105.4508571, 39.7419413000001 ], [ -105.459079331, 39.743705936 ], [ -105.464619611, 39.744892762000099 ], [ -105.4685191, 39.745728 ], [ -105.471106478, 39.744526806000103 ], [ -105.478891433, 39.742933908000097 ], [ -105.479408, 39.742781 ] ] ] } },
{ "type": "Feature", "properties": { "objectid": "73525", "id": "205189", "type": "AC; OVERHEAD", "status": "NOT AVAILABLE", "naics_code": "221121", "naics_desc": "ELECTRIC BULK POWER TRANSMISSION AND CONTROL", "source": "Regional Map", "sourcedate": "2015-08-12T20:00:00-06:00", "val_method": "IMAGERY/OTHER", "val_date": "2015-08-12T20:00:00-06:00", "owner": "PUBLIC SERVICE CO OF COLORADO", "voltage": 230.0, "volt_class": "220-287", "inferred": "N", "sub_1": "WINDSOR", "sub_2": "AULT", "shape_lengt": 24911.112959513299, "globalid": "c4feb9aa-dad3-494b-8300-4b3de4b63c9a", "STATEFP": "08", "STATENS": "01779779", "AFFGEOID": "0400000US08", "GEOID": "08", "STUSPS": "CO", "NAME": "Colorado", "LSAD": "00", "ALAND": 268422891711, "AWATER": 1181621593 }, "geometry": { "type": "MultiLineString", "coordinates": [ [ [ -104.885259253, 40.475395993000099 ], [ -104.884960322, 40.475741419 ], [ -104.885067278, 40.477902830000097 ], [ -104.872677034, 40.485368245000103 ], [ -104.870452351, 40.486677025000098 ], [ -104.869378039, 40.487906243000097 ], [ -104.868303727, 40.489048672000102 ], [ -104.867162864, 40.491138255000102 ], [ -104.865099804, 40.494652078000101 ], [ -104.859690213, 40.503920169 ], [ -104.856600377, 40.509117548000098 ], [ -104.85574473, 40.510599341 ], [ -104.855335921, 40.511813664 ], [ -104.855022184, 40.513729070000103 ], [ -104.853900335, 40.521462417000102 ], [ -104.853234832, 40.525560006 ], [ -104.852692922, 40.52652836 ], [ -104.851580581, 40.527865242000097 ], [ -104.850591834, 40.529043121 ], [ -104.849355899, 40.530076459 ], [ -104.847673126, 40.530755707 ], [ -104.84610444, 40.530871323 ], [ -104.843575528, 40.5308785490001 ], [ -104.832319016, 40.530907454000101 ], [ -104.832289306, 40.534404742 ], [ -104.83217522, 40.5378512710001 ], [ -104.832774172, 40.539809283000103 ], [ -104.832032612, 40.541810588 ], [ -104.832013597, 40.544079141000097 ], [ -104.831985076, 40.552704723 ], [ -104.831890005, 40.562224805 ], [ -104.832032612, 40.571938515 ], [ -104.831956554, 40.582972157 ], [ -104.831975569, 40.592459056000102 ], [ -104.831959868, 40.595781009 ], [ -104.829597217, 40.595809887 ], [ -104.82684954, 40.595856811 ], [ -104.824206532, 40.595900126 ], [ -104.821729905, 40.59594344 ], [ -104.816286945, 40.596033678 ], [ -104.813596374, 40.596091431 ], [ -104.810971589, 40.596138971000101 ], [ -104.810880354, 40.598745892000103 ], [ -104.810856584, 40.601207576 ], [ -104.810809043, 40.603676511000103 ], [ -104.810842206, 40.605516324 ], [ -104.811985842, 40.605950199000098 ], [ -104.812190246, 40.60594659 ], [ -104.813195224, 40.607539759000097 ] ] ] } },
{ "type": "Feature", "properties": { "objectid": "73553", "id": "205222", "type": "AC; OVERHEAD", "status": "NOT AVAILABLE", "naics_code": "221121", "naics_desc": "ELECTRIC BULK POWER TRANSMISSION AND CONTROL", "source": "IMAGERY", "sourcedate": "2015-08-12T20:00:00-06:00", "val_method": "IMAGERY", "val_date": "2015-08-12T20:00:00-06:00", "owner": "PUBLIC SERVICE CO OF COLORADO", "voltage": 230.0, "volt_class": "220-287", "inferred": "Y", "sub_1": "GREENWOOD", "sub_2": "MONACO", "shape_lengt": 5424.5774540916, "globalid": "8fde9a8a-fc1c-4a8b-bf9f-4c3ff1bd89cf", "STATEFP": "08", "STATENS": "01779779", "AFFGEOID": "0400000US08", "GEOID": "08", "STUSPS": "CO", "NAME": "Colorado", "LSAD": "00", "ALAND": 268422891711, "AWATER": 1181621593 }, "geometry": { "type": "MultiLineString", "coordinates": [ [ [ -104.92220027, 39.601442162000097 ], [ -104.921758116, 39.602254051 ], [ -104.913376465, 39.602227282000101 ], [ -104.913367542, 39.606090932 ], [ -104.908671081, 39.606093906000098 ], [ -104.908703798, 39.610064632 ], [ -104.908930854, 39.622227377000101 ], [ -104.909038341, 39.624069593000101 ], [ -104.909005498, 39.6271120870001 ], [ -104.909184644, 39.628627362 ], [ -104.90914579, 39.628801725000102 ] ] ] } },
{ "type": "Feature", "properties": { "objectid": "69902", "id": "201659", "type": "AC; OVERHEAD", "status": "NOT AVAILABLE", "naics_code": "221121", "naics_desc": "ELECTRIC BULK POWER TRANSMISSION AND CONTROL", "source": "Regional Map", "sourcedate": "2014-06-23T20:00:00-06:00", "val_method": "IMAGERY/OTHER", "val_date": "2014-06-23T20:00:00-06:00", "owner": "TRI-STATE G & T ASSN, INC", "voltage": 230.0, "volt_class": "220-287", "inferred": "N", "sub_1": "WOLCOTT", "sub_2": "UNKNOWN202355", "shape_lengt": 119368.98994509, "globalid": "c3ab39f8-3189-49e4-82b6-501365da0782", "STATEFP": "08", "STATENS": "01779779", "AFFGEOID": "0400000US08", "GEOID": "08", "STUSPS": "CO", "NAME": "Colorado", "LSAD": "00", "ALAND": 268422891711, "AWATER": 1181621593 }, "geometry": { "type": "MultiLineString", "coordinates": [ [ [ -106.688393375, 39.695013332 ], [ -106.689907877, 39.695217954 ], [ -106.690107527, 39.696049154 ], [ -106.69092059, 39.699096115 ], [ -106.694447757, 39.701831842 ], [ -106.704519832, 39.709546519000099 ], [ -106.706540109, 39.716128639 ], [ -106.714264701, 39.731667263000098 ], [ -106.705351711, 39.7414456590001 ], [ -106.703925633, 39.763282115 ], [ -106.725911007, 39.801821631000102 ], [ -106.72353421, 39.830848993000103 ], [ -106.728287804, 39.834590623 ], [ -106.738032674, 39.836050715 ], [ -106.751461578, 39.834225595000099 ], [ -106.768693358, 39.835868205 ], [ -106.801136641, 39.834408109 ], [ -106.814446706, 39.834864392 ], [ -106.826211853, 39.8470004220001 ], [ -106.851524743, 39.882301328 ], [ -106.904765002, 39.913573511 ], [ -106.931860492, 39.941004689000103 ], [ -106.947547354, 39.989551867 ], [ -106.949686471, 40.066719086 ], [ -106.954440066, 40.107633212000103 ], [ -106.954202386, 40.118448614 ], [ -106.944576356, 40.168595041000103 ], [ -106.94243724, 40.186482538000099 ], [ -106.949092272, 40.206271328000099 ], [ -106.957767582, 40.219430399 ], [ -106.962640016, 40.23676017 ], [ -106.997935455, 40.301412762 ], [ -107.002332531, 40.306216168 ], [ -107.006016567, 40.308028684000099 ], [ -107.007561485, 40.310203641 ], [ -107.007680325, 40.318902764 ], [ -107.01136436, 40.326060578000103 ], [ -107.001144132, 40.331496385 ], [ -107.005422367, 40.343453618000098 ], [ -107.015286075, 40.352691848000099 ], [ -107.040123607, 40.36989694 ], [ -107.042317277, 40.3702660800001 ] ] ] } },
{ "type": "Feature", "properties": { "objectid": "73529", "id": "205195", "type": "AC; OVERHEAD", "status": "NOT AVAILABLE", "naics_code": "221121", "naics_desc": "ELECTRIC BULK POWER TRANSMISSION AND CONTROL", "source": "Regional Map", "sourcedate": "2015-08-12T20:00:00-06:00", "val_method": "IMAGERY/OTHER", "val_date": "2015-08-12T20:00:00-06:00", "owner": "PLATTE RIVER POWER AUTHORITY", "voltage": 230.0, "volt_class": "220-287", "inferred": "N", "sub_1": "TIMBERLINE", "sub_2": "UNKNOWN205141", "shape_lengt": 14243.376964195601, "globalid": "33189ffe-007e-420b-8bcb-4fdf92cc141f", "STATEFP": "08", "STATENS": "01779779", "AFFGEOID": "0400000US08", "GEOID": "08", "STUSPS": "CO", "NAME": "Colorado", "LSAD": "00", "ALAND": 268422891711, "AWATER": 1181621593 }, "geometry": { "type": "MultiLineString", "coordinates": [ [ [ -105.041177155, 40.564599097 ], [ -105.041040211, 40.5649278160001 ], [ -105.040757966, 40.564930073 ], [ -105.038692784, 40.564680519 ], [ -105.036613116, 40.563321820000098 ], [ -105.034673073, 40.5620488550001 ], [ -105.032667604, 40.560735195000099 ], [ -105.030745322, 40.559482453 ], [ -105.02864278, 40.558114565 ], [ -105.025624187, 40.558664062 ], [ -105.022694685, 40.559205804 ], [ -105.019639208, 40.559775997 ], [ -105.016349152, 40.559710634000098 ], [ -105.013458404, 40.559658721000098 ], [ -105.010692435, 40.559600036000099 ], [ -105.007751103, 40.559543606 ], [ -105.004940507, 40.559489433000103 ], [ -105.001764076, 40.559432996 ], [ -104.999068962, 40.559430739 ], [ -104.996190175, 40.559430739 ], [ -104.993302366, 40.559414939000099 ], [ -104.990860152, 40.559414939000099 ], [ -104.987981349, 40.559405910000102 ], [ -104.985099425, 40.559394625 ], [ -104.981843224, 40.559392367 ], [ -104.978750437, 40.559378824000099 ], [ -104.97587749, 40.559374310000102 ], [ -104.972998963, 40.559360769000101 ], [ -104.970491752, 40.559317888000102 ], [ -104.967963705, 40.55927275 ], [ -104.965358217, 40.559198265000099 ], [ -104.962576947, 40.559139570000099 ], [ -104.959872989, 40.559110223 ], [ -104.956996937, 40.559092165 ], [ -104.954106157, 40.559076365000102 ], [ -104.951230199, 40.559058307 ], [ -104.948422659, 40.559047022000101 ], [ -104.945772223, 40.559024447000098 ], [ -104.943507787, 40.559044767 ], [ -104.940636933, 40.559085408 ], [ -104.937980165, 40.559207327 ], [ -104.93552358, 40.559314825000101 ], [ -104.935385347, 40.561540763 ], [ -104.935394263, 40.563739833000099 ], [ -104.935406147, 40.565920076 ], [ -104.93541506, 40.5680370420001 ], [ -104.935423973, 40.570133669 ], [ -104.935435984, 40.571854412 ], [ -104.934510338, 40.57186691 ], [ -104.934530006, 40.572649519 ] ] ] } },
{ "type": "Feature", "properties": { "objectid": "70047", "id": "201806", "type": "AC; OVERHEAD", "status": "NOT AVAILABLE", "naics_code": "221121", "naics_desc": "ELECTRIC BULK POWER TRANSMISSION AND CONTROL", "source": "Regional Map", "sourcedate": "2014-06-23T20:00:00-06:00", "val_method": "IMAGERY/OTHER", "val_date": "2014-06-23T20:00:00-06:00", "owner": "WAPA-- WESTERN AREA POWER ADMINISTRATION", "voltage": 230.0, "volt_class": "220-287", "inferred": "N", "sub_1": "WEST CANON", "sub_2": "MIDWAY", "shape_lengt": 88836.597436955897, "globalid": "988c0bee-cb80-49ea-bb9f-50c194434601", "STATEFP": "08", "STATENS": "01779779", "AFFGEOID": "0400000US08", "GEOID": "08", "STUSPS": "CO", "NAME": "Colorado", "LSAD": "00", "ALAND": 268422891711, "AWATER": 1181621593 }, "geometry": { "type": "MultiLineString", "coordinates": [ [ [ -105.31947, 38.504928 ], [ -105.318257051, 38.50471638 ], [ -105.302795985, 38.502313247000103 ], [ -105.288416362, 38.496918925 ], [ -105.267975905, 38.492175309000103 ], [ -105.234463064, 38.496546888000097 ], [ -105.209982052, 38.50138322 ], [ -105.162089587, 38.497290961 ], [ -105.149136042, 38.4957097980001 ], [ -105.112058004, 38.490873085 ], [ -105.023641146, 38.485198835000098 ], [ -105.013777436, 38.480268386 ], [ -104.980739954, 38.439881834000097 ], [ -104.976937079, 38.438020159000096 ], [ -104.968618288, 38.436158434 ], [ -104.922983781, 38.434762109000097 ], [ -104.904444762, 38.426476693 ], [ -104.746031223, 38.426383593 ], [ -104.738900831, 38.429642021000099 ], [ -104.728324083, 38.443046574 ], [ -104.713706781, 38.493198468000102 ], [ -104.696356161, 38.542850729000101 ], [ -104.692619835, 38.5601372940001 ], [ -104.692363141, 38.561155771000102 ], [ -104.690542407, 38.561174435000098 ] ] ] } },
{ "type": "Feature", "properties": { "objectid": "74542", "id": "206822", "type": "AC; OVERHEAD", "status": "NOT AVAILABLE", "naics_code": "221121", "naics_desc": "ELECTRIC BULK POWER TRANSMISSION AND CONTROL", "source": "IMAGERY", "sourcedate": "2016-01-18T18:00:00-07:00", "val_method": "IMAGERY", "val_date": "2016-01-18T18:00:00-07:00", "owner": "PUBLIC SERVICE CO OF COLORADO", "voltage": 230.0, "volt_class": "220-287", "inferred": "Y", "sub_1": "NOT AVAILABLE", "sub_2": "UNKNOWN203894", "shape_lengt": 49.2801341901, "globalid": "fde6aff8-d350-4b90-96a7-6c9bd6e3c05c", "STATEFP": "08", "STATENS": "01779779", "AFFGEOID": "0400000US08", "GEOID": "08", "STUSPS": "CO", "NAME": "Colorado", "LSAD": "00", "ALAND": 268422891711, "AWATER": 1181621593 }, "geometry": { "type": "MultiLineString", "coordinates": [ [ [ -107.728870206, 39.517834691000097 ], [ -107.7284276, 39.517828000000101 ] ] ] } },
{ "type": "Feature", "properties": { "objectid": "74633", "id": "206923", "type": "AC; OVERHEAD", "status": "NOT AVAILABLE", "naics_code": "221121", "naics_desc": "ELECTRIC BULK POWER TRANSMISSION AND CONTROL", "source": "IMAGERY", "sourcedate": "2016-02-16T18:00:00-07:00", "val_method": "IMAGERY", "val_date": "2016-02-16T18:00:00-07:00", "owner": "CITY OF COLORADO SPRINGS - (CO)", "voltage": 230.0, "volt_class": "220-287", "inferred": "Y", "sub_1": "FRONT RANGE", "sub_2": "NOT AVAILABLE", "shape_lengt": 623.25114156289999, "globalid": "d8c824ca-c6ba-4b6d-af1f-6f84d5be814f", "STATEFP": "08", "STATENS": "01779779", "AFFGEOID": "0400000US08", "GEOID": "08", "STUSPS": "CO", "NAME": "Colorado", "LSAD": "00", "ALAND": 268422891711, "AWATER": 1181621593 }, "geometry": { "type": "MultiLineString", "coordinates": [ [ [ -104.702546623, 38.632136099 ], [ -104.702873422, 38.633161668000099 ], [ -104.704132288, 38.633201933000102 ], [ -104.705387238, 38.633213073 ], [ -104.707095495, 38.633430939 ] ] ] } },
{ "type": "Feature", "properties": { "objectid": "74423", "id": "206702", "type": "AC; OVERHEAD", "status": "NOT AVAILABLE", "naics_code": "221121", "naics_desc": "ELECTRIC BULK POWER TRANSMISSION AND CONTROL", "source": "IMAGERY", "sourcedate": "2015-12-16T18:00:00-07:00", "val_method": "IMAGERY", "val_date": "2015-12-16T18:00:00-07:00", "owner": "PUBLIC SERVICE CO OF COLORADO", "voltage": 230.0, "volt_class": "220-287", "inferred": "Y", "sub_1": "NOT AVAILABLE", "sub_2": "RMEC", "shape_lengt": 201.5287099514, "globalid": "f6507eb6-f109-429d-9489-76276c4b5351", "STATEFP": "08", "STATENS": "01779779", "AFFGEOID": "0400000US08", "GEOID": "08", "STUSPS": "CO", "NAME": "Colorado", "LSAD": "00", "ALAND": 268422891711, "AWATER": 1181621593 }, "geometry": { "type": "MultiLineString", "coordinates": [ [ [ -104.595001318, 40.090652311 ], [ -104.595610757, 40.090116337 ], [ -104.59561968, 40.089872443 ], [ -104.595213913, 40.08957401 ] ] ] } },
{ "type": "Feature", "properties": { "objectid": "70344", "id": "202105", "type": "AC; OVERHEAD", "status": "NOT AVAILABLE", "naics_code": "221121", "naics_desc": "ELECTRIC BULK POWER TRANSMISSION AND CONTROL", "source": "Regional Map", "sourcedate": "2014-07-08T20:00:00-06:00", "val_method": "IMAGERY/OTHER", "val_date": "2014-07-08T20:00:00-06:00", "owner": "PUBLIC SERVICE CO OF COLORADO", "voltage": 230.0, "volt_class": "220-287", "inferred": "N", "sub_1": "RIVERDALE", "sub_2": "CHEROKEE", "shape_lengt": 13975.0441743601, "globalid": "4b4f300c-7769-41b3-bb3a-763f166459c1", "STATEFP": "08", "STATENS": "01779779", "AFFGEOID": "0400000US08", "GEOID": "08", "STUSPS": "CO", "NAME": "Colorado", "LSAD": "00", "ALAND": 268422891711, "AWATER": 1181621593 }, "geometry": { "type": "MultiLineString", "coordinates": [ [ [ -104.91837188, 39.8814560100001 ], [ -104.919346965, 39.880934770000103 ], [ -104.921556024, 39.880930112 ], [ -104.921452854, 39.870627832 ], [ -104.925324776, 39.867236870000099 ], [ -104.933869707, 39.859676471 ], [ -104.936770614, 39.8555675120001 ], [ -104.940836739, 39.855623418 ], [ -104.940824601, 39.854505292 ], [ -104.942153678, 39.854477339 ], [ -104.942184022, 39.852087284 ], [ -104.943846885, 39.8473581760001 ], [ -104.946881307, 39.838364984000101 ], [ -104.950043174, 39.8358392230001 ], [ -104.950097794, 39.828140205000103 ], [ -104.950116, 39.823856903 ], [ -104.951730312, 39.81671592 ], [ -104.952755947, 39.814161393000099 ], [ -104.960172073, 39.813159135 ], [ -104.960226693, 39.812310700000097 ], [ -104.962411476, 39.812063626000104 ], [ -104.967630682, 39.812110244000102 ], [ -104.967571224, 39.809535715 ], [ -104.966611266, 39.809529263000101 ], [ -104.966865262, 39.808152214000103 ] ] ] } },
{ "type": "Feature", "properties": { "objectid": "73029", "id": "204989", "type": "AC; OVERHEAD", "status": "NOT AVAILABLE", "naics_code": "221121", "naics_desc": "ELECTRIC BULK POWER TRANSMISSION AND CONTROL", "source": "IMAGERY", "sourcedate": "2019-02-18T18:00:00-07:00", "val_method": "IMAGERY", "val_date": "2019-02-18T18:00:00-07:00", "owner": "CITY OF COLORADO SPRINGS - (CO)", "voltage": 230.0, "volt_class": "220-287", "inferred": "N", "sub_1": "FRONT RANGE", "sub_2": "UNKNOWN201277", "shape_lengt": 800.30834958840001, "globalid": "2710bf90-61aa-4bcd-b063-789874792497", "STATEFP": "08", "STATENS": "01779779", "AFFGEOID": "0400000US08", "GEOID": "08", "STUSPS": "CO", "NAME": "Colorado", "LSAD": "00", "ALAND": 268422891711, "AWATER": 1181621593 }, "geometry": { "type": "MultiLineString", "coordinates": [ [ [ -104.702546623, 38.632136099 ], [ -104.702767215, 38.631857083000099 ], [ -104.702761272, 38.630441342 ], [ -104.706475018, 38.629745065000101 ], [ -104.706701264, 38.628873832000103 ] ] ] } },
{ "type": "Feature", "properties": { "objectid": "73522", "id": "205186", "type": "AC; OVERHEAD", "status": "NOT AVAILABLE", "naics_code": "221121", "naics_desc": "ELECTRIC BULK POWER TRANSMISSION AND CONTROL", "source": "Regional Map", "sourcedate": "2015-08-12T20:00:00-06:00", "val_method": "IMAGERY/OTHER", "val_date": "2015-08-12T20:00:00-06:00", "owner": "PLATTE RIVER POWER AUTHORITY", "voltage": 230.0, "volt_class": "220-287", "inferred": "N", "sub_1": "TAP205898", "sub_2": "RAWHIDE", "shape_lengt": 55577.021043262903, "globalid": "21448381-99ac-49e1-83f7-7c08700020e1", "STATEFP": "08", "STATENS": "01779779", "AFFGEOID": "0400000US08", "GEOID": "08", "STUSPS": "CO", "NAME": "Colorado", "LSAD": "00", "ALAND": 268422891711, "AWATER": 1181621593 }, "geometry": { "type": "MultiLineString", "coordinates": [ [ [ -105.101955645, 40.600396766000102 ], [ -105.103013449, 40.600779391000103 ], [ -105.104476546, 40.601319472 ], [ -105.105881128, 40.6019430650001 ], [ -105.107222739, 40.602638394 ], [ -105.108558668, 40.603336845000101 ], [ -105.110006167, 40.604105591000099 ], [ -105.11115411, 40.604708272 ], [ -105.112266463, 40.605294741000101 ], [ -105.113542952, 40.605966086000102 ], [ -105.114819254, 40.606653567000102 ], [ -105.116102675, 40.6073247940001 ], [ -105.117381393, 40.608008673 ], [ -105.118657535, 40.608676201 ], [ -105.119938733, 40.609342075 ], [ -105.121219926, 40.610022376000103 ], [ -105.122496224, 40.610695378000102 ], [ -105.123774959, 40.611370210000103 ], [ -105.125051268, 40.612045008 ], [ -105.126332336, 40.612717998 ], [ -105.127613504, 40.613392839 ], [ -105.128894555, 40.614073023000103 ], [ -105.13018942, 40.6147508500001 ], [ -105.130067499, 40.617226075000097 ], [ -105.130107898, 40.619713618 ], [ -105.130076996, 40.621849952 ], [ -105.130057982, 40.623213769000103 ], [ -105.130041344, 40.624601029000097 ], [ -105.130024802, 40.625849376000097 ], [ -105.130799761, 40.626907368 ], [ -105.131572269, 40.627959106 ], [ -105.132392288, 40.62909377 ], [ -105.133069533, 40.630021847000101 ], [ -105.133050366, 40.630938238000098 ], [ -105.133028976, 40.631997035 ], [ -105.13301008, 40.633015198000102 ], [ -105.133605505, 40.633965542 ], [ -105.134202092, 40.634939560000099 ], [ -105.134800962, 40.635898984 ], [ -105.135409203, 40.636864728 ], [ -105.137674462, 40.636875619000101 ], [ -105.137618674, 40.638134620000102 ], [ -105.137882447, 40.639355415000097 ], [ -105.137853873, 40.640683524000103 ], [ -105.137818222, 40.642016283 ], [ -105.137799208, 40.643101898 ], [ -105.137777816, 40.6442399680001 ], [ -105.137744539, 40.64550783 ], [ -105.137711266, 40.646878342 ], [ -105.137687498, 40.648050490000102 ], [ -105.137664095, 40.649149624000103 ], [ -105.140354202, 40.650172822 ], [ -105.140937508, 40.651360241000098 ], [ -105.141346823, 40.652698090000101 ], [ -105.141762624, 40.65403201 ], [ -105.142240955, 40.655388340000101 ], [ -105.14321892, 40.656444630000102 ], [ -105.144229029, 40.657537275 ], [ -105.14527013, 40.658655243 ], [ -105.146296992, 40.659780429000101 ], [ -105.147321411, 40.660900116 ], [ -105.148320432, 40.661999328 ], [ -105.150365701, 40.662249273 ], [ -105.152201777, 40.66279827 ], [ -105.152166125, 40.664201842000097 ], [ -105.151125088, 40.664658875 ], [ -105.151039936, 40.666292957 ], [ -105.150986551, 40.6687063460001 ], [ -105.151538135, 40.670916929 ], [ -105.152144222, 40.673355977 ], [ -105.152831997, 40.676123558 ], [ -105.153672979, 40.678645001000099 ], [ -105.154539323, 40.681243275 ], [ -105.155332481, 40.6836248050001 ], [ -105.155314613, 40.685811756000099 ], [ -105.155293222, 40.688393551 ], [ -105.155268265, 40.690883285000098 ], [ -105.155250438, 40.693467611000102 ], [ -105.155221999, 40.695596957000099 ], [ -105.155885234, 40.697270413000098 ], [ -105.155824424, 40.699209455000101 ], [ -105.155753122, 40.701944712000099 ], [ -105.155678251, 40.704623216000101 ], [ -105.155603384, 40.707096074 ], [ -105.155542779, 40.709722795000097 ], [ -105.155499987, 40.711887984 ], [ -105.155385875, 40.713904407 ], [ -105.155286058, 40.715939049 ], [ -105.155171961, 40.718492885 ], [ -105.155025773, 40.720716942 ], [ -105.154867954, 40.723372772000097 ], [ -105.152677689, 40.72500003 ], [ -105.150481331, 40.726575351000101 ], [ -105.147939513, 40.728425949 ], [ -105.145355945, 40.730311166 ], [ -105.144649975, 40.732811263 ], [ -105.144004706, 40.735210088 ], [ -105.143209649, 40.738111473000103 ], [ -105.142482357, 40.7407668170001 ], [ -105.141705162, 40.743624605 ], [ -105.140974272, 40.746336572000097 ], [ -105.140218452, 40.749053735000103 ], [ -105.139598122, 40.751357515000102 ], [ -105.138968163, 40.753651932 ], [ -105.138950365, 40.756329533 ], [ -105.138943234, 40.759027438 ], [ -105.138921843, 40.761185084 ], [ -105.138918278, 40.763844998 ], [ -105.138879059, 40.766674949 ], [ -105.138861227, 40.769141020000099 ], [ -105.138682891, 40.771747667000099 ], [ -105.138454794, 40.774622137 ], [ -105.138436975, 40.777269531000101 ], [ -105.138419149, 40.779969279 ], [ -105.138390632, 40.7829411270001 ], [ -105.138447681, 40.785889254 ], [ -105.138365671, 40.788675304 ], [ -105.138362107, 40.791538969 ], [ -105.138319323, 40.794424466000102 ], [ -105.138290801, 40.797269130000103 ], [ -105.138276461, 40.798827074 ], [ -105.136909754, 40.801077715000098 ], [ -105.135661961, 40.803153011000099 ], [ -105.134150281, 40.805657425 ], [ -105.13349559, 40.806736924000099 ], [ -105.133488484, 40.809326779000102 ], [ -105.133470657, 40.811933545 ], [ -105.133445697, 40.8145026810001 ], [ -105.133367258, 40.817122796 ], [ -105.133317361, 40.819526038 ], [ -105.133363708, 40.821954185 ], [ -105.133313783, 40.82477147 ], [ -105.133260318, 40.826842854 ], [ -105.133295961, 40.829113752000097 ], [ -105.133324482, 40.831784381 ], [ -105.133367273, 40.834590265 ], [ -105.13331735, 40.836894306 ], [ -105.133278135, 40.839399924000098 ], [ -105.133253026, 40.841611566 ], [ -105.132108509, 40.842755132 ], [ -105.130005029, 40.844853455000099 ], [ -105.128201074, 40.846652303 ], [ -105.125762516, 40.849095646000102 ], [ -105.124443399, 40.850417078000099 ], [ -105.122931741, 40.851932670000103 ], [ -105.12129175, 40.853572259 ], [ -105.119373653, 40.855494967 ], [ -105.117323662, 40.857538947000101 ], [ -105.115576747, 40.8592889170001 ], [ -105.113273503, 40.861594445 ], [ -105.111399862, 40.863441171 ], [ -105.107979461, 40.863457473 ], [ -105.105622818, 40.863470955 ], [ -105.101690363, 40.863484437000103 ], [ -105.097483285, 40.863503311 ], [ -105.093657398, 40.863500614 ], [ -105.090127633, 40.86347365 ], [ -105.086223721, 40.863446687000099 ], [ -105.083278873, 40.863422421000102 ], [ -105.079307297, 40.863395459 ], [ -105.075342625, 40.863368495 ], [ -105.072105207, 40.863330745 ], [ -105.069199607, 40.863292997 ], [ -105.065673672, 40.863255251 ], [ -105.062457828, 40.863217502 ], [ -105.059014087, 40.863177061000101 ], [ -105.054768408, 40.863155494000097 ], [ -105.050971775, 40.863160885000099 ], [ -105.047805651, 40.863171612 ], [ -105.045245639, 40.864592811000101 ], [ -105.041736399, 40.866528247000097 ], [ -105.041573995, 40.868397152000099 ], [ -105.041323095, 40.870319207000101 ], [ -105.0380226, 40.870310997 ], [ -105.03491024, 40.8703002130001 ], [ -105.031972561, 40.870297517 ], [ -105.028418035, 40.870289429 ], [ -105.025159526, 40.870284038000101 ], [ -105.021604483, 40.870284038000101 ], [ -105.018749363, 40.869458745 ], [ -105.018663799, 40.867256069000099 ], [ -105.018621016, 40.865142293000098 ], [ -105.018563973, 40.863074287000103 ], [ -105.018606755, 40.861836688 ], [ -105.020690831, 40.861833191000102 ], [ -105.021056429, 40.86097232 ] ] ] } },
{ "type": "Feature", "properties": { "objectid": "70442", "id": "202203", "type": "AC; OVERHEAD", "status": "NOT AVAILABLE", "naics_code": "221121", "naics_desc": "ELECTRIC BULK POWER TRANSMISSION AND CONTROL", "source": "Regional Map", "sourcedate": "2014-07-08T20:00:00-06:00", "val_method": "IMAGERY/OTHER", "val_date": "2014-07-08T20:00:00-06:00", "owner": "PUBLIC SERVICE CO OF COLORADO", "voltage": 230.0, "volt_class": "220-287", "inferred": "N", "sub_1": "DANIELS PARK", "sub_2": "MARCY", "shape_lengt": 11842.983756735501, "globalid": "89dd6891-0235-4040-a125-7d80d12105d1", "STATEFP": "08", "STATENS": "01779779", "AFFGEOID": "0400000US08", "GEOID": "08", "STUSPS": "CO", "NAME": "Colorado", "LSAD": "00", "ALAND": 268422891711, "AWATER": 1181621593 }, "geometry": { "type": "MultiLineString", "coordinates": [ [ [ -104.90505142, 39.494246447000101 ], [ -104.906336487, 39.493560600000102 ], [ -104.90656036, 39.493052595000101 ], [ -104.907312669, 39.493085912 ], [ -104.921139757, 39.493081191 ], [ -104.92564991, 39.49307887 ], [ -104.934283193, 39.493064025000102 ], [ -104.941437881, 39.493068607000097 ], [ -104.942320451, 39.493078208 ], [ -104.94618975, 39.492220024000098 ], [ -104.95362692, 39.490627992 ], [ -104.957029012, 39.491294806000099 ], [ -104.968767309, 39.493642575000102 ], [ -104.968258537, 39.517762105 ], [ -104.969914446, 39.521849708 ], [ -104.969904846, 39.524048917000101 ], [ -104.969756055, 39.524756055000097 ], [ -104.969934395, 39.525025060000097 ] ] ] } },
{ "type": "Feature", "properties": { "objectid": "70310", "id": "202071", "type": "AC; OVERHEAD", "status": "NOT AVAILABLE", "naics_code": "221121", "naics_desc": "ELECTRIC BULK POWER TRANSMISSION AND CONTROL", "source": "Regional Map", "sourcedate": "2014-07-08T20:00:00-06:00", "val_method": "IMAGERY/OTHER", "val_date": "2014-07-08T20:00:00-06:00", "owner": "PUBLIC SERVICE CO OF COLORADO", "voltage": 230.0, "volt_class": "220-287", "inferred": "N", "sub_1": "FORT LUPTON", "sub_2": "GREEN VALLEY", "shape_lengt": 51411.809649766801, "globalid": "bdce9143-0065-4b98-aa7c-80b9e3de390f", "STATEFP": "08", "STATENS": "01779779", "AFFGEOID": "0400000US08", "GEOID": "08", "STUSPS": "CO", "NAME": "Colorado", "LSAD": "00", "ALAND": 268422891711, "AWATER": 1181621593 }, "geometry": { "type": "MultiLineString", "coordinates": [ [ [ -104.772506265, 40.100814348 ], [ -104.771471221, 40.101520440000101 ], [ -104.753190528, 40.101598608000103 ], [ -104.753186597, 40.08989352 ], [ -104.753155154, 40.075299180000101 ], [ -104.753214111, 40.065869687 ], [ -104.753273068, 40.053857601000097 ], [ -104.753324164, 40.043832372 ], [ -104.753312373, 40.036149978 ], [ -104.753347747, 40.026489336 ], [ -104.753355608, 40.0251710490001 ], [ -104.753347747, 40.0175708370001 ], [ -104.753375261, 40.014864656 ], [ -104.742326663, 40.014867667 ], [ -104.735177108, 40.014843585000101 ], [ -104.735236066, 40.007618548 ], [ -104.723385649, 40.007633601000101 ], [ -104.710407182, 40.007627579 ], [ -104.692008575, 40.007642632 ], [ -104.678656712, 40.007636611000102 ], [ -104.678668504, 39.999742386 ], [ -104.678660643, 39.989468291 ], [ -104.678664573, 39.979427573000102 ], [ -104.678672434, 39.9670297380001 ], [ -104.678746572, 39.957362238 ], [ -104.671994538, 39.957323159 ], [ -104.659192943, 39.957293031000098 ], [ -104.659232248, 39.954144572000097 ], [ -104.624655129, 39.953808567000102 ], [ -104.614208567, 39.953655847 ], [ -104.614214994, 39.943048358 ], [ -104.585018607, 39.942715770000099 ], [ -104.555989313, 39.942380716000102 ], [ -104.555722606, 39.927851116000099 ], [ -104.545353165, 39.920182225000097 ], [ -104.545314605, 39.9178286490001 ], [ -104.544432957, 39.916585823 ] ] ] } },
{ "type": "Feature", "properties": { "objectid": "70142", "id": "201901", "type": "AC; OVERHEAD", "status": "NOT AVAILABLE", "naics_code": "221121", "naics_desc": "ELECTRIC BULK POWER TRANSMISSION AND CONTROL", "source": "Regional Map", "sourcedate": "2014-07-08T20:00:00-06:00", "val_method": "IMAGERY/OTHER", "val_date": "2014-07-08T20:00:00-06:00", "owner": "TRI-STATE G & T ASSN, INC", "voltage": 230.0, "volt_class": "220-287", "inferred": "N", "sub_1": "BIG SANDY", "sub_2": "LANDSMAN CREEK", "shape_lengt": 156924.24101466799, "globalid": "bde71050-9e0c-4811-9543-810add2df33f", "STATEFP": "08", "STATENS": "01779779", "AFFGEOID": "0400000US08", "GEOID": "08", "STUSPS": "CO", "NAME": "Colorado", "LSAD": "00", "ALAND": 268422891711, "AWATER": 1181621593 }, "geometry": { "type": "MultiLineString", "coordinates": [ [ [ -103.641254874, 39.301005400000101 ], [ -103.641023056, 39.300809531 ], [ -103.6405104, 39.300821 ], [ -103.6404367, 39.301687500000099 ], [ -103.6403817, 39.303366 ], [ -103.6402562, 39.3055551 ], [ -103.6400741, 39.308273400000097 ], [ -103.6407257, 39.309569800000098 ], [ -103.6406488, 39.310969600000099 ], [ -103.640665, 39.3134027 ], [ -103.6406326, 39.3153347 ], [ -103.6406164, 39.3175265 ], [ -103.6406245, 39.319696400000097 ], [ -103.640576, 39.3216533 ], [ -103.6405962, 39.3239232 ], [ -103.64058, 39.326418400000101 ], [ -103.6405598, 39.3281998 ], [ -103.6405355, 39.330529 ], [ -103.6405355, 39.3326484 ], [ -103.6405314, 39.3349617000001 ], [ -103.6404869, 39.3377101 ], [ -103.6404667, 39.339738500000102 ], [ -103.6404667, 39.3421769 ], [ -103.6404545, 39.3449375000001 ], [ -103.6367982, 39.345807 ], [ -103.6337445, 39.3457686 ], [ -103.6302771, 39.3457462000001 ], [ -103.6278109, 39.345743 ], [ -103.625022, 39.3457206 ], [ -103.6228166, 39.3457142 ], [ -103.6202429, 39.345707800000099 ], [ -103.6170981, 39.345739800000104 ], [ -103.6144665, 39.345771800000101 ], [ -103.6114293, 39.3458038 ], [ -103.6087315, 39.345829400000099 ], [ -103.6057936, 39.345871000000102 ], [ -103.6037703, 39.345829400000099 ], [ -103.6009772, 39.345784600000101 ], [ -103.5988132, 39.3457494 ], [ -103.595685, 39.3456822 ], [ -103.5922671, 39.345615000000102 ], [ -103.5900203, 39.345579800000102 ], [ -103.587728, 39.3454998 ], [ -103.586557, 39.346559 ], [ -103.584997, 39.347883700000096 ], [ -103.5829405, 39.3495956 ], [ -103.5806109, 39.351585800000102 ], [ -103.5793737, 39.352625600000103 ], [ -103.5773338, 39.3543342 ], [ -103.5753394, 39.3560875000001 ], [ -103.573167, 39.357924 ], [ -103.5712595, 39.359578 ], [ -103.5686527, 39.3603874 ], [ -103.5657107, 39.3613504 ], [ -103.563468, 39.362070200000097 ], [ -103.5609398, 39.3628988 ], [ -103.5582089, 39.363791300000102 ], [ -103.5552834, 39.364747900000097 ], [ -103.5523083, 39.3657044 ], [ -103.5496353, 39.366574500000098 ], [ -103.5469002, 39.367454200000097 ], [ -103.5447651, 39.369092000000101 ], [ -103.5425679, 39.370793800000101 ], [ -103.5400604, 39.372735400000103 ], [ -103.5384839, 39.3739253 ], [ -103.5364688, 39.3755022 ], [ -103.5347351, 39.376820000000102 ], [ -103.5329351, 39.378198500000103 ], [ -103.5308248, 39.379832900000103 ], [ -103.5286732, 39.381496 ], [ -103.5269808, 39.381496 ], [ -103.5247795, 39.381528000000102 ], [ -103.5215975, 39.381563200000102 ], [ -103.5189204, 39.3815952 ], [ -103.5169508, 39.381614300000102 ], [ -103.513955, 39.381646300000099 ], [ -103.5115468, 39.3816783 ], [ -103.5086462, 39.381710300000101 ], [ -103.5056256, 39.3817455000001 ], [ -103.5030519, 39.3817711 ], [ -103.500263, 39.3818126 ], [ -103.4969279, 39.381851 ], [ -103.4941183, 39.381876600000098 ], [ -103.4911805, 39.3819182 ], [ -103.4884289, 39.381934200000103 ], [ -103.485462, 39.381959800000097 ], [ -103.4822045, 39.381991400000103 ], [ -103.479019, 39.3820143 ], [ -103.4764004, 39.3820339 ], [ -103.4734349, 39.3820568 ], [ -103.4705159, 39.3820765 ], [ -103.4676901, 39.382050300000103 ], [ -103.4650884, 39.3820339 ], [ -103.4621483, 39.3820143 ], [ -103.4592251, 39.381991400000103 ], [ -103.4563188, 39.381948900000097 ], [ -103.453861, 39.381945700000102 ], [ -103.4520038, 39.381948900000097 ], [ -103.4499944, 39.3819686 ], [ -103.4471854, 39.381981600000103 ], [ -103.4447995, 39.381988200000102 ], [ -103.4427139, 39.3820143 ], [ -103.4400742, 39.382043800000098 ], [ -103.438437, 39.3820568 ], [ -103.4368295, 39.382083000000101 ], [ -103.4347397, 39.3820993 ], [ -103.4322649, 39.3821255 ], [ -103.4295659, 39.3821549 ], [ -103.4261097, 39.3821942000001 ], [ -103.4231104, 39.3822301000001 ], [ -103.4199926, 39.382249800000103 ], [ -103.4176109, 39.3822759 ], [ -103.4150938, 39.3822988000001 ], [ -103.4126064, 39.3822825 ], [ -103.410157, 39.382249800000103 ], [ -103.4072253, 39.3822138 ], [ -103.4037691, 39.3821647 ], [ -103.400884, 39.382119 ], [ -103.3981512, 39.3820732 ], [ -103.3958964, 39.3820732 ], [ -103.3938573, 39.382096100000098 ], [ -103.3911922, 39.3821549 ], [ -103.3882563, 39.3822269 ], [ -103.3847197, 39.382328200000103 ], [ -103.3812254, 39.382387100000102 ], [ -103.3792329, 39.382455800000102 ], [ -103.37727, 39.3824754 ], [ -103.3749404, 39.3824731 ], [ -103.3717008, 39.3824962 ], [ -103.368527, 39.382519300000098 ], [ -103.3659754, 39.382524 ], [ -103.3631576, 39.3825517000001 ], [ -103.3612312, 39.3825586 ], [ -103.3587035, 39.382549400000102 ], [ -103.3559575, 39.382535500000103 ], [ -103.3535554, 39.3825286000001 ], [ -103.3506897, 39.382519300000098 ], [ -103.3475668, 39.3825055 ], [ -103.3455716, 39.3824985 ], [ -103.3434029, 39.3824985 ], [ -103.3412222, 39.3807298 ], [ -103.3393227, 39.379203700000097 ], [ -103.3377074, 39.3778973 ], [ -103.336104, 39.376621 ], [ -103.3342727, 39.375131300000099 ], [ -103.3318529, 39.3751607 ], [ -103.329192, 39.3751542 ], [ -103.326806, 39.375147600000098 ], [ -103.3240605, 39.375144400000103 ], [ -103.3208878, 39.3751607 ], [ -103.3182419, 39.3751963 ], [ -103.3158293, 39.3752177000001 ], [ -103.3136062, 39.3752696 ], [ -103.3114858, 39.374839200000103 ], [ -103.3095114, 39.3744729000001 ], [ -103.3070317, 39.373990600000099 ], [ -103.3048046, 39.373545 ], [ -103.3026881, 39.373612100000102 ], [ -103.299699, 39.373685400000099 ], [ -103.2965559, 39.3737647 ], [ -103.2942222, 39.3737892 ], [ -103.2919952, 39.374100500000097 ], [ -103.2894996, 39.3744149 ], [ -103.2874463, 39.3746743 ], [ -103.2856141, 39.3749277000001 ], [ -103.2831975, 39.3749307 ], [ -103.2803071, 39.374936900000101 ], [ -103.2778866, 39.3749491 ], [ -103.274775, 39.374970400000102 ], [ -103.2715569, 39.3749979 ], [ -103.2697879, 39.375019300000098 ], [ -103.2672726, 39.3750406 ], [ -103.264161, 39.375058900000099 ], [ -103.2608915, 39.3750925 ], [ -103.2574523, 39.375116900000101 ], [ -103.254009, 39.3751475 ], [ -103.2509962, 39.3751627 ], [ -103.2482677, 39.3751749 ], [ -103.2459814, 39.375184100000098 ], [ -103.2428975, 39.375184100000098 ], [ -103.2393674, 39.375181 ], [ -103.2361887, 39.375181 ], [ -103.2332667, 39.375178 ], [ -103.2308343, 39.375055900000099 ], [ -103.2306408, 39.3736701 ], [ -103.2305737, 39.371640200000101 ], [ -103.2305619, 39.369839200000101 ], [ -103.2305619, 39.368145 ], [ -103.2274582, 39.368126700000097 ], [ -103.2242874, 39.3681175 ], [ -103.2212628, 39.368084000000103 ], [ -103.2176537, 39.3680534000001 ], [ -103.2142855, 39.3680199 ], [ -103.2112845, 39.3679832 ], [ -103.2082282, 39.3679893 ], [ -103.205018, 39.3679893 ], [ -103.2021986, 39.3679985 ], [ -103.1989884, 39.3679954 ], [ -103.1958097, 39.3679954 ], [ -103.1927021, 39.3679893 ], [ -103.1899262, 39.367971 ], [ -103.1870397, 39.367961900000097 ], [ -103.1837544, 39.3679405 ], [ -103.1811365, 39.367928300000102 ], [ -103.1773062, 39.367916100000102 ], [ -103.173709, 39.367910000000101 ], [ -103.1700644, 39.367910000000101 ], [ -103.1670555, 39.3678978 ], [ -103.1636123, 39.3678733 ], [ -103.1609746, 39.367855 ], [ -103.1580486, 39.367842800000098 ], [ -103.1553004, 39.3678275 ], [ -103.1553043, 39.3657151 ], [ -103.1552925, 39.3630255 ], [ -103.1552964, 39.360778600000103 ], [ -103.1524943, 39.360770700000103 ], [ -103.1486672, 39.3607457 ], [ -103.1457727, 39.3607364000001 ], [ -103.1428741, 39.3607145 ], [ -103.1389219, 39.360686400000098 ], [ -103.1366935, 39.3606708 ], [ -103.1337707, 39.3606552 ], [ -103.1309367, 39.360639600000098 ], [ -103.1278282, 39.360624 ], [ -103.1248812, 39.360602200000102 ], [ -103.1220513, 39.3605866 ], [ -103.1193626, 39.3605647 ], [ -103.1162743, 39.3605491000001 ], [ -103.1132223, 39.3605335 ], [ -103.1105176, 39.3605085 ], [ -103.1087574, 39.3604992 ], [ -103.107615, 39.360496 ], [ -103.1042319, 39.3604804 ], [ -103.1023507, 39.3604648 ], [ -103.0995571, 39.3604461 ], [ -103.0965616, 39.3604274 ], [ -103.0934653, 39.360402400000098 ], [ -103.0915679, 39.360393000000101 ], [ -103.0893879, 39.360377400000097 ], [ -103.086994, 39.3603649 ], [ -103.0849149, 39.3603712 ], [ -103.0825048, 39.359943600000101 ], [ -103.0804335, 39.3599721 ], [ -103.0779387, 39.3599472000001 ], [ -103.0748059, 39.3599596 ], [ -103.0717499, 39.359928400000101 ], [ -103.0688554, 39.3599003 ], [ -103.0655814, 39.359894100000098 ], [ -103.0629856, 39.3598722 ], [ -103.0600669, 39.3598504 ], [ -103.0570512, 39.3598441 ], [ -103.0544393, 39.3598161 ], [ -103.0515569, 39.359794200000103 ], [ -103.0483313, 39.3597786 ], [ -103.0450734, 39.3597661 ], [ -103.0431074, 39.3597411000001 ], [ -103.0398657, 39.3597349 ], [ -103.0368703, 39.3597006 ], [ -103.0337739, 39.359697400000101 ], [ -103.0306371, 39.3596662 ], [ -103.0277224, 39.359653700000102 ], [ -103.024953, 39.3596257 ], [ -103.0221675, 39.359631900000103 ], [ -103.019172, 39.3595976 ], [ -103.0162452, 39.3595476 ], [ -103.0135566, 39.3602468 ], [ -103.0110456, 39.3608617000001 ], [ -103.0089342, 39.3601563 ], [ -103.0069319, 39.3594790000001 ], [ -103.0040212, 39.3594758 ], [ -103.0000972, 39.359469600000097 ], [ -102.997697, 39.3594352000001 ], [ -102.9949978, 39.3594288 ], [ -102.9924265, 39.3594097000001 ], [ -102.9901853, 39.3594065 ], [ -102.988035, 39.3593842000001 ], [ -102.9852449, 39.3593714 ], [ -102.984048, 39.3593555 ], [ -102.9828387, 39.3593555 ], [ -102.978699, 39.359310800000102 ], [ -102.9757893, 39.359307600000101 ], [ -102.9726608, 39.3592821 ], [ -102.9699037, 39.359266100000099 ], [ -102.9670559, 39.3592533 ], [ -102.9645382, 39.359231000000101 ], [ -102.961063, 39.359224600000097 ], [ -102.9587228, 39.359199100000097 ], [ -102.9562877, 39.3591767 ], [ -102.9524988, 39.359154400000101 ], [ -102.9492754, 39.359132100000103 ], [ -102.9455072, 39.359112900000099 ], [ -102.9434353, 39.3590842 ], [ -102.9403274, 39.359065100000102 ], [ -102.9372897, 39.3590619 ], [ -102.9340621, 39.3590331 ], [ -102.9317178, 39.3590236 ], [ -102.9291754, 39.3590076 ], [ -102.9264555, 39.3589725 ], [ -102.9232238, 39.358953400000097 ], [ -102.9197486, 39.3589278 ], [ -102.9170576, 39.3589087 ], [ -102.913698, 39.3588832 ], [ -102.91078, 39.3588736 ], [ -102.9076061, 39.3588385 ], [ -102.905043, 39.358825700000097 ], [ -102.901832, 39.3588066 ], [ -102.8991575, 39.358149200000099 ], [ -102.8965862, 39.3575077 ], [ -102.894019, 39.3568663 ], [ -102.8912702, 39.3561961 ], [ -102.8878445, 39.3553472 ], [ -102.8847655, 39.3545749 ], [ -102.881637, 39.353799400000099 ], [ -102.8787397, 39.353084500000101 ], [ -102.8756978, 39.352309 ], [ -102.8730357, 39.352382400000103 ], [ -102.8708936, 39.3523888 ], [ -102.8687598, 39.352414300000099 ], [ -102.8656396, 39.3524558 ], [ -102.8627422, 39.3524973 ], [ -102.860014, 39.3525196 ], [ -102.8570878, 39.3525579000001 ], [ -102.8545784, 39.3525835 ], [ -102.8518915, 39.352621800000101 ], [ -102.8489941, 39.352644100000099 ], [ -102.8460885, 39.3526601 ], [ -102.8431416, 39.352692 ], [ -102.8403103, 39.3527335 ], [ -102.8372582, 39.3527675 ], [ -102.8347981, 39.3527903 ], [ -102.8316418, 39.352836 ], [ -102.8293379, 39.352845800000097 ], [ -102.8265656, 39.3528849 ], [ -102.8236203, 39.3529208 ], [ -102.8204049, 39.352946900000099 ], [ -102.8185483, 39.3529698 ], [ -102.8159068, 39.3529991 ], [ -102.8138855, 39.3530252 ], [ -102.8108052, 39.353057900000103 ], [ -102.807632, 39.3531035 ], [ -102.80548, 39.353123100000097 ], [ -102.8018638, 39.353162300000101 ], [ -102.798737, 39.353185100000097 ], [ -102.7961082, 39.353221 ], [ -102.7932051, 39.353260200000101 ], [ -102.7905931, 39.3532863 ], [ -102.7877575, 39.353302600000099 ], [ -102.7848966, 39.3533417 ], [ -102.781812, 39.353397200000103 ], [ -102.7791705, 39.3532699 ], [ -102.7756345, 39.3531362 ], [ -102.7733263, 39.353048100000102 ], [ -102.7698662, 39.352904500000101 ], [ -102.7675074, 39.3527936 ], [ -102.7651571, 39.3526989000001 ], [ -102.7618616, 39.3525423 ], [ -102.7586167, 39.3525652000001 ], [ -102.7560427, 39.3525554 ], [ -102.7536248, 39.3525554 ], [ -102.750861, 39.3525489 ], [ -102.7478059, 39.3525423 ], [ -102.7449408, 39.3525097 ], [ -102.7424217, 39.3525097 ], [ -102.7393413, 39.3525064 ], [ -102.736261, 39.3524869 ], [ -102.7332186, 39.3524705 ], [ -102.7303029, 39.3524705 ], [ -102.7274377, 39.3524477 ], [ -102.7245135, 39.3524477 ], [ -102.7215977, 39.3524379 ], [ -102.7187115, 39.352424900000102 ], [ -102.7157957, 39.3524086 ], [ -102.7143821, 39.3523955000001 ], [ -102.7129643, 39.3523955000001 ], [ -102.7101119, 39.352389000000102 ], [ -102.7072383, 39.3523792 ], [ -102.7044618, 39.3523727 ], [ -102.7016093, 39.352362900000102 ], [ -102.6988496, 39.3523596 ], [ -102.6957777, 39.352317200000101 ], [ -102.6927818, 39.3523107 ], [ -102.6899842, 39.3523107 ], [ -102.6871275, 39.352287800000099 ], [ -102.6842961, 39.352281300000101 ], [ -102.681777, 39.3522715 ], [ -102.6787641, 39.352265 ], [ -102.6758019, 39.352242100000097 ], [ -102.6729531, 39.352230900000102 ], [ -102.6696037, 39.352219100000099 ], [ -102.6668186, 39.3522073 ], [ -102.664183, 39.3521979000001 ], [ -102.6607695, 39.352179 ], [ -102.6584877, 39.3521719 ], [ -102.6563097, 39.3521578 ], [ -102.6534361, 39.3521578 ], [ -102.6500684, 39.3521295 ], [ -102.6465329, 39.3521153 ], [ -102.6434885, 39.352112900000101 ], [ -102.6408498, 39.3520964000001 ], [ -102.6376773, 39.352084600000097 ], [ -102.6346177, 39.3520705 ], [ -102.6319881, 39.352030400000103 ], [ -102.6286631, 39.352046900000097 ], [ -102.6256218, 39.3520375 ], [ -102.622919, 39.352030400000103 ], [ -102.619838, 39.352039800000099 ], [ -102.6166991, 39.352020900000099 ], [ -102.6134046, 39.3520092 ], [ -102.6109703, 39.3520044 ], [ -102.6083865, 39.351995 ], [ -102.6050828, 39.351990300000097 ], [ -102.6027584, 39.351983200000099 ], [ -102.5999763, 39.3519714 ], [ -102.5985548, 39.351969100000098 ], [ -102.5970997, 39.3519620000001 ], [ -102.59422, 39.3519313 ], [ -102.5914227, 39.351976100000101 ], [ -102.5884001, 39.352004200000103 ], [ -102.5860059, 39.352017600000103 ], [ -102.5835123, 39.3520276 ], [ -102.5811137, 39.352054300000098 ], [ -102.5779472, 39.3520776 ], [ -102.5751302, 39.352101 ], [ -102.572119, 39.352111 ], [ -102.5688791, 39.352141000000103 ], [ -102.5657385, 39.352171 ], [ -102.5628438, 39.352191 ], [ -102.5595867, 39.3522077000001 ], [ -102.556528, 39.3522177 ], [ -102.5535815, 39.3522344 ], [ -102.5514806, 39.352257800000103 ], [ -102.5488663, 39.3522678 ], [ -102.5464159, 39.3522945 ], [ -102.5439396, 39.3523011 ], [ -102.5408378, 39.352324500000101 ], [ -102.5384133, 39.3523679 ], [ -102.5359414, 39.352341200000097 ], [ -102.5335126, 39.3523145 ], [ -102.5309501, 39.3522978 ], [ -102.5281071, 39.3522811 ], [ -102.5252426, 39.3522678 ], [ -102.5224816, 39.3522511 ], [ -102.5193841, 39.3522311 ], [ -102.5164937, 39.352201100000102 ], [ -102.5130899, 39.352181 ], [ -102.5100054, 39.352154400000103 ], [ -102.5075766, 39.352134300000102 ], [ -102.5048668, 39.352113600000102 ], [ -102.501775, 39.3520966 ], [ -102.4993889, 39.3520863 ], [ -102.4968881, 39.3520693 ], [ -102.494008, 39.352045400000101 ], [ -102.4913264, 39.3520284 ], [ -102.4890417, 39.3520215 ], [ -102.4860205, 39.3519874 ], [ -102.483211, 39.3519977 ], [ -102.4801942, 39.351810100000101 ], [ -102.4772567, 39.3516464 ], [ -102.4743458, 39.351479300000101 ], [ -102.4727359, 39.3513838000001 ], [ -102.4710996, 39.3512883000001 ], [ -102.4680828, 39.351128000000102 ], [ -102.465238, 39.3509643 ], [ -102.4619609, 39.350793700000096 ], [ -102.4592087, 39.350640300000101 ], [ -102.4562669, 39.350459500000099 ], [ -102.453303, 39.3505107 ], [ -102.4505685, 39.3505618 ], [ -102.4479883, 39.3506027 ], [ -102.4452714, 39.3506334 ], [ -102.4428588, 39.350674400000102 ], [ -102.4399655, 39.3507221 ], [ -102.4371384, 39.350763 ], [ -102.4343994, 39.350804 ], [ -102.4315502, 39.350841500000101 ], [ -102.4286172, 39.350879 ], [ -102.4260546, 39.3509268 ], [ -102.42261, 39.3509813 ], [ -102.4194653, 39.3510222 ], [ -102.4172335, 39.351046100000097 ], [ -102.4154473, 39.3510905 ], [ -102.4136654, 39.3511041 ], [ -102.4112572, 39.3511518 ], [ -102.4082316, 39.351186 ], [ -102.4061763, 39.351223500000103 ], [ -102.4033976, 39.3512610000001 ], [ -102.3993796, 39.351336000000103 ], [ -102.3964598, 39.3513667 ], [ -102.3932137, 39.3514247 ], [ -102.3901086, 39.351452000000101 ], [ -102.3872815, 39.3515713 ], [ -102.3845602, 39.3516668 ], [ -102.3821829, 39.3517487 ], [ -102.379982, 39.3518271 ], [ -102.3777282, 39.351909 ], [ -102.3750201, 39.352004500000099 ], [ -102.3720695, 39.3521204 ], [ -102.3692159, 39.3522228 ], [ -102.366521, 39.3522978 ], [ -102.3642011, 39.353805200000103 ], [ -102.3618547, 39.3553194 ], [ -102.3599272, 39.3565437 ], [ -102.3576999, 39.3579999 ], [ -102.3556622, 39.3593299 ], [ -102.3538848, 39.3604825 ], [ -102.351878, 39.360428 ], [ -102.3498712, 39.360380200000101 ], [ -102.3470661, 39.3603257 ], [ -102.3443007, 39.3602813 ], [ -102.3420336, 39.360226800000099 ], [ -102.3397798, 39.3601824 ], [ -102.3369615, 39.3601245 ], [ -102.33592084, 39.360091252000103 ], [ -102.335785211, 39.360819367 ] ] ] } },
{ "type": "Feature", "properties": { "objectid": "70438", "id": "202199", "type": "AC; OVERHEAD", "status": "NOT AVAILABLE", "naics_code": "221121", "naics_desc": "ELECTRIC BULK POWER TRANSMISSION AND CONTROL", "source": "IMAGERY", "sourcedate": "2014-07-08T20:00:00-06:00", "val_method": "IMAGERY", "val_date": "2014-07-08T20:00:00-06:00", "owner": "PUBLIC SERVICE CO OF COLORADO", "voltage": 230.0, "volt_class": "220-287", "inferred": "Y", "sub_1": "PRAIRIE", "sub_2": "GREENWOOD", "shape_lengt": 9564.1636678706, "globalid": "fd59a0d0-3d3e-49c4-a481-1f4751067047", "STATEFP": "08", "STATENS": "01779779", "AFFGEOID": "0400000US08", "GEOID": "08", "STUSPS": "CO", "NAME": "Colorado", "LSAD": "00", "ALAND": 268422891711, "AWATER": 1181621593 }, "geometry": { "type": "MultiLineString", "coordinates": [ [ [ -104.904944725, 39.550227245 ], [ -104.905104555, 39.550691299 ], [ -104.904413218, 39.551000086 ], [ -104.904708301, 39.556369493 ], [ -104.90479261, 39.560243529 ], [ -104.904978091, 39.565673965 ], [ -104.904240384, 39.566427887 ], [ -104.904189798, 39.57505517 ], [ -104.904164505, 39.580309 ], [ -104.906031959, 39.5806079070001 ], [ -104.922801099, 39.580653393 ], [ -104.922796883, 39.588229607000102 ], [ -104.922737867, 39.594677832000102 ], [ -104.922758944, 39.600199765000099 ], [ -104.922640911, 39.601524963 ], [ -104.92220027, 39.601442162000097 ] ] ] } },
{ "type": "Feature", "properties": { "objectid": "70148", "id": "201907", "type": "AC; OVERHEAD", "status": "NOT AVAILABLE", "naics_code": "221121", "naics_desc": "ELECTRIC BULK POWER TRANSMISSION AND CONTROL", "source": "Regional Map", "sourcedate": "2014-07-13T20:00:00-06:00", "val_method": "IMAGERY/OTHER", "val_date": "2014-07-13T20:00:00-06:00", "owner": "PUBLIC SERVICE CO OF COLORADO", "voltage": 230.0, "volt_class": "220-287", "inferred": "N", "sub_1": "RMEC", "sub_2": "GREEN VALLEY", "shape_lengt": 44875.264166088302, "globalid": "b52f0333-3210-455b-ba0a-239cc7c09760", "STATEFP": "08", "STATENS": "01779779", "AFFGEOID": "0400000US08", "GEOID": "08", "STUSPS": "CO", "NAME": "Colorado", "LSAD": "00", "ALAND": 268422891711, "AWATER": 1181621593 }, "geometry": { "type": "MultiLineString", "coordinates": [ [ [ -104.595213913, 40.08957401 ], [ -104.595691177, 40.089349980000101 ], [ -104.595691177, 40.088649912 ], [ -104.596523057, 40.088668095000102 ], [ -104.597545079, 40.089204512 ], [ -104.597509427, 40.1014227370001 ], [ -104.597509427, 40.102704433 ], [ -104.584306318, 40.1053222890001 ], [ -104.581941405, 40.106776610000097 ], [ -104.573028415, 40.108867143 ], [ -104.569415683, 40.109157994 ], [ -104.565422664, 40.108830786 ], [ -104.561156313, 40.10786733 ], [ -104.549569426, 40.104022463 ], [ -104.547263933, 40.103204378 ], [ -104.546419815, 40.101914648 ], [ -104.546462194, 40.091286421000099 ], [ -104.54613895, 40.073770342 ], [ -104.545815705, 40.059218678 ], [ -104.546005849, 40.050791843000098 ], [ -104.536726832, 40.050806398000098 ], [ -104.536916976, 40.044882249000104 ], [ -104.536974019, 40.035288986000097 ], [ -104.537050077, 40.0227531130001 ], [ -104.537126134, 40.015326597000097 ], [ -104.527599931, 40.015384848000103 ], [ -104.527485845, 40.000383746000097 ], [ -104.49962978, 40.000412877 ], [ -104.499686824, 39.987885165000101 ], [ -104.499515694, 39.975937998000099 ], [ -104.499306536, 39.958392274000097 ], [ -104.499211464, 39.9456381950001 ], [ -104.499097378, 39.927486865 ], [ -104.503109412, 39.927413958 ], [ -104.516647649, 39.9219165760001 ], [ -104.525204119, 39.920108322 ], [ -104.544313569, 39.920341647 ], [ -104.544465684, 39.9173666840001 ], [ -104.544432957, 39.916585823 ] ] ] } },
{ "type": "Feature", "properties": { "objectid": "74453", "id": "206732", "type": "AC; OVERHEAD", "status": "NOT AVAILABLE", "naics_code": "221121", "naics_desc": "ELECTRIC BULK POWER TRANSMISSION AND CONTROL", "source": "IMAGERY", "sourcedate": "2015-12-17T18:00:00-07:00", "val_method": "IMAGERY", "val_date": "2015-12-17T18:00:00-07:00", "owner": "PUBLIC SERVICE CO OF COLORADO", "voltage": 230.0, "volt_class": "220-287", "inferred": "Y", "sub_1": "HAYDEN", "sub_2": "NOT AVAILABLE", "shape_lengt": 944.37807852150002, "globalid": "a8b36b36-d137-4d3a-9e0f-251782812ca2", "STATEFP": "08", "STATENS": "01779779", "AFFGEOID": "0400000US08", "GEOID": "08", "STUSPS": "CO", "NAME": "Colorado", "LSAD": "00", "ALAND": 268422891711, "AWATER": 1181621593 }, "geometry": { "type": "MultiLineString", "coordinates": [ [ [ -107.185877241, 40.480566557 ], [ -107.186318337, 40.480633743000098 ], [ -107.18630763, 40.481426103 ], [ -107.186271938, 40.48298584 ], [ -107.186204123, 40.484288595000102 ], [ -107.185458757, 40.486676384000098 ] ] ] } },
{ "type": "Feature", "properties": { "objectid": "70149", "id": "201908", "type": "AC; OVERHEAD", "status": "NOT AVAILABLE", "naics_code": "221121", "naics_desc": "ELECTRIC BULK POWER TRANSMISSION AND CONTROL", "source": "Regional Map", "sourcedate": "2014-07-13T20:00:00-06:00", "val_method": "IMAGERY/OTHER", "val_date": "2014-07-13T20:00:00-06:00", "owner": "PUBLIC SERVICE CO OF COLORADO", "voltage": 230.0, "volt_class": "220-287", "inferred": "N", "sub_1": "GREEN VALLEY", "sub_2": "KEENESBURG", "shape_lengt": 37834.162547430198, "globalid": "063162d1-0b91-4334-a772-287e71d9e353", "STATEFP": "08", "STATENS": "01779779", "AFFGEOID": "0400000US08", "GEOID": "08", "STUSPS": "CO", "NAME": "Colorado", "LSAD": "00", "ALAND": 268422891711, "AWATER": 1181621593 }, "geometry": { "type": "MultiLineString", "coordinates": [ [ [ -104.544432957, 39.916585823 ], [ -104.543933282, 39.917381267 ], [ -104.543781167, 39.919918744 ], [ -104.525128062, 39.919685416 ], [ -104.51647652, 39.921581177 ], [ -104.50301434, 39.927020261 ], [ -104.498298774, 39.926991098 ], [ -104.498431875, 39.945579886000097 ], [ -104.498698076, 39.95834855 ], [ -104.498869205, 39.975894285 ], [ -104.498983292, 39.98784146 ], [ -104.499173435, 40.00098094 ], [ -104.526896399, 40.000922677 ], [ -104.526915413, 40.015850848000099 ], [ -104.536517674, 40.015705223 ], [ -104.536460631, 40.022738552000099 ], [ -104.536289502, 40.044824024 ], [ -104.536251473, 40.051272157 ], [ -104.545492461, 40.051213937000099 ], [ -104.545188231, 40.059175018000097 ], [ -104.545568518, 40.073726692 ], [ -104.545910777, 40.091228236000099 ], [ -104.545884251, 40.099694439000103 ], [ -104.545975106, 40.102203599000099 ], [ -104.54645807, 40.103041184000098 ], [ -104.546410251, 40.107909216 ], [ -104.549359494, 40.107911853000097 ], [ -104.549387997, 40.107170483000097 ], [ -104.550009333, 40.107053149000102 ] ] ] } },
{ "type": "Feature", "properties": { "objectid": "70163", "id": "201922", "type": "AC; OVERHEAD", "status": "NOT AVAILABLE", "naics_code": "221121", "naics_desc": "ELECTRIC BULK POWER TRANSMISSION AND CONTROL", "source": "Regional Map", "sourcedate": "2014-07-08T20:00:00-06:00", "val_method": "IMAGERY/OTHER", "val_date": "2014-07-08T20:00:00-06:00", "owner": "PUBLIC SERVICE CO OF COLORADO", "voltage": 230.0, "volt_class": "220-287", "inferred": "N", "sub_1": "ISABELLE", "sub_2": "LEGGETT", "shape_lengt": 27203.6648544491, "globalid": "ed8b6dd6-03d4-4cf9-93b6-2b21eac20756", "STATEFP": "08", "STATENS": "01779779", "AFFGEOID": "0400000US08", "GEOID": "08", "STUSPS": "CO", "NAME": "Colorado", "LSAD": "00", "ALAND": 268422891711, "AWATER": 1181621593 }, "geometry": { "type": "MultiLineString", "coordinates": [ [ [ -105.053730085, 40.0552158610001 ], [ -105.052801604, 40.055245276 ], [ -105.051364421, 40.056238885 ], [ -105.052400952, 40.058645274000099 ], [ -105.0617827, 40.058735500000097 ], [ -105.0644328, 40.058768400000098 ], [ -105.0669165, 40.0587971 ], [ -105.069883, 40.0587971 ], [ -105.0698937, 40.0609403 ], [ -105.0698937, 40.063136900000103 ], [ -105.0699045, 40.0658383 ], [ -105.0699206, 40.068437000000102 ], [ -105.0699259, 40.070538800000101 ], [ -105.0698937, 40.073244100000103 ], [ -105.0726296, 40.073244100000103 ], [ -105.0753172, 40.0732728 ], [ -105.0779833, 40.0732194 ], [ -105.0806977, 40.073145500000102 ], [ -105.0833531, 40.0731702 ], [ -105.085354, 40.074680800000102 ], [ -105.0885887, 40.0747177000001 ], [ -105.0905092, 40.0747177000001 ], [ -105.09295, 40.0747136 ], [ -105.0958522, 40.0746726 ], [ -105.099339, 40.074684900000101 ], [ -105.1021554, 40.074664400000103 ], [ -105.1050575, 40.0746192 ], [ -105.1108564, 40.0745741 ], [ -105.113662, 40.0745699 ], [ -105.1137049, 40.0730799 ], [ -105.1161297, 40.073042900000097 ], [ -105.1189031, 40.0730101 ], [ -105.1216228, 40.0729813 ], [ -105.1248844, 40.0729608 ], [ -105.1280226, 40.0729362000001 ], [ -105.1310481, 40.0729115 ], [ -105.1341541, 40.0729033000001 ], [ -105.1375122, 40.0728541 ], [ -105.1404895, 40.0728418 ], [ -105.1435687, 40.0728089 ], [ -105.1468088, 40.0727761 ], [ -105.1502205, 40.072759700000098 ], [ -105.1530261, 40.072772 ], [ -105.155762, 40.0727884 ], [ -105.158471, 40.0727761 ], [ -105.1614107, 40.072784300000102 ], [ -105.1642431, 40.0727761 ], [ -105.1668449, 40.072796600000103 ], [ -105.1694842, 40.0727884 ], [ -105.1724775, 40.0728048 ], [ -105.1755138, 40.0728253 ], [ -105.1784639, 40.0728294 ], [ -105.178667069, 40.072821703 ], [ -105.1786216, 40.071204900000097 ], [ -105.178670816, 40.070632313 ], [ -105.178666683, 40.069156236 ], [ -105.17859538, 40.061309106000103 ], [ -105.17859538, 40.059359007000097 ], [ -105.178524075, 40.057292422 ], [ -105.178543089, 40.055364039 ], [ -105.179089753, 40.053613893 ], [ -105.17964117, 40.0517982060001 ], [ -105.1804598, 40.049845800000099 ], [ -105.1813824, 40.0478295 ], [ -105.1830722, 40.044030900000102 ], [ -105.1848103, 40.040195100000098 ], [ -105.1855935, 40.0384825 ], [ -105.1864035, 40.036720500000101 ], [ -105.1872082, 40.0349052 ], [ -105.1882221, 40.032761100000101 ], [ -105.1903303, 40.0318903 ], [ -105.1928784, 40.030834700000099 ], [ -105.1946004, 40.0301282 ], [ -105.1971643, 40.0291316 ], [ -105.1989992, 40.0287481 ], [ -105.2013987, 40.0282635 ], [ -105.2040639, 40.027714500000101 ], [ -105.206819, 40.0271415 ], [ -105.2087302, 40.0253674 ], [ -105.2101584, 40.0240261000001 ], [ -105.2062477, 40.0207972 ], [ -105.2053626, 40.0187554 ], [ -105.204091903, 40.017115382 ] ] ] } },
{ "type": "Feature", "properties": { "objectid": "70121", "id": "201880", "type": "AC; OVERHEAD", "status": "NOT AVAILABLE", "naics_code": "221121", "naics_desc": "ELECTRIC BULK POWER TRANSMISSION AND CONTROL", "source": "Regional Map", "sourcedate": "2014-07-09T20:00:00-06:00", "val_method": "IMAGERY/OTHER", "val_date": "2014-07-09T20:00:00-06:00", "owner": "WAPA-- WESTERN AREA POWER ADMINISTRATION", "voltage": 230.0, "volt_class": "220-287", "inferred": "N", "sub_1": "AULT", "sub_2": "ARCHER", "shape_lengt": 91121.165267653807, "globalid": "6c9e428b-7cc1-46fc-9190-303135506668", "STATEFP": "08", "STATENS": "01779779", "AFFGEOID": "0400000US08", "GEOID": "08", "STUSPS": "CO", "NAME": "Colorado", "LSAD": "00", "ALAND": 268422891711, "AWATER": 1181621593 }, "geometry": { "type": "MultiLineString", "coordinates": [ [ [ -104.813195224, 40.607539759000097 ], [ -104.811907081, 40.606616357 ], [ -104.810160135, 40.606859958 ], [ -104.810432325, 40.612142210000101 ], [ -104.810481003, 40.6171535450001 ], [ -104.810443925, 40.623448219000103 ], [ -104.810647379, 40.630638361000102 ], [ -104.81062361, 40.644039299 ], [ -104.810599842, 40.644354901 ], [ -104.808425073, 40.649774006 ], [ -104.810694915, 40.654345189 ], [ -104.810540422, 40.665154294 ], [ -104.81056419, 40.6743302900001 ], [ -104.810148251, 40.686154467000101 ], [ -104.810017528, 40.689749971 ], [ -104.809715788, 40.697822436000102 ], [ -104.809803615, 40.701499337 ], [ -104.809827383, 40.715714740000102 ], [ -104.809634539, 40.724306437 ], [ -104.809910571, 40.729026542 ], [ -104.809839268, 40.738067681000103 ], [ -104.809744195, 40.750276673 ], [ -104.809649124, 40.762771461 ], [ -104.809518399, 40.772824998 ], [ -104.803374379, 40.780195427000102 ], [ -104.806083928, 40.791406988000098 ], [ -104.808425073, 40.8016361110001 ], [ -104.809411444, 40.803462253000099 ], [ -104.810290859, 40.805162409000097 ], [ -104.810172019, 40.816018992000103 ], [ -104.810255206, 40.8283485480001 ], [ -104.810314626, 40.840702784 ], [ -104.806915807, 40.848209510000103 ], [ -104.809031157, 40.854151358 ], [ -104.810481003, 40.858924225000102 ], [ -104.810406537, 40.866708206 ], [ -104.810427476, 40.88713921 ], [ -104.810372273, 40.896289666 ], [ -104.810381791, 40.899601875 ], [ -104.810409699, 40.913854844000099 ], [ -104.810421583, 40.926893492 ], [ -104.810362163, 40.940288651000103 ], [ -104.810240332, 40.952007077000097 ], [ -104.810106174, 40.965348248 ], [ -104.809893759, 40.979222321000101 ], [ -104.809763329, 40.991840535000101 ], [ -104.809655258, 40.996972041 ], [ -104.809646917248187, 40.998526531588283 ] ] ] } },
{ "type": "Feature", "properties": { "objectid": "70433", "id": "202194", "type": "AC; OVERHEAD", "status": "NOT AVAILABLE", "naics_code": "221121", "naics_desc": "ELECTRIC BULK POWER TRANSMISSION AND CONTROL", "source": "IMAGERY", "sourcedate": "2014-07-08T20:00:00-06:00", "val_method": "IMAGERY", "val_date": "2014-07-08T20:00:00-06:00", "owner": "PUBLIC SERVICE CO OF COLORADO", "voltage": 230.0, "volt_class": "220-287", "inferred": "Y", "sub_1": "TOLLGATE", "sub_2": "JEWELL", "shape_lengt": 5723.8161112311, "globalid": "16b9b146-54c7-4009-ba60-32ff4b7243f3", "STATEFP": "08", "STATENS": "01779779", "AFFGEOID": "0400000US08", "GEOID": "08", "STUSPS": "CO", "NAME": "Colorado", "LSAD": "00", "ALAND": 268422891711, "AWATER": 1181621593 }, "geometry": { "type": "MultiLineString", "coordinates": [ [ [ -104.827605114, 39.68328812 ], [ -104.827897788, 39.682699208 ], [ -104.827759181, 39.681955554000098 ], [ -104.829473949, 39.682275570000101 ], [ -104.847540401, 39.682208519 ], [ -104.876588499, 39.682199376 ], [ -104.876742947, 39.682504152 ], [ -104.877034751, 39.682601702 ] ] ] } },
{ "type": "Feature", "properties": { "objectid": "70128", "id": "201887", "type": "AC; OVERHEAD", "status": "NOT AVAILABLE", "naics_code": "221121", "naics_desc": "ELECTRIC BULK POWER TRANSMISSION AND CONTROL", "source": "Regional Map", "sourcedate": "2014-07-08T20:00:00-06:00", "val_method": "IMAGERY/OTHER", "val_date": "2014-07-08T20:00:00-06:00", "owner": "PLATTE RIVER POWER AUTHORITY", "voltage": 230.0, "volt_class": "220-287", "inferred": "N", "sub_1": "LONGS PEAK", "sub_2": "BOYD", "shape_lengt": 23111.6584414717, "globalid": "08402221-c939-448d-8c03-3416dcc4d374", "STATEFP": "08", "STATENS": "01779779", "AFFGEOID": "0400000US08", "GEOID": "08", "STUSPS": "CO", "NAME": "Colorado", "LSAD": "00", "ALAND": 268422891711, "AWATER": 1181621593 }, "geometry": { "type": "MultiLineString", "coordinates": [ [ [ -105.034553, 40.234528 ], [ -105.034504264, 40.234990348000103 ], [ -105.03538235, 40.2352049570001 ], [ -105.036318361, 40.235387790000097 ], [ -105.036318461, 40.237327888 ], [ -105.036339762, 40.239509487000099 ], [ -105.036347861, 40.241569186 ], [ -105.036345162, 40.243663684000097 ], [ -105.036350562, 40.245796983 ], [ -105.036358562, 40.247909681000102 ], [ -105.036377362, 40.25002848 ], [ -105.036401462, 40.252061278 ], [ -105.036417562, 40.254022377000098 ], [ -105.036425662, 40.2562965750001 ], [ -105.036444362, 40.258411074 ], [ -105.036455161, 40.260689272 ], [ -105.036460461, 40.2623941700001 ], [ -105.036468562, 40.264377469000102 ], [ -105.036487461, 40.266742467 ], [ -105.036495362, 40.2692423660001 ], [ -105.036511462, 40.271057664000097 ], [ -105.036516962, 40.273252463000098 ], [ -105.036519462, 40.275414561 ], [ -105.036535562, 40.2776389590001 ], [ -105.036543662, 40.279687258000102 ], [ -105.036559761, 40.281866457 ], [ -105.036575862, 40.283556555000096 ], [ -105.036578662, 40.285759254 ], [ -105.036583861, 40.287937252000098 ], [ -105.036599962, 40.290050751000102 ], [ -105.036618762, 40.292301249 ], [ -105.036640161, 40.294549547 ], [ -105.036658961, 40.296603546 ], [ -105.036664362, 40.2989438440001 ], [ -105.036675062, 40.301142842 ], [ -105.036680462, 40.303341841000098 ], [ -105.036691161, 40.305520339000097 ], [ -105.036688462, 40.307837838000097 ], [ -105.036693862, 40.309787036 ], [ -105.036693862, 40.311832335000098 ], [ -105.036699162, 40.314039133 ], [ -105.036707262, 40.316231432000102 ], [ -105.036715261, 40.31832983 ], [ -105.036715462, 40.320570229000097 ], [ -105.036720661, 40.322479227 ], [ -105.036720661, 40.324685726 ], [ -105.036921962, 40.327279624 ], [ -105.036949761, 40.330144522000097 ], [ -105.036986162, 40.332944519000101 ], [ -105.037172219, 40.340559771000102 ], [ -105.037400392, 40.344559707 ], [ -105.037614193, 40.347199996 ], [ -105.040181245, 40.351526422000099 ], [ -105.040404664, 40.353920951000099 ], [ -105.040376142, 40.355938665000103 ], [ -105.040342867, 40.358235235 ], [ -105.040300085, 40.362690504000099 ], [ -105.0401552, 40.365490294 ], [ -105.040164381, 40.36859415 ], [ -105.039986347, 40.371064163 ], [ -105.039948319, 40.378201958 ], [ -105.040119448, 40.380787457000103 ], [ -105.040215662, 40.385927881 ], [ -105.042954261, 40.387341580000097 ], [ -105.044804524, 40.3883273920001 ], [ -105.04499723, 40.3890905270001 ], [ -105.045146406, 40.389470439 ] ] ] } },
{ "type": "Feature", "properties": { "objectid": "70416", "id": "202177", "type": "AC; OVERHEAD", "status": "NOT AVAILABLE", "naics_code": "221121", "naics_desc": "ELECTRIC BULK POWER TRANSMISSION AND CONTROL", "source": "Regional Map", "sourcedate": "2014-07-08T20:00:00-06:00", "val_method": "IMAGERY/OTHER", "val_date": "2014-07-08T20:00:00-06:00", "owner": "PUBLIC SERVICE CO OF COLORADO", "voltage": 230.0, "volt_class": "220-287", "inferred": "N", "sub_1": "DENVER TERMINAL", "sub_2": "DAKOTA", "shape_lengt": 6539.1314064546004, "globalid": "0268047d-b70a-4a7e-b8a2-001c8e26851c", "STATEFP": "08", "STATENS": "01779779", "AFFGEOID": "0400000US08", "GEOID": "08", "STUSPS": "CO", "NAME": "Colorado", "LSAD": "00", "ALAND": 268422891711, "AWATER": 1181621593 }, "geometry": { "type": "MultiLineString", "coordinates": [ [ [ -105.019262262, 39.737387244 ], [ -105.018111969, 39.736788589000099 ], [ -105.016709624, 39.735056300000103 ], [ -105.015814795, 39.734635203 ], [ -105.01132284, 39.734731063 ], [ -105.011095794, 39.728975825000099 ], [ -105.011149216, 39.726469527000098 ], [ -105.010704028, 39.723613880000102 ], [ -105.011554338, 39.721891532 ], [ -105.011874874, 39.720473901000098 ], [ -105.010298906, 39.719614406000098 ], [ -105.009430788, 39.718282337000097 ], [ -105.007819204, 39.71738857 ], [ -105.006314466, 39.716258503000098 ], [ -105.005268273, 39.714984587 ], [ -105.004889862, 39.713813386 ], [ -105.0040351, 39.712508603000103 ], [ -105.003523133, 39.711450375 ], [ -105.003011166, 39.710097601 ], [ -105.001809156, 39.707703638000098 ], [ -105.000896519, 39.707689939 ], [ -104.999111312, 39.707504994 ], [ -104.997887043, 39.707522118 ], [ -104.995336111, 39.707566642000103 ], [ -104.994147457, 39.707662540000101 ], [ -104.99252697, 39.708128324 ], [ -104.991859187, 39.708210521000098 ], [ -104.991701736, 39.708021175000098 ] ] ] } },
{ "type": "Feature", "properties": { "objectid": "69629", "id": "201378", "type": "AC; OVERHEAD", "status": "NOT AVAILABLE", "naics_code": "221121", "naics_desc": "ELECTRIC BULK POWER TRANSMISSION AND CONTROL", "source": "Regional Map", "sourcedate": "2014-06-30T20:00:00-06:00", "val_method": "IMAGERY/OTHER", "val_date": "2014-06-30T20:00:00-06:00", "owner": "PUBLIC SERVICE CO OF COLORADO", "voltage": 230.0, "volt_class": "220-287", "inferred": "N", "sub_1": "STEAMBOAT", "sub_2": "UNKNOWN202355", "shape_lengt": 39894.594444141898, "globalid": "77ed628e-11be-4fe9-852b-04f255e56f6d", "STATEFP": "08", "STATENS": "01779779", "AFFGEOID": "0400000US08", "GEOID": "08", "STUSPS": "CO", "NAME": "Colorado", "LSAD": "00", "ALAND": 268422891711, "AWATER": 1181621593 }, "geometry": { "type": "MultiLineString", "coordinates": [ [ [ -106.8512531, 40.487943700000102 ], [ -106.850756648, 40.487724286000102 ], [ -106.850759117, 40.487243735 ], [ -106.851094246, 40.482492999 ], [ -106.861297837, 40.482438765 ], [ -106.906418956, 40.48236826 ], [ -106.908201554, 40.48217844 ], [ -106.913691955, 40.480090387000097 ], [ -106.917506715, 40.466909742 ], [ -106.914262387, 40.457578668 ], [ -106.917866296, 40.434792770000101 ], [ -106.919708534, 40.434209862000102 ], [ -106.924427643, 40.432960818 ], [ -106.927726608, 40.4320917 ], [ -106.950829622, 40.425955512 ], [ -106.993466612, 40.414618486000101 ], [ -107.019263496, 40.407749234 ], [ -107.035289972, 40.403464382 ], [ -107.055548696, 40.39803113 ], [ -107.060775761, 40.396638252000102 ], [ -107.065961473, 40.395257699000098 ], [ -107.082087419, 40.3968205 ], [ -107.082211531, 40.396169351 ], [ -107.073295324, 40.392621714 ], [ -107.067978744, 40.388916333000097 ], [ -107.061597567, 40.384552213000099 ], [ -107.056737243, 40.38121232 ], [ -107.051818898, 40.377836418000101 ], [ -107.047249927, 40.374695233000097 ], [ -107.043197454, 40.3718672890001 ], [ -107.042968036, 40.370877388000103 ], [ -107.042317277, 40.3702660800001 ] ] ] } },
{ "type": "Feature", "properties": { "objectid": "70168", "id": "201927", "type": "AC; OVERHEAD", "status": "NOT AVAILABLE", "naics_code": "221121", "naics_desc": "ELECTRIC BULK POWER TRANSMISSION AND CONTROL", "source": "IMAGERY", "sourcedate": "2014-07-13T20:00:00-06:00", "val_method": "IMAGERY", "val_date": "2014-07-13T20:00:00-06:00", "owner": "WAPA-- WESTERN AREA POWER ADMINISTRATION", "voltage": 230.0, "volt_class": "220-287", "inferred": "Y", "sub_1": "UNKNOWN201329", "sub_2": "UNKNOWN201533", "shape_lengt": 164392.59378058801, "globalid": "ebdcac05-03fe-49a2-8bd8-05d18cad77c8", "STATEFP": "08", "STATENS": "01779779", "AFFGEOID": "0400000US08", "GEOID": "08", "STUSPS": "CO", "NAME": "Colorado", "LSAD": "00", "ALAND": 268422891711, "AWATER": 1181621593 }, "geometry": { "type": "MultiLineString", "coordinates": [ [ [ -103.677396893, 40.213728996 ], [ -103.677778537, 40.213918656 ], [ -103.678099404, 40.213951327000103 ], [ -103.67838462, 40.212306903000098 ], [ -103.678598532, 40.210428291 ], [ -103.679347223, 40.203969826 ], [ -103.670876317, 40.204318359000098 ], [ -103.670776492, 40.211315874 ], [ -103.670662406, 40.218399782000098 ], [ -103.660166469, 40.218454229 ], [ -103.657542485, 40.218808132 ], [ -103.640286936, 40.218851689000097 ], [ -103.626732062, 40.218846245000101 ], [ -103.624778334, 40.217523182 ], [ -103.61997245, 40.217506847 ], [ -103.618418025, 40.218519565000101 ], [ -103.613305534, 40.218486897 ], [ -103.599650833, 40.218508675000102 ], [ -103.586267088, 40.218682905 ], [ -103.572234477, 40.218851689000097 ], [ -103.557553, 40.218982361 ], [ -103.547128367, 40.219042252000101 ], [ -103.543876908, 40.222423286 ], [ -103.536183216, 40.230562120000101 ], [ -103.528824651, 40.237682117000098 ], [ -103.518079151, 40.247934397000101 ], [ -103.515255515, 40.250662754000103 ], [ -103.513934016, 40.253855374000103 ], [ -103.503466601, 40.25836832 ], [ -103.495803807, 40.261785479 ], [ -103.487551566, 40.268561246 ], [ -103.474545732, 40.2793764 ], [ -103.461492362, 40.290139062 ], [ -103.448667163, 40.300849256 ], [ -103.437648331, 40.3100425700001 ], [ -103.427646768, 40.318343027 ], [ -103.415563131, 40.328657372000102 ], [ -103.404991137, 40.337383106000097 ], [ -103.39195678, 40.348151019 ], [ -103.378941439, 40.358888234 ], [ -103.365869053, 40.369674444000097 ], [ -103.353452664, 40.3799519720001 ], [ -103.340931696, 40.390546542 ], [ -103.338745043, 40.392371276000098 ], [ -103.326167032, 40.392450926 ], [ -103.299917682, 40.392516094 ], [ -103.289364702, 40.392516094 ], [ -103.287415729, 40.392769525000098 ], [ -103.280446959, 40.392784007 ], [ -103.261033279, 40.392805729 ], [ -103.244015411, 40.392849174 ], [ -103.223251709, 40.3929360650001 ], [ -103.217471339, 40.393037436 ], [ -103.21736676, 40.401124966 ], [ -103.217300209, 40.411918893000099 ], [ -103.217224152, 40.416609476000097 ], [ -103.217319223, 40.418353884 ], [ -103.217794583, 40.4201054850001 ], [ -103.21841255, 40.421842565000098 ], [ -103.219277704, 40.423449324 ], [ -103.22040906, 40.424961958 ], [ -103.221740067, 40.426423898000102 ], [ -103.223128116, 40.427864094 ], [ -103.224268979, 40.429347682000099 ], [ -103.225191176, 40.430751632000103 ], [ -103.226474646, 40.434232433 ], [ -103.226721834, 40.435795478 ], [ -103.226008794, 40.437539389000101 ], [ -103.225999287, 40.441367151000101 ], [ -103.22605633, 40.452147387 ], [ -103.226151402, 40.457775574 ], [ -103.217690004, 40.457811744 ], [ -103.21773754, 40.462933127 ], [ -103.217690004, 40.4737316 ], [ -103.217832612, 40.484521106 ], [ -103.217775569, 40.495308878000102 ], [ -103.217870641, 40.506094915000098 ], [ -103.217794583, 40.508480333000101 ], [ -103.209276141, 40.516871991000102 ], [ -103.19876119, 40.527379959 ], [ -103.187980038, 40.538095812000101 ], [ -103.176904163, 40.548860519000101 ], [ -103.165714201, 40.559536822 ], [ -103.154999599, 40.570038099 ], [ -103.144845921, 40.580248904 ], [ -103.134036247, 40.590631419 ], [ -103.122836778, 40.601394898000102 ], [ -103.112397885, 40.611543177 ], [ -103.10213012, 40.621704348 ], [ -103.098564924, 40.625153598000097 ], [ -103.094933179, 40.6264452180001 ], [ -103.093982459, 40.629583964000098 ], [ -103.09103523, 40.632491683000097 ], [ -103.080558309, 40.642736234 ], [ -103.069976807, 40.6530874050001 ], [ -103.058891425, 40.663848035 ], [ -103.052493086, 40.670237240000098 ], [ -103.052787809, 40.670698738 ], [ -103.048880354, 40.674419457000099 ], [ -103.038584068, 40.684419662 ], [ -103.028154682, 40.694598574 ], [ -103.017402051, 40.705028184000099 ], [ -103.006193075, 40.715787638000101 ], [ -102.999794737, 40.722063784000099 ], [ -103.003616627, 40.72643728 ], [ -103.012135068, 40.736069488 ], [ -103.016679505, 40.741205614000101 ], [ -103.016841127, 40.745937992 ], [ -103.01696472, 40.756316350000098 ], [ -103.016948082, 40.756917683 ], [ -103.018659377, 40.757871884 ], [ -103.030495828, 40.764576106 ], [ -103.025770754, 40.767722752 ], [ -103.023298885, 40.769062012000099 ], [ -103.021549562, 40.770955650000097 ], [ -103.021093217, 40.772849234 ], [ -103.025656668, 40.773806806 ], [ -103.028632418, 40.775073948 ], [ -103.027386977, 40.778068912 ], [ -103.027377469, 40.779703127000097 ], [ -103.027329934, 40.789543561000102 ], [ -103.027301412, 40.800274955000098 ], [ -103.027367962, 40.804592933 ], [ -103.02095061, 40.804758451 ], [ -103.018069931, 40.807320312000101 ], [ -103.018079439, 40.810616044 ], [ -103.018098452, 40.818811491000098 ], [ -103.017784716, 40.818926609000101 ], [ -103.017794223, 40.821085026000098 ], [ -103.017927323, 40.8316099030001 ], [ -103.018088945, 40.842169072000097 ], [ -103.018241061, 40.848052129000102 ], [ -103.018497754, 40.848569928000103 ], [ -103.018820999, 40.852884763000098 ], [ -103.018697406, 40.863217652 ], [ -103.018811492, 40.873850862 ], [ -103.018925578, 40.884568618000102 ], [ -103.019068186, 40.895313383 ], [ -103.019144243, 40.906056405000101 ], [ -103.019286852, 40.916783313000103 ], [ -103.019391431, 40.927522847 ], [ -103.019505517, 40.938246271 ], [ -103.019619603, 40.948766895000098 ], [ -103.019857283, 40.959465333 ], [ -103.019990383, 40.962609913 ], [ -103.028204594, 40.9625453 ], [ -103.032606423, 40.962530941000097 ], [ -103.033526744, 40.962603744 ] ] ] } },
{ "type": "Feature", "properties": { "objectid": "74461", "id": "206740", "type": "AC; OVERHEAD", "status": "NOT AVAILABLE", "naics_code": "221121", "naics_desc": "ELECTRIC BULK POWER TRANSMISSION AND CONTROL", "source": "IMAGERY", "sourcedate": "2015-12-17T18:00:00-07:00", "val_method": "IMAGERY", "val_date": "2015-12-17T18:00:00-07:00", "owner": "PUBLIC SERVICE CO OF COLORADO", "voltage": 230.0, "volt_class": "220-287", "inferred": "Y", "sub_1": "NOT AVAILABLE", "sub_2": "UNKNOWN203691", "shape_lengt": 103.5367313683, "globalid": "9f7e8e3c-c2ff-48e0-b1cd-082c1efb3447", "STATEFP": "08", "STATENS": "01779779", "AFFGEOID": "0400000US08", "GEOID": "08", "STUSPS": "CO", "NAME": "Colorado", "LSAD": "00", "ALAND": 268422891711, "AWATER": 1181621593 }, "geometry": { "type": "MultiLineString", "coordinates": [ [ [ -104.888077286, 40.092145133 ], [ -104.88814748, 40.092145133 ], [ -104.888129634, 40.092564513000099 ], [ -104.887849831, 40.092669067 ] ] ] } },
{ "type": "Feature", "properties": { "objectid": "74419", "id": "206698", "type": "AC; OVERHEAD", "status": "NOT AVAILABLE", "naics_code": "221121", "naics_desc": "ELECTRIC BULK POWER TRANSMISSION AND CONTROL", "source": "IMAGERY", "sourcedate": "2015-12-16T18:00:00-07:00", "val_method": "IMAGERY", "val_date": "2015-12-16T18:00:00-07:00", "owner": "PLATTE RIVER POWER AUTHORITY", "voltage": 230.0, "volt_class": "220-287", "inferred": "Y", "sub_1": "NOT AVAILABLE", "sub_2": "RAWHIDE", "shape_lengt": 539.69247054590005, "globalid": "276559ec-aa01-4153-b2b0-088269330771", "STATEFP": "08", "STATENS": "01779779", "AFFGEOID": "0400000US08", "GEOID": "08", "STUSPS": "CO", "NAME": "Colorado", "LSAD": "00", "ALAND": 268422891711, "AWATER": 1181621593 }, "geometry": { "type": "MultiLineString", "coordinates": [ [ [ -105.025431027, 40.860119241000099 ], [ -105.024052129, 40.860516611 ], [ -105.022921885, 40.860540406 ], [ -105.021301472, 40.860540406 ], [ -105.021056429, 40.86097232 ] ] ] } },
{ "type": "Feature", "properties": { "objectid": "73595", "id": "205299", "type": "AC; OVERHEAD", "status": "NOT AVAILABLE", "naics_code": "221121", "naics_desc": "ELECTRIC BULK POWER TRANSMISSION AND CONTROL", "source": "Regional Map", "sourcedate": "2015-09-13T20:00:00-06:00", "val_method": "IMAGERY/OTHER", "val_date": "2015-09-13T20:00:00-06:00", "owner": "PUBLIC SERVICE CO OF COLORADO", "voltage": 230.0, "volt_class": "220-287", "inferred": "N", "sub_1": "COOLEY MESA", "sub_2": "UNKNOWN205914", "shape_lengt": 184.4644425239, "globalid": "f3e14af8-1408-43ad-a339-0a080d8cfa83", "STATEFP": "08", "STATENS": "01779779", "AFFGEOID": "0400000US08", "GEOID": "08", "STUSPS": "CO", "NAME": "Colorado", "LSAD": "00", "ALAND": 268422891711, "AWATER": 1181621593 }, "geometry": { "type": "MultiLineString", "coordinates": [ [ [ -106.904357, 39.635054 ], [ -106.904575585, 39.635208557000098 ], [ -106.905917601, 39.635379878 ] ] ] } },
{ "type": "Feature", "properties": { "objectid": "70060", "id": "201819", "type": "AC; OVERHEAD", "status": "NOT AVAILABLE", "naics_code": "221121", "naics_desc": "ELECTRIC BULK POWER TRANSMISSION AND CONTROL", "source": "Regional Map", "sourcedate": "2014-07-08T20:00:00-06:00", "val_method": "IMAGERY/OTHER", "val_date": "2014-07-08T20:00:00-06:00", "owner": "TRI-STATE G & T ASSN, INC", "voltage": 230.0, "volt_class": "220-287", "inferred": "N", "sub_1": "WALSENBURG", "sub_2": "COMANCHE", "shape_lengt": 99124.316418510905, "globalid": "7a58a1ce-84da-4a9d-a83d-0ac1dc5dbe66", "STATEFP": "08", "STATENS": "01779779", "AFFGEOID": "0400000US08", "GEOID": "08", "STUSPS": "CO", "NAME": "Colorado", "LSAD": "00", "ALAND": 268422891711, "AWATER": 1181621593 }, "geometry": { "type": "MultiLineString", "coordinates": [ [ [ -104.80024729, 37.618341319 ], [ -104.799491897, 37.619052421 ], [ -104.7999885, 37.6199428 ], [ -104.799942, 37.6213668 ], [ -104.7998793, 37.623043800000097 ], [ -104.799959, 37.624491400000103 ], [ -104.8001049, 37.6267754 ], [ -104.8002357, 37.6290678 ], [ -104.8003803, 37.6314738 ], [ -104.8004697, 37.6332495 ], [ -104.8014822, 37.634043900000101 ], [ -104.8037206, 37.6358214 ], [ -104.805601, 37.6372914 ], [ -104.8075626, 37.638828100000097 ], [ -104.8096717, 37.640474300000101 ], [ -104.8115039, 37.641918100000098 ], [ -104.8130323, 37.6430997 ], [ -104.8152617, 37.644857800000104 ], [ -104.8172956, 37.646456300000096 ], [ -104.8191188, 37.647880900000096 ], [ -104.8208668, 37.6492578 ], [ -104.8210744, 37.6507656 ], [ -104.8214083, 37.653162000000101 ], [ -104.8217212, 37.655567700000098 ], [ -104.82198, 37.657559 ], [ -104.8221755, 37.658854700000099 ], [ -104.8224854, 37.6613318 ], [ -104.8227382, 37.663218100000101 ], [ -104.8230932, 37.6659665 ], [ -104.8234219, 37.6683293 ], [ -104.8237351, 37.670725800000099 ], [ -104.8240265, 37.672908800000101 ], [ -104.8243267, 37.6751399 ], [ -104.8246225, 37.6774122 ], [ -104.8249313, 37.679701700000102 ], [ -104.825201, 37.681726 ], [ -104.8254446, 37.6836539 ], [ -104.8257361, 37.685716 ], [ -104.825984, 37.687557700000099 ], [ -104.826232, 37.689471700000098 ], [ -104.8265191, 37.6916128 ], [ -104.8267714, 37.693561100000103 ], [ -104.8270715, 37.6956986000001 ], [ -104.8273369, 37.697725900000101 ], [ -104.8275544, 37.6993884 ], [ -104.8278023, 37.7012779 ], [ -104.8281199, 37.7035908 ], [ -104.8284287, 37.7059104000001 ], [ -104.8287289, 37.7081922 ], [ -104.8290551, 37.7105977000001 ], [ -104.82929, 37.7124594000001 ], [ -104.8295293, 37.7142351 ], [ -104.8298225, 37.7163301 ], [ -104.8283994, 37.7182966 ], [ -104.8269495, 37.720284300000102 ], [ -104.8254241, 37.722356300000101 ], [ -104.8245346, 37.723591 ], [ -104.8230225, 37.725677 ], [ -104.8215771, 37.727639800000098 ], [ -104.8201006, 37.7296623 ], [ -104.8187308, 37.7315477000001 ], [ -104.8173744, 37.7334153 ], [ -104.8158712, 37.735487 ], [ -104.8143013, 37.7376289 ], [ -104.812976, 37.7394437 ], [ -104.8116062, 37.7413287 ], [ -104.8100541, 37.7434494 ], [ -104.8085687, 37.7454891 ], [ -104.8072211, 37.7473459 ], [ -104.806047, 37.748956500000098 ], [ -104.8046639, 37.750851800000099 ], [ -104.8032319, 37.752803400000097 ], [ -104.8017776, 37.7547936 ], [ -104.80031, 37.7567944 ], [ -104.7987534, 37.7589638 ], [ -104.7964675, 37.7599272 ], [ -104.793888, 37.7610206 ], [ -104.7913308, 37.7621 ], [ -104.7888314, 37.763168800000102 ], [ -104.7863587, 37.764199 ], [ -104.7838491, 37.765265500000098 ], [ -104.781221, 37.766369 ], [ -104.7790249, 37.7672963 ], [ -104.7766515, 37.7683135 ], [ -104.7748373, 37.7690791 ], [ -104.7726457, 37.770006400000099 ], [ -104.7704269, 37.7709337 ], [ -104.7678079, 37.772033500000099 ], [ -104.7654663, 37.7730182 ], [ -104.7632065, 37.773977800000097 ], [ -104.760833, 37.7749841 ], [ -104.7583277, 37.776044300000102 ], [ -104.7557633, 37.7771261 ], [ -104.7535399, 37.7780569 ], [ -104.751121, 37.779088300000097 ], [ -104.7486748, 37.7801161 ], [ -104.7463968, 37.7810828 ], [ -104.7443826, 37.7819201 ], [ -104.7426912, 37.7823729 ], [ -104.7405132, 37.7829442 ], [ -104.7380761, 37.783587500000102 ], [ -104.7351389, 37.7843708 ], [ -104.7323971, 37.7850895 ], [ -104.7296508, 37.785822600000103 ], [ -104.7268955, 37.7865485 ], [ -104.7241083, 37.7872887 ], [ -104.7212892, 37.7880181 ], [ -104.7188794, 37.7886649000001 ], [ -104.7164304, 37.7893045000001 ], [ -104.7139341, 37.789965800000097 ], [ -104.7113914, 37.790627 ], [ -104.7091694, 37.7912148 ], [ -104.7069241, 37.791813600000097 ], [ -104.7042884, 37.792504200000103 ], [ -104.701476, 37.793260900000099 ], [ -104.6988589, 37.793940500000097 ], [ -104.6962882, 37.794605400000101 ], [ -104.6939686, 37.795450200000097 ], [ -104.6915885, 37.7963245 ], [ -104.6891294, 37.797224400000097 ], [ -104.6865541, 37.7981574 ], [ -104.6835883, 37.799230000000101 ], [ -104.6810735, 37.800144600000102 ], [ -104.6781728, 37.801187700000099 ], [ -104.6757788, 37.8020582 ], [ -104.6732964, 37.8029691 ], [ -104.6708327, 37.803858 ], [ -104.668197, 37.8048129 ], [ -104.6654894, 37.805792600000103 ], [ -104.6634074, 37.8065488 ], [ -104.6612598, 37.8073384 ], [ -104.6586938, 37.8082676000001 ], [ -104.6561046, 37.809204200000103 ], [ -104.6537803, 37.810056200000098 ], [ -104.6510748, 37.8110331 ], [ -104.6485925, 37.811929200000101 ], [ -104.6459335, 37.8129024 ], [ -104.645213, 37.8145623 ], [ -104.6441717, 37.816916300000102 ], [ -104.6432141, 37.8191526 ], [ -104.6422239, 37.821433 ], [ -104.641257, 37.8236619 ], [ -104.6403366, 37.825776900000101 ], [ -104.6394441, 37.827844 ], [ -104.6384772, 37.830072700000102 ], [ -104.6376126, 37.832070100000102 ], [ -104.6367108, 37.8341591000001 ], [ -104.635967, 37.8358369 ], [ -104.6351728, 37.8376564000001 ], [ -104.6340702, 37.840302500000099 ], [ -104.6331863, 37.842299200000099 ], [ -104.6320884, 37.844794900000103 ], [ -104.6311427, 37.846975400000098 ], [ -104.6304868, 37.8484878 ], [ -104.6296409, 37.850454200000101 ], [ -104.6287569, 37.8524769 ], [ -104.6278111, 37.854649600000101 ], [ -104.6268749, 37.856886 ], [ -104.6259053, 37.8590624 ], [ -104.6249643, 37.861249900000097 ], [ -104.6239711, 37.8635462 ], [ -104.622954, 37.8658799 ], [ -104.6220415, 37.867980900000099 ], [ -104.6211053, 37.8701569 ], [ -104.6201215, 37.8723404 ], [ -104.6192423, 37.87446 ], [ -104.6185056, 37.8761519 ], [ -104.6176834, 37.8780238 ], [ -104.616809, 37.8800345000001 ], [ -104.6158014, 37.882352700000098 ], [ -104.615003, 37.8840856 ], [ -104.6148747, 37.8857361 ], [ -104.6146465, 37.8875252 ], [ -104.6142363, 37.891689900000102 ], [ -104.6139477, 37.894341600000097 ], [ -104.6136281, 37.897185700000101 ], [ -104.613312, 37.900252000000101 ], [ -104.6130544, 37.902551000000102 ], [ -104.6127932, 37.9049773 ], [ -104.6125459, 37.9074821 ], [ -104.6109036, 37.909377 ], [ -104.6096221, 37.910859700000103 ], [ -104.6079145, 37.912852100000102 ], [ -104.6062963, 37.9147088 ], [ -104.6043516, 37.9169748 ], [ -104.6030186, 37.9185225 ], [ -104.6017439, 37.919994200000097 ], [ -104.6003421, 37.9216502 ], [ -104.5990503, 37.9231273 ], [ -104.59714, 37.9253578 ], [ -104.5958241, 37.9268538 ], [ -104.5941578, 37.9287996 ], [ -104.5930515, 37.9300787 ], [ -104.5918077, 37.931534 ], [ -104.5903922, 37.933173500000102 ], [ -104.5903819, 37.9355798 ], [ -104.5903716, 37.9378831000001 ], [ -104.5903647, 37.940308200000104 ], [ -104.5903613, 37.9423864 ], [ -104.5903141, 37.945084800000103 ], [ -104.5903243, 37.9470633 ], [ -104.590309, 37.9494582 ], [ -104.5902938, 37.9518531 ], [ -104.5902836, 37.9541117 ], [ -104.5902887, 37.9562421 ], [ -104.5902633, 37.958660800000096 ], [ -104.5902582, 37.9609913 ], [ -104.5902532, 37.9633137000001 ], [ -104.5902278, 37.965632 ], [ -104.5902227, 37.9678181 ], [ -104.5902176, 37.970124300000101 ], [ -104.5902125, 37.9724824 ], [ -104.5902024, 37.9746203 ], [ -104.5901973, 37.976846200000097 ], [ -104.5901922, 37.979108 ], [ -104.5901719, 37.9814699 ], [ -104.5901516, 37.9837636 ], [ -104.5901465, 37.986233400000103 ], [ -104.5901567, 37.9883549 ], [ -104.5901313, 37.9905924 ], [ -104.590111, 37.9929018 ], [ -104.5901008, 37.9955234 ], [ -104.590111, 37.9976286 ], [ -104.5901211, 37.9998938 ], [ -104.5900986, 38.0023632 ], [ -104.5900986, 38.0048262 ], [ -104.5900831, 38.0067041 ], [ -104.5900675, 38.009183300000103 ], [ -104.5900571, 38.011552100000102 ], [ -104.5900415, 38.0136180000001 ], [ -104.5900519, 38.0156143 ], [ -104.5900415, 38.0174264 ], [ -104.5900363, 38.019709 ], [ -104.5900104, 38.022159100000103 ], [ -104.5900208, 38.024318800000103 ], [ -104.5900104, 38.026638 ], [ -104.5899792, 38.029038800000102 ], [ -104.589974, 38.0307198 ], [ -104.589974, 38.0326952 ], [ -104.5899688, 38.034421000000101 ], [ -104.5899636, 38.036821700000097 ], [ -104.5882606, 38.038846 ], [ -104.5865084, 38.0408551 ], [ -104.5848268, 38.0428032 ], [ -104.5834417, 38.044420300000098 ], [ -104.5818989, 38.0462383 ], [ -104.580131, 38.048280900000101 ], [ -104.5785394, 38.050143100000099 ], [ -104.5765425, 38.052460500000102 ], [ -104.5751686, 38.0540685 ], [ -104.5738023, 38.0556586000001 ], [ -104.5725223, 38.0571601 ], [ -104.5716064, 38.0582093 ], [ -104.5716026, 38.059902900000097 ], [ -104.5715989, 38.0620929 ], [ -104.5716026, 38.064300500000101 ], [ -104.5715989, 38.0664431000001 ], [ -104.5715689, 38.0688871 ], [ -104.5715876, 38.0710768000001 ], [ -104.5715726, 38.073228 ], [ -104.5715801, 38.0756186 ], [ -104.5715651, 38.0779027 ], [ -104.5715689, 38.080269400000098 ], [ -104.5715614, 38.0825711 ], [ -104.5715465, 38.084940500000101 ], [ -104.5715411, 38.0872942 ], [ -104.5715357, 38.089545300000097 ], [ -104.5715194, 38.0917366 ], [ -104.5715194, 38.0941029 ], [ -104.5715303, 38.0960206 ], [ -104.5715194, 38.098015200000098 ], [ -104.571514, 38.100364200000101 ], [ -104.5715031, 38.1026619 ], [ -104.5715086, 38.104968 ], [ -104.5714923, 38.1071716000001 ], [ -104.5714868, 38.109311100000099 ], [ -104.5714706, 38.1116213 ], [ -104.5714923, 38.113944300000099 ], [ -104.5714923, 38.116297 ], [ -104.5714651, 38.1185814 ], [ -104.571476, 38.1208486 ], [ -104.5714651, 38.1231542 ], [ -104.5714776, 38.1254686 ], [ -104.5714554, 38.127843 ], [ -104.571461, 38.129842100000097 ], [ -104.5714499, 38.1318803 ], [ -104.5714443, 38.1340757 ], [ -104.5714332, 38.136332 ], [ -104.5714277, 38.138579600000099 ], [ -104.571461, 38.1408314 ], [ -104.5714388, 38.143078800000097 ], [ -104.5714499, 38.145444 ], [ -104.5714443, 38.1476782 ], [ -104.5714332, 38.1499472 ], [ -104.571411, 38.1522991000001 ], [ -104.5714332, 38.1544545 ], [ -104.5714166, 38.1566448 ], [ -104.571411, 38.1588917 ], [ -104.5714055, 38.161190900000101 ], [ -104.5714055, 38.1633985 ], [ -104.5714055, 38.1654794 ], [ -104.5713944, 38.1677261 ], [ -104.5713828, 38.1700289 ], [ -104.5713771, 38.1723390000001 ], [ -104.5713771, 38.1743236 ], [ -104.5713658, 38.176455200000099 ], [ -104.5713715, 38.1786448 ], [ -104.5713431, 38.180718300000102 ], [ -104.5713374, 38.1823325 ], [ -104.571646708, 38.18313993 ], [ -104.57157065, 38.194393428000097 ], [ -104.571513607, 38.198099379 ], [ -104.571722765, 38.199593661 ], [ -104.571646708, 38.208517620000102 ], [ -104.571917662, 38.210359054 ], [ -104.574803095, 38.210321703 ], [ -104.575055034, 38.210930524 ], [ -104.576305422, 38.211333365 ] ] ] } },
{ "type": "Feature", "properties": { "objectid": "70374", "id": "202135", "type": "AC; OVERHEAD", "status": "NOT AVAILABLE", "naics_code": "221121", "naics_desc": "ELECTRIC BULK POWER TRANSMISSION AND CONTROL", "source": "Regional Map", "sourcedate": "2014-07-08T20:00:00-06:00", "val_method": "IMAGERY/OTHER", "val_date": "2014-07-08T20:00:00-06:00", "owner": "PUBLIC SERVICE CO OF COLORADO", "voltage": 230.0, "volt_class": "220-287", "inferred": "N", "sub_1": "PLAINS END", "sub_2": "SIMMS", "shape_lengt": 13829.6212693609, "globalid": "f2860059-9e59-4fef-b610-0bd203897b9d", "STATEFP": "08", "STATENS": "01779779", "AFFGEOID": "0400000US08", "GEOID": "08", "STUSPS": "CO", "NAME": "Colorado", "LSAD": "00", "ALAND": 268422891711, "AWATER": 1181621593 }, "geometry": { "type": "MultiLineString", "coordinates": [ [ [ -105.22286308, 39.857918535000103 ], [ -105.221736427, 39.857748264000101 ], [ -105.214314134, 39.856190553 ], [ -105.203464542, 39.856172009 ], [ -105.203458, 39.863048 ], [ -105.203447, 39.8658397 ], [ -105.203501, 39.8708422 ], [ -105.20349, 39.872727800000099 ], [ -105.201693, 39.873407100000101 ], [ -105.198373, 39.874654500000098 ], [ -105.196055, 39.8755232 ], [ -105.193711, 39.8764042 ], [ -105.190369, 39.877672200000099 ], [ -105.188164, 39.8784996 ], [ -105.1856, 39.8794753 ], [ -105.1828, 39.8805415 ], [ -105.182757, 39.8838058 ], [ -105.182714, 39.887465200000101 ], [ -105.182698, 39.888247200000102 ], [ -105.177507053, 39.888919885000099 ], [ -105.166210322, 39.889804001000101 ], [ -105.160121994, 39.890710011000102 ], [ -105.147929215, 39.889272296000101 ], [ -105.147629675, 39.892267314 ], [ -105.146799539, 39.896058707000101 ], [ -105.147438906, 39.899411442 ], [ -105.146084879, 39.899567269 ] ] ] } },
{ "type": "Feature", "properties": { "objectid": "73128", "id": "205227", "type": "AC; OVERHEAD", "status": "NOT AVAILABLE", "naics_code": "221121", "naics_desc": "ELECTRIC BULK POWER TRANSMISSION AND CONTROL", "source": "IMAGERY", "sourcedate": "2015-08-12T20:00:00-06:00", "val_method": "IMAGERY", "val_date": "2015-08-12T20:00:00-06:00", "owner": "PUBLIC SERVICE CO OF COLORADO", "voltage": 230.0, "volt_class": "220-287", "inferred": "Y", "sub_1": "JEWELL", "sub_2": "LEETSDALE", "shape_lengt": 6966.2769731199996, "globalid": "d78d306e-06cb-4042-9935-0db2bb962cea", "STATEFP": "08", "STATENS": "01779779", "AFFGEOID": "0400000US08", "GEOID": "08", "STUSPS": "CO", "NAME": "Colorado", "LSAD": "00", "ALAND": 268422891711, "AWATER": 1181621593 }, "geometry": { "type": "MultiLineString", "coordinates": [ [ [ -104.877034751, 39.682601702 ], [ -104.877486576, 39.682196236 ], [ -104.878459565, 39.681967849 ], [ -104.895841971, 39.682008521 ], [ -104.899061283, 39.684733516 ], [ -104.903807343, 39.686516809000103 ], [ -104.9132991, 39.6919837 ], [ -104.9177564, 39.6945525000001 ], [ -104.9177653, 39.699496700000097 ], [ -104.9177727, 39.7051583 ], [ -104.9180296, 39.705946600000097 ], [ -104.918590262, 39.706721257 ] ] ] } },
{ "type": "Feature", "properties": { "objectid": "80201", "id": "212083", "type": "AC; OVERHEAD", "status": "NOT AVAILABLE", "naics_code": "221121", "naics_desc": "ELECTRIC BULK POWER TRANSMISSION AND CONTROL", "source": "IMAGERY and FAA data", "sourcedate": "2019-02-17T18:00:00-07:00", "val_method": "IMAGERY/OTHER", "val_date": "2019-02-17T18:00:00-07:00", "owner": "CITY OF COLORADO SPRINGS - (CO)", "voltage": 230.0, "volt_class": "220-287", "inferred": "Y", "sub_1": "NOT AVAILABLE", "sub_2": "TAP209761", "shape_lengt": 4417.6268487596999, "globalid": "750c082c-6474-4d0f-9f75-0e9308f2d1d6", "STATEFP": "08", "STATENS": "01779779", "AFFGEOID": "0400000US08", "GEOID": "08", "STUSPS": "CO", "NAME": "Colorado", "LSAD": "00", "ALAND": 268422891711, "AWATER": 1181621593 }, "geometry": { "type": "MultiLineString", "coordinates": [ [ [ -104.673357781, 38.753119107 ], [ -104.673308239, 38.755689148 ], [ -104.673568335, 38.7580360480001 ], [ -104.673593106, 38.764630225000097 ], [ -104.673630262, 38.7662011 ], [ -104.66779668, 38.771126828 ], [ -104.665592057, 38.772823604 ], [ -104.664576444, 38.774142213000097 ], [ -104.66458883, 38.775586838 ], [ -104.66458883, 38.7795327420001 ], [ -104.66458883, 38.780463439000101 ], [ -104.664547307, 38.781333983 ] ] ] } },
{ "type": "Feature", "properties": { "objectid": "74527", "id": "206807", "type": "AC; OVERHEAD", "status": "NOT AVAILABLE", "naics_code": "221121", "naics_desc": "ELECTRIC BULK POWER TRANSMISSION AND CONTROL", "source": "IMAGERY", "sourcedate": "2016-03-16T19:00:00-06:00", "val_method": "IMAGERY", "val_date": "2016-03-16T19:00:00-06:00", "owner": "PUBLIC SERVICE CO OF COLORADO", "voltage": 230.0, "volt_class": "220-287", "inferred": "Y", "sub_1": "NOT AVAILABLE", "sub_2": "UNKNOWN201500", "shape_lengt": 208.08473219749999, "globalid": "df20d9b6-945a-49fb-bac4-0ee4796405d6", "STATEFP": "08", "STATENS": "01779779", "AFFGEOID": "0400000US08", "GEOID": "08", "STUSPS": "CO", "NAME": "Colorado", "LSAD": "00", "ALAND": 268422891711, "AWATER": 1181621593 }, "geometry": { "type": "MultiLineString", "coordinates": [ [ [ -102.242891919, 39.357169959 ], [ -102.242626335, 39.357205793 ], [ -102.242644801, 39.357664372 ], [ -102.242207766, 39.3579752200001 ], [ -102.242156413, 39.358291652 ] ] ] } },
{ "type": "Feature", "properties": { "objectid": "70371", "id": "202132", "type": "AC; OVERHEAD", "status": "NOT AVAILABLE", "naics_code": "221121", "naics_desc": "ELECTRIC BULK POWER TRANSMISSION AND CONTROL", "source": "Regional Map", "sourcedate": "2014-07-08T20:00:00-06:00", "val_method": "IMAGERY/OTHER", "val_date": "2014-07-08T20:00:00-06:00", "owner": "PUBLIC SERVICE CO OF COLORADO", "voltage": 230.0, "volt_class": "220-287", "inferred": "N", "sub_1": "LOOK OUT", "sub_2": "PLAINS END", "shape_lengt": 22253.940066414401, "globalid": "18ccba25-a4c7-4d14-af4a-0fc21570acfb", "STATEFP": "08", "STATENS": "01779779", "AFFGEOID": "0400000US08", "GEOID": "08", "STUSPS": "CO", "NAME": "Colorado", "LSAD": "00", "ALAND": 268422891711, "AWATER": 1181621593 }, "geometry": { "type": "MultiLineString", "coordinates": [ [ [ -105.202905753, 39.734166178000102 ], [ -105.203594701, 39.734304533 ], [ -105.202958091, 39.735653501000101 ], [ -105.202985972, 39.738671162000102 ], [ -105.202999912, 39.741449294000098 ], [ -105.202439974, 39.742787403000101 ], [ -105.200149108, 39.746960563000101 ], [ -105.202167309, 39.752273302 ], [ -105.204201107, 39.757408432 ], [ -105.204228988, 39.763257761 ], [ -105.203959474, 39.76579559 ], [ -105.203576114, 39.768990514000102 ], [ -105.203485502, 39.773587087000102 ], [ -105.203355392, 39.778047648 ], [ -105.203353068, 39.783427436000103 ], [ -105.212346744, 39.783371996 ], [ -105.212061529, 39.798051802 ], [ -105.203314915, 39.798066411 ], [ -105.203424247, 39.811884989000099 ], [ -105.20340662, 39.829036396 ], [ -105.20348373, 39.8431087640001 ], [ -105.203527955, 39.8562369140001 ], [ -105.206079557, 39.857391292 ], [ -105.210886835, 39.857973109 ], [ -105.213785696, 39.858325442000101 ], [ -105.215639759, 39.858726451000102 ], [ -105.218840585, 39.859099642 ], [ -105.22125651, 39.859523129 ], [ -105.221848154, 39.858809898000104 ], [ -105.221828523, 39.858177009 ], [ -105.22286308, 39.857918535000103 ] ] ] } },
{ "type": "Feature", "properties": { "objectid": "74422", "id": "206701", "type": "AC; OVERHEAD", "status": "NOT AVAILABLE", "naics_code": "221121", "naics_desc": "ELECTRIC BULK POWER TRANSMISSION AND CONTROL", "source": "IMAGERY", "sourcedate": "2015-12-16T18:00:00-07:00", "val_method": "IMAGERY", "val_date": "2015-12-16T18:00:00-07:00", "owner": "PUBLIC SERVICE CO OF COLORADO", "voltage": 230.0, "volt_class": "220-287", "inferred": "Y", "sub_1": "NOT AVAILABLE", "sub_2": "RMEC", "shape_lengt": 158.9336321337, "globalid": "e61c7c2b-31c7-43ae-94f7-19cc33ca433c", "STATEFP": "08", "STATENS": "01779779", "AFFGEOID": "0400000US08", "GEOID": "08", "STUSPS": "CO", "NAME": "Colorado", "LSAD": "00", "ALAND": 268422891711, "AWATER": 1181621593 }, "geometry": { "type": "MultiLineString", "coordinates": [ [ [ -104.595001318, 40.090652311 ], [ -104.595146763, 40.090122286000103 ], [ -104.595213913, 40.08957401 ] ] ] } },
{ "type": "Feature", "properties": { "objectid": "70372", "id": "202133", "type": "AC; OVERHEAD", "status": "NOT AVAILABLE", "naics_code": "221121", "naics_desc": "ELECTRIC BULK POWER TRANSMISSION AND CONTROL", "source": "IMAGERY", "sourcedate": "2019-04-14T20:00:00-06:00", "val_method": "IMAGERY", "val_date": "2019-04-14T20:00:00-06:00", "owner": "PUBLIC SERVICE CO OF COLORADO", "voltage": 230.0, "volt_class": "220-287", "inferred": "N", "sub_1": "UNKNOWN203679", "sub_2": "PLAINS END", "shape_lengt": 266.1882338268, "globalid": "c7f84995-bec1-4017-b466-885e0f1b4727", "STATEFP": "08", "STATENS": "01779779", "AFFGEOID": "0400000US08", "GEOID": "08", "STUSPS": "CO", "NAME": "Colorado", "LSAD": "00", "ALAND": 268422891711, "AWATER": 1181621593 }, "geometry": { "type": "MultiLineString", "coordinates": [ [ [ -105.224973676, 39.858699423000097 ], [ -105.224209518, 39.85852247 ], [ -105.223119425, 39.858158548000098 ], [ -105.22286308, 39.857918535000103 ] ] ] } },
{ "type": "Feature", "properties": { "objectid": "73412", "id": "204966", "type": "AC; OVERHEAD", "status": "NOT AVAILABLE", "naics_code": "221121", "naics_desc": "ELECTRIC BULK POWER TRANSMISSION AND CONTROL", "source": "IMAGERY", "sourcedate": "2015-08-31T20:00:00-06:00", "val_method": "IMAGERY", "val_date": "2015-08-31T20:00:00-06:00", "owner": "SOUTHEAST COLORADO POWER ASSN", "voltage": 230.0, "volt_class": "220-287", "inferred": "Y", "sub_1": "TAP205667", "sub_2": "COLORADO GREEN", "shape_lengt": 88.2414240234, "globalid": "41b33ec9-70ef-4c6b-8ae3-8a0e1dcf86e5", "STATEFP": "08", "STATENS": "01779779", "AFFGEOID": "0400000US08", "GEOID": "08", "STUSPS": "CO", "NAME": "Colorado", "LSAD": "00", "ALAND": 268422891711, "AWATER": 1181621593 }, "geometry": { "type": "MultiLineString", "coordinates": [ [ [ -102.60892743, 37.704527738 ], [ -102.60972, 37.704517000000102 ] ] ] } },
{ "type": "Feature", "properties": { "objectid": "69930", "id": "201689", "type": "AC; OVERHEAD", "status": "NOT AVAILABLE", "naics_code": "221121", "naics_desc": "ELECTRIC BULK POWER TRANSMISSION AND CONTROL", "source": "Regional Map", "sourcedate": "2014-06-23T20:00:00-06:00", "val_method": "IMAGERY/OTHER", "val_date": "2014-06-23T20:00:00-06:00", "owner": "PUBLIC SERVICE CO OF COLORADO", "voltage": 230.0, "volt_class": "220-287", "inferred": "N", "sub_1": "HOPKINS", "sub_2": "RIFLE PSCO", "shape_lengt": 55733.935290935202, "globalid": "21dae74e-9b6a-4d6d-b84f-8a8e50681721", "STATEFP": "08", "STATENS": "01779779", "AFFGEOID": "0400000US08", "GEOID": "08", "STUSPS": "CO", "NAME": "Colorado", "LSAD": "00", "ALAND": 268422891711, "AWATER": 1181621593 }, "geometry": { "type": "MultiLineString", "coordinates": [ [ [ -107.192102, 39.485799 ], [ -107.194171484, 39.4848251660001 ], [ -107.195781764, 39.484325292000101 ], [ -107.198770587, 39.483486044000102 ], [ -107.202739838, 39.48205976 ], [ -107.225741294, 39.474629766000099 ], [ -107.241903515, 39.471143816000101 ], [ -107.251767224, 39.472336397000099 ], [ -107.282665589, 39.473253754 ], [ -107.340897122, 39.482885266 ], [ -107.432522657, 39.503794814000102 ], [ -107.486119435, 39.516172503000099 ], [ -107.568356621, 39.526256398 ], [ -107.671932693, 39.521247635000101 ], [ -107.676724316, 39.520968952 ], [ -107.6785282, 39.520921400000098 ], [ -107.6796725, 39.5209864 ], [ -107.679823145, 39.520640728 ] ] ] } },
{ "type": "Feature", "properties": { "objectid": "70320", "id": "202081", "type": "AC; OVERHEAD", "status": "NOT AVAILABLE", "naics_code": "221121", "naics_desc": "ELECTRIC BULK POWER TRANSMISSION AND CONTROL", "source": "Company Map", "sourcedate": "2014-07-08T20:00:00-06:00", "val_method": "IMAGERY/OTHER", "val_date": "2014-07-08T20:00:00-06:00", "owner": "PUBLIC SERVICE CO OF COLORADO", "voltage": 230.0, "volt_class": "220-287", "inferred": "N", "sub_1": "KEENESBURG", "sub_2": "TAP204067", "shape_lengt": 401.50736112760001, "globalid": "0a8a7106-205a-4db8-8c71-8af95bcee8a8", "STATEFP": "08", "STATENS": "01779779", "AFFGEOID": "0400000US08", "GEOID": "08", "STUSPS": "CO", "NAME": "Colorado", "LSAD": "00", "ALAND": 268422891711, "AWATER": 1181621593 }, "geometry": { "type": "MultiLineString", "coordinates": [ [ [ -104.550009333, 40.107053149000102 ], [ -104.550443252, 40.107351538 ], [ -104.551227596, 40.107351538 ], [ -104.551227596, 40.108169573000097 ], [ -104.550058211, 40.108169573000097 ] ] ] } },
{ "type": "Feature", "properties": { "objectid": "70084", "id": "201843", "type": "AC; OVERHEAD", "status": "NOT AVAILABLE", "naics_code": "221121", "naics_desc": "ELECTRIC BULK POWER TRANSMISSION AND CONTROL", "source": "Regional Map", "sourcedate": "2014-07-07T20:00:00-06:00", "val_method": "IMAGERY/OTHER", "val_date": "2014-07-07T20:00:00-06:00", "owner": "PUBLIC SERVICE CO OF COLORADO", "voltage": 230.0, "volt_class": "220-287", "inferred": "N", "sub_1": "WATERTON", "sub_2": "TARRYALL", "shape_lengt": 79624.445243591996, "globalid": "a0544247-8139-4f58-9998-8e20c8f30500", "STATEFP": "08", "STATENS": "01779779", "AFFGEOID": "0400000US08", "GEOID": "08", "STUSPS": "CO", "NAME": "Colorado", "LSAD": "00", "ALAND": 268422891711, "AWATER": 1181621593 }, "geometry": { "type": "MultiLineString", "coordinates": [ [ [ -105.071568034, 39.497212293000104 ], [ -105.072123434, 39.496796855000099 ], [ -105.072886629, 39.496002977 ], [ -105.073061949, 39.486485853 ], [ -105.072909835, 39.480872509 ], [ -105.07287656, 39.474436787 ], [ -105.072829023, 39.471123294 ], [ -105.077844066, 39.471046235000102 ], [ -105.085383267, 39.470884776 ], [ -105.089618719, 39.468121567 ], [ -105.095712828, 39.464169218 ], [ -105.099965675, 39.461286144 ], [ -105.103967994, 39.458717251 ], [ -105.1031471, 39.457229100000099 ], [ -105.097128544, 39.446484868 ], [ -105.0915401, 39.436624100000103 ], [ -105.0890623, 39.421757800000101 ], [ -105.089168295, 39.421553606 ], [ -105.089778721, 39.420377634 ], [ -105.097380276, 39.405731597000099 ], [ -105.1013734, 39.398036900000101 ], [ -105.107485807, 39.397044300000097 ], [ -105.1283175, 39.393661300000097 ], [ -105.142592778, 39.369370456000098 ], [ -105.1434784, 39.3671138 ], [ -105.1437896, 39.362161900000103 ], [ -105.1439022, 39.3569482 ], [ -105.1440785, 39.3548775 ], [ -105.1441748, 39.353100400000102 ], [ -105.1443951, 39.3491681 ], [ -105.1445829, 39.3455591 ], [ -105.1447695, 39.342437700000097 ], [ -105.1450108, 39.338391800000103 ], [ -105.1451867, 39.335152100000101 ], [ -105.1454235, 39.3311533 ], [ -105.1455142, 39.3292241 ], [ -105.1457565, 39.3251329 ], [ -105.1458359, 39.3239301 ], [ -105.1469324, 39.322374 ], [ -105.1475451, 39.3215161 ], [ -105.1480961, 39.3207144 ], [ -105.1491296, 39.3192953000001 ], [ -105.1516707, 39.3157471 ], [ -105.1535772, 39.313066800000101 ], [ -105.1571811, 39.3080219 ], [ -105.1578581, 39.307056100000104 ], [ -105.1598933, 39.304194600000102 ], [ -105.1614537, 39.302037 ], [ -105.1625533, 39.3004989 ], [ -105.1657826, 39.295982 ], [ -105.1676994, 39.2931367 ], [ -105.1698954, 39.2899903 ], [ -105.1721048, 39.286867200000103 ], [ -105.173433, 39.285058800000101 ], [ -105.1753088, 39.2824641 ], [ -105.1761875, 39.281208600000099 ], [ -105.179315, 39.276835300000101 ], [ -105.1805573, 39.275437500000102 ], [ -105.181861, 39.2735064 ], [ -105.1931746, 39.2572547 ], [ -105.1988071, 39.2495914 ], [ -105.2017818, 39.245412 ], [ -105.208108, 39.236523 ], [ -105.223126, 39.214944000000102 ], [ -105.274533547, 39.163611622000097 ], [ -105.3114563, 39.126327300000099 ], [ -105.313836268, 39.124082669000103 ], [ -105.319390843, 39.118661469000102 ], [ -105.320338, 39.117463900000097 ], [ -105.3236002, 39.114212200000097 ], [ -105.3257201, 39.1120990000001 ], [ -105.3301433, 39.1116297 ], [ -105.3381503, 39.1109562 ], [ -105.3404623, 39.110761700000097 ], [ -105.3420443, 39.1106464000001 ], [ -105.3473705, 39.110158195 ], [ -105.3580299, 39.0955815 ], [ -105.3613808, 39.0943466 ], [ -105.3645661, 39.0931727 ], [ -105.3752077, 39.0892507 ], [ -105.3785764, 39.0880092 ], [ -105.3799726, 39.087494600000099 ], [ -105.3874852, 39.084725600000098 ], [ -105.3917101, 39.083168300000096 ], [ -105.3931855, 39.082624500000101 ], [ -105.4003149, 39.079996600000101 ], [ -105.40253, 39.0791801 ], [ -105.4041602, 39.0785792 ], [ -105.4075424, 39.077332500000097 ], [ -105.4093717, 39.076658200000097 ], [ -105.4138257, 39.0750162 ], [ -105.4179652, 39.073490300000103 ], [ -105.418980461, 39.072828165 ] ] ] } },
{ "type": "Feature", "properties": { "objectid": "73581", "id": "205263", "type": "AC; OVERHEAD", "status": "NOT AVAILABLE", "naics_code": "221121", "naics_desc": "ELECTRIC BULK POWER TRANSMISSION AND CONTROL", "source": "Regional Map", "sourcedate": "2015-08-12T20:00:00-06:00", "val_method": "IMAGERY/OTHER", "val_date": "2015-08-12T20:00:00-06:00", "owner": "PLATTE RIVER POWER AUTHORITY", "voltage": 230.0, "volt_class": "220-287", "inferred": "N", "sub_1": "COLLEGE LAKE", "sub_2": "TAP205898", "shape_lengt": 5677.3580818414002, "globalid": "8e69b31c-89b4-4b4b-865d-8e5b3eb83812", "STATEFP": "08", "STATENS": "01779779", "AFFGEOID": "0400000US08", "GEOID": "08", "STUSPS": "CO", "NAME": "Colorado", "LSAD": "00", "ALAND": 268422891711, "AWATER": 1181621593 }, "geometry": { "type": "MultiLineString", "coordinates": [ [ [ -105.144309933, 40.582313460000101 ], [ -105.144071239, 40.58260657 ], [ -105.143556035, 40.582592256000098 ], [ -105.141505081, 40.581917368 ], [ -105.138210303, 40.582117336000103 ], [ -105.134948044, 40.582296047000099 ], [ -105.134030106, 40.582440410000103 ], [ -105.132131516, 40.5831359210001 ], [ -105.130355693, 40.5838060130001 ], [ -105.128438995, 40.584518564000099 ], [ -105.126357268, 40.585298026 ], [ -105.124708646, 40.586168847000103 ], [ -105.122546284, 40.587308849000102 ], [ -105.12076368, 40.588252048000101 ], [ -105.118987762, 40.5891901520001 ], [ -105.116720362, 40.590389499 ], [ -105.115020879, 40.591282598000099 ], [ -105.113447938, 40.592117624 ], [ -105.112134841, 40.593144454 ], [ -105.11061964, 40.59434374 ], [ -105.109129268, 40.595510619 ], [ -105.107696125, 40.59662319 ], [ -105.106166675, 40.597833232 ], [ -105.104769125, 40.598921447000102 ], [ -105.103276581, 40.600103618 ], [ -105.102668626, 40.600277916 ], [ -105.101955645, 40.600396766000102 ] ] ] } },
{ "type": "Feature", "properties": { "objectid": "75892", "id": "207775", "type": "AC; OVERHEAD", "status": "NOT AVAILABLE", "naics_code": "221121", "naics_desc": "ELECTRIC BULK POWER TRANSMISSION AND CONTROL", "source": "IMAGERY", "sourcedate": "2019-03-24T19:00:00-06:00", "val_method": "IMAGERY", "val_date": "2019-03-24T19:00:00-06:00", "owner": "POUDRE VALLEY REA, INC", "voltage": 230.0, "volt_class": "220-287", "inferred": "N", "sub_1": "TAP205134", "sub_2": "UNKNOWN206906", "shape_lengt": 9516.7479203241001, "globalid": "afcc54a5-830f-4b73-97ae-9933419bb827", "STATEFP": "08", "STATENS": "01779779", "AFFGEOID": "0400000US08", "GEOID": "08", "STUSPS": "CO", "NAME": "Colorado", "LSAD": "00", "ALAND": 268422891711, "AWATER": 1181621593 }, "geometry": { "type": "MultiLineString", "coordinates": [ [ [ -105.595194273, 40.736226087 ], [ -105.594241074, 40.7371205950001 ], [ -105.593207436, 40.738154233 ], [ -105.592379384, 40.738906143000101 ], [ -105.592343216, 40.739922648 ], [ -105.592219484, 40.741373168 ], [ -105.592038645, 40.7439506 ], [ -105.591913009, 40.745444902 ], [ -105.591372396, 40.746630825000103 ], [ -105.590940286, 40.747571188 ], [ -105.590384444, 40.748795183 ], [ -105.589748652, 40.750091513 ], [ -105.591079246, 40.751680993 ], [ -105.592088138, 40.7529106980001 ], [ -105.593205533, 40.754235582 ], [ -105.594092596, 40.755314906000102 ], [ -105.593456804, 40.75618674 ], [ -105.592840047, 40.757089032000103 ], [ -105.592149052, 40.759725475 ], [ -105.591328614, 40.763092888000102 ], [ -105.590816554, 40.76499836 ], [ -105.59197202, 40.766060552 ], [ -105.592663015, 40.767132261 ], [ -105.593371143, 40.768264884000097 ], [ -105.594459984, 40.769389894 ], [ -105.595480297, 40.770374039 ], [ -105.595916215, 40.772403243 ], [ -105.5962817, 40.773790945 ], [ -105.596963177, 40.774784608000097 ], [ -105.597949226, 40.776134238 ], [ -105.59922081, 40.777110769 ], [ -105.601432757, 40.778822077 ], [ -105.603001298, 40.780038457 ], [ -105.604423264, 40.781112070000098 ], [ -105.606271629, 40.782170454 ], [ -105.610251991, 40.784489001000097 ], [ -105.610440445, 40.785920485000098 ], [ -105.610824965, 40.788935738000099 ], [ -105.609742311, 40.790861198000101 ], [ -105.608930914, 40.792489939000099 ], [ -105.608721522, 40.79248518 ] ] ] } },
{ "type": "Feature", "properties": { "objectid": "73469", "id": "205061", "type": "AC; OVERHEAD", "status": "NOT AVAILABLE", "naics_code": "221121", "naics_desc": "ELECTRIC BULK POWER TRANSMISSION AND CONTROL", "source": "Regional Map", "sourcedate": "2015-08-12T20:00:00-06:00", "val_method": "IMAGERY/OTHER", "val_date": "2015-08-12T20:00:00-06:00", "owner": "PLATTE RIVER POWER AUTHORITY", "voltage": 230.0, "volt_class": "220-287", "inferred": "N", "sub_1": "DIXON CREEK", "sub_2": "HORSESHOE", "shape_lengt": 19845.5510791913, "globalid": "bf43ba9f-b430-424b-99c1-99ea7a07e62e", "STATEFP": "08", "STATENS": "01779779", "AFFGEOID": "0400000US08", "GEOID": "08", "STUSPS": "CO", "NAME": "Colorado", "LSAD": "00", "ALAND": 268422891711, "AWATER": 1181621593 }, "geometry": { "type": "MultiLineString", "coordinates": [ [ [ -105.135025168, 40.552543793000098 ], [ -105.135410698, 40.55195207 ], [ -105.134466227, 40.551618248000104 ], [ -105.134313803, 40.550702936 ], [ -105.134310713, 40.549484574000097 ], [ -105.134335455, 40.547771373 ], [ -105.13436948, 40.545987404000101 ], [ -105.134384947, 40.544205688 ], [ -105.13439732, 40.542426183 ], [ -105.134372604, 40.540813242000098 ], [ -105.13478664, 40.5391648680001 ], [ -105.135136213, 40.537535606000098 ], [ -105.135430059, 40.536181588 ], [ -105.135745547, 40.534705338 ], [ -105.136104364, 40.533080846000097 ], [ -105.136461658, 40.531322743 ], [ -105.140261273, 40.528867680000097 ], [ -105.141944627, 40.528005661000101 ], [ -105.143139956, 40.527387840000102 ], [ -105.143552978, 40.526589346 ], [ -105.144399684, 40.5249724600001 ], [ -105.145121626, 40.523599405 ], [ -105.145962423, 40.522002709 ], [ -105.146755672, 40.520489562000101 ], [ -105.147661847, 40.518775319 ], [ -105.14855911, 40.517042963 ], [ -105.149500862, 40.5152384290001 ], [ -105.150334767, 40.513678410000097 ], [ -105.150301998, 40.512138334 ], [ -105.150281202, 40.510898319 ], [ -105.150257434, 40.50925169 ], [ -105.15023735, 40.507204222 ], [ -105.150199321, 40.504865721 ], [ -105.150170799, 40.502675331 ], [ -105.150139508, 40.501619441000102 ], [ -105.150066673, 40.501622248 ], [ -105.149702692, 40.501622211 ], [ -105.14964232, 40.501486782 ], [ -105.149262691, 40.50142243 ], [ -105.147258753, 40.500134185 ], [ -105.145345474, 40.498907026 ], [ -105.143581939, 40.497782869 ], [ -105.142671571, 40.497204467000103 ], [ -105.141145629, 40.496221206 ], [ -105.138598186, 40.494590335000098 ], [ -105.135760624, 40.494601141 ], [ -105.133281589, 40.494601141 ], [ -105.13013232, 40.494606564 ], [ -105.1275321, 40.494604756000101 ], [ -105.125173288, 40.494608376 ], [ -105.123578536, 40.494295698 ], [ -105.122103648, 40.494304715 ], [ -105.120492165, 40.494310137 ], [ -105.11878564, 40.494319174 ], [ -105.117079093, 40.494326404000098 ], [ -105.115239355, 40.4943354420001 ], [ -105.113775293, 40.494333634 ], [ -105.112313698, 40.494344478000102 ], [ -105.110633241, 40.494355324 ], [ -105.108805437, 40.494362554000098 ], [ -105.107362651, 40.494367977 ], [ -105.105608633, 40.494367977 ], [ -105.104082789, 40.494378821 ], [ -105.102492657, 40.494384244 ], [ -105.101133114, 40.494389666000103 ], [ -105.099704651, 40.494393281 ], [ -105.098193086, 40.494398704 ], [ -105.096616663, 40.494409553 ], [ -105.096568482, 40.4590651030001 ], [ -105.094454324, 40.4584261850001 ] ] ] } },
{ "type": "Feature", "properties": { "objectid": "74670", "id": "206962", "type": "AC; OVERHEAD", "status": "NOT AVAILABLE", "naics_code": "221121", "naics_desc": "ELECTRIC BULK POWER TRANSMISSION AND CONTROL", "source": "IMAGERY", "sourcedate": "2016-01-06T18:00:00-07:00", "val_method": "IMAGERY", "val_date": "2016-01-06T18:00:00-07:00", "owner": "PUBLIC SERVICE CO OF COLORADO", "voltage": 230.0, "volt_class": "220-287", "inferred": "Y", "sub_1": "NOT AVAILABLE", "sub_2": "FORT ST VRAIN", "shape_lengt": 267.64887137139999, "globalid": "d0c50685-d76a-4866-8603-9b6b33695a2f", "STATEFP": "08", "STATENS": "01779779", "AFFGEOID": "0400000US08", "GEOID": "08", "STUSPS": "CO", "NAME": "Colorado", "LSAD": "00", "ALAND": 268422891711, "AWATER": 1181621593 }, "geometry": { "type": "MultiLineString", "coordinates": [ [ [ -104.873747989, 40.244537368000103 ], [ -104.873017792, 40.243921682000099 ], [ -104.873350916, 40.243392252 ], [ -104.873888203, 40.243314544 ] ] ] } },
{ "type": "Feature", "properties": { "objectid": "70206", "id": "201966", "type": "AC; OVERHEAD", "status": "NOT AVAILABLE", "naics_code": "221121", "naics_desc": "ELECTRIC BULK POWER TRANSMISSION AND CONTROL", "source": "IMAGERY", "sourcedate": "2014-07-09T20:00:00-06:00", "val_method": "IMAGERY", "val_date": "2014-07-09T20:00:00-06:00", "owner": "WAPA-- WESTERN AREA POWER ADMINISTRATION", "voltage": 230.0, "volt_class": "220-287", "inferred": "Y", "sub_1": "PAWNEE", "sub_2": "STORY", "shape_lengt": 21577.437138315501, "globalid": "ec65a9c5-1cc4-4e8c-9794-9be99564e44a", "STATEFP": "08", "STATENS": "01779779", "AFFGEOID": "0400000US08", "GEOID": "08", "STUSPS": "CO", "NAME": "Colorado", "LSAD": "00", "ALAND": 268422891711, "AWATER": 1181621593 }, "geometry": { "type": "MultiLineString", "coordinates": [ [ [ -103.678494877, 40.216506676 ], [ -103.67828475, 40.216226875000103 ], [ -103.678343771, 40.2150776020001 ], [ -103.678631498, 40.212570541 ], [ -103.679170064, 40.207606849000101 ], [ -103.679590588, 40.20403457 ], [ -103.67952419, 40.197898148 ], [ -103.679384015, 40.191710451000098 ], [ -103.67933975, 40.186294343 ], [ -103.679295483, 40.183617126000101 ], [ -103.675009088, 40.185003656 ], [ -103.668524163, 40.187145393 ], [ -103.661117036, 40.1895237700001 ], [ -103.651179386, 40.192719230000101 ], [ -103.643484533, 40.195193213 ], [ -103.635487195, 40.19777981 ], [ -103.625984825, 40.200828373 ], [ -103.616799693, 40.203820453000098 ], [ -103.610314768, 40.205899616000103 ], [ -103.601867396, 40.208621027 ], [ -103.593198697, 40.211432474 ], [ -103.592829816, 40.213088862000099 ], [ -103.591833838, 40.218711267 ], [ -103.59074195, 40.224952830000099 ], [ -103.589281183, 40.2331426000001 ], [ -103.589325448, 40.237270906 ], [ -103.589295938, 40.241590432000102 ], [ -103.589310693, 40.246039199 ], [ -103.589273805, 40.251512471000098 ], [ -103.58923856, 40.254553178 ], [ -103.589002921, 40.254822693000101 ] ] ] } },
{ "type": "Feature", "properties": { "objectid": "70077", "id": "201836", "type": "AC; OVERHEAD", "status": "NOT AVAILABLE", "naics_code": "221121", "naics_desc": "ELECTRIC BULK POWER TRANSMISSION AND CONTROL", "source": "Regional Map", "sourcedate": "2014-07-08T20:00:00-06:00", "val_method": "IMAGERY/OTHER", "val_date": "2014-07-08T20:00:00-06:00", "owner": "TRI-STATE G & T ASSN, INC", "voltage": 230.0, "volt_class": "220-287", "inferred": "N", "sub_1": "WALSENBURG", "sub_2": "GLADSTONE", "shape_lengt": 235134.79131042, "globalid": "2dbc3711-40a8-4cc4-bad1-9f28d6b6c346", "STATEFP": "08", "STATENS": "01779779", "AFFGEOID": "0400000US08", "GEOID": "08", "STUSPS": "CO", "NAME": "Colorado", "LSAD": "00", "ALAND": 268422891711, "AWATER": 1181621593 }, "geometry": { "type": "MultiLineString", "coordinates": [ [ [ -104.80024729, 37.618341319 ], [ -104.799221602, 37.618915776 ], [ -104.7988888, 37.618468 ], [ -104.7999188, 37.6175671 ], [ -104.801137, 37.6170462 ], [ -104.8024544, 37.6160604 ], [ -104.7999754, 37.6126669000001 ], [ -104.798911, 37.610102 ], [ -104.7971242, 37.6103553 ], [ -104.7945137, 37.610756100000103 ], [ -104.7918324, 37.611152 ], [ -104.7893173, 37.6115294 ], [ -104.7868768, 37.6118884 ], [ -104.7848471, 37.612194600000102 ], [ -104.7837685, 37.6123838 ], [ -104.7813665, 37.6119349 ], [ -104.7795533, 37.611611100000097 ], [ -104.7772322, 37.611197500000102 ], [ -104.7746642, 37.6107455000001 ], [ -104.7716814, 37.610218100000097 ], [ -104.7698521, 37.609900600000103 ], [ -104.7674541, 37.609472600000103 ], [ -104.7657988, 37.609176 ], [ -104.7635141, 37.608776900000102 ], [ -104.7613286, 37.608387300000103 ], [ -104.758625, 37.6079112 ], [ -104.7560348, 37.607452700000103 ], [ -104.7533029, 37.6069702 ], [ -104.7507815, 37.606522900000101 ], [ -104.7495693, 37.6046408 ], [ -104.7482803, 37.602631900000098 ], [ -104.747056, 37.600727300000102 ], [ -104.7457644, 37.5987249 ], [ -104.7444558, 37.5966969 ], [ -104.7431798, 37.594720500000101 ], [ -104.7417584, 37.592489800000102 ], [ -104.7406554, 37.5907875 ], [ -104.7393944, 37.5888348 ], [ -104.7379705, 37.586601900000097 ], [ -104.736702, 37.5846491 ], [ -104.7354485, 37.5826982 ], [ -104.7341976, 37.5807354 ], [ -104.7328589, 37.578766600000101 ], [ -104.7316155, 37.576734100000103 ], [ -104.7304648, 37.5749459 ], [ -104.7290434, 37.572748400000101 ], [ -104.7276019, 37.5705051 ], [ -104.7264161, 37.5686692 ], [ -104.7253031, 37.566934500000102 ], [ -104.7239819, 37.564883800000104 ], [ -104.7228789, 37.563172800000103 ], [ -104.7217458, 37.5614161 ], [ -104.7202241, 37.559037400000101 ], [ -104.7190158, 37.5570878 ], [ -104.7174063, 37.5556271 ], [ -104.7160601, 37.5543711 ], [ -104.7148618, 37.5532363 ], [ -104.7135206, 37.551980200000102 ], [ -104.7120741, 37.5506188 ], [ -104.7108157, 37.5494581 ], [ -104.7095773, 37.548297300000101 ], [ -104.7081609, 37.546959700000102 ], [ -104.7062807, 37.5452066 ], [ -104.7050172, 37.544016 ], [ -104.703671, 37.542755800000101 ], [ -104.7025228, 37.541714200000101 ], [ -104.701327, 37.539965 ], [ -104.7001187, 37.538271300000098 ], [ -104.6988878, 37.536516 ], [ -104.6976143, 37.534699100000097 ], [ -104.6961854, 37.532691300000103 ], [ -104.6948693, 37.530824500000101 ], [ -104.6935331, 37.5289378 ], [ -104.6922445, 37.5271127 ], [ -104.6910287, 37.525391 ], [ -104.6899808, 37.5239118000001 ], [ -104.6890984, 37.5226115 ], [ -104.6877131, 37.521169900000103 ], [ -104.6865393, 37.5199136 ], [ -104.6846606, 37.5179174 ], [ -104.68311, 37.516234100000098 ], [ -104.681439, 37.5144756 ], [ -104.6798473, 37.512790300000098 ], [ -104.6782352, 37.5110744 ], [ -104.6766154, 37.50933 ], [ -104.6748598, 37.5074636 ], [ -104.6733297, 37.5058310000001 ], [ -104.6719969, 37.504405700000099 ], [ -104.6706334, 37.5029479 ], [ -104.6693058, 37.501585600000098 ], [ -104.668419, 37.4998816 ], [ -104.6676116, 37.498383 ], [ -104.6667146, 37.496695300000098 ], [ -104.6657637, 37.4949302 ], [ -104.663352, 37.4949079 ], [ -104.6606967, 37.494879400000102 ], [ -104.6581107, 37.494855 ], [ -104.6552888, 37.494832600000102 ], [ -104.6524952, 37.494800100000099 ], [ -104.6496938, 37.4947716 ], [ -104.6468489, 37.494747200000099 ], [ -104.6440527, 37.4947167 ], [ -104.641259, 37.494692300000096 ], [ -104.6385064, 37.494663800000097 ], [ -104.6356512, 37.4946374 ], [ -104.6329242, 37.494604900000098 ], [ -104.6302561, 37.4945744 ], [ -104.6274471, 37.4945479 ], [ -104.6246252, 37.494523500000099 ], [ -104.6220443, 37.494501200000101 ], [ -104.619243, 37.494468600000097 ], [ -104.6168696, 37.4944483 ], [ -104.6147014, 37.494432000000103 ], [ -104.6123998, 37.494430000000101 ], [ -104.6110081, 37.4926222 ], [ -104.6095087, 37.4907371 ], [ -104.6080786, 37.488906800000102 ], [ -104.6066305, 37.4870704000001 ], [ -104.6050005, 37.4850224 ], [ -104.6038317, 37.483533700000102 ], [ -104.6024195, 37.481739800000099 ], [ -104.6009381, 37.4798504 ], [ -104.5994131, 37.4779405 ], [ -104.5979035, 37.4760326 ], [ -104.5964683, 37.474220300000098 ], [ -104.5950151, 37.472359100000098 ], [ -104.593772, 37.470805100000099 ], [ -104.5923265, 37.468958 ], [ -104.5897891, 37.4689479 ], [ -104.5870672, 37.4689418 ], [ -104.5844171, 37.468931600000097 ], [ -104.5817234, 37.468927500000099 ], [ -104.5791015, 37.468923500000102 ], [ -104.5765257, 37.4689072 ], [ -104.573873, 37.4689072 ], [ -104.5712254, 37.4688929000001 ], [ -104.5685676, 37.4688889 ], [ -104.5660072, 37.4688746 ], [ -104.5634519, 37.468870600000102 ], [ -104.5606582, 37.4688624 ], [ -104.5580081, 37.4688482 ], [ -104.5552532, 37.468856200000097 ], [ -104.5532882, 37.468860300000102 ], [ -104.5507334, 37.468860300000102 ], [ -104.5476728, 37.4688561 ], [ -104.5447407, 37.4688582 ], [ -104.5425422, 37.4688624 ], [ -104.5402652, 37.4688624 ], [ -104.5378545, 37.4688561 ], [ -104.5351686, 37.4688624 ], [ -104.5324749, 37.4688665 ], [ -104.5297131, 37.4688624 ], [ -104.5269225, 37.4688624 ], [ -104.5240978, 37.468860300000102 ], [ -104.5216294, 37.468833200000098 ], [ -104.5194441, 37.4690766 ], [ -104.5169338, 37.4693303 ], [ -104.5145833, 37.469567400000102 ], [ -104.5122329, 37.4698253 ], [ -104.5100554, 37.4685670000001 ], [ -104.5077207, 37.4672568 ], [ -104.5055301, 37.4660297 ], [ -104.5033605, 37.4648026 ], [ -104.501183, 37.463588000000101 ], [ -104.4990081, 37.462348400000103 ], [ -104.4967756, 37.461096300000101 ], [ -104.4945719, 37.459860800000101 ], [ -104.4923525, 37.4586149 ], [ -104.4901645, 37.457377300000097 ], [ -104.4879425, 37.4561293000001 ], [ -104.485744, 37.4548958 ], [ -104.4835246, 37.4536477 ], [ -104.4813288, 37.452412100000103 ], [ -104.479057, 37.4511515 ], [ -104.4769555, 37.449980400000101 ], [ -104.4747151, 37.448690600000099 ], [ -104.472438, 37.447415400000096 ], [ -104.4703234, 37.446227500000099 ], [ -104.468104, 37.4449793 ], [ -104.4656435, 37.4436042 ], [ -104.4634529, 37.442368400000099 ], [ -104.461113, 37.4410515000001 ], [ -104.4595513, 37.440210900000103 ], [ -104.4582411, 37.4391062 ], [ -104.4563492, 37.437583200000098 ], [ -104.4543709, 37.4359791 ], [ -104.4522877, 37.4342958 ], [ -104.4502282, 37.4326375 ], [ -104.448221, 37.431016600000099 ], [ -104.4463291, 37.4294935 ], [ -104.4441542, 37.4277373 ], [ -104.4416309, 37.425706300000101 ], [ -104.4396682, 37.4241019 ], [ -104.4377869, 37.4226015 ], [ -104.4359343, 37.421094900000099 ], [ -104.434066, 37.4195986 ], [ -104.4322344, 37.418108500000102 ], [ -104.4301093, 37.4163853 ], [ -104.4284271, 37.4150388 ], [ -104.4263465, 37.413359200000102 ], [ -104.4244756, 37.4118337 ], [ -104.4225313, 37.4102727000001 ], [ -104.4208505, 37.4089031 ], [ -104.4187823, 37.407243300000097 ], [ -104.4170651, 37.405853700000101 ], [ -104.4153345, 37.4044406 ], [ -104.4134083, 37.402842500000098 ], [ -104.4115063, 37.401346400000101 ], [ -104.4093176, 37.3995779 ], [ -104.4074798, 37.3980966 ], [ -104.4056716, 37.396651500000097 ], [ -104.4042196, 37.3952298 ], [ -104.4024702, 37.3935314 ], [ -104.4007664, 37.3918648000001 ], [ -104.3989447, 37.390085500000097 ], [ -104.3970909, 37.3882826 ], [ -104.3952746, 37.3865287 ], [ -104.3935091, 37.384817300000101 ], [ -104.3917866, 37.3831357 ], [ -104.3901283, 37.381517900000098 ], [ -104.3881807, 37.3796318 ], [ -104.3867287, 37.378211900000103 ], [ -104.3853062, 37.376830300000101 ], [ -104.3835381, 37.3751059 ], [ -104.3817727, 37.373387900000097 ], [ -104.3802269, 37.3718742 ], [ -104.3786785, 37.370366800000099 ], [ -104.3771515, 37.368882900000102 ], [ -104.3757531, 37.3675224 ], [ -104.3746306, 37.366370500000102 ], [ -104.3736046, 37.365723300000099 ], [ -104.3716302, 37.3643627000001 ], [ -104.3697201, 37.3630554000001 ], [ -104.3676145, 37.3616075 ], [ -104.3656562, 37.360266 ], [ -104.3633442, 37.358694500000098 ], [ -104.3614208, 37.3573701 ], [ -104.3594598, 37.356030700000098 ], [ -104.3573836, 37.354601800000097 ], [ -104.355586, 37.353390100000098 ], [ -104.3534884, 37.3519378 ], [ -104.3513881, 37.3505088000001 ], [ -104.3493061, 37.3490736 ], [ -104.3469968, 37.3475147 ], [ -104.3451805, 37.3462348 ], [ -104.3431632, 37.344859 ], [ -104.3411781, 37.343500200000101 ], [ -104.3392734, 37.3421967 ], [ -104.3376607, 37.341089200000098 ], [ -104.335989, 37.3399518 ], [ -104.3347192, 37.3390828 ], [ -104.3335753, 37.3383416 ], [ -104.3319706, 37.3373192 ], [ -104.3299802, 37.3360604000001 ], [ -104.3277888, 37.3346653 ], [ -104.3261359, 37.333442600000097 ], [ -104.3245553, 37.332277400000102 ], [ -104.3228434, 37.3310228 ], [ -104.3211236, 37.3297553 ], [ -104.3192537, 37.3284793 ], [ -104.3175927, 37.327333300000099 ], [ -104.3155165, 37.325918800000103 ], [ -104.3128263, 37.324081 ], [ -104.3108433, 37.3227134 ], [ -104.3087601, 37.32129 ], [ -104.3065665, 37.3197769000001 ], [ -104.3044056, 37.3182976 ], [ -104.3023173, 37.316870100000102 ], [ -104.3001088, 37.3153488 ], [ -104.2979453, 37.313855500000102 ], [ -104.2957367, 37.312338200000099 ], [ -104.2935532, 37.3108587 ], [ -104.2916429, 37.3095527 ], [ -104.2897327, 37.308254700000099 ], [ -104.2877522, 37.3068868 ], [ -104.2856665, 37.3054451 ], [ -104.2836158, 37.3040393 ], [ -104.2818585, 37.302828900000101 ], [ -104.2795371, 37.301245600000101 ], [ -104.2775015, 37.2998477 ], [ -104.2754408, 37.2984079 ], [ -104.273706, 37.2972273 ], [ -104.2712142, 37.295516200000101 ], [ -104.2687925, 37.2938569 ], [ -104.2670001, 37.292612400000102 ], [ -104.264967, 37.2912283000001 ], [ -104.2628612, 37.2897724 ], [ -104.2603267, 37.2880352 ], [ -104.2583538, 37.286679 ], [ -104.2559847, 37.2850514 ], [ -104.2539416, 37.283653200000103 ], [ -104.2518385, 37.2821957 ], [ -104.2496653, 37.2807119 ], [ -104.2476196, 37.2793071 ], [ -104.2474353, 37.277270300000097 ], [ -104.2472143, 37.274832800000098 ], [ -104.2470338, 37.2728041 ], [ -104.2468307, 37.270312400000101 ], [ -104.2466527, 37.2681379 ], [ -104.246377, 37.2659513 ], [ -104.246214, 37.2641018 ], [ -104.246026, 37.261881200000097 ], [ -104.2458305, 37.2596326 ], [ -104.2455998, 37.2572802 ], [ -104.2453918, 37.254925700000101 ], [ -104.2451235, 37.2520383 ], [ -104.2449706, 37.250326200000103 ], [ -104.2447776, 37.2480793 ], [ -104.2445899, 37.2460854 ], [ -104.2443797, 37.2438595 ], [ -104.2441772, 37.2416702 ], [ -104.2439876, 37.239589000000102 ], [ -104.243762, 37.23712 ], [ -104.2435698, 37.234983600000099 ], [ -104.2433725, 37.2327696 ], [ -104.24317, 37.230582 ], [ -104.242947, 37.228198400000103 ], [ -104.2427215, 37.2257312 ], [ -104.2425369, 37.2235985 ], [ -104.2423191, 37.2212413 ], [ -104.2421192, 37.2189411 ], [ -104.2419449, 37.2167164 ], [ -104.2413759, 37.2149917 ], [ -104.2406813, 37.212724 ], [ -104.2400047, 37.210507300000103 ], [ -104.2394152, 37.2085314 ], [ -104.2387335, 37.2063451000001 ], [ -104.2380953, 37.204234400000097 ], [ -104.2374391, 37.202080700000103 ], [ -104.236742, 37.1997595 ], [ -104.2360731, 37.1975976 ], [ -104.2354067, 37.1953579 ], [ -104.2347352, 37.193167200000097 ], [ -104.2341457, 37.190886600000098 ], [ -104.2333794, 37.188742800000099 ], [ -104.2327489, 37.1865805 ], [ -104.2320312, 37.184256800000099 ], [ -104.2313623, 37.1820964 ], [ -104.2307062, 37.1798788 ], [ -104.2300065, 37.177608 ], [ -104.2292914, 37.1755434 ], [ -104.2293709, 37.1735298 ], [ -104.2293785, 37.171193500000101 ], [ -104.2293811, 37.169000100000098 ], [ -104.229399, 37.1665758 ], [ -104.229398, 37.164464700000103 ], [ -104.2293954, 37.1622429 ], [ -104.2293954, 37.1599395000001 ], [ -104.229398, 37.1577468 ], [ -104.2294006, 37.155545700000097 ], [ -104.2294032, 37.1533737 ], [ -104.2294216, 37.151201700000101 ], [ -104.2294163, 37.148933500000098 ], [ -104.2294216, 37.1464335 ], [ -104.2294059, 37.1444012 ], [ -104.2294321, 37.142084800000099 ], [ -104.2294242, 37.1401673 ], [ -104.2294294, 37.1377254000001 ], [ -104.2294714, 37.1355529 ], [ -104.2294845, 37.133349000000102 ], [ -104.2294321, 37.1312746 ], [ -104.2294661, 37.129127 ], [ -104.2291176, 37.1271925 ], [ -104.2287848, 37.1251304 ], [ -104.2284311, 37.123007700000102 ], [ -104.2281717, 37.1214073 ], [ -104.2278599, 37.119420300000101 ], [ -104.2274721, 37.117268200000098 ], [ -104.2271838, 37.115439900000098 ], [ -104.2268222, 37.113296100000099 ], [ -104.2264344, 37.1112023 ], [ -104.2261619, 37.109173300000101 ], [ -104.2257872, 37.107094000000103 ], [ -104.2254151, 37.1048203 ], [ -104.225009, 37.1025759 ], [ -104.2246552, 37.100364800000101 ], [ -104.2243093, 37.098053300000103 ], [ -104.2232874, 37.096145100000101 ], [ -104.2221135, 37.093864800000098 ], [ -104.2209475, 37.0917204 ], [ -104.2197788, 37.0894922 ], [ -104.2188748, 37.0877511 ], [ -104.2176825, 37.0854685 ], [ -104.2166501, 37.0835182000001 ], [ -104.2155391, 37.0813922 ], [ -104.2144496, 37.079237200000101 ], [ -104.2133138, 37.0771661 ], [ -104.212269, 37.075135600000102 ], [ -104.2115269, 37.0737506 ], [ -104.2105357, 37.071824800000101 ], [ -104.20929, 37.0694991 ], [ -104.2082104, 37.0674214 ], [ -104.2071308, 37.0653672 ], [ -104.2059118, 37.0630435 ], [ -104.2047438, 37.060813800000098 ], [ -104.2036776, 37.058791400000104 ], [ -104.2026944, 37.0569208000001 ], [ -104.2017354, 37.055095000000101 ], [ -104.2008165, 37.053326900000101 ], [ -104.1998467, 37.051475400000101 ], [ -104.1989252, 37.049713600000103 ], [ -104.1981081, 37.048157000000103 ], [ -104.197291, 37.046583300000101 ], [ -104.1962703, 37.044646100000101 ], [ -104.1942477, 37.0445948 ], [ -104.1916759, 37.0445499 ], [ -104.1889086, 37.0444986 ], [ -104.186168, 37.044443000000101 ], [ -104.1833605, 37.044387400000097 ], [ -104.1806253, 37.0443297 ], [ -104.1777481, 37.0442783 ], [ -104.1753156, 37.044229200000103 ], [ -104.1756987, 37.042105800000101 ], [ -104.1760711, 37.0399589 ], [ -104.1764274, 37.0380301000001 ], [ -104.1767863, 37.036045600000101 ], [ -104.1772043, 37.033626900000101 ], [ -104.1777454, 37.030639300000097 ], [ -104.1783053, 37.0276345 ], [ -104.1788357, 37.0250402 ], [ -104.1792456, 37.0224393 ], [ -104.1796609, 37.020043800000103 ], [ -104.1800145, 37.018065200000102 ], [ -104.1804779, 37.0155326 ], [ -104.1810619, 37.0122469 ], [ -104.1813406, 37.0105741 ], [ -104.1824336, 37.0088477 ], [ -104.1835748, 37.006986600000097 ], [ -104.1849062, 37.004853700000098 ], [ -104.1862189, 37.002731400000101 ], [ -104.1875075, 37.0005898 ], [ -104.1887827, 36.9985038 ], [ -104.1904901, 36.9957831 ], [ -104.191213021604071, 36.994627305837959 ] ] ] } },
{ "type": "Feature", "properties": { "objectid": "69940", "id": "201699", "type": "AC; OVERHEAD", "status": "NOT AVAILABLE", "naics_code": "221121", "naics_desc": "ELECTRIC BULK POWER TRANSMISSION AND CONTROL", "source": "Regional Map", "sourcedate": "2014-07-13T20:00:00-06:00", "val_method": "IMAGERY/OTHER", "val_date": "2014-07-13T20:00:00-06:00", "owner": "TRI-STATE G & T ASSN, INC", "voltage": 230.0, "volt_class": "220-287", "inferred": "N", "sub_1": "STORY", "sub_2": "NORTH YUMA", "shape_lengt": 95205.530093482404, "globalid": "4ea8b3d2-557e-4071-82a4-9fe76f1f89fc", "STATEFP": "08", "STATENS": "01779779", "AFFGEOID": "0400000US08", "GEOID": "08", "STUSPS": "CO", "NAME": "Colorado", "LSAD": "00", "ALAND": 268422891711, "AWATER": 1181621593 }, "geometry": { "type": "MultiLineString", "coordinates": [ [ [ -103.589002921, 40.254822693000101 ], [ -103.588847495, 40.255625353 ], [ -103.5866484, 40.255594400000099 ], [ -103.5845352, 40.255514 ], [ -103.581944, 40.2554922 ], [ -103.5796547, 40.2554618 ], [ -103.5770236, 40.2554444 ], [ -103.5743641, 40.255418400000103 ], [ -103.571568, 40.2553923 ], [ -103.5686123, 40.2553619 ], [ -103.5659756, 40.2553445 ], [ -103.5635325, 40.2552836 ], [ -103.5607306, 40.2552575 ], [ -103.5579173, 40.2552141 ], [ -103.5549788, 40.255188 ], [ -103.552194, 40.2551837 ], [ -103.549785, 40.2551228 ], [ -103.5468863, 40.255092400000102 ], [ -103.5438737, 40.255048900000098 ], [ -103.5409238, 40.2549968000001 ], [ -103.5382643, 40.254970700000101 ], [ -103.5355509, 40.2549653 ], [ -103.5324142, 40.254915400000101 ], [ -103.5298191, 40.2548836 ], [ -103.5266646, 40.25482 ], [ -103.5238247, 40.254714900000103 ], [ -103.5223153, 40.2555943 ], [ -103.5200986, 40.2566993 ], [ -103.5181294, 40.2575943000001 ], [ -103.5157153, 40.2588152000001 ], [ -103.5135488, 40.259814500000097 ], [ -103.5115203, 40.2607956 ], [ -103.5089872, 40.262103700000097 ], [ -103.5066448, 40.2621026 ], [ -103.5039018, 40.262124200000102 ], [ -103.5008782, 40.2621364 ], [ -103.4985593, 40.2621255 ], [ -103.4960166, 40.2621836000001 ], [ -103.4933454, 40.262209 ], [ -103.4920026, 40.2622272 ], [ -103.490598, 40.2622236 ], [ -103.48826, 40.262252600000103 ], [ -103.4852841, 40.2622672 ], [ -103.4822417, 40.262251 ], [ -103.4792579, 40.262283 ], [ -103.4763904, 40.2622805 ], [ -103.4738142, 40.262291800000099 ], [ -103.4716662, 40.2623089 ], [ -103.4689036, 40.2623371 ], [ -103.4666886, 40.262346400000098 ], [ -103.4643154, 40.262346400000098 ], [ -103.4615467, 40.2623743 ], [ -103.4582972, 40.262397500000098 ], [ -103.4557354, 40.262411400000097 ], [ -103.4527172, 40.262397500000098 ], [ -103.4499302, 40.2624486 ], [ -103.4473683, 40.2624532 ], [ -103.4447639, 40.262467200000103 ], [ -103.4428167, 40.2624764 ], [ -103.439695, 40.2624764 ], [ -103.4370601, 40.2625043 ], [ -103.4342914, 40.2625229000001 ], [ -103.4312957, 40.2625436000001 ], [ -103.4285368, 40.2625563 ], [ -103.4261515, 40.262561 ], [ -103.4234192, 40.2625842 ], [ -103.4204193, 40.262602700000102 ], [ -103.4178331, 40.2626213 ], [ -103.4156916, 40.262609800000099 ], [ -103.4132327, 40.2625981 ], [ -103.4107257, 40.2626445000001 ], [ -103.40775, 40.262663100000097 ], [ -103.404598, 40.2626724 ], [ -103.4022795, 40.262691000000103 ], [ -103.3993891, 40.2627095 ], [ -103.3969855, 40.262704900000102 ], [ -103.3944175, 40.262728100000103 ], [ -103.3917766, 40.2627374 ], [ -103.3895607, 40.2627644 ], [ -103.3873133, 40.262747800000099 ], [ -103.3842571, 40.262782200000103 ], [ -103.3819444, 40.2627953 ], [ -103.3790764, 40.2627953 ], [ -103.3765557, 40.2628021 ], [ -103.3745535, 40.262814300000102 ], [ -103.3718037, 40.262833300000104 ], [ -103.3690539, 40.262847500000099 ], [ -103.3668951, 40.262847500000099 ], [ -103.3641702, 40.2628665 ], [ -103.3614515, 40.262890200000101 ], [ -103.3584716, 40.2628950000001 ], [ -103.3552365, 40.2629045 ], [ -103.353028, 40.262914000000102 ], [ -103.3508008, 40.262914000000102 ], [ -103.3483247, 40.2629709 ], [ -103.3463277, 40.262966200000101 ], [ -103.3440631, 40.2630137 ], [ -103.3412076, 40.2630374 ], [ -103.3382712, 40.2630754 ], [ -103.3356769, 40.2631039 ], [ -103.3330204, 40.2631229 ], [ -103.3305008, 40.263175100000097 ], [ -103.3277448, 40.2632036 ], [ -103.3248706, 40.263251 ], [ -103.3221332, 40.2632748 ], [ -103.3193648, 40.2632938 ], [ -103.3176477, 40.2633127 ], [ -103.315265, 40.263308 ], [ -103.312229, 40.2633792 ], [ -103.3097778, 40.263402900000102 ], [ -103.3070902, 40.2634362000001 ], [ -103.3040605, 40.263469400000098 ], [ -103.3029842, 40.263469400000098 ], [ -103.3000291, 40.263516900000099 ], [ -103.2976215, 40.2635501 ], [ -103.2952885, 40.2635501 ], [ -103.2931484, 40.263531100000101 ], [ -103.290268, 40.2635691 ], [ -103.2874435, 40.2635596000001 ], [ -103.2845382, 40.2635928 ], [ -103.2819066, 40.263564400000099 ], [ -103.2788768, 40.2636118 ], [ -103.2761324, 40.2636214 ], [ -103.2733026, 40.2636356 ], [ -103.2702025, 40.263654 ], [ -103.2675833, 40.2636350000001 ], [ -103.2649393, 40.263630200000101 ], [ -103.2623201, 40.263672900000103 ], [ -103.2601116, 40.263663500000099 ], [ -103.2566215, 40.2636682 ], [ -103.2539916, 40.263698700000099 ], [ -103.2511167, 40.2637084 ], [ -103.2486743, 40.2637182 ], [ -103.2467217, 40.263732700000098 ], [ -103.2435224, 40.263723 ], [ -103.2407556, 40.263723 ], [ -103.2381605, 40.2637279 ], [ -103.2350312, 40.263742400000098 ], [ -103.2326779, 40.2637521 ], [ -103.2303754, 40.263761800000097 ], [ -103.227386, 40.2637764 ], [ -103.2246446, 40.263791 ], [ -103.2220241, 40.2637958 ], [ -103.2195627, 40.2637958 ], [ -103.2167895, 40.263810400000096 ], [ -103.2142326, 40.263815200000103 ], [ -103.2108998, 40.2638249 ], [ -103.2083747, 40.2638055 ], [ -103.2058178, 40.2638492 ], [ -103.2033054, 40.263868600000102 ], [ -103.2003605, 40.263868600000102 ], [ -103.1977337, 40.2638638 ], [ -103.1949733, 40.2638735 ], [ -103.1919839, 40.263888000000101 ], [ -103.1893379, 40.263888000000101 ], [ -103.1865012, 40.2639026 ], [ -103.1838107, 40.2639026 ], [ -103.1811457, 40.2639171000001 ], [ -103.1785697, 40.2639026 ], [ -103.175504, 40.2638929 ], [ -103.1733987, 40.264485 ], [ -103.1704665, 40.264485 ], [ -103.1675662, 40.264504400000099 ], [ -103.1651301, 40.264519 ], [ -103.1623061, 40.264543200000098 ], [ -103.1593739, 40.264562700000099 ], [ -103.1567471, 40.2645821 ], [ -103.1540884, 40.2645869 ], [ -103.1513789, 40.2646306 ], [ -103.1486057, 40.2646306 ], [ -103.145292, 40.264669400000102 ], [ -103.1427335, 40.264670000000102 ], [ -103.1399634, 40.264684800000097 ], [ -103.1376159, 40.2646799 ], [ -103.1349563, 40.2648188000001 ], [ -103.1323877, 40.2649181 ], [ -103.1299102, 40.265012300000102 ], [ -103.127166, 40.265111600000097 ], [ -103.1248446, 40.2652009 ], [ -103.1220874, 40.2653249 ], [ -103.1190962, 40.2654391 ], [ -103.116287, 40.2655582 ], [ -103.1134778, 40.265657400000102 ], [ -103.1107727, 40.2657566 ], [ -103.1084317, 40.2658757 ], [ -103.1057721, 40.2659452 ], [ -103.1033011, 40.2660494 ], [ -103.1007325, 40.2661437 ], [ -103.0990678, 40.266213100000101 ], [ -103.0963822, 40.2663173 ], [ -103.093612, 40.266426500000101 ], [ -103.0909878, 40.266532 ], [ -103.0884343, 40.2666319000001 ], [ -103.0859207, 40.2667309 ], [ -103.083248, 40.2668252 ], [ -103.0806275, 40.266964100000102 ], [ -103.0779158, 40.266909500000097 ], [ -103.0752042, 40.266909500000097 ], [ -103.072369, 40.2668897 ], [ -103.0697744, 40.266879700000104 ], [ -103.0670303, 40.266909500000097 ], [ -103.0643576, 40.2668847 ], [ -103.061568, 40.266845000000103 ], [ -103.0587913, 40.26685 ], [ -103.055657, 40.2668301 ], [ -103.053121, 40.266815200000103 ], [ -103.0505134, 40.2667954 ], [ -103.0476977, 40.2667408 ], [ -103.0449926, 40.2667656 ], [ -103.0420143, 40.2667259 ], [ -103.0393092, 40.266721000000103 ], [ -103.0366301, 40.266716 ], [ -103.0339379, 40.2667259 ], [ -103.0312198, 40.2667011 ], [ -103.0285212, 40.266711 ], [ -103.0258225, 40.2666912 ], [ -103.0230459, 40.2666713 ], [ -103.0203472, 40.266666400000098 ], [ -103.0176681, 40.266656500000103 ], [ -103.0150085, 40.2666465 ], [ -103.0123814, 40.266641600000099 ], [ -103.009741, 40.2666334 ], [ -103.0069693, 40.266608 ], [ -103.0045346, 40.266603200000098 ], [ -103.0018327, 40.2666064000001 ], [ -102.999016, 40.2665869 ], [ -102.9965908, 40.266574 ], [ -102.9938336, 40.2665512 ], [ -102.991285, 40.266541500000102 ], [ -102.988647, 40.2665447 ], [ -102.9859579, 40.2665480000001 ], [ -102.9841709, 40.266525300000097 ], [ -102.981435, 40.266505800000097 ], [ -102.9786524, 40.2665123 ], [ -102.975891, 40.266541500000102 ], [ -102.9731934, 40.266499300000099 ], [ -102.9704958, 40.2664895 ], [ -102.9677046, 40.2664928 ], [ -102.9656283, 40.2664928 ], [ -102.9628116, 40.2664733 ], [ -102.9594885, 40.2664928 ], [ -102.9569824, 40.2664863 ], [ -102.9545646, 40.2664807 ], [ -102.9520649, 40.2664807 ], [ -102.9495718, 40.2664655 ], [ -102.9467065, 40.266455300000104 ], [ -102.9446019, 40.2659595000001 ], [ -102.9419094, 40.2659392 ], [ -102.9393565, 40.2659493 ], [ -102.9365642, 40.2659747000001 ], [ -102.9335726, 40.265984800000098 ], [ -102.9308601, 40.2659899000001 ], [ -102.9278618, 40.265984800000098 ], [ -102.9253953, 40.2660051 ], [ -102.9228956, 40.2659798 ], [ -102.9200834, 40.266 ], [ -102.9172446, 40.2659899000001 ], [ -102.9146252, 40.266 ], [ -102.9119393, 40.2660102 ], [ -102.9092468, 40.266035600000102 ], [ -102.9064745, 40.265929 ], [ -102.9037488, 40.2658631 ], [ -102.9007106, 40.265787 ], [ -102.8977056, 40.265721 ], [ -102.8949599, 40.2656449 ], [ -102.892161, 40.265579000000102 ], [ -102.8893491, 40.2654811 ], [ -102.8867578, 40.265442200000102 ], [ -102.8839626, 40.2653320000001 ], [ -102.8813288, 40.2652736000001 ], [ -102.878627, 40.2652023 ], [ -102.8759847, 40.265144 ], [ -102.8732806, 40.265040300000102 ], [ -102.8706026, 40.2650248 ], [ -102.8677819, 40.2649366 ], [ -102.8651651, 40.2648743 ], [ -102.8623104, 40.264801700000099 ], [ -102.8598771, 40.2647499 ], [ -102.8570292, 40.264677300000102 ], [ -102.8543988, 40.2645995 ], [ -102.8517955, 40.264537200000099 ], [ -102.8491515, 40.264464600000103 ], [ -102.8463852, 40.264392 ], [ -102.8438431, 40.2643142 ], [ -102.8403087, 40.2642312 ], [ -102.8375424, 40.264143 ], [ -102.8346537, 40.2640808 ], [ -102.8323496, 40.264013400000103 ], [ -102.8295356, 40.2639511 ], [ -102.8268509, 40.2638837000001 ], [ -102.8242952, 40.2638007 ], [ -102.8199452, 40.2636555 ], [ -102.8175051, 40.2636244 ], [ -102.8148951, 40.2635466 ], [ -102.8123598, 40.2634844 ], [ -102.8096411, 40.2634325000001 ], [ -102.8070175, 40.2633651 ], [ -102.8044006, 40.2632769 ], [ -102.8016683, 40.2632198 ], [ -102.7988272, 40.263126500000098 ], [ -102.796088, 40.2630539 ], [ -102.7934508, 40.2629709 ], [ -102.7907049, 40.262908600000102 ], [ -102.7880269, 40.262919000000103 ], [ -102.7854101, 40.262929400000097 ], [ -102.7827661, 40.262976100000103 ], [ -102.7801356, 40.2629864 ], [ -102.7774305, 40.2629864 ], [ -102.7748409, 40.263007200000096 ], [ -102.7720528, 40.2629689 ], [ -102.7696678, 40.2629811 ], [ -102.7670334, 40.2629966000001 ], [ -102.7648418, 40.2629743 ], [ -102.7623726, 40.2630063 ], [ -102.7591583, 40.2630231 ], [ -102.756217, 40.2629472 ], [ -102.7534605, 40.2630014000001 ], [ -102.7508248, 40.262996 ], [ -102.7481038, 40.262996 ], [ -102.7454538, 40.262985200000102 ], [ -102.742864, 40.263002700000101 ], [ -102.7400121, 40.263018900000098 ], [ -102.738331823, 40.262754348 ], [ -102.738062026, 40.262853273000097 ] ] ] } },
{ "type": "Feature", "properties": { "objectid": "70100", "id": "201859", "type": "AC; OVERHEAD", "status": "NOT AVAILABLE", "naics_code": "221121", "naics_desc": "ELECTRIC BULK POWER TRANSMISSION AND CONTROL", "source": "Regional Map", "sourcedate": "2014-07-08T20:00:00-06:00", "val_method": "IMAGERY/OTHER", "val_date": "2014-07-08T20:00:00-06:00", "owner": "PUBLIC SERVICE CO OF COLORADO", "voltage": 230.0, "volt_class": "220-287", "inferred": "N", "sub_1": "WATERTON", "sub_2": "CHATFIELD", "shape_lengt": 23612.536958578999, "globalid": "0b96773c-a7c1-42ce-b0a1-a0703b6cd56d", "STATEFP": "08", "STATENS": "01779779", "AFFGEOID": "0400000US08", "GEOID": "08", "STUSPS": "CO", "NAME": "Colorado", "LSAD": "00", "ALAND": 268422891711, "AWATER": 1181621593 }, "geometry": { "type": "MultiLineString", "coordinates": [ [ [ -105.071568034, 39.497212293000104 ], [ -105.072242493, 39.496818057 ], [ -105.0730153, 39.4961815 ], [ -105.0752766, 39.4961102 ], [ -105.0777961, 39.4960832 ], [ -105.0797959, 39.496062300000098 ], [ -105.0836755, 39.4960093 ], [ -105.0847741, 39.496002700000098 ], [ -105.0866366, 39.4959762 ], [ -105.0890914, 39.4959762 ], [ -105.093195, 39.4959354000001 ], [ -105.0938334, 39.495933 ], [ -105.0937196, 39.496872800000098 ], [ -105.09322921, 39.500685058 ], [ -105.092986855, 39.502062471 ], [ -105.092722, 39.5036108 ], [ -105.092580605, 39.505096266000102 ], [ -105.091865746, 39.506756135 ], [ -105.091246782, 39.508246880000101 ], [ -105.090294797, 39.510342639 ], [ -105.089409069, 39.512370400000101 ], [ -105.0970801, 39.5159807 ], [ -105.0994512, 39.5170673000001 ], [ -105.1011399, 39.5178478 ], [ -105.1028705, 39.518637300000101 ], [ -105.1043919, 39.519359000000101 ], [ -105.1106266, 39.5222722 ], [ -105.1110474, 39.5233449 ], [ -105.1123925, 39.526757 ], [ -105.1132153, 39.5286867 ], [ -105.1138062, 39.530090700000102 ], [ -105.1144743, 39.531670500000097 ], [ -105.1153661, 39.533789300000102 ], [ -105.1161795, 39.535770800000101 ], [ -105.1172009, 39.5381604 ], [ -105.1178704, 39.539815200000099 ], [ -105.1185742, 39.541562600000098 ], [ -105.1191149, 39.5429791 ], [ -105.1196814, 39.544322700000102 ], [ -105.1202565, 39.545672900000099 ], [ -105.1206685, 39.546784800000097 ], [ -105.1214066, 39.5484658 ], [ -105.1220933, 39.5500674 ], [ -105.12393, 39.554647 ], [ -105.1250287, 39.557241100000098 ], [ -105.1272746, 39.5590953 ], [ -105.1292983, 39.560732700000102 ], [ -105.1305304, 39.562124600000097 ], [ -105.1315432, 39.563421500000103 ], [ -105.1330235, 39.565236600000098 ], [ -105.1341497, 39.5666336 ], [ -105.1354257, 39.5681649 ], [ -105.1370269, 39.570091 ], [ -105.1386929, 39.5720957 ], [ -105.139989, 39.573670300000103 ], [ -105.1414824, 39.575436700000097 ], [ -105.1425811, 39.5768326 ], [ -105.1430881, 39.578079800000097 ], [ -105.1435681, 39.5792605 ], [ -105.1441689, 39.580841500000098 ], [ -105.1448298, 39.5824887 ], [ -105.1454907, 39.584168900000101 ], [ -105.1463576, 39.586166600000098 ], [ -105.1470957, 39.587972400000098 ], [ -105.1477996, 39.5896061 ], [ -105.1485463, 39.591484600000101 ], [ -105.1493064, 39.593447200000099 ], [ -105.149967813, 39.594964957000101 ], [ -105.136334959, 39.595011255 ], [ -105.115923024, 39.595106493000102 ], [ -105.111216965, 39.595150448 ], [ -105.111154541, 39.594648379 ] ] ] } },
{ "type": "Feature", "properties": { "objectid": "74517", "id": "206796", "type": "AC; OVERHEAD", "status": "NOT AVAILABLE", "naics_code": "221121", "naics_desc": "ELECTRIC BULK POWER TRANSMISSION AND CONTROL", "source": "IMAGERY", "sourcedate": "2016-01-17T18:00:00-07:00", "val_method": "IMAGERY", "val_date": "2016-01-17T18:00:00-07:00", "owner": "PUBLIC SERVICE CO OF COLORADO", "voltage": 230.0, "volt_class": "220-287", "inferred": "Y", "sub_1": "NOT AVAILABLE", "sub_2": "COLORADO GREEN", "shape_lengt": 7292.1820529812003, "globalid": "7b6a40db-52e6-485f-b30b-f4d4c6367d96", "STATEFP": "08", "STATENS": "01779779", "AFFGEOID": "0400000US08", "GEOID": "08", "STUSPS": "CO", "NAME": "Colorado", "LSAD": "00", "ALAND": 268422891711, "AWATER": 1181621593 }, "geometry": { "type": "MultiLineString", "coordinates": [ [ [ -102.674640114, 37.697595914 ], [ -102.60972, 37.704517000000102 ] ] ] } },
{ "type": "Feature", "properties": { "objectid": "69991", "id": "201750", "type": "AC; OVERHEAD", "status": "NOT AVAILABLE", "naics_code": "221121", "naics_desc": "ELECTRIC BULK POWER TRANSMISSION AND CONTROL", "source": "Regional Map", "sourcedate": "2014-06-30T20:00:00-06:00", "val_method": "IMAGERY/OTHER", "val_date": "2014-06-30T20:00:00-06:00", "owner": "WAPA-- WESTERN AREA POWER ADMINISTRATION", "voltage": 230.0, "volt_class": "220-287", "inferred": "N", "sub_1": "LOST CANYON", "sub_2": "SHIPROCK", "shape_lengt": 118924.06926287401, "globalid": "dc7eb1c3-08fd-4137-b982-f5d7dd83cd1d", "STATEFP": "08", "STATENS": "01779779", "AFFGEOID": "0400000US08", "GEOID": "08", "STUSPS": "CO", "NAME": "Colorado", "LSAD": "00", "ALAND": 268422891711, "AWATER": 1181621593 }, "geometry": { "type": "MultiLineString", "coordinates": [ [ [ -108.466751, 37.430731 ], [ -108.465694838, 37.429950452000099 ], [ -108.4652958, 37.4285788 ], [ -108.4651139, 37.4269879 ], [ -108.4647545, 37.4242521 ], [ -108.4644385, 37.421521900000101 ], [ -108.4641168, 37.4187732 ], [ -108.463882, 37.416641400000103 ], [ -108.4652066, 37.413643900000103 ], [ -108.4665011, 37.410649400000104 ], [ -108.467836, 37.4076303 ], [ -108.4691451, 37.404613400000102 ], [ -108.4717833, 37.3983444 ], [ -108.4732502, 37.3950945 ], [ -108.4742837, 37.3927088 ], [ -108.4753114, 37.390355 ], [ -108.4767037, 37.3872439 ], [ -108.4785266, 37.3848786 ], [ -108.4804844, 37.3823922 ], [ -108.4836192, 37.380777200000097 ], [ -108.4862316, 37.3794519 ], [ -108.4895702, 37.3777455 ], [ -108.4929806, 37.376000400000102 ], [ -108.4963595, 37.3742643 ], [ -108.4997584, 37.3725282 ], [ -108.5060682, 37.369306800000103 ], [ -108.5090566, 37.3677782 ], [ -108.5128259, 37.3658321 ], [ -108.5149789, 37.362813500000101 ], [ -108.5171377, 37.359810800000098 ], [ -108.5192993, 37.3568056 ], [ -108.5214725, 37.353798100000098 ], [ -108.5232896, 37.3512628 ], [ -108.5251585, 37.3486361000001 ], [ -108.5266111, 37.3466005000001 ], [ -108.5266484, 37.343099600000102 ], [ -108.5267055, 37.339795600000102 ], [ -108.5267457, 37.336630200000101 ], [ -108.5267852, 37.3335137 ], [ -108.5268237, 37.3304878000001 ], [ -108.5268618, 37.327484400000102 ], [ -108.5269031, 37.324226300000099 ], [ -108.526838, 37.321672 ], [ -108.5288563, 37.318977700000097 ], [ -108.5321696, 37.317394 ], [ -108.5353017, 37.315858 ], [ -108.5385713, 37.3143067 ], [ -108.5423663, 37.312709100000099 ], [ -108.5461285, 37.311132900000104 ], [ -108.5499951, 37.3095305 ], [ -108.5537946, 37.307989900000102 ], [ -108.5576147, 37.306345900000103 ], [ -108.5613541, 37.3047520000001 ], [ -108.5651552, 37.303168900000102 ], [ -108.5681968, 37.3012058 ], [ -108.5714396, 37.2991089000001 ], [ -108.5747765, 37.29697 ], [ -108.5778032, 37.2949819 ], [ -108.5811775, 37.2928062 ], [ -108.5845938, 37.290596100000101 ], [ -108.5874241, 37.2887651 ], [ -108.5906575, 37.2866261 ], [ -108.5939009, 37.284587 ], [ -108.5968336, 37.282597800000097 ], [ -108.5999822, 37.280560100000102 ], [ -108.6033048, 37.2783616 ], [ -108.6067568, 37.2760775 ], [ -108.6100638, 37.273933600000099 ], [ -108.613316, 37.2717851 ], [ -108.6166163, 37.2696435 ], [ -108.6199551, 37.267448000000101 ], [ -108.6232023, 37.2653163 ], [ -108.6267309, 37.2630175 ], [ -108.6296678, 37.261067700000098 ], [ -108.6321768, 37.2581497 ], [ -108.6343536, 37.2554557 ], [ -108.6366717, 37.2526518 ], [ -108.6384067, 37.2505642 ], [ -108.6404282, 37.2481696 ], [ -108.6425675, 37.2456156000001 ], [ -108.6446664, 37.2431099 ], [ -108.647066, 37.240330900000103 ], [ -108.6490666, 37.2378927 ], [ -108.6510016, 37.235534400000098 ], [ -108.6533121, 37.2327587 ], [ -108.6555542, 37.230008300000101 ], [ -108.6579048, 37.227167800000103 ], [ -108.6602389, 37.224288800000103 ], [ -108.6625629, 37.2215032 ], [ -108.6660813, 37.2192904 ], [ -108.6697733, 37.2169503000001 ], [ -108.6724041, 37.215278400000102 ], [ -108.6751975, 37.213495100000102 ], [ -108.6767359, 37.2107867 ], [ -108.6782279, 37.208125600000102 ], [ -108.6798761, 37.205249400000099 ], [ -108.6816909, 37.202075700000101 ], [ -108.6836761, 37.1985671 ], [ -108.6854401, 37.1954431 ], [ -108.6871939, 37.1923692 ], [ -108.6889478, 37.1893032 ], [ -108.6907138, 37.1861643 ], [ -108.6918871, 37.1831386 ], [ -108.6930624, 37.1801207 ], [ -108.6942235, 37.177112500000099 ], [ -108.6954232, 37.174102500000103 ], [ -108.6965843, 37.171068100000099 ], [ -108.6977662, 37.1680565 ], [ -108.6989151, 37.164989600000098 ], [ -108.7001006, 37.1618998000001 ], [ -108.7013064, 37.1588779 ], [ -108.7025162, 37.1558235 ], [ -108.7037138, 37.152710800000101 ], [ -108.7049074, 37.149591400000098 ], [ -108.7063689, 37.1467502 ], [ -108.7078467, 37.1439057 ], [ -108.7091377, 37.1413717 ], [ -108.7105546, 37.138607900000103 ], [ -108.7117401, 37.135543 ], [ -108.7129134, 37.132406800000098 ], [ -108.714111, 37.129280100000102 ], [ -108.715199, 37.1265838 ], [ -108.7161368, 37.123952200000097 ], [ -108.7171721, 37.1212913 ], [ -108.718187, 37.1187889 ], [ -108.7187189, 37.1154383000001 ], [ -108.7193238, 37.1119419 ], [ -108.7198678, 37.1087723 ], [ -108.7204362, 37.105486 ], [ -108.721033, 37.1020992 ], [ -108.7216216, 37.098683100000102 ], [ -108.7221697, 37.0951664 ], [ -108.7227584, 37.0920415 ], [ -108.7232293, 37.0892402 ], [ -108.7238951, 37.0855806000001 ], [ -108.7245082, 37.081966200000103 ], [ -108.7251212, 37.078497400000103 ], [ -108.7257302, 37.0749474 ], [ -108.7263391, 37.071381 ], [ -108.7269116, 37.068102800000098 ], [ -108.7274962, 37.0647046 ], [ -108.7281092, 37.0613095 ], [ -108.7286816, 37.0580374 ], [ -108.7292378, 37.054778 ], [ -108.7298224, 37.0513825 ], [ -108.7303746, 37.0482525 ], [ -108.7309429, 37.044983000000101 ], [ -108.7315113, 37.041587 ], [ -108.7320716, 37.038398200000103 ], [ -108.7326643, 37.0349274000001 ], [ -108.7332327, 37.0317189 ], [ -108.7337929, 37.028393600000101 ], [ -108.7343857, 37.0249839 ], [ -108.7349622, 37.021661600000101 ], [ -108.7355671, 37.018322900000101 ], [ -108.7361151, 37.0150716 ], [ -108.7366794, 37.0119077 ], [ -108.7372478, 37.0086139000001 ], [ -108.7378243, 37.0052844000001 ], [ -108.7383943, 37.0021357 ], [ -108.738878164291393, 36.999230354324986 ] ] ] } },
{ "type": "Feature", "properties": { "objectid": "69906", "id": "201663", "type": "AC; OVERHEAD", "status": "NOT AVAILABLE", "naics_code": "221121", "naics_desc": "ELECTRIC BULK POWER TRANSMISSION AND CONTROL", "source": "Regional Map", "sourcedate": "2014-06-25T20:00:00-06:00", "val_method": "IMAGERY/OTHER", "val_date": "2014-06-25T20:00:00-06:00", "owner": "PUBLIC SERVICE CO OF COLORADO", "voltage": 230.0, "volt_class": "220-287", "inferred": "N", "sub_1": "BRECKENRIDGE", "sub_2": "DILLION", "shape_lengt": 24204.6431985784, "globalid": "40614d87-2f6b-47f6-a010-f77cff93a674", "STATEFP": "08", "STATENS": "01779779", "AFFGEOID": "0400000US08", "GEOID": "08", "STUSPS": "CO", "NAME": "Colorado", "LSAD": "00", "ALAND": 268422891711, "AWATER": 1181621593 }, "geometry": { "type": "MultiLineString", "coordinates": [ [ [ -106.033529, 39.485023 ], [ -106.033439, 39.484805383 ], [ -106.033542984, 39.484239010000103 ], [ -106.02828686, 39.486004978 ], [ -106.026908318, 39.489959755 ], [ -106.02430929, 39.496581119 ], [ -106.016703539, 39.513429737 ], [ -106.002531885, 39.519297139000102 ], [ -105.999442048, 39.524453627000099 ], [ -105.999917408, 39.526699444 ], [ -105.999709438, 39.53474254 ], [ -105.99807539, 39.539874969 ], [ -106.002799275, 39.542005732000099 ], [ -106.004878972, 39.54997833 ], [ -106.018099907, 39.556873430000103 ], [ -106.021546263, 39.56012603 ], [ -106.031528811, 39.568646202 ], [ -106.024145291, 39.596845084000101 ], [ -106.019852795, 39.597394513 ], [ -106.012113943, 39.598394462 ], [ -105.998894196, 39.600061013000101 ], [ -105.990738217, 39.608184415 ], [ -105.991061461, 39.608514018 ], [ -105.991164332, 39.608876482 ] ] ] } },
{ "type": "Feature", "properties": { "objectid": "69973", "id": "201732", "type": "AC; OVERHEAD", "status": "NOT AVAILABLE", "naics_code": "221121", "naics_desc": "ELECTRIC BULK POWER TRANSMISSION AND CONTROL", "source": "Regional Map", "sourcedate": "2014-07-06T20:00:00-06:00", "val_method": "IMAGERY/OTHER", "val_date": "2014-07-06T20:00:00-06:00", "owner": "PUBLIC SERVICE CO OF COLORADO", "voltage": 230.0, "volt_class": "220-287", "inferred": "N", "sub_1": "ADOBE", "sub_2": "HORIZON", "shape_lengt": 9459.9516254627997, "globalid": "a01c67c0-cd3f-49ae-8aeb-fb7c62c5131a", "STATEFP": "08", "STATENS": "01779779", "AFFGEOID": "0400000US08", "GEOID": "08", "STUSPS": "CO", "NAME": "Colorado", "LSAD": "00", "ALAND": 268422891711, "AWATER": 1181621593 }, "geometry": { "type": "MultiLineString", "coordinates": [ [ [ -108.653830288, 39.117188302 ], [ -108.654252494, 39.117043780000103 ], [ -108.654409363, 39.117132294 ], [ -108.655002898, 39.115711745 ], [ -108.62050685, 39.097887277 ], [ -108.617333826, 39.099160013000102 ], [ -108.594160053, 39.098994005000101 ], [ -108.59266267, 39.09918768 ], [ -108.589667906, 39.099160013000102 ], [ -108.589361174, 39.099056069 ], [ -108.580786879, 39.09902379 ], [ -108.580679923, 39.098784001000098 ], [ -108.580843597, 39.098450209000099 ] ] ] } },
{ "type": "Feature", "properties": { "objectid": "74520", "id": "206799", "type": "AC; OVERHEAD", "status": "NOT AVAILABLE", "naics_code": "221121", "naics_desc": "ELECTRIC BULK POWER TRANSMISSION AND CONTROL", "source": "IMAGERY", "sourcedate": "2016-01-17T18:00:00-07:00", "val_method": "IMAGERY", "val_date": "2016-01-17T18:00:00-07:00", "owner": "PUBLIC SERVICE CO OF COLORADO", "voltage": 230.0, "volt_class": "220-287", "inferred": "Y", "sub_1": "NOT AVAILABLE", "sub_2": "UNKNOWN202185", "shape_lengt": 200.34504589139999, "globalid": "90fcf886-47b8-416c-8746-fe6b8dab08fa", "STATEFP": "08", "STATENS": "01779779", "AFFGEOID": "0400000US08", "GEOID": "08", "STUSPS": "CO", "NAME": "Colorado", "LSAD": "00", "ALAND": 268422891711, "AWATER": 1181621593 }, "geometry": { "type": "MultiLineString", "coordinates": [ [ [ -104.682022462, 39.941471085 ], [ -104.681427152, 39.941869568000101 ], [ -104.681436812, 39.942195600000097 ], [ -104.682020074, 39.942219713 ] ] ] } },
{ "type": "Feature", "properties": { "objectid": "70305", "id": "202066", "type": "AC; OVERHEAD", "status": "NOT AVAILABLE", "naics_code": "221121", "naics_desc": "ELECTRIC BULK POWER TRANSMISSION AND CONTROL", "source": "Regional Map", "sourcedate": "2014-07-08T20:00:00-06:00", "val_method": "IMAGERY/OTHER", "val_date": "2014-07-08T20:00:00-06:00", "owner": "PUBLIC SERVICE CO OF COLORADO", "voltage": 230.0, "volt_class": "220-287", "inferred": "N", "sub_1": "UNKNOWN201488", "sub_2": "LEGGETT", "shape_lengt": 346.48709185960001, "globalid": "53c73d3a-d585-47ee-8781-50e21e601441", "STATEFP": "08", "STATENS": "01779779", "AFFGEOID": "0400000US08", "GEOID": "08", "STUSPS": "CO", "NAME": "Colorado", "LSAD": "00", "ALAND": 268422891711, "AWATER": 1181621593 }, "geometry": { "type": "MultiLineString", "coordinates": [ [ [ -105.205985629, 40.0187919480001 ], [ -105.205505208, 40.018791804 ], [ -105.205459995, 40.018733451000102 ], [ -105.204256251, 40.017179848000097 ], [ -105.204091903, 40.017115382 ] ] ] } },
{ "type": "Feature", "properties": { "objectid": "74397", "id": "206676", "type": "AC; OVERHEAD", "status": "NOT AVAILABLE", "naics_code": "221121", "naics_desc": "ELECTRIC BULK POWER TRANSMISSION AND CONTROL", "source": "Regional Map", "sourcedate": "2016-01-06T18:00:00-07:00", "val_method": "IMAGERY", "val_date": "2016-01-06T18:00:00-07:00", "owner": "TRI-STATE G & T ASSN, INC", "voltage": 230.0, "volt_class": "220-287", "inferred": "N", "sub_1": "NOT AVAILABLE", "sub_2": "CRAIG", "shape_lengt": 1403.1432014709001, "globalid": "dae9d27d-ad10-45c6-aacb-5678d2b710a1", "STATEFP": "08", "STATENS": "01779779", "AFFGEOID": "0400000US08", "GEOID": "08", "STUSPS": "CO", "NAME": "Colorado", "LSAD": "00", "ALAND": 268422891711, "AWATER": 1181621593 }, "geometry": { "type": "MultiLineString", "coordinates": [ [ [ -107.5909569, 40.463495784 ], [ -107.592452, 40.464863900000097 ], [ -107.5924686, 40.466161800000101 ], [ -107.592617, 40.467633 ], [ -107.5926335, 40.4693331 ], [ -107.5926748, 40.470923400000103 ], [ -107.592711855, 40.471617554 ], [ -107.591734929, 40.472360787000099 ] ] ] } },
{ "type": "Feature", "properties": { "objectid": "73125", "id": "205223", "type": "AC; OVERHEAD", "status": "NOT AVAILABLE", "naics_code": "221121", "naics_desc": "ELECTRIC BULK POWER TRANSMISSION AND CONTROL", "source": "IMAGERY", "sourcedate": "2015-08-12T20:00:00-06:00", "val_method": "IMAGERY", "val_date": "2015-08-12T20:00:00-06:00", "owner": "PUBLIC SERVICE CO OF COLORADO", "voltage": 230.0, "volt_class": "220-287", "inferred": "Y", "sub_1": "TECH CENTER", "sub_2": "UNKNOWN205122", "shape_lengt": 3331.9113783289999, "globalid": "2fbc374a-ece8-4c44-a240-56d587c6d8f5", "STATEFP": "08", "STATENS": "01779779", "AFFGEOID": "0400000US08", "GEOID": "08", "STUSPS": "CO", "NAME": "Colorado", "LSAD": "00", "ALAND": 268422891711, "AWATER": 1181621593 }, "geometry": { "type": "MultiLineString", "coordinates": [ [ [ -104.902134822, 39.633399434000097 ], [ -104.902114707, 39.6332073230001 ], [ -104.901322756, 39.633373987 ], [ -104.899741237, 39.634365563000102 ], [ -104.89754341, 39.635762112000101 ], [ -104.894993427, 39.637384772000097 ], [ -104.892824099, 39.638770466 ], [ -104.893279291, 39.640856439000103 ], [ -104.893650058, 39.642646352 ], [ -104.894187885, 39.645191535 ], [ -104.894138035, 39.647083394 ], [ -104.894127339, 39.648332401000097 ], [ -104.894088127, 39.649671844000103 ], [ -104.894048908, 39.651343627000102 ], [ -104.893575012, 39.651585686 ], [ -104.893528664, 39.651764109 ], [ -104.893525099, 39.652134680000103 ], [ -104.893626805, 39.652180296 ] ] ] } },
{ "type": "Feature", "properties": { "objectid": "73404", "id": "204950", "type": "AC; OVERHEAD", "status": "NOT AVAILABLE", "naics_code": "221121", "naics_desc": "ELECTRIC BULK POWER TRANSMISSION AND CONTROL", "source": "http://www.oasis.oati.com", "sourcedate": "2015-08-12T20:00:00-06:00", "val_method": "IMAGERY/OTHER", "val_date": "2015-08-12T20:00:00-06:00", "owner": "CITY OF COLORADO SPRINGS - (CO)", "voltage": 230.0, "volt_class": "220-287", "inferred": "N", "sub_1": "FRONT RANGE", "sub_2": "UNKNOWN202845", "shape_lengt": 60815.025537756002, "globalid": "21c3e74e-d666-4e33-b754-5c6afff4236a", "STATEFP": "08", "STATENS": "01779779", "AFFGEOID": "0400000US08", "GEOID": "08", "STUSPS": "CO", "NAME": "Colorado", "LSAD": "00", "ALAND": 268422891711, "AWATER": 1181621593 }, "geometry": { "type": "MultiLineString", "coordinates": [ [ [ -104.702546623, 38.632136099 ], [ -104.702184346, 38.6316694120001 ], [ -104.701116266, 38.631442652 ], [ -104.699938816, 38.6316322710001 ], [ -104.697394981, 38.632060136000099 ], [ -104.693720934, 38.632078004 ], [ -104.690456173, 38.632159675 ], [ -104.687271536, 38.6321560270001 ], [ -104.685414167, 38.630441655 ], [ -104.683694212, 38.628787925 ], [ -104.680085811, 38.628784152 ], [ -104.676757608, 38.628776724 ], [ -104.674094684, 38.628799012000101 ], [ -104.670833562, 38.628832436 ], [ -104.666945078, 38.628873285000097 ], [ -104.663522795, 38.628910417 ], [ -104.660000671, 38.628932696 ], [ -104.656763582, 38.628954977 ], [ -104.65292272, 38.6289735450001 ], [ -104.649975466, 38.628992112 ], [ -104.646391128, 38.6290106800001 ], [ -104.64270234, 38.629040388000099 ], [ -104.639103923, 38.629058956 ], [ -104.636051841, 38.629081239000101 ], [ -104.633142711, 38.629107233000099 ], [ -104.629040245, 38.629133228 ], [ -104.627271816, 38.629151797000098 ], [ -104.62434392, 38.629174075 ], [ -104.620702577, 38.629196358000101 ], [ -104.616918634, 38.629229779000099 ], [ -104.613329753, 38.6292557740001 ], [ -104.609470675, 38.629285475000103 ], [ -104.606001332, 38.629270625000103 ], [ -104.602288628, 38.629259483 ], [ -104.599008753, 38.629252057 ], [ -104.595671899, 38.629237203000102 ], [ -104.593237734, 38.629226061000097 ], [ -104.59085777, 38.629226061000097 ], [ -104.59085777, 38.630987901 ], [ -104.590853016, 38.632837005 ], [ -104.590848268, 38.634658654000098 ], [ -104.590781815, 38.6369982410001 ], [ -104.590639315, 38.639417312 ], [ -104.59052657, 38.641338959000102 ], [ -104.590348028, 38.6430960530001 ], [ -104.590325896, 38.644807359 ], [ -104.591767898, 38.646253748 ], [ -104.593536352, 38.648035912000097 ], [ -104.595462009, 38.649957579 ], [ -104.596965501, 38.6514433890001 ], [ -104.5980323, 38.652556010000097 ], [ -104.597920604, 38.655080145 ], [ -104.597742351, 38.657730494000099 ], [ -104.597650712, 38.659728645 ], [ -104.596734644, 38.661682017 ], [ -104.595515913, 38.664164038 ], [ -104.594453398, 38.666313259 ], [ -104.592934401, 38.66943139 ], [ -104.592050412, 38.671257021 ], [ -104.591052095, 38.673272374000099 ], [ -104.589896821, 38.675671957000098 ], [ -104.588613734, 38.678298592 ], [ -104.587659256, 38.680212193 ], [ -104.587695462, 38.682173658000103 ], [ -104.587752521, 38.685330483 ], [ -104.58783806, 38.687928933000101 ], [ -104.587852309, 38.690676173 ], [ -104.587845177, 38.693325831 ], [ -104.587887973, 38.696409903000102 ], [ -104.587922434, 38.699033562000103 ], [ -104.587946872, 38.70139384 ], [ -104.5906821, 38.7032491800001 ], [ -104.593569826, 38.705219866 ], [ -104.596030025, 38.7068939420001 ], [ -104.598303811, 38.708432913 ], [ -104.598326855, 38.710523295 ], [ -104.598326855, 38.713393380000099 ], [ -104.598356572, 38.715837284 ], [ -104.598385091, 38.719055355000101 ], [ -104.598399067, 38.7213234110001 ], [ -104.596782994, 38.723201023000101 ], [ -104.594801534, 38.72545309 ], [ -104.592947063, 38.727528617000097 ], [ -104.590978471, 38.729826651000103 ], [ -104.588961043, 38.732151171000098 ], [ -104.586943127, 38.73445393 ], [ -104.584975026, 38.736723355 ], [ -104.582834976, 38.739178603 ], [ -104.580885745, 38.741398916 ], [ -104.579493956, 38.7430153930001 ], [ -104.579506191, 38.744628206000101 ], [ -104.579524025, 38.746306508 ], [ -104.579577506, 38.749203104000102 ], [ -104.579619098, 38.752150190000101 ], [ -104.579660688, 38.754758829 ], [ -104.579696339, 38.758127356 ], [ -104.579726063, 38.760296826000101 ], [ -104.579797377, 38.762928947 ], [ -104.579845788, 38.765321141000101 ], [ -104.580378809, 38.765951883000099 ], [ -104.580903006, 38.766593529 ], [ -104.580920406, 38.768281186 ], [ -104.581015457, 38.770704562000098 ], [ -104.581020206, 38.773096425000098 ], [ -104.581024964, 38.775956061 ], [ -104.581120036, 38.778324098 ], [ -104.581124788, 38.781094636 ], [ -104.581167608, 38.783446059 ], [ -104.581262652, 38.7860872890001 ], [ -104.581272156, 38.7877170040001 ], [ -104.581348251, 38.790693736 ], [ -104.581419557, 38.793109536 ], [ -104.581465656, 38.79481421 ], [ -104.584144142, 38.794853158000102 ], [ -104.587291223, 38.794893914000099 ], [ -104.590434016, 38.794930972 ], [ -104.593353432, 38.794942089000102 ], [ -104.596890186, 38.7949495 ], [ -104.59962841, 38.794956910000103 ], [ -104.602285753, 38.794956910000103 ], [ -104.604662458, 38.794960615 ], [ -104.607545943, 38.794964257000103 ], [ -104.608501501, 38.795716135000099 ], [ -104.60900964, 38.796120173000098 ], [ -104.611578948, 38.796123951 ], [ -104.614654501, 38.796127656000102 ], [ -104.618794737, 38.796135065 ], [ -104.622279352, 38.7961461800001 ], [ -104.625013161, 38.796142494 ], [ -104.626751956, 38.796479438 ], [ -104.628937206, 38.79650744 ], [ -104.628919114, 38.794887961 ], [ -104.628872537, 38.792823307 ], [ -104.628808519, 38.790110636000101 ], [ -104.628779422, 38.788836085000099 ], [ -104.628714912, 38.785761794000102 ], [ -104.628650732, 38.783249222 ], [ -104.628607708, 38.781556845000097 ], [ -104.630683849, 38.781551635 ], [ -104.633875023, 38.781551635 ], [ -104.637208582, 38.781528475000101 ], [ -104.640595206, 38.781523843 ], [ -104.644041257, 38.781514579 ], [ -104.647351318, 38.781523844 ], [ -104.650340518, 38.7815006820001 ], [ -104.654237988, 38.781491419000098 ], [ -104.658094524, 38.781486787000098 ], [ -104.661897444, 38.7814682590001 ], [ -104.664472083, 38.781417923 ], [ -104.664408668, 38.783533207000097 ], [ -104.664383949, 38.786620906 ], [ -104.66434592, 38.7895035720001 ], [ -104.664317398, 38.791974894000099 ], [ -104.664284124, 38.794405345 ], [ -104.664255599, 38.796328405000096 ], [ -104.664274619, 38.799326402000098 ], [ -104.664431426, 38.801855673 ], [ -104.664179586, 38.804840295000098 ], [ -104.664046463, 38.807659757 ], [ -104.663946618, 38.810056841000097 ], [ -104.663937109, 38.81231676 ], [ -104.663932355, 38.814791081000102 ], [ -104.663941862, 38.817668918 ], [ -104.663927602, 38.8209614290001 ], [ -104.663927602, 38.824053833 ], [ -104.663913341, 38.826916508000103 ], [ -104.663913341, 38.829390317 ], [ -104.663918094, 38.831752794000103 ], [ -104.66389908, 38.834337444 ], [ -104.663903834, 38.836677682000101 ], [ -104.66389908, 38.839484269 ], [ -104.663894326, 38.842127865000101 ], [ -104.663884819, 38.8453637470001 ], [ -104.663880066, 38.848121937 ], [ -104.663880066, 38.850587547 ], [ -104.663880066, 38.853277861 ], [ -104.665609972, 38.854311557000102 ], [ -104.668233909, 38.855925508 ], [ -104.670212636, 38.857116019 ], [ -104.670905422, 38.857776981 ] ] ] } },
{ "type": "Feature", "properties": { "objectid": "70194", "id": "201954", "type": "AC; OVERHEAD", "status": "NOT AVAILABLE", "naics_code": "221121", "naics_desc": "ELECTRIC BULK POWER TRANSMISSION AND CONTROL", "source": "Regional Map", "sourcedate": "2015-07-08T20:00:00-06:00", "val_method": "IMAGERY/OTHER", "val_date": "2015-07-08T20:00:00-06:00", "owner": "TRI-STATE G & T ASSN, INC", "voltage": 230.0, "volt_class": "220-287", "inferred": "N", "sub_1": "MCBRYDE", "sub_2": "UNKNOWN203883", "shape_lengt": 16705.1146568517, "globalid": "e665fd25-6f93-47a4-816b-5d0c93715e8b", "STATEFP": "08", "STATENS": "01779779", "AFFGEOID": "0400000US08", "GEOID": "08", "STUSPS": "CO", "NAME": "Colorado", "LSAD": "00", "ALAND": 268422891711, "AWATER": 1181621593 }, "geometry": { "type": "MultiLineString", "coordinates": [ [ [ -108.330964041, 39.949971372 ], [ -108.331109967, 39.9503801460001 ], [ -108.331756456, 39.950766421 ], [ -108.33255506, 39.951159981 ], [ -108.33473696, 39.947749048 ], [ -108.335844548, 39.946156493 ], [ -108.338378214, 39.945580685 ], [ -108.348227661, 39.943230030000102 ], [ -108.356194686, 39.9413494470001 ], [ -108.358457396, 39.94081369 ], [ -108.360705847, 39.940248772000103 ], [ -108.364000088, 39.939301157 ], [ -108.372908324, 39.936917481000101 ], [ -108.381992443, 39.934504563000097 ], [ -108.389640977, 39.932437842000098 ], [ -108.393358288, 39.931446378 ], [ -108.399271759, 39.931151122000102 ], [ -108.40831785, 39.930688189000101 ], [ -108.416484526, 39.930283575 ], [ -108.421043222, 39.930072155000097 ], [ -108.423638685, 39.930713705000102 ], [ -108.426728522, 39.931479184000104 ], [ -108.429480853, 39.932160817000103 ], [ -108.434034796, 39.933290783000103 ], [ -108.438854942, 39.932324845 ], [ -108.443637057, 39.931398991 ], [ -108.448585549, 39.929379564 ], [ -108.453657635, 39.9272762350001 ], [ -108.458796271, 39.925205651 ], [ -108.463982442, 39.923054802 ], [ -108.466440051, 39.922121531000101 ], [ -108.468027751, 39.921417924 ], [ -108.467927926, 39.920783577000101 ] ] ] } },
{ "type": "Feature", "properties": { "objectid": "74528", "id": "206808", "type": "AC; OVERHEAD", "status": "NOT AVAILABLE", "naics_code": "221121", "naics_desc": "ELECTRIC BULK POWER TRANSMISSION AND CONTROL", "source": "IMAGERY", "sourcedate": "2016-03-16T19:00:00-06:00", "val_method": "IMAGERY", "val_date": "2016-03-16T19:00:00-06:00", "owner": "PUBLIC SERVICE CO OF COLORADO", "voltage": 230.0, "volt_class": "220-287", "inferred": "Y", "sub_1": "NOT AVAILABLE", "sub_2": "UNKNOWN201500", "shape_lengt": 243.6283894691, "globalid": "2b8fc113-5851-41bb-8037-5d89220b0ef4", "STATEFP": "08", "STATENS": "01779779", "AFFGEOID": "0400000US08", "GEOID": "08", "STUSPS": "CO", "NAME": "Colorado", "LSAD": "00", "ALAND": 268422891711, "AWATER": 1181621593 }, "geometry": { "type": "MultiLineString", "coordinates": [ [ [ -102.242891919, 39.357169959 ], [ -102.243168011, 39.357175016 ], [ -102.243134156, 39.357667449000097 ], [ -102.242447828, 39.358162960000101 ], [ -102.242156413, 39.358291652 ] ] ] } },
{ "type": "Feature", "properties": { "objectid": "70156", "id": "201915", "type": "AC; OVERHEAD", "status": "NOT AVAILABLE", "naics_code": "221121", "naics_desc": "ELECTRIC BULK POWER TRANSMISSION AND CONTROL", "source": "Regional Map", "sourcedate": "2014-07-13T20:00:00-06:00", "val_method": "IMAGERY/OTHER", "val_date": "2014-07-13T20:00:00-06:00", "owner": "PUBLIC SERVICE CO OF COLORADO", "voltage": 230.0, "volt_class": "220-287", "inferred": "N", "sub_1": "SPRUCE", "sub_2": "GREEN VALLEY", "shape_lengt": 41081.736657429399, "globalid": "571ee4f9-d124-4ba1-992a-5f18a0b801fd", "STATEFP": "08", "STATENS": "01779779", "AFFGEOID": "0400000US08", "GEOID": "08", "STUSPS": "CO", "NAME": "Colorado", "LSAD": "00", "ALAND": 268422891711, "AWATER": 1181621593 }, "geometry": { "type": "MultiLineString", "coordinates": [ [ [ -104.683492072, 39.741884288 ], [ -104.683598246, 39.7414603920001 ], [ -104.6833573, 39.741329200000102 ], [ -104.682452, 39.7414353 ], [ -104.6810754, 39.7417711 ], [ -104.6796564, 39.741733800000098 ], [ -104.6775278, 39.741495900000103 ], [ -104.6774975, 39.743836800000103 ], [ -104.6774914, 39.7451144 ], [ -104.6774793, 39.7469748 ], [ -104.6775521, 39.7493947 ], [ -104.6775017, 39.751789200000097 ], [ -104.6775199, 39.7544637 ], [ -104.6770722, 39.756849800000097 ], [ -104.6770782, 39.759254300000102 ], [ -104.6770419, 39.7620681000001 ], [ -104.6770359, 39.7644074 ], [ -104.6770419, 39.7668256 ], [ -104.6770419, 39.769573900000097 ], [ -104.6770117, 39.7720385000001 ], [ -104.6769996, 39.774447200000097 ], [ -104.6769875, 39.7770604 ], [ -104.6770601, 39.779678100000098 ], [ -104.6769451, 39.782147000000101 ], [ -104.6769391, 39.7838812 ], [ -104.6742468, 39.7838858000001 ], [ -104.6709527, 39.7838551 ], [ -104.6680121, 39.7838442 ], [ -104.6649486, 39.783829700000098 ], [ -104.6619134, 39.783811500000098 ], [ -104.6585521, 39.7838043 ], [ -104.6550725, 39.783800600000099 ], [ -104.6518152, 39.783800600000099 ], [ -104.6482694, 39.783797 ], [ -104.6449128, 39.783800600000099 ], [ -104.6413529, 39.7837861 ], [ -104.6379915, 39.783738900000102 ], [ -104.6347531, 39.7836844 ], [ -104.6313917, 39.7836335000001 ], [ -104.6283849, 39.7835863 ], [ -104.6251276, 39.7835318 ], [ -104.6220404, 39.7834955000001 ], [ -104.6186696, 39.7835027 ], [ -104.6153556, 39.783448200000102 ], [ -104.6125615, 39.783441 ], [ -104.6125521, 39.785442800000098 ], [ -104.6125473, 39.7880548 ], [ -104.612519, 39.7907067 ], [ -104.6125048, 39.7933548 ], [ -104.6124953, 39.795981100000098 ], [ -104.6124811, 39.7986073000001 ], [ -104.6124859, 39.800517800000101 ], [ -104.6124859, 39.802704300000102 ], [ -104.6124811, 39.804963400000098 ], [ -104.6122022, 39.807193400000102 ], [ -104.6119422, 39.8094596 ], [ -104.6117011, 39.8114751 ], [ -104.6116018, 39.8124593000001 ], [ -104.6090063, 39.8124266 ], [ -104.6052668, 39.8124157 ], [ -104.6021796, 39.8124157 ], [ -104.6021796, 39.8150085 ], [ -104.60217, 39.817921500000097 ], [ -104.6021564, 39.8203083000001 ], [ -104.602153, 39.823014300000096 ], [ -104.6021394, 39.825628600000101 ], [ -104.6021291, 39.8269292 ], [ -104.5999212, 39.826903000000101 ], [ -104.5967489, 39.826850700000101 ], [ -104.5931541, 39.826803600000098 ], [ -104.5901045, 39.8267539 ], [ -104.5872388, 39.8267120000001 ], [ -104.5840631, 39.826662300000102 ], [ -104.5807239, 39.826623 ], [ -104.5771495, 39.826581200000099 ], [ -104.5737933, 39.826541900000102 ], [ -104.5705324, 39.8265105 ], [ -104.5670671, 39.826463400000101 ], [ -104.5637278, 39.826403200000101 ], [ -104.560225, 39.826356100000098 ], [ -104.5570834, 39.826306400000099 ], [ -104.5538327, 39.826261900000098 ], [ -104.5507252, 39.826214800000102 ], [ -104.5476108, 39.826157200000097 ], [ -104.5450417, 39.8261206 ], [ -104.545028, 39.8286406 ], [ -104.5450076, 39.831333200000103 ], [ -104.545011, 39.8339602 ], [ -104.5449871, 39.836605500000097 ], [ -104.5449667, 39.8392795 ], [ -104.5449394, 39.8418958 ], [ -104.544919, 39.844648 ], [ -104.5449054, 39.8472249000001 ], [ -104.5448781, 39.8498984 ], [ -104.5448577, 39.8525509 ], [ -104.5448474, 39.8552478 ], [ -104.5448338, 39.8578373 ], [ -104.5448474, 39.860539200000098 ], [ -104.5448508, 39.8631155 ], [ -104.5448543, 39.8657178 ], [ -104.544827, 39.8684586 ], [ -104.5448474, 39.870948300000101 ], [ -104.5448508, 39.873694100000101 ], [ -104.5448713, 39.8762882 ], [ -104.5448849, 39.8789083 ], [ -104.544902, 39.8815597 ], [ -104.5449258, 39.884245 ], [ -104.5449292, 39.8868936000001 ], [ -104.5449633, 39.8894375 ], [ -104.5449852, 39.892192700000102 ], [ -104.5450034, 39.8947318 ], [ -104.5450155, 39.897502900000099 ], [ -104.5450336, 39.9000743 ], [ -104.5450397, 39.902798700000098 ], [ -104.5450215, 39.9052167 ], [ -104.5450215, 39.908010600000097 ], [ -104.5450034, 39.910507300000098 ], [ -104.5450094, 39.913189600000102 ], [ -104.5450639, 39.915472700000102 ], [ -104.5437994, 39.9154587 ], [ -104.543846207, 39.916286144 ], [ -104.544432957, 39.916585823 ] ] ] } },
{ "type": "Feature", "properties": { "objectid": "70355", "id": "202116", "type": "AC; OVERHEAD", "status": "NOT AVAILABLE", "naics_code": "221121", "naics_desc": "ELECTRIC BULK POWER TRANSMISSION AND CONTROL", "source": "Regional Map", "sourcedate": "2014-07-08T20:00:00-06:00", "val_method": "IMAGERY/OTHER", "val_date": "2014-07-08T20:00:00-06:00", "owner": "PUBLIC SERVICE CO OF COLORADO", "voltage": 230.0, "volt_class": "220-287", "inferred": "N", "sub_1": "JAMES L GREEN", "sub_2": "WASHINGTON", "shape_lengt": 3674.5490843268999, "globalid": "b8134000-6930-4974-a164-60b8c8404a44", "STATEFP": "08", "STATENS": "01779779", "AFFGEOID": "0400000US08", "GEOID": "08", "STUSPS": "CO", "NAME": "Colorado", "LSAD": "00", "ALAND": 268422891711, "AWATER": 1181621593 }, "geometry": { "type": "MultiLineString", "coordinates": [ [ [ -104.979385261, 39.978416141 ], [ -104.978988688, 39.978278294000098 ], [ -104.978455184, 39.978337223 ], [ -104.978539295, 39.977517741 ], [ -104.978534488, 39.972823490000103 ], [ -104.978527279, 39.96982703 ], [ -104.978544101, 39.964785977000098 ], [ -104.978532085, 39.961354460000102 ], [ -104.978541698, 39.959333781 ], [ -104.978539295, 39.957884087 ], [ -104.978063467, 39.957243043000098 ], [ -104.978135562, 39.956218834 ], [ -104.979949956, 39.956207782 ], [ -104.98063486, 39.956428835 ], [ -104.981066262, 39.956257150000098 ] ] ] } },
{ "type": "Feature", "properties": { "objectid": "74454", "id": "206733", "type": "AC; OVERHEAD", "status": "NOT AVAILABLE", "naics_code": "221121", "naics_desc": "ELECTRIC BULK POWER TRANSMISSION AND CONTROL", "source": "IMAGERY", "sourcedate": "2015-12-17T18:00:00-07:00", "val_method": "IMAGERY", "val_date": "2015-12-17T18:00:00-07:00", "owner": "PUBLIC SERVICE CO OF COLORADO", "voltage": 230.0, "volt_class": "220-287", "inferred": "Y", "sub_1": "NOT AVAILABLE", "sub_2": "MT. HARRIS", "shape_lengt": 994.05528623830003, "globalid": "b1bf6d45-cf8c-4edb-a15f-6a0bc4dd377f", "STATEFP": "08", "STATENS": "01779779", "AFFGEOID": "0400000US08", "GEOID": "08", "STUSPS": "CO", "NAME": "Colorado", "LSAD": "00", "ALAND": 268422891711, "AWATER": 1181621593 }, "geometry": { "type": "MultiLineString", "coordinates": [ [ [ -107.185458757, 40.486676384000098 ], [ -107.185947141, 40.484292164000102 ], [ -107.185136935, 40.483071501 ], [ -107.184130423, 40.481526041000102 ], [ -107.184151838, 40.480537375 ], [ -107.18454369, 40.480536737000101 ] ] ] } },
{ "type": "Feature", "properties": { "objectid": "73467", "id": "205059", "type": "AC; OVERHEAD", "status": "NOT AVAILABLE", "naics_code": "221121", "naics_desc": "ELECTRIC BULK POWER TRANSMISSION AND CONTROL", "source": "Regional Map", "sourcedate": "2015-08-12T20:00:00-06:00", "val_method": "IMAGERY/OTHER", "val_date": "2015-08-12T20:00:00-06:00", "owner": "PLATTE RIVER POWER AUTHORITY", "voltage": 230.0, "volt_class": "220-287", "inferred": "N", "sub_1": "DIXON CREEK", "sub_2": "COLLEGE LAKE", "shape_lengt": 5685.4838121409002, "globalid": "93b4cd9a-1b98-4b81-a041-6d8690249a06", "STATEFP": "08", "STATENS": "01779779", "AFFGEOID": "0400000US08", "GEOID": "08", "STUSPS": "CO", "NAME": "Colorado", "LSAD": "00", "ALAND": 268422891711, "AWATER": 1181621593 }, "geometry": { "type": "MultiLineString", "coordinates": [ [ [ -105.135025168, 40.552543793000098 ], [ -105.135579888, 40.552542011000099 ], [ -105.135566578, 40.553206584000101 ], [ -105.135336504, 40.553278820000102 ], [ -105.134425715, 40.553522976000103 ], [ -105.13426222, 40.554297231000099 ], [ -105.134258427, 40.554934201 ], [ -105.134241314, 40.556628772000103 ], [ -105.134235609, 40.558135562000103 ], [ -105.134212791, 40.559581654 ], [ -105.134193778, 40.561401768 ], [ -105.134174762, 40.563034108000103 ], [ -105.134148143, 40.5649119 ], [ -105.134134833, 40.566867658 ], [ -105.134115818, 40.5684912 ], [ -105.134096803, 40.570253330000099 ], [ -105.134075888, 40.5720298580001 ], [ -105.134054973, 40.573926195000098 ], [ -105.134041662, 40.5753025980001 ], [ -105.134015042, 40.577136767000098 ], [ -105.133994127, 40.579073372 ], [ -105.133977021, 40.580899417000097 ], [ -105.134106248, 40.582318194 ], [ -105.134910453, 40.5822593870001 ], [ -105.138206217, 40.5820765180001 ], [ -105.141514181, 40.581875750000101 ], [ -105.143577463, 40.582554696 ], [ -105.144055921, 40.582480541000102 ], [ -105.144309933, 40.582313460000101 ] ] ] } },
{ "type": "Feature", "properties": { "objectid": "70420", "id": "202181", "type": "AC; OVERHEAD", "status": "NOT AVAILABLE", "naics_code": "221121", "naics_desc": "ELECTRIC BULK POWER TRANSMISSION AND CONTROL", "source": "IMAGERY", "sourcedate": "2014-07-08T20:00:00-06:00", "val_method": "IMAGERY", "val_date": "2014-07-08T20:00:00-06:00", "owner": "PUBLIC SERVICE CO OF COLORADO", "voltage": 230.0, "volt_class": "220-287", "inferred": "Y", "sub_1": "MURPHY CREEK", "sub_2": "HOMESTEAD", "shape_lengt": 14538.7152325894, "globalid": "b506b915-d773-4757-8069-6f9a03e4aec0", "STATEFP": "08", "STATENS": "01779779", "AFFGEOID": "0400000US08", "GEOID": "08", "STUSPS": "CO", "NAME": "Colorado", "LSAD": "00", "ALAND": 268422891711, "AWATER": 1181621593 }, "geometry": { "type": "MultiLineString", "coordinates": [ [ [ -104.702979044, 39.609016941 ], [ -104.702603775, 39.608938614000103 ], [ -104.69931084, 39.609271972000101 ], [ -104.69824742, 39.609283273000102 ], [ -104.698313426, 39.6024801780001 ], [ -104.702684448, 39.602463226 ], [ -104.702647779, 39.600530663 ], [ -104.70511198, 39.597733437 ], [ -104.707026135, 39.597207885 ], [ -104.707062805, 39.594512249 ], [ -104.707231486, 39.579913303000097 ], [ -104.70737083, 39.56573531 ], [ -104.707605516, 39.564570641 ], [ -104.707436836, 39.549886219 ], [ -104.707436836, 39.536754118 ], [ -104.717653001, 39.5369407680001 ], [ -104.717792346, 39.526725222 ], [ -104.717546893, 39.525354839 ] ] ] } },
{ "type": "Feature", "properties": { "objectid": "69933", "id": "201692", "type": "AC; OVERHEAD", "status": "NOT AVAILABLE", "naics_code": "221121", "naics_desc": "ELECTRIC BULK POWER TRANSMISSION AND CONTROL", "source": "Regional Map", "sourcedate": "2014-06-23T20:00:00-06:00", "val_method": "IMAGERY/OTHER", "val_date": "2014-06-23T20:00:00-06:00", "owner": "WAPA-- WESTERN AREA POWER ADMINISTRATION", "voltage": 230.0, "volt_class": "220-287", "inferred": "N", "sub_1": "RIFLE PSCO", "sub_2": "CURECANTI", "shape_lengt": 168039.63280218601, "globalid": "0d4634db-03e6-417c-9390-704ef79f44ef", "STATEFP": "08", "STATENS": "01779779", "AFFGEOID": "0400000US08", "GEOID": "08", "STUSPS": "CO", "NAME": "Colorado", "LSAD": "00", "ALAND": 268422891711, "AWATER": 1181621593 }, "geometry": { "type": "MultiLineString", "coordinates": [ [ [ -107.679823145, 39.520640728 ], [ -107.679309263, 39.520469787 ], [ -107.677551622, 39.520676050000098 ], [ -107.67652128, 39.520783307 ], [ -107.676417889, 39.519925249 ], [ -107.664668191, 39.470443385000102 ], [ -107.664625409, 39.467093005 ], [ -107.664382976, 39.438421033000097 ], [ -107.663346692, 39.436921316 ], [ -107.651985602, 39.420075277000102 ], [ -107.646135709, 39.37533669 ], [ -107.6640835, 39.324230126 ], [ -107.664218977, 39.32310212 ], [ -107.668054336, 39.302634906 ], [ -107.664653535, 39.292288839 ], [ -107.664255422, 39.287634841000099 ], [ -107.66178276, 39.258285302 ], [ -107.660052452, 39.255289137 ], [ -107.657029165, 39.253271991000098 ], [ -107.653939329, 39.252454809 ], [ -107.633711199, 39.246977238 ], [ -107.631163273, 39.24579921 ], [ -107.627816743, 39.244208840000098 ], [ -107.624736413, 39.242736244000099 ], [ -107.622549759, 39.240365298 ], [ -107.620325077, 39.237979546000098 ], [ -107.619241258, 39.234194574000099 ], [ -107.599040065, 39.164482228000097 ], [ -107.594286471, 39.119410928 ], [ -107.578243089, 39.077170742000099 ], [ -107.584066243, 39.04671999 ], [ -107.578837289, 38.993999942000102 ], [ -107.57729237, 38.931811842000101 ], [ -107.571350377, 38.906569905 ], [ -107.571944577, 38.88612938 ], [ -107.565051864, 38.865590442 ], [ -107.573132975, 38.834585762000103 ], [ -107.575272093, 38.831808564 ], [ -107.607953055, 38.814217129 ], [ -107.625541355, 38.7882849880001 ], [ -107.630532629, 38.783097427 ], [ -107.631602189, 38.779669725000097 ], [ -107.631839868, 38.765864607 ], [ -107.601060343, 38.716459327 ], [ -107.597376307, 38.711915663000099 ], [ -107.592028513, 38.701807292000098 ], [ -107.573608335, 38.6181033760001 ], [ -107.564814185, 38.601666626000103 ], [ -107.530112944, 38.556329986 ], [ -107.529399906, 38.540064999 ], [ -107.52512167, 38.492364155000097 ], [ -107.529399906, 38.483527198 ], [ -107.546394006, 38.468827542 ], [ -107.553536282, 38.454199340000102 ], [ -107.554487, 38.4523752590001 ], [ -107.555033664, 38.449806578 ], [ -107.553512514, 38.446176763 ], [ -107.552181507, 38.444585172000103 ], [ -107.550446445, 38.442407148 ], [ -107.548699499, 38.440256983 ], [ -107.544421264, 38.436328810000099 ], [ -107.539786509, 38.432093218 ], [ -107.538158403, 38.430631648 ], [ -107.536898701, 38.429793793 ], [ -107.535595, 38.429384 ] ] ] } },
{ "type": "Feature", "properties": { "objectid": "73066", "id": "205101", "type": "AC; OVERHEAD", "status": "NOT AVAILABLE", "naics_code": "221121", "naics_desc": "ELECTRIC BULK POWER TRANSMISSION AND CONTROL", "source": "IMAGERY", "sourcedate": "2015-08-12T20:00:00-06:00", "val_method": "IMAGERY", "val_date": "2015-08-12T20:00:00-06:00", "owner": "MORGAN COUNTY RURAL ELEC ASSN", "voltage": 230.0, "volt_class": "220-287", "inferred": "Y", "sub_1": "STORY", "sub_2": "STORY 345KV", "shape_lengt": 265.77521423029998, "globalid": "2fa43f90-994f-4d04-b468-716b93b5a02e", "STATEFP": "08", "STATENS": "01779779", "AFFGEOID": "0400000US08", "GEOID": "08", "STUSPS": "CO", "NAME": "Colorado", "LSAD": "00", "ALAND": 268422891711, "AWATER": 1181621593 }, "geometry": { "type": "MultiLineString", "coordinates": [ [ [ -103.589002921, 40.254822693000101 ], [ -103.588658204, 40.2546943460001 ], [ -103.588625367, 40.2542075960001 ], [ -103.587324221, 40.2545232780001 ] ] ] } },
{ "type": "Feature", "properties": { "objectid": "70166", "id": "201925", "type": "AC; OVERHEAD", "status": "NOT AVAILABLE", "naics_code": "221121", "naics_desc": "ELECTRIC BULK POWER TRANSMISSION AND CONTROL", "source": "Regional Map", "sourcedate": "2014-07-08T20:00:00-06:00", "val_method": "IMAGERY/OTHER", "val_date": "2014-07-08T20:00:00-06:00", "owner": "PUBLIC SERVICE CO OF COLORADO", "voltage": 230.0, "volt_class": "220-287", "inferred": "N", "sub_1": "FORT ST VRAIN", "sub_2": "SPINDLE", "shape_lengt": 29098.4037180415, "globalid": "0f7e254b-a060-4e31-9253-73c11c7d7e89", "STATEFP": "08", "STATENS": "01779779", "AFFGEOID": "0400000US08", "GEOID": "08", "STUSPS": "CO", "NAME": "Colorado", "LSAD": "00", "ALAND": 268422891711, "AWATER": 1181621593 }, "geometry": { "type": "MultiLineString", "coordinates": [ [ [ -104.873888203, 40.243314544 ], [ -104.874582242, 40.243020896000097 ], [ -104.874756238, 40.241384729000103 ], [ -104.875278227, 40.238855517 ], [ -104.876621875, 40.233001261 ], [ -104.876579, 40.2303937 ], [ -104.876611, 40.2275759 ], [ -104.876568, 40.2246557 ], [ -104.876514, 40.221628800000097 ], [ -104.876552, 40.2186591 ], [ -104.876536, 40.2159556 ], [ -104.876509, 40.2133338 ], [ -104.876439, 40.210339200000099 ], [ -104.876375, 40.204574900000097 ], [ -104.876348, 40.2025182 ], [ -104.876337, 40.199637800000097 ], [ -104.87631, 40.1970564000001 ], [ -104.8763, 40.1944832 ], [ -104.876273, 40.1917459000001 ], [ -104.876251, 40.189057600000098 ], [ -104.876257, 40.1872504 ], [ -104.876262, 40.184578400000099 ], [ -104.876225, 40.1815579 ], [ -104.876219, 40.1792341 ], [ -104.876192, 40.1769593000001 ], [ -104.876165, 40.1742172 ], [ -104.876171, 40.1719095 ], [ -104.876171, 40.1699256 ], [ -104.876203, 40.167330800000101 ], [ -104.866686862, 40.16727981 ], [ -104.866805702, 40.160186928 ], [ -104.861462, 40.160127900000099 ], [ -104.857880828, 40.160105188 ], [ -104.858061, 40.1520018 ], [ -104.858141, 40.1460562 ], [ -104.858109, 40.143353900000101 ], [ -104.858254, 40.1376003 ], [ -104.858259, 40.1344465 ], [ -104.858261116, 40.123039373 ], [ -104.858377, 40.1170261 ], [ -104.858383, 40.1141954 ], [ -104.858436, 40.1111554 ], [ -104.858458, 40.108825 ], [ -104.858433434, 40.101694648 ], [ -104.861472, 40.101694000000101 ], [ -104.864171, 40.101710400000101 ], [ -104.867894, 40.1017227 ], [ -104.871523645, 40.101694648 ], [ -104.88104866, 40.101667378000101 ], [ -104.884738, 40.101681600000099 ], [ -104.886948, 40.101685700000097 ], [ -104.901019, 40.101788300000102 ], [ -104.904739387, 40.101776459 ], [ -104.904826345, 40.094650696 ], [ -104.904734747, 40.0945963120001 ], [ -104.904030674, 40.0945523870001 ], [ -104.903282395, 40.094456569 ] ] ] } },
{ "type": "Feature", "properties": { "objectid": "69904", "id": "201661", "type": "AC; OVERHEAD", "status": "NOT AVAILABLE", "naics_code": "221121", "naics_desc": "ELECTRIC BULK POWER TRANSMISSION AND CONTROL", "source": "Regional Map", "sourcedate": "2014-06-25T20:00:00-06:00", "val_method": "IMAGERY/OTHER", "val_date": "2014-06-25T20:00:00-06:00", "owner": "WAPA-- WESTERN AREA POWER ADMINISTRATION", "voltage": 230.0, "volt_class": "220-287", "inferred": "N", "sub_1": "BLUE RIVER", "sub_2": "GORE PASS", "shape_lengt": 64253.871966259998, "globalid": "d7070dcd-efd0-4e1c-b25f-74e0d61ae0ba", "STATEFP": "08", "STATENS": "01779779", "AFFGEOID": "0400000US08", "GEOID": "08", "STUSPS": "CO", "NAME": "Colorado", "LSAD": "00", "ALAND": 268422891711, "AWATER": 1181621593 }, "geometry": { "type": "MultiLineString", "coordinates": [ [ [ -106.137320447, 39.792071066000098 ], [ -106.138440718, 39.792743386 ], [ -106.136365774, 39.796057944 ], [ -106.140557807, 39.8060740230001 ], [ -106.149628303, 39.8087011060001 ], [ -106.149628303, 39.810709482 ], [ -106.145112389, 39.816186573 ], [ -106.146538467, 39.820750482000101 ], [ -106.152836979, 39.823762496 ], [ -106.155213777, 39.827687044000101 ], [ -106.166860083, 39.837816816 ], [ -106.175654233, 39.839641841000102 ], [ -106.180051308, 39.841193075 ], [ -106.182665785, 39.841193075 ], [ -106.188964298, 39.842561781 ], [ -106.212019232, 39.867376255000103 ], [ -106.214752548, 39.893640625 ], [ -106.255395782, 39.925181042000098 ], [ -106.258247939, 39.9239051220001 ], [ -106.262288494, 39.920350649 ], [ -106.267279768, 39.917980897000099 ], [ -106.278807235, 39.925089906 ], [ -106.282134751, 39.929737706 ], [ -106.285343427, 39.932107050000099 ], [ -106.289978182, 39.932380431000098 ], [ -106.294375257, 39.935205301 ], [ -106.311607037, 39.955613796000101 ], [ -106.306378083, 39.987489882 ], [ -106.348126798, 40.007341271 ], [ -106.356008258, 40.010341449000101 ], [ -106.367552758, 40.010359351 ], [ -106.37863272, 40.028906568 ], [ -106.391586266, 40.0416451070001 ], [ -106.412502082, 40.066296519 ], [ -106.429258502, 40.093120944000098 ], [ -106.433275191, 40.100566683000103 ], [ -106.436213605, 40.110153513 ], [ -106.436818, 40.1111730000001 ] ] ] } },
{ "type": "Feature", "properties": { "objectid": "69914", "id": "201673", "type": "AC; OVERHEAD", "status": "NOT AVAILABLE", "naics_code": "221121", "naics_desc": "ELECTRIC BULK POWER TRANSMISSION AND CONTROL", "source": "Regional Map", "sourcedate": "2014-07-09T20:00:00-06:00", "val_method": "IMAGERY/OTHER", "val_date": "2014-07-09T20:00:00-06:00", "owner": "PUBLIC SERVICE CO OF COLORADO", "voltage": 230.0, "volt_class": "220-287", "inferred": "N", "sub_1": "DILLION", "sub_2": "UNKNOWN201402", "shape_lengt": 45600.367102110897, "globalid": "7e33a3e8-d71a-4f76-854a-75bcbfb27e2a", "STATEFP": "08", "STATENS": "01779779", "AFFGEOID": "0400000US08", "GEOID": "08", "STUSPS": "CO", "NAME": "Colorado", "LSAD": "00", "ALAND": 268422891711, "AWATER": 1181621593 }, "geometry": { "type": "MultiLineString", "coordinates": [ [ [ -105.991164332, 39.608876482 ], [ -105.9901448, 39.6088208 ], [ -105.9872748, 39.6088663 ], [ -105.9848826, 39.609657700000099 ], [ -105.9798025, 39.611360400000102 ], [ -105.977241, 39.61222 ], [ -105.975819, 39.6132615000001 ], [ -105.9746656, 39.614139700000102 ], [ -105.9716079, 39.616362900000098 ], [ -105.9685878, 39.6185386000001 ], [ -105.9661362, 39.6184249 ], [ -105.9639127, 39.618323700000097 ], [ -105.9615849, 39.6181976 ], [ -105.9593288, 39.6180799 ], [ -105.9554986, 39.617894 ], [ -105.9534252, 39.6177968000001 ], [ -105.9466392, 39.6174456 ], [ -105.9451023, 39.616513800000099 ], [ -105.942978, 39.615238900000101 ], [ -105.9435815, 39.613259400000103 ], [ -105.9420071, 39.6121829000001 ], [ -105.9382252, 39.6096681000001 ], [ -105.9363771, 39.608155500000102 ], [ -105.9342823, 39.608294 ], [ -105.9320212, 39.6084572 ], [ -105.9299532, 39.608610100000099 ], [ -105.9278374, 39.608765 ], [ -105.9258364, 39.60892 ], [ -105.9244922, 39.6090172 ], [ -105.9216173, 39.6092155 ], [ -105.9216679, 39.605806 ], [ -105.919603, 39.6055289 ], [ -105.9132431, 39.6046156 ], [ -105.9101321, 39.604196000000101 ], [ -105.9060601, 39.6036733 ], [ -105.9023242, 39.6031834 ], [ -105.8982173, 39.602625500000102 ], [ -105.8958114, 39.6022928 ], [ -105.892177, 39.601803000000103 ], [ -105.8891273, 39.601387600000102 ], [ -105.8857616, 39.600939100000097 ], [ -105.8835135, 39.6006457 ], [ -105.8805017, 39.600234300000103 ], [ -105.8737238, 39.5992816 ], [ -105.8719585, 39.5992052 ], [ -105.8698641, 39.599240300000098 ], [ -105.8675275, 39.5992528 ], [ -105.8647143, 39.599271300000098 ], [ -105.8623378, 39.599279500000101 ], [ -105.8602216, 39.599300200000101 ], [ -105.8586869, 39.599310600000102 ], [ -105.8563615, 39.5993189000001 ], [ -105.8550767, 39.599329200000099 ], [ -105.84449, 39.599387100000101 ], [ -105.8412125, 39.599418 ], [ -105.8346359, 39.5994497 ], [ -105.833151, 39.599436 ], [ -105.832318, 39.599428000000103 ], [ -105.830989, 39.599416 ], [ -105.8295768, 39.599447100000098 ], [ -105.8264386, 39.5999803 ], [ -105.8244524, 39.6004265 ], [ -105.8206164, 39.601288200000099 ], [ -105.8189715, 39.6016577 ], [ -105.81667, 39.6021255 ], [ -105.8144223, 39.6024685 ], [ -105.8118957, 39.602836400000101 ], [ -105.8087146, 39.602650400000101 ], [ -105.8057588, 39.603749800000102 ], [ -105.7970255, 39.604944300000099 ], [ -105.7946437, 39.6052501 ], [ -105.7916555, 39.6056409 ], [ -105.7885927, 39.6060106 ], [ -105.7846927, 39.6065561 ], [ -105.7805243, 39.6071412000001 ], [ -105.775949, 39.6078126 ], [ -105.769456, 39.610549 ], [ -105.7679291, 39.6140248 ], [ -105.7668187, 39.6166026000001 ], [ -105.7660676, 39.618198500000098 ], [ -105.7649518, 39.6204588 ], [ -105.7638951, 39.622999 ], [ -105.7617815, 39.6278415 ], [ -105.7606174, 39.6305312000001 ], [ -105.7575382, 39.637542100000097 ], [ -105.7561059, 39.6407395 ], [ -105.7509346, 39.646064000000102 ], [ -105.746477, 39.650648 ], [ -105.745936, 39.651266 ], [ -105.74561, 39.651638 ], [ -105.743279, 39.654901000000102 ], [ -105.7425301, 39.656508400000099 ], [ -105.7405384, 39.660032300000097 ], [ -105.7386769, 39.663271000000101 ], [ -105.7380332, 39.664405600000102 ], [ -105.7371266, 39.6659635 ], [ -105.7357694, 39.6683285 ], [ -105.734276, 39.6700696 ], [ -105.733067, 39.671497000000102 ], [ -105.7275373, 39.6773166 ], [ -105.725364, 39.679921 ], [ -105.72517, 39.680047000000101 ], [ -105.724915, 39.68014 ], [ -105.724666, 39.680194 ], [ -105.721957, 39.681216 ], [ -105.7195192, 39.6814866 ], [ -105.7156362, 39.6816368 ], [ -105.7125844, 39.6817144 ], [ -105.703559549, 39.681841591000101 ], [ -105.700750175, 39.682796421 ], [ -105.700828609, 39.682335470000098 ], [ -105.702570326, 39.6754867000001 ], [ -105.702808006, 39.674711049 ], [ -105.70386711, 39.669182602 ], [ -105.7044844, 39.6657684 ], [ -105.706614, 39.662633900000102 ], [ -105.7075898, 39.660416500000103 ], [ -105.7080031, 39.6582524 ], [ -105.707988895, 39.6561493560001 ], [ -105.709864189, 39.654727534000102 ], [ -105.708459501, 39.653044915000102 ], [ -105.707953243, 39.653000996000102 ], [ -105.707550376, 39.653588408000097 ], [ -105.708131675, 39.653595221 ] ] ] } },
{ "type": "Feature", "properties": { "objectid": "74519", "id": "206798", "type": "AC; OVERHEAD", "status": "NOT AVAILABLE", "naics_code": "221121", "naics_desc": "ELECTRIC BULK POWER TRANSMISSION AND CONTROL", "source": "IMAGERY", "sourcedate": "2016-01-17T18:00:00-07:00", "val_method": "IMAGERY", "val_date": "2016-01-17T18:00:00-07:00", "owner": "TRI-STATE G & T ASSN, INC", "voltage": 230.0, "volt_class": "220-287", "inferred": "Y", "sub_1": "NOT AVAILABLE", "sub_2": "LINCOLN", "shape_lengt": 260.71469701220002, "globalid": "b82e531a-4744-4664-a6e0-76be49a763e8", "STATEFP": "08", "STATENS": "01779779", "AFFGEOID": "0400000US08", "GEOID": "08", "STUSPS": "CO", "NAME": "Colorado", "LSAD": "00", "ALAND": 268422891711, "AWATER": 1181621593 }, "geometry": { "type": "MultiLineString", "coordinates": [ [ [ -103.700249515, 39.203835188 ], [ -103.700876221, 39.2035236460001 ], [ -103.701132216, 39.2035236460001 ], [ -103.701371306, 39.203535722 ], [ -103.701371306, 39.203777227 ], [ -103.701791525, 39.203784472 ], [ -103.70199922, 39.203777227 ], [ -103.702134247, 39.203846564000102 ] ] ] } },
{ "type": "Feature", "properties": { "objectid": "74516", "id": "206795", "type": "AC; OVERHEAD", "status": "NOT AVAILABLE", "naics_code": "221121", "naics_desc": "ELECTRIC BULK POWER TRANSMISSION AND CONTROL", "source": "IMAGERY", "sourcedate": "2016-01-17T18:00:00-07:00", "val_method": "IMAGERY", "val_date": "2016-01-17T18:00:00-07:00", "owner": "PUBLIC SERVICE CO OF COLORADO", "voltage": 230.0, "volt_class": "220-287", "inferred": "Y", "sub_1": "NOT AVAILABLE", "sub_2": "UNKNOWN201396", "shape_lengt": 181.78852308879999, "globalid": "3f01fd76-f53e-4bfd-a341-781b070fcdd9", "STATEFP": "08", "STATENS": "01779779", "AFFGEOID": "0400000US08", "GEOID": "08", "STUSPS": "CO", "NAME": "Colorado", "LSAD": "00", "ALAND": 268422891711, "AWATER": 1181621593 }, "geometry": { "type": "MultiLineString", "coordinates": [ [ [ -102.823826412, 37.674354646 ], [ -102.822698746, 37.673419745 ] ] ] } },
{ "type": "Feature", "properties": { "objectid": "73126", "id": "205225", "type": "AC; OVERHEAD", "status": "NOT AVAILABLE", "naics_code": "221121", "naics_desc": "ELECTRIC BULK POWER TRANSMISSION AND CONTROL", "source": "IMAGERY", "sourcedate": "2015-08-12T20:00:00-06:00", "val_method": "IMAGERY", "val_date": "2015-08-12T20:00:00-06:00", "owner": "PUBLIC SERVICE CO OF COLORADO", "voltage": 230.0, "volt_class": "220-287", "inferred": "Y", "sub_1": "MONACO", "sub_2": "TECH CENTER", "shape_lengt": 1035.4230277859999, "globalid": "3f7205a4-9fd5-48e9-95f7-7990016563c7", "STATEFP": "08", "STATENS": "01779779", "AFFGEOID": "0400000US08", "GEOID": "08", "STUSPS": "CO", "NAME": "Colorado", "LSAD": "00", "ALAND": 268422891711, "AWATER": 1181621593 }, "geometry": { "type": "MultiLineString", "coordinates": [ [ [ -104.90914579, 39.628801725000102 ], [ -104.909135654, 39.628950735 ], [ -104.902382744, 39.633362256000098 ], [ -104.902134822, 39.633399434000097 ] ] ] } },
{ "type": "Feature", "properties": { "objectid": "68492", "id": "200193", "type": "AC; OVERHEAD", "status": "NOT AVAILABLE", "naics_code": "221121", "naics_desc": "ELECTRIC BULK POWER TRANSMISSION AND CONTROL", "source": "IMAGERY", "sourcedate": "2014-06-29T20:00:00-06:00", "val_method": "IMAGERY", "val_date": "2014-06-29T20:00:00-06:00", "owner": "TRI-STATE G & T ASSN, INC", "voltage": 230.0, "volt_class": "220-287", "inferred": "Y", "sub_1": "BEARS EARS", "sub_2": "CRAIG", "shape_lengt": 1422.7414771126, "globalid": "9238f8ca-f739-4d9c-bd34-79dc839daba4", "STATEFP": "08", "STATENS": "01779779", "AFFGEOID": "0400000US08", "GEOID": "08", "STUSPS": "CO", "NAME": "Colorado", "LSAD": "00", "ALAND": 268422891711, "AWATER": 1181621593 }, "geometry": { "type": "MultiLineString", "coordinates": [ [ [ -107.593586486, 40.4802842510001 ], [ -107.592699975, 40.479304899000098 ], [ -107.592569251, 40.478861964 ], [ -107.592058239, 40.473537488 ], [ -107.59041825, 40.473257240000102 ], [ -107.590430134, 40.472949871 ], [ -107.591734929, 40.472360787000099 ] ] ] } },
{ "type": "Feature", "properties": { "objectid": "73514", "id": "205177", "type": "AC; OVERHEAD", "status": "NOT AVAILABLE", "naics_code": "221121", "naics_desc": "ELECTRIC BULK POWER TRANSMISSION AND CONTROL", "source": "Regional Map", "sourcedate": "2015-08-12T20:00:00-06:00", "val_method": "IMAGERY/OTHER", "val_date": "2015-08-12T20:00:00-06:00", "owner": "WAPA-- WESTERN AREA POWER ADMINISTRATION", "voltage": 230.0, "volt_class": "220-287", "inferred": "N", "sub_1": "UNKNOWN205186", "sub_2": "UNKNOWN203998", "shape_lengt": 15938.7616214103, "globalid": "ac7c9f8c-6f57-4791-bd68-8021ed6d298b", "STATEFP": "08", "STATENS": "01779779", "AFFGEOID": "0400000US08", "GEOID": "08", "STUSPS": "CO", "NAME": "Colorado", "LSAD": "00", "ALAND": 268422891711, "AWATER": 1181621593 }, "geometry": { "type": "MultiLineString", "coordinates": [ [ [ -104.809914169269476, 40.998523728618437 ], [ -104.809931145, 40.997668935 ], [ -104.809977, 40.995810989000098 ], [ -104.810000769, 40.992998868 ], [ -104.810066134, 40.990204544 ], [ -104.810107726, 40.988625850000098 ], [ -104.810143376, 40.985369591000101 ], [ -104.810173087, 40.982736476000099 ], [ -104.81023251, 40.980098728 ], [ -104.810303813, 40.977591123 ], [ -104.810357289, 40.974836757 ], [ -104.810398884, 40.972189757000102 ], [ -104.810482068, 40.969565315000096 ], [ -104.810476127, 40.966716538000099 ], [ -104.810476127, 40.964325028000097 ], [ -104.810482069, 40.961489195000098 ], [ -104.810499895, 40.958657714 ], [ -104.810523663, 40.956270434 ], [ -104.810541488, 40.953335697 ], [ -104.810523662, 40.950315441 ], [ -104.810535547, 40.948170001000101 ], [ -104.810593826, 40.945427614 ], [ -104.810495824, 40.945398856 ], [ -104.80139882, 40.944941032 ], [ -104.799742979, 40.944954811000102 ], [ -104.799395541, 40.944864978000098 ] ] ] } },
{ "type": "Feature", "properties": { "objectid": "74521", "id": "206800", "type": "AC", "status": "NOT AVAILABLE", "naics_code": "221121", "naics_desc": "ELECTRIC BULK POWER TRANSMISSION AND CONTROL", "source": "IMAGERY", "sourcedate": "2016-01-17T18:00:00-07:00", "val_method": "IMAGERY", "val_date": "2016-01-17T18:00:00-07:00", "owner": "PUBLIC SERVICE CO OF COLORADO", "voltage": 230.0, "volt_class": "220-287", "inferred": "Y", "sub_1": "NOT AVAILABLE", "sub_2": "UNKNOWN202185", "shape_lengt": 186.6088215748, "globalid": "24cb108e-5034-4647-90d6-849cbcd6cc08", "STATEFP": "08", "STATENS": "01779779", "AFFGEOID": "0400000US08", "GEOID": "08", "STUSPS": "CO", "NAME": "Colorado", "LSAD": "00", "ALAND": 268422891711, "AWATER": 1181621593 }, "geometry": { "type": "MultiLineString", "coordinates": [ [ [ -104.682022462, 39.941471085 ], [ -104.682533245, 39.9418864740001 ], [ -104.68253566, 39.942205261 ], [ -104.682020074, 39.942219713 ] ] ] } },
{ "type": "Feature", "properties": { "objectid": "70431", "id": "202192", "type": "AC; OVERHEAD", "status": "NOT AVAILABLE", "naics_code": "221121", "naics_desc": "ELECTRIC BULK POWER TRANSMISSION AND CONTROL", "source": "IMAGERY", "sourcedate": "2014-07-08T20:00:00-06:00", "val_method": "IMAGERY", "val_date": "2014-07-08T20:00:00-06:00", "owner": "PUBLIC SERVICE CO OF COLORADO", "voltage": 230.0, "volt_class": "220-287", "inferred": "Y", "sub_1": "BUCKLEY", "sub_2": "JEWELL", "shape_lengt": 14017.164798440401, "globalid": "700f60c6-6e87-4321-8904-84fdf3f2836b", "STATEFP": "08", "STATENS": "01779779", "AFFGEOID": "0400000US08", "GEOID": "08", "STUSPS": "CO", "NAME": "Colorado", "LSAD": "00", "ALAND": 268422891711, "AWATER": 1181621593 }, "geometry": { "type": "MultiLineString", "coordinates": [ [ [ -104.771340681, 39.6683373830001 ], [ -104.771415143, 39.66767363 ], [ -104.772262533, 39.667650743 ], [ -104.772196909, 39.681780870000097 ], [ -104.772720451, 39.682165474 ], [ -104.812271974, 39.682203079 ], [ -104.812680604, 39.681678943000101 ], [ -104.827197637, 39.681742111000098 ], [ -104.82947791, 39.682196328 ], [ -104.84752456, 39.682144516 ], [ -104.876679583, 39.682135373 ], [ -104.877034751, 39.682601702 ] ] ] } },
{ "type": "Feature", "properties": { "objectid": "70154", "id": "201913", "type": "AC; OVERHEAD", "status": "NOT AVAILABLE", "naics_code": "221121", "naics_desc": "ELECTRIC BULK POWER TRANSMISSION AND CONTROL", "source": "Regional Map", "sourcedate": "2014-07-13T20:00:00-06:00", "val_method": "IMAGERY/OTHER", "val_date": "2014-07-13T20:00:00-06:00", "owner": "PUBLIC SERVICE CO OF COLORADO", "voltage": 230.0, "volt_class": "220-287", "inferred": "N", "sub_1": "CHEROKEE", "sub_2": "SILVER SADDLE", "shape_lengt": 21083.458303226598, "globalid": "db110952-eeec-4501-8f6b-86bb03261d88", "STATEFP": "08", "STATENS": "01779779", "AFFGEOID": "0400000US08", "GEOID": "08", "STUSPS": "CO", "NAME": "Colorado", "LSAD": "00", "ALAND": 268422891711, "AWATER": 1181621593 }, "geometry": { "type": "MultiLineString", "coordinates": [ [ [ -104.966865262, 39.808152214000103 ], [ -104.966489257, 39.809636872000098 ], [ -104.967438215, 39.809633401 ], [ -104.967454685, 39.810609137 ], [ -104.967485029, 39.811989038 ], [ -104.964517365, 39.811975053 ], [ -104.962244499, 39.811938967000103 ], [ -104.960056799, 39.812205968 ], [ -104.960099247, 39.813112518 ], [ -104.954916455, 39.813816431000099 ], [ -104.952701327, 39.8140914680001 ], [ -104.951584899, 39.816652473 ], [ -104.9510056, 39.819053676000102 ], [ -104.950300699, 39.822122480000097 ], [ -104.949930999, 39.823774881000098 ], [ -104.949910499, 39.826308485 ], [ -104.949892199, 39.828054486 ], [ -104.949889999, 39.830282589 ], [ -104.949889999, 39.832918592000098 ], [ -104.949921797, 39.835764661 ], [ -104.946717448, 39.838309064 ], [ -104.945728226, 39.841226158 ], [ -104.944509399, 39.844706606 ], [ -104.942050507, 39.852063988000097 ], [ -104.942050507, 39.854328254000102 ], [ -104.940715362, 39.85434689 ], [ -104.940733569, 39.855525583 ], [ -104.936650699, 39.855429919000102 ], [ -104.9354017, 39.85716352 ], [ -104.933717986, 39.859620568 ], [ -104.923121199, 39.868898134000098 ], [ -104.921295064, 39.870571939000101 ], [ -104.921337546, 39.873287385 ], [ -104.921366, 39.878351745 ], [ -104.921464991, 39.880836970000097 ], [ -104.919346965, 39.880850942000102 ], [ -104.916963411, 39.880864973 ], [ -104.912212952, 39.880870976 ], [ -104.910356074, 39.881151212000098 ], [ -104.901201142, 39.881180272000101 ], [ -104.900756789, 39.882968434000098 ], [ -104.857158932, 39.883079855 ], [ -104.857299972, 39.8823773330001 ] ] ] } },
{ "type": "Feature", "properties": { "objectid": "70207", "id": "201967", "type": "AC; OVERHEAD", "status": "NOT AVAILABLE", "naics_code": "221121", "naics_desc": "ELECTRIC BULK POWER TRANSMISSION AND CONTROL", "source": "IMAGERY", "sourcedate": "2014-07-09T20:00:00-06:00", "val_method": "IMAGERY", "val_date": "2014-07-09T20:00:00-06:00", "owner": "TRI-STATE G & T ASSN, INC", "voltage": 230.0, "volt_class": "220-287", "inferred": "N", "sub_1": "LAMAR", "sub_2": "LAMAR HVDC TIE", "shape_lengt": 930.70083568339999, "globalid": "7b66f5f0-3e2a-4844-a2b5-1c6067c52090", "STATEFP": "08", "STATENS": "01779779", "AFFGEOID": "0400000US08", "GEOID": "08", "STUSPS": "CO", "NAME": "Colorado", "LSAD": "00", "ALAND": 268422891711, "AWATER": 1181621593 }, "geometry": { "type": "MultiLineString", "coordinates": [ [ [ -102.525020463, 38.20685201 ], [ -102.524936116, 38.207290352 ], [ -102.52500231, 38.207906299000101 ], [ -102.528235349, 38.207722884000098 ], [ -102.529911095, 38.207613383000101 ], [ -102.52995987, 38.206890667 ], [ -102.528818714, 38.206703459 ] ] ] } },
{ "type": "Feature", "properties": { "objectid": "69941", "id": "201700", "type": "AC; OVERHEAD", "status": "NOT AVAILABLE", "naics_code": "221121", "naics_desc": "ELECTRIC BULK POWER TRANSMISSION AND CONTROL", "source": "Regional Map", "sourcedate": "2014-07-13T20:00:00-06:00", "val_method": "IMAGERY/OTHER", "val_date": "2014-07-13T20:00:00-06:00", "owner": "TRI-STATE G & T ASSN, INC", "voltage": 230.0, "volt_class": "220-287", "inferred": "N", "sub_1": "NORTH YUMA", "sub_2": "WRAY", "shape_lengt": 64665.588914385698, "globalid": "6e4ec2ad-b6c1-4c8b-a3d9-1d3c16521e01", "STATEFP": "08", "STATENS": "01779779", "AFFGEOID": "0400000US08", "GEOID": "08", "STUSPS": "CO", "NAME": "Colorado", "LSAD": "00", "ALAND": 268422891711, "AWATER": 1181621593 }, "geometry": { "type": "MultiLineString", "coordinates": [ [ [ -102.738062026, 40.262853273000097 ], [ -102.7375007, 40.2629935000001 ], [ -102.7349816, 40.262991800000101 ], [ -102.7326537, 40.2629984000001 ], [ -102.7303733, 40.262988500000098 ], [ -102.7280213, 40.2629455000001 ], [ -102.7248304, 40.263507800000099 ], [ -102.7216207, 40.263534 ], [ -102.7187233, 40.2635626000001 ], [ -102.7153732, 40.263593500000098 ], [ -102.7120074, 40.263622100000099 ], [ -102.7090027, 40.2636319000001 ], [ -102.7060214, 40.263595300000098 ], [ -102.7027962, 40.2635524 ], [ -102.7005701, 40.2635167 ], [ -102.6983283, 40.2634928 ], [ -102.6958711, 40.2630354 ], [ -102.6932204, 40.2630402 ], [ -102.6902886, 40.263037800000099 ], [ -102.6875098, 40.2630354 ], [ -102.6848123, 40.263044900000097 ], [ -102.6821084, 40.263044900000097 ], [ -102.6799291, 40.2630354 ], [ -102.6772815, 40.2630306 ], [ -102.6743747, 40.263025900000102 ], [ -102.6716958, 40.2630306 ], [ -102.668992, 40.2630329 ], [ -102.666792, 40.263018300000098 ], [ -102.6644508, 40.2630324 ], [ -102.6617524, 40.263004200000097 ], [ -102.6587828, 40.2630794 ], [ -102.6555668, 40.2631358 ], [ -102.6529172, 40.2631651 ], [ -102.6502468, 40.263215000000102 ], [ -102.6475371, 40.263261500000098 ], [ -102.6447468, 40.2633047 ], [ -102.6418759, 40.263357900000102 ], [ -102.6393449, 40.2633995 ], [ -102.6362496, 40.263439300000101 ], [ -102.6335901, 40.263487500000103 ], [ -102.6309697, 40.263535800000099 ], [ -102.6283515, 40.263577300000101 ], [ -102.6258596, 40.2636155000001 ], [ -102.6231085, 40.263670400000102 ], [ -102.6202704, 40.2637119 ], [ -102.6169029, 40.2637635 ], [ -102.6137118, 40.2638183 ], [ -102.612113, 40.2638283000001 ], [ -102.6104968, 40.2638715 ], [ -102.6072861, 40.2639131 ], [ -102.6047093, 40.2639629 ], [ -102.6022958, 40.264011100000097 ], [ -102.599719, 40.264011100000097 ], [ -102.5971749, 40.2640277 ], [ -102.5943389, 40.264051000000102 ], [ -102.5916357, 40.264069300000102 ], [ -102.5889217, 40.2640926 ], [ -102.5863035, 40.264107500000101 ], [ -102.5839924, 40.264115800000098 ], [ -102.5812, 40.264145800000101 ], [ -102.5784121, 40.2641523 ], [ -102.5756648, 40.264175700000102 ], [ -102.5731127, 40.264193200000101 ], [ -102.5703464, 40.264222400000101 ], [ -102.5676565, 40.264234100000103 ], [ -102.5656516, 40.264257400000098 ], [ -102.563, 40.2642749 ], [ -102.5602757, 40.264283700000099 ], [ -102.5577044, 40.264292500000103 ], [ -102.5548539, 40.264315800000098 ], [ -102.5522559, 40.264324600000101 ], [ -102.549501, 40.2643421000001 ], [ -102.5467766, 40.264359 ], [ -102.5441184, 40.2643864 ], [ -102.5414049, 40.264407500000097 ], [ -102.5386775, 40.2644244 ], [ -102.5358644, 40.264437100000102 ], [ -102.5333058, 40.2644497000001 ], [ -102.5308052, 40.264468700000101 ], [ -102.5283462, 40.264487700000103 ], [ -102.525226, 40.2645025 ], [ -102.5218044, 40.264523600000103 ], [ -102.5190576, 40.2645384 ], [ -102.5176939, 40.2645384 ], [ -102.5163358, 40.264551 ], [ -102.5133816, 40.2645806 ], [ -102.5110774, 40.264591100000104 ], [ -102.5090582, 40.264618600000098 ], [ -102.5074096, 40.263844 ], [ -102.5056172, 40.263039800000101 ], [ -102.50297, 40.2618282 ], [ -102.5010918, 40.260983800000098 ], [ -102.4983617, 40.2597342 ], [ -102.4959469, 40.258640800000101 ], [ -102.4935501, 40.257545 ], [ -102.4911796, 40.256467300000097 ], [ -102.4887933, 40.255374700000097 ], [ -102.4867865, 40.2544582 ], [ -102.4845059, 40.2534282 ], [ -102.4818068, 40.2522011 ], [ -102.4801168, 40.2514308 ], [ -102.4776113, 40.2502978 ], [ -102.4752646, 40.2492201 ], [ -102.4723409, 40.247909 ], [ -102.4700838, 40.246870300000097 ], [ -102.4670272, 40.2454747 ], [ -102.4645875, 40.2443684 ], [ -102.4620897, 40.2432219 ], [ -102.459816, 40.2421789 ], [ -102.4577414, 40.2412351 ], [ -102.4554871, 40.240215200000101 ], [ -102.453194, 40.239174300000101 ], [ -102.4510558, 40.2382072 ], [ -102.4486299, 40.2370965 ], [ -102.4463036, 40.2360344 ], [ -102.444265, 40.2351116 ], [ -102.4416566, 40.233916400000098 ], [ -102.4393082, 40.232845800000099 ], [ -102.437004, 40.2318279 ], [ -102.4356044, 40.2307446 ], [ -102.4338756, 40.2294437 ], [ -102.4320942, 40.2281069000001 ], [ -102.4306061, 40.226979200000102 ], [ -102.4289353, 40.2257247000001 ], [ -102.4265786, 40.223957 ], [ -102.4243409, 40.2222716 ], [ -102.4224798, 40.2208819 ], [ -102.4207193, 40.219545 ], [ -102.4186874, 40.2180269 ], [ -102.4166156, 40.216451200000101 ], [ -102.4140791, 40.2145565000001 ], [ -102.4121041, 40.213069400000101 ], [ -102.4102895, 40.211702700000103 ], [ -102.4078747, 40.209892400000101 ], [ -102.4056646, 40.2082215 ], [ -102.4033936, 40.2065209 ], [ -102.4014297, 40.2050147 ], [ -102.3989877, 40.2031982 ], [ -102.3971964, 40.2018685 ], [ -102.3956405, 40.200689800000099 ], [ -102.3936802, 40.199204700000102 ], [ -102.3920415, 40.1979882 ], [ -102.3904531, 40.1967973000001 ], [ -102.3887643, 40.1955169 ], [ -102.3871549, 40.194329100000097 ], [ -102.3847011, 40.192451500000097 ], [ -102.3829371, 40.1911391 ], [ -102.3806422, 40.189402 ], [ -102.3782846, 40.187652 ], [ -102.3762196, 40.186033000000101 ], [ -102.3746144, 40.184809900000097 ], [ -102.3727709, 40.183407900000098 ], [ -102.370848, 40.1819101 ], [ -102.3697654, 40.181098900000102 ], [ -102.3687245, 40.1802877000001 ], [ -102.3666093, 40.1786685000001 ], [ -102.3641639, 40.1768224 ], [ -102.3627719, 40.175755600000102 ], [ -102.3606192, 40.174088400000102 ], [ -102.3581194, 40.172168800000101 ], [ -102.3566605, 40.1710604 ], [ -102.3551682, 40.169920100000098 ], [ -102.353446, 40.1686072 ], [ -102.3514646, 40.1670835 ], [ -102.3497298, 40.1657355 ], [ -102.3483462, 40.1646813 ], [ -102.3466072, 40.1632342 ], [ -102.3449059, 40.161937200000096 ], [ -102.3431544, 40.1606754 ], [ -102.3413611, 40.159285700000098 ], [ -102.3396765, 40.1579854 ], [ -102.3375571, 40.1563657 ], [ -102.3357346, 40.1549535 ], [ -102.334305, 40.1538800000001 ], [ -102.3320811, 40.152167500000097 ], [ -102.3297444, 40.1503942000001 ], [ -102.3284067, 40.149368600000102 ], [ -102.3261202, 40.1476176 ], [ -102.3242684, 40.1461829 ], [ -102.3220069, 40.1444734 ], [ -102.3204519, 40.143271900000101 ], [ -102.3185624, 40.141859500000102 ], [ -102.3166688, 40.140363900000096 ], [ -102.3149716, 40.1390697000001 ], [ -102.3137928, 40.1381749 ], [ -102.3126349, 40.137270500000099 ], [ -102.3108166, 40.1358772 ], [ -102.3087892, 40.134320800000097 ], [ -102.3075351, 40.133349200000097 ], [ -102.3052945, 40.131649 ], [ -102.3035054, 40.130258700000098 ], [ -102.3019838, 40.129108100000103 ], [ -102.3001822, 40.1277209 ], [ -102.2984934, 40.1264424 ], [ -102.2961859, 40.1246589 ], [ -102.2945181, 40.1233804 ], [ -102.2928961, 40.1221018 ], [ -102.2913704, 40.1209542 ], [ -102.2893096, 40.119368700000102 ], [ -102.2872028, 40.1177608 ], [ -102.2853969, 40.1163671 ], [ -102.2830393, 40.114570500000099 ], [ -102.2816013, 40.113458 ], [ -102.2800045, 40.1122304 ], [ -102.2783784, 40.1109676 ], [ -102.2762925, 40.109356300000101 ], [ -102.2743111, 40.1078249 ], [ -102.2724509, 40.106376500000103 ], [ -102.2708792, 40.105193600000099 ], [ -102.2689939, 40.1037548 ], [ -102.2672884, 40.1024055 ], [ -102.265725, 40.1011681 ], [ -102.2639066, 40.099812400000097 ], [ -102.2619754, 40.0983319 ], [ -102.2600776, 40.096893000000101 ], [ -102.258023, 40.095259 ], [ -102.2563734, 40.0939114 ], [ -102.2563261, 40.092582100000101 ], [ -102.2570618, 40.090455500000097 ], [ -102.2576846, 40.0881753 ], [ -102.2580107, 40.0869216 ], [ -102.2583075, 40.085911000000102 ], [ -102.2589638, 40.085997400000103 ], [ -102.258901417, 40.085596442 ], [ -102.259372281, 40.085347055 ] ] ] } },
{ "type": "Feature", "properties": { "objectid": "70160", "id": "201919", "type": "AC; OVERHEAD", "status": "NOT AVAILABLE", "naics_code": "221121", "naics_desc": "ELECTRIC BULK POWER TRANSMISSION AND CONTROL", "source": "Regional Map", "sourcedate": "2014-07-13T20:00:00-06:00", "val_method": "IMAGERY/OTHER", "val_date": "2014-07-13T20:00:00-06:00", "owner": "PUBLIC SERVICE CO OF COLORADO", "voltage": 230.0, "volt_class": "220-287", "inferred": "N", "sub_1": "POWHATON", "sub_2": "SMOKY HILL", "shape_lengt": 13038.824801210199, "globalid": "eb4078d0-f9b3-4a13-9876-1fbfa8b07f99", "STATEFP": "08", "STATENS": "01779779", "AFFGEOID": "0400000US08", "GEOID": "08", "STUSPS": "CO", "NAME": "Colorado", "LSAD": "00", "ALAND": 268422891711, "AWATER": 1181621593 }, "geometry": { "type": "MultiLineString", "coordinates": [ [ [ -104.684961072, 39.695923801 ], [ -104.685412069, 39.695998200000098 ], [ -104.685030199, 39.696632695000098 ], [ -104.687318887, 39.696665038 ], [ -104.697426282, 39.696617933 ], [ -104.697646496, 39.678531723 ], [ -104.697736212, 39.667660292 ], [ -104.715512893, 39.6677000540001 ], [ -104.715624496, 39.647576448000102 ], [ -104.715801497, 39.631959861 ], [ -104.714725496, 39.631467761000103 ], [ -104.714750262, 39.631247289 ] ] ] } },
{ "type": "Feature", "properties": { "objectid": "70377", "id": "202138", "type": "AC; OVERHEAD", "status": "NOT AVAILABLE", "naics_code": "221121", "naics_desc": "ELECTRIC BULK POWER TRANSMISSION AND CONTROL", "source": "Regional Map", "sourcedate": "2014-07-08T20:00:00-06:00", "val_method": "IMAGERY/OTHER", "val_date": "2014-07-08T20:00:00-06:00", "owner": "PUBLIC SERVICE CO OF COLORADO", "voltage": 230.0, "volt_class": "220-287", "inferred": "N", "sub_1": "LOOK OUT", "sub_2": "UNKNOWN203871", "shape_lengt": 6561.7532478203002, "globalid": "a2668bcb-1528-41b8-b106-21754e8062da", "STATEFP": "08", "STATENS": "01779779", "AFFGEOID": "0400000US08", "GEOID": "08", "STUSPS": "CO", "NAME": "Colorado", "LSAD": "00", "ALAND": 268422891711, "AWATER": 1181621593 }, "geometry": { "type": "MultiLineString", "coordinates": [ [ [ -105.202905753, 39.734166178000102 ], [ -105.202904262, 39.733189422000102 ], [ -105.201527101, 39.733135753 ], [ -105.200819911, 39.733064193000097 ], [ -105.198149337, 39.733003368 ], [ -105.193580514, 39.7329890560001 ], [ -105.192780273, 39.732774377 ], [ -105.184089275, 39.732785111 ], [ -105.174993504, 39.732767221000103 ], [ -105.170164138, 39.732774377 ], [ -105.167158578, 39.732795845000098 ], [ -105.162799122, 39.736377313 ], [ -105.161114892, 39.737568709000101 ], [ -105.1594969, 39.738575432000097 ], [ -105.15155277, 39.733059355000101 ], [ -105.151145262, 39.733139245000103 ] ] ] } },
{ "type": "Feature", "properties": { "objectid": "70419", "id": "202180", "type": "AC; OVERHEAD", "status": "NOT AVAILABLE", "naics_code": "221121", "naics_desc": "ELECTRIC BULK POWER TRANSMISSION AND CONTROL", "source": "IMAGERY", "sourcedate": "2014-07-08T20:00:00-06:00", "val_method": "IMAGERY", "val_date": "2014-07-08T20:00:00-06:00", "owner": "PUBLIC SERVICE CO OF COLORADO", "voltage": 230.0, "volt_class": "220-287", "inferred": "Y", "sub_1": "SMOKY HILL", "sub_2": "MURPHY CREEK", "shape_lengt": 5661.8783487075998, "globalid": "9ed6abad-f457-439f-9d8a-24e3d1e36a55", "STATEFP": "08", "STATENS": "01779779", "AFFGEOID": "0400000US08", "GEOID": "08", "STUSPS": "CO", "NAME": "Colorado", "LSAD": "00", "ALAND": 268422891711, "AWATER": 1181621593 }, "geometry": { "type": "MultiLineString", "coordinates": [ [ [ -104.714750262, 39.631247289 ], [ -104.712753935, 39.631863172000102 ], [ -104.706630103, 39.6319083590001 ], [ -104.706710776, 39.630609241000101 ], [ -104.706820785, 39.616390776000102 ], [ -104.698262088, 39.616373827000103 ], [ -104.69824742, 39.609384975000097 ], [ -104.702589107, 39.609204171 ], [ -104.702979044, 39.609016941 ] ] ] } },
{ "type": "Feature", "properties": { "objectid": "70369", "id": "202130", "type": "AC; OVERHEAD", "status": "NOT AVAILABLE", "naics_code": "221121", "naics_desc": "ELECTRIC BULK POWER TRANSMISSION AND CONTROL", "source": "Regional Map", "sourcedate": "2014-07-08T20:00:00-06:00", "val_method": "IMAGERY/OTHER", "val_date": "2014-07-08T20:00:00-06:00", "owner": "PUBLIC SERVICE CO OF COLORADO", "voltage": 230.0, "volt_class": "220-287", "inferred": "N", "sub_1": "LOOK OUT", "sub_2": "RIDGE", "shape_lengt": 24530.372189710499, "globalid": "e3bc5d57-8ed0-4859-8aec-297ca1e807cb", "STATEFP": "08", "STATENS": "01779779", "AFFGEOID": "0400000US08", "GEOID": "08", "STUSPS": "CO", "NAME": "Colorado", "LSAD": "00", "ALAND": 268422891711, "AWATER": 1181621593 }, "geometry": { "type": "MultiLineString", "coordinates": [ [ [ -105.202905753, 39.734166178000102 ], [ -105.202797777, 39.735653501000101 ], [ -105.202841922, 39.738674735000103 ], [ -105.202860509, 39.741436788 ], [ -105.202302894, 39.742732021 ], [ -105.199953943, 39.746960563000101 ], [ -105.201989236, 39.752308841000101 ], [ -105.20405241, 39.757422721000097 ], [ -105.204036146, 39.763280979000101 ], [ -105.203808454, 39.765768801 ], [ -105.203404183, 39.7689797990001 ], [ -105.203332158, 39.773587087000102 ], [ -105.203199724, 39.778035149000097 ], [ -105.203219843, 39.783558299 ], [ -105.212085297, 39.783525422 ], [ -105.21183811, 39.797883800000101 ], [ -105.203124771, 39.7979458880001 ], [ -105.203215089, 39.8118302170001 ], [ -105.201993416, 39.811932458 ], [ -105.200681423, 39.809442107 ], [ -105.19983053, 39.807557852000102 ], [ -105.197025909, 39.801678353 ], [ -105.177845155, 39.801554184000103 ], [ -105.16908428, 39.79781806 ], [ -105.156544298, 39.797872844 ], [ -105.142464151, 39.797971453000102 ], [ -105.126601406, 39.798099281000098 ], [ -105.125370225, 39.794541937000098 ], [ -105.124215101, 39.789523359 ], [ -105.122736734, 39.789537969 ], [ -105.122750262, 39.789154222 ] ] ] } },
{ "type": "Feature", "properties": { "objectid": "70441", "id": "202202", "type": "AC; OVERHEAD", "status": "NOT AVAILABLE", "naics_code": "221121", "naics_desc": "ELECTRIC BULK POWER TRANSMISSION AND CONTROL", "source": "Regional Map", "sourcedate": "2014-07-08T20:00:00-06:00", "val_method": "IMAGERY/OTHER", "val_date": "2014-07-08T20:00:00-06:00", "owner": "PUBLIC SERVICE CO OF COLORADO", "voltage": 230.0, "volt_class": "220-287", "inferred": "N", "sub_1": "DANIELS PARK", "sub_2": "SANTA FE", "shape_lengt": 22399.868186628199, "globalid": "5c7542c0-845a-4319-b5a7-2c8a392ea1ce", "STATEFP": "08", "STATENS": "01779779", "AFFGEOID": "0400000US08", "GEOID": "08", "STUSPS": "CO", "NAME": "Colorado", "LSAD": "00", "ALAND": 268422891711, "AWATER": 1181621593 }, "geometry": { "type": "MultiLineString", "coordinates": [ [ [ -104.90505142, 39.494246447000101 ], [ -104.90641335, 39.493601493 ], [ -104.906623413, 39.493124825 ], [ -104.907310113, 39.493155236000099 ], [ -104.921139807, 39.493150514 ], [ -104.92565004, 39.493148193 ], [ -104.934283256, 39.4931333480001 ], [ -104.941437211, 39.49313793 ], [ -104.942332483, 39.493147669 ], [ -104.946214163, 39.492286740000097 ], [ -104.953627936, 39.490699718 ], [ -104.957006716, 39.491361962 ], [ -104.96991862, 39.493937140000099 ], [ -104.973427532, 39.494639860000099 ], [ -104.979401945, 39.495835456000101 ], [ -104.981414783, 39.496257331 ], [ -104.985051089, 39.496217809 ], [ -104.993028049, 39.496217457 ], [ -105.006375181, 39.496174684 ], [ -105.014332429, 39.496161268 ], [ -105.020804204, 39.496160823 ], [ -105.025656018, 39.496159644 ], [ -105.027320813, 39.496166947000098 ], [ -105.027327012, 39.496468300000103 ], [ -105.02734065, 39.499284057000096 ], [ -105.027361146, 39.504149946 ], [ -105.027355654, 39.506432724 ], [ -105.026980443, 39.507491035 ], [ -105.027000121, 39.51021918 ], [ -105.02704145, 39.514509653000097 ], [ -105.026128845, 39.521945345000098 ], [ -105.026276379, 39.529308692 ], [ -105.031077012, 39.529308588 ], [ -105.036861372, 39.536929596 ], [ -105.041159436, 39.542650137000102 ], [ -105.042693647, 39.544642876000097 ], [ -105.042488783, 39.548202492 ], [ -105.041402739, 39.548203744 ], [ -105.041078524, 39.548168383000103 ] ] ] } },
{ "type": "Feature", "properties": { "objectid": "73413", "id": "204967", "type": "AC; OVERHEAD", "status": "NOT AVAILABLE", "naics_code": "221121", "naics_desc": "ELECTRIC BULK POWER TRANSMISSION AND CONTROL", "source": "Company Map", "sourcedate": "2015-08-31T20:00:00-06:00", "val_method": "IMAGERY/OTHER", "val_date": "2015-08-31T20:00:00-06:00", "owner": "SOUTHEAST COLORADO POWER ASSN", "voltage": 230.0, "volt_class": "220-287", "inferred": "N", "sub_1": "TAP205667", "sub_2": "UNKNOWN202172", "shape_lengt": 204.811311399, "globalid": "ba440310-f4fb-4d1e-9061-88a7afe3c97d", "STATEFP": "08", "STATENS": "01779779", "AFFGEOID": "0400000US08", "GEOID": "08", "STUSPS": "CO", "NAME": "Colorado", "LSAD": "00", "ALAND": 268422891711, "AWATER": 1181621593 }, "geometry": { "type": "MultiLineString", "coordinates": [ [ [ -102.60892743, 37.704527738 ], [ -102.608935465, 37.705186598 ], [ -102.609941062, 37.705229348 ] ] ] } },
{ "type": "Feature", "properties": { "objectid": "69972", "id": "201731", "type": "AC; OVERHEAD", "status": "NOT AVAILABLE", "naics_code": "221121", "naics_desc": "ELECTRIC BULK POWER TRANSMISSION AND CONTROL", "source": "Regional Map", "sourcedate": "2014-07-06T20:00:00-06:00", "val_method": "IMAGERY/OTHER", "val_date": "2014-07-06T20:00:00-06:00", "owner": "PUBLIC SERVICE CO OF COLORADO", "voltage": 230.0, "volt_class": "220-287", "inferred": "N", "sub_1": "HORIZON", "sub_2": "GRAND JUNCTION PSC", "shape_lengt": 10810.0504073999, "globalid": "73edc8fb-e725-4337-b699-88e70bf9cd3c", "STATEFP": "08", "STATENS": "01779779", "AFFGEOID": "0400000US08", "GEOID": "08", "STUSPS": "CO", "NAME": "Colorado", "LSAD": "00", "ALAND": 268422891711, "AWATER": 1181621593 }, "geometry": { "type": "MultiLineString", "coordinates": [ [ [ -108.580843597, 39.098450209000099 ], [ -108.580893834, 39.098760944 ], [ -108.580864124, 39.098973065 ], [ -108.589418341, 39.099005072000097 ], [ -108.589347038, 39.085047969000101 ], [ -108.589240082, 39.083525913000102 ], [ -108.589168778, 39.08258499 ], [ -108.589489646, 39.081311956 ], [ -108.58938269, 39.077741802 ], [ -108.591735719, 39.076108881 ], [ -108.590345293, 39.073950047 ], [ -108.596584386, 39.073894691000099 ], [ -108.596513082, 39.069881294 ], [ -108.592555715, 39.067749948 ], [ -108.58866965, 39.067528506 ], [ -108.586958357, 39.067224022000097 ], [ -108.586423577, 39.067362424000102 ], [ -108.584819239, 39.0672517020001 ], [ -108.579721009, 39.062822696000097 ], [ -108.576334073, 39.062822696000097 ], [ -108.572804529, 39.059500758000098 ], [ -108.564854142, 39.059390025 ], [ -108.563606746, 39.059518827 ], [ -108.563820508, 39.062004803 ], [ -108.564064129, 39.062498471 ], [ -108.563951699, 39.062830421000101 ] ] ] } },
{ "type": "Feature", "properties": { "objectid": "70427", "id": "202188", "type": "AC; OVERHEAD", "status": "NOT AVAILABLE", "naics_code": "221121", "naics_desc": "ELECTRIC BULK POWER TRANSMISSION AND CONTROL", "source": "IMAGERY", "sourcedate": "2014-07-08T20:00:00-06:00", "val_method": "IMAGERY", "val_date": "2014-07-08T20:00:00-06:00", "owner": "PUBLIC SERVICE CO OF COLORADO", "voltage": 230.0, "volt_class": "220-287", "inferred": "Y", "sub_1": "SMOKY HILL", "sub_2": "BUCKLEY", "shape_lengt": 11642.7625916119, "globalid": "a75f204d-f317-41f0-93e4-8d1bc233c5b7", "STATEFP": "08", "STATENS": "01779779", "AFFGEOID": "0400000US08", "GEOID": "08", "STUSPS": "CO", "NAME": "Colorado", "LSAD": "00", "ALAND": 268422891711, "AWATER": 1181621593 }, "geometry": { "type": "MultiLineString", "coordinates": [ [ [ -104.714750262, 39.631247289 ], [ -104.715803819, 39.631083413 ], [ -104.716748522, 39.631454626 ], [ -104.754269003, 39.631493632000101 ], [ -104.753975688, 39.667736291 ], [ -104.771051756, 39.667775557 ], [ -104.771340681, 39.6683373830001 ] ] ] } },
{ "type": "Feature", "properties": { "objectid": "69630", "id": "201379", "type": "AC; OVERHEAD", "status": "NOT AVAILABLE", "naics_code": "221121", "naics_desc": "ELECTRIC BULK POWER TRANSMISSION AND CONTROL", "source": "Regional Map", "sourcedate": "2014-06-30T20:00:00-06:00", "val_method": "IMAGERY/OTHER", "val_date": "2014-06-30T20:00:00-06:00", "owner": "TRI-STATE G & T ASSN, INC", "voltage": 230.0, "volt_class": "220-287", "inferred": "N", "sub_1": "HAYDEN", "sub_2": "CRAIG", "shape_lengt": 52793.696958540997, "globalid": "21a19199-fee3-4053-91b8-8f586586988d", "STATEFP": "08", "STATENS": "01779779", "AFFGEOID": "0400000US08", "GEOID": "08", "STUSPS": "CO", "NAME": "Colorado", "LSAD": "00", "ALAND": 268422891711, "AWATER": 1181621593 }, "geometry": { "type": "MultiLineString", "coordinates": [ [ [ -107.185877241, 40.480566557 ], [ -107.187217528, 40.480442233000097 ], [ -107.1873679, 40.479269300000098 ], [ -107.188362611, 40.476840137000103 ], [ -107.188531011, 40.467326433 ], [ -107.192679411, 40.463097432 ], [ -107.195428204, 40.461520569000101 ], [ -107.197226011, 40.460961031000103 ], [ -107.201690111, 40.459527530000102 ], [ -107.205578411, 40.45828013 ], [ -107.209198411, 40.457123729000102 ], [ -107.212325011, 40.45611913 ], [ -107.215890311, 40.454996729000101 ], [ -107.220809911, 40.453432628 ], [ -107.224495811, 40.452236728000102 ], [ -107.229280711, 40.450709927 ], [ -107.232770111, 40.4496047270001 ], [ -107.235418611, 40.448746826 ], [ -107.239676211, 40.447374026 ], [ -107.243475111, 40.446172826000101 ], [ -107.247920811, 40.4447399250001 ], [ -107.252120611, 40.443395225000103 ], [ -107.257692911, 40.441618124000101 ], [ -107.264725411, 40.441191424000102 ], [ -107.269862311, 40.440883724000102 ], [ -107.274700811, 40.440857524000101 ], [ -107.277567211, 40.440848824 ], [ -107.283655411, 40.440816824000102 ], [ -107.287194411, 40.440787724000103 ], [ -107.290867211, 40.440773224 ], [ -107.294165511, 40.440744124 ], [ -107.298189911, 40.440723724000101 ], [ -107.303181211, 40.4407528240001 ], [ -107.309071711, 40.4407996240001 ], [ -107.314724211, 40.440828724 ], [ -107.316547211, 40.441439524 ], [ -107.319585611, 40.442402324 ], [ -107.324852111, 40.444089325 ], [ -107.329702011, 40.443952625000101 ], [ -107.334238611, 40.443821725000099 ], [ -107.338572511, 40.443687925000098 ], [ -107.342325611, 40.4435774250001 ], [ -107.347355211, 40.4434290250001 ], [ -107.350813011, 40.443339125000101 ], [ -107.355306711, 40.443191125 ], [ -107.359724911, 40.443049125000101 ], [ -107.364710911, 40.442910125 ], [ -107.368890911, 40.442771224000097 ], [ -107.373281411, 40.442656325 ], [ -107.379990211, 40.443324025 ], [ -107.383630411, 40.443674525000098 ], [ -107.388525011, 40.444154825000098 ], [ -107.391653111, 40.444450925000098 ], [ -107.397691011, 40.445052125000103 ], [ -107.40086681, 40.445360226 ], [ -107.405737611, 40.445834526000098 ], [ -107.411108511, 40.446372326000102 ], [ -107.415026611, 40.4450400260001 ], [ -107.422239511, 40.4426261240001 ], [ -107.425474811, 40.441529424000102 ], [ -107.430087611, 40.439982623 ], [ -107.432497211, 40.439185024 ], [ -107.437510911, 40.437468823000103 ], [ -107.441393311, 40.436918922000103 ], [ -107.445680511, 40.436308622000098 ], [ -107.449971811, 40.435707322 ], [ -107.454497211, 40.435042622 ], [ -107.457835711, 40.434199622 ], [ -107.460465811, 40.433533921 ], [ -107.465397611, 40.432271321 ], [ -107.471490511, 40.43072842 ], [ -107.479270411, 40.430174120000103 ], [ -107.483000611, 40.429906220000099 ], [ -107.487208211, 40.42960752 ], [ -107.492038811, 40.429262520000101 ], [ -107.496278711, 40.4289730200001 ], [ -107.500022629, 40.428656021 ], [ -107.502141888, 40.430497657 ], [ -107.506301918, 40.434008574000103 ], [ -107.510051311, 40.437214622000099 ], [ -107.515557011, 40.441832425 ], [ -107.519458311, 40.445071425 ], [ -107.521489211, 40.446764726 ], [ -107.525559411, 40.4501914270001 ], [ -107.529669184, 40.453534926 ], [ -107.532231688, 40.455649911000101 ], [ -107.536894984, 40.45951433 ], [ -107.538944987, 40.461175962 ], [ -107.542610984, 40.464253209 ], [ -107.545976867, 40.467035257000099 ], [ -107.54846088, 40.469170892000101 ], [ -107.551711335, 40.471896538000102 ], [ -107.554128311, 40.473983035000103 ], [ -107.556313611, 40.4758430360001 ], [ -107.558441211, 40.477593137 ], [ -107.562919011, 40.478888437000101 ], [ -107.567660811, 40.480227638 ], [ -107.570439811, 40.480246438 ], [ -107.573379711, 40.480243338 ], [ -107.577032011, 40.480260338 ], [ -107.580668711, 40.480276038000099 ], [ -107.584181711, 40.4801317370001 ], [ -107.587756611, 40.479996938000099 ], [ -107.590783111, 40.479874637000101 ], [ -107.590787211, 40.477886136000102 ], [ -107.590784173, 40.473004714000098 ], [ -107.591734929, 40.472360787000099 ] ] ] } },
{ "type": "Feature", "properties": { "objectid": "69907", "id": "201664", "type": "AC; OVERHEAD", "status": "NOT AVAILABLE", "naics_code": "221121", "naics_desc": "ELECTRIC BULK POWER TRANSMISSION AND CONTROL", "source": "Regional Map", "sourcedate": "2014-06-25T20:00:00-06:00", "val_method": "IMAGERY/OTHER", "val_date": "2014-06-25T20:00:00-06:00", "owner": "PUBLIC SERVICE CO OF COLORADO", "voltage": 230.0, "volt_class": "220-287", "inferred": "N", "sub_1": "ALMA", "sub_2": "BRECKENRIDGE", "shape_lengt": 39555.889895298802, "globalid": "f0a177a8-22c7-4f91-9961-90411e50f52c", "STATEFP": "08", "STATENS": "01779779", "AFFGEOID": "0400000US08", "GEOID": "08", "STUSPS": "CO", "NAME": "Colorado", "LSAD": "00", "ALAND": 268422891711, "AWATER": 1181621593 }, "geometry": { "type": "MultiLineString", "coordinates": [ [ [ -106.047705534, 39.267710934 ], [ -106.046436084, 39.267524981000101 ], [ -106.044621399, 39.267651949 ], [ -106.041392521, 39.26783964 ], [ -106.041303391, 39.2723017550001 ], [ -106.041392521, 39.274877692000103 ], [ -106.044690327, 39.279776311 ], [ -106.043115699, 39.288077883 ], [ -106.047037413, 39.297298143 ], [ -106.037262835, 39.306517189 ], [ -106.033370829, 39.323067042000098 ], [ -106.036668635, 39.336533894000098 ], [ -106.034826617, 39.342140487000101 ], [ -105.994777584, 39.364493454000097 ], [ -105.993351505, 39.366376934000101 ], [ -105.982299398, 39.380547338 ], [ -105.988479071, 39.401694244 ], [ -105.991420358, 39.420103594000103 ], [ -105.982358818, 39.4296506680001 ], [ -105.994094254, 39.458261105000098 ], [ -105.994926134, 39.473146729000099 ], [ -105.998847849, 39.477343487 ], [ -106.001076096, 39.477802134 ], [ -106.002858694, 39.478604758000102 ], [ -106.003779703, 39.479269783000099 ], [ -106.004611582, 39.481310681 ], [ -106.005592011, 39.481792232 ], [ -106.009038367, 39.482732395 ], [ -106.012455013, 39.481517061 ], [ -106.013405732, 39.480485156 ], [ -106.019615115, 39.480232911 ], [ -106.024695519, 39.480645676000101 ], [ -106.033698984, 39.4841999450001 ], [ -106.03361726, 39.484846656000101 ], [ -106.033529, 39.485023 ] ] ] } },
{ "type": "Feature", "properties": { "objectid": "70161", "id": "201920", "type": "AC; OVERHEAD", "status": "NOT AVAILABLE", "naics_code": "221121", "naics_desc": "ELECTRIC BULK POWER TRANSMISSION AND CONTROL", "source": "Regional Map", "sourcedate": "2014-07-13T20:00:00-06:00", "val_method": "IMAGERY/OTHER", "val_date": "2014-07-13T20:00:00-06:00", "owner": "PUBLIC SERVICE CO OF COLORADO", "voltage": 230.0, "volt_class": "220-287", "inferred": "N", "sub_1": "SPRUCE", "sub_2": "SMOKY HILL", "shape_lengt": 20771.4481348019, "globalid": "65fd3850-76db-47a3-9172-92cce01bd71d", "STATEFP": "08", "STATENS": "01779779", "AFFGEOID": "0400000US08", "GEOID": "08", "STUSPS": "CO", "NAME": "Colorado", "LSAD": "00", "ALAND": 268422891711, "AWATER": 1181621593 }, "geometry": { "type": "MultiLineString", "coordinates": [ [ [ -104.683492072, 39.741884288 ], [ -104.6833634, 39.7414737 ], [ -104.682446, 39.741598500000102 ], [ -104.682452, 39.7419716 ], [ -104.6810815, 39.741976200000103 ], [ -104.679606537, 39.741926489 ], [ -104.678815125, 39.741790312 ], [ -104.678842797, 39.740964731000098 ], [ -104.678842797, 39.739177357000102 ], [ -104.67860482, 39.737343123000102 ], [ -104.678615888, 39.733385096000099 ], [ -104.678665698, 39.718036017 ], [ -104.678721041, 39.696785995 ], [ -104.697596006, 39.6967258130001 ], [ -104.697566488, 39.695408532 ], [ -104.697817384, 39.678486044000103 ], [ -104.697876418, 39.667779578000101 ], [ -104.715660479, 39.667813659 ], [ -104.71575641, 39.64752079 ], [ -104.715940891, 39.631893721000097 ], [ -104.7147968, 39.6314101 ], [ -104.714750262, 39.631247289 ] ] ] } },
{ "type": "Feature", "properties": { "objectid": "69901", "id": "201658", "type": "AC; OVERHEAD", "status": "NOT AVAILABLE", "naics_code": "221121", "naics_desc": "ELECTRIC BULK POWER TRANSMISSION AND CONTROL", "source": "Regional Map", "sourcedate": "2014-07-14T20:00:00-06:00", "val_method": "IMAGERY/OTHER", "val_date": "2014-07-14T20:00:00-06:00", "owner": "PUBLIC SERVICE CO OF COLORADO", "voltage": 230.0, "volt_class": "220-287", "inferred": "N", "sub_1": "HAYDEN", "sub_2": "UNKNOWN202355", "shape_lengt": 25754.099302248898, "globalid": "e4ac0e7b-803e-4c6c-92cf-94c7e0fb43da", "STATEFP": "08", "STATENS": "01779779", "AFFGEOID": "0400000US08", "GEOID": "08", "STUSPS": "CO", "NAME": "Colorado", "LSAD": "00", "ALAND": 268422891711, "AWATER": 1181621593 }, "geometry": { "type": "MultiLineString", "coordinates": [ [ [ -107.185877241, 40.480566557 ], [ -107.186989356, 40.480463398 ], [ -107.187244737, 40.479260929000098 ], [ -107.187743865, 40.47684193 ], [ -107.187907864, 40.468759887 ], [ -107.187907864, 40.467289827000101 ], [ -107.192072013, 40.463139852 ], [ -107.191045236, 40.4618812470001 ], [ -107.183208936, 40.462510552 ], [ -107.1719548, 40.446980538 ], [ -107.15185898, 40.418966078 ], [ -107.127211592, 40.4076285290001 ], [ -107.109243004, 40.399348107 ], [ -107.100841026, 40.398587886 ], [ -107.082511165, 40.396875548 ], [ -107.082577716, 40.396057375 ], [ -107.073536379, 40.392494948 ], [ -107.072319459, 40.3916332760001 ], [ -107.065369704, 40.386825088000101 ], [ -107.055396662, 40.379952549 ], [ -107.044910233, 40.372738887 ], [ -107.043519807, 40.371804531000102 ], [ -107.043050388, 40.370844811 ], [ -107.042705753, 40.370383054000101 ], [ -107.042317277, 40.3702660800001 ] ] ] } },
{ "type": "Feature", "properties": { "objectid": "70388", "id": "202149", "type": "AC; OVERHEAD", "status": "NOT AVAILABLE", "naics_code": "221121", "naics_desc": "ELECTRIC BULK POWER TRANSMISSION AND CONTROL", "source": "Regional Map", "sourcedate": "2014-07-08T20:00:00-06:00", "val_method": "IMAGERY/OTHER", "val_date": "2014-07-08T20:00:00-06:00", "owner": "PUBLIC SERVICE CO OF COLORADO", "voltage": 230.0, "volt_class": "220-287", "inferred": "N", "sub_1": "CHEROKEE", "sub_2": "RIDGE", "shape_lengt": 19084.7077671726, "globalid": "01839667-6973-4d5e-83a6-94d97623dbc7", "STATEFP": "08", "STATENS": "01779779", "AFFGEOID": "0400000US08", "GEOID": "08", "STUSPS": "CO", "NAME": "Colorado", "LSAD": "00", "ALAND": 268422891711, "AWATER": 1181621593 }, "geometry": { "type": "MultiLineString", "coordinates": [ [ [ -104.966865262, 39.808152214000103 ], [ -104.967007782, 39.808878301 ], [ -104.967553693, 39.808778337 ], [ -104.968626473, 39.808581124000099 ], [ -104.971057898, 39.80852553 ], [ -104.979189768, 39.808338275 ], [ -104.983090209, 39.807591099 ], [ -104.983592061, 39.807566112000103 ], [ -104.992849438, 39.807547858000099 ], [ -104.997395467, 39.807525894 ], [ -105.016532273, 39.803795718 ], [ -105.023694756, 39.799793774000101 ], [ -105.032395317, 39.798318856 ], [ -105.038675703, 39.795314881 ], [ -105.046165416, 39.794623445000099 ], [ -105.047888499, 39.793229832000101 ], [ -105.056321048, 39.791027516 ], [ -105.063342538, 39.788236713000103 ], [ -105.070199308, 39.786382433 ], [ -105.074606121, 39.788389401000103 ], [ -105.077864408, 39.787776319 ], [ -105.078550873, 39.78788043 ], [ -105.080098514, 39.788638201 ], [ -105.081785385, 39.78933815 ], [ -105.089675612, 39.789297829000098 ], [ -105.090517081, 39.789224768000103 ], [ -105.100020867, 39.789162664000102 ], [ -105.102252344, 39.78891666 ], [ -105.111922387, 39.786877163 ], [ -105.120995135, 39.784868503 ], [ -105.121381286, 39.784800678000103 ], [ -105.121426072, 39.789514858000103 ], [ -105.122021436, 39.789522396 ], [ -105.122750262, 39.789154222 ] ] ] } },
{ "type": "Feature", "properties": { "objectid": "70114", "id": "201873", "type": "AC; OVERHEAD", "status": "NOT AVAILABLE", "naics_code": "221121", "naics_desc": "ELECTRIC BULK POWER TRANSMISSION AND CONTROL", "source": "Regional Map", "sourcedate": "2014-07-09T20:00:00-06:00", "val_method": "IMAGERY/OTHER", "val_date": "2014-07-09T20:00:00-06:00", "owner": "TRI-STATE G & T ASSN, INC", "voltage": 230.0, "volt_class": "220-287", "inferred": "N", "sub_1": "CIPRES", "sub_2": "ERIE", "shape_lengt": 10280.833706367799, "globalid": "b0a8a732-95e6-4ab4-939e-968c4924a182", "STATEFP": "08", "STATENS": "01779779", "AFFGEOID": "0400000US08", "GEOID": "08", "STUSPS": "CO", "NAME": "Colorado", "LSAD": "00", "ALAND": 268422891711, "AWATER": 1181621593 }, "geometry": { "type": "MultiLineString", "coordinates": [ [ [ -104.866868859, 40.025484717 ], [ -104.867011637, 40.0255043290001 ], [ -104.868072282, 40.025488404 ], [ -104.876471289, 40.0254861290001 ], [ -104.892101108, 40.0254533680001 ], [ -104.908465357, 40.025682694000103 ], [ -104.923653092, 40.0257536760001 ], [ -104.936452146, 40.025742756 ], [ -104.939518214, 40.025731836 ], [ -104.95383604, 40.0257209150001 ], [ -104.957329932, 40.025742756 ], [ -104.957265759, 40.026507171 ], [ -104.956944891, 40.027140537 ] ] ] } },
{ "type": "Feature", "properties": { "objectid": "70179", "id": "201938", "type": "AC; OVERHEAD", "status": "NOT AVAILABLE", "naics_code": "221121", "naics_desc": "ELECTRIC BULK POWER TRANSMISSION AND CONTROL", "source": "Regional Map", "sourcedate": "2014-07-13T20:00:00-06:00", "val_method": "IMAGERY/OTHER", "val_date": "2014-07-13T20:00:00-06:00", "owner": "WAPA-- WESTERN AREA POWER ADMINISTRATION", "voltage": 230.0, "volt_class": "220-287", "inferred": "N", "sub_1": "UNKNOWN201534", "sub_2": "UNKNOWN202159", "shape_lengt": 35989.566603584601, "globalid": "2abdc03b-4639-458a-87e8-d93c3558f5b2", "STATEFP": "08", "STATENS": "01779779", "AFFGEOID": "0400000US08", "GEOID": "08", "STUSPS": "CO", "NAME": "Colorado", "LSAD": "00", "ALAND": 268422891711, "AWATER": 1181621593 }, "geometry": { "type": "MultiLineString", "coordinates": [ [ [ -103.037398445, 40.964927466000098 ], [ -103.03860927, 40.965031413000098 ], [ -103.038526083, 40.970496178000097 ], [ -103.038537966, 40.983837638000097 ], [ -103.03860927, 40.996315338 ], [ -103.03862463051712, 41.002250519973053 ] ] ] } },
{ "type": "Feature", "properties": { "objectid": "70435", "id": "202196", "type": "AC; OVERHEAD", "status": "NOT AVAILABLE", "naics_code": "221121", "naics_desc": "ELECTRIC BULK POWER TRANSMISSION AND CONTROL", "source": "IMAGERY", "sourcedate": "2014-07-08T20:00:00-06:00", "val_method": "IMAGERY", "val_date": "2014-07-08T20:00:00-06:00", "owner": "PUBLIC SERVICE CO OF COLORADO", "voltage": 230.0, "volt_class": "220-287", "inferred": "Y", "sub_1": "ORACHARD", "sub_2": "JORDAN", "shape_lengt": 4812.0307976906997, "globalid": "78f35feb-3956-41c3-a173-dbf889b65252", "STATEFP": "08", "STATENS": "01779779", "AFFGEOID": "0400000US08", "GEOID": "08", "STUSPS": "CO", "NAME": "Colorado", "LSAD": "00", "ALAND": 268422891711, "AWATER": 1181621593 }, "geometry": { "type": "MultiLineString", "coordinates": [ [ [ -104.792327837, 39.6093023930001 ], [ -104.79196156, 39.608959738000102 ], [ -104.791597652, 39.608151855000102 ], [ -104.791635958, 39.604189775000101 ], [ -104.791717358, 39.599183359000101 ], [ -104.791760453, 39.595165421 ], [ -104.795064351, 39.595135904000102 ], [ -104.800762378, 39.59518018 ], [ -104.806541806, 39.595128524000103 ], [ -104.815763991, 39.595165421 ], [ -104.815673014, 39.595416319 ], [ -104.815798262, 39.595662304 ] ] ] } },
{ "type": "Feature", "properties": { "objectid": "70410", "id": "202171", "type": "AC; OVERHEAD", "status": "NOT AVAILABLE", "naics_code": "221121", "naics_desc": "ELECTRIC BULK POWER TRANSMISSION AND CONTROL", "source": "IMAGERY", "sourcedate": "2014-07-08T20:00:00-06:00", "val_method": "IMAGERY", "val_date": "2014-07-08T20:00:00-06:00", "owner": "PUBLIC SERVICE CO OF COLORADO", "voltage": 230.0, "volt_class": "220-287", "inferred": "Y", "sub_1": "PICADILLY", "sub_2": "SPRUCE", "shape_lengt": 6147.8876994906996, "globalid": "b8a58b85-223c-4806-8e89-e4c89e549b7c", "STATEFP": "08", "STATENS": "01779779", "AFFGEOID": "0400000US08", "GEOID": "08", "STUSPS": "CO", "NAME": "Colorado", "LSAD": "00", "ALAND": 268422891711, "AWATER": 1181621593 }, "geometry": { "type": "MultiLineString", "coordinates": [ [ [ -104.732199975, 39.751566739000097 ], [ -104.73200529, 39.751333077 ], [ -104.732161096, 39.7509710510001 ], [ -104.685456855, 39.746586171000096 ], [ -104.684703659, 39.745807116 ], [ -104.684676759, 39.745110785000101 ], [ -104.684667793, 39.74211855 ], [ -104.683744231, 39.742049603 ], [ -104.683492072, 39.741884288 ] ] ] } },
{ "type": "Feature", "properties": { "objectid": "74512", "id": "206791", "type": "AC; OVERHEAD", "status": "NOT AVAILABLE", "naics_code": "221121", "naics_desc": "ELECTRIC BULK POWER TRANSMISSION AND CONTROL", "source": "IMAGERY", "sourcedate": "2016-01-14T18:00:00-07:00", "val_method": "IMAGERY", "val_date": "2016-01-14T18:00:00-07:00", "owner": "WAPA-- WESTERN AREA POWER ADMINISTRATION", "voltage": 230.0, "volt_class": "220-287", "inferred": "Y", "sub_1": "NOT AVAILABLE", "sub_2": "UNKNOWN202204", "shape_lengt": 759.93050600879997, "globalid": "0d5d25af-e595-4d63-9069-ee4986f2fd5d", "STATEFP": "08", "STATENS": "01779779", "AFFGEOID": "0400000US08", "GEOID": "08", "STUSPS": "CO", "NAME": "Colorado", "LSAD": "00", "ALAND": 268422891711, "AWATER": 1181621593 }, "geometry": { "type": "MultiLineString", "coordinates": [ [ [ -107.539307973, 38.451682524 ], [ -107.539417422, 38.451909185 ], [ -107.544166826, 38.4529490090001 ], [ -107.544514227, 38.452677751000103 ], [ -107.545438859, 38.452218318000099 ] ] ] } },
{ "type": "Feature", "properties": { "objectid": "70122", "id": "201881", "type": "AC; OVERHEAD", "status": "NOT AVAILABLE", "naics_code": "221121", "naics_desc": "ELECTRIC BULK POWER TRANSMISSION AND CONTROL", "source": "Regional Map", "sourcedate": "2014-07-08T20:00:00-06:00", "val_method": "IMAGERY/OTHER", "val_date": "2014-07-08T20:00:00-06:00", "owner": "WAPA-- WESTERN AREA POWER ADMINISTRATION", "voltage": 230.0, "volt_class": "220-287", "inferred": "N", "sub_1": "AULT", "sub_2": "WELD", "shape_lengt": 27456.064366398201, "globalid": "7c5280cd-7c9f-448b-8286-ef2209eb06bf", "STATEFP": "08", "STATENS": "01779779", "AFFGEOID": "0400000US08", "GEOID": "08", "STUSPS": "CO", "NAME": "Colorado", "LSAD": "00", "ALAND": 268422891711, "AWATER": 1181621593 }, "geometry": { "type": "MultiLineString", "coordinates": [ [ [ -104.813195224, 40.607539759000097 ], [ -104.8119077, 40.6063033 ], [ -104.810160135, 40.606147197 ], [ -104.810355033, 40.603689466 ], [ -104.810340133, 40.601198065000098 ], [ -104.810436033, 40.598722964 ], [ -104.810507933, 40.596244063 ], [ -104.810692433, 40.593338363 ], [ -104.810861133, 40.590428962 ], [ -104.810968533, 40.587519461 ], [ -104.811215233, 40.584588160000102 ], [ -104.811360433, 40.581663959 ], [ -104.811353433, 40.578876258 ], [ -104.811367332, 40.576114657 ], [ -104.811284333, 40.573305656000102 ], [ -104.811284333, 40.570323255000098 ], [ -104.811360433, 40.567692554000097 ], [ -104.811471033, 40.565271753 ], [ -104.811547033, 40.562845752 ], [ -104.811629933, 40.560398552 ], [ -104.811733633, 40.5579775510001 ], [ -104.811802833, 40.555545950000102 ], [ -104.811947933, 40.553129949 ], [ -104.811782033, 40.550635148 ], [ -104.811616133, 40.548171748000101 ], [ -104.811464033, 40.545661047000102 ], [ -104.811284333, 40.543323546000103 ], [ -104.811146133, 40.540854645 ], [ -104.811007833, 40.538438144 ], [ -104.811097733, 40.536321043 ], [ -104.811166833, 40.533767842 ], [ -104.811270533, 40.531314342 ], [ -104.811367332, 40.5288344410001 ], [ -104.811436433, 40.526370240000098 ], [ -104.811526333, 40.52387974 ], [ -104.812293533, 40.522161439000101 ], [ -104.813081633, 40.520432738000103 ], [ -104.812812033, 40.517731737000098 ], [ -104.812542433, 40.5151305360001 ], [ -104.812265933, 40.512529136000097 ], [ -104.811975633, 40.509848935 ], [ -104.811947933, 40.507378734 ], [ -104.811927233, 40.504924333000098 ], [ -104.811927233, 40.502443432000099 ], [ -104.811906433, 40.499978331000101 ], [ -104.811890033, 40.49753523 ], [ -104.811500733, 40.495540930000097 ], [ -104.813065032, 40.493320429 ], [ -104.814293133, 40.491538629 ], [ -104.815510633, 40.489756828000097 ], [ -104.814264833, 40.487913027 ], [ -104.813008433, 40.486053027 ], [ -104.811759133, 40.484281826 ], [ -104.811752033, 40.482257526000097 ], [ -104.811755533, 40.480179325000101 ], [ -104.811815733, 40.477861424 ], [ -104.811893633, 40.475468123 ], [ -104.811950233, 40.473053122000103 ], [ -104.811958433, 40.470559821000101 ], [ -104.811971732, 40.468073921 ], [ -104.811958433, 40.465572720000097 ], [ -104.811931833, 40.463015819000098 ], [ -104.811958433, 40.460549918 ], [ -104.811978433, 40.458073817000098 ], [ -104.812011733, 40.455683716000102 ], [ -104.811989233, 40.453317015 ], [ -104.809137233, 40.448789814000101 ], [ -104.807678833, 40.446518314 ], [ -104.806244333, 40.444244213 ], [ -104.803439533, 40.439716511 ], [ -104.802060933, 40.43742231 ], [ -104.802393733, 40.43472251 ], [ -104.802742233, 40.4320360090001 ], [ -104.803053511, 40.429887799 ], [ -104.805000108, 40.427363892000102 ], [ -104.806155083, 40.427406579 ], [ -104.807442614, 40.427125795000102 ] ] ] } },
{ "type": "Feature", "properties": { "objectid": "70169", "id": "201928", "type": "AC; OVERHEAD", "status": "NOT AVAILABLE", "naics_code": "221121", "naics_desc": "ELECTRIC BULK POWER TRANSMISSION AND CONTROL", "source": "Regional Map", "sourcedate": "2014-07-09T20:00:00-06:00", "val_method": "IMAGERY/OTHER", "val_date": "2014-07-09T20:00:00-06:00", "owner": "PUBLIC SERVICE CO OF COLORADO", "voltage": 230.0, "volt_class": "220-287", "inferred": "N", "sub_1": "TAP206215", "sub_2": "MISSLE SITE", "shape_lengt": 77654.011696725895, "globalid": "096a583b-747d-4f5d-9d21-f082ac4bb408", "STATEFP": "08", "STATENS": "01779779", "AFFGEOID": "0400000US08", "GEOID": "08", "STUSPS": "CO", "NAME": "Colorado", "LSAD": "00", "ALAND": 268422891711, "AWATER": 1181621593 }, "geometry": { "type": "MultiLineString", "coordinates": [ [ [ -103.814713096, 40.073374713000099 ], [ -103.81754717, 40.073686553000101 ], [ -103.820670282, 40.073713834 ], [ -103.83815266, 40.073748644 ], [ -103.859124485, 40.073844786 ], [ -103.883289383, 40.07397028 ], [ -103.886662058, 40.074019386 ], [ -103.91491267, 40.07410123 ], [ -103.934136207, 40.074073949000102 ], [ -103.938913569, 40.074084861000102 ], [ -103.941309381, 40.074068493 ], [ -103.942554801, 40.073587288 ], [ -103.950481442, 40.070530618000099 ], [ -103.954016928, 40.068843613000098 ], [ -103.959061679, 40.066397155000097 ], [ -103.967124965, 40.0625453970001 ], [ -103.971337838, 40.060521659000102 ], [ -103.980619231, 40.055860010000103 ], [ -103.980654883, 40.054281800000098 ], [ -103.980603782, 40.040164512 ], [ -103.980589521, 40.029409468 ], [ -104.000373635, 40.029415367000098 ], [ -104.000351196, 40.021200699000097 ], [ -104.000344596, 40.019061098000101 ], [ -104.000338096, 40.016825597 ], [ -104.000324896, 40.014594997000103 ], [ -104.000324896, 40.012374496000099 ], [ -104.000370996, 40.007902895 ], [ -104.000443496, 40.005636794 ], [ -104.000469796, 40.001048693 ], [ -103.999676392, 39.996637533000097 ], [ -103.998960896, 39.992340991 ], [ -103.997893396, 39.9860152890001 ], [ -103.997909243, 39.983633805000103 ], [ -103.997944894, 39.98130267 ], [ -103.997956779, 39.979021540000097 ], [ -103.9982004, 39.972464576 ], [ -103.998283588, 39.969632137000097 ], [ -103.998343008, 39.967464468000102 ], [ -103.998710223, 39.952144009000101 ], [ -103.998738746, 39.9496623900001 ], [ -103.998817179, 39.942495798 ], [ -103.998909875, 39.940265309 ], [ -103.998945527, 39.937892602 ], [ -103.999052482, 39.933529668 ], [ -103.999109525, 39.930921615 ], [ -103.999159438, 39.927001149 ], [ -103.999216481, 39.921800853 ], [ -103.999273524, 39.91976656 ], [ -103.999323437, 39.9176447070001 ], [ -103.999417496, 39.915443371 ], [ -103.999504796, 39.913197570000101 ], [ -103.999538296, 39.910833269000101 ], [ -103.999659196, 39.908535869 ], [ -103.999708479, 39.905760018000102 ], [ -103.999801173, 39.903747129000102 ], [ -103.999886739, 39.901892811 ], [ -104.000015085, 39.898725586000097 ], [ -104.000007955, 39.897122773 ], [ -104.000022215, 39.89560745 ], [ -103.999993694, 39.893178488 ], [ -104.000048696, 39.891034864000098 ], [ -104.000055396, 39.888798664 ], [ -104.000041996, 39.886665363000098 ], [ -104.000028596, 39.884377462 ], [ -103.999968096, 39.882171862000099 ], [ -103.999974796, 39.879971461 ], [ -103.999947996, 39.877379261 ], [ -103.999927796, 39.87530746 ], [ -103.999928596, 39.873129559000098 ], [ -103.999880696, 39.870765858 ], [ -103.999860196, 39.868837958 ], [ -103.999832796, 39.8666159570001 ], [ -103.999819096, 39.864294057000102 ], [ -103.999771196, 39.861824956000099 ], [ -103.999764296, 39.859518655 ], [ -103.999716396, 39.857275255000097 ], [ -103.999716396, 39.855452882000101 ], [ -104.002667591, 39.855551409 ], [ -104.005255923, 39.855682778000102 ], [ -104.018928616, 39.8561206420001 ], [ -104.018926548, 39.853372645 ], [ -104.018956258, 39.851324461 ], [ -104.018980026, 39.849121111 ], [ -104.018980026, 39.847652173 ], [ -104.019015678, 39.8453118420001 ], [ -104.018973722, 39.842801716 ], [ -104.01905133, 39.839362572 ], [ -104.019039446, 39.838783129 ], [ -104.019057272, 39.836506374000102 ], [ -104.019063214, 39.8342523580001 ], [ -104.019039446, 39.8288497180001 ], [ -104.019108761, 39.8265004880001 ], [ -104.019147364, 39.824039801 ], [ -104.019237196, 39.821847645 ], [ -104.019264496, 39.819913145 ], [ -104.019247416, 39.817696304 ], [ -104.019327509, 39.815649083 ], [ -104.019372198, 39.813305634000102 ], [ -104.019435596, 39.811091843 ], [ -104.019461328, 39.808900989 ], [ -104.019579796, 39.806604242 ], [ -104.019609878, 39.804482368 ], [ -104.019663355, 39.802432726000099 ], [ -104.019930745, 39.791781816 ], [ -104.020066096, 39.788877237000101 ], [ -104.020067411, 39.786412366 ], [ -104.020109005, 39.784074515 ], [ -104.020205596, 39.781432034 ], [ -104.020221903, 39.779681698000097 ], [ -104.02039422, 39.777663282 ], [ -104.020566539, 39.774891289 ], [ -104.020726972, 39.772868166000102 ], [ -104.020845812, 39.770639466 ], [ -104.020934942, 39.768419827000102 ], [ -104.021006246, 39.766405649 ], [ -104.021059724, 39.764158468 ], [ -104.021142912, 39.763080526000103 ], [ -104.021267693, 39.759732405000101 ], [ -104.021370496, 39.757423928 ], [ -104.021433296, 39.755396928 ], [ -104.021489096, 39.7531607270001 ], [ -104.021691396, 39.750828027000097 ], [ -104.021893596, 39.748656026 ], [ -104.022088996, 39.746076425000098 ], [ -104.022277296, 39.744467425 ], [ -104.022437696, 39.742536624 ], [ -104.022612096, 39.740348324 ], [ -104.022737696, 39.738192124000101 ], [ -104.022786496, 39.736009023000101 ], [ -104.022911996, 39.733858022 ], [ -104.022939896, 39.731551422 ], [ -104.023023596, 39.7293037210001 ], [ -104.023342496, 39.715977018 ], [ -104.023349596, 39.713800617000103 ], [ -104.023399396, 39.711782716000101 ], [ -104.023505996, 39.709633516 ], [ -104.023498896, 39.707500715 ], [ -104.023569996, 39.705236514 ], [ -104.023690896, 39.700926714 ], [ -104.023747696, 39.698793513000098 ], [ -104.023804596, 39.696042212000101 ], [ -104.023847296, 39.693755812000099 ], [ -104.023868596, 39.690698011000102 ], [ -104.023856881, 39.688625723 ], [ -104.022158367, 39.688615821 ], [ -104.022184102, 39.686942379000101 ], [ -104.020331797, 39.685770963 ] ] ] } },
{ "type": "Feature", "properties": { "objectid": "74459", "id": "206738", "type": "AC; OVERHEAD", "status": "NOT AVAILABLE", "naics_code": "221121", "naics_desc": "ELECTRIC BULK POWER TRANSMISSION AND CONTROL", "source": "IMAGERY", "sourcedate": "2015-12-17T18:00:00-07:00", "val_method": "IMAGERY", "val_date": "2015-12-17T18:00:00-07:00", "owner": "PUBLIC SERVICE CO OF COLORADO", "voltage": 230.0, "volt_class": "220-287", "inferred": "Y", "sub_1": "NOT AVAILABLE", "sub_2": "UNKNOWN201412", "shape_lengt": 107.1514920938, "globalid": "57d96c2f-4348-44a8-9b0c-f368147d831f", "STATEFP": "08", "STATENS": "01779779", "AFFGEOID": "0400000US08", "GEOID": "08", "STUSPS": "CO", "NAME": "Colorado", "LSAD": "00", "ALAND": 268422891711, "AWATER": 1181621593 }, "geometry": { "type": "MultiLineString", "coordinates": [ [ [ -104.680465542, 39.74385025 ], [ -104.680443829, 39.743433844 ], [ -104.680468814, 39.743310112000103 ], [ -104.680725479, 39.743328074 ] ] ] } },
{ "type": "Feature", "properties": { "objectid": "74535", "id": "206815", "type": "AC; OVERHEAD", "status": "NOT AVAILABLE", "naics_code": "221121", "naics_desc": "ELECTRIC BULK POWER TRANSMISSION AND CONTROL", "source": "IMAGERY", "sourcedate": "2016-01-17T18:00:00-07:00", "val_method": "IMAGERY", "val_date": "2016-01-17T18:00:00-07:00", "owner": "PUBLIC SERVICE CO OF COLORADO", "voltage": 230.0, "volt_class": "220-287", "inferred": "Y", "sub_1": "NOT AVAILABLE", "sub_2": "UNKNOWN203678", "shape_lengt": 160.1529327152, "globalid": "9e209cb1-1118-46b4-8e10-f3af5ba52544", "STATEFP": "08", "STATENS": "01779779", "AFFGEOID": "0400000US08", "GEOID": "08", "STUSPS": "CO", "NAME": "Colorado", "LSAD": "00", "ALAND": 268422891711, "AWATER": 1181621593 }, "geometry": { "type": "MultiLineString", "coordinates": [ [ [ -105.225948163, 39.857024516 ], [ -105.224974691, 39.857276435000102 ], [ -105.22480337, 39.857275008 ], [ -105.22463776, 39.857275008 ], [ -105.224640924, 39.857217918000103 ] ] ] } },
{ "type": "Feature", "properties": { "objectid": "68506", "id": "200207", "type": "AC; OVERHEAD", "status": "NOT AVAILABLE", "naics_code": "221121", "naics_desc": "ELECTRIC BULK POWER TRANSMISSION AND CONTROL", "source": "Regional Map", "sourcedate": "2014-06-29T20:00:00-06:00", "val_method": "IMAGERY/OTHER", "val_date": "2014-06-29T20:00:00-06:00", "owner": "PUBLIC SERVICE CO OF COLORADO", "voltage": 230.0, "volt_class": "220-287", "inferred": "N", "sub_1": "FULLER", "sub_2": "DANIELS PARK", "shape_lengt": 92411.534092902701, "globalid": "7fc01c8a-d2e4-42e6-9c9b-a74a4be244df", "STATEFP": "08", "STATENS": "01779779", "AFFGEOID": "0400000US08", "GEOID": "08", "STUSPS": "CO", "NAME": "Colorado", "LSAD": "00", "ALAND": 268422891711, "AWATER": 1181621593 }, "geometry": { "type": "MultiLineString", "coordinates": [ [ [ -104.629926165, 38.936717662 ], [ -104.629555448, 38.937349294 ], [ -104.628474913, 38.937340478000102 ], [ -104.627369726, 38.937384099 ], [ -104.627107515, 39.013132832 ], [ -104.627122287, 39.020926237 ], [ -104.617441453, 39.020985319 ], [ -104.617509895, 39.030378796 ], [ -104.617433848, 39.039322117 ], [ -104.617251334, 39.055504641 ], [ -104.62675726, 39.064403449 ], [ -104.626797837, 39.070733122 ], [ -104.626567141, 39.077286132 ], [ -104.626589956, 39.110143441 ], [ -104.626650793, 39.13491057 ], [ -104.626681212, 39.164156186000099 ], [ -104.632346744, 39.175281544 ], [ -104.64665126, 39.202990002 ], [ -104.658339745, 39.225809885 ], [ -104.668796263, 39.246260754 ], [ -104.678393445, 39.252008543 ], [ -104.69377023, 39.261265261 ], [ -104.707063315, 39.269249082000101 ], [ -104.720873524, 39.277549877 ], [ -104.734189642, 39.285519854 ], [ -104.747520533, 39.293571752 ], [ -104.75961207, 39.300822183 ], [ -104.766562802, 39.305006139 ], [ -104.774205566, 39.309578194 ], [ -104.778471825, 39.316926985000102 ], [ -104.782738085, 39.324292652 ], [ -104.789156485, 39.335357344000101 ], [ -104.79501974, 39.345479327000099 ], [ -104.799422884, 39.353065442000101 ], [ -104.806373617, 39.365042770000102 ], [ -104.812107591, 39.374919433000102 ], [ -104.818358688, 39.385646963000099 ], [ -104.829349658, 39.40455718 ], [ -104.835134744, 39.411362807 ], [ -104.84024513, 39.417379039 ], [ -104.846549459, 39.424839857000102 ], [ -104.855690357, 39.4356066980001 ], [ -104.862131571, 39.443212385 ], [ -104.868922605, 39.451251778 ], [ -104.874314365, 39.457610991 ], [ -104.879581222, 39.463789252 ], [ -104.883102017, 39.467968229 ], [ -104.885966537, 39.4713195040001 ], [ -104.889768922, 39.475814752000097 ], [ -104.893412158, 39.4801072610001 ], [ -104.896614989, 39.483875474000101 ], [ -104.900373822, 39.488294506000102 ], [ -104.903660262, 39.492177565000098 ], [ -104.903839368, 39.492952655000103 ], [ -104.905388232, 39.492961583000103 ], [ -104.905378649, 39.493512382000098 ], [ -104.90505142, 39.494246447000101 ] ] ] } },
{ "type": "Feature", "properties": { "objectid": "74718", "id": "207014", "type": "AC; OVERHEAD", "status": "NOT AVAILABLE", "naics_code": "221121", "naics_desc": "ELECTRIC BULK POWER TRANSMISSION AND CONTROL", "source": "IMAGERY", "sourcedate": "2016-01-17T18:00:00-07:00", "val_method": "IMAGERY", "val_date": "2016-01-17T18:00:00-07:00", "owner": "PUBLIC SERVICE CO OF COLORADO", "voltage": 230.0, "volt_class": "220-287", "inferred": "Y", "sub_1": "NOT AVAILABLE", "sub_2": "UNKNOWN203678", "shape_lengt": 165.74973879699999, "globalid": "0d6dda07-e732-4e5e-a00b-a768f96d4bb8", "STATEFP": "08", "STATENS": "01779779", "AFFGEOID": "0400000US08", "GEOID": "08", "STUSPS": "CO", "NAME": "Colorado", "LSAD": "00", "ALAND": 268422891711, "AWATER": 1181621593 }, "geometry": { "type": "MultiLineString", "coordinates": [ [ [ -105.225948163, 39.857024516 ], [ -105.224961842, 39.857058001 ], [ -105.224670596, 39.857058001 ], [ -105.224640924, 39.857217918000103 ] ] ] } },
{ "type": "Feature", "properties": { "objectid": "70033", "id": "201792", "type": "AC; OVERHEAD", "status": "NOT AVAILABLE", "naics_code": "221121", "naics_desc": "ELECTRIC BULK POWER TRANSMISSION AND CONTROL", "source": "Regional Map", "sourcedate": "2014-06-23T20:00:00-06:00", "val_method": "IMAGERY/OTHER", "val_date": "2014-06-23T20:00:00-06:00", "owner": "WAPA-- WESTERN AREA POWER ADMINISTRATION", "voltage": 230.0, "volt_class": "220-287", "inferred": "N", "sub_1": "PONCHA", "sub_2": "WEST CANON", "shape_lengt": 91899.622560760603, "globalid": "9700e31a-20d0-4aa2-810a-ac0849126775", "STATEFP": "08", "STATENS": "01779779", "AFFGEOID": "0400000US08", "GEOID": "08", "STUSPS": "CO", "NAME": "Colorado", "LSAD": "00", "ALAND": 268422891711, "AWATER": 1181621593 }, "geometry": { "type": "MultiLineString", "coordinates": [ [ [ -106.091978209, 38.509324363000097 ], [ -106.092018387, 38.509009958 ], [ -106.093047112, 38.508240358000101 ], [ -106.096126746, 38.505434458 ], [ -106.088039893, 38.5027395050001 ], [ -106.082929778, 38.5027395050001 ], [ -106.078770384, 38.504506512 ], [ -106.076037066, 38.506180478 ], [ -106.05524009, 38.508691356000099 ], [ -106.009130223, 38.497345215 ], [ -105.967536271, 38.495299 ], [ -105.937826305, 38.493717794000098 ], [ -105.910611976, 38.496229105000097 ], [ -105.882090408, 38.512596990000098 ], [ -105.857252878, 38.514642714 ], [ -105.84608193, 38.513433884 ], [ -105.805438697, 38.507203439000101 ], [ -105.775491051, 38.501623478000099 ], [ -105.773351933, 38.501716481000102 ], [ -105.756357833, 38.504134514 ], [ -105.717972557, 38.515944508000103 ], [ -105.694442264, 38.517897156000103 ], [ -105.678280042, 38.521895268 ], [ -105.651184553, 38.523289906000102 ], [ -105.622900666, 38.521709314000098 ], [ -105.581425553, 38.532679765000097 ], [ -105.54969531, 38.533051615 ], [ -105.485284104, 38.541324789 ], [ -105.46258569, 38.534260116 ], [ -105.456762536, 38.533981233000098 ], [ -105.450582863, 38.536491140000102 ], [ -105.431449645, 38.546529894000102 ], [ -105.425151133, 38.547087561000097 ], [ -105.398649843, 38.538071407000103 ], [ -105.380229664, 38.534910838 ], [ -105.333406758, 38.5072964350001 ], [ -105.326667745, 38.506095231000103 ], [ -105.3209872, 38.505161534 ], [ -105.31947, 38.504928 ] ] ] } },
{ "type": "Feature", "properties": { "objectid": "69967", "id": "201726", "type": "AC; OVERHEAD", "status": "NOT AVAILABLE", "naics_code": "221121", "naics_desc": "ELECTRIC BULK POWER TRANSMISSION AND CONTROL", "source": "IMAGERY", "sourcedate": "2014-07-08T20:00:00-06:00", "val_method": "IMAGERY", "val_date": "2014-07-08T20:00:00-06:00", "owner": "PUBLIC SERVICE CO OF COLORADO", "voltage": 230.0, "volt_class": "220-287", "inferred": "Y", "sub_1": "RIFLE PSCO", "sub_2": "UNKNOWN203894", "shape_lengt": 5679.7062741379004, "globalid": "978bf22d-403c-48ac-9bee-b2eb2d40a440", "STATEFP": "08", "STATENS": "01779779", "AFFGEOID": "0400000US08", "GEOID": "08", "STUSPS": "CO", "NAME": "Colorado", "LSAD": "00", "ALAND": 268422891711, "AWATER": 1181621593 }, "geometry": { "type": "MultiLineString", "coordinates": [ [ [ -107.679823145, 39.520640728 ], [ -107.679873821, 39.520143932 ], [ -107.6804887, 39.520146700000097 ], [ -107.6825477, 39.519940700000099 ], [ -107.6852713, 39.519655300000103 ], [ -107.6877587, 39.5194008 ], [ -107.6929891, 39.5188669 ], [ -107.6994844, 39.518230700000103 ], [ -107.7023431, 39.5179126 ], [ -107.7088245, 39.517245500000101 ], [ -107.7112629, 39.5169979 ], [ -107.7136299, 39.5167572 ], [ -107.7154887, 39.5165818 ], [ -107.7180742, 39.516286 ], [ -107.7208156, 39.5160281 ], [ -107.7230846, 39.5158046 ], [ -107.7240296, 39.515701400000097 ], [ -107.7242079, 39.516540500000097 ], [ -107.7258884, 39.517303900000101 ], [ -107.7273907, 39.517971100000103 ], [ -107.7284276, 39.517828000000101 ] ] ] } },
{ "type": "Feature", "properties": { "objectid": "70061", "id": "201820", "type": "AC; OVERHEAD", "status": "NOT AVAILABLE", "naics_code": "221121", "naics_desc": "ELECTRIC BULK POWER TRANSMISSION AND CONTROL", "source": "Regional Map", "sourcedate": "2014-07-08T20:00:00-06:00", "val_method": "IMAGERY/OTHER", "val_date": "2014-07-08T20:00:00-06:00", "owner": "PUBLIC SERVICE CO OF COLORADO", "voltage": 230.0, "volt_class": "220-287", "inferred": "N", "sub_1": "COMANCHE", "sub_2": "MIDWAY", "shape_lengt": 100227.688546323, "globalid": "0060dff1-aaeb-4488-af25-b336851f5cb5", "STATEFP": "08", "STATENS": "01779779", "AFFGEOID": "0400000US08", "GEOID": "08", "STUSPS": "CO", "NAME": "Colorado", "LSAD": "00", "ALAND": 268422891711, "AWATER": 1181621593 }, "geometry": { "type": "MultiLineString", "coordinates": [ [ [ -104.576305422, 38.211333365 ], [ -104.574860138, 38.210949200000101 ], [ -104.574760311, 38.210373994 ], [ -104.571844743, 38.210401493000099 ], [ -104.5715748, 38.208518700000099 ], [ -104.571514, 38.1996724 ], [ -104.5713114, 38.198117500000102 ], [ -104.571347983, 38.195994482000103 ], [ -104.571473174, 38.183250492000099 ], [ -104.5689553, 38.183250400000098 ], [ -104.566828, 38.183218500000102 ], [ -104.5640593, 38.183207900000099 ], [ -104.5610339, 38.1831867000001 ], [ -104.5591633, 38.1831442000001 ], [ -104.5564012, 38.183133600000097 ], [ -104.5540039, 38.183123000000101 ], [ -104.5518406, 38.183095300000097 ], [ -104.5496629, 38.183067600000101 ], [ -104.5459938, 38.183075100000103 ], [ -104.5436906, 38.183044800000097 ], [ -104.5407867, 38.1830227 ], [ -104.5387104, 38.1830172 ], [ -104.5364378, 38.1829952 ], [ -104.5341581, 38.182978600000098 ], [ -104.5318083, 38.18294 ], [ -104.5293814, 38.1829345 ], [ -104.526751, 38.182890400000097 ], [ -104.5240294, 38.1828794 ], [ -104.5212117, 38.1828797000001 ], [ -104.5190462, 38.1828204 ], [ -104.5161264, 38.182817600000099 ], [ -104.5133611, 38.182817600000099 ], [ -104.5107107, 38.1827668 ], [ -104.5079417, 38.182780900000097 ], [ -104.5052698, 38.182812 ], [ -104.5024777, 38.1827646 ], [ -104.49987, 38.1827812000001 ], [ -104.4971391, 38.1827646 ], [ -104.4945032, 38.1827812000001 ], [ -104.4921423, 38.182795 ], [ -104.4897919, 38.18282 ], [ -104.4872406, 38.1828366 ], [ -104.4846943, 38.182841300000099 ], [ -104.4820721, 38.1828738 ], [ -104.4796769, 38.182884600000101 ], [ -104.4770754, 38.1829008 ], [ -104.4744463, 38.1829008 ], [ -104.4718447, 38.182922500000103 ], [ -104.4690091, 38.182922500000103 ], [ -104.4663112, 38.1829279 ], [ -104.4638059, 38.182933300000101 ], [ -104.4614797, 38.1829495 ], [ -104.4596696, 38.1829603 ], [ -104.4570749, 38.1829603 ], [ -104.4544113, 38.182965700000103 ], [ -104.4518373, 38.182982 ], [ -104.4493665, 38.1829711 ], [ -104.4466961, 38.1829711 ], [ -104.4442046, 38.182987400000101 ], [ -104.4416719, 38.182982 ], [ -104.4392148, 38.183003600000099 ], [ -104.4366683, 38.183003600000099 ], [ -104.4342577, 38.183014200000102 ], [ -104.4317388, 38.183016200000097 ], [ -104.4293002, 38.183026900000101 ], [ -104.4268617, 38.183037700000099 ], [ -104.4238066, 38.183037700000099 ], [ -104.4215598, 38.183037700000099 ], [ -104.4182992, 38.1830808 ], [ -104.4152716, 38.1830915 ], [ -104.4120384, 38.1831023 ], [ -104.4089262, 38.183098400000098 ], [ -104.4055631, 38.1831033 ], [ -104.4029888, 38.183108800000099 ], [ -104.4002041, 38.183136400000102 ], [ -104.3973984, 38.183169400000097 ], [ -104.39427, 38.183191500000099 ], [ -104.3915344, 38.183208 ], [ -104.3859268, 38.1832186 ], [ -104.3858129, 38.1854769 ], [ -104.3858624, 38.1877375 ], [ -104.3858803, 38.1899392 ], [ -104.3858803, 38.1917118000001 ], [ -104.3859306, 38.1936679 ], [ -104.3859306, 38.195753700000097 ], [ -104.3859306, 38.1978310000001 ], [ -104.3859126, 38.199885600000101 ], [ -104.3859234, 38.2016523 ], [ -104.3858839, 38.2037436 ], [ -104.3858839, 38.205276 ], [ -104.38583, 38.2065628 ], [ -104.3857869, 38.2088656 ], [ -104.385751, 38.210815500000102 ], [ -104.3857187, 38.212974200000097 ], [ -104.3857115, 38.215400900000098 ], [ -104.3856253, 38.2177372 ], [ -104.3856433, 38.2200142 ], [ -104.3856217, 38.222347500000097 ], [ -104.3856087, 38.224726100000098 ], [ -104.385573, 38.227202700000099 ], [ -104.3854872, 38.229741 ], [ -104.3854086, 38.2320883 ], [ -104.3853371, 38.234587100000098 ], [ -104.3852584, 38.2364793 ], [ -104.3851155, 38.239320500000098 ], [ -104.3850869, 38.2417461000001 ], [ -104.3849725, 38.2428521000001 ], [ -104.3849958, 38.244624600000101 ], [ -104.3850816, 38.2476394 ], [ -104.3851745, 38.2503623 ], [ -104.3852532, 38.252927800000101 ], [ -104.3853818, 38.255055400000103 ], [ -104.3854533, 38.2572391 ], [ -104.3855177, 38.2593553 ], [ -104.3855892, 38.261499500000099 ], [ -104.3856892, 38.263654900000098 ], [ -104.3857822, 38.266107700000099 ], [ -104.3858322, 38.267774700000103 ], [ -104.3858066, 38.269497700000102 ], [ -104.3859251, 38.271765200000097 ], [ -104.3859823, 38.2738642 ], [ -104.3860639, 38.2759395 ], [ -104.3861277, 38.2780443 ], [ -104.3861923, 38.280220900000103 ], [ -104.3862802, 38.2830423 ], [ -104.3863607, 38.2851884 ], [ -104.3864083, 38.286564600000098 ], [ -104.3869573, 38.2889893 ], [ -104.386928, 38.290827900000103 ], [ -104.386944, 38.292799300000098 ], [ -104.3869583, 38.296698600000099 ], [ -104.3869512, 38.298651 ], [ -104.3869726, 38.3006931 ], [ -104.3869512, 38.3019946000001 ], [ -104.3869226, 38.3040029000001 ], [ -104.3869298, 38.305949500000096 ], [ -104.3869337, 38.3079089 ], [ -104.3869368, 38.309887 ], [ -104.3869368, 38.3121202 ], [ -104.386976, 38.3143044 ], [ -104.3878245, 38.315186100000098 ], [ -104.3893843, 38.3167179000001 ], [ -104.3908405, 38.3181731 ], [ -104.3923773, 38.3197361 ], [ -104.3939073, 38.3212365 ], [ -104.3954591, 38.3227788 ], [ -104.3969648, 38.3242815 ], [ -104.3979231, 38.325234700000102 ], [ -104.3996425, 38.3269208 ], [ -104.4007791, 38.328063800000102 ], [ -104.4023359, 38.329588100000102 ], [ -104.4039259, 38.3311952 ], [ -104.4054195, 38.3326925000001 ], [ -104.406926, 38.3342004 ], [ -104.4084747, 38.3357164 ], [ -104.4098255, 38.3370648000001 ], [ -104.4114474, 38.338657 ], [ -104.4127693, 38.340007800000102 ], [ -104.414098, 38.341366300000097 ], [ -104.4154856, 38.342723400000096 ], [ -104.4173096, 38.344542400000101 ], [ -104.4186706, 38.345967700000102 ], [ -104.4202225, 38.3475162 ], [ -104.4217743, 38.348978900000098 ], [ -104.4233618, 38.350552500000099 ], [ -104.4249309, 38.352061300000102 ], [ -104.4263789, 38.3535669 ], [ -104.427903, 38.3550742 ], [ -104.4294243, 38.3565949 ], [ -104.4307166, 38.357906500000098 ], [ -104.4320447, 38.3591756000001 ], [ -104.4337957, 38.3609425000001 ], [ -104.4351317, 38.362307400000098 ], [ -104.4368702, 38.364050200000101 ], [ -104.4384088, 38.365582500000102 ], [ -104.439923, 38.367062200000099 ], [ -104.4416985, 38.368886200000098 ], [ -104.4431689, 38.3703283 ], [ -104.4445337, 38.371684200000097 ], [ -104.4460488, 38.3731989 ], [ -104.4475296, 38.374694 ], [ -104.4489634, 38.376098 ], [ -104.4503473, 38.377505400000103 ], [ -104.451811, 38.3789728 ], [ -104.4533126, 38.380462000000101 ], [ -104.4552392, 38.382370900000097 ], [ -104.4567588, 38.3838998 ], [ -104.458464, 38.3855693 ], [ -104.4598879, 38.3870091 ], [ -104.4614607, 38.3885267 ], [ -104.4627698, 38.389872 ], [ -104.4642951, 38.391387300000098 ], [ -104.4658806, 38.392987500000103 ], [ -104.4674212, 38.394534900000103 ], [ -104.4690366, 38.3961644 ], [ -104.4707493, 38.397829000000101 ], [ -104.4730602, 38.400126500000098 ], [ -104.4750496, 38.4021046 ], [ -104.476811, 38.403905000000101 ], [ -104.479075, 38.406155500000096 ], [ -104.4805733, 38.407666200000101 ], [ -104.4818559, 38.4089235000001 ], [ -104.4835263, 38.4106037 ], [ -104.485125, 38.4122127 ], [ -104.4868433, 38.4139828 ], [ -104.4884109, 38.415570300000098 ], [ -104.4900071, 38.417103100000098 ], [ -104.4915435, 38.4186144 ], [ -104.4930177, 38.4201069000001 ], [ -104.4947982, 38.4218919 ], [ -104.4963299, 38.4234031 ], [ -104.4978519, 38.424929200000101 ], [ -104.4993501, 38.426432900000101 ], [ -104.5014082, 38.4284876 ], [ -104.5026192, 38.429695 ], [ -104.5041652, 38.431224800000102 ], [ -104.5054527, 38.4325033000001 ], [ -104.5071715, 38.4342258 ], [ -104.5083676, 38.4354203 ], [ -104.5098562, 38.436908700000103 ], [ -104.5116074, 38.4386316000001 ], [ -104.5132793, 38.440295800000101 ], [ -104.515055, 38.4420653 ], [ -104.5168558, 38.443846700000101 ], [ -104.5185783, 38.4455821 ], [ -104.5202186, 38.4472102 ], [ -104.5216123, 38.448589900000101 ], [ -104.5229863, 38.449969500000101 ], [ -104.524611, 38.451585200000103 ], [ -104.5261495, 38.453108900000103 ], [ -104.5276449, 38.4546049 ], [ -104.529109, 38.4560703000001 ], [ -104.5306397, 38.4575816 ], [ -104.5321547, 38.4590776000001 ], [ -104.5336541, 38.4605858 ], [ -104.5353452, 38.4622717 ], [ -104.5370208, 38.4639362 ], [ -104.5385593, 38.4654657 ], [ -104.5400978, 38.4669891 ], [ -104.5416558, 38.4685247 ], [ -104.5424036, 38.470238100000103 ], [ -104.5432139, 38.472046400000103 ], [ -104.5440047, 38.4738516 ], [ -104.5450108, 38.476033700000102 ], [ -104.5457663, 38.4777898 ], [ -104.5465884, 38.4795795 ], [ -104.5473675, 38.4813263 ], [ -104.5481817, 38.483146600000097 ], [ -104.5489999, 38.484957700000102 ], [ -104.5498142, 38.4867687 ], [ -104.5515915, 38.4905653000001 ], [ -104.552551, 38.4925724 ], [ -104.5534471, 38.494444300000097 ], [ -104.5542653, 38.496163200000098 ], [ -104.5551109, 38.4979249 ], [ -104.5560622, 38.4998091 ], [ -104.55708, 38.5016841 ], [ -104.5580274, 38.5034426 ], [ -104.5588641, 38.505044600000097 ], [ -104.5596442, 38.5065613 ], [ -104.5604545, 38.5081206 ], [ -104.561204, 38.509674400000101 ], [ -104.5619578, 38.5111992000001 ], [ -104.5627525, 38.512841100000102 ], [ -104.5647921, 38.5128686 ], [ -104.566853, 38.512886900000098 ], [ -104.5696917, 38.512911900000098 ], [ -104.5721788, 38.512931900000098 ], [ -104.5744612, 38.512947 ], [ -104.57691, 38.512972 ], [ -104.5794929, 38.512987000000102 ], [ -104.5822677, 38.513002 ], [ -104.5849146, 38.513037 ], [ -104.5871907, 38.513047 ], [ -104.590055, 38.513077000000102 ], [ -104.5926699, 38.513092 ], [ -104.5952593, 38.513112 ], [ -104.5981044, 38.513132100000099 ], [ -104.6004444, 38.513112 ], [ -104.602663, 38.513072000000101 ], [ -104.6054314, 38.513007000000101 ], [ -104.6072088, 38.5129327000001 ], [ -104.6098955, 38.5128651 ], [ -104.6110551, 38.512838400000099 ], [ -104.6138904, 38.512775600000097 ], [ -104.6159573, 38.512719 ], [ -104.6189239, 38.5126457000001 ], [ -104.6207605, 38.5125933 ], [ -104.6232183, 38.5125305 ], [ -104.6260135, 38.512465500000097 ], [ -104.6279198, 38.5124153 ], [ -104.6296788, 38.5123587 ], [ -104.631652, 38.5123189 ], [ -104.6341784, 38.5122557 ], [ -104.63698, 38.512186900000103 ], [ -104.6390201, 38.512134500000101 ], [ -104.6412852, 38.5120801 ], [ -104.6437162, 38.512031900000103 ], [ -104.6462356, 38.5120361 ], [ -104.6481499, 38.512061200000097 ], [ -104.6500937, 38.5120675000001 ], [ -104.6519357, 38.5120801 ], [ -104.6546773, 38.5120947 ], [ -104.656514, 38.5121031 ], [ -104.6597, 38.512122 ], [ -104.6616438, 38.5121324 ], [ -104.6636685, 38.5121395 ], [ -104.6664737, 38.512163900000097 ], [ -104.6690294, 38.5121817 ], [ -104.6713347, 38.512188400000099 ], [ -104.6730669, 38.512221800000098 ], [ -104.6771642, 38.512218500000102 ], [ -104.6792257, 38.512248600000099 ], [ -104.6815053, 38.5122687 ], [ -104.6835839, 38.5122888000001 ], [ -104.6864324, 38.5122888000001 ], [ -104.6882672, 38.5122754000001 ], [ -104.6901662, 38.5123021 ], [ -104.6902688, 38.5145778 ], [ -104.6901976, 38.5168536 ], [ -104.6901411, 38.5194506 ], [ -104.6901411, 38.5225227 ], [ -104.6901236, 38.523952700000102 ], [ -104.6901148, 38.525936800000103 ], [ -104.6901236, 38.5278524 ], [ -104.6901542, 38.529579900000101 ], [ -104.6901542, 38.531078100000101 ], [ -104.6901454, 38.532336900000097 ], [ -104.6901608, 38.533516900000102 ], [ -104.6901608, 38.5358642 ], [ -104.6901662, 38.5383568 ], [ -104.6901553, 38.5408022 ], [ -104.6901444, 38.5433288 ], [ -104.6901976, 38.545759100000097 ], [ -104.6901976, 38.5470041 ], [ -104.6902113, 38.5490506 ], [ -104.6902604, 38.5513550000001 ], [ -104.6903702, 38.5532490000001 ], [ -104.6892036, 38.555596700000102 ], [ -104.689299047, 38.557466939 ], [ -104.68931459, 38.558269666000101 ], [ -104.687091578, 38.558463213 ], [ -104.687128246, 38.561986388 ], [ -104.689190834, 38.562280276 ], [ -104.689617537, 38.562109612 ], [ -104.689993072, 38.561481438 ], [ -104.690542407, 38.561174435000098 ] ] ] } },
{ "type": "Feature", "properties": { "objectid": "70411", "id": "202172", "type": "AC; OVERHEAD", "status": "NOT AVAILABLE", "naics_code": "221121", "naics_desc": "ELECTRIC BULK POWER TRANSMISSION AND CONTROL", "source": "Regional Map", "sourcedate": "2014-07-08T20:00:00-06:00", "val_method": "IMAGERY/OTHER", "val_date": "2014-07-08T20:00:00-06:00", "owner": "PUBLIC SERVICE CO OF COLORADO", "voltage": 230.0, "volt_class": "220-287", "inferred": "N", "sub_1": "IMBODEN", "sub_2": "SPRUCE", "shape_lengt": 18069.628076541099, "globalid": "738e5db9-3e55-44c6-8d54-b7556e45de19", "STATEFP": "08", "STATENS": "01779779", "AFFGEOID": "0400000US08", "GEOID": "08", "STUSPS": "CO", "NAME": "Colorado", "LSAD": "00", "ALAND": 268422891711, "AWATER": 1181621593 }, "geometry": { "type": "MultiLineString", "coordinates": [ [ [ -104.582436629, 39.787231004 ], [ -104.582151349, 39.786997818 ], [ -104.582319885, 39.78658339 ], [ -104.583074929, 39.7865989310001 ], [ -104.58303448, 39.782827523 ], [ -104.613959996, 39.7830111130001 ], [ -104.613966463, 39.783530762000098 ], [ -104.621950136, 39.783611228 ], [ -104.625023136, 39.783640329 ], [ -104.628304135, 39.783705729000097 ], [ -104.631306135, 39.783756529000101 ], [ -104.634658035, 39.783803829000099 ], [ -104.637915435, 39.783858329000097 ], [ -104.641267335, 39.783894629 ], [ -104.644827235, 39.783916429000101 ], [ -104.648183835, 39.783916429000101 ], [ -104.651724835, 39.783916429000101 ], [ -104.654991635, 39.7839273290001 ], [ -104.658457035, 39.7839309290001 ], [ -104.661837336, 39.7839309290001 ], [ -104.664867736, 39.783949129000099 ], [ -104.667926535, 39.783960029000099 ], [ -104.670852936, 39.783970929000098 ], [ -104.674216111, 39.784031612 ], [ -104.677647612, 39.784056726000102 ], [ -104.677677917, 39.768776774000102 ], [ -104.677765312, 39.7592551010001 ], [ -104.67777893, 39.749331427000101 ], [ -104.677743278, 39.746910081000102 ], [ -104.677760938, 39.745135826000102 ], [ -104.677767047, 39.742103685000103 ], [ -104.679692252, 39.74221334 ], [ -104.682538467, 39.742190495 ], [ -104.683492072, 39.741884288 ] ] ] } },
{ "type": "Feature", "properties": { "objectid": "73068", "id": "205103", "type": "AC; OVERHEAD", "status": "NOT AVAILABLE", "naics_code": "221121", "naics_desc": "ELECTRIC BULK POWER TRANSMISSION AND CONTROL", "source": "IMAGERY", "sourcedate": "2015-08-12T20:00:00-06:00", "val_method": "IMAGERY", "val_date": "2015-08-12T20:00:00-06:00", "owner": "MORGAN COUNTY RURAL ELEC ASSN", "voltage": 230.0, "volt_class": "220-287", "inferred": "Y", "sub_1": "STORY", "sub_2": "STORY", "shape_lengt": 1026.8680486113999, "globalid": "6b7bce4e-fb60-466e-bfd0-bc592aaa1db7", "STATEFP": "08", "STATENS": "01779779", "AFFGEOID": "0400000US08", "GEOID": "08", "STUSPS": "CO", "NAME": "Colorado", "LSAD": "00", "ALAND": 268422891711, "AWATER": 1181621593 }, "geometry": { "type": "MultiLineString", "coordinates": [ [ [ -103.589002921, 40.254822693000101 ], [ -103.58926261, 40.254920437000102 ], [ -103.589230666, 40.255612915 ], [ -103.589557713, 40.256373297 ], [ -103.591305134, 40.256405221000101 ], [ -103.593425238, 40.256451656 ], [ -103.594997727, 40.256463265 ], [ -103.595853334, 40.256314376 ], [ -103.596150434, 40.256314376 ], [ -103.596442137, 40.256478287 ] ] ] } },
{ "type": "Feature", "properties": { "objectid": "70408", "id": "202169", "type": "AC; OVERHEAD", "status": "NOT AVAILABLE", "naics_code": "221121", "naics_desc": "ELECTRIC BULK POWER TRANSMISSION AND CONTROL", "source": "IMAGERY", "sourcedate": "2014-07-08T20:00:00-06:00", "val_method": "IMAGERY", "val_date": "2014-07-08T20:00:00-06:00", "owner": "PUBLIC SERVICE CO OF COLORADO", "voltage": 230.0, "volt_class": "220-287", "inferred": "Y", "sub_1": "CHAMBERS", "sub_2": "SPRUCE", "shape_lengt": 15800.2549962875, "globalid": "587a5dd7-8354-4bb9-ad9f-bd1f29759902", "STATEFP": "08", "STATENS": "01779779", "AFFGEOID": "0400000US08", "GEOID": "08", "STUSPS": "CO", "NAME": "Colorado", "LSAD": "00", "ALAND": 268422891711, "AWATER": 1181621593 }, "geometry": { "type": "MultiLineString", "coordinates": [ [ [ -104.812762649, 39.761828575 ], [ -104.812614545, 39.761706782 ], [ -104.812371045, 39.76116789 ], [ -104.812332493, 39.761108431 ], [ -104.798331706, 39.757503957 ], [ -104.791026765, 39.75669151 ], [ -104.781784373, 39.755792383 ], [ -104.768486439, 39.754586425000099 ], [ -104.756877163, 39.753415099 ], [ -104.753968474, 39.754761207000101 ], [ -104.746437917, 39.754761207000101 ], [ -104.743193702, 39.7545364630001 ], [ -104.736395106, 39.754525447 ], [ -104.735231585, 39.755003543 ], [ -104.734555353, 39.753916539 ], [ -104.734587993, 39.751090606000098 ], [ -104.685532149, 39.746426322 ], [ -104.684924307, 39.745781232000098 ], [ -104.684855817, 39.7451032230001 ], [ -104.684855817, 39.741976395000101 ], [ -104.683492072, 39.741884288 ] ] ] } },
{ "type": "Feature", "properties": { "objectid": "73588", "id": "205288", "type": "AC; OVERHEAD", "status": "NOT AVAILABLE", "naics_code": "221121", "naics_desc": "ELECTRIC BULK POWER TRANSMISSION AND CONTROL", "source": "Regional Map", "sourcedate": "2015-08-12T20:00:00-06:00", "val_method": "IMAGERY/OTHER", "val_date": "2015-08-12T20:00:00-06:00", "owner": "PUBLIC SERVICE CO OF COLORADO", "voltage": 230.0, "volt_class": "220-287", "inferred": "N", "sub_1": "UNKNOWN202838", "sub_2": "MALTA", "shape_lengt": 15730.730561484599, "globalid": "a3c89554-bdf2-4978-ac5e-00527ec54920", "STATEFP": "08", "STATENS": "01779779", "AFFGEOID": "0400000US08", "GEOID": "08", "STUSPS": "CO", "NAME": "Colorado", "LSAD": "00", "ALAND": 268422891711, "AWATER": 1181621593 }, "geometry": { "type": "MultiLineString", "coordinates": [ [ [ -106.346844028, 39.106137342000103 ], [ -106.34611416, 39.106607474 ], [ -106.330814613, 39.106581570000102 ], [ -106.328709913, 39.108187618 ], [ -106.321233373, 39.107404022 ], [ -106.3167876, 39.109175207000099 ], [ -106.312141071, 39.111088865 ], [ -106.312490775, 39.117383536 ], [ -106.312869621, 39.123445070000102 ], [ -106.313060663, 39.126857922000099 ], [ -106.310266269, 39.131018751 ], [ -106.311943553, 39.136082982000097 ], [ -106.314608426, 39.144126172 ], [ -106.31539644, 39.146462123 ], [ -106.315731944, 39.152337012 ], [ -106.315803627, 39.155527916 ], [ -106.315774774, 39.164298563 ], [ -106.315846158, 39.167382344 ], [ -106.31738329, 39.17013538 ], [ -106.324995186, 39.182991608000101 ], [ -106.326432677, 39.185099811 ], [ -106.32630834, 39.187430524 ], [ -106.325952913, 39.188610027 ], [ -106.325353132, 39.18861923 ] ] ] } },
{ "type": "Feature", "properties": { "objectid": "70058", "id": "201817", "type": "AC; OVERHEAD", "status": "NOT AVAILABLE", "naics_code": "221121", "naics_desc": "ELECTRIC BULK POWER TRANSMISSION AND CONTROL", "source": "Regional Map", "sourcedate": "2014-06-23T20:00:00-06:00", "val_method": "IMAGERY/OTHER", "val_date": "2014-06-23T20:00:00-06:00", "owner": "PUBLIC SERVICE CO OF COLORADO", "voltage": 230.0, "volt_class": "220-287", "inferred": "N", "sub_1": "BOONE", "sub_2": "COMANCHE", "shape_lengt": 54833.043247665097, "globalid": "0c9c22f7-7053-45cc-824e-0189e6e50867", "STATEFP": "08", "STATENS": "01779779", "AFFGEOID": "0400000US08", "GEOID": "08", "STUSPS": "CO", "NAME": "Colorado", "LSAD": "00", "ALAND": 268422891711, "AWATER": 1181621593 }, "geometry": { "type": "MultiLineString", "coordinates": [ [ [ -104.224042, 38.255807 ], [ -104.223730941, 38.255912522000102 ], [ -104.222962817, 38.2548685040001 ], [ -104.221925817, 38.253289503000097 ], [ -104.221822917, 38.252341402000098 ], [ -104.221719916, 38.250697102000103 ], [ -104.221700117, 38.248788401000098 ], [ -104.221621016, 38.246954400000099 ], [ -104.221549717, 38.245179300000103 ], [ -104.221415217, 38.242524499000098 ], [ -104.221399317, 38.240708898 ], [ -104.221292417, 38.238899498000102 ], [ -104.221256817, 38.237431997 ], [ -104.221157917, 38.2352432960001 ], [ -104.221110417, 38.233470996 ], [ -104.221031217, 38.230955595000097 ], [ -104.220116817, 38.228707594000099 ], [ -104.219265817, 38.226465694000098 ], [ -104.218671917, 38.224923293000103 ], [ -104.217755317, 38.222582992000099 ], [ -104.216869717, 38.220257991 ], [ -104.215992017, 38.217911491000102 ], [ -104.215048217, 38.21544899 ], [ -104.214042317, 38.212861189000101 ], [ -104.213980117, 38.209794288000097 ], [ -104.213949116, 38.207664087000097 ], [ -104.213871417, 38.204676286000101 ], [ -104.213836417, 38.202671185 ], [ -104.213774317, 38.199966984000099 ], [ -104.213739317, 38.198385984 ], [ -104.213754917, 38.1965362830001 ], [ -104.213824817, 38.193862382000098 ], [ -104.213859717, 38.192214082000099 ], [ -104.213910217, 38.190174981 ], [ -104.213937417, 38.188096180000102 ], [ -104.213987916, 38.185913480000103 ], [ -104.214046217, 38.1837276790001 ], [ -104.216411417, 38.1837215790001 ], [ -104.218842717, 38.183724578000103 ], [ -104.221285717, 38.183709379 ], [ -104.223693717, 38.183706279 ], [ -104.226765817, 38.183709379 ], [ -104.230182317, 38.183701979 ], [ -104.233254617, 38.1836957780001 ], [ -104.236625017, 38.183708079 ], [ -104.239654617, 38.1836960790001 ], [ -104.241422917, 38.1836990790001 ], [ -104.244715417, 38.183687079 ], [ -104.248255717, 38.183684078000098 ], [ -104.251517817, 38.183681178 ], [ -104.254680816, 38.183684078000098 ], [ -104.257466617, 38.183681178 ], [ -104.260812517, 38.183675179 ], [ -104.264070817, 38.183666178000102 ], [ -104.267313817, 38.183669179 ], [ -104.270393017, 38.183663179000099 ], [ -104.273582717, 38.1836601790001 ], [ -104.276539917, 38.183651179 ], [ -104.279230417, 38.183654179 ], [ -104.282183817, 38.183663179000099 ], [ -104.285628817, 38.183672178000101 ], [ -104.288353617, 38.183678179 ], [ -104.291573817, 38.183684078000098 ], [ -104.294691017, 38.183684078000098 ], [ -104.298014117, 38.183687079 ], [ -104.299923317, 38.183711078 ], [ -104.302964417, 38.183714079 ], [ -104.304953717, 38.1837200780001 ], [ -104.308257717, 38.183726079 ], [ -104.311214917, 38.183732079 ], [ -104.313657717, 38.183732079 ], [ -104.316584417, 38.183723079 ], [ -104.319358716, 38.183717079000097 ], [ -104.322136817, 38.183717079000097 ], [ -104.324895917, 38.183711078 ], [ -104.328089417, 38.1837200780001 ], [ -104.331305817, 38.1836990790001 ], [ -104.334003916, 38.183711078 ], [ -104.336983917, 38.183714079 ], [ -104.339906917, 38.183705079 ], [ -104.343355717, 38.183711078 ], [ -104.346545416, 38.183708079 ], [ -104.349681717, 38.183714079 ], [ -104.352463717, 38.183708079 ], [ -104.355394217, 38.1836960790001 ], [ -104.358088517, 38.183702078000103 ], [ -104.360935217, 38.1836960790001 ], [ -104.363660017, 38.183684078000098 ], [ -104.366491417, 38.183690079 ], [ -104.369094217, 38.183702078000103 ], [ -104.372135317, 38.183705079 ], [ -104.375553617, 38.183714079 ], [ -104.378213616, 38.183723079 ], [ -104.380792217, 38.183669779000098 ], [ -104.383703217, 38.183631179 ], [ -104.385789517, 38.183385279 ], [ -104.386535217, 38.183364779 ], [ -104.391662617, 38.183381278000098 ], [ -104.394398217, 38.183364779 ], [ -104.397484517, 38.183348178000102 ], [ -104.400332417, 38.183309579 ], [ -104.402976817, 38.183287579000101 ], [ -104.405677317, 38.183276579000101 ], [ -104.409054817, 38.183277379000103 ], [ -104.412159617, 38.183270878 ], [ -104.415433917, 38.183260179000101 ], [ -104.418447817, 38.183249379000102 ], [ -104.421708417, 38.183227878 ], [ -104.424119617, 38.183227878 ], [ -104.426928117, 38.183227878 ], [ -104.429407717, 38.183217078 ], [ -104.431791517, 38.183184778000097 ], [ -104.434375517, 38.183196978000097 ], [ -104.436796417, 38.183189378000101 ], [ -104.439356717, 38.183183979 ], [ -104.441799917, 38.183167678000103 ], [ -104.444305217, 38.183151479000102 ], [ -104.446817317, 38.183151479000102 ], [ -104.449480817, 38.183146078 ], [ -104.451931017, 38.183135278000101 ], [ -104.454539417, 38.183162279 ], [ -104.457189217, 38.183146078 ], [ -104.459811417, 38.183146078 ], [ -104.461600917, 38.183135278000101 ], [ -104.463920316, 38.183129879 ], [ -104.466397917, 38.1831190790001 ], [ -104.469144117, 38.1831190790001 ], [ -104.471959017, 38.183091978 ], [ -104.474581217, 38.183081178000101 ], [ -104.477210317, 38.183064979 ], [ -104.479791317, 38.183054078 ], [ -104.482186417, 38.183037878 ], [ -104.484829216, 38.183027078000102 ], [ -104.487354816, 38.183016378 ], [ -104.489906017, 38.182991378000096 ], [ -104.492245917, 38.182983078000099 ], [ -104.494624417, 38.182955378 ], [ -104.497267317, 38.182952679 ], [ -104.500001816, 38.182949878 ], [ -104.502613017, 38.182949878 ], [ -104.505398217, 38.182992779000102 ], [ -104.508055717, 38.1829560790001 ], [ -104.510810317, 38.182950478000102 ], [ -104.513464317, 38.182998478000101 ], [ -104.516247617, 38.183001278000098 ], [ -104.519246417, 38.183037978000101 ], [ -104.521329317, 38.183063379 ], [ -104.524150617, 38.183052678 ], [ -104.526851117, 38.183074678 ], [ -104.529495517, 38.183096778000099 ], [ -104.531943517, 38.183118779 ], [ -104.534258317, 38.183135379000099 ], [ -104.536552017, 38.183151878 ], [ -104.538817617, 38.183179479 ], [ -104.540907917, 38.183190479000103 ], [ -104.543405017, 38.183223578 ], [ -104.546121917, 38.183244678000101 ], [ -104.549784117, 38.183252878000097 ], [ -104.552488517, 38.183284278 ], [ -104.554125116, 38.183288878 ], [ -104.556522417, 38.183320679000097 ], [ -104.559291217, 38.183347279 ], [ -104.561350917, 38.183352579 ], [ -104.564187217, 38.183373778 ], [ -104.566949217, 38.1834002780001 ], [ -104.569083217, 38.183384378 ], [ -104.571217217, 38.183543678 ], [ -104.571169217, 38.198086884000098 ], [ -104.571365117, 38.199641884000101 ], [ -104.571429847, 38.204648176 ], [ -104.571366069, 38.210429985000097 ], [ -104.571570969, 38.2122068850001 ], [ -104.574860283, 38.212227366 ], [ -104.576305422, 38.211333365 ] ] ] } },
{ "type": "Feature", "properties": { "objectid": "70418", "id": "202179", "type": "AC; OVERHEAD", "status": "NOT AVAILABLE", "naics_code": "221121", "naics_desc": "ELECTRIC BULK POWER TRANSMISSION AND CONTROL", "source": "Regional Map", "sourcedate": "2014-07-08T20:00:00-06:00", "val_method": "IMAGERY/OTHER", "val_date": "2014-07-08T20:00:00-06:00", "owner": "PUBLIC SERVICE CO OF COLORADO", "voltage": 230.0, "volt_class": "220-287", "inferred": "N", "sub_1": "SPRUCE", "sub_2": "POWHATON", "shape_lengt": 7915.0837921491002, "globalid": "c42b3e0d-3bb9-4de5-86c2-049e45eda5ae", "STATEFP": "08", "STATENS": "01779779", "AFFGEOID": "0400000US08", "GEOID": "08", "STUSPS": "CO", "NAME": "Colorado", "LSAD": "00", "ALAND": 268422891711, "AWATER": 1181621593 }, "geometry": { "type": "MultiLineString", "coordinates": [ [ [ -104.683492072, 39.741884288 ], [ -104.682504119, 39.742028413000099 ], [ -104.681010197, 39.742033769 ], [ -104.679542596, 39.742005870000099 ], [ -104.678705796, 39.741861269 ], [ -104.678729997, 39.741007970000098 ], [ -104.678721041, 39.739185868 ], [ -104.678481396, 39.737407873 ], [ -104.67847753, 39.733389352000103 ], [ -104.678538408, 39.718027503 ], [ -104.678610354, 39.696705086000101 ], [ -104.681200429, 39.696683795000098 ], [ -104.684864168, 39.696636953 ], [ -104.684547182, 39.696009777 ], [ -104.684961072, 39.695923801 ] ] ] } },
{ "type": "Feature", "properties": { "objectid": "74585", "id": "206866", "type": "AC; OVERHEAD", "status": "NOT AVAILABLE", "naics_code": "221121", "naics_desc": "ELECTRIC BULK POWER TRANSMISSION AND CONTROL", "source": "IMAGERY", "sourcedate": "2016-02-07T18:00:00-07:00", "val_method": "IMAGERY", "val_date": "2016-02-07T18:00:00-07:00", "owner": "PUBLIC SERVICE CO OF COLORADO", "voltage": 230.0, "volt_class": "220-287", "inferred": "Y", "sub_1": "UNKNOWN201533", "sub_2": "NOT AVAILABLE", "shape_lengt": 3384.534392391, "globalid": "e78b4283-a33d-4637-a07d-087625bcb9bf", "STATEFP": "08", "STATENS": "01779779", "AFFGEOID": "0400000US08", "GEOID": "08", "STUSPS": "CO", "NAME": "Colorado", "LSAD": "00", "ALAND": 268422891711, "AWATER": 1181621593 }, "geometry": { "type": "MultiLineString", "coordinates": [ [ [ -103.033526744, 40.962603744 ], [ -103.017881581, 40.942914741 ] ] ] } },
{ "type": "Feature", "properties": { "objectid": "70081", "id": "201840", "type": "AC; OVERHEAD", "status": "NOT AVAILABLE", "naics_code": "221121", "naics_desc": "ELECTRIC BULK POWER TRANSMISSION AND CONTROL", "source": "Regional Map", "sourcedate": "2014-07-08T20:00:00-06:00", "val_method": "IMAGERY/OTHER", "val_date": "2014-07-08T20:00:00-06:00", "owner": "PUBLIC SERVICE CO OF COLORADO", "voltage": 230.0, "volt_class": "220-287", "inferred": "N", "sub_1": "HARTSEL", "sub_2": "TARRYALL", "shape_lengt": 53245.401481668501, "globalid": "66b71083-a2bf-45b3-bb09-092d75075f44", "STATEFP": "08", "STATENS": "01779779", "AFFGEOID": "0400000US08", "GEOID": "08", "STUSPS": "CO", "NAME": "Colorado", "LSAD": "00", "ALAND": 268422891711, "AWATER": 1181621593 }, "geometry": { "type": "MultiLineString", "coordinates": [ [ [ -105.865222962, 39.077136612000103 ], [ -105.865843462, 39.078113633 ], [ -105.861624647, 39.078085957 ], [ -105.851119017, 39.079376540000098 ], [ -105.83658786, 39.081071190000102 ], [ -105.749910679, 39.057538797000099 ], [ -105.739671574, 39.054763965 ], [ -105.734423607, 39.054202874 ], [ -105.712842287, 39.054129046000099 ], [ -105.628070341, 39.065776368 ], [ -105.565937201, 39.074118887000097 ], [ -105.557114529, 39.090074216 ], [ -105.533213456, 39.096478948 ], [ -105.469749255, 39.089355911 ], [ -105.444568425, 39.086502661 ], [ -105.419980457, 39.072713767 ], [ -105.419205225, 39.072950918000103 ], [ -105.418980461, 39.072828165 ] ] ] } },
{ "type": "Feature", "properties": { "objectid": "70133", "id": "201892", "type": "AC; OVERHEAD", "status": "NOT AVAILABLE", "naics_code": "221121", "naics_desc": "ELECTRIC BULK POWER TRANSMISSION AND CONTROL", "source": "Regional Map", "sourcedate": "2014-07-08T20:00:00-06:00", "val_method": "IMAGERY/OTHER", "val_date": "2014-07-08T20:00:00-06:00", "owner": "PUBLIC SERVICE CO OF COLORADO", "voltage": 230.0, "volt_class": "220-287", "inferred": "N", "sub_1": "FORT ST VRAIN", "sub_2": "WELD", "shape_lengt": 33223.929313128603, "globalid": "92cd6f93-9d62-476c-a01b-0a5e9dc2bc12", "STATEFP": "08", "STATENS": "01779779", "AFFGEOID": "0400000US08", "GEOID": "08", "STUSPS": "CO", "NAME": "Colorado", "LSAD": "00", "ALAND": 268422891711, "AWATER": 1181621593 }, "geometry": { "type": "MultiLineString", "coordinates": [ [ [ -104.873888203, 40.243314544 ], [ -104.8754115, 40.243176315 ], [ -104.87568175, 40.24185665 ], [ -104.8772744, 40.2418603 ], [ -104.8790901, 40.2417917000001 ], [ -104.8790541, 40.2432966000001 ], [ -104.8790541, 40.24471 ], [ -104.8789809, 40.246574700000103 ], [ -104.8789138, 40.2486969 ], [ -104.8788851, 40.2507057 ], [ -104.8788611, 40.2526815 ], [ -104.8783242, 40.2534169 ], [ -104.8766175, 40.256025500000099 ], [ -104.8753711, 40.257854800000104 ], [ -104.8749108, 40.259706 ], [ -104.8748341, 40.2611876 ], [ -104.8747095, 40.2627205000001 ], [ -104.8745513, 40.2648056 ], [ -104.8743595, 40.2669712000001 ], [ -104.8753711, 40.2687161 ], [ -104.8758936, 40.2696891000001 ], [ -104.8768045, 40.271386300000103 ], [ -104.8758744, 40.272498300000102 ], [ -104.8747143, 40.2738004 ], [ -104.873185, 40.2754829 ], [ -104.8715838, 40.2772641 ], [ -104.8697936, 40.2792755 ], [ -104.8680755, 40.281285500000102 ], [ -104.8663266, 40.282666500000097 ], [ -104.8648731, 40.283889400000099 ], [ -104.8633415, 40.2852289 ], [ -104.8608649, 40.287292100000101 ], [ -104.8596973, 40.288308 ], [ -104.8585296, 40.289282200000102 ], [ -104.8557429, 40.2916618 ], [ -104.8542104, 40.2930151 ], [ -104.8526779, 40.294319700000102 ], [ -104.8509082, 40.2958295 ], [ -104.8480849, 40.298191600000102 ], [ -104.8473141, 40.2988455 ], [ -104.8455444, 40.3003483 ], [ -104.8441852, 40.3015101 ], [ -104.8421282, 40.3033015 ], [ -104.8403355, 40.3042035 ], [ -104.8383773, 40.304126600000103 ], [ -104.8368826, 40.304118000000102 ], [ -104.8350112, 40.304085300000096 ], [ -104.8325145, 40.304069 ], [ -104.8300393, 40.304069 ], [ -104.8300307, 40.3060905 ], [ -104.8300179, 40.3081022000001 ], [ -104.8300007, 40.3101041 ], [ -104.8300093, 40.3124324 ], [ -104.830005, 40.314643100000097 ], [ -104.830005, 40.3168831 ], [ -104.8300093, 40.319044700000099 ], [ -104.8300179, 40.3213694 ], [ -104.830035, 40.3234949000001 ], [ -104.8300521, 40.3255616000001 ], [ -104.830065, 40.327683700000101 ], [ -104.8301035, 40.3298319 ], [ -104.8299665, 40.330435900000097 ], [ -104.829641, 40.332042000000101 ], [ -104.8292556, 40.3337526 ], [ -104.8292813, 40.335740600000101 ], [ -104.8292856, 40.3375425 ], [ -104.829277, 40.3388548 ], [ -104.8292899, 40.340405200000099 ], [ -104.8292984, 40.3415411 ], [ -104.8253586, 40.341564 ], [ -104.8229304, 40.3415477 ], [ -104.8217485, 40.3415803 ], [ -104.8217613, 40.3426901 ], [ -104.821817, 40.3442535 ], [ -104.8219155, 40.3474815000001 ], [ -104.8219326, 40.3483072000001 ], [ -104.822802, 40.3486662 ], [ -104.8228105, 40.3508268 ], [ -104.8228062, 40.3533495 ], [ -104.822802, 40.355594800000098 ], [ -104.822802, 40.357190500000101 ], [ -104.8227891, 40.358655800000101 ], [ -104.822772, 40.361122700000102 ], [ -104.822772, 40.3631948 ], [ -104.8227634, 40.366115100000101 ], [ -104.822772, 40.3686373 ], [ -104.8227549, 40.370780900000099 ], [ -104.8227977, 40.372696 ], [ -104.8228277, 40.375012400000102 ], [ -104.8228919, 40.377429800000101 ], [ -104.8228962, 40.3786532 ], [ -104.8229176, 40.380326700000097 ], [ -104.822939, 40.381784900000099 ], [ -104.8229433, 40.3833703 ], [ -104.8229604, 40.384763200000101 ], [ -104.8229647, 40.387062800000102 ], [ -104.8229904, 40.3888568 ], [ -104.8229989, 40.3909965 ], [ -104.8229818, 40.3924643 ], [ -104.8230161, 40.3939483 ], [ -104.8230332, 40.3959410000001 ], [ -104.8230304, 40.398041600000099 ], [ -104.8230238, 40.399653300000097 ], [ -104.8207011, 40.399638100000097 ], [ -104.8183719, 40.399678600000101 ], [ -104.8183253, 40.4018275 ], [ -104.8183473, 40.403574900000102 ], [ -104.8183324, 40.4055405 ], [ -104.8183427, 40.4069734 ], [ -104.8152214, 40.4069734 ], [ -104.8136575, 40.406953100000102 ], [ -104.8126193, 40.406948100000101 ], [ -104.812626, 40.409076400000103 ], [ -104.8126393, 40.411138800000103 ], [ -104.8126859, 40.413267 ], [ -104.8127191, 40.415486400000098 ], [ -104.8127458, 40.4174928 ], [ -104.812779, 40.419220600000102 ], [ -104.8128323, 40.4211054 ], [ -104.8126726, 40.4223112 ], [ -104.8124197, 40.4241654 ], [ -104.8122168, 40.4257992 ], [ -104.8100852, 40.425807200000101 ], [ -104.8082784, 40.42582 ], [ -104.807077, 40.426349700000102 ], [ -104.807442614, 40.427125795000102 ] ] ] } },
{ "type": "Feature", "properties": { "objectid": "73112", "id": "205159", "type": "AC; OVERHEAD", "status": "NOT AVAILABLE", "naics_code": "221121", "naics_desc": "ELECTRIC BULK POWER TRANSMISSION AND CONTROL", "source": "IMAGERY", "sourcedate": "2015-08-12T20:00:00-06:00", "val_method": "IMAGERY", "val_date": "2015-08-12T20:00:00-06:00", "owner": "HIGH WEST ENERGY, INC", "voltage": 230.0, "volt_class": "220-287", "inferred": "Y", "sub_1": "UNKNOWN201543", "sub_2": "UNKNOWN202601", "shape_lengt": 47235.572994982198, "globalid": "b7eef46e-4369-46ef-9324-1460ba03fe2a", "STATEFP": "08", "STATENS": "01779779", "AFFGEOID": "0400000US08", "GEOID": "08", "STUSPS": "CO", "NAME": "Colorado", "LSAD": "00", "ALAND": 268422891711, "AWATER": 1181621593 }, "geometry": { "type": "MultiLineString", "coordinates": [ [ [ -103.782166747, 40.948538901000099 ], [ -103.783024591, 40.94839269 ], [ -103.784933944, 40.947139559 ], [ -103.785064815, 40.938555654 ], [ -103.803657923, 40.938884614000102 ], [ -103.809434065, 40.929206157000102 ], [ -103.811748091, 40.922281925 ], [ -103.811182969, 40.917380235 ], [ -103.811236506, 40.913626636000103 ], [ -103.809779087, 40.9057327740001 ], [ -103.80910094, 40.900373038 ], [ -103.809118786, 40.874793832000101 ], [ -103.822878019, 40.871034284000103 ], [ -103.840325417, 40.866299156 ], [ -103.854161983, 40.862545556 ], [ -103.861014831, 40.860683628000103 ], [ -103.889592157, 40.860106609000098 ], [ -103.912351702, 40.859987636 ], [ -103.941833224, 40.859654511 ], [ -103.955693584, 40.859499846000098 ], [ -103.974045177, 40.858708676 ], [ -103.986906164, 40.868452568000102 ], [ -103.992967841, 40.872824828 ], [ -104.010671031, 40.872426268 ], [ -104.027059568, 40.87202176 ], [ -104.029331954, 40.871974171 ], [ -104.029308159, 40.878535534 ], [ -104.033977851, 40.881932215000099 ], [ -104.049021993, 40.882104726000101 ], [ -104.062691997, 40.882289134000096 ], [ -104.06479782, 40.876578428000101 ], [ -104.065154739, 40.8626228890001 ], [ -104.06700477, 40.862616940000102 ], [ -104.066290495, 40.863393814 ] ] ] } },
{ "type": "Feature", "properties": { "objectid": "74418", "id": "206697", "type": "AC; OVERHEAD", "status": "NOT AVAILABLE", "naics_code": "221121", "naics_desc": "ELECTRIC BULK POWER TRANSMISSION AND CONTROL", "source": "IMAGERY", "sourcedate": "2015-12-16T18:00:00-07:00", "val_method": "IMAGERY", "val_date": "2015-12-16T18:00:00-07:00", "owner": "PLATTE RIVER POWER AUTHORITY", "voltage": 230.0, "volt_class": "220-287", "inferred": "Y", "sub_1": "NOT AVAILABLE", "sub_2": "RAWHIDE", "shape_lengt": 620.78997502499999, "globalid": "6662f747-40d0-4228-a30e-3912b2669de2", "STATEFP": "08", "STATENS": "01779779", "AFFGEOID": "0400000US08", "GEOID": "08", "STUSPS": "CO", "NAME": "Colorado", "LSAD": "00", "ALAND": 268422891711, "AWATER": 1181621593 }, "geometry": { "type": "MultiLineString", "coordinates": [ [ [ -105.025431027, 40.860119241000099 ], [ -105.024066406, 40.860364325 ], [ -105.022829086, 40.860290562 ], [ -105.021715499, 40.860181107000102 ], [ -105.020956451, 40.860181107000102 ], [ -105.021056429, 40.86097232 ] ] ] } },
{ "type": "Feature", "properties": { "objectid": "70309", "id": "202070", "type": "AC; OVERHEAD", "status": "NOT AVAILABLE", "naics_code": "221121", "naics_desc": "ELECTRIC BULK POWER TRANSMISSION AND CONTROL", "source": "Regional Map", "sourcedate": "2014-07-08T20:00:00-06:00", "val_method": "IMAGERY/OTHER", "val_date": "2014-07-08T20:00:00-06:00", "owner": "PUBLIC SERVICE CO OF COLORADO", "voltage": 230.0, "volt_class": "220-287", "inferred": "N", "sub_1": "JAMES L GREEN", "sub_2": "FORT LUPTON", "shape_lengt": 42503.395678991903, "globalid": "e34331ca-5e7d-4d39-81a1-3a9740c3667b", "STATEFP": "08", "STATENS": "01779779", "AFFGEOID": "0400000US08", "GEOID": "08", "STUSPS": "CO", "NAME": "Colorado", "LSAD": "00", "ALAND": 268422891711, "AWATER": 1181621593 }, "geometry": { "type": "MultiLineString", "coordinates": [ [ [ -104.979385261, 39.978416141 ], [ -104.97845713, 39.9784385130001 ], [ -104.978532196, 39.981461553 ], [ -104.978569652, 39.986459108000098 ], [ -104.982278029, 39.986451532 ], [ -104.98430306, 39.986713769000097 ], [ -104.986590502, 39.988426144000101 ], [ -104.984457362, 39.992667424 ], [ -104.98245151, 39.996390519000101 ], [ -104.981029702, 39.9981231 ], [ -104.978810735, 40.000798352000103 ], [ -104.979903665, 40.003230242 ], [ -104.980006946, 40.0130057860001 ], [ -104.979956977, 40.025518937000101 ], [ -104.970742061, 40.025505286000097 ], [ -104.970724088, 40.032234933 ], [ -104.970676553, 40.039218277 ], [ -104.970634958, 40.046765083 ], [ -104.97061119, 40.054124467000101 ], [ -104.970593377, 40.056606011 ], [ -104.970444826, 40.058334267000099 ], [ -104.970403221, 40.064866520000102 ], [ -104.970379452, 40.070982993 ], [ -104.970402646, 40.073206007000103 ], [ -104.963961833, 40.073213902000099 ], [ -104.960795073, 40.073265025000097 ], [ -104.9446813, 40.073178638000101 ], [ -104.936434153, 40.073151357 ], [ -104.924518705, 40.073001435 ], [ -104.923543973, 40.0727831250001 ], [ -104.914133744, 40.0727148490001 ], [ -104.907670206, 40.0726739340001 ], [ -104.905019766, 40.0725784360001 ], [ -104.889883351, 40.0725829840001 ], [ -104.877648917, 40.07270471 ], [ -104.86328757, 40.072687565000102 ], [ -104.848866346, 40.0726739240001 ], [ -104.83577023, 40.072660283000097 ], [ -104.827807391, 40.0726466 ], [ -104.824176782, 40.074765491 ], [ -104.815127826, 40.074760956 ], [ -104.807189119, 40.074729458 ], [ -104.801167793, 40.074693911 ], [ -104.801143007, 40.083711863000097 ], [ -104.801181484, 40.094563368 ], [ -104.801193866, 40.101754788 ], [ -104.784338706, 40.101746134 ], [ -104.774896338, 40.101744376000099 ], [ -104.774921204, 40.099291325 ], [ -104.772521477, 40.099307915000097 ], [ -104.772506265, 40.100814348 ] ] ] } },
{ "type": "Feature", "properties": { "objectid": "69975", "id": "201734", "type": "AC; OVERHEAD", "status": "NOT AVAILABLE", "naics_code": "221121", "naics_desc": "ELECTRIC BULK POWER TRANSMISSION AND CONTROL", "source": "Regional Map", "sourcedate": "2014-07-06T20:00:00-06:00", "val_method": "IMAGERY/OTHER", "val_date": "2014-07-06T20:00:00-06:00", "owner": "PUBLIC SERVICE CO OF COLORADO", "voltage": 230.0, "volt_class": "220-287", "inferred": "N", "sub_1": "GRAND JUNCTION", "sub_2": "CLIFTON", "shape_lengt": 8320.0126924233991, "globalid": "af26a59d-5159-432d-bbc9-3bc64a7d6691", "STATEFP": "08", "STATENS": "01779779", "AFFGEOID": "0400000US08", "GEOID": "08", "STUSPS": "CO", "NAME": "Colorado", "LSAD": "00", "ALAND": 268422891711, "AWATER": 1181621593 }, "geometry": { "type": "MultiLineString", "coordinates": [ [ [ -108.414607626, 39.046989006 ], [ -108.414367127, 39.048234455 ], [ -108.411985576, 39.049195218000101 ], [ -108.409628981, 39.050532512000103 ], [ -108.407051345, 39.051869780000096 ], [ -108.404213449, 39.053492188000099 ], [ -108.404277622, 39.05551876 ], [ -108.404244121, 39.057042082000102 ], [ -108.404266927, 39.058384102 ], [ -108.404245535, 39.0594167040001 ], [ -108.404284753, 39.061794676 ], [ -108.40741856, 39.063447305000103 ], [ -108.409201158, 39.065072215 ], [ -108.412342096, 39.067629919000098 ], [ -108.414605995, 39.068571042 ], [ -108.416759373, 39.069658853000099 ], [ -108.419230054, 39.070716202 ], [ -108.420385178, 39.0712254950001 ], [ -108.421650822, 39.072756119000097 ], [ -108.424552892, 39.074699106 ], [ -108.42544419, 39.075208371 ], [ -108.427030702, 39.0762268880001 ], [ -108.428713475, 39.077289673 ], [ -108.429401557, 39.079077551000097 ], [ -108.430200162, 39.080818337 ], [ -108.430371292, 39.082177171000097 ], [ -108.430456856, 39.083264773000103 ], [ -108.435790389, 39.083264773000103 ], [ -108.437925942, 39.082387497000099 ], [ -108.439384107, 39.081781424 ], [ -108.44034398, 39.081836276 ] ] ] } },
{ "type": "Feature", "properties": { "objectid": "70097", "id": "201856", "type": "AC; OVERHEAD", "status": "NOT AVAILABLE", "naics_code": "221121", "naics_desc": "ELECTRIC BULK POWER TRANSMISSION AND CONTROL", "source": "Regional Map", "sourcedate": "2014-07-09T20:00:00-06:00", "val_method": "IMAGERY/OTHER", "val_date": "2014-07-09T20:00:00-06:00", "owner": "PUBLIC SERVICE CO OF COLORADO", "voltage": 230.0, "volt_class": "220-287", "inferred": "N", "sub_1": "FORT LUPTON", "sub_2": "PAWNEE", "shape_lengt": 137337.193355269, "globalid": "9eea45e7-de6e-4d2f-8dec-43b7510f165b", "STATEFP": "08", "STATENS": "01779779", "AFFGEOID": "0400000US08", "GEOID": "08", "STUSPS": "CO", "NAME": "Colorado", "LSAD": "00", "ALAND": 268422891711, "AWATER": 1181621593 }, "geometry": { "type": "MultiLineString", "coordinates": [ [ [ -104.772506265, 40.100814348 ], [ -104.7722726, 40.1016643 ], [ -104.7714649, 40.1017349 ], [ -104.7687706, 40.1016972 ], [ -104.7656908, 40.101735 ], [ -104.7627181, 40.101728700000102 ], [ -104.7597372, 40.1017697 ], [ -104.7567328, 40.1017650000001 ], [ -104.7540476, 40.101777400000103 ], [ -104.7511616, 40.101785800000101 ], [ -104.7483663, 40.1018016 ], [ -104.7460781, 40.1018205 ], [ -104.7440908, 40.101817400000101 ], [ -104.7440702, 40.103917700000103 ], [ -104.7440578, 40.1060147 ], [ -104.7440537, 40.108291500000099 ], [ -104.7440331, 40.1106407 ], [ -104.7440331, 40.112791200000103 ], [ -104.7440166, 40.1149794 ], [ -104.7440248, 40.1168176 ], [ -104.7440001, 40.1191224 ], [ -104.7440001, 40.1212379 ], [ -104.7440042, 40.1234889 ], [ -104.7440001, 40.1256579000001 ], [ -104.7439712, 40.127811000000101 ], [ -104.743963, 40.129718200000099 ], [ -104.743963, 40.1318019 ], [ -104.7439424, 40.134254300000102 ], [ -104.7439506, 40.1363252 ], [ -104.7439382, 40.1386419 ], [ -104.7439259, 40.1411634 ], [ -104.7439382, 40.143432700000098 ], [ -104.7439135, 40.1454088 ], [ -104.7439135, 40.147791400000102 ], [ -104.743897, 40.1500794 ], [ -104.7438846, 40.152446 ], [ -104.7438805, 40.154276900000099 ], [ -104.7438558, 40.1563094 ], [ -104.7438104, 40.158219 ], [ -104.7438269, 40.1597881000001 ], [ -104.7416747, 40.159832300000097 ], [ -104.7390608, 40.159832300000097 ], [ -104.7366058, 40.1598463 ], [ -104.7338434, 40.159877800000103 ], [ -104.7279723, 40.159918800000099 ], [ -104.7250656, 40.1599598 ], [ -104.7223734, 40.1599535 ], [ -104.7194213, 40.1599724000001 ], [ -104.7165229, 40.159994400000102 ], [ -104.7133853, 40.1600511 ], [ -104.710557, 40.16007 ], [ -104.7076091, 40.160142500000099 ], [ -104.705391, 40.1601866 ], [ -104.7021874, 40.1602213 ], [ -104.6992601, 40.160271700000102 ], [ -104.6966586, 40.1602969 ], [ -104.6939209, 40.1603032 ], [ -104.6906679, 40.160312700000098 ], [ -104.6876747, 40.160331600000099 ], [ -104.6847721, 40.1603568 ], [ -104.6816265, 40.160352600000103 ], [ -104.6788595, 40.160343 ], [ -104.6778025, 40.1603494 ], [ -104.6749976, 40.160365500000097 ], [ -104.672117, 40.160352600000103 ], [ -104.6698302, 40.1603687 ], [ -104.6675139, 40.1603816 ], [ -104.6652103, 40.1603816 ], [ -104.6627508, 40.1603945 ], [ -104.6597943, 40.1604041000001 ], [ -104.6568253, 40.1603913000001 ], [ -104.6539615, 40.1603848 ], [ -104.6511665, 40.160413300000101 ], [ -104.6481413, 40.160365500000097 ], [ -104.6453399, 40.1603578 ], [ -104.6424424, 40.1603706000001 ], [ -104.6394355, 40.160361000000101 ], [ -104.6367823, 40.160351300000102 ], [ -104.6339353, 40.160351300000102 ], [ -104.631219, 40.1603481000001 ], [ -104.6284436, 40.160312700000098 ], [ -104.625537, 40.1603064 ], [ -104.6226197, 40.160319000000101 ], [ -104.6200246, 40.1603032 ], [ -104.61707, 40.1601295 ], [ -104.6140267, 40.1600732 ], [ -104.6111506, 40.160003700000097 ], [ -104.6083902, 40.1599563 ], [ -104.6058737, 40.1598679 ], [ -104.6027332, 40.1597637 ], [ -104.5996629, 40.159773200000103 ], [ -104.5970224, 40.1597826 ], [ -104.5941215, 40.1597763 ], [ -104.5915347, 40.1598016 ], [ -104.5885264, 40.159798400000099 ], [ -104.5856301, 40.1597968 ], [ -104.5828206, 40.159811300000101 ], [ -104.579833, 40.1598334 ], [ -104.5768453, 40.1598492 ], [ -104.5736056, 40.159865 ], [ -104.5711883, 40.1598966 ], [ -104.5680229, 40.1599313 ], [ -104.5650849, 40.1599376 ], [ -104.5620931, 40.159953400000099 ], [ -104.5592832, 40.1599692 ], [ -104.5564071, 40.1599945 ], [ -104.5534153, 40.1600071 ], [ -104.550436, 40.160048200000098 ], [ -104.5476012, 40.160064 ], [ -104.544407, 40.160073400000101 ], [ -104.5410003, 40.160067900000101 ], [ -104.5378833, 40.1600552 ], [ -104.5348241, 40.160067900000101 ], [ -104.5319834, 40.1600615 ], [ -104.5294065, 40.160064700000099 ], [ -104.5265864, 40.1600521 ], [ -104.5239643, 40.1600521 ], [ -104.5213256, 40.1600521 ], [ -104.51839, 40.1600489 ], [ -104.5160935, 40.1600552 ], [ -104.5137558, 40.1600489 ], [ -104.5106678, 40.160067900000101 ], [ -104.5097813, 40.160077300000097 ], [ -104.5074477, 40.1600615 ], [ -104.5048214, 40.1600805 ], [ -104.5016055, 40.1600489 ], [ -104.4986824, 40.160064700000099 ], [ -104.4958787, 40.1600805 ], [ -104.4933431, 40.160064700000099 ], [ -104.4902262, 40.1600426 ], [ -104.4871422, 40.160020600000102 ], [ -104.4843263, 40.1600143000001 ], [ -104.481502, 40.160011100000098 ], [ -104.4787355, 40.1599922 ], [ -104.4756557, 40.1599796 ], [ -104.4724934, 40.1599576 ], [ -104.4691744, 40.159935500000103 ], [ -104.4660657, 40.159926100000099 ], [ -104.462788, 40.159881900000101 ], [ -104.4601864, 40.159885100000103 ], [ -104.4569953, 40.159853600000098 ], [ -104.4540597, 40.1598378 ], [ -104.4510912, 40.159818900000097 ], [ -104.4483907, 40.159806300000099 ], [ -104.4451335, 40.1597717000001 ], [ -104.4420949, 40.1597559 ], [ -104.4400417, 40.1597559 ], [ -104.4375061, 40.159730700000097 ], [ -104.4344098, 40.1597023 ], [ -104.4315278, 40.159683400000098 ], [ -104.4285222, 40.159664500000098 ], [ -104.426304, 40.159655100000101 ], [ -104.4240323, 40.1596519 ], [ -104.4221605, 40.160622400000101 ], [ -104.4196372, 40.16193 ], [ -104.4170604, 40.161961500000103 ], [ -104.414195, 40.162008800000102 ], [ -104.4110533, 40.1620214000001 ], [ -104.4081383, 40.1620372 ], [ -104.4052028, 40.1620246 ], [ -104.4023374, 40.1620214000001 ], [ -104.3997564, 40.162005700000101 ], [ -104.3985855, 40.160906 ], [ -104.3974022, 40.1598158 ], [ -104.394949, 40.1598252 ], [ -104.3927966, 40.1598347 ], [ -104.3901291, 40.1598347 ], [ -104.3878408, 40.159856800000099 ], [ -104.3848111, 40.1598638 ], [ -104.3819706, 40.1598638 ], [ -104.3795208, 40.1598734 ], [ -104.3773737, 40.159883100000101 ], [ -104.3760122, 40.159912 ], [ -104.3751088, 40.161424500000102 ], [ -104.3742012, 40.163023700000103 ], [ -104.371491, 40.1630269 ], [ -104.368558, 40.1630301000001 ], [ -104.3656755, 40.163039700000098 ], [ -104.3629106, 40.163049300000097 ], [ -104.3600743, 40.163049300000097 ], [ -104.3571834, 40.163059 ], [ -104.3547042, 40.163075 ], [ -104.3519478, 40.1630686 ], [ -104.3492333, 40.163084700000098 ], [ -104.3467332, 40.163084700000098 ], [ -104.3438759, 40.1631104000001 ], [ -104.3398504, 40.162185500000099 ], [ -104.3375267, 40.160958800000103 ], [ -104.33543, 40.1598092 ], [ -104.3329971, 40.159834900000099 ], [ -104.3300053, 40.159828500000103 ], [ -104.3272362, 40.159828500000103 ], [ -104.3244167, 40.159815600000101 ], [ -104.3214544, 40.159815600000101 ], [ -104.3185004, 40.159812400000099 ], [ -104.3155464, 40.159802800000101 ], [ -104.3122353, 40.1597996 ], [ -104.308836, 40.1597867 ], [ -104.3060249, 40.1597707 ], [ -104.3031213, 40.159751400000097 ], [ -104.3001422, 40.159745 ], [ -104.2969025, 40.1597257 ], [ -104.2939275, 40.159706400000097 ], [ -104.2909399, 40.159696800000098 ], [ -104.2883011, 40.159674300000098 ], [ -104.2857337, 40.1596583 ], [ -104.2832504, 40.159651800000098 ], [ -104.2803133, 40.159632600000101 ], [ -104.2770862, 40.1596165 ], [ -104.2743213, 40.1596165 ], [ -104.2712917, 40.1595812 ], [ -104.2686277, 40.1595844 ], [ -104.2660813, 40.1595683 ], [ -104.2634635, 40.159555500000103 ], [ -104.2605558, 40.1595491 ], [ -104.257669, 40.159533000000103 ], [ -104.2551353, 40.1595202 ], [ -104.2537486, 40.160506 ], [ -104.2526225, 40.161315300000098 ], [ -104.2517107, 40.1619993 ], [ -104.2499669, 40.162076300000102 ], [ -104.247992, 40.162175900000101 ], [ -104.2467608, 40.161228600000101 ], [ -104.2456557, 40.1603166 ], [ -104.2447355, 40.1594495 ], [ -104.2423236, 40.159430300000103 ], [ -104.2396133, 40.1594270000001 ], [ -104.236609, 40.1594142000001 ], [ -104.233718, 40.1593885 ], [ -104.2306044, 40.159382100000101 ], [ -104.2275874, 40.159366 ], [ -104.2247469, 40.159340300000103 ], [ -104.2219484, 40.1593243 ], [ -104.2183554, 40.1593015 ], [ -104.2153876, 40.1592884 ], [ -104.2122657, 40.159272 ], [ -104.2092766, 40.1592622000001 ], [ -104.2066986, 40.1592328 ], [ -104.2043304, 40.159252400000099 ], [ -104.2018295, 40.1592753 ], [ -104.1992129, 40.159294900000098 ], [ -104.1968918, 40.159317900000097 ], [ -104.1941468, 40.159331000000101 ], [ -104.1905667, 40.159357100000101 ], [ -104.1870808, 40.159383300000101 ], [ -104.1845627, 40.1594095 ], [ -104.1817877, 40.159439 ], [ -104.1788242, 40.1594651 ], [ -104.1761905, 40.159488000000103 ], [ -104.1732271, 40.159511000000101 ], [ -104.1703151, 40.159537100000101 ], [ -104.1674544, 40.159556800000097 ], [ -104.1646066, 40.159579700000101 ], [ -104.1618059, 40.1595961 ], [ -104.1587311, 40.159619 ], [ -104.1554636, 40.1596517 ], [ -104.1522304, 40.159684400000103 ], [ -104.1495667, 40.159704100000098 ], [ -104.146963, 40.1597073 ], [ -104.1439439, 40.159749900000101 ], [ -104.140899, 40.1597695 ], [ -104.1379185, 40.159805500000097 ], [ -104.1346767, 40.1598382 ], [ -104.1321072, 40.1598382 ], [ -104.128981, 40.159867700000099 ], [ -104.1264801, 40.1598775 ], [ -104.123491, 40.1599037 ], [ -104.1205232, 40.159929900000101 ], [ -104.1171059, 40.1599593 ], [ -104.1142623, 40.1599724000001 ], [ -104.1114959, 40.1600052000001 ], [ -104.1087594, 40.1600084 ], [ -104.1054834, 40.160037900000098 ], [ -104.1025199, 40.1600772 ], [ -104.0995907, 40.1600837 ], [ -104.0963618, 40.160103300000102 ], [ -104.0953854, 40.160126300000101 ], [ -104.0928245, 40.1601393 ], [ -104.0899338, 40.1601623 ], [ -104.0862638, 40.160172100000104 ], [ -104.0835359, 40.1601852000001 ], [ -104.0809279, 40.1601983 ], [ -104.0772193, 40.160195 ], [ -104.0740717, 40.160217900000099 ], [ -104.0711897, 40.1602375000001 ], [ -104.0680849, 40.160240800000103 ], [ -104.0649287, 40.1602473 ], [ -104.0621195, 40.160267 ], [ -104.0592973, 40.1602637 ], [ -104.0568735, 40.160283300000103 ], [ -104.0568863, 40.158512700000102 ], [ -104.0568692, 40.1566635 ], [ -104.0553233, 40.1566471 ], [ -104.052347, 40.156643900000098 ], [ -104.0494575, 40.156669900000097 ], [ -104.0465333, 40.1566499 ], [ -104.0437051, 40.1566532 ], [ -104.0407896, 40.156656600000098 ], [ -104.0379047, 40.156659900000101 ], [ -104.0350285, 40.1566532 ], [ -104.0321742, 40.1566532 ], [ -104.0291758, 40.156626500000101 ], [ -104.0263345, 40.1566099 ], [ -104.0235369, 40.1566032 ], [ -104.0206171, 40.1565798 ], [ -104.0174572, 40.1565798 ], [ -104.014341, 40.1565732 ], [ -104.0113426, 40.156539800000097 ], [ -104.008366, 40.1565432 ], [ -104.0049355, 40.1566866000001 ], [ -104.0037571, 40.157287000000103 ], [ -104.0013916, 40.1581109 ], [ -103.9991002, 40.158991500000099 ], [ -103.9958618, 40.1602157 ], [ -103.993278, 40.160225700000098 ], [ -103.9902055, 40.160219 ], [ -103.9871722, 40.160155600000103 ], [ -103.9849288, 40.1601590000001 ], [ -103.9822185, 40.160155600000103 ], [ -103.9791895, 40.1601523000001 ], [ -103.977099, 40.1601156 ], [ -103.9750215, 40.160128900000103 ], [ -103.9721147, 40.1601123 ], [ -103.9697143, 40.1600989 ], [ -103.9661616, 40.1600789 ], [ -103.9630366, 40.160072200000101 ], [ -103.9599117, 40.1600656 ], [ -103.9562455, 40.160085600000102 ], [ -103.952898, 40.1600989 ], [ -103.9500044, 40.1600956 ], [ -103.9466874, 40.1601123 ], [ -103.943558, 40.1600956 ], [ -103.9417293, 40.1600756 ], [ -103.9393027, 40.160072200000101 ], [ -103.9362563, 40.1600489 ], [ -103.9332492, 40.160038900000103 ], [ -103.9304079, 40.160005500000103 ], [ -103.9274924, 40.1599888000001 ], [ -103.9247035, 40.159952200000099 ], [ -103.9217968, 40.1599288 ], [ -103.9189424, 40.159915500000103 ], [ -103.9160924, 40.1598854000001 ], [ -103.9131377, 40.159838700000101 ], [ -103.9112523, 40.159838700000101 ], [ -103.9089129, 40.1598021 ], [ -103.9071802, 40.1599488 ], [ -103.9054824, 40.1600756 ], [ -103.902999, 40.1600489 ], [ -103.9005069, 40.1600155 ], [ -103.8974387, 40.1599922 ], [ -103.8949902, 40.1599488 ], [ -103.8922625, 40.1599255 ], [ -103.8897159, 40.159906200000101 ], [ -103.8862199, 40.159886200000102 ], [ -103.8823094, 40.1598629000001 ], [ -103.8792986, 40.159836 ], [ -103.876185, 40.1597918000001 ], [ -103.8732982, 40.1597884 ], [ -103.8702913, 40.1597374 ], [ -103.8673867, 40.1597136 ], [ -103.864789, 40.1597068 ], [ -103.8618088, 40.159683 ], [ -103.8592111, 40.1596422000001 ], [ -103.8566668, 40.1596422000001 ], [ -103.8538823, 40.159632 ], [ -103.8507509, 40.159591200000101 ], [ -103.8475972, 40.1595708 ], [ -103.8443412, 40.159560600000098 ], [ -103.8410496, 40.159526600000099 ], [ -103.8377447, 40.159482400000101 ], [ -103.8346844, 40.1594518 ], [ -103.8316152, 40.1594416 ], [ -103.8283059, 40.159462 ], [ -103.8248097, 40.159479 ], [ -103.8220652, 40.159496 ], [ -103.8190672, 40.1595028 ], [ -103.8160603, 40.159536800000097 ], [ -103.8129422, 40.1595538 ], [ -103.8103534, 40.159574200000101 ], [ -103.8076401, 40.1595776 ], [ -103.8046999, 40.1595674000001 ], [ -103.8017019, 40.159574200000101 ], [ -103.7987751, 40.159574200000101 ], [ -103.7959772, 40.1595776 ], [ -103.7930949, 40.1595776 ], [ -103.7879707, 40.1595674000001 ], [ -103.7850661, 40.1595878 ], [ -103.7821526, 40.1595674000001 ], [ -103.7793325, 40.159564 ], [ -103.7765836, 40.1595674000001 ], [ -103.7741594, 40.159564 ], [ -103.7720377, 40.1595674000001 ], [ -103.7691553, 40.159564 ], [ -103.7660372, 40.1595538 ], [ -103.7646005, 40.1595538 ], [ -103.7614379, 40.1595572 ], [ -103.7587333, 40.15955 ], [ -103.7560867, 40.159560200000101 ], [ -103.7535735, 40.1595126 ], [ -103.7513851, 40.1602741 ], [ -103.7487829, 40.161110300000097 ], [ -103.7459762, 40.162018000000103 ], [ -103.7434274, 40.162844 ], [ -103.7406207, 40.1637652000001 ], [ -103.7382944, 40.1645164 ], [ -103.7358346, 40.165301600000099 ], [ -103.7331702, 40.166182 ], [ -103.7304746, 40.1670352000001 ], [ -103.728006, 40.1678374 ], [ -103.7255906, 40.168629300000099 ], [ -103.7230019, 40.169475700000099 ], [ -103.7205732, 40.170237 ], [ -103.7175797, 40.1712227 ], [ -103.714724, 40.1721472 ], [ -103.7128469, 40.1727692 ], [ -103.7108097, 40.173428500000099 ], [ -103.7079229, 40.1743734 ], [ -103.7058056, 40.175066700000102 ], [ -103.7037544, 40.1757188 ], [ -103.7021995, 40.176221100000099 ], [ -103.6996745, 40.177055800000097 ], [ -103.6970089, 40.177928700000102 ], [ -103.6925028, 40.1794007 ], [ -103.6896196, 40.180322 ], [ -103.687294, 40.1810805000001 ], [ -103.6849378, 40.181802800000099 ], [ -103.6825168, 40.1826085000001 ], [ -103.680096621, 40.183342364000097 ], [ -103.680119567, 40.186300437000099 ], [ -103.680343282, 40.201307929 ], [ -103.680371963, 40.204050545 ], [ -103.680343282, 40.205618957000098 ], [ -103.680022051, 40.207642942000099 ], [ -103.679132927, 40.214997998000101 ], [ -103.678783013, 40.216154409000097 ], [ -103.678494877, 40.216506676 ] ] ] } },
{ "type": "Feature", "properties": { "objectid": "70165", "id": "201924", "type": "AC; OVERHEAD", "status": "NOT AVAILABLE", "naics_code": "221121", "naics_desc": "ELECTRIC BULK POWER TRANSMISSION AND CONTROL", "source": "Regional Map", "sourcedate": "2014-07-08T20:00:00-06:00", "val_method": "IMAGERY/OTHER", "val_date": "2014-07-08T20:00:00-06:00", "owner": "PUBLIC SERVICE CO OF COLORADO", "voltage": 230.0, "volt_class": "220-287", "inferred": "N", "sub_1": "FORT ST VRAIN", "sub_2": "NIWOT", "shape_lengt": 67622.541130672398, "globalid": "64e9c545-066a-4a7c-9130-45ed55a078e8", "STATEFP": "08", "STATENS": "01779779", "AFFGEOID": "0400000US08", "GEOID": "08", "STUSPS": "CO", "NAME": "Colorado", "LSAD": "00", "ALAND": 268422891711, "AWATER": 1181621593 }, "geometry": { "type": "MultiLineString", "coordinates": [ [ [ -104.873888203, 40.243314544 ], [ -104.87469133, 40.243028877 ], [ -104.874822875, 40.241379078000101 ], [ -104.875385586, 40.238863995 ], [ -104.876734773, 40.233037551000102 ], [ -104.876721607, 40.230429992 ], [ -104.876753607, 40.227612193 ], [ -104.876710607, 40.2246919950001 ], [ -104.876656608, 40.221665096 ], [ -104.876694608, 40.218695398000101 ], [ -104.876678608, 40.215991899000102 ], [ -104.876651608, 40.213370100000098 ], [ -104.876581608, 40.210375502 ], [ -104.876517607, 40.204611206 ], [ -104.876490607, 40.202554507000102 ], [ -104.876479608, 40.199674108000103 ], [ -104.876452608, 40.197092709000103 ], [ -104.876442608, 40.194519511000102 ], [ -104.876415608, 40.191782213000103 ], [ -104.876393607, 40.189093914000097 ], [ -104.876399607, 40.187286714 ], [ -104.876404607, 40.184614716 ], [ -104.876367607, 40.181594218 ], [ -104.876361608, 40.179270419 ], [ -104.876334608, 40.176995620000099 ], [ -104.876307608, 40.174253521 ], [ -104.876313608, 40.171945823 ], [ -104.876313608, 40.169961924000098 ], [ -104.876333316, 40.167258082 ], [ -104.866793818, 40.167198078000098 ], [ -104.866930484, 40.160073400000101 ], [ -104.858047204, 40.160032530000102 ], [ -104.858203608, 40.152038134000101 ], [ -104.858283607, 40.146092537000101 ], [ -104.858251607, 40.143390238000102 ], [ -104.858396608, 40.137636641 ], [ -104.858401607, 40.1344828430001 ], [ -104.85839184, 40.123062091000101 ], [ -104.858519607, 40.117062453000102 ], [ -104.858525608, 40.114231754000102 ], [ -104.858578608, 40.111191755 ], [ -104.858600607, 40.108861356 ], [ -104.85859981, 40.101808274000099 ], [ -104.871511761, 40.1017991840001 ], [ -104.904865624, 40.101872846 ], [ -104.904932981, 40.094663245 ], [ -104.914623023, 40.094774222000098 ], [ -104.914642607, 40.091914666 ], [ -104.914626607, 40.089062367000103 ], [ -104.914620608, 40.087121169000099 ], [ -104.914593608, 40.084547869000097 ], [ -104.914545607, 40.082212471000098 ], [ -104.914561608, 40.079528073000098 ], [ -104.914545607, 40.078292573 ], [ -104.914534607, 40.076814874 ], [ -104.914550607, 40.074622875 ], [ -104.914513607, 40.072697676000097 ], [ -104.914470608, 40.069902178000099 ], [ -104.914470608, 40.067660679 ], [ -104.914416607, 40.0650331800001 ], [ -104.914390607, 40.062594581 ], [ -104.914406607, 40.060475982 ], [ -104.914390607, 40.058094684 ], [ -104.918037608, 40.058119284 ], [ -104.920424607, 40.058156184 ], [ -104.922785607, 40.058184983 ], [ -104.925832607, 40.058205484 ], [ -104.929930607, 40.058250683 ], [ -104.933846607, 40.058275284 ], [ -104.937752608, 40.0582998840001 ], [ -104.941625608, 40.058345084 ], [ -104.944795607, 40.058345084 ], [ -104.948196607, 40.058324584 ], [ -104.951291607, 40.058328684000102 ], [ -104.954886607, 40.058312284000102 ], [ -104.958480608, 40.058312284000102 ], [ -104.961698608, 40.058295783000098 ], [ -104.964826608, 40.058275284 ], [ -104.968458607, 40.058246584000102 ], [ -104.970877608, 40.058242484000097 ], [ -104.973972607, 40.058230083000097 ], [ -104.976665607, 40.058205484 ], [ -104.979637607, 40.058197284000101 ], [ -104.982174608, 40.058189084 ], [ -104.985516607, 40.058164484 ], [ -104.988676607, 40.058176784000104 ], [ -104.991970607, 40.058172684 ], [ -104.995430608, 40.058111084000103 ], [ -104.998879608, 40.058160283000099 ], [ -105.001733608, 40.058180884000102 ], [ -105.005574608, 40.058164484 ], [ -105.009447608, 40.058102884 ], [ -105.013331608, 40.058094684 ], [ -105.017660607, 40.058065884 ], [ -105.021098607, 40.058033084 ], [ -105.024414608, 40.058016584 ], [ -105.028432608, 40.057991984000097 ], [ -105.032460608, 40.057971484000099 ], [ -105.036704607, 40.057864684 ], [ -105.039389408, 40.057885084000098 ], [ -105.042146707, 40.057905584 ], [ -105.044596303, 40.057947333000101 ], [ -105.047148982, 40.05868228 ], [ -105.050885408, 40.0586856830001 ], [ -105.054313208, 40.058710383000097 ], [ -105.056764808, 40.058726783 ], [ -105.059425507, 40.058759583 ], [ -105.061925308, 40.058771884000102 ], [ -105.064575408, 40.058804783 ], [ -105.067059108, 40.0588334830001 ], [ -105.069780847, 40.0588334830001 ], [ -105.06983789, 40.073281347 ], [ -105.072772208, 40.073280476 ], [ -105.075459807, 40.073309176000102 ], [ -105.078125907, 40.073255776000103 ], [ -105.080840308, 40.073181875 ], [ -105.08332401, 40.073204979 ], [ -105.085301333, 40.074718165 ], [ -105.088731308, 40.074754075 ], [ -105.090651807, 40.074754075 ], [ -105.093092608, 40.074749975 ], [ -105.095994808, 40.0747089750001 ], [ -105.099481608, 40.074721275000101 ], [ -105.102298008, 40.074700775000103 ], [ -105.105200108, 40.074655575000101 ], [ -105.110999008, 40.074610475 ], [ -105.113804608, 40.0746062750001 ], [ -105.113847508, 40.0731162760001 ], [ -105.116272308, 40.073079276 ], [ -105.119045707, 40.073046476000101 ], [ -105.121765408, 40.073017676000099 ], [ -105.125027007, 40.072997176000101 ], [ -105.128165207, 40.072972576 ], [ -105.131190708, 40.0729478760001 ], [ -105.134296708, 40.072939676 ], [ -105.137654808, 40.072890476 ], [ -105.140632108, 40.072878176000103 ], [ -105.143711308, 40.072845276000102 ], [ -105.146951408, 40.072812476 ], [ -105.150363108, 40.072796076 ], [ -105.153168707, 40.072808376000097 ], [ -105.155904607, 40.072824776000097 ], [ -105.158613607, 40.072812476 ], [ -105.161553307, 40.072820676 ], [ -105.164385708, 40.072812476 ], [ -105.166987508, 40.072832976 ], [ -105.169626807, 40.072824776000097 ], [ -105.172620108, 40.072841176000097 ], [ -105.175656407, 40.072861676000102 ], [ -105.178606508, 40.0728657760001 ], [ -105.178714027, 40.072861510000102 ], [ -105.178690451, 40.071247924 ], [ -105.178757008, 40.070624477000102 ], [ -105.178947145, 40.070258473000102 ], [ -105.179019261, 40.069906102000097 ] ] ] } },
{ "type": "Feature", "properties": { "objectid": "74445", "id": "206724", "type": "AC; OVERHEAD", "status": "NOT AVAILABLE", "naics_code": "221121", "naics_desc": "ELECTRIC BULK POWER TRANSMISSION AND CONTROL", "source": "IMAGERY", "sourcedate": "2015-12-17T18:00:00-07:00", "val_method": "IMAGERY", "val_date": "2015-12-17T18:00:00-07:00", "owner": "CITY OF COLORADO SPRINGS - (CO)", "voltage": 230.0, "volt_class": "220-287", "inferred": "Y", "sub_1": "NOT AVAILABLE", "sub_2": "UNKNOWN201277", "shape_lengt": 270.2582613523, "globalid": "69815849-2c1a-4abf-a67c-463a8066d55a", "STATEFP": "08", "STATENS": "01779779", "AFFGEOID": "0400000US08", "GEOID": "08", "STUSPS": "CO", "NAME": "Colorado", "LSAD": "00", "ALAND": 268422891711, "AWATER": 1181621593 }, "geometry": { "type": "MultiLineString", "coordinates": [ [ [ -104.706749026, 38.627756628 ], [ -104.707390362, 38.627782694000103 ], [ -104.707330706, 38.628360611000097 ], [ -104.707118181, 38.628815488 ], [ -104.706701264, 38.628873832000103 ] ] ] } },
{ "type": "Feature", "properties": { "objectid": "73127", "id": "205226", "type": "AC; OVERHEAD", "status": "NOT AVAILABLE", "naics_code": "221121", "naics_desc": "ELECTRIC BULK POWER TRANSMISSION AND CONTROL", "source": "IMAGERY", "sourcedate": "2015-08-12T20:00:00-06:00", "val_method": "IMAGERY", "val_date": "2015-08-12T20:00:00-06:00", "owner": "PUBLIC SERVICE CO OF COLORADO", "voltage": 230.0, "volt_class": "220-287", "inferred": "Y", "sub_1": "MONACO", "sub_2": "TECH CENTER", "shape_lengt": 1025.0563580329001, "globalid": "885b6579-c117-43c7-93b3-49b84db916d3", "STATEFP": "08", "STATENS": "01779779", "AFFGEOID": "0400000US08", "GEOID": "08", "STUSPS": "CO", "NAME": "Colorado", "LSAD": "00", "ALAND": 268422891711, "AWATER": 1181621593 }, "geometry": { "type": "MultiLineString", "coordinates": [ [ [ -104.90914579, 39.628801725000102 ], [ -104.902134822, 39.633399434000097 ] ] ] } },
{ "type": "Feature", "properties": { "objectid": "74476", "id": "206755", "type": "AC; OVERHEAD", "status": "NOT AVAILABLE", "naics_code": "221121", "naics_desc": "ELECTRIC BULK POWER TRANSMISSION AND CONTROL", "source": "IMAGERY", "sourcedate": "2016-01-10T18:00:00-07:00", "val_method": "IMAGERY", "val_date": "2016-01-10T18:00:00-07:00", "owner": "PUBLIC SERVICE CO OF COLORADO", "voltage": 230.0, "volt_class": "220-287", "inferred": "Y", "sub_1": "NOT AVAILABLE", "sub_2": "CEDAR POINT", "shape_lengt": 4669.4976910860996, "globalid": "62476eeb-9122-4645-8675-49f21e5a7bad", "STATEFP": "08", "STATENS": "01779779", "AFFGEOID": "0400000US08", "GEOID": "08", "STUSPS": "CO", "NAME": "Colorado", "LSAD": "00", "ALAND": 268422891711, "AWATER": 1181621593 }, "geometry": { "type": "MultiLineString", "coordinates": [ [ [ -103.694856062, 39.4108609990001 ], [ -103.734895382, 39.401198405000102 ] ] ] } },
{ "type": "Feature", "properties": { "objectid": "70321", "id": "202082", "type": "AC; OVERHEAD", "status": "NOT AVAILABLE", "naics_code": "221121", "naics_desc": "ELECTRIC BULK POWER TRANSMISSION AND CONTROL", "source": "Company Map", "sourcedate": "2014-07-08T20:00:00-06:00", "val_method": "IMAGERY/OTHER", "val_date": "2014-07-08T20:00:00-06:00", "owner": "PUBLIC SERVICE CO OF COLORADO", "voltage": 230.0, "volt_class": "220-287", "inferred": "N", "sub_1": "TAP204067", "sub_2": "UNKNOWN203685", "shape_lengt": 75.927788119, "globalid": "a4742cbb-748e-4c11-ab8e-4dfcd853df56", "STATEFP": "08", "STATENS": "01779779", "AFFGEOID": "0400000US08", "GEOID": "08", "STUSPS": "CO", "NAME": "Colorado", "LSAD": "00", "ALAND": 268422891711, "AWATER": 1181621593 }, "geometry": { "type": "MultiLineString", "coordinates": [ [ [ -104.550058211, 40.108169573000097 ], [ -104.550062434, 40.108691229 ] ] ] } },
{ "type": "Feature", "properties": { "objectid": "70341", "id": "202102", "type": "AC; OVERHEAD", "status": "NOT AVAILABLE", "naics_code": "221121", "naics_desc": "ELECTRIC BULK POWER TRANSMISSION AND CONTROL", "source": "Regional Map", "sourcedate": "2014-07-08T20:00:00-06:00", "val_method": "IMAGERY/OTHER", "val_date": "2014-07-08T20:00:00-06:00", "owner": "TRI-STATE G & T ASSN, INC", "voltage": 230.0, "volt_class": "220-287", "inferred": "N", "sub_1": "HENRY LAKE", "sub_2": "UNKNOWN204085", "shape_lengt": 7317.1340648135001, "globalid": "a8f29134-a72e-4763-8b19-4dfae6b3f712", "STATEFP": "08", "STATENS": "01779779", "AFFGEOID": "0400000US08", "GEOID": "08", "STUSPS": "CO", "NAME": "Colorado", "LSAD": "00", "ALAND": 268422891711, "AWATER": 1181621593 }, "geometry": { "type": "MultiLineString", "coordinates": [ [ [ -104.754969833, 40.016444277000097 ], [ -104.755132817, 40.017048936 ], [ -104.7550116, 40.017889899000103 ], [ -104.755065079, 40.019593636 ], [ -104.755246903, 40.023429621 ], [ -104.755378816, 40.025671046000099 ], [ -104.757450195, 40.025660126 ], [ -104.759453857, 40.025849215 ], [ -104.778107921, 40.025829368000103 ], [ -104.792785972, 40.025760432 ], [ -104.798482054, 40.025625692000098 ], [ -104.801379199, 40.025566156 ], [ -104.801421735, 40.02189366 ], [ -104.80139966, 40.020301690000103 ], [ -104.800647828, 40.020374154000102 ] ] ] } },
{ "type": "Feature", "properties": { "objectid": "70424", "id": "202185", "type": "AC; OVERHEAD", "status": "NOT AVAILABLE", "naics_code": "221121", "naics_desc": "ELECTRIC BULK POWER TRANSMISSION AND CONTROL", "source": "IMAGERY", "sourcedate": "2014-07-08T20:00:00-06:00", "val_method": "IMAGERY", "val_date": "2014-07-08T20:00:00-06:00", "owner": "PUBLIC SERVICE CO OF COLORADO", "voltage": 230.0, "volt_class": "220-287", "inferred": "Y", "sub_1": "SURREY RIDGE", "sub_2": "DANIELS PARK", "shape_lengt": 9022.2216518533005, "globalid": "fb99fbfc-9dc8-4dd5-8958-4ef7521f99a6", "STATEFP": "08", "STATENS": "01779779", "AFFGEOID": "0400000US08", "GEOID": "08", "STUSPS": "CO", "NAME": "Colorado", "LSAD": "00", "ALAND": 268422891711, "AWATER": 1181621593 }, "geometry": { "type": "MultiLineString", "coordinates": [ [ [ -104.847832081, 39.5212316000001 ], [ -104.848139243, 39.520251278 ], [ -104.847926878, 39.516996197 ], [ -104.848813272, 39.514659853000097 ], [ -104.851730988, 39.511888904 ], [ -104.852617382, 39.507429509000097 ], [ -104.865318059, 39.507433786 ], [ -104.876562249, 39.507425783 ], [ -104.886100103, 39.507401773 ], [ -104.891317656, 39.503055949 ], [ -104.896457413, 39.498813907 ], [ -104.903267201, 39.493074732 ], [ -104.904008862, 39.493146775000099 ], [ -104.904957979, 39.493154780000097 ], [ -104.90505142, 39.494246447000101 ] ] ] } },
{ "type": "Feature", "properties": { "objectid": "70043", "id": "201802", "type": "AC; OVERHEAD", "status": "NOT AVAILABLE", "naics_code": "221121", "naics_desc": "ELECTRIC BULK POWER TRANSMISSION AND CONTROL", "source": "Regional Map", "sourcedate": "2014-07-06T20:00:00-06:00", "val_method": "IMAGERY/OTHER", "val_date": "2014-07-06T20:00:00-06:00", "owner": "PUBLIC SERVICE CO OF COLORADO", "voltage": 230.0, "volt_class": "220-287", "inferred": "N", "sub_1": "MALTA", "sub_2": "HARTSEL", "shape_lengt": 59726.025414685901, "globalid": "5b0117c0-2be8-48d8-95f9-c0c7886b3d6c", "STATEFP": "08", "STATENS": "01779779", "AFFGEOID": "0400000US08", "GEOID": "08", "STUSPS": "CO", "NAME": "Colorado", "LSAD": "00", "ALAND": 268422891711, "AWATER": 1181621593 }, "geometry": { "type": "MultiLineString", "coordinates": [ [ [ -106.325353132, 39.18861923 ], [ -106.325870594, 39.188560046000099 ], [ -106.32589555, 39.185525900000101 ], [ -106.31587022, 39.169540588000103 ], [ -106.300012228, 39.174018169000099 ], [ -106.274000558, 39.175833995000097 ], [ -106.265272959, 39.174916414 ], [ -106.209527556, 39.172296268 ], [ -106.199687615, 39.1627324620001 ], [ -106.187024039, 39.134464643 ], [ -106.176182278, 39.129019351000103 ], [ -106.12986563, 39.0909892130001 ], [ -106.1032455, 39.08567616 ], [ -105.976495655, 39.084982482 ], [ -105.903480443, 39.0784291 ], [ -105.902128654, 39.0784731910001 ], [ -105.899036965, 39.0784834930001 ], [ -105.865983099, 39.078125934000099 ], [ -105.865472088, 39.077210308000097 ], [ -105.865222962, 39.077136612000103 ] ] ] } },
{ "type": "Feature", "properties": { "objectid": "73417", "id": "204976", "type": "AC; OVERHEAD", "status": "NOT AVAILABLE", "naics_code": "221121", "naics_desc": "ELECTRIC BULK POWER TRANSMISSION AND CONTROL", "source": "Regional Map", "sourcedate": "2015-08-31T20:00:00-06:00", "val_method": "IMAGERY/OTHER", "val_date": "2015-08-31T20:00:00-06:00", "owner": "PUBLIC SERVICE CO OF COLORADO", "voltage": 230.0, "volt_class": "220-287", "inferred": "N", "sub_1": "COMANCHE", "sub_2": "PUEBLO", "shape_lengt": 11111.973258031199, "globalid": "8d7a87d1-5304-4474-8a71-c28fd59c85bb", "STATEFP": "08", "STATENS": "01779779", "AFFGEOID": "0400000US08", "GEOID": "08", "STUSPS": "CO", "NAME": "Colorado", "LSAD": "00", "ALAND": 268422891711, "AWATER": 1181621593 }, "geometry": { "type": "MultiLineString", "coordinates": [ [ [ -104.576305422, 38.211333365 ], [ -104.575448206, 38.212455844 ], [ -104.571630967, 38.212382178 ], [ -104.571806441, 38.214592632 ], [ -104.572595537, 38.223070352 ], [ -104.578955846, 38.22566949 ], [ -104.587654925, 38.2291871420001 ], [ -104.589965172, 38.230135609000101 ], [ -104.590335952, 38.230815213 ], [ -104.590482125, 38.232534728000097 ], [ -104.590792297, 38.234707869 ], [ -104.590963426, 38.235928833000102 ], [ -104.591555249, 38.240039631000101 ], [ -104.591897508, 38.242638163 ], [ -104.593410913, 38.245797691000099 ], [ -104.598776741, 38.247504551000098 ], [ -104.603656081, 38.249600059000102 ], [ -104.606554575, 38.250833666000098 ], [ -104.606565156, 38.252041026 ], [ -104.606988227, 38.252586038000103 ], [ -104.608347754, 38.253967215 ], [ -104.609650239, 38.255034809 ], [ -104.610239685, 38.2555051430001 ], [ -104.610201656, 38.256580181000103 ], [ -104.608204396, 38.258223378 ], [ -104.614238656, 38.262876204000101 ], [ -104.616860967, 38.264902781 ], [ -104.615168218, 38.26626143 ] ] ] } },
{ "type": "Feature", "properties": { "objectid": "70398", "id": "202159", "type": "AC; OVERHEAD", "status": "NOT AVAILABLE", "naics_code": "221121", "naics_desc": "ELECTRIC BULK POWER TRANSMISSION AND CONTROL", "source": "Regional Map", "sourcedate": "2014-07-08T20:00:00-06:00", "val_method": "IMAGERY/OTHER", "val_date": "2014-07-08T20:00:00-06:00", "owner": "PUBLIC SERVICE CO OF COLORADO", "voltage": 230.0, "volt_class": "220-287", "inferred": "N", "sub_1": "LACOMBE", "sub_2": "DENVER TERMINAL", "shape_lengt": 4645.4874775887001, "globalid": "979195d1-ff38-4204-979e-c333f01e1975", "STATEFP": "08", "STATENS": "01779779", "AFFGEOID": "0400000US08", "GEOID": "08", "STUSPS": "CO", "NAME": "Colorado", "LSAD": "00", "ALAND": 268422891711, "AWATER": 1181621593 }, "geometry": { "type": "MultiLineString", "coordinates": [ [ [ -105.000122168, 39.758006284 ], [ -105.000214655, 39.758013352 ], [ -105.002391314, 39.761241910000102 ], [ -105.003221514, 39.760861142000103 ], [ -105.004665644, 39.758442405 ], [ -105.007232985, 39.755074268 ], [ -105.011872338, 39.751673783000101 ], [ -105.014872221, 39.749485370000102 ], [ -105.016302398, 39.748423321000097 ], [ -105.016776798, 39.744861582000098 ], [ -105.016895398, 39.743064551 ], [ -105.017244221, 39.741932665 ], [ -105.01849301, 39.738628096000099 ], [ -105.018486033, 39.738145273 ], [ -105.019262262, 39.737387244 ] ] ] } },
{ "type": "Feature", "properties": { "objectid": "73048", "id": "205026", "type": "AC; OVERHEAD", "status": "NOT AVAILABLE", "naics_code": "221121", "naics_desc": "ELECTRIC BULK POWER TRANSMISSION AND CONTROL", "source": "IMAGERY", "sourcedate": "2015-08-12T20:00:00-06:00", "val_method": "IMAGERY", "val_date": "2015-08-12T20:00:00-06:00", "owner": "PUBLIC SERVICE CO OF COLORADO", "voltage": 230.0, "volt_class": "220-287", "inferred": "Y", "sub_1": "TECH CENTER", "sub_2": "LEETSDALE", "shape_lengt": 12488.438062895701, "globalid": "023a9c5f-ff77-40d2-b1f0-c3dcc9da1a77", "STATEFP": "08", "STATENS": "01779779", "AFFGEOID": "0400000US08", "GEOID": "08", "STUSPS": "CO", "NAME": "Colorado", "LSAD": "00", "ALAND": 268422891711, "AWATER": 1181621593 }, "geometry": { "type": "MultiLineString", "coordinates": [ [ [ -104.902134822, 39.633399434000097 ], [ -104.901368128, 39.633416909000097 ], [ -104.899786791, 39.634408369 ], [ -104.897589166, 39.635804788 ], [ -104.895039255, 39.6374274020001 ], [ -104.892901827, 39.638792718 ], [ -104.893350213, 39.640847495 ], [ -104.893721008, 39.642637550000103 ], [ -104.894259869, 39.645187621 ], [ -104.894209895, 39.647084138 ], [ -104.894199199, 39.6483332070001 ], [ -104.894159977, 39.649672968000097 ], [ -104.894120762, 39.6513446270001 ], [ -104.89414567, 39.652922275 ], [ -104.895497862, 39.655062963 ], [ -104.896726439, 39.656885179 ], [ -104.898247567, 39.659133994000101 ], [ -104.899188849, 39.660521063 ], [ -104.900141916, 39.66195919 ], [ -104.901121101, 39.6633899300001 ], [ -104.902216878, 39.665016602 ], [ -104.90378717, 39.66736078 ], [ -104.903799382, 39.669936128000103 ], [ -104.903805325, 39.672003555000103 ], [ -104.903790469, 39.67430872 ], [ -104.905843148, 39.67570119 ], [ -104.907545529, 39.676869678000102 ], [ -104.909500445, 39.678216501000101 ], [ -104.910575946, 39.678955071000097 ], [ -104.913270639, 39.6791265640001 ], [ -104.917680129, 39.679399970000098 ], [ -104.917674722, 39.681529671000099 ], [ -104.917681853, 39.683783206 ], [ -104.917684229, 39.685599550000099 ], [ -104.917696114, 39.6874176950001 ], [ -104.917707997, 39.689228337 ], [ -104.917705621, 39.690985868 ], [ -104.917698486, 39.692958747 ], [ -104.917900522, 39.694623091 ], [ -104.917905272, 39.696190921 ], [ -104.917902895, 39.697904477000101 ], [ -104.917905272, 39.699499169 ], [ -104.917907648, 39.701212615 ], [ -104.917902895, 39.703039443000101 ], [ -104.917907662, 39.705350111 ], [ -104.918090943, 39.705941418000101 ], [ -104.918433202, 39.706548494000103 ], [ -104.918590262, 39.706721257 ] ] ] } },
{ "type": "Feature", "properties": { "objectid": "69937", "id": "201696", "type": "AC; OVERHEAD", "status": "NOT AVAILABLE", "naics_code": "221121", "naics_desc": "ELECTRIC BULK POWER TRANSMISSION AND CONTROL", "source": "Regional Map", "sourcedate": "2014-06-23T20:00:00-06:00", "val_method": "IMAGERY/OTHER", "val_date": "2014-06-23T20:00:00-06:00", "owner": "PUBLIC SERVICE CO OF COLORADO", "voltage": 230.0, "volt_class": "220-287", "inferred": "N", "sub_1": "PARACHUTE", "sub_2": "RIFLE PSCO", "shape_lengt": 42694.314100056603, "globalid": "cff1b7fc-b1e4-44ec-96f7-c5a9e454c042", "STATEFP": "08", "STATENS": "01779779", "AFFGEOID": "0400000US08", "GEOID": "08", "STUSPS": "CO", "NAME": "Colorado", "LSAD": "00", "ALAND": 268422891711, "AWATER": 1181621593 }, "geometry": { "type": "MultiLineString", "coordinates": [ [ [ -108.044108898, 39.466295975 ], [ -108.042259042, 39.466370916000102 ], [ -108.039592275, 39.467025966 ], [ -108.035328301, 39.465165388000102 ], [ -108.025495491, 39.469992879000102 ], [ -108.02388534, 39.468588860000096 ], [ -108.0183025, 39.464054 ], [ -108.014072338, 39.468806837 ], [ -107.986556156, 39.469544431 ], [ -107.975083356, 39.469423334000098 ], [ -107.957243115, 39.469968268 ], [ -107.937235236, 39.475450396 ], [ -107.92421514, 39.476496135000097 ], [ -107.901191105, 39.482373994 ], [ -107.840019473, 39.489709613 ], [ -107.81549459, 39.496103472000101 ], [ -107.785950416, 39.503694977000102 ], [ -107.7487371, 39.5133966000001 ], [ -107.746747814, 39.5135036550001 ], [ -107.720614928, 39.516281563000099 ], [ -107.68970468, 39.519416889000098 ], [ -107.683073415, 39.5214245230001 ], [ -107.680019231, 39.52135852 ], [ -107.679823145, 39.520640728 ] ] ] } },
{ "type": "Feature", "properties": { "objectid": "74518", "id": "206797", "type": "AC; OVERHEAD", "status": "NOT AVAILABLE", "naics_code": "221121", "naics_desc": "ELECTRIC BULK POWER TRANSMISSION AND CONTROL", "source": "IMAGERY", "sourcedate": "2016-01-17T18:00:00-07:00", "val_method": "IMAGERY", "val_date": "2016-01-17T18:00:00-07:00", "owner": "TRI-STATE G & T ASSN, INC", "voltage": 230.0, "volt_class": "220-287", "inferred": "Y", "sub_1": "NOT AVAILABLE", "sub_2": "LINCOLN", "shape_lengt": 261.5843148033, "globalid": "3f673c47-8c72-44e7-a2b0-c60ccfb9e579", "STATEFP": "08", "STATENS": "01779779", "AFFGEOID": "0400000US08", "GEOID": "08", "STUSPS": "CO", "NAME": "Colorado", "LSAD": "00", "ALAND": 268422891711, "AWATER": 1181621593 }, "geometry": { "type": "MultiLineString", "coordinates": [ [ [ -103.700249515, 39.203835188 ], [ -103.700881051, 39.204163635 ], [ -103.701144291, 39.20415639 ], [ -103.701376136, 39.20415639 ], [ -103.701364061, 39.2039173000001 ], [ -103.701726319, 39.203931790000098 ], [ -103.702134247, 39.203846564000102 ] ] ] } },
{ "type": "Feature", "properties": { "objectid": "70312", "id": "202073", "type": "AC; OVERHEAD", "status": "NOT AVAILABLE", "naics_code": "221121", "naics_desc": "ELECTRIC BULK POWER TRANSMISSION AND CONTROL", "source": "IMAGERY", "sourcedate": "2014-07-08T20:00:00-06:00", "val_method": "IMAGERY", "val_date": "2014-07-08T20:00:00-06:00", "owner": "UNITED POWER, INC", "voltage": 230.0, "volt_class": "220-287", "inferred": "Y", "sub_1": "FORT LUPTON", "sub_2": "HENRY LAKE", "shape_lengt": 14721.745479037199, "globalid": "0030d0f9-6a9c-419b-9f73-d0afed909d4b", "STATEFP": "08", "STATENS": "01779779", "AFFGEOID": "0400000US08", "GEOID": "08", "STUSPS": "CO", "NAME": "Colorado", "LSAD": "00", "ALAND": 268422891711, "AWATER": 1181621593 }, "geometry": { "type": "MultiLineString", "coordinates": [ [ [ -104.772506265, 40.100814348 ], [ -104.771443658, 40.101465587000099 ], [ -104.753262375, 40.10154333 ], [ -104.753258462, 40.089893468000099 ], [ -104.75322702, 40.075299266000101 ], [ -104.753285976, 40.065869922 ], [ -104.753344933, 40.053857812 ], [ -104.753396029, 40.043832447 ], [ -104.753384238, 40.036150023000097 ], [ -104.753419612, 40.026489539000103 ], [ -104.753427473, 40.025171153 ], [ -104.753445495, 40.01645682 ], [ -104.754607531, 40.01650706 ], [ -104.754969833, 40.016444277000097 ] ] ] } },
{ "type": "Feature", "properties": { "objectid": "73541", "id": "205207", "type": "AC; OVERHEAD", "status": "NOT AVAILABLE", "naics_code": "221121", "naics_desc": "ELECTRIC BULK POWER TRANSMISSION AND CONTROL", "source": "Regional Map", "sourcedate": "2015-08-12T20:00:00-06:00", "val_method": "IMAGERY/OTHER", "val_date": "2015-08-12T20:00:00-06:00", "owner": "PLATTE RIVER POWER AUTHORITY", "voltage": 230.0, "volt_class": "220-287", "inferred": "N", "sub_1": "HARMONY", "sub_2": "PORTNER", "shape_lengt": 6689.9615570635997, "globalid": "ffb12816-fee1-4fa0-a6db-d3a9abdb07a6", "STATEFP": "08", "STATENS": "01779779", "AFFGEOID": "0400000US08", "GEOID": "08", "STUSPS": "CO", "NAME": "Colorado", "LSAD": "00", "ALAND": 268422891711, "AWATER": 1181621593 }, "geometry": { "type": "MultiLineString", "coordinates": [ [ [ -105.044530356, 40.524558777 ], [ -105.0436806, 40.524519600000097 ], [ -105.0439699, 40.5232451 ], [ -105.049313, 40.507362100000101 ], [ -105.049390438, 40.505551951 ], [ -105.049341006, 40.494443609 ], [ -105.049828501, 40.494530045 ], [ -105.066675085, 40.494653777 ], [ -105.067014304, 40.495874753000102 ] ] ] } },
{ "type": "Feature", "properties": { "objectid": "70147", "id": "201906", "type": "AC; OVERHEAD", "status": "NOT AVAILABLE", "naics_code": "221121", "naics_desc": "ELECTRIC BULK POWER TRANSMISSION AND CONTROL", "source": "Regional Map", "sourcedate": "2014-07-13T20:00:00-06:00", "val_method": "IMAGERY/OTHER", "val_date": "2014-07-13T20:00:00-06:00", "owner": "PUBLIC SERVICE CO OF COLORADO", "voltage": 230.0, "volt_class": "220-287", "inferred": "N", "sub_1": "KEENESBURG", "sub_2": "GREEN VALLEY", "shape_lengt": 37426.811255774301, "globalid": "91b5870c-3a65-4ad5-af80-d615472a4796", "STATEFP": "08", "STATENS": "01779779", "AFFGEOID": "0400000US08", "GEOID": "08", "STUSPS": "CO", "NAME": "Colorado", "LSAD": "00", "ALAND": 268422891711, "AWATER": 1181621593 }, "geometry": { "type": "MultiLineString", "coordinates": [ [ [ -104.550009333, 40.107053149000102 ], [ -104.549381679, 40.106772102 ], [ -104.549417331, 40.104054314 ], [ -104.547141548, 40.103268043000099 ], [ -104.546142469, 40.102177995 ], [ -104.546157964, 40.091257329 ], [ -104.545853734, 40.073813992000098 ], [ -104.545511475, 40.0592332310001 ], [ -104.545739648, 40.050995613000097 ], [ -104.536479645, 40.051068388 ], [ -104.536612746, 40.0448676930001 ], [ -104.536650775, 40.035288986000097 ], [ -104.536707818, 40.022709430000099 ], [ -104.536764861, 40.015545036 ], [ -104.5271626, 40.015632411 ], [ -104.527181614, 40.000718758000097 ], [ -104.499401608, 40.00077702 ], [ -104.499249493, 39.987856028000103 ], [ -104.499116392, 39.975923427000097 ], [ -104.498964277, 39.958377699 ], [ -104.49871709, 39.945565308 ], [ -104.49858399, 39.927224401 ], [ -104.503052369, 39.9272535630001 ], [ -104.516533563, 39.921756168000101 ], [ -104.52516609, 39.919889578 ], [ -104.544066382, 39.920166653000102 ], [ -104.544161454, 39.9173666840001 ], [ -104.544432957, 39.916585823 ] ] ] } },
{ "type": "Feature", "properties": { "objectid": "70407", "id": "202168", "type": "AC; OVERHEAD", "status": "NOT AVAILABLE", "naics_code": "221121", "naics_desc": "ELECTRIC BULK POWER TRANSMISSION AND CONTROL", "source": "IMAGERY", "sourcedate": "2014-07-08T20:00:00-06:00", "val_method": "IMAGERY", "val_date": "2014-07-08T20:00:00-06:00", "owner": "PUBLIC SERVICE CO OF COLORADO", "voltage": 230.0, "volt_class": "220-287", "inferred": "Y", "sub_1": "CHAMBERS", "sub_2": "TOWER", "shape_lengt": 14297.274464554799, "globalid": "11ff9224-8de1-459c-9a27-d7cd8411945b", "STATEFP": "08", "STATENS": "01779779", "AFFGEOID": "0400000US08", "GEOID": "08", "STUSPS": "CO", "NAME": "Colorado", "LSAD": "00", "ALAND": 268422891711, "AWATER": 1181621593 }, "geometry": { "type": "MultiLineString", "coordinates": [ [ [ -104.812762649, 39.761828575 ], [ -104.812453542, 39.761760006 ], [ -104.812260227, 39.7611772160001 ], [ -104.798306671, 39.757584906 ], [ -104.79101228, 39.756773633000101 ], [ -104.781771292, 39.755874644000102 ], [ -104.768473111, 39.754668665000104 ], [ -104.756900485, 39.753501038 ], [ -104.753998416, 39.754844081 ], [ -104.74643307, 39.754844081 ], [ -104.743188742, 39.754619329 ], [ -104.736422, 39.754608365 ], [ -104.735181312, 39.755118169000099 ], [ -104.735003052, 39.76571355 ], [ -104.736849824, 39.766404139 ], [ -104.738917637, 39.769007488000099 ], [ -104.748757578, 39.768991046000103 ], [ -104.757328309, 39.769007488000099 ], [ -104.766661992, 39.768952681 ], [ -104.766469471, 39.768541632000101 ], [ -104.766690507, 39.768318308000097 ] ] ] } },
{ "type": "Feature", "properties": { "objectid": "70032", "id": "201791", "type": "AC; OVERHEAD", "status": "NOT AVAILABLE", "naics_code": "221121", "naics_desc": "ELECTRIC BULK POWER TRANSMISSION AND CONTROL", "source": "Regional Map", "sourcedate": "2014-06-23T20:00:00-06:00", "val_method": "IMAGERY/OTHER", "val_date": "2014-06-23T20:00:00-06:00", "owner": "WAPA-- WESTERN AREA POWER ADMINISTRATION", "voltage": 230.0, "volt_class": "220-287", "inferred": "N", "sub_1": "CURECANTI", "sub_2": "PONCHA", "shape_lengt": 170728.83850911399, "globalid": "fcca0c77-0eb5-4560-bad3-bfe79959390a", "STATEFP": "08", "STATENS": "01779779", "AFFGEOID": "0400000US08", "GEOID": "08", "STUSPS": "CO", "NAME": "Colorado", "LSAD": "00", "ALAND": 268422891711, "AWATER": 1181621593 }, "geometry": { "type": "MultiLineString", "coordinates": [ [ [ -107.535595, 38.429384 ], [ -107.533400026, 38.428981037 ], [ -107.530937502, 38.428486795 ], [ -107.528456288, 38.427500784000102 ], [ -107.511521608, 38.420834619 ], [ -107.507730616, 38.419344888000097 ], [ -107.486083935, 38.410843528 ], [ -107.476457905, 38.409353592000102 ], [ -107.473391837, 38.410119516000101 ], [ -107.470242581, 38.410925008 ], [ -107.453284133, 38.414940694 ], [ -107.423455327, 38.416244289000097 ], [ -107.28940396, 38.4150338090001 ], [ -107.172940894, 38.428068684 ], [ -107.169256858, 38.429092753000099 ], [ -107.165216302, 38.428999656 ], [ -107.127306386, 38.434026701 ], [ -107.119581795, 38.434864507 ], [ -107.087970391, 38.437470954 ], [ -107.064202418, 38.43542304 ], [ -107.01868675, 38.439146478 ], [ -106.960098697, 38.467345289 ], [ -106.928249614, 38.479905566000099 ], [ -106.889032459, 38.486603486 ], [ -106.785998297, 38.473951337000102 ], [ -106.77458967, 38.474230453000096 ], [ -106.735729035, 38.48027769 ], [ -106.682369936, 38.497486278000103 ], [ -106.515518767, 38.521664375 ], [ -106.508388375, 38.520734599 ], [ -106.44338297, 38.49590512 ], [ -106.403571615, 38.497765303000101 ], [ -106.389310831, 38.499904453 ], [ -106.367087777, 38.500927503000099 ], [ -106.35567915, 38.497951318 ], [ -106.338803889, 38.500648490000103 ], [ -106.327276423, 38.507251487000097 ], [ -106.318719952, 38.509483349 ], [ -106.28556363, 38.524081738000099 ], [ -106.261795658, 38.536353252 ], [ -106.249436312, 38.542023472 ], [ -106.240998682, 38.548250904 ], [ -106.191561299, 38.557637505000102 ], [ -106.170170123, 38.554942467000103 ], [ -106.141292036, 38.537654654 ], [ -106.127506612, 38.519060970000098 ], [ -106.123466056, 38.516271503 ], [ -106.096397282, 38.5055346 ], [ -106.093225912, 38.508301776 ], [ -106.092562862, 38.509270641 ], [ -106.091978209, 38.509324363000097 ] ] ] } },
{ "type": "Feature", "properties": { "objectid": "73069", "id": "205104", "type": "AC; OVERHEAD", "status": "NOT AVAILABLE", "naics_code": "221121", "naics_desc": "ELECTRIC BULK POWER TRANSMISSION AND CONTROL", "source": "IMAGERY", "sourcedate": "2015-08-12T20:00:00-06:00", "val_method": "IMAGERY", "val_date": "2015-08-12T20:00:00-06:00", "owner": "MORGAN COUNTY RURAL ELEC ASSN", "voltage": 230.0, "volt_class": "220-287", "inferred": "Y", "sub_1": "STORY", "sub_2": "STORY", "shape_lengt": 1093.1080114918, "globalid": "b283bf25-cf31-4b80-8255-cae7cbf17492", "STATEFP": "08", "STATENS": "01779779", "AFFGEOID": "0400000US08", "GEOID": "08", "STUSPS": "CO", "NAME": "Colorado", "LSAD": "00", "ALAND": 268422891711, "AWATER": 1181621593 }, "geometry": { "type": "MultiLineString", "coordinates": [ [ [ -103.589002921, 40.254822693000101 ], [ -103.58909066, 40.25493621 ], [ -103.588985964, 40.255633392000099 ], [ -103.589231048, 40.256697011 ], [ -103.594984585, 40.256887368 ], [ -103.59584595, 40.256632765000099 ], [ -103.596442137, 40.256478287 ] ] ] } },
{ "type": "Feature", "properties": { "objectid": "73406", "id": "204952", "type": "AC; OVERHEAD", "status": "NOT AVAILABLE", "naics_code": "221121", "naics_desc": "ELECTRIC BULK POWER TRANSMISSION AND CONTROL", "source": "http://www.oasis.oati.com", "sourcedate": "2015-08-12T20:00:00-06:00", "val_method": "IMAGERY/OTHER", "val_date": "2015-08-12T20:00:00-06:00", "owner": "CITY OF COLORADO SPRINGS - (CO)", "voltage": 230.0, "volt_class": "220-287", "inferred": "N", "sub_1": "UNKNOWN202239", "sub_2": "COTTONWOOD", "shape_lengt": 22030.135981103998, "globalid": "faae8736-c89a-4597-87b3-cac00d3b8dfb", "STATEFP": "08", "STATENS": "01779779", "AFFGEOID": "0400000US08", "GEOID": "08", "STUSPS": "CO", "NAME": "Colorado", "LSAD": "00", "ALAND": 268422891711, "AWATER": 1181621593 }, "geometry": { "type": "MultiLineString", "coordinates": [ [ [ -104.687965958, 38.8999246280001 ], [ -104.687959743, 38.900214858 ], [ -104.68666782, 38.900601006 ], [ -104.676760624, 38.900523179000103 ], [ -104.674208891, 38.900031383000098 ], [ -104.668611686, 38.898051244 ], [ -104.667475949, 38.899948379000101 ], [ -104.666295466, 38.902073541 ], [ -104.66630021, 38.904270352 ], [ -104.665975873, 38.906582723 ], [ -104.664864199, 38.907989845 ], [ -104.663813905, 38.909366711000096 ], [ -104.663761785, 38.911685765000101 ], [ -104.663733265, 38.914873917000101 ], [ -104.663714251, 38.91802146 ], [ -104.663676222, 38.921087448 ], [ -104.663661962, 38.924008932 ], [ -104.663666716, 38.926601235000099 ], [ -104.663676222, 38.929437506000099 ], [ -104.663704744, 38.932299564000097 ], [ -104.663733265, 38.93513941 ], [ -104.66375228, 38.937372754000101 ], [ -104.665557407, 38.937491165 ], [ -104.668029345, 38.937482291 ], [ -104.670482221, 38.937480812 ], [ -104.673216447, 38.937473417 ], [ -104.675686451, 38.9374675010001 ], [ -104.67826291, 38.937464543 ], [ -104.680552186, 38.937460106000103 ], [ -104.682662797, 38.937452711 ], [ -104.684921685, 38.937449753000102 ], [ -104.687003909, 38.9374407130001 ], [ -104.686847752, 38.939576032 ], [ -104.686784041, 38.941575691 ], [ -104.688927811, 38.941555339000097 ], [ -104.691279938, 38.941543508000102 ], [ -104.69409205, 38.941522804 ], [ -104.697200542, 38.941491750000097 ], [ -104.700176001, 38.941423727 ], [ -104.703113576, 38.941357178 ], [ -104.706406482, 38.94126106 ], [ -104.709676711, 38.941132403 ], [ -104.712650557, 38.941014089000099 ], [ -104.715312554, 38.940909087000101 ], [ -104.71841763, 38.940783376000098 ], [ -104.720894253, 38.940688688000101 ], [ -104.722868745, 38.940690166 ], [ -104.725237814, 38.940486084 ], [ -104.727489069, 38.940475723000098 ], [ -104.729599744, 38.940463891 ], [ -104.732058314, 38.940460933000097 ], [ -104.734377994, 38.940449102000102 ], [ -104.736714912, 38.940438749000101 ], [ -104.739274256, 38.940431354000097 ], [ -104.741462814, 38.940422481 ], [ -104.743632417, 38.940416565000099 ], [ -104.745758179, 38.940413607 ], [ -104.747659807, 38.940404733 ], [ -104.749603317, 38.940418045000101 ], [ -104.751923022, 38.940431354000097 ], [ -104.754134334, 38.940441707 ], [ -104.756020995, 38.940447624 ], [ -104.759099328, 38.940520090000099 ], [ -104.762108748, 38.9405171330001 ], [ -104.764780247, 38.940515654000102 ], [ -104.767176056, 38.9405112170001 ], [ -104.769307577, 38.940509738000102 ], [ -104.771338276, 38.940506780000099 ], [ -104.773311969, 38.940502343 ], [ -104.775344641, 38.940499386 ], [ -104.777312611, 38.9404979070001 ], [ -104.779284366, 38.94049347 ], [ -104.781330777, 38.940492831 ], [ -104.781351334, 38.9412564450001 ], [ -104.782254517, 38.941262361 ], [ -104.782969247, 38.941440252000099 ] ] ] } },
{ "type": "Feature", "properties": { "objectid": "74440", "id": "206719", "type": "AC; OVERHEAD", "status": "NOT AVAILABLE", "naics_code": "221121", "naics_desc": "ELECTRIC BULK POWER TRANSMISSION AND CONTROL", "source": "IMAGERY", "sourcedate": "2015-12-17T18:00:00-07:00", "val_method": "IMAGERY", "val_date": "2015-12-17T18:00:00-07:00", "owner": "PUBLIC SERVICE CO OF COLORADO", "voltage": 230.0, "volt_class": "220-287", "inferred": "Y", "sub_1": "NOT AVAILABLE", "sub_2": "PAWNEE", "shape_lengt": 488.03199046129998, "globalid": "1b5ef0c9-4dbc-4393-9fbe-cb3f31e0193d", "STATEFP": "08", "STATENS": "01779779", "AFFGEOID": "0400000US08", "GEOID": "08", "STUSPS": "CO", "NAME": "Colorado", "LSAD": "00", "ALAND": 268422891711, "AWATER": 1181621593 }, "geometry": { "type": "MultiLineString", "coordinates": [ [ [ -103.678285553, 40.219814722000102 ], [ -103.678500086, 40.219482970000101 ], [ -103.678548743, 40.2173287950001 ], [ -103.678494877, 40.216506676 ] ] ] } },
{ "type": "Feature", "properties": { "objectid": "70098", "id": "201857", "type": "AC; OVERHEAD", "status": "NOT AVAILABLE", "naics_code": "221121", "naics_desc": "ELECTRIC BULK POWER TRANSMISSION AND CONTROL", "source": "Regional Map", "sourcedate": "2014-07-09T20:00:00-06:00", "val_method": "IMAGERY/OTHER", "val_date": "2014-07-09T20:00:00-06:00", "owner": "PUBLIC SERVICE CO OF COLORADO", "voltage": 230.0, "volt_class": "220-287", "inferred": "N", "sub_1": "MISSLE SITE", "sub_2": "SULPHUR", "shape_lengt": 114481.80242189, "globalid": "67a5c1ae-d7c9-4d0b-bba4-cc012a60076f", "STATEFP": "08", "STATENS": "01779779", "AFFGEOID": "0400000US08", "GEOID": "08", "STUSPS": "CO", "NAME": "Colorado", "LSAD": "00", "ALAND": 268422891711, "AWATER": 1181621593 }, "geometry": { "type": "MultiLineString", "coordinates": [ [ [ -104.020331797, 39.685770963 ], [ -104.019128576, 39.6842720450001 ], [ -104.019211764, 39.682424606 ], [ -104.0234224, 39.6824228 ], [ -104.0234651, 39.679917100000097 ], [ -104.0234935, 39.677269000000102 ], [ -104.0235219, 39.6747248 ], [ -104.0235646, 39.6722187 ], [ -104.0236143, 39.669931500000096 ], [ -104.0236428, 39.667266600000097 ], [ -104.0503508, 39.667086 ], [ -104.069962981, 39.666972706 ], [ -104.088417, 39.6668613000001 ], [ -104.106575166, 39.666860423000102 ], [ -104.106620048, 39.653929446 ], [ -104.1075799, 39.637616900000097 ], [ -104.1107756, 39.6375945 ], [ -104.113621581, 39.637591666 ], [ -104.132931901, 39.63753118 ], [ -104.153218395, 39.637574384000096 ], [ -104.17352733, 39.637453413000102 ], [ -104.198532366, 39.6373647570001 ], [ -104.198739889, 39.637166589000103 ], [ -104.241496206, 39.636991499 ], [ -104.258537992, 39.6224130740001 ], [ -104.273866601, 39.622329766000099 ], [ -104.287366396, 39.622276751000101 ], [ -104.289863809, 39.622269177000099 ], [ -104.293796743, 39.622670572000096 ], [ -104.297808335, 39.6222540300001 ], [ -104.362859058, 39.621860207 ], [ -104.374068871, 39.621745414 ], [ -104.452116987, 39.621398219000099 ], [ -104.468144274, 39.621420184 ], [ -104.48756463, 39.621597681 ], [ -104.4965948, 39.6217713 ], [ -104.510979154, 39.622031559 ], [ -104.510787126, 39.633217767000097 ], [ -104.5145937, 39.6364963 ], [ -104.5292704, 39.6366336 ], [ -104.5502898, 39.636848400000098 ], [ -104.574555737, 39.636930245 ], [ -104.5789572, 39.636923600000102 ], [ -104.5813054, 39.636941700000101 ], [ -104.6106899, 39.637451090000098 ], [ -104.673773008, 39.637412793000102 ], [ -104.6738292, 39.6317169000001 ], [ -104.6836581, 39.6317570000001 ], [ -104.697449687, 39.631725413 ], [ -104.700528004, 39.631702432 ], [ -104.703307937, 39.631694772000102 ], [ -104.706500634, 39.631472629 ], [ -104.706580203, 39.630607031000103 ], [ -104.706644771, 39.616509416 ], [ -104.698034736, 39.616481168000099 ], [ -104.698122743, 39.602321959000101 ], [ -104.702508434, 39.602333260000101 ], [ -104.702449763, 39.600525012 ], [ -104.704935965, 39.597654322 ], [ -104.706842787, 39.597111816000101 ], [ -104.706864789, 39.594495295000101 ], [ -104.70702265, 39.583204652000099 ], [ -104.707165257, 39.569794595000097 ], [ -104.707194816, 39.565746617000102 ], [ -104.707466171, 39.564553680000103 ], [ -104.707246153, 39.549908839000103 ], [ -104.707260821, 39.536584437 ], [ -104.717506323, 39.536821991000103 ], [ -104.717638333, 39.526747849000103 ], [ -104.717195342, 39.525332336000098 ], [ -104.717572328, 39.524349298 ], [ -104.717675003, 39.513124787 ], [ -104.7200952, 39.510754056000103 ], [ -104.760215373, 39.510865882000097 ], [ -104.782295819, 39.510920894 ], [ -104.782672652, 39.509459283000098 ] ] ] } },
{ "type": "Feature", "properties": { "objectid": "70346", "id": "202107", "type": "AC; OVERHEAD", "status": "NOT AVAILABLE", "naics_code": "221121", "naics_desc": "ELECTRIC BULK POWER TRANSMISSION AND CONTROL", "source": "Regional Map", "sourcedate": "2014-07-08T20:00:00-06:00", "val_method": "IMAGERY/OTHER", "val_date": "2014-07-08T20:00:00-06:00", "owner": "PUBLIC SERVICE CO OF COLORADO", "voltage": 230.0, "volt_class": "220-287", "inferred": "N", "sub_1": "GUNBARREL", "sub_2": "NIWOT", "shape_lengt": 4809.0783001760001, "globalid": "e3356cf2-cd2d-47a2-8103-ce6bdd40d28d", "STATEFP": "08", "STATENS": "01779779", "AFFGEOID": "0400000US08", "GEOID": "08", "STUSPS": "CO", "NAME": "Colorado", "LSAD": "00", "ALAND": 268422891711, "AWATER": 1181621593 }, "geometry": { "type": "MultiLineString", "coordinates": [ [ [ -105.202593255, 40.08325983 ], [ -105.202263768, 40.083015827000096 ], [ -105.20141538, 40.083013873 ], [ -105.200190983, 40.083771174000098 ], [ -105.187855966, 40.083707835 ], [ -105.188020209, 40.072962763000099 ], [ -105.178412958, 40.0730255980001 ], [ -105.178370677, 40.070437205000097 ], [ -105.179019261, 40.069906102000097 ] ] ] } },
{ "type": "Feature", "properties": { "objectid": "70436", "id": "202197", "type": "AC; OVERHEAD", "status": "NOT AVAILABLE", "naics_code": "221121", "naics_desc": "ELECTRIC BULK POWER TRANSMISSION AND CONTROL", "source": "IMAGERY", "sourcedate": "2014-07-08T20:00:00-06:00", "val_method": "IMAGERY", "val_date": "2014-07-08T20:00:00-06:00", "owner": "PUBLIC SERVICE CO OF COLORADO", "voltage": 230.0, "volt_class": "220-287", "inferred": "Y", "sub_1": "DANIELS PARK", "sub_2": "PRAIRIE", "shape_lengt": 8104.0769689912004, "globalid": "2e334dd6-34be-41e9-90b2-d3f4054aab08", "STATEFP": "08", "STATENS": "01779779", "AFFGEOID": "0400000US08", "GEOID": "08", "STUSPS": "CO", "NAME": "Colorado", "LSAD": "00", "ALAND": 268422891711, "AWATER": 1181621593 }, "geometry": { "type": "MultiLineString", "coordinates": [ [ [ -104.90505142, 39.494246447000101 ], [ -104.904730635, 39.495194486000102 ], [ -104.904631688, 39.520576477000098 ], [ -104.904413218, 39.54922861 ], [ -104.905032892, 39.550028217 ], [ -104.904944725, 39.550227245 ] ] ] } },
{ "type": "Feature", "properties": { "objectid": "70172", "id": "201931", "type": "AC; OVERHEAD", "status": "NOT AVAILABLE", "naics_code": "221121", "naics_desc": "ELECTRIC BULK POWER TRANSMISSION AND CONTROL", "source": "IMAGERY", "sourcedate": "2014-07-13T20:00:00-06:00", "val_method": "IMAGERY", "val_date": "2014-07-13T20:00:00-06:00", "owner": "PUBLIC SERVICE CO OF COLORADO", "voltage": 230.0, "volt_class": "220-287", "inferred": "Y", "sub_1": "MISSLE SITE", "sub_2": "UNKNOWN204006", "shape_lengt": 74387.369508656702, "globalid": "fbddb6ec-c5d1-4170-88b8-d51982451e00", "STATEFP": "08", "STATENS": "01779779", "AFFGEOID": "0400000US08", "GEOID": "08", "STUSPS": "CO", "NAME": "Colorado", "LSAD": "00", "ALAND": 268422891711, "AWATER": 1181621593 }, "geometry": { "type": "MultiLineString", "coordinates": [ [ [ -104.020331797, 39.685770963 ], [ -104.019093191, 39.685432127000098 ], [ -104.019014757, 39.684751701 ], [ -104.019064669, 39.681832379000099 ], [ -104.012262276, 39.681843354000101 ], [ -104.005345796, 39.681843354000101 ], [ -104.005155652, 39.689379196000097 ], [ -104.00488232, 39.696722193 ], [ -103.992962683, 39.696914216 ], [ -103.984156648, 39.697078807 ], [ -103.971060496, 39.6968867840001 ], [ -103.948005562, 39.6972616850001 ], [ -103.92522396, 39.697243397000101 ], [ -103.911818823, 39.697307405000103 ], [ -103.908824058, 39.697023944000101 ], [ -103.90054092, 39.697069663 ], [ -103.890142432, 39.697078807 ], [ -103.890475184, 39.692150058 ], [ -103.891045615, 39.679630001000099 ], [ -103.89156851, 39.668333481 ], [ -103.880742199, 39.668269446000103 ], [ -103.857853641, 39.667921832 ], [ -103.83388364, 39.667748023000101 ], [ -103.811708122, 39.667528476 ], [ -103.798433709, 39.66742785 ], [ -103.798718925, 39.658764295 ], [ -103.799194284, 39.646110077000102 ], [ -103.799574572, 39.633508457000097 ], [ -103.799812252, 39.620666536000101 ], [ -103.800097467, 39.6075933380001 ], [ -103.800287611, 39.594746608 ], [ -103.80058471, 39.58089914 ], [ -103.800929346, 39.566984777000101 ], [ -103.80129775, 39.553076783000101 ], [ -103.801428474, 39.549759709000099 ], [ -103.79238476, 39.549723055000101 ], [ -103.770244893, 39.549530623000102 ], [ -103.747522711, 39.549338191000103 ], [ -103.724479662, 39.549173248 ], [ -103.71529334, 39.549109104 ], [ -103.71529334, 39.5440048500001 ], [ -103.715257689, 39.530046419 ], [ -103.715222036, 39.51617686 ], [ -103.715162616, 39.502240343 ], [ -103.715162616, 39.488319374000099 ], [ -103.715162616, 39.476661400000097 ], [ -103.712797704, 39.474817591 ], [ -103.700996905, 39.465662038000097 ], [ -103.687128293, 39.454853632 ], [ -103.679867177, 39.449191854 ], [ -103.679901588, 39.448847479000101 ], [ -103.679457179, 39.44866534 ] ] ] } },
{ "type": "Feature", "properties": { "objectid": "74460", "id": "206739", "type": "AC; OVERHEAD", "status": "NOT AVAILABLE", "naics_code": "221121", "naics_desc": "ELECTRIC BULK POWER TRANSMISSION AND CONTROL", "source": "IMAGERY", "sourcedate": "2015-12-17T18:00:00-07:00", "val_method": "IMAGERY", "val_date": "2015-12-17T18:00:00-07:00", "owner": "PUBLIC SERVICE CO OF COLORADO", "voltage": 230.0, "volt_class": "220-287", "inferred": "Y", "sub_1": "NOT AVAILABLE", "sub_2": "UNKNOWN203691", "shape_lengt": 146.65010886639999, "globalid": "415174d3-fd40-4007-a116-d654e0233cdc", "STATEFP": "08", "STATENS": "01779779", "AFFGEOID": "0400000US08", "GEOID": "08", "STUSPS": "CO", "NAME": "Colorado", "LSAD": "00", "ALAND": 268422891711, "AWATER": 1181621593 }, "geometry": { "type": "MultiLineString", "coordinates": [ [ [ -104.888077286, 40.092145133 ], [ -104.887612101, 40.09213621 ], [ -104.887594255, 40.092567487 ], [ -104.887849831, 40.092669067 ] ] ] } },
{ "type": "Feature", "properties": { "objectid": "69968", "id": "201727", "type": "AC; OVERHEAD", "status": "NOT AVAILABLE", "naics_code": "221121", "naics_desc": "ELECTRIC BULK POWER TRANSMISSION AND CONTROL", "source": "Regional Map", "sourcedate": "2014-07-08T20:00:00-06:00", "val_method": "IMAGERY/OTHER", "val_date": "2014-07-08T20:00:00-06:00", "owner": "PUBLIC SERVICE CO OF COLORADO", "voltage": 230.0, "volt_class": "220-287", "inferred": "N", "sub_1": "PARACHUTE", "sub_2": "STARKEY GULCH", "shape_lengt": 10089.410999498499, "globalid": "0a0e1abd-a7a5-41ee-9a0d-d78f4bb34647", "STATEFP": "08", "STATENS": "01779779", "AFFGEOID": "0400000US08", "GEOID": "08", "STUSPS": "CO", "NAME": "Colorado", "LSAD": "00", "ALAND": 268422891711, "AWATER": 1181621593 }, "geometry": { "type": "MultiLineString", "coordinates": [ [ [ -108.044108898, 39.466295975 ], [ -108.044232478, 39.466609563000098 ], [ -108.045432761, 39.4667563530001 ], [ -108.049758532, 39.465481106 ], [ -108.053353438, 39.466068273000097 ], [ -108.057221675, 39.4685820280001 ], [ -108.058998332, 39.469756305 ], [ -108.063948011, 39.469971893 ], [ -108.067566686, 39.470710391000097 ], [ -108.074697077, 39.4721552560001 ], [ -108.076533153, 39.472412117 ], [ -108.078000825, 39.472613936000101 ], [ -108.080276609, 39.472352488000098 ], [ -108.081423413, 39.473902813000102 ], [ -108.083229779, 39.476333727000103 ], [ -108.084168615, 39.476728169000097 ], [ -108.084563757, 39.475969095 ], [ -108.086952438, 39.477290015 ], [ -108.090540808, 39.479288319 ], [ -108.092986532, 39.479668068000102 ], [ -108.094833303, 39.480014793000102 ], [ -108.094890347, 39.480669715 ], [ -108.094804782, 39.48473119 ], [ -108.095118519, 39.485980404 ], [ -108.098191718, 39.487086518000098 ], [ -108.099617797, 39.486167509 ], [ -108.103389774, 39.488638349 ], [ -108.10423116, 39.488654857 ], [ -108.109357912, 39.4908724840001 ], [ -108.112202938, 39.492374707000103 ], [ -108.114734227, 39.491011886000102 ], [ -108.114646286, 39.490613856 ] ] ] } },
{ "type": "Feature", "properties": { "objectid": "70426", "id": "202187", "type": "AC; OVERHEAD", "status": "NOT AVAILABLE", "naics_code": "221121", "naics_desc": "ELECTRIC BULK POWER TRANSMISSION AND CONTROL", "source": "IMAGERY", "sourcedate": "2014-07-08T20:00:00-06:00", "val_method": "IMAGERY", "val_date": "2014-07-08T20:00:00-06:00", "owner": "PUBLIC SERVICE CO OF COLORADO", "voltage": 230.0, "volt_class": "220-287", "inferred": "Y", "sub_1": "SMOKY HILL", "sub_2": "MEADOW HILLS", "shape_lengt": 9501.7634770339992, "globalid": "acb301e6-39a6-4374-96d1-d8a0ac0832aa", "STATEFP": "08", "STATENS": "01779779", "AFFGEOID": "0400000US08", "GEOID": "08", "STUSPS": "CO", "NAME": "Colorado", "LSAD": "00", "ALAND": 268422891711, "AWATER": 1181621593 }, "geometry": { "type": "MultiLineString", "coordinates": [ [ [ -104.714750262, 39.631247289 ], [ -104.715832739, 39.630927503000102 ], [ -104.716796721, 39.631254172000098 ], [ -104.754054622, 39.631276154 ], [ -104.754154345, 39.624133811 ], [ -104.767106845, 39.624081852000103 ], [ -104.789239976, 39.624081964 ], [ -104.790059361, 39.624438368 ], [ -104.790609801, 39.624590213 ] ] ] } },
{ "type": "Feature", "properties": { "objectid": "69974", "id": "201733", "type": "AC; OVERHEAD", "status": "NOT AVAILABLE", "naics_code": "221121", "naics_desc": "ELECTRIC BULK POWER TRANSMISSION AND CONTROL", "source": "Regional Map", "sourcedate": "2014-07-06T20:00:00-06:00", "val_method": "IMAGERY/OTHER", "val_date": "2014-07-06T20:00:00-06:00", "owner": "PUBLIC SERVICE CO OF COLORADO", "voltage": 230.0, "volt_class": "220-287", "inferred": "N", "sub_1": "GRAND JUNCTION PSC", "sub_2": "CLIFTON", "shape_lengt": 17496.151280675, "globalid": "eb390154-20dc-4c21-9d97-9089a310adbb", "STATEFP": "08", "STATENS": "01779779", "AFFGEOID": "0400000US08", "GEOID": "08", "STUSPS": "CO", "NAME": "Colorado", "LSAD": "00", "ALAND": 268422891711, "AWATER": 1181621593 }, "geometry": { "type": "MultiLineString", "coordinates": [ [ [ -108.563951699, 39.062830421000101 ], [ -108.563705975, 39.061937334 ], [ -108.563513628, 39.059528442 ], [ -108.562688706, 39.059327748 ], [ -108.560825296, 39.059335131000097 ], [ -108.558258355, 39.059331439000097 ], [ -108.556922595, 39.059261307 ], [ -108.556841785, 39.058342208000099 ], [ -108.554545798, 39.058308987 ], [ -108.547695869, 39.058320061000103 ], [ -108.545105159, 39.058338517 ], [ -108.545090898, 39.057519068 ], [ -108.543660067, 39.057493229 ], [ -108.542761638, 39.057567054000103 ], [ -108.540151914, 39.057519068 ], [ -108.535303247, 39.057537524 ], [ -108.533582446, 39.05746739 ], [ -108.531481357, 39.057530142000097 ], [ -108.529089111, 39.057488615000103 ], [ -108.526614865, 39.057460931 ], [ -108.524276097, 39.057468313000101 ], [ -108.52215124, 39.057442474 ], [ -108.517464195, 39.0573871060001 ], [ -108.5147594, 39.05520555 ], [ -108.513176453, 39.053865577000103 ], [ -108.506074582, 39.054651845000102 ], [ -108.504791113, 39.0553015260001 ], [ -108.494318944, 39.0553199820001 ], [ -108.492707475, 39.055334748000099 ], [ -108.491067485, 39.055833078 ], [ -108.489042454, 39.056475364 ], [ -108.484559814, 39.0579370990001 ], [ -108.482767709, 39.059011232 ], [ -108.480657113, 39.059376656 ], [ -108.473165448, 39.059358200000098 ], [ -108.466686299, 39.056685767 ], [ -108.466619748, 39.057202544 ], [ -108.464433095, 39.057206235000102 ], [ -108.458415044, 39.057191470000099 ], [ -108.454963935, 39.059657182000102 ], [ -108.452805802, 39.061163142 ], [ -108.450704714, 39.062665380000098 ], [ -108.450043964, 39.063746824000098 ], [ -108.447467516, 39.064282003000102 ], [ -108.443369917, 39.066514949000101 ], [ -108.441040656, 39.069552380000097 ], [ -108.440969352, 39.079294899000097 ], [ -108.440978859, 39.081829948000099 ], [ -108.44034398, 39.081836276 ] ] ] } },
{ "type": "Feature", "properties": { "objectid": "69938", "id": "201697", "type": "AC; OVERHEAD", "status": "NOT AVAILABLE", "naics_code": "221121", "naics_desc": "ELECTRIC BULK POWER TRANSMISSION AND CONTROL", "source": "Regional Map", "sourcedate": "2014-07-06T20:00:00-06:00", "val_method": "IMAGERY/OTHER", "val_date": "2014-07-06T20:00:00-06:00", "owner": "PUBLIC SERVICE CO OF COLORADO", "voltage": 230.0, "volt_class": "220-287", "inferred": "N", "sub_1": "UINTAH", "sub_2": "CAMEO", "shape_lengt": 70634.331830381401, "globalid": "8f09b7e5-a15e-42e1-81ec-937281d99e4f", "STATEFP": "08", "STATENS": "01779779", "AFFGEOID": "0400000US08", "GEOID": "08", "STUSPS": "CO", "NAME": "Colorado", "LSAD": "00", "ALAND": 268422891711, "AWATER": 1181621593 }, "geometry": { "type": "MultiLineString", "coordinates": [ [ [ -108.769973, 39.172635 ], [ -108.770062338, 39.174195628000099 ], [ -108.770014529, 39.174352588 ], [ -108.775645127, 39.177261094000102 ], [ -108.780333359, 39.1796424610001 ], [ -108.780363069, 39.181134806 ], [ -108.780345244, 39.184985275 ], [ -108.78027394, 39.1905303180001 ], [ -108.780238288, 39.1955499540001 ], [ -108.780279882, 39.200592256 ], [ -108.780279882, 39.204506121000101 ], [ -108.780291766, 39.206509015 ], [ -108.775662954, 39.209529363 ], [ -108.773844703, 39.210611316 ], [ -108.771892759, 39.211879712 ], [ -108.768378069, 39.214163227 ], [ -108.76599533, 39.215691667 ], [ -108.764070125, 39.216948462000097 ], [ -108.760558406, 39.219369916000097 ], [ -108.757340817, 39.221821208 ], [ -108.751868242, 39.226491085000099 ], [ -108.742881571, 39.234168892000099 ], [ -108.742910093, 39.23944313 ], [ -108.742924353, 39.243032698 ], [ -108.742917223, 39.246655215 ], [ -108.742902962, 39.250780017000103 ], [ -108.742917223, 39.252254285 ], [ -108.74287444, 39.254137107000098 ], [ -108.733676235, 39.2548935350001 ], [ -108.727643923, 39.255390453000103 ], [ -108.71957232, 39.25611374 ], [ -108.70538997, 39.2498910240001 ], [ -108.688155813, 39.242309277000103 ], [ -108.676761448, 39.237300346 ], [ -108.668953668, 39.233876174 ], [ -108.658650253, 39.229347174 ], [ -108.643284258, 39.222602841 ], [ -108.630970071, 39.217189231000098 ], [ -108.61674494, 39.210935438 ], [ -108.605892483, 39.206161851 ], [ -108.592359, 39.200188885 ], [ -108.578490387, 39.194099362 ], [ -108.567081761, 39.189059358000101 ], [ -108.555330875, 39.183831077 ], [ -108.545334065, 39.179431504 ], [ -108.534068046, 39.174489947 ], [ -108.521639773, 39.169033930000097 ], [ -108.510138451, 39.164716357 ], [ -108.499728079, 39.160901636000098 ], [ -108.49592045, 39.160304531000101 ], [ -108.484789908, 39.158540828000099 ], [ -108.481766622, 39.158551886000097 ], [ -108.469003221, 39.158667993000101 ], [ -108.45989771, 39.158723282 ], [ -108.454457222, 39.158756455000102 ], [ -108.449494469, 39.160453808 ], [ -108.4398827, 39.161918915000101 ], [ -108.4342283, 39.1581814480001 ], [ -108.431048145, 39.155815019 ], [ -108.427946425, 39.152856871 ], [ -108.424830443, 39.1499704840001 ], [ -108.414904938, 39.144988146000102 ], [ -108.408551759, 39.141847046000102 ], [ -108.40511491, 39.14037046 ], [ -108.399923985, 39.138169348000098 ], [ -108.397841911, 39.137323174000102 ], [ -108.39103714, 39.134561515 ], [ -108.381981542, 39.130911091 ], [ -108.377893451, 39.129358682 ], [ -108.369313213, 39.132681017 ], [ -108.367297688, 39.136497268 ], [ -108.365952422, 39.139166677 ], [ -108.365624423, 39.139834014 ], [ -108.365201354, 39.1412719 ], [ -108.364588139, 39.143712552000103 ], [ -108.363965419, 39.145795519 ], [ -108.35919281, 39.149411993000101 ], [ -108.357690674, 39.150565834000098 ], [ -108.351891288, 39.156198371000102 ], [ -108.351411176, 39.15718623 ], [ -108.350317849, 39.1593756890001 ], [ -108.349419419, 39.161074869000103 ], [ -108.344133422, 39.163850231 ], [ -108.342987806, 39.163691747 ], [ -108.340487416, 39.163360036 ], [ -108.338058329, 39.163028323 ], [ -108.335895443, 39.162770323000103 ], [ -108.333932209, 39.160474079 ], [ -108.332815114, 39.159058701000099 ], [ -108.331612454, 39.15764698 ], [ -108.328598675, 39.155837135000098 ], [ -108.324505831, 39.153478001000103 ], [ -108.322438017, 39.152265227 ], [ -108.32254735, 39.149238731 ], [ -108.319324413, 39.147878425 ], [ -108.317942798, 39.148047979000097 ], [ -108.31761013, 39.148420778 ] ] ] } },
{ "type": "Feature", "properties": { "objectid": "70158", "id": "201917", "type": "AC; OVERHEAD", "status": "NOT AVAILABLE", "naics_code": "221121", "naics_desc": "ELECTRIC BULK POWER TRANSMISSION AND CONTROL", "source": "Regional Map", "sourcedate": "2014-07-13T20:00:00-06:00", "val_method": "IMAGERY/OTHER", "val_date": "2014-07-13T20:00:00-06:00", "owner": "PUBLIC SERVICE CO OF COLORADO", "voltage": 230.0, "volt_class": "220-287", "inferred": "N", "sub_1": "GREEN VALLEY", "sub_2": "IMBODEN", "shape_lengt": 31208.421789070399, "globalid": "39e545f8-5a75-453f-bb19-9351fdc33dfd", "STATEFP": "08", "STATENS": "01779779", "AFFGEOID": "0400000US08", "GEOID": "08", "STUSPS": "CO", "NAME": "Colorado", "LSAD": "00", "ALAND": 268422891711, "AWATER": 1181621593 }, "geometry": { "type": "MultiLineString", "coordinates": [ [ [ -104.544432957, 39.916585823 ], [ -104.544306314, 39.9156801600001 ], [ -104.545220935, 39.915654797000101 ], [ -104.545220335, 39.913115994000101 ], [ -104.545177936, 39.91042449 ], [ -104.545196136, 39.907927687 ], [ -104.545202135, 39.905129184 ], [ -104.545214236, 39.902715880000102 ], [ -104.545208235, 39.899996077 ], [ -104.545196136, 39.897410774 ], [ -104.545208235, 39.89465357 ], [ -104.545165835, 39.892100567000099 ], [ -104.545146936, 39.889355164000101 ], [ -104.545123035, 39.88680086 ], [ -104.545116236, 39.884167957 ], [ -104.545089036, 39.8814800540001 ], [ -104.545068535, 39.87881815 ], [ -104.545051536, 39.876203247 ], [ -104.545031035, 39.873606543 ], [ -104.545020836, 39.87085554 ], [ -104.545017436, 39.868378937 ], [ -104.545020836, 39.865630234 ], [ -104.545027635, 39.863033130000098 ], [ -104.545031035, 39.860456926 ], [ -104.545020836, 39.857747123 ], [ -104.545024236, 39.855160220000101 ], [ -104.545051536, 39.852468616000102 ], [ -104.545071935, 39.849842213000102 ], [ -104.545089036, 39.8471373100001 ], [ -104.545106035, 39.844565606 ], [ -104.545116236, 39.841813403000103 ], [ -104.545150336, 39.839191899000099 ], [ -104.545163936, 39.836517896 ], [ -104.545184435, 39.833867393 ], [ -104.545194635, 39.83125339 ], [ -104.545208235, 39.828560786 ], [ -104.545252535, 39.826242283 ], [ -104.547528636, 39.826273683000103 ], [ -104.550646435, 39.826320783 ], [ -104.553750535, 39.826367883 ], [ -104.557001235, 39.826414983000099 ], [ -104.560132636, 39.826462084000099 ], [ -104.563638836, 39.826511884000098 ], [ -104.566995136, 39.826569384 ], [ -104.570443436, 39.826608683000103 ], [ -104.573724735, 39.826666283000101 ], [ -104.577070836, 39.826692383000101 ], [ -104.580631536, 39.826739484 ], [ -104.583991236, 39.826783984 ], [ -104.587160136, 39.826831084 ], [ -104.590022335, 39.826872984 ], [ -104.593065136, 39.826927884 ], [ -104.596629236, 39.826977684 ], [ -104.599845836, 39.827014284 ], [ -104.602340035, 39.827063984000098 ], [ -104.602329836, 39.825554082000103 ], [ -104.602340035, 39.822929279 ], [ -104.602336635, 39.820223276 ], [ -104.602360436, 39.817841772000101 ], [ -104.602363535, 39.814928169 ], [ -104.602372935, 39.812527766000102 ], [ -104.605157535, 39.812542366000102 ], [ -104.608897136, 39.812549565 ], [ -104.611771535, 39.812567766 ], [ -104.611880235, 39.811401964 ], [ -104.612121336, 39.809379162 ], [ -104.612390836, 39.807112959 ], [ -104.612665036, 39.8048902560001 ], [ -104.612650835, 39.802623953000101 ], [ -104.612655636, 39.800426551 ], [ -104.612679235, 39.798515948000102 ], [ -104.612679235, 39.795889845 ], [ -104.612683935, 39.793267141000101 ], [ -104.612688735, 39.790619038 ], [ -104.612726535, 39.787970734000098 ], [ -104.612717036, 39.785358731 ], [ -104.612740736, 39.783549529 ], [ -104.613728291, 39.783532077000103 ], [ -104.613728291, 39.783109745 ], [ -104.583229983, 39.782957039 ], [ -104.583229983, 39.7866714560001 ], [ -104.582447973, 39.7866714560001 ], [ -104.582670441, 39.786982277 ], [ -104.582436629, 39.787231004 ] ] ] } },
{ "type": "Feature", "properties": { "objectid": "70314", "id": "202075", "type": "AC; OVERHEAD", "status": "NOT AVAILABLE", "naics_code": "221121", "naics_desc": "ELECTRIC BULK POWER TRANSMISSION AND CONTROL", "source": "Regional Map", "sourcedate": "2014-07-08T20:00:00-06:00", "val_method": "IMAGERY/OTHER", "val_date": "2014-07-08T20:00:00-06:00", "owner": "PUBLIC SERVICE CO OF COLORADO", "voltage": 230.0, "volt_class": "220-287", "inferred": "N", "sub_1": "REUNION", "sub_2": "BARR LAKE", "shape_lengt": 21594.931413272199, "globalid": "dfd32a65-1dcd-4220-ad19-9ce3b7784bb9", "STATEFP": "08", "STATENS": "01779779", "AFFGEOID": "0400000US08", "GEOID": "08", "STUSPS": "CO", "NAME": "Colorado", "LSAD": "00", "ALAND": 268422891711, "AWATER": 1181621593 }, "geometry": { "type": "MultiLineString", "coordinates": [ [ [ -104.768093002, 39.8826451 ], [ -104.768015834, 39.883322543000098 ], [ -104.752323521, 39.883223608 ], [ -104.746726942, 39.883219283000102 ], [ -104.746676218, 39.893355925 ], [ -104.746557861, 39.907135721 ], [ -104.746405688, 39.917091596 ], [ -104.735911397, 39.923255472 ], [ -104.735905761, 39.925503031000098 ], [ -104.732715767, 39.927862888 ], [ -104.727288269, 39.931843342 ], [ -104.721330983, 39.931843342 ], [ -104.714905907, 39.931839021 ], [ -104.714922816, 39.942966641 ], [ -104.71393651, 39.944738251 ], [ -104.71390833, 39.948683158 ], [ -104.713902694, 39.953461678 ], [ -104.713953418, 39.9574104020001 ], [ -104.708982438, 39.957423363 ], [ -104.691059858, 39.957349920000098 ], [ -104.678832001, 39.957304067 ], [ -104.678789296, 39.953870131 ], [ -104.678748126, 39.951091524 ], [ -104.678014071, 39.950538689 ], [ -104.677957976, 39.944620124 ], [ -104.679532173, 39.944229069000102 ] ] ] } },
{ "type": "Feature", "properties": { "objectid": "70174", "id": "201933", "type": "AC; OVERHEAD", "status": "NOT AVAILABLE", "naics_code": "221121", "naics_desc": "ELECTRIC BULK POWER TRANSMISSION AND CONTROL", "source": "Regional Map", "sourcedate": "2014-07-13T20:00:00-06:00", "val_method": "IMAGERY/OTHER", "val_date": "2014-07-13T20:00:00-06:00", "owner": "PUBLIC SERVICE CO OF COLORADO", "voltage": 230.0, "volt_class": "220-287", "inferred": "N", "sub_1": "UNKNOWN201534", "sub_2": "NORTH YUMA", "shape_lengt": 136093.103755769, "globalid": "960503c7-e7db-4381-8d6e-a0db62621eb0", "STATEFP": "08", "STATENS": "01779779", "AFFGEOID": "0400000US08", "GEOID": "08", "STUSPS": "CO", "NAME": "Colorado", "LSAD": "00", "ALAND": 268422891711, "AWATER": 1181621593 }, "geometry": { "type": "MultiLineString", "coordinates": [ [ [ -103.037398445, 40.964927466000098 ], [ -103.037783903, 40.9648646730001 ], [ -103.038668071, 40.964839547 ], [ -103.038606275, 40.961914042 ], [ -103.038508826, 40.955224380000097 ], [ -103.038437522, 40.947641824000101 ], [ -103.038444653, 40.939982988000096 ], [ -103.038344827, 40.9331259080001 ], [ -103.038252132, 40.923978436 ], [ -103.038302045, 40.915804976000103 ], [ -103.038330566, 40.907592783 ], [ -103.038309175, 40.904143789 ], [ -103.038908128, 40.903265344 ], [ -103.038679956, 40.899384959 ], [ -103.038679956, 40.891197679000101 ], [ -103.038130915, 40.883009384 ], [ -103.038081002, 40.877785381000102 ], [ -103.038266393, 40.876006214 ], [ -103.038230741, 40.874782336000102 ], [ -103.038166567, 40.866575834 ], [ -103.037957409, 40.855661012 ], [ -103.038004945, 40.846614297 ], [ -103.037510571, 40.844427942 ], [ -103.037291906, 40.834904949000098 ], [ -103.037196834, 40.8287041990001 ], [ -103.037149298, 40.826337403 ], [ -103.037016197, 40.8193300390001 ], [ -103.036797532, 40.809601958 ], [ -103.036588374, 40.800117144000097 ], [ -103.036559852, 40.794294611000097 ], [ -103.03656936, 40.791444334000097 ], [ -103.036987675, 40.789947170000097 ], [ -103.036902111, 40.787413431000097 ], [ -103.036673939, 40.779638856000098 ], [ -103.036645417, 40.769472945000103 ], [ -103.04119936, 40.767399254 ], [ -103.041123303, 40.760968961000103 ], [ -103.036816546, 40.76071692 ], [ -103.037111269, 40.757785987 ], [ -103.037092255, 40.750072765 ], [ -103.037054226, 40.739282836 ], [ -103.036664431, 40.728296631 ], [ -103.036293651, 40.717423905 ], [ -103.036293651, 40.716825817 ], [ -103.017612024, 40.716962729 ], [ -102.998711732, 40.717056406 ], [ -102.979060372, 40.717157288000102 ], [ -102.960169588, 40.717279788 ], [ -102.941887263, 40.717323023000098 ], [ -102.923196129, 40.717438316 ], [ -102.903145468, 40.717676109000102 ], [ -102.881811335, 40.717971547 ], [ -102.862055397, 40.718137279000103 ], [ -102.8438111, 40.718742560000102 ], [ -102.835235616, 40.719081227 ], [ -102.826774217, 40.718994759 ], [ -102.813207458, 40.718749766 ], [ -102.805021769, 40.718749766 ], [ -102.787975378, 40.718879468000097 ], [ -102.787880307, 40.716595228000102 ], [ -102.786207041, 40.714606361 ], [ -102.779513981, 40.706008874000098 ], [ -102.779371373, 40.696725513 ], [ -102.779371373, 40.686309022 ], [ -102.779285808, 40.675436650000101 ], [ -102.779314329, 40.667728305 ], [ -102.778610797, 40.665766824000102 ], [ -102.778591783, 40.664663467 ], [ -102.778591783, 40.655439258000101 ], [ -102.778506218, 40.64544192 ], [ -102.778439668, 40.641842224000101 ], [ -102.778496711, 40.6344907370001 ], [ -102.778515726, 40.627196166 ], [ -102.778525233, 40.616674995 ], [ -102.778563261, 40.612323162000102 ], [ -102.76713562, 40.612380899000101 ], [ -102.760547139, 40.612409768000099 ], [ -102.760328472, 40.605812925000102 ], [ -102.760071779, 40.599222651 ], [ -102.759995721, 40.594941872000099 ], [ -102.7599672, 40.583917425 ], [ -102.7599672, 40.573266675000099 ], [ -102.7599672, 40.562267546 ], [ -102.759948185, 40.552285156 ], [ -102.75990065, 40.547777425 ], [ -102.759872127, 40.541333153 ], [ -102.75990065, 40.530827373000101 ], [ -102.759748534, 40.5198863150001 ], [ -102.759700998, 40.510837275 ], [ -102.75966297, 40.504526799000097 ], [ -102.759634448, 40.500543592 ], [ -102.759596419, 40.489922962 ], [ -102.759700998, 40.480587855000103 ], [ -102.759929171, 40.469710926000097 ], [ -102.75972952, 40.461139764000102 ], [ -102.759672477, 40.453392229 ], [ -102.759596419, 40.451098903000101 ], [ -102.759330218, 40.439833702 ], [ -102.759748534, 40.428798196000102 ], [ -102.759929171, 40.425143416 ], [ -102.759929171, 40.417862214 ], [ -102.76003375, 40.407221267000097 ], [ -102.760242908, 40.3967741290001 ], [ -102.760356995, 40.386455717 ], [ -102.760442559, 40.375570796 ], [ -102.760585167, 40.364836237000098 ], [ -102.760670731, 40.360844747 ], [ -102.757685474, 40.354621607000098 ], [ -102.755261141, 40.351556917 ], [ -102.755346706, 40.343673575 ], [ -102.755413256, 40.333658662000097 ], [ -102.755432271, 40.32269273 ], [ -102.755489314, 40.311674269 ], [ -102.755422764, 40.307222881 ], [ -102.75621186, 40.305258087 ], [ -102.756135802, 40.300965792 ], [ -102.756088266, 40.289936534 ], [ -102.756059745, 40.278941741 ], [ -102.756240382, 40.269809482 ], [ -102.756335454, 40.265493172000099 ], [ -102.754785782, 40.263222465000098 ], [ -102.746904322, 40.26322972 ], [ -102.740230275, 40.263244229000101 ], [ -102.738680603, 40.262954037 ], [ -102.738062026, 40.262853273000097 ] ] ] } },
{ "type": "Feature", "properties": { "objectid": "70449", "id": "202210", "type": "AC; OVERHEAD", "status": "NOT AVAILABLE", "naics_code": "221121", "naics_desc": "ELECTRIC BULK POWER TRANSMISSION AND CONTROL", "source": "Regional Map", "sourcedate": "2014-07-08T20:00:00-06:00", "val_method": "IMAGERY/OTHER", "val_date": "2014-07-08T20:00:00-06:00", "owner": "PUBLIC SERVICE CO OF COLORADO", "voltage": 230.0, "volt_class": "220-287", "inferred": "N", "sub_1": "ARAPAHOE", "sub_2": "DAKOTA", "shape_lengt": 8138.3357459893004, "globalid": "442e7630-e229-4c46-b09d-a386dab53416", "STATEFP": "08", "STATENS": "01779779", "AFFGEOID": "0400000US08", "GEOID": "08", "STUSPS": "CO", "NAME": "Colorado", "LSAD": "00", "ALAND": 268422891711, "AWATER": 1181621593 }, "geometry": { "type": "MultiLineString", "coordinates": [ [ [ -105.003102905, 39.6688826930001 ], [ -105.004560522, 39.669330038000098 ], [ -105.005475031, 39.669843494000098 ], [ -105.005464043, 39.671611100000099 ], [ -105.004483663, 39.672835242000097 ], [ -105.002734112, 39.672853078 ], [ -105.002711165, 39.6787255 ], [ -105.003256376, 39.681037800000098 ], [ -105.006221523, 39.681410904000103 ], [ -105.006086973, 39.687175001000099 ], [ -105.006041651, 39.692702774000097 ], [ -105.006034071, 39.693856319000098 ], [ -105.003634801, 39.692997205 ], [ -105.001444933, 39.693001601 ], [ -105.001119597, 39.693162659000102 ], [ -105.000832933, 39.695499394000102 ], [ -105.000242938, 39.698298249000104 ], [ -105.000094998, 39.701315801000099 ], [ -105.000016467, 39.703679632 ], [ -105.0002114, 39.704979808000097 ], [ -105.00076044, 39.706153743000101 ], [ -105.001743926, 39.7076404640001 ], [ -105.000910179, 39.707634848000097 ], [ -104.99911332, 39.707426398000102 ], [ -104.995327082, 39.70749771 ], [ -104.994135736, 39.7075921960001 ], [ -104.992473885, 39.708066043 ], [ -104.991701736, 39.708021175000098 ] ] ] } },
{ "type": "Feature", "properties": { "objectid": "69971", "id": "201730", "type": "AC; OVERHEAD", "status": "NOT AVAILABLE", "naics_code": "221121", "naics_desc": "ELECTRIC BULK POWER TRANSMISSION AND CONTROL", "source": "Regional Map", "sourcedate": "2014-07-06T20:00:00-06:00", "val_method": "IMAGERY/OTHER", "val_date": "2014-07-06T20:00:00-06:00", "owner": "PUBLIC SERVICE CO OF COLORADO", "voltage": 230.0, "volt_class": "220-287", "inferred": "N", "sub_1": "UINTAH", "sub_2": "ADOBE", "shape_lengt": 15948.197619615101, "globalid": "3851be8d-dd67-41e8-8af5-a46aa2b2817f", "STATEFP": "08", "STATENS": "01779779", "AFFGEOID": "0400000US08", "GEOID": "08", "STUSPS": "CO", "NAME": "Colorado", "LSAD": "00", "ALAND": 268422891711, "AWATER": 1181621593 }, "geometry": { "type": "MultiLineString", "coordinates": [ [ [ -108.769973, 39.172635 ], [ -108.770010184, 39.174172894 ], [ -108.769889485, 39.174289819000101 ], [ -108.766292465, 39.1724842080001 ], [ -108.757355707, 39.167899653000099 ], [ -108.755273633, 39.166812435000097 ], [ -108.754617636, 39.165581464000098 ], [ -108.747463477, 39.161928963 ], [ -108.744525755, 39.160417782 ], [ -108.737157684, 39.156654432 ], [ -108.734980537, 39.155563354 ], [ -108.733240722, 39.154461201000103 ], [ -108.730835403, 39.153266876 ], [ -108.728368287, 39.152043040000102 ], [ -108.725882157, 39.150767574 ], [ -108.723353245, 39.1494810250001 ], [ -108.717938901, 39.14670141 ], [ -108.712324906, 39.143814771 ], [ -108.704885531, 39.139998916 ], [ -108.703421423, 39.140389727000098 ], [ -108.701363117, 39.139364763000103 ], [ -108.69947594, 39.138391401 ], [ -108.697721863, 39.137499142 ], [ -108.69140909, 39.1342618400001 ], [ -108.680019477, 39.128428422000098 ], [ -108.676302166, 39.126510884 ], [ -108.655077254, 39.115749447 ], [ -108.654466406, 39.117231874 ], [ -108.654216842, 39.117375709 ], [ -108.653830288, 39.117188302 ] ] ] } },
{ "type": "Feature", "properties": { "objectid": "70304", "id": "202065", "type": "AC; OVERHEAD", "status": "NOT AVAILABLE", "naics_code": "221121", "naics_desc": "ELECTRIC BULK POWER TRANSMISSION AND CONTROL", "source": "Regional Map", "sourcedate": "2014-06-29T20:00:00-06:00", "val_method": "IMAGERY/OTHER", "val_date": "2014-06-29T20:00:00-06:00", "owner": "PUBLIC SERVICE CO OF COLORADO", "voltage": 230.0, "volt_class": "220-287", "inferred": "N", "sub_1": "VALMONT", "sub_2": "LEGGETT", "shape_lengt": 294.472891301, "globalid": "a5aa1cfe-38b9-4554-b22a-a5826e7da65b", "STATEFP": "08", "STATENS": "01779779", "AFFGEOID": "0400000US08", "GEOID": "08", "STUSPS": "CO", "NAME": "Colorado", "LSAD": "00", "ALAND": 268422891711, "AWATER": 1181621593 }, "geometry": { "type": "MultiLineString", "coordinates": [ [ [ -105.20283634, 40.018010206 ], [ -105.203584611, 40.017719445000097 ], [ -105.203863885, 40.01796518 ], [ -105.204315476, 40.017733097000097 ], [ -105.204091903, 40.017115382 ] ] ] } },
{ "type": "Feature", "properties": { "objectid": "73540", "id": "205206", "type": "AC; OVERHEAD", "status": "NOT AVAILABLE", "naics_code": "221121", "naics_desc": "ELECTRIC BULK POWER TRANSMISSION AND CONTROL", "source": "Regional Map", "sourcedate": "2015-08-12T20:00:00-06:00", "val_method": "IMAGERY/OTHER", "val_date": "2015-08-12T20:00:00-06:00", "owner": "PLATTE RIVER POWER AUTHORITY", "voltage": 230.0, "volt_class": "220-287", "inferred": "N", "sub_1": "TIMBERLINE", "sub_2": "HARMONY", "shape_lengt": 6101.1325145247001, "globalid": "7957fca7-3181-42d3-bc05-a6ba5a8cc47d", "STATEFP": "08", "STATENS": "01779779", "AFFGEOID": "0400000US08", "GEOID": "08", "STUSPS": "CO", "NAME": "Colorado", "LSAD": "00", "ALAND": 268422891711, "AWATER": 1181621593 }, "geometry": { "type": "MultiLineString", "coordinates": [ [ [ -105.041177155, 40.564599097 ], [ -105.04080287, 40.5641016020001 ], [ -105.042177609, 40.563682701000097 ], [ -105.043420886, 40.562469506000099 ], [ -105.043434131, 40.561066548 ], [ -105.043443638, 40.5597173560001 ], [ -105.043451244, 40.558372464000101 ], [ -105.043456948, 40.556979873 ], [ -105.043460751, 40.555572769 ], [ -105.043470258, 40.553954669000099 ], [ -105.043485469, 40.552374118 ], [ -105.043513683, 40.5506523620001 ], [ -105.043525091, 40.548453382 ], [ -105.043538401, 40.546265889 ], [ -105.04354981, 40.5440711 ], [ -105.043559317, 40.541870459 ], [ -105.043572627, 40.539812802 ], [ -105.043585937, 40.537757972000101 ], [ -105.043593543, 40.535701633 ], [ -105.04360305, 40.533723269000099 ], [ -105.043618262, 40.531635013 ], [ -105.043627769, 40.529941237000102 ], [ -105.043635375, 40.527821067 ], [ -105.043652488, 40.52631653 ], [ -105.043667699, 40.524771489 ], [ -105.043977634, 40.524785942 ], [ -105.044530356, 40.524558777 ] ] ] } },
{ "type": "Feature", "properties": { "objectid": "74707", "id": "207003", "type": "AC; OVERHEAD", "status": "NOT AVAILABLE", "naics_code": "221121", "naics_desc": "ELECTRIC BULK POWER TRANSMISSION AND CONTROL", "source": "IMAGERY", "sourcedate": "2015-12-17T18:00:00-07:00", "val_method": "IMAGERY", "val_date": "2015-12-17T18:00:00-07:00", "owner": "PUBLIC SERVICE CO OF COLORADO", "voltage": 230.0, "volt_class": "220-287", "inferred": "Y", "sub_1": "NOT AVAILABLE", "sub_2": "UNKNOWN201412", "shape_lengt": 146.22108542199999, "globalid": "19fe3852-a837-45d3-a986-a7aae1449288", "STATEFP": "08", "STATENS": "01779779", "AFFGEOID": "0400000US08", "GEOID": "08", "STUSPS": "CO", "NAME": "Colorado", "LSAD": "00", "ALAND": 268422891711, "AWATER": 1181621593 }, "geometry": { "type": "MultiLineString", "coordinates": [ [ [ -104.680465542, 39.74385025 ], [ -104.68092686, 39.743845491000101 ], [ -104.680981588, 39.743402911 ], [ -104.680725479, 39.743328074 ] ] ] } },
{ "type": "Feature", "properties": { "objectid": "69634", "id": "201383", "type": "AC; OVERHEAD", "status": "NOT AVAILABLE", "naics_code": "221121", "naics_desc": "ELECTRIC BULK POWER TRANSMISSION AND CONTROL", "source": "Regional Map", "sourcedate": "2014-06-30T20:00:00-06:00", "val_method": "IMAGERY/OTHER", "val_date": "2014-06-30T20:00:00-06:00", "owner": "WAPA-- WESTERN AREA POWER ADMINISTRATION", "voltage": 230.0, "volt_class": "220-287", "inferred": "N", "sub_1": "NORTH PARK", "sub_2": "HAYDEN", "shape_lengt": 129901.16610500999, "globalid": "69084aa9-7dd0-4fd4-be02-acad1a56911d", "STATEFP": "08", "STATENS": "01779779", "AFFGEOID": "0400000US08", "GEOID": "08", "STUSPS": "CO", "NAME": "Colorado", "LSAD": "00", "ALAND": 268422891711, "AWATER": 1181621593 }, "geometry": { "type": "MultiLineString", "coordinates": [ [ [ -106.290723834, 40.812191373000097 ], [ -106.291157842, 40.813092468 ], [ -106.2968432, 40.808338 ], [ -106.2998141, 40.805871900000099 ], [ -106.3025716, 40.8035672 ], [ -106.3053209, 40.801225100000103 ], [ -106.3080046, 40.7990259 ], [ -106.310836, 40.796634 ], [ -106.313692, 40.7942606 ], [ -106.3165069, 40.7918871 ], [ -106.3193055, 40.789550900000101 ], [ -106.3221122, 40.787202100000101 ], [ -106.3248862, 40.7848719 ], [ -106.3276929, 40.7825105000001 ], [ -106.3294492, 40.7800435 ], [ -106.3312547, 40.777557600000101 ], [ -106.3331751, 40.7748418 ], [ -106.335112, 40.7721941 ], [ -106.3370652, 40.7694781000001 ], [ -106.3389774, 40.7667929 ], [ -106.3408568, 40.7641761 ], [ -106.3427362, 40.7615343 ], [ -106.3446073, 40.758935800000103 ], [ -106.3464785, 40.7562938 ], [ -106.3484482, 40.753639200000102 ], [ -106.3503029, 40.751003200000099 ], [ -106.3522151, 40.7482738 ], [ -106.354234, 40.7454884 ], [ -106.3562529, 40.7426904000001 ], [ -106.3582668, 40.739876 ], [ -106.3602719, 40.737093700000102 ], [ -106.3622689, 40.734293100000102 ], [ -106.3642982, 40.731492300000099 ], [ -106.3663113, 40.7287097 ], [ -106.3682842, 40.7259208 ], [ -106.3702893, 40.7231075 ], [ -106.3723186, 40.7203184 ], [ -106.3742834, 40.717523100000101 ], [ -106.3762966, 40.714715500000104 ], [ -106.3782936, 40.7119322 ], [ -106.3801457, 40.7092831 ], [ -106.3820623, 40.706633800000098 ], [ -106.3838983, 40.704082200000101 ], [ -106.3869663, 40.7020554 ], [ -106.3900102, 40.700004200000102 ], [ -106.3923857, 40.698355800000101 ], [ -106.3951317, 40.6964998 ], [ -106.3980145, 40.6945278 ], [ -106.401002, 40.6925068 ], [ -106.4039332, 40.6905103 ], [ -106.4063087, 40.6889288 ], [ -106.409103, 40.6870482 ], [ -106.4118972, 40.6851552 ], [ -106.4146271, 40.6832867 ], [ -106.4175985, 40.6813203 ], [ -106.4202317, 40.679531 ], [ -106.4229616, 40.677686800000103 ], [ -106.4257558, 40.675824100000099 ], [ -106.4284937, 40.6739553 ], [ -106.4309014, 40.672318500000102 ], [ -106.4339614, 40.6702419000001 ], [ -106.4370617, 40.6681408 ], [ -106.440009, 40.666125200000103 ], [ -106.4429965, 40.664121700000102 ], [ -106.449197, 40.6599313 ], [ -106.4523939, 40.657719900000103 ], [ -106.4555586, 40.6555818 ], [ -106.4588154, 40.6534392 ], [ -106.4619586, 40.651247500000103 ], [ -106.4651018, 40.649118 ], [ -106.4682451, 40.6469947000001 ], [ -106.4713391, 40.6449024 ], [ -106.4744495, 40.642810100000098 ], [ -106.4775681, 40.640692800000103 ], [ -106.4806539, 40.6386065 ], [ -106.4837643, 40.636520200000099 ], [ -106.4868419, 40.634402700000102 ], [ -106.4899113, 40.6323101 ], [ -106.4930053, 40.6302236000001 ], [ -106.4961321, 40.6280872 ], [ -106.4992343, 40.626000600000097 ], [ -106.5023344, 40.6239074000001 ], [ -106.5054438, 40.6217961 ], [ -106.5084608, 40.6197038 ], [ -106.5115703, 40.6176147 ], [ -106.5146503, 40.6155064000001 ], [ -106.5177555, 40.613423500000103 ], [ -106.5208859, 40.6113086 ], [ -106.5242727, 40.6090374 ], [ -106.5274241, 40.606877800000099 ], [ -106.530605, 40.6047340000001 ], [ -106.5337691, 40.602587 ], [ -106.5369541, 40.600411200000103 ], [ -106.5401434, 40.598264 ], [ -106.5432696, 40.5961008 ], [ -106.5469295, 40.594237500000098 ], [ -106.5505642, 40.5923454 ], [ -106.5542661, 40.5904341 ], [ -106.5580058, 40.588519500000103 ], [ -106.56159, 40.586681500000097 ], [ -106.565107, 40.5848403 ], [ -106.5687123, 40.582925600000102 ], [ -106.571452, 40.581508600000099 ], [ -106.5740151, 40.5801874 ], [ -106.5770237, 40.578626900000103 ], [ -106.5814567, 40.5763162000001 ], [ -106.5852218, 40.574392 ], [ -106.5882994, 40.5728149 ], [ -106.5914778, 40.5711569 ], [ -106.5945824, 40.569540900000099 ], [ -106.597588, 40.5679875000001 ], [ -106.6010348, 40.566214800000097 ], [ -106.604428, 40.5644233 ], [ -106.6077057, 40.562747600000101 ], [ -106.6114287, 40.5607962 ], [ -106.6148467, 40.5590296 ], [ -106.6184048, 40.557194 ], [ -106.6221649, 40.555283200000098 ], [ -106.6299248, 40.551483 ], [ -106.6341138, 40.549218 ], [ -106.6371276, 40.547573300000103 ], [ -106.6406115, 40.5457405000001 ], [ -106.6439676, 40.543982900000103 ], [ -106.647167, 40.542272200000099 ], [ -106.6508241, 40.5403766 ], [ -106.6542461, 40.538622 ], [ -106.6577364, 40.536735500000098 ], [ -106.6613762, 40.5348322 ], [ -106.6644604, 40.533296 ], [ -106.669139, 40.532543200000099 ], [ -106.6734471, 40.5317109000001 ], [ -106.6766923, 40.53116 ], [ -106.6830539, 40.529942 ], [ -106.6860736, 40.5294646 ], [ -106.6891658, 40.528889300000102 ], [ -106.6926768, 40.5282589 ], [ -106.6980237, 40.5272979000001 ], [ -106.7011079, 40.5267715 ], [ -106.704337, 40.5261901000001 ], [ -106.7095873, 40.5252658 ], [ -106.7139035, 40.5244946 ], [ -106.7171326, 40.5239069 ], [ -106.7213764, 40.523154 ], [ -106.7255879, 40.5224134 ], [ -106.7298075, 40.521660500000102 ], [ -106.7328916, 40.5211157 ], [ -106.736467, 40.520466800000101 ], [ -106.7405013, 40.519762800000102 ], [ -106.7442941, 40.519071100000097 ], [ -106.7481979, 40.5183808 ], [ -106.7520798, 40.5176571000001 ], [ -106.7573897, 40.5144689 ], [ -106.7626913, 40.511349300000099 ], [ -106.7694866, 40.5073434 ], [ -106.7722277, 40.505658600000103 ], [ -106.7765117, 40.5031438 ], [ -106.7795701, 40.501058300000103 ], [ -106.781805296, 40.499930397000099 ], [ -106.784189805, 40.498446395 ], [ -106.8154584, 40.479964800000097 ], [ -106.8218762, 40.4704632 ], [ -106.84258366, 40.456009299000101 ], [ -106.84475699, 40.454224145000097 ], [ -106.849862183, 40.453103202000101 ], [ -106.852815293, 40.452355523000101 ], [ -106.873061097, 40.446998521000097 ], [ -106.902320013, 40.439261559 ], [ -106.91704516, 40.435297953 ], [ -106.920861529, 40.434297299 ], [ -106.929660028, 40.431975337 ], [ -106.941649471, 40.428772388 ], [ -106.959910184, 40.423940149 ], [ -106.986395025, 40.416885491000102 ], [ -107.001520103, 40.412862256 ], [ -107.008050904, 40.411112948 ], [ -107.038683973, 40.402916513 ], [ -107.066041007, 40.395616633 ], [ -107.074269389, 40.396413729000102 ], [ -107.082442463, 40.397197855000101 ], [ -107.109140034, 40.399712180000101 ], [ -107.130447036, 40.409512616 ], [ -107.1515081, 40.419246400000098 ], [ -107.1568693, 40.426657700000099 ], [ -107.162972481, 40.435077341000103 ], [ -107.172528147, 40.448435445 ], [ -107.18187694, 40.461348180000101 ], [ -107.186865341, 40.468233517000101 ], [ -107.186712579, 40.476862211 ], [ -107.186504603, 40.479255468000098 ], [ -107.186277693, 40.480392503000097 ], [ -107.185877241, 40.480566557 ] ] ] } },
{ "type": "Feature", "properties": { "objectid": "70164", "id": "201923", "type": "AC; OVERHEAD", "status": "NOT AVAILABLE", "naics_code": "221121", "naics_desc": "ELECTRIC BULK POWER TRANSMISSION AND CONTROL", "source": "Regional Map", "sourcedate": "2014-07-08T20:00:00-06:00", "val_method": "IMAGERY/OTHER", "val_date": "2014-07-08T20:00:00-06:00", "owner": "PUBLIC SERVICE CO OF COLORADO", "voltage": 230.0, "volt_class": "220-287", "inferred": "N", "sub_1": "NIWOT", "sub_2": "UNKNOWN201488", "shape_lengt": 9398.4250596871007, "globalid": "22c85636-27b1-4816-b482-ad3fd03f30ee", "STATEFP": "08", "STATENS": "01779779", "AFFGEOID": "0400000US08", "GEOID": "08", "STUSPS": "CO", "NAME": "Colorado", "LSAD": "00", "ALAND": 268422891711, "AWATER": 1181621593 }, "geometry": { "type": "MultiLineString", "coordinates": [ [ [ -105.179019261, 40.069906102000097 ], [ -105.178751607, 40.069224578 ], [ -105.178751607, 40.067295079000097 ], [ -105.178708707, 40.063353881000097 ], [ -105.178687308, 40.061362682 ], [ -105.178676507, 40.059404183 ], [ -105.178612007, 40.057327684 ], [ -105.178633607, 40.055388585000102 ], [ -105.179175407, 40.053651786000103 ], [ -105.179722608, 40.051840887 ], [ -105.180602407, 40.049882188 ], [ -105.181525008, 40.047865889 ], [ -105.183214808, 40.044067291 ], [ -105.184952908, 40.0402314930001 ], [ -105.185736107, 40.038518895 ], [ -105.186546108, 40.036756895000103 ], [ -105.187350808, 40.034941596000102 ], [ -105.188364707, 40.032797497 ], [ -105.190472908, 40.031926698000099 ], [ -105.193021008, 40.030871098 ], [ -105.194743007, 40.030164599 ], [ -105.197306908, 40.029167999 ], [ -105.199141807, 40.0287845 ], [ -105.201541307, 40.0282999 ], [ -105.204206507, 40.0277509 ], [ -105.206961608, 40.0271779 ], [ -105.208872808, 40.025403801 ], [ -105.210301008, 40.024062502 ], [ -105.206390307, 40.020833603 ], [ -105.205530793, 40.018850826000097 ], [ -105.205985629, 40.0187919480001 ] ] ] } },
{ "type": "Feature", "properties": { "objectid": "73067", "id": "205102", "type": "AC; OVERHEAD", "status": "NOT AVAILABLE", "naics_code": "221121", "naics_desc": "ELECTRIC BULK POWER TRANSMISSION AND CONTROL", "source": "IMAGERY", "sourcedate": "2015-08-12T20:00:00-06:00", "val_method": "IMAGERY", "val_date": "2015-08-12T20:00:00-06:00", "owner": "MORGAN COUNTY RURAL ELEC ASSN", "voltage": 230.0, "volt_class": "220-287", "inferred": "Y", "sub_1": "STORY", "sub_2": "STORY 345KV", "shape_lengt": 373.9932062126, "globalid": "d0ce2632-2f18-4664-ba8e-ae5d5da6dcd3", "STATEFP": "08", "STATENS": "01779779", "AFFGEOID": "0400000US08", "GEOID": "08", "STUSPS": "CO", "NAME": "Colorado", "LSAD": "00", "ALAND": 268422891711, "AWATER": 1181621593 }, "geometry": { "type": "MultiLineString", "coordinates": [ [ [ -103.589002921, 40.254822693000101 ], [ -103.58885329, 40.254684689 ], [ -103.588833975, 40.253805834 ], [ -103.587528248, 40.2540762510001 ], [ -103.587324221, 40.2545232780001 ] ] ] } },
{ "type": "Feature", "properties": { "objectid": "74604", "id": "206885", "type": "AC", "status": "NOT AVAILABLE", "naics_code": "221121", "naics_desc": "ELECTRIC BULK POWER TRANSMISSION AND CONTROL", "source": "IMAGERY", "sourcedate": "2016-02-14T18:00:00-07:00", "val_method": "IMAGERY", "val_date": "2016-02-14T18:00:00-07:00", "owner": "TRI-STATE G & T ASSN, INC", "voltage": 230.0, "volt_class": "220-287", "inferred": "Y", "sub_1": "NOT AVAILABLE", "sub_2": "LANDSMAN CREEK", "shape_lengt": 689.44856289560005, "globalid": "73448bac-74ad-4cf0-8c13-b1d5c56ac241", "STATEFP": "08", "STATENS": "01779779", "AFFGEOID": "0400000US08", "GEOID": "08", "STUSPS": "CO", "NAME": "Colorado", "LSAD": "00", "ALAND": 268422891711, "AWATER": 1181621593 }, "geometry": { "type": "MultiLineString", "coordinates": [ [ [ -102.341559234, 39.362551505 ], [ -102.335785211, 39.360819367 ] ] ] } },
{ "type": "Feature", "properties": { "objectid": "73129", "id": "205228", "type": "AC; OVERHEAD", "status": "NOT AVAILABLE", "naics_code": "221121", "naics_desc": "ELECTRIC BULK POWER TRANSMISSION AND CONTROL", "source": "IMAGERY", "sourcedate": "2015-08-12T20:00:00-06:00", "val_method": "IMAGERY", "val_date": "2015-08-12T20:00:00-06:00", "owner": "PUBLIC SERVICE CO OF COLORADO", "voltage": 230.0, "volt_class": "220-287", "inferred": "Y", "sub_1": "LEETSDALE", "sub_2": "MONROE", "shape_lengt": 4036.9113728100001, "globalid": "7309e9f3-2896-4d6e-9082-b24816a814f2", "STATEFP": "08", "STATENS": "01779779", "AFFGEOID": "0400000US08", "GEOID": "08", "STUSPS": "CO", "NAME": "Colorado", "LSAD": "00", "ALAND": 268422891711, "AWATER": 1181621593 }, "geometry": { "type": "MultiLineString", "coordinates": [ [ [ -104.918590262, 39.706721257 ], [ -104.940732908, 39.707443279000103 ], [ -104.944787509, 39.709784669 ], [ -104.944560262, 39.716730253 ] ] ] } },
{ "type": "Feature", "properties": { "objectid": "73554", "id": "205224", "type": "AC; OVERHEAD", "status": "NOT AVAILABLE", "naics_code": "221121", "naics_desc": "ELECTRIC BULK POWER TRANSMISSION AND CONTROL", "source": "IMAGERY", "sourcedate": "2015-08-12T20:00:00-06:00", "val_method": "IMAGERY", "val_date": "2015-08-12T20:00:00-06:00", "owner": "PUBLIC SERVICE CO OF COLORADO", "voltage": 230.0, "volt_class": "220-287", "inferred": "Y", "sub_1": "GREENWOOD", "sub_2": "MONACO", "shape_lengt": 5428.5410585540003, "globalid": "b4dcdf6f-071c-4883-a6f6-b366843adedc", "STATEFP": "08", "STATENS": "01779779", "AFFGEOID": "0400000US08", "GEOID": "08", "STUSPS": "CO", "NAME": "Colorado", "LSAD": "00", "ALAND": 268422891711, "AWATER": 1181621593 }, "geometry": { "type": "MultiLineString", "coordinates": [ [ [ -104.92220027, 39.601442162000097 ], [ -104.921728464, 39.602203956 ], [ -104.913326581, 39.6021771220001 ], [ -104.913317657, 39.606040964 ], [ -104.908620668, 39.606043938 ], [ -104.908653802, 39.610065305 ], [ -104.908880881, 39.622229301000097 ], [ -104.908988325, 39.6240707810001 ], [ -104.908955466, 39.627114763000101 ], [ -104.909133991, 39.628624787 ], [ -104.90914579, 39.628801725000102 ] ] ] } },
{ "type": "Feature", "properties": { "objectid": "70159", "id": "201918", "type": "AC; OVERHEAD", "status": "NOT AVAILABLE", "naics_code": "221121", "naics_desc": "ELECTRIC BULK POWER TRANSMISSION AND CONTROL", "source": "Regional Map", "sourcedate": "2014-07-13T20:00:00-06:00", "val_method": "IMAGERY/OTHER", "val_date": "2014-07-13T20:00:00-06:00", "owner": "PUBLIC SERVICE CO OF COLORADO", "voltage": 230.0, "volt_class": "220-287", "inferred": "N", "sub_1": "GREEN VALLEY", "sub_2": "SKY RANCH", "shape_lengt": 35439.149892210298, "globalid": "c8addbb8-be4c-4e4d-8ee3-b93695af8418", "STATEFP": "08", "STATENS": "01779779", "AFFGEOID": "0400000US08", "GEOID": "08", "STUSPS": "CO", "NAME": "Colorado", "LSAD": "00", "ALAND": 268422891711, "AWATER": 1181621593 }, "geometry": { "type": "MultiLineString", "coordinates": [ [ [ -104.544432957, 39.916585823 ], [ -104.544391878, 39.915767663 ], [ -104.5453065, 39.9157423 ], [ -104.5453059, 39.913203500000101 ], [ -104.5452635, 39.910512 ], [ -104.5452817, 39.908015200000101 ], [ -104.5452877, 39.9052167 ], [ -104.5452998, 39.9028034 ], [ -104.5452938, 39.900083600000102 ], [ -104.5452817, 39.8974983 ], [ -104.5452938, 39.8947411 ], [ -104.5452514, 39.8921881 ], [ -104.5452325, 39.889442700000103 ], [ -104.5452086, 39.8868884 ], [ -104.5452018, 39.884255500000101 ], [ -104.5451746, 39.8815676 ], [ -104.5451541, 39.878905700000097 ], [ -104.5451371, 39.8762908 ], [ -104.5451166, 39.873694100000101 ], [ -104.5451064, 39.8709431 ], [ -104.545103, 39.868466500000103 ], [ -104.5451064, 39.8657178 ], [ -104.5451132, 39.8631207 ], [ -104.5451166, 39.8605445 ], [ -104.5451064, 39.857834700000097 ], [ -104.5451098, 39.8552478 ], [ -104.5451371, 39.8525562 ], [ -104.5451575, 39.8499298 ], [ -104.5451746, 39.8472249000001 ], [ -104.5451916, 39.8446532 ], [ -104.5452018, 39.841901 ], [ -104.5452359, 39.8392795 ], [ -104.5452495, 39.836605500000097 ], [ -104.54527, 39.833955000000103 ], [ -104.5452802, 39.831341000000101 ], [ -104.5452938, 39.828648400000098 ], [ -104.5453381, 39.826329900000097 ], [ -104.5476142, 39.8263613 ], [ -104.550732, 39.8264084 ], [ -104.5538361, 39.826455500000101 ], [ -104.5570868, 39.8265026 ], [ -104.5602182, 39.8265497 ], [ -104.5637244, 39.8265995 ], [ -104.5670807, 39.826657 ], [ -104.570529, 39.8266963 ], [ -104.5738103, 39.8267539 ], [ -104.5771564, 39.82678 ], [ -104.5807171, 39.826827100000102 ], [ -104.5840768, 39.8268716 ], [ -104.5872457, 39.8269187000001 ], [ -104.5901079, 39.826960600000099 ], [ -104.5931507, 39.827015500000101 ], [ -104.5967148, 39.8270653000001 ], [ -104.5999314, 39.827101900000102 ], [ -104.6024256, 39.8271516 ], [ -104.6024154, 39.825641700000098 ], [ -104.6024256, 39.8230169 ], [ -104.6024222, 39.8203109 ], [ -104.602446, 39.8179294 ], [ -104.6024491, 39.8150158 ], [ -104.6024585, 39.8126154 ], [ -104.6052431, 39.81263 ], [ -104.6089827, 39.8126372 ], [ -104.6118571, 39.8126554 ], [ -104.6119658, 39.811489600000101 ], [ -104.6122069, 39.8094668 ], [ -104.6124764, 39.8072006 ], [ -104.6127506, 39.8049779 ], [ -104.6127364, 39.802711600000102 ], [ -104.6127412, 39.800514200000102 ], [ -104.6127648, 39.7986036 ], [ -104.6127648, 39.7959775 ], [ -104.6127695, 39.7933548 ], [ -104.6127743, 39.7907067 ], [ -104.6128121, 39.788058400000097 ], [ -104.6128026, 39.785446400000097 ], [ -104.6128263, 39.7836372 ], [ -104.6153556, 39.783655300000099 ], [ -104.6186602, 39.7837135 ], [ -104.6220357, 39.7836989 ], [ -104.6251087, 39.783728 ], [ -104.6283897, 39.7837934 ], [ -104.6313917, 39.7838442 ], [ -104.6347436, 39.7838915 ], [ -104.638001, 39.7839460000001 ], [ -104.6413529, 39.7839823 ], [ -104.6449128, 39.784004100000097 ], [ -104.6482694, 39.784004100000097 ], [ -104.6518104, 39.784004100000097 ], [ -104.6550772, 39.784015000000103 ], [ -104.6585426, 39.7840186 ], [ -104.6619229, 39.7840186 ], [ -104.6649533, 39.784036800000102 ], [ -104.6680121, 39.7840477 ], [ -104.6709385, 39.7840586 ], [ -104.6742589, 39.7840811 ], [ -104.677654042, 39.7840970620001 ], [ -104.677735157, 39.789569314000097 ], [ -104.677727246, 39.792086985 ], [ -104.676367163, 39.792363452000103 ] ] ] } },
{ "type": "Feature", "properties": { "objectid": "70094", "id": "201853", "type": "AC; OVERHEAD", "status": "NOT AVAILABLE", "naics_code": "221121", "naics_desc": "ELECTRIC BULK POWER TRANSMISSION AND CONTROL", "source": "Regional Map", "sourcedate": "2014-07-09T20:00:00-06:00", "val_method": "IMAGERY/OTHER", "val_date": "2014-07-09T20:00:00-06:00", "owner": "PUBLIC SERVICE CO OF COLORADO", "voltage": 230.0, "volt_class": "220-287", "inferred": "N", "sub_1": "UNKNOWN201402", "sub_2": "LOOK OUT", "shape_lengt": 64667.048586207697, "globalid": "83622c4b-aa49-470d-b040-baa1cbeaeaec", "STATEFP": "08", "STATENS": "01779779", "AFFGEOID": "0400000US08", "GEOID": "08", "STUSPS": "CO", "NAME": "Colorado", "LSAD": "00", "ALAND": 268422891711, "AWATER": 1181621593 }, "geometry": { "type": "MultiLineString", "coordinates": [ [ [ -105.708131675, 39.653595221 ], [ -105.707754543, 39.653815503 ], [ -105.707861499, 39.658267579 ], [ -105.707412284, 39.6603645120001 ], [ -105.706485333, 39.662549206 ], [ -105.704346216, 39.665765742000097 ], [ -105.703269527, 39.67137511 ], [ -105.702142924, 39.676495592 ], [ -105.700576125, 39.682798224000102 ], [ -105.700234684, 39.683444015000099 ], [ -105.6986406, 39.6857305 ], [ -105.6967657, 39.6884200000001 ], [ -105.6953965, 39.690383800000099 ], [ -105.6938389, 39.692498800000102 ], [ -105.6927287, 39.6940062 ], [ -105.6915234, 39.6956427000001 ], [ -105.6899386, 39.6979168 ], [ -105.6879883, 39.700715300000098 ], [ -105.6873874, 39.701598600000104 ], [ -105.6857559, 39.7031808 ], [ -105.6840734, 39.7040164000001 ], [ -105.6832575, 39.704421600000103 ], [ -105.6821272, 39.704983 ], [ -105.6801745, 39.7059528 ], [ -105.678638, 39.7067159 ], [ -105.6769567, 39.7075509 ], [ -105.6748488, 39.7085977 ], [ -105.6738147, 39.709111300000103 ], [ -105.6721911, 39.709592 ], [ -105.6705071, 39.710090700000102 ], [ -105.667981, 39.710838700000103 ], [ -105.66632, 39.7113305 ], [ -105.664402, 39.711898400000102 ], [ -105.6627689, 39.712382 ], [ -105.6606441, 39.713011100000102 ], [ -105.658848, 39.7135429000001 ], [ -105.656769, 39.7141585 ], [ -105.6547268, 39.7147632 ], [ -105.6508593, 39.715908300000102 ], [ -105.6482132, 39.7166918 ], [ -105.6447471, 39.717718 ], [ -105.643958, 39.7179516 ], [ -105.6392739, 39.7193385 ], [ -105.6381213, 39.7196797 ], [ -105.6365994, 39.7201303000001 ], [ -105.6347702, 39.720671900000099 ], [ -105.6335741, 39.721026 ], [ -105.631764, 39.7215619 ], [ -105.6271713, 39.722921600000099 ], [ -105.6235723, 39.7239871 ], [ -105.6217744, 39.724519300000097 ], [ -105.6181711, 39.7255861 ], [ -105.6155523, 39.7263613000001 ], [ -105.6128828, 39.727151600000099 ], [ -105.6117149, 39.727497400000097 ], [ -105.6105974, 39.7278282 ], [ -105.6082047, 39.728536500000097 ], [ -105.6055353, 39.729326700000101 ], [ -105.6040835, 39.7297565000001 ], [ -105.6016364, 39.7304809 ], [ -105.5985241, 39.730772 ], [ -105.5967696, 39.7309388 ], [ -105.5956001, 39.731049900000102 ], [ -105.5926239, 39.731332800000096 ], [ -105.5908279, 39.731523 ], [ -105.5881825, 39.7317804 ], [ -105.5869712, 39.7318903 ], [ -105.5827601, 39.732286400000099 ], [ -105.580609, 39.732492700000101 ], [ -105.576532, 39.732876100000098 ], [ -105.5748197, 39.733055200000102 ], [ -105.5703083, 39.7334681 ], [ -105.5641134, 39.73399 ], [ -105.5609055, 39.7343117 ], [ -105.5597736, 39.734472600000103 ], [ -105.5566354, 39.7347655 ], [ -105.5522366, 39.7352276 ], [ -105.5507667, 39.735343100000101 ], [ -105.5487068, 39.7355411 ], [ -105.5448659, 39.7356731 ], [ -105.5410249, 39.7358175 ], [ -105.5383481, 39.7359577 ], [ -105.5344642, 39.7361186 ], [ -105.5313422, 39.7362589 ], [ -105.5268521, 39.7364528 ], [ -105.5213161, 39.736716800000103 ], [ -105.5168958, 39.7367951 ], [ -105.5107482, 39.7368281 ], [ -105.5066004, 39.7379766 ], [ -105.5023421, 39.7393403 ], [ -105.4967738, 39.740433500000101 ], [ -105.4955711, 39.7418087 ], [ -105.4935015, 39.7440097 ], [ -105.4914362, 39.744380900000102 ], [ -105.483107983, 39.743500662 ], [ -105.481384805, 39.743290493000103 ], [ -105.478966414, 39.742988945 ], [ -105.4712053, 39.744615461000102 ], [ -105.468519518, 39.745830753000099 ], [ -105.450717307, 39.742020327 ], [ -105.425166736, 39.730989922 ], [ -105.398045102, 39.719288635 ], [ -105.397056355, 39.719244759 ], [ -105.354711334, 39.725986819 ], [ -105.291165283, 39.721526310000101 ], [ -105.289187787, 39.723369047000098 ], [ -105.281544007, 39.723149676 ], [ -105.280460188, 39.721146057 ], [ -105.252623138, 39.726206180000098 ], [ -105.241138453, 39.730315430000097 ], [ -105.237772909, 39.731821605 ], [ -105.228760093, 39.732903692 ], [ -105.203553207, 39.732865307 ], [ -105.203686308, 39.733804809 ], [ -105.202905753, 39.734166178000102 ] ] ] } },
{ "type": "Feature", "properties": { "objectid": "70126", "id": "201885", "type": "AC; OVERHEAD", "status": "NOT AVAILABLE", "naics_code": "221121", "naics_desc": "ELECTRIC BULK POWER TRANSMISSION AND CONTROL", "source": "Regional Map", "sourcedate": "2014-07-08T20:00:00-06:00", "val_method": "IMAGERY/OTHER", "val_date": "2014-07-08T20:00:00-06:00", "owner": "PLATTE RIVER POWER AUTHORITY", "voltage": 230.0, "volt_class": "220-287", "inferred": "N", "sub_1": "BOYD", "sub_2": "PORTNER", "shape_lengt": 17987.345695322299, "globalid": "b584e5ae-7fdd-482e-b657-bb79ddaeb47c", "STATEFP": "08", "STATENS": "01779779", "AFFGEOID": "0400000US08", "GEOID": "08", "STUSPS": "CO", "NAME": "Colorado", "LSAD": "00", "ALAND": 268422891711, "AWATER": 1181621593 }, "geometry": { "type": "MultiLineString", "coordinates": [ [ [ -105.045146406, 40.389470439 ], [ -105.0449773, 40.389642100000103 ], [ -105.044972, 40.3899526000001 ], [ -105.0449424, 40.3902101 ], [ -105.0449584, 40.392390700000099 ], [ -105.0449424, 40.394534700000101 ], [ -105.0449182, 40.396513 ], [ -105.0448967, 40.398488300000103 ], [ -105.0448806, 40.4004553 ], [ -105.0448566, 40.402558300000102 ], [ -105.0448405, 40.404749900000098 ], [ -105.0448164, 40.4069414 ], [ -105.0447976, 40.4083588 ], [ -105.0447867, 40.410154900000101 ], [ -105.0447654, 40.4119308000001 ], [ -105.0447519, 40.4137207 ], [ -105.0447358, 40.415534100000102 ], [ -105.0447037, 40.417724400000097 ], [ -105.0446741, 40.4206903 ], [ -105.0446419, 40.4237103 ], [ -105.0446313, 40.425737 ], [ -105.0446044, 40.4277143 ], [ -105.0445857, 40.429904200000102 ], [ -105.0445669, 40.4316866 ], [ -105.0445428, 40.4338793 ], [ -105.0445267, 40.4356799 ], [ -105.0445052, 40.4375846 ], [ -105.0444918, 40.439423900000101 ], [ -105.0444676, 40.441580600000101 ], [ -105.0444489, 40.4431413 ], [ -105.0444275, 40.445274400000102 ], [ -105.0444112, 40.447543100000097 ], [ -105.0443951, 40.4492739 ], [ -105.0443737, 40.4507925 ], [ -105.044379, 40.452545800000102 ], [ -105.044379, 40.4544051 ], [ -105.0443875, 40.4562853 ], [ -105.0443297, 40.465461800000099 ], [ -105.0490029, 40.465465800000104 ], [ -105.0489851, 40.471892400000101 ], [ -105.0489346, 40.4824574 ], [ -105.0489081, 40.486628600000103 ], [ -105.049316621, 40.488963844000097 ], [ -105.049339905, 40.494196195 ], [ -105.04983326, 40.494439626 ], [ -105.066717915, 40.494563358 ], [ -105.067014304, 40.495874753000102 ] ] ] } },
{ "type": "Feature", "properties": { "objectid": "70099", "id": "201858", "type": "AC; OVERHEAD", "status": "NOT AVAILABLE", "naics_code": "221121", "naics_desc": "ELECTRIC BULK POWER TRANSMISSION AND CONTROL", "source": "Regional Map", "sourcedate": "2014-07-09T20:00:00-06:00", "val_method": "IMAGERY/OTHER", "val_date": "2014-07-09T20:00:00-06:00", "owner": "PUBLIC SERVICE CO OF COLORADO", "voltage": 230.0, "volt_class": "220-287", "inferred": "N", "sub_1": "TAP206215", "sub_2": "MISSLE SITE", "shape_lengt": 79757.768965334704, "globalid": "00eb1828-de21-4aba-9579-bbe9dd60bbbf", "STATEFP": "08", "STATENS": "01779779", "AFFGEOID": "0400000US08", "GEOID": "08", "STUSPS": "CO", "NAME": "Colorado", "LSAD": "00", "ALAND": 268422891711, "AWATER": 1181621593 }, "geometry": { "type": "MultiLineString", "coordinates": [ [ [ -103.814713096, 40.073374713000099 ], [ -103.815385364, 40.073298304 ], [ -103.829068182, 40.073561561000098 ], [ -103.864415292, 40.073679719 ], [ -103.9017054, 40.073856955000103 ], [ -103.925420262, 40.073886495000103 ], [ -103.9424451, 40.0738236 ], [ -103.9588827, 40.0738705 ], [ -103.9755556, 40.0738388 ], [ -103.978763, 40.0738652000001 ], [ -103.9814036, 40.0738547 ], [ -103.9814105, 40.0713632000001 ], [ -103.981452, 40.061396600000101 ], [ -103.9814015, 40.054733 ], [ -103.9813479, 40.0462822000001 ], [ -103.9813372, 40.0381917 ], [ -103.9813908, 40.0299113 ], [ -104.0001847, 40.0298976 ], [ -104.0002045, 40.027753200000099 ], [ -104.0001847, 40.0256038 ], [ -104.0001123, 40.0234290000001 ], [ -104.0001254, 40.0212189000001 ], [ -104.0001188, 40.0190793 ], [ -104.0001123, 40.016843800000103 ], [ -104.0000991, 40.0146132 ], [ -104.0000991, 40.012392700000099 ], [ -104.0001452, 40.0079211 ], [ -104.0002177, 40.005655 ], [ -104.0002704, 40.003525 ], [ -104.000244, 40.001066900000097 ], [ -103.9998487, 39.9986591 ], [ -103.9991436, 39.9944391000001 ], [ -103.9987351, 39.992359200000102 ], [ -103.9983793, 39.9900269 ], [ -103.9976676, 39.986033500000097 ], [ -103.997761526, 39.979048705 ], [ -103.998108949, 39.965499550000096 ], [ -103.99831483, 39.9569387290001 ], [ -103.998546446, 39.949807181 ], [ -103.9987753, 39.940489500000098 ], [ -103.998829, 39.9379974 ], [ -103.9988357, 39.9356443 ], [ -103.998868134, 39.933677078000102 ], [ -103.9990842, 39.9221829 ], [ -103.9991446, 39.919947700000101 ], [ -103.9991917, 39.9154616000001 ], [ -103.999279, 39.9132158 ], [ -103.9993125, 39.9108515 ], [ -103.9994334, 39.908554100000103 ], [ -103.999794597, 39.899885267000101 ], [ -103.9998766, 39.893382 ], [ -103.9998229, 39.8910531000001 ], [ -103.9998296, 39.8888169 ], [ -103.9998162, 39.8866836 ], [ -103.9998028, 39.8843957 ], [ -103.9997423, 39.882190100000102 ], [ -103.999749, 39.879989700000102 ], [ -103.9997222, 39.8773975 ], [ -103.999702, 39.875325700000097 ], [ -103.9997028, 39.8731478 ], [ -103.9996549, 39.8707841 ], [ -103.9996344, 39.8688562 ], [ -103.999607, 39.866634200000099 ], [ -103.9995933, 39.864312300000101 ], [ -103.9995454, 39.861843200000102 ], [ -103.9995385, 39.859536900000101 ], [ -103.9994906, 39.8572935 ], [ -103.9994906, 39.855349600000103 ], [ -104.0024473, 39.8554336 ], [ -104.0050549, 39.855538700000103 ], [ -104.0073271, 39.8555912 ], [ -104.0098732, 39.8556753 ], [ -104.0124808, 39.8557646 ], [ -104.0152321, 39.8558434 ], [ -104.01875, 39.855922200000101 ], [ -104.018787073, 39.849334230000103 ], [ -104.018812808, 39.846153178000101 ], [ -104.018838544, 39.844177294000097 ], [ -104.018864279, 39.841094802 ], [ -104.018890014, 39.839138534 ], [ -104.0189416, 39.8372314000001 ], [ -104.018915749, 39.835502493 ], [ -104.0189485, 39.8329008 ], [ -104.0189279, 39.831497500000097 ], [ -104.0188937, 39.828843300000102 ], [ -104.0189485, 39.826462300000102 ], [ -104.0189634, 39.8239579 ], [ -104.0190114, 39.8218659 ], [ -104.0190387, 39.8199314 ], [ -104.0191414, 39.817755100000099 ], [ -104.0191482, 39.8156734 ], [ -104.019134496, 39.813385687 ], [ -104.0192098, 39.8111101000001 ], [ -104.0193335, 39.8089148 ], [ -104.019354, 39.8066225 ], [ -104.0194567, 39.8045088000001 ], [ -104.0195388, 39.802447700000101 ], [ -104.0196072, 39.8001551 ], [ -104.0196483, 39.7981202 ], [ -104.0196757, 39.796064100000102 ], [ -104.0197287, 39.7941264 ], [ -104.019700668, 39.791805555 ], [ -104.0198403, 39.788895500000102 ], [ -104.019855078, 39.786456431 ], [ -104.019867946, 39.784083303 ], [ -104.0199798, 39.781450300000103 ], [ -104.0201193, 39.779713500000099 ], [ -104.0202588, 39.777719300000101 ], [ -104.0204611, 39.7749424 ], [ -104.0206146, 39.772889200000101 ], [ -104.020691468, 39.770752718 ], [ -104.020755806, 39.768557077 ], [ -104.0208866, 39.7664448 ], [ -104.0209354, 39.7641983 ], [ -104.020961686, 39.761841147 ], [ -104.0211168, 39.759635300000099 ], [ -104.0211447, 39.757442200000099 ], [ -104.0212075, 39.755415200000101 ], [ -104.0212633, 39.753179 ], [ -104.0214656, 39.7508463 ], [ -104.0216678, 39.748674300000097 ], [ -104.0218632, 39.7460947000001 ], [ -104.0220515, 39.7444857 ], [ -104.0222119, 39.742554900000101 ], [ -104.0223863, 39.740366600000101 ], [ -104.0225119, 39.738210400000099 ], [ -104.0225607, 39.736027300000103 ], [ -104.0226862, 39.733876300000098 ], [ -104.0227141, 39.731569700000101 ], [ -104.0227978, 39.729322 ], [ -104.0229025, 39.727165500000098 ], [ -104.0229792, 39.7248372 ], [ -104.0230001, 39.7226161 ], [ -104.023035, 39.7204379 ], [ -104.0230838, 39.718254300000098 ], [ -104.0231167, 39.7159953 ], [ -104.0231238, 39.7138189 ], [ -104.0231736, 39.711801 ], [ -104.0232802, 39.709651800000103 ], [ -104.0232731, 39.707519 ], [ -104.0233442, 39.7052548 ], [ -104.023367915, 39.70313049 ], [ -104.0234651, 39.700945 ], [ -104.0235219, 39.6988118 ], [ -104.0235788, 39.6960605 ], [ -104.0236215, 39.6937741 ], [ -104.0236428, 39.690716300000098 ], [ -104.023637652, 39.689018481000097 ], [ -104.019301774, 39.689071307000098 ], [ -104.019327509, 39.686269029000101 ], [ -104.020331797, 39.685770963 ] ] ] } },
{ "type": "Feature", "properties": { "objectid": "70417", "id": "202178", "type": "AC; OVERHEAD", "status": "NOT AVAILABLE", "naics_code": "221121", "naics_desc": "ELECTRIC BULK POWER TRANSMISSION AND CONTROL", "source": "Regional Map", "sourcedate": "2014-07-08T20:00:00-06:00", "val_method": "IMAGERY/OTHER", "val_date": "2014-07-08T20:00:00-06:00", "owner": "PUBLIC SERVICE CO OF COLORADO", "voltage": 230.0, "volt_class": "220-287", "inferred": "N", "sub_1": "SPINDLE", "sub_2": "ISABELLE", "shape_lengt": 22676.8589763934, "globalid": "dff5983f-fd4a-45da-b948-bc04d3129c24", "STATEFP": "08", "STATENS": "01779779", "AFFGEOID": "0400000US08", "GEOID": "08", "STUSPS": "CO", "NAME": "Colorado", "LSAD": "00", "ALAND": 268422891711, "AWATER": 1181621593 }, "geometry": { "type": "MultiLineString", "coordinates": [ [ [ -104.903282395, 40.094456569 ], [ -104.90481404, 40.094554479000102 ], [ -104.90488103, 40.094575396 ], [ -104.908183737, 40.094632698 ], [ -104.914497699, 40.0946692200001 ], [ -104.9145, 40.091878300000097 ], [ -104.914484, 40.089026 ], [ -104.914478, 40.087084800000099 ], [ -104.914451, 40.084511500000097 ], [ -104.914403, 40.0821761 ], [ -104.914419, 40.079491700000098 ], [ -104.914403, 40.078256200000098 ], [ -104.914392, 40.0767785 ], [ -104.914408, 40.074586500000102 ], [ -104.914371, 40.0726613 ], [ -104.914328, 40.069865800000102 ], [ -104.914328, 40.0676243 ], [ -104.914274, 40.064996800000102 ], [ -104.914248, 40.062558200000097 ], [ -104.914264, 40.060439600000102 ], [ -104.914248, 40.0580583 ], [ -104.917895, 40.0580829 ], [ -104.920282, 40.0581198 ], [ -104.922643, 40.0581486 ], [ -104.92569, 40.0581691 ], [ -104.929788, 40.0582143 ], [ -104.933704, 40.0582389 ], [ -104.93761, 40.058263500000102 ], [ -104.941483, 40.058308700000097 ], [ -104.944653, 40.058308700000097 ], [ -104.948054, 40.0582882 ], [ -104.951149, 40.058292300000097 ], [ -104.954744, 40.058275900000098 ], [ -104.958338, 40.058275900000098 ], [ -104.961556, 40.058259400000097 ], [ -104.964684, 40.0582389 ], [ -104.968316, 40.058210200000097 ], [ -104.970735, 40.058206100000099 ], [ -104.97383, 40.058193700000103 ], [ -104.976523, 40.0581691 ], [ -104.979495, 40.058160900000097 ], [ -104.982032, 40.0581527 ], [ -104.985374, 40.0581281 ], [ -104.988534, 40.058140400000099 ], [ -104.991828, 40.058136300000101 ], [ -104.995288, 40.058074700000098 ], [ -104.998737, 40.0581239 ], [ -105.001591, 40.0581445 ], [ -105.005432, 40.0581281 ], [ -105.009305, 40.0580665 ], [ -105.013189, 40.0580583 ], [ -105.017518, 40.0580295 ], [ -105.020956, 40.0579967 ], [ -105.024272, 40.0579802 ], [ -105.02829, 40.057955600000099 ], [ -105.032318, 40.057935100000101 ], [ -105.036562, 40.0578283 ], [ -105.0392468, 40.0578487000001 ], [ -105.0420041, 40.0578692 ], [ -105.0444825, 40.0578692 ], [ -105.0472076, 40.0586534 ], [ -105.052254966, 40.058645737000099 ], [ -105.051205952, 40.056194733 ], [ -105.0527481, 40.055132068 ], [ -105.053730085, 40.0552158610001 ] ] ] } },
{ "type": "Feature", "properties": { "objectid": "73513", "id": "205176", "type": "AC; OVERHEAD", "status": "NOT AVAILABLE", "naics_code": "221121", "naics_desc": "ELECTRIC BULK POWER TRANSMISSION AND CONTROL", "source": "Regional Map", "sourcedate": "2015-08-12T20:00:00-06:00", "val_method": "IMAGERY/OTHER", "val_date": "2015-08-12T20:00:00-06:00", "owner": "WAPA-- WESTERN AREA POWER ADMINISTRATION", "voltage": 230.0, "volt_class": "220-287", "inferred": "N", "sub_1": "UNKNOWN205186", "sub_2": "NORTH PARK", "shape_lengt": 179273.42254987301, "globalid": "1ac1b58c-fac2-41b9-b328-bd438e0fe533", "STATEFP": "08", "STATENS": "01779779", "AFFGEOID": "0400000US08", "GEOID": "08", "STUSPS": "CO", "NAME": "Colorado", "LSAD": "00", "ALAND": 268422891711, "AWATER": 1181621593 }, "geometry": { "type": "MultiLineString", "coordinates": [ [ [ -106.042929908285501, 40.997815524312927 ], [ -106.044227242, 40.996913439 ], [ -106.047092941, 40.995067755 ], [ -106.050479741, 40.992911073000101 ], [ -106.053635489, 40.990727853000102 ], [ -106.057148289, 40.988349064 ], [ -106.059824989, 40.986569672 ], [ -106.062942789, 40.9844444820001 ], [ -106.063836888, 40.983849502000098 ], [ -106.066555489, 40.981892352 ], [ -106.069131289, 40.979970101 ], [ -106.071942389, 40.977923954000097 ], [ -106.074707189, 40.975861906 ], [ -106.078948064, 40.972753564000101 ], [ -106.081675164, 40.970777082 ], [ -106.084406364, 40.968746601000099 ], [ -106.087146063, 40.966754019000099 ], [ -106.090373164, 40.964368041 ], [ -106.09311557, 40.9621823190001 ], [ -106.096611569, 40.959694539000097 ], [ -106.09869567, 40.958085753 ], [ -106.10253627, 40.955309076 ], [ -106.10514567, 40.953411392000099 ], [ -106.108181827, 40.951221941 ], [ -106.110799627, 40.949336849000098 ], [ -106.113337628, 40.947419858000103 ], [ -106.116665527, 40.945007769 ], [ -106.124712783, 40.939092903000102 ], [ -106.128642783, 40.936218615 ], [ -106.131130283, 40.934396523 ], [ -106.134357383, 40.932034733000101 ], [ -106.137300075, 40.929864102000103 ], [ -106.140321175, 40.927670414 ], [ -106.143584475, 40.9252758270001 ], [ -106.146640475, 40.922960339 ], [ -106.149041714, 40.921266033000101 ], [ -106.152126739, 40.9190734 ], [ -106.155266095, 40.916605155000099 ], [ -106.158403695, 40.914283975 ], [ -106.160737295, 40.912576589 ], [ -106.164176661, 40.909990508000099 ], [ -106.167002055, 40.907970636000101 ], [ -106.170659155, 40.905337546 ], [ -106.172985814, 40.9035349910001 ], [ -106.175614355, 40.901625681 ], [ -106.178384955, 40.899525194 ], [ -106.181683255, 40.89722221 ], [ -106.186688555, 40.893441834 ], [ -106.189289255, 40.891554647000099 ], [ -106.194586355, 40.887589973 ], [ -106.196309655, 40.88634198 ], [ -106.199514555, 40.883949396 ], [ -106.201898155, 40.882269107000099 ], [ -106.206681455, 40.878695231000101 ], [ -106.210760352, 40.875827867 ], [ -106.2137149, 40.8736057 ], [ -106.2167024, 40.8713527 ], [ -106.2195852, 40.8692458 ], [ -106.2224842, 40.867102300000099 ], [ -106.2254073, 40.8649708 ], [ -106.2282901, 40.8627785 ], [ -106.2311964, 40.8606468 ], [ -106.2340907, 40.858489 ], [ -106.2370241, 40.8563501 ], [ -106.2400035, 40.8541697 ], [ -106.2429427, 40.852037800000097 ], [ -106.2458256, 40.8498694 ], [ -106.2487406, 40.8477557000001 ], [ -106.2516396, 40.845611500000103 ], [ -106.2547962, 40.843266200000102 ], [ -106.2580414, 40.840872100000098 ], [ -106.2606907, 40.8386606 ], [ -106.2636058, 40.836254100000097 ], [ -106.2656028, 40.8345482 ], [ -106.2682635, 40.832306500000101 ], [ -106.2712344, 40.829866100000103 ], [ -106.2740472, 40.8275111 ], [ -106.2770683, 40.8249611 ], [ -106.2800391, 40.822496800000103 ], [ -106.2828287, 40.820127500000098 ], [ -106.2858653, 40.817587300000099 ], [ -106.29102825, 40.813226215 ], [ -106.290723834, 40.812191373000097 ] ] ] } },
{ "type": "Feature", "properties": { "objectid": "74400", "id": "206679", "type": "AC; OVERHEAD", "status": "NOT AVAILABLE", "naics_code": "221121", "naics_desc": "ELECTRIC BULK POWER TRANSMISSION AND CONTROL", "source": "IMAGERY", "sourcedate": "2016-01-06T18:00:00-07:00", "val_method": "IMAGERY", "val_date": "2016-01-06T18:00:00-07:00", "owner": "PUBLIC SERVICE CO OF COLORADO", "voltage": 230.0, "volt_class": "220-287", "inferred": "Y", "sub_1": "NOT AVAILABLE", "sub_2": "FORT ST VRAIN", "shape_lengt": 220.62526456169999, "globalid": "4e8a2639-0ad3-4f41-96a3-bd44cc1820e5", "STATEFP": "08", "STATENS": "01779779", "AFFGEOID": "0400000US08", "GEOID": "08", "STUSPS": "CO", "NAME": "Colorado", "LSAD": "00", "ALAND": 268422891711, "AWATER": 1181621593 }, "geometry": { "type": "MultiLineString", "coordinates": [ [ [ -104.873747989, 40.244537368000103 ], [ -104.874009147, 40.2438498160001 ], [ -104.874278906, 40.243413073000099 ], [ -104.873888203, 40.243314544 ] ] ] } },
{ "type": "Feature", "properties": { "objectid": "73407", "id": "204953", "type": "AC; OVERHEAD", "status": "NOT AVAILABLE", "naics_code": "221121", "naics_desc": "ELECTRIC BULK POWER TRANSMISSION AND CONTROL", "source": "Company Map", "sourcedate": "2015-08-12T20:00:00-06:00", "val_method": "IMAGERY/OTHER", "val_date": "2015-08-12T20:00:00-06:00", "owner": "CITY OF COLORADO SPRINGS - (CO)", "voltage": 230.0, "volt_class": "220-287", "inferred": "N", "sub_1": "FRONT RANGE", "sub_2": "UNKNOWN202739", "shape_lengt": 28037.8395419195, "globalid": "65180f61-6faa-4c29-8a19-0296d05a65b4", "STATEFP": "08", "STATENS": "01779779", "AFFGEOID": "0400000US08", "GEOID": "08", "STUSPS": "CO", "NAME": "Colorado", "LSAD": "00", "ALAND": 268422891711, "AWATER": 1181621593 }, "geometry": { "type": "MultiLineString", "coordinates": [ [ [ -104.702546623, 38.632136099 ], [ -104.70248791, 38.633479649 ], [ -104.702464142, 38.635818989 ], [ -104.704472536, 38.636631242000099 ], [ -104.706564117, 38.637466692 ], [ -104.708769785, 38.638356900000097 ], [ -104.710366993, 38.638991828 ], [ -104.712872137, 38.639998047000098 ], [ -104.715035023, 38.640863162000102 ], [ -104.716679766, 38.641527771 ], [ -104.718861666, 38.64239658 ], [ -104.718894941, 38.6441898570001 ], [ -104.718913956, 38.6461650090001 ], [ -104.71893297, 38.648006455 ], [ -104.718923463, 38.6498886910001 ], [ -104.718966245, 38.65182285 ], [ -104.71898526, 38.653738396 ], [ -104.718990013, 38.655657602000097 ], [ -104.719009028, 38.657576758 ], [ -104.719032796, 38.659518133000098 ], [ -104.719056564, 38.661440897 ], [ -104.719085085, 38.663326491000099 ], [ -104.71971256, 38.664621881000102 ], [ -104.720354295, 38.665894977 ], [ -104.720401831, 38.667813858 ], [ -104.720435106, 38.669688151000102 ], [ -104.720430353, 38.671521569 ], [ -104.720468381, 38.673317829 ], [ -104.720515917, 38.675540823000098 ], [ -104.720520671, 38.676947323 ], [ -104.720553946, 38.6788621970001 ], [ -104.7205587, 38.680777019000097 ], [ -104.720591975, 38.68274003 ], [ -104.720630004, 38.684907073 ], [ -104.720663279, 38.686599101000098 ], [ -104.720682293, 38.688142671 ], [ -104.720701307, 38.689407928 ], [ -104.720791845, 38.690860219000101 ], [ -104.720821584, 38.69307085 ], [ -104.721239206, 38.695096208 ], [ -104.721645718, 38.696807808000102 ], [ -104.722080672, 38.698633118 ], [ -104.722515612, 38.700461098000098 ], [ -104.722922037, 38.702208371 ], [ -104.723371373, 38.704123086 ], [ -104.723785088, 38.70558706 ], [ -104.724270375, 38.707277281000103 ], [ -104.725055327, 38.709100952 ], [ -104.725918123, 38.711087339000102 ], [ -104.72676665, 38.713037487000101 ], [ -104.7275688, 38.71487346 ], [ -104.728385217, 38.716770599 ], [ -104.729255152, 38.718776262000098 ], [ -104.730002275, 38.720485969 ], [ -104.731161253, 38.721633008 ], [ -104.732366275, 38.722815142000101 ], [ -104.734294985, 38.724728727000098 ], [ -104.736073742, 38.726586055 ], [ -104.737903872, 38.728397601 ], [ -104.739222912, 38.729699929 ], [ -104.740969608, 38.73143633 ], [ -104.742386545, 38.732831047 ], [ -104.744107479, 38.734519141000099 ], [ -104.746673423, 38.737103456 ], [ -104.748116122, 38.738490025 ], [ -104.749507297, 38.739876566000099 ], [ -104.750965454, 38.741295232 ], [ -104.752557575, 38.742878638 ], [ -104.753974512, 38.744277151000098 ], [ -104.755618159, 38.745904696 ], [ -104.757318483, 38.747580426000098 ], [ -104.759060027, 38.749276208 ], [ -104.76058756, 38.750821436000102 ], [ -104.758678992, 38.751992906000098 ], [ -104.759774695, 38.753781584000102 ], [ -104.760865645, 38.755610993000097 ], [ -104.761894799, 38.757336564000099 ], [ -104.761134223, 38.758828565 ], [ -104.760152606, 38.76077646 ], [ -104.759361133, 38.762320282000097 ], [ -104.75828682, 38.764458966000099 ], [ -104.757640331, 38.765934139000102 ], [ -104.759044891, 38.767433676 ], [ -104.760432338, 38.768923141000101 ], [ -104.761698026, 38.770289862 ], [ -104.762853773, 38.771519879 ], [ -104.764288704, 38.77306016 ], [ -104.765720729, 38.774602794 ], [ -104.767148413, 38.776133793 ], [ -104.767730135, 38.778144475 ], [ -104.76887781, 38.779852731000098 ], [ -104.769789024, 38.781960597000101 ], [ -104.770561476, 38.7837230310001 ], [ -104.771323124, 38.785492608 ], [ -104.771323124, 38.78774903 ], [ -104.768356186, 38.788834222 ], [ -104.754299646, 38.788782006000098 ], [ -104.754314728, 38.791979424 ], [ -104.75460309, 38.792775552000101 ], [ -104.755260102, 38.792801965000102 ], [ -104.755968819, 38.79237204 ] ] ] } },
{ "type": "Feature", "properties": { "objectid": "70143", "id": "201902", "type": "AC; OVERHEAD", "status": "NOT AVAILABLE", "naics_code": "221121", "naics_desc": "ELECTRIC BULK POWER TRANSMISSION AND CONTROL", "source": "Regional Map", "sourcedate": "2014-07-08T20:00:00-06:00", "val_method": "IMAGERY/OTHER", "val_date": "2014-07-08T20:00:00-06:00", "owner": "TRI-STATE G & T ASSN, INC", "voltage": 230.0, "volt_class": "220-287", "inferred": "N", "sub_1": "LANDSMAN CREEK", "sub_2": "UNKNOWN201500", "shape_lengt": 10627.573574275701, "globalid": "5f2b99e2-eaae-440e-b6e8-0821e069be35", "STATEFP": "08", "STATENS": "01779779", "AFFGEOID": "0400000US08", "GEOID": "08", "STUSPS": "CO", "NAME": "Colorado", "LSAD": "00", "ALAND": 268422891711, "AWATER": 1181621593 }, "geometry": { "type": "MultiLineString", "coordinates": [ [ [ -102.335785211, 39.360819367 ], [ -102.335670997, 39.360062699 ], [ -102.3343833, 39.3600453 ], [ -102.3315786, 39.360069700000103 ], [ -102.3287017, 39.360101100000101 ], [ -102.3257978, 39.360097600000103 ], [ -102.322966, 39.360111500000102 ], [ -102.320549, 39.3601255 ], [ -102.3181546, 39.360136 ], [ -102.3154266, 39.360146400000097 ], [ -102.3125316, 39.360163800000102 ], [ -102.3093977, 39.3601708 ], [ -102.3059121, 39.360195200000099 ], [ -102.3030172, 39.3602092 ], [ -102.299996, 39.3602092 ], [ -102.2968982, 39.360216100000102 ], [ -102.2937192, 39.3602336000001 ], [ -102.2907656, 39.360251 ], [ -102.2876317, 39.360258 ], [ -102.2849127, 39.360268400000102 ], [ -102.2817336, 39.3602859000001 ], [ -102.2787485, 39.360317200000097 ], [ -102.2764534, 39.359097 ], [ -102.273829, 39.359117900000101 ], [ -102.2712813, 39.359097 ], [ -102.2683322, 39.3590935 ], [ -102.2661588, 39.3590691 ], [ -102.262353, 39.3590308 ], [ -102.2594852, 39.3590273 ], [ -102.2564595, 39.359009800000102 ], [ -102.2535555, 39.3589924 ], [ -102.2507598, 39.3589575 ], [ -102.2475357, 39.358936600000099 ], [ -102.2448978, 39.358915700000097 ], [ -102.242578526, 39.358904227 ], [ -102.242156413, 39.358291652 ] ] ] } },
{ "type": "Feature", "properties": { "objectid": "70382", "id": "202143", "type": "AC; OVERHEAD", "status": "NOT AVAILABLE", "naics_code": "221121", "naics_desc": "ELECTRIC BULK POWER TRANSMISSION AND CONTROL", "source": "IMAGERY", "sourcedate": "2014-07-08T20:00:00-06:00", "val_method": "IMAGERY", "val_date": "2014-07-08T20:00:00-06:00", "owner": "PUBLIC SERVICE CO OF COLORADO", "voltage": 230.0, "volt_class": "220-287", "inferred": "Y", "sub_1": "UNKNOWN203871", "sub_2": "DENVER TERMINAL", "shape_lengt": 15114.1569599288, "globalid": "abd95273-2de8-4c97-bed0-08d1fab446c9", "STATEFP": "08", "STATENS": "01779779", "AFFGEOID": "0400000US08", "GEOID": "08", "STUSPS": "CO", "NAME": "Colorado", "LSAD": "00", "ALAND": 268422891711, "AWATER": 1181621593 }, "geometry": { "type": "MultiLineString", "coordinates": [ [ [ -105.151145262, 39.733139245000103 ], [ -105.150052014, 39.732918771000101 ], [ -105.14231396, 39.732899023000101 ], [ -105.133591529, 39.7329121880001 ], [ -105.128267337, 39.732885857 ], [ -105.118260937, 39.732852943000097 ], [ -105.112294761, 39.732846361 ], [ -105.104899098, 39.731760196 ], [ -105.100448005, 39.731115071 ], [ -105.096382103, 39.731101905000102 ], [ -105.089756822, 39.731167735 ], [ -105.079570667, 39.733057009 ], [ -105.077268082, 39.733122836 ], [ -105.069059239, 39.7331294190001 ], [ -105.059395231, 39.7331294190001 ], [ -105.059412351, 39.734472285 ], [ -105.052975386, 39.734603937 ], [ -105.047180387, 39.7344221500001 ], [ -105.037370868, 39.734431919 ], [ -105.034845993, 39.734822128000097 ], [ -105.027124813, 39.734827256000102 ], [ -105.024593971, 39.737087428000102 ], [ -105.021612299, 39.737256673 ], [ -105.020636482, 39.737256673 ], [ -105.019814742, 39.737072367 ], [ -105.019262262, 39.737387244 ] ] ] } },
{ "type": "Feature", "properties": { "objectid": "70437", "id": "202198", "type": "AC; OVERHEAD", "status": "NOT AVAILABLE", "naics_code": "221121", "naics_desc": "ELECTRIC BULK POWER TRANSMISSION AND CONTROL", "source": "IMAGERY", "sourcedate": "2014-07-08T20:00:00-06:00", "val_method": "IMAGERY", "val_date": "2014-07-08T20:00:00-06:00", "owner": "PUBLIC SERVICE CO OF COLORADO", "voltage": 230.0, "volt_class": "220-287", "inferred": "Y", "sub_1": "DANIELS PARK", "sub_2": "PRAIRIE", "shape_lengt": 8103.0841647650996, "globalid": "2e934be7-0dd0-4fc7-8900-0a0e98c5a670", "STATEFP": "08", "STATENS": "01779779", "AFFGEOID": "0400000US08", "GEOID": "08", "STUSPS": "CO", "NAME": "Colorado", "LSAD": "00", "ALAND": 268422891711, "AWATER": 1181621593 }, "geometry": { "type": "MultiLineString", "coordinates": [ [ [ -104.90505142, 39.494246447000101 ], [ -104.904640838, 39.495185482000103 ], [ -104.904541857, 39.520576269000102 ], [ -104.904303616, 39.549231860000098 ], [ -104.904944725, 39.550227245 ] ] ] } },
{ "type": "Feature", "properties": { "objectid": "70102", "id": "201861", "type": "AC; OVERHEAD", "status": "NOT AVAILABLE", "naics_code": "221121", "naics_desc": "ELECTRIC BULK POWER TRANSMISSION AND CONTROL", "source": "Regional Map", "sourcedate": "2014-07-08T20:00:00-06:00", "val_method": "IMAGERY/OTHER", "val_date": "2014-07-08T20:00:00-06:00", "owner": "PUBLIC SERVICE CO OF COLORADO", "voltage": 230.0, "volt_class": "220-287", "inferred": "N", "sub_1": "SODA LAKE", "sub_2": "LOOK OUT", "shape_lengt": 17420.539838623401, "globalid": "535f07d2-46fe-43f5-aece-0a2fbb15bce1", "STATEFP": "08", "STATENS": "01779779", "AFFGEOID": "0400000US08", "GEOID": "08", "STUSPS": "CO", "NAME": "Colorado", "LSAD": "00", "ALAND": 268422891711, "AWATER": 1181621593 }, "geometry": { "type": "MultiLineString", "coordinates": [ [ [ -105.158080335, 39.632609118000097 ], [ -105.158649609, 39.632814253 ], [ -105.159405431, 39.632913099000099 ], [ -105.16267115, 39.63269344 ], [ -105.16546168, 39.632600055000097 ], [ -105.1654561, 39.633893800000102 ], [ -105.1653653, 39.6386589 ], [ -105.1653825, 39.6408269 ], [ -105.1654034, 39.642560300000099 ], [ -105.165331, 39.644395900000099 ], [ -105.1653567, 39.6462266 ], [ -105.165331, 39.648328200000101 ], [ -105.1653138, 39.650079500000103 ], [ -105.1653366, 39.6535644 ], [ -105.1653098, 39.655361 ], [ -105.166388, 39.6564596 ], [ -105.1678364, 39.657967 ], [ -105.1692473, 39.659437200000099 ], [ -105.1706474, 39.660899200000102 ], [ -105.1720207, 39.662315600000099 ], [ -105.1734637, 39.663794000000102 ], [ -105.1749979, 39.6653674 ], [ -105.1764034, 39.666837400000098 ], [ -105.177605, 39.6680597000001 ], [ -105.178914, 39.6694141 ], [ -105.1803463, 39.6708758 ], [ -105.1822775, 39.672878400000101 ], [ -105.1828085, 39.6747571000001 ], [ -105.1833128, 39.676483 ], [ -105.183699, 39.677878500000098 ], [ -105.1843159, 39.6800047 ], [ -105.1848515, 39.681788 ], [ -105.1853995, 39.6837327000001 ], [ -105.1858662, 39.6853841000001 ], [ -105.1863651, 39.687097300000097 ], [ -105.186923, 39.689049800000099 ], [ -105.1886128, 39.6912046 ], [ -105.1899164, 39.692831 ], [ -105.1909893, 39.694151900000101 ], [ -105.191928, 39.6953531 ], [ -105.193548924, 39.697305648 ], [ -105.1948731, 39.699063700000103 ], [ -105.1961552, 39.700665200000103 ], [ -105.1974695, 39.7023408 ], [ -105.1993578, 39.703265300000098 ], [ -105.2020775, 39.7045819000001 ], [ -105.2002053, 39.706950800000101 ], [ -105.1986282, 39.709039 ], [ -105.198655, 39.7112056 ], [ -105.1986657, 39.712951200000099 ], [ -105.1986765, 39.715295 ], [ -105.1987087, 39.7167393 ], [ -105.1986443, 39.7191738000001 ], [ -105.1987248, 39.720651 ], [ -105.1987516, 39.722788300000097 ], [ -105.1988535, 39.724442800000098 ], [ -105.198773, 39.7262912 ], [ -105.1987248, 39.7282262 ], [ -105.1987087, 39.729525700000103 ], [ -105.1986765, 39.731885600000098 ], [ -105.198689035, 39.732867405 ], [ -105.20112698, 39.732845937 ], [ -105.20309967, 39.732878139 ], [ -105.203104052, 39.733884512 ], [ -105.202905753, 39.734166178000102 ] ] ] } },
{ "type": "Feature", "properties": { "objectid": "80202", "id": "212084", "type": "AC; OVERHEAD", "status": "NOT AVAILABLE", "naics_code": "221121", "naics_desc": "ELECTRIC BULK POWER TRANSMISSION AND CONTROL", "source": "IMAGERY and FAA data", "sourcedate": "2019-02-17T18:00:00-07:00", "val_method": "IMAGERY/OTHER", "val_date": "2019-02-17T18:00:00-07:00", "owner": "CITY OF COLORADO SPRINGS - (CO)", "voltage": 230.0, "volt_class": "220-287", "inferred": "Y", "sub_1": "TAP209761", "sub_2": "NOT AVAILABLE", "shape_lengt": 4419.6067622876999, "globalid": "47bbafb3-f85f-4c6c-af78-0ae18a58c209", "STATEFP": "08", "STATENS": "01779779", "AFFGEOID": "0400000US08", "GEOID": "08", "STUSPS": "CO", "NAME": "Colorado", "LSAD": "00", "ALAND": 268422891711, "AWATER": 1181621593 }, "geometry": { "type": "MultiLineString", "coordinates": [ [ [ -104.664547307, 38.781333983 ], [ -104.66438825, 38.779407086 ], [ -104.664425407, 38.777535957000097 ], [ -104.664375865, 38.773977765 ], [ -104.665416249, 38.772707632 ], [ -104.667670414, 38.771001158 ], [ -104.673429683, 38.766133601 ], [ -104.673380141, 38.762458470000098 ], [ -104.673380141, 38.757997633000102 ], [ -104.673095274, 38.755670129000102 ], [ -104.673157201, 38.753129182000102 ] ] ] } },
{ "type": "Feature", "properties": { "objectid": "70392", "id": "202153", "type": "AC; OVERHEAD", "status": "NOT AVAILABLE", "naics_code": "221121", "naics_desc": "ELECTRIC BULK POWER TRANSMISSION AND CONTROL", "source": "Regional Map", "sourcedate": "2014-07-08T20:00:00-06:00", "val_method": "IMAGERY/OTHER", "val_date": "2014-07-08T20:00:00-06:00", "owner": "PUBLIC SERVICE CO OF COLORADO", "voltage": 230.0, "volt_class": "220-287", "inferred": "N", "sub_1": "CHEROKEE", "sub_2": "LACOMBE", "shape_lengt": 9704.8702530171995, "globalid": "b664f2e3-765c-486b-a0d0-0b2f65178e39", "STATEFP": "08", "STATENS": "01779779", "AFFGEOID": "0400000US08", "GEOID": "08", "STUSPS": "CO", "NAME": "Colorado", "LSAD": "00", "ALAND": 268422891711, "AWATER": 1181621593 }, "geometry": { "type": "MultiLineString", "coordinates": [ [ [ -104.966865262, 39.808152214000103 ], [ -104.967023651, 39.808761270000097 ], [ -104.96751878, 39.808683250000101 ], [ -104.967988518, 39.808568656 ], [ -104.968159909, 39.807044793 ], [ -104.968335818, 39.805467665 ], [ -104.968459125, 39.804297767 ], [ -104.970916032, 39.80135162 ], [ -104.976036386, 39.796164769 ], [ -104.978487127, 39.793755947000101 ], [ -104.981384859, 39.789492339 ], [ -104.984933039, 39.784520165000103 ], [ -104.986249349, 39.783804749000097 ], [ -104.996375997, 39.783842652 ], [ -104.996847649, 39.781613444000101 ], [ -104.998059148, 39.781255722 ], [ -104.998040652, 39.776173970000102 ], [ -104.99806223, 39.774439691000097 ], [ -104.998056065, 39.7706227030001 ], [ -104.998012907, 39.764457264 ], [ -104.998928467, 39.762414633 ], [ -105.002341009, 39.761255852 ], [ -105.000122168, 39.758006284 ] ] ] } },
{ "type": "Feature", "properties": { "objectid": "70059", "id": "201818", "type": "AC; OVERHEAD", "status": "NOT AVAILABLE", "naics_code": "221121", "naics_desc": "ELECTRIC BULK POWER TRANSMISSION AND CONTROL", "source": "Regional Map", "sourcedate": "2014-07-08T20:00:00-06:00", "val_method": "IMAGERY/OTHER", "val_date": "2014-07-08T20:00:00-06:00", "owner": "PUBLIC SERVICE CO OF COLORADO", "voltage": 230.0, "volt_class": "220-287", "inferred": "N", "sub_1": "COMANCHE", "sub_2": "MIDWAY", "shape_lengt": 100330.575617946, "globalid": "1596fddd-84c5-41bd-9a8e-0c5a4c320bcb", "STATEFP": "08", "STATENS": "01779779", "AFFGEOID": "0400000US08", "GEOID": "08", "STUSPS": "CO", "NAME": "Colorado", "LSAD": "00", "ALAND": 268422891711, "AWATER": 1181621593 }, "geometry": { "type": "MultiLineString", "coordinates": [ [ [ -104.576305422, 38.211333365 ], [ -104.574914012, 38.212295968 ], [ -104.571496177, 38.212270162 ], [ -104.57124899, 38.210492273000099 ], [ -104.57124899, 38.199667129 ], [ -104.57107786, 38.198150434000098 ], [ -104.57107786, 38.189781896 ], [ -104.571115889, 38.183623494000102 ], [ -104.5688742, 38.1836591 ], [ -104.5668213, 38.183643200000098 ], [ -104.5640728, 38.1836219 ], [ -104.561223, 38.1835848 ], [ -104.5591835, 38.1835795000001 ], [ -104.556408, 38.1835476 ], [ -104.5540242, 38.183531700000103 ], [ -104.5523463, 38.183507900000102 ], [ -104.5496629, 38.183505200000099 ], [ -104.5460282, 38.1835025 ], [ -104.5432768, 38.183447300000097 ], [ -104.5407867, 38.183419700000101 ], [ -104.5387013, 38.183407 ], [ -104.5364378, 38.1834032 ], [ -104.5341371, 38.1833756 ], [ -104.5318153, 38.1833536 ], [ -104.5293603, 38.183331500000101 ], [ -104.5267159, 38.183303900000098 ], [ -104.5240154, 38.183276400000103 ], [ -104.5212045, 38.1833003 ], [ -104.5190641, 38.1832354000001 ], [ -104.5161443, 38.1832354000001 ], [ -104.5133395, 38.183226900000101 ], [ -104.5106963, 38.1831987 ], [ -104.5079202, 38.1831818 ], [ -104.5052698, 38.1832467 ], [ -104.5025059, 38.183185600000101 ], [ -104.4998877, 38.1831828 ], [ -104.4971461, 38.183185600000101 ], [ -104.4945279, 38.1831939 ], [ -104.4921423, 38.1832133 ], [ -104.4897919, 38.1832299000001 ], [ -104.4872477, 38.183246500000102 ], [ -104.4846943, 38.1832579 ], [ -104.4820789, 38.1832687 ], [ -104.4797045, 38.1833011 ], [ -104.4770822, 38.183290300000102 ], [ -104.47446, 38.183317400000099 ], [ -104.4718378, 38.1833336 ], [ -104.4690229, 38.183339000000103 ], [ -104.4662974, 38.183344400000102 ], [ -104.4638128, 38.1833607 ], [ -104.4614728, 38.183371500000099 ], [ -104.4596971, 38.183382300000098 ], [ -104.4570473, 38.1833661000001 ], [ -104.4543976, 38.183398500000102 ], [ -104.4518579, 38.1833607 ], [ -104.4493596, 38.183382300000098 ], [ -104.4466961, 38.1833931 ], [ -104.4442115, 38.183398500000102 ], [ -104.4416787, 38.183398500000102 ], [ -104.4392079, 38.1834093 ], [ -104.4366889, 38.1834148 ], [ -104.4342579, 38.1834264 ], [ -104.4316566, 38.1834254 ], [ -104.4292865, 38.1834469 ], [ -104.4267932, 38.183457700000098 ], [ -104.4240669, 38.1834469 ], [ -104.4216146, 38.1834792000001 ], [ -104.418354, 38.1835007 ], [ -104.4153675, 38.183511500000101 ], [ -104.4120588, 38.183506000000101 ], [ -104.4089135, 38.1835008 ], [ -104.4055631, 38.183511300000099 ], [ -104.4028486, 38.1835278 ], [ -104.4002252, 38.183549900000102 ], [ -104.3973633, 38.183583 ], [ -104.3942911, 38.183605 ], [ -104.3915625, 38.183627100000102 ], [ -104.3861895, 38.183599500000099 ], [ -104.3860643, 38.185491 ], [ -104.3861102, 38.1877403 ], [ -104.3862035, 38.189947700000097 ], [ -104.3861066, 38.1917147 ], [ -104.3862143, 38.193665000000102 ], [ -104.3862251, 38.195753700000097 ], [ -104.3862107, 38.197816900000099 ], [ -104.3862035, 38.199882800000097 ], [ -104.3861999, 38.201655200000097 ], [ -104.386164, 38.203760500000101 ], [ -104.3861497, 38.2052844 ], [ -104.3861137, 38.2065628 ], [ -104.3860707, 38.208876900000099 ], [ -104.3860563, 38.2108211 ], [ -104.386006, 38.212974200000097 ], [ -104.3859629, 38.215398100000101 ], [ -104.385909, 38.21774 ], [ -104.3859234, 38.220017 ], [ -104.3858947, 38.222347500000097 ], [ -104.3858661, 38.224726100000098 ], [ -104.3858446, 38.227202700000099 ], [ -104.3857588, 38.229746600000098 ], [ -104.3856802, 38.2320939 ], [ -104.3856016, 38.234575800000101 ], [ -104.3855587, 38.2364962 ], [ -104.3853585, 38.239320500000098 ], [ -104.3853728, 38.241751700000101 ], [ -104.3853156, 38.242818500000098 ], [ -104.3852031, 38.2446133 ], [ -104.3853532, 38.247633800000102 ], [ -104.385439, 38.250356700000097 ], [ -104.3854819, 38.2529222000001 ], [ -104.3856249, 38.255061 ], [ -104.3857035, 38.257233400000104 ], [ -104.3857607, 38.2593384 ], [ -104.3858751, 38.261499500000099 ], [ -104.3859394, 38.263654900000098 ], [ -104.3860252, 38.2660853000001 ], [ -104.3861039, 38.267769100000102 ], [ -104.3860925, 38.269497700000102 ], [ -104.3861753, 38.2717596 ], [ -104.386254, 38.273852900000101 ], [ -104.3862945, 38.2759309 ], [ -104.386375, 38.2780456 ], [ -104.3864449, 38.280215100000099 ], [ -104.3865547, 38.2830337 ], [ -104.3866206, 38.2851655 ], [ -104.3866425, 38.2865502000001 ], [ -104.3872208, 38.2888657 ], [ -104.3871952, 38.2907934 ], [ -104.3872014, 38.2927488 ], [ -104.38723, 38.2966537 ], [ -104.3872443, 38.2986959 ], [ -104.3872228, 38.299711300000098 ], [ -104.3872514, 38.301888 ], [ -104.3871943, 38.3039749000001 ], [ -104.3872086, 38.3058878000001 ], [ -104.3872033, 38.3078574 ], [ -104.3872, 38.3098244 ], [ -104.3872054, 38.312070500000097 ], [ -104.387231, 38.3142015 ], [ -104.388067, 38.315072 ], [ -104.3895737, 38.3165807 ], [ -104.3910682, 38.317961 ], [ -104.3925908, 38.3195798 ], [ -104.39412, 38.3211048000001 ], [ -104.3956605, 38.322653000000102 ], [ -104.3971788, 38.3241513 ], [ -104.3981562, 38.3251089 ], [ -104.3998465, 38.3267779 ], [ -104.4009903, 38.3279267 ], [ -104.4025524, 38.3294641 ], [ -104.4041445, 38.3310466 ], [ -104.4056308, 38.332561100000099 ], [ -104.4071814, 38.3340776000001 ], [ -104.4086569, 38.3355668 ], [ -104.4100532, 38.336930800000097 ], [ -104.4116259, 38.338530900000102 ], [ -104.4129733, 38.339893500000102 ], [ -104.4143274, 38.3412451 ], [ -104.4157416, 38.3426029 ], [ -104.4175343, 38.3444029 ], [ -104.4188819, 38.3458363 ], [ -104.4205066, 38.347390500000103 ], [ -104.4219929, 38.3488303 ], [ -104.4235791, 38.350426200000101 ], [ -104.4250917, 38.351963300000101 ], [ -104.4266454, 38.353475800000098 ], [ -104.4281078, 38.3549549 ], [ -104.4296137, 38.356452100000098 ], [ -104.4309367, 38.357770700000103 ], [ -104.4322056, 38.3590667 ], [ -104.4340069, 38.3608054 ], [ -104.4353511, 38.3621755 ], [ -104.4370742, 38.363924500000103 ], [ -104.4386649, 38.365398900000102 ], [ -104.4401206, 38.3669475 ], [ -104.4419322, 38.368684700000102 ], [ -104.4433745, 38.3701817 ], [ -104.4447488, 38.371544900000103 ], [ -104.4462507, 38.3730523 ], [ -104.4477614, 38.3745709 ], [ -104.4491507, 38.3759869 ], [ -104.4505867, 38.377376400000102 ], [ -104.4520285, 38.378845500000097 ], [ -104.453534, 38.3803354 ], [ -104.4554246, 38.3822489 ], [ -104.4569682, 38.383782500000102 ], [ -104.4586554, 38.3854474 ], [ -104.4600913, 38.386882500000098 ], [ -104.4616327, 38.3884212 ], [ -104.4629848, 38.3897694 ], [ -104.4645344, 38.3912407 ], [ -104.4660676, 38.392835100000099 ], [ -104.4676306, 38.394417700000098 ], [ -104.469276, 38.396035400000102 ], [ -104.4709138, 38.3976942 ], [ -104.4732546, 38.399997600000098 ], [ -104.4752267, 38.4019696 ], [ -104.4770216, 38.4037625 ], [ -104.4792808, 38.4060242 ], [ -104.4807804, 38.407535300000099 ], [ -104.4820665, 38.4088035 ], [ -104.4837656, 38.4104837 ], [ -104.4853164, 38.4121039 ], [ -104.4870634, 38.4138478 ], [ -104.4886114, 38.4154394 ], [ -104.4902225, 38.416986800000103 ], [ -104.4917397, 38.418483100000103 ], [ -104.4932187, 38.4199606 ], [ -104.4950232, 38.4217756 ], [ -104.4965357, 38.4232793 ], [ -104.4980386, 38.4247867 ], [ -104.4995463, 38.4263016 ], [ -104.5015949, 38.4283602 ], [ -104.5028154, 38.42956 ], [ -104.5043662, 38.431093600000104 ], [ -104.5056585, 38.4323796 ], [ -104.5074121, 38.4341316 ], [ -104.508583, 38.435292800000099 ], [ -104.5100668, 38.436773700000103 ], [ -104.5118206, 38.438504900000098 ], [ -104.5134995, 38.4401683 ], [ -104.5152547, 38.4419335 ], [ -104.5170594, 38.443730200000097 ], [ -104.5187858, 38.445453400000098 ], [ -104.5204183, 38.447075300000101 ], [ -104.5218158, 38.4484703 ], [ -104.5232017, 38.449843800000103 ], [ -104.5248224, 38.451465600000098 ], [ -104.5263491, 38.452974 ], [ -104.5278524, 38.4544700000001 ], [ -104.5293204, 38.455935400000101 ], [ -104.5308315, 38.457452900000099 ], [ -104.5323661, 38.4589519 ], [ -104.5338655, 38.4604631 ], [ -104.5355566, 38.462161400000099 ], [ -104.5372361, 38.4638105000001 ], [ -104.5387589, 38.465330800000103 ], [ -104.5402935, 38.466881800000102 ], [ -104.5418829, 38.4684082 ], [ -104.5426658, 38.470164500000102 ], [ -104.5434684, 38.471975900000103 ], [ -104.5442513, 38.473784200000097 ], [ -104.5452339, 38.475957100000102 ], [ -104.5460286, 38.4777193 ], [ -104.546839, 38.4795182 ], [ -104.5476063, 38.4812620000001 ], [ -104.5484127, 38.4830762 ], [ -104.5492309, 38.484887200000102 ], [ -104.5500687, 38.4866982 ], [ -104.5509143, 38.4885 ], [ -104.551846, 38.4904979 ], [ -104.5527809, 38.4924971 ], [ -104.553682, 38.494376900000098 ], [ -104.5545119, 38.4960897 ], [ -104.5553693, 38.497857500000102 ], [ -104.5563205, 38.499735600000101 ], [ -104.557311, 38.501598300000097 ], [ -104.558274, 38.5033691 ], [ -104.5591165, 38.504964200000103 ], [ -104.5599065, 38.5064816 ], [ -104.5606816, 38.508059300000099 ], [ -104.5614446, 38.5096074 ], [ -104.5621927, 38.5111287 ], [ -104.5629091, 38.512645 ], [ -104.5648038, 38.512660400000101 ], [ -104.5668466, 38.5126818 ], [ -104.5696981, 38.5126968000001 ], [ -104.5721852, 38.512721800000101 ], [ -104.574474, 38.5127318 ], [ -104.57691, 38.5127619000001 ], [ -104.5794801, 38.5127869 ], [ -104.5822805, 38.512801900000099 ], [ -104.5849146, 38.5128269 ], [ -104.5872163, 38.5128469 ], [ -104.5900806, 38.5128719000001 ], [ -104.5926891, 38.5128919 ], [ -104.5952785, 38.512906900000097 ], [ -104.598098, 38.5129219 ], [ -104.600438, 38.5129219 ], [ -104.6026502, 38.5128519 ], [ -104.605425, 38.512801900000099 ], [ -104.6072035, 38.5127257 ], [ -104.6098922, 38.512675600000101 ], [ -104.6110364, 38.512631 ], [ -104.6138824, 38.5125619 ], [ -104.615952, 38.512522100000098 ], [ -104.6189239, 38.5124467 ], [ -104.6207632, 38.5123922000001 ], [ -104.623221, 38.5123357 ], [ -104.6260001, 38.512251900000102 ], [ -104.6279225, 38.5122121 ], [ -104.6296788, 38.512163900000097 ], [ -104.6316547, 38.512119900000101 ], [ -104.6341661, 38.5120507 ], [ -104.6369746, 38.511975300000103 ], [ -104.6390255, 38.5119271 ], [ -104.6412771, 38.5118685 ], [ -104.6437082, 38.5118308 ], [ -104.6462409, 38.5118412 ], [ -104.6481553, 38.5118475 ], [ -104.6500749, 38.511858000000103 ], [ -104.651941, 38.5118727 ], [ -104.6546853, 38.511887300000097 ], [ -104.6565113, 38.511902 ], [ -104.6596813, 38.5119271 ], [ -104.6616518, 38.5119334 ], [ -104.6636786, 38.5119418 ], [ -104.6664764, 38.5119565 ], [ -104.6690423, 38.5119742 ], [ -104.6713305, 38.5119842 ], [ -104.6730626, 38.512007600000103 ], [ -104.67716, 38.512021 ], [ -104.6791915, 38.5120378 ], [ -104.6814968, 38.5120411 ], [ -104.6835626, 38.512061200000097 ], [ -104.6864324, 38.5120846 ], [ -104.6882715, 38.512077900000101 ], [ -104.690452, 38.5120841 ], [ -104.6905051, 38.514568600000104 ], [ -104.6904917, 38.516864 ], [ -104.6903772, 38.519423200000098 ], [ -104.6904166, 38.5225672 ], [ -104.6903597, 38.523942400000102 ], [ -104.6903685, 38.5259265 ], [ -104.6904034, 38.5278729 ], [ -104.6904384, 38.5295867 ], [ -104.6904253, 38.5310815 ], [ -104.6904472, 38.5324053 ], [ -104.6904012, 38.533516900000102 ], [ -104.6904395, 38.5358728 ], [ -104.690434, 38.5383525 ], [ -104.6904231, 38.5408065 ], [ -104.6904231, 38.5433288 ], [ -104.6904504, 38.5457537 ], [ -104.6904846, 38.5469827000001 ], [ -104.6904504, 38.5490506 ], [ -104.6905397, 38.5513408 ], [ -104.6906438, 38.553291800000103 ], [ -104.6894797, 38.555637600000097 ], [ -104.689565248, 38.557448353 ], [ -104.689546234, 38.558474302 ], [ -104.68721075, 38.558538481 ], [ -104.687219918, 38.561936212 ], [ -104.689503451, 38.56193863 ], [ -104.689774407, 38.561429399000097 ], [ -104.690542407, 38.561174435000098 ] ] ] } },
{ "type": "Feature", "properties": { "objectid": "73819", "id": "206037", "type": "AC; OVERHEAD", "status": "NOT AVAILABLE", "naics_code": "221121", "naics_desc": "ELECTRIC BULK POWER TRANSMISSION AND CONTROL", "source": "IMAGERY", "sourcedate": "2016-01-14T18:00:00-07:00", "val_method": "IMAGERY", "val_date": "2016-01-14T18:00:00-07:00", "owner": "WAPA-- WESTERN AREA POWER ADMINISTRATION", "voltage": 230.0, "volt_class": "220-287", "inferred": "Y", "sub_1": "UNKNOWN202204", "sub_2": "CURECANTI", "shape_lengt": 3823.2208671060998, "globalid": "01ba8906-4ef9-477d-a845-0c843b2a0b7e", "STATEFP": "08", "STATENS": "01779779", "AFFGEOID": "0400000US08", "GEOID": "08", "STUSPS": "CO", "NAME": "Colorado", "LSAD": "00", "ALAND": 268422891711, "AWATER": 1181621593 }, "geometry": { "type": "MultiLineString", "coordinates": [ [ [ -107.545438859, 38.452218318000099 ], [ -107.545367953, 38.452180904 ], [ -107.545139525, 38.451122044 ], [ -107.544987239, 38.450146465 ], [ -107.545227565, 38.449192301 ], [ -107.547509468, 38.44769562 ], [ -107.547497571, 38.445487480000097 ], [ -107.547490432, 38.444135946000102 ], [ -107.547480915, 38.442539328000102 ], [ -107.546036582, 38.439907644000101 ], [ -107.545441716, 38.438839266000102 ], [ -107.54489444, 38.437839892000099 ], [ -107.544111598, 38.437073706 ], [ -107.542438837, 38.435603199000099 ], [ -107.537608531, 38.431205955 ], [ -107.537035081, 38.430594434000099 ], [ -107.536447354, 38.429909149 ], [ -107.535638337, 38.429468949000103 ], [ -107.535595, 38.429384 ] ] ] } },
{ "type": "Feature", "properties": { "objectid": "70192", "id": "201952", "type": "AC; OVERHEAD", "status": "NOT AVAILABLE", "naics_code": "221121", "naics_desc": "ELECTRIC BULK POWER TRANSMISSION AND CONTROL", "source": "Regional Map", "sourcedate": "2015-07-08T20:00:00-06:00", "val_method": "IMAGERY/OTHER", "val_date": "2015-07-08T20:00:00-06:00", "owner": "TRI-STATE G & T ASSN, INC", "voltage": 230.0, "volt_class": "220-287", "inferred": "N", "sub_1": "UNKNOWN203882", "sub_2": "UNKNOWN203881", "shape_lengt": 16958.050739932001, "globalid": "458fab50-260f-418b-8d9f-0df43645bb2b", "STATEFP": "08", "STATENS": "01779779", "AFFGEOID": "0400000US08", "GEOID": "08", "STUSPS": "CO", "NAME": "Colorado", "LSAD": "00", "ALAND": 268422891711, "AWATER": 1181621593 }, "geometry": { "type": "MultiLineString", "coordinates": [ [ [ -108.321217737, 39.9500703960001 ], [ -108.321577624, 39.949582021 ], [ -108.320588876, 39.948988021 ], [ -108.319200826, 39.948160787000099 ], [ -108.315531051, 39.945959638 ], [ -108.313995641, 39.944428996000099 ], [ -108.312721677, 39.943044100000101 ], [ -108.311395424, 39.941630019000101 ], [ -108.3093799, 39.939446883000102 ], [ -108.307892025, 39.937795818 ], [ -108.304488451, 39.934099911 ], [ -108.302339826, 39.933884857000102 ], [ -108.293441097, 39.93302828 ], [ -108.292005512, 39.932897058 ], [ -108.290945461, 39.9293722130001 ], [ -108.289353006, 39.924122883 ], [ -108.286619689, 39.922402182 ], [ -108.28470399, 39.921180895000099 ], [ -108.28232244, 39.919660636000103 ], [ -108.279993178, 39.918184093 ], [ -108.278229595, 39.917072107 ], [ -108.276846299, 39.9162007360001 ], [ -108.272078444, 39.913145379000099 ], [ -108.270405178, 39.91209165 ], [ -108.268498987, 39.910844656 ], [ -108.265741902, 39.909083512 ], [ -108.262476183, 39.906997791 ], [ -108.260897989, 39.906002311000101 ], [ -108.256942998, 39.903486199 ], [ -108.24957968, 39.898789209 ], [ -108.245786312, 39.896338478000096 ], [ -108.242392245, 39.894168486000098 ], [ -108.237058712, 39.891020964000099 ], [ -108.232580826, 39.888387584 ], [ -108.226919296, 39.885017295000097 ], [ -108.221951789, 39.882102809000102 ], [ -108.215501161, 39.878250683 ], [ -108.210623973, 39.878301754000098 ], [ -108.210573456, 39.877781251 ] ] ] } },
{ "type": "Feature", "properties": { "objectid": "70067", "id": "201826", "type": "AC; OVERHEAD", "status": "NOT AVAILABLE", "naics_code": "221121", "naics_desc": "ELECTRIC BULK POWER TRANSMISSION AND CONTROL", "source": "IMAGERY", "sourcedate": "2014-07-07T20:00:00-06:00", "val_method": "IMAGERY", "val_date": "2014-07-07T20:00:00-06:00", "owner": "TRI-STATE G & T ASSN, INC", "voltage": 230.0, "volt_class": "220-287", "inferred": "Y", "sub_1": "BOONE", "sub_2": "LAMAR HVDC TIE", "shape_lengt": 202591.57427465901, "globalid": "7e9d66c4-9e68-4eaf-a080-102c52977ec0", "STATEFP": "08", "STATENS": "01779779", "AFFGEOID": "0400000US08", "GEOID": "08", "STUSPS": "CO", "NAME": "Colorado", "LSAD": "00", "ALAND": 268422891711, "AWATER": 1181621593 }, "geometry": { "type": "MultiLineString", "coordinates": [ [ [ -104.224042, 38.255807 ], [ -104.2242503, 38.256279200000101 ], [ -104.2239895, 38.256839500000098 ], [ -104.2240007, 38.2589189 ], [ -104.2239876, 38.260885700000102 ], [ -104.2219456, 38.2624737 ], [ -104.2199122, 38.264054900000097 ], [ -104.2178137, 38.265689000000101 ], [ -104.2156239, 38.267404800000101 ], [ -104.2133203, 38.269208600000098 ], [ -104.2109216, 38.271074300000102 ], [ -104.2086695, 38.272821500000099 ], [ -104.206413, 38.2746 ], [ -104.2043208, 38.276221500000098 ], [ -104.2020332, 38.277999900000097 ], [ -104.1996167, 38.2798899000001 ], [ -104.1973691, 38.2816264000001 ], [ -104.1948558, 38.283584500000103 ], [ -104.1932735, 38.284823700000103 ], [ -104.1916389, 38.286078900000099 ], [ -104.1899331, 38.2874283 ], [ -104.1881047, 38.2888370000001 ], [ -104.1861414, 38.290378100000098 ], [ -104.1845467, 38.291608800000098 ], [ -104.1815838, 38.291654100000102 ], [ -104.1787987, 38.291692500000103 ], [ -104.1758848, 38.2917308 ], [ -104.1725266, 38.2917761 ], [ -104.169084, 38.2918145 ], [ -104.1656859, 38.2918633 ], [ -104.1632117, 38.2918947000001 ], [ -104.1600756, 38.291947 ], [ -104.1568152, 38.291988800000098 ], [ -104.1536258, 38.2920306 ], [ -104.1509295, 38.2920585 ], [ -104.1477313, 38.2921178 ], [ -104.1447996, 38.2921492 ], [ -104.1418412, 38.292187500000097 ], [ -104.1386203, 38.2922226 ], [ -104.1355504, 38.2922629 ], [ -104.1326924, 38.292308300000101 ], [ -104.1297637, 38.292353600000098 ], [ -104.1269507, 38.2923889 ], [ -104.1235474, 38.2924301 ], [ -104.1203705, 38.2924702 ], [ -104.1169923, 38.2925257 ], [ -104.1137746, 38.292561 ], [ -104.110679, 38.292596300000099 ], [ -104.1075641, 38.2926416 ], [ -104.1044042, 38.292692 ], [ -104.1013022, 38.2927324 ], [ -104.0980717, 38.292782800000097 ], [ -104.0948026, 38.292818000000103 ], [ -104.0915657, 38.2928634 ], [ -104.088637, 38.292898700000102 ], [ -104.0851882, 38.2929541 ], [ -104.0820925, 38.292989400000103 ], [ -104.0787849, 38.2930348 ], [ -104.0755673, 38.293075100000102 ], [ -104.072401, 38.2931104 ], [ -104.0692797, 38.2931457 ], [ -104.0659785, 38.293191100000101 ], [ -104.0626581, 38.293246500000102 ], [ -104.0595817, 38.2932717 ], [ -104.0566017, 38.2933120000001 ], [ -104.0542896, 38.293342300000099 ], [ -104.0510013, 38.293387600000102 ], [ -104.0481368, 38.293407800000097 ], [ -104.0455422, 38.2934633 ], [ -104.0426199, 38.293483400000099 ], [ -104.0394247, 38.2935363 ], [ -104.0362328, 38.293566600000098 ], [ -104.033317, 38.2937581 ], [ -104.0302277, 38.293957200000101 ], [ -104.0271835, 38.294143700000099 ], [ -104.0237764, 38.294358 ], [ -104.0206036, 38.294557100000098 ], [ -104.0177553, 38.294738500000101 ], [ -104.0145483, 38.2949376 ], [ -104.0115903, 38.2951316 ], [ -104.0084126, 38.295336200000101 ], [ -104.0048712, 38.2955517 ], [ -104.0018856, 38.2957456 ], [ -103.9993051, 38.2959072 ], [ -103.9960793, 38.296122700000097 ], [ -103.9929429, 38.296322 ], [ -103.9896485, 38.2965266 ], [ -103.9866149, 38.2967152 ], [ -103.9833618, 38.2969091000001 ], [ -103.9807949, 38.2970814 ], [ -103.9777476, 38.2972592 ], [ -103.9749269, 38.2974369 ], [ -103.9716403, 38.297646300000103 ], [ -103.968544, 38.2978368 ], [ -103.9650401, 38.298065300000097 ], [ -103.9623904, 38.2982595 ], [ -103.9595368, 38.298236700000103 ], [ -103.9570326, 38.2982557 ], [ -103.9543246, 38.298271 ], [ -103.9516603, 38.298278600000103 ], [ -103.9485641, 38.298297600000097 ], [ -103.9458512, 38.298309000000103 ], [ -103.9435169, 38.2983243 ], [ -103.9418183, 38.2983395 ], [ -103.9401246, 38.298335700000102 ], [ -103.9368828, 38.2983471000001 ], [ -103.9340049, 38.2983624 ], [ -103.9310203, 38.2983928 ], [ -103.9280891, 38.298400500000099 ], [ -103.9249298, 38.298408100000103 ], [ -103.9219534, 38.2984174 ], [ -103.9185854, 38.298433900000099 ], [ -103.9154138, 38.2984615 ], [ -103.9123755, 38.298472500000102 ], [ -103.9091408, 38.298489000000103 ], [ -103.9060674, 38.2985 ], [ -103.9030081, 38.298516500000098 ], [ -103.8997383, 38.2985276 ], [ -103.8967772, 38.2985331 ], [ -103.8937179, 38.2985606 ], [ -103.8904341, 38.2985551 ], [ -103.8873186, 38.2985826 ], [ -103.884126, 38.298593600000103 ], [ -103.8810667, 38.2986102 ], [ -103.8779723, 38.298621200000099 ], [ -103.8751235, 38.2986377 ], [ -103.8723939, 38.2986432000001 ], [ -103.8695381, 38.2985771 ], [ -103.8662893, 38.2985055 ], [ -103.8629704, 38.2984174 ], [ -103.8599813, 38.2983513 ], [ -103.856515, 38.2982742 ], [ -103.8534416, 38.2981971 ], [ -103.850249, 38.298114500000104 ], [ -103.8471827, 38.298031900000097 ], [ -103.8444251, 38.2979549 ], [ -103.8414078, 38.2978943 ], [ -103.838531, 38.2978227 ], [ -103.8355769, 38.297756600000099 ], [ -103.8328456, 38.297691900000103 ], [ -103.8299135, 38.2976968 ], [ -103.8270159, 38.2977046 ], [ -103.8239149, 38.297708500000098 ], [ -103.8206055, 38.2977162 ], [ -103.8173209, 38.2977279 ], [ -103.8142497, 38.2977435 ], [ -103.8112033, 38.297763 ], [ -103.8077996, 38.2977669 ], [ -103.8045746, 38.2977669 ], [ -103.8012999, 38.2977863 ], [ -103.7980997, 38.297790200000101 ], [ -103.794959, 38.2978019 ], [ -103.7916148, 38.2978175000001 ], [ -103.7884841, 38.297825300000099 ], [ -103.7853645, 38.2978275 ], [ -103.7821637, 38.297847400000101 ], [ -103.7789629, 38.297851400000098 ], [ -103.77562, 38.2978673000001 ], [ -103.7724801, 38.2978793 ], [ -103.7693503, 38.2978793 ], [ -103.7661799, 38.297887300000099 ], [ -103.7631516, 38.2978952 ], [ -103.7600471, 38.2979032000001 ], [ -103.757105, 38.297915100000097 ], [ -103.7556289, 38.2979271 ], [ -103.754097, 38.2979231 ], [ -103.7508911, 38.297931 ], [ -103.7483801, 38.297939 ], [ -103.7453873, 38.2979509 ], [ -103.7426329, 38.2979509 ], [ -103.7398125, 38.2979549 ], [ -103.7373066, 38.297966900000098 ], [ -103.7347805, 38.2979709 ], [ -103.7318536, 38.298038500000096 ], [ -103.7285158, 38.298102200000102 ], [ -103.7254215, 38.2981659000001 ], [ -103.7221446, 38.298225600000102 ], [ -103.7189235, 38.298297300000101 ], [ -103.7159205, 38.298345100000098 ], [ -103.7127045, 38.298420700000101 ], [ -103.7094022, 38.298480400000102 ], [ -103.7062166, 38.2985441000001 ], [ -103.7029701, 38.298611800000103 ], [ -103.6997947, 38.298675500000101 ], [ -103.6964265, 38.298747100000099 ], [ -103.6933322, 38.298798900000101 ], [ -103.6901009, 38.2988546 ], [ -103.6867987, 38.2989223000001 ], [ -103.6836689, 38.298986 ], [ -103.680676, 38.299033800000103 ], [ -103.6774093, 38.299113400000103 ], [ -103.6737316, 38.299173100000097 ], [ -103.6710736, 38.299185000000101 ], [ -103.6678981, 38.299193000000102 ], [ -103.664535, 38.299220900000101 ], [ -103.6615827, 38.2992288 ], [ -103.6581891, 38.2992448 ], [ -103.6550593, 38.299252700000103 ], [ -103.651823, 38.2992806 ], [ -103.6486805, 38.2992854 ], [ -103.6455455, 38.2992976 ], [ -103.6423561, 38.2993057 ], [ -103.6406913, 38.299318 ], [ -103.6390396, 38.2993241 ], [ -103.6358372, 38.299344400000102 ], [ -103.6325881, 38.2993485000001 ], [ -103.6293546, 38.299362700000103 ], [ -103.6261184, 38.2993831 ], [ -103.6229446, 38.2993932 ], [ -103.619864, 38.2994014000001 ], [ -103.6167109, 38.2994156 ], [ -103.6135033, 38.299425800000101 ], [ -103.6104746, 38.2994360000001 ], [ -103.6075211, 38.2994462 ], [ -103.6042617, 38.2994645 ], [ -103.6009867, 38.299476700000099 ], [ -103.5977791, 38.2994808 ], [ -103.594517, 38.299495 ], [ -103.5929379, 38.2995031 ], [ -103.591382, 38.299505200000098 ], [ -103.5881174, 38.299519400000101 ], [ -103.584915, 38.2995296 ], [ -103.5817904, 38.2995459 ], [ -103.5787176, 38.2995499 ], [ -103.5756708, 38.299562100000102 ], [ -103.5724088, 38.2995784 ], [ -103.5692219, 38.299592700000098 ], [ -103.5660506, 38.299604900000098 ], [ -103.5627678, 38.299611 ], [ -103.5595862, 38.2996232 ], [ -103.5565575, 38.2996334 ], [ -103.553254, 38.299643500000101 ], [ -103.550036, 38.2996619 ], [ -103.5467529, 38.2996715 ], [ -103.5435928, 38.299692300000103 ], [ -103.540788, 38.299696400000101 ], [ -103.5381582, 38.299692300000103 ], [ -103.5360798, 38.2984148 ], [ -103.5338953, 38.297041700000101 ], [ -103.5317267, 38.2956935 ], [ -103.5296483, 38.2944118 ], [ -103.5271616, 38.2944118 ], [ -103.5244045, 38.2944118 ], [ -103.5213664, 38.2943951 ], [ -103.518217, 38.2944201 ], [ -103.5152902, 38.2944035 ], [ -103.51204, 38.2944035 ], [ -103.5087792, 38.294399300000102 ], [ -103.5056616, 38.2944035 ], [ -103.5024167, 38.2944118 ], [ -103.499315, 38.294407600000099 ], [ -103.4961496, 38.2944118 ], [ -103.4932334, 38.2944035 ], [ -103.4900946, 38.2944035 ], [ -103.4868868, 38.2944035 ], [ -103.4838169, 38.294399300000102 ], [ -103.4807523, 38.294399300000102 ], [ -103.4775127, 38.294407600000099 ], [ -103.4743773, 38.2944093 ], [ -103.4713377, 38.2943942 ], [ -103.4682292, 38.2943942 ], [ -103.4651014, 38.2943942 ], [ -103.462012, 38.2943942 ], [ -103.4587577, 38.294364200000103 ], [ -103.455676, 38.2943852000001 ], [ -103.4525214, 38.294391200000099 ], [ -103.4493132, 38.2943882000001 ], [ -103.4477493, 38.2943882000001 ], [ -103.4462314, 38.2943882000001 ], [ -103.4430193, 38.2943792 ], [ -103.4399222, 38.2943762 ], [ -103.4367561, 38.2943822 ], [ -103.4336897, 38.294364200000103 ], [ -103.4307728, 38.294364200000103 ], [ -103.428105, 38.2943612 ], [ -103.42528, 38.294400300000099 ], [ -103.42216, 38.2944424 ], [ -103.419047, 38.2944627 ], [ -103.4160656, 38.294501 ], [ -103.4127318, 38.2945478 ], [ -103.4094957, 38.2945734 ], [ -103.4063245, 38.294615900000103 ], [ -103.403251, 38.294632900000103 ], [ -103.4001341, 38.294679700000103 ], [ -103.3971798, 38.2947137 ], [ -103.3938569, 38.294739300000103 ], [ -103.3907671, 38.2947648 ], [ -103.3874875, 38.294811600000102 ], [ -103.3843056, 38.2948456 ], [ -103.3810802, 38.2948797 ], [ -103.3777682, 38.294918 ], [ -103.3744507, 38.294947700000101 ], [ -103.3720601, 38.294986000000101 ], [ -103.3707375, 38.2950158 ], [ -103.3693918, 38.295005800000098 ], [ -103.3672757, 38.2950335 ], [ -103.3645639, 38.2950212000001 ], [ -103.3615895, 38.2950458 ], [ -103.3584036, 38.2950193 ], [ -103.3551615, 38.2950367 ], [ -103.3518972, 38.2950324 ], [ -103.3486275, 38.295028 ], [ -103.3453577, 38.295041100000098 ], [ -103.3421433, 38.2950367 ], [ -103.3389345, 38.2950324 ], [ -103.3356536, 38.295049800000101 ], [ -103.3323894, 38.295041100000098 ], [ -103.3290919, 38.2950454 ], [ -103.3257889, 38.2950324 ], [ -103.3225246, 38.2950454 ], [ -103.3192216, 38.2950454 ], [ -103.3159241, 38.295041100000098 ], [ -103.3128649, 38.2950454 ], [ -103.3095508, 38.2950454 ], [ -103.3063143, 38.2950628 ], [ -103.3030833, 38.2950585 ], [ -103.3005007, 38.295023700000101 ], [ -103.2973584, 38.2950846 ], [ -103.2941939, 38.2951063 ], [ -103.2909962, 38.295115000000102 ], [ -103.2877929, 38.295132400000099 ], [ -103.2846839, 38.295141100000102 ], [ -103.2814473, 38.2951803 ], [ -103.278233, 38.2951890000001 ], [ -103.2749299, 38.2952151000001 ], [ -103.2717211, 38.2952325 ], [ -103.2684126, 38.295258600000103 ], [ -103.2651151, 38.2952847 ], [ -103.2622277, 38.2952934 ], [ -103.2594426, 38.2953042 ], [ -103.2566492, 38.295317500000102 ], [ -103.2543375, 38.295317500000102 ], [ -103.2512892, 38.295197400000099 ], [ -103.2485072, 38.295068500000099 ], [ -103.2457309, 38.2949351 ], [ -103.2429376, 38.294797200000097 ], [ -103.2401669, 38.294654900000097 ], [ -103.2372489, 38.294508200000102 ], [ -103.2346086, 38.2943347 ], [ -103.2317133, 38.2944103 ], [ -103.2284384, 38.2944459 ], [ -103.2251181, 38.2944593 ], [ -103.2220245, 38.2944904 ], [ -103.2186589, 38.294526 ], [ -103.2156162, 38.294548200000101 ], [ -103.21233, 38.294579300000102 ], [ -103.2092704, 38.294601600000099 ], [ -103.206324, 38.2946371 ], [ -103.2030151, 38.294668300000097 ], [ -103.1998252, 38.294699400000098 ], [ -103.1967089, 38.294730500000099 ], [ -103.1935388, 38.294752700000103 ], [ -103.1902638, 38.2947794 ], [ -103.1869606, 38.2948017000001 ], [ -103.1839293, 38.2948417 ], [ -103.180864, 38.2948595 ], [ -103.178014, 38.2948906 ], [ -103.175589, 38.294912800000098 ], [ -103.1723423, 38.294948400000102 ], [ -103.1702743, 38.2949662 ], [ -103.1672373, 38.295046200000101 ], [ -103.164359, 38.295135200000097 ], [ -103.16139, 38.295233000000103 ], [ -103.158438, 38.2953086 ], [ -103.1553558, 38.2953975 ], [ -103.1522848, 38.295499800000101 ], [ -103.1492593, 38.295513 ], [ -103.1462066, 38.295553900000101 ], [ -103.1445498, 38.295563000000101 ], [ -103.1428641, 38.295567500000097 ], [ -103.1396202, 38.295599300000099 ], [ -103.1365501, 38.2956266 ], [ -103.1332598, 38.295663 ], [ -103.1304214, 38.2956903 ], [ -103.1272122, 38.295726600000101 ], [ -103.1240957, 38.295735700000101 ], [ -103.1212109, 38.295753900000101 ], [ -103.118442, 38.2957903000001 ], [ -103.1150938, 38.295826700000099 ], [ -103.1124002, 38.2958539 ], [ -103.109052, 38.2958721 ], [ -103.105976, 38.295913 ], [ -103.1027495, 38.2959403 ], [ -103.0994186, 38.2959721 ], [ -103.0961631, 38.296004 ], [ -103.0929076, 38.296022100000101 ], [ -103.0899823, 38.296049400000101 ], [ -103.0871033, 38.296072100000103 ], [ -103.0841432, 38.296113100000099 ], [ -103.0814727, 38.2961403 ], [ -103.0786401, 38.2961403 ], [ -103.0755873, 38.2961494 ], [ -103.0724998, 38.2961267 ], [ -103.0694007, 38.296144900000101 ], [ -103.0663305, 38.296131300000098 ], [ -103.0630924, 38.296104 ], [ -103.0597442, 38.296113100000099 ], [ -103.0569753, 38.296099400000102 ], [ -103.0536676, 38.296090300000103 ], [ -103.05036, 38.296099400000102 ], [ -103.0471797, 38.2960858000001 ], [ -103.0436809, 38.2960585000001 ], [ -103.040773, 38.296072100000103 ], [ -103.0377202, 38.2960585000001 ], [ -103.03633, 38.296042800000102 ], [ -103.0348612, 38.296052100000097 ], [ -103.0317757, 38.296042800000102 ], [ -103.028471, 38.2960335000001 ], [ -103.025421, 38.296019600000101 ], [ -103.0236976, 38.2953689 ], [ -103.020997, 38.2943137 ], [ -103.0183912, 38.2932912 ], [ -103.015584, 38.292189500000099 ], [ -103.0129308, 38.2911623 ], [ -103.0102776, 38.2901211000001 ], [ -103.0074408, 38.2890194 ], [ -103.0045685, 38.2879084 ], [ -103.0015896, 38.286737000000102 ], [ -102.9992325, 38.2858119 ], [ -102.9964371, 38.2847288 ], [ -102.9936063, 38.283636300000097 ], [ -102.9907458, 38.282516 ], [ -102.9880334, 38.2814421 ], [ -102.9851788, 38.280335700000101 ], [ -102.9824071, 38.2792571 ], [ -102.9794815, 38.2781041000001 ], [ -102.9766506, 38.2770116 ], [ -102.9738731, 38.275923700000099 ], [ -102.9710481, 38.274807800000097 ], [ -102.9682409, 38.2737152 ], [ -102.9653449, 38.2725854 ], [ -102.9623719, 38.271437 ], [ -102.9597009, 38.270400100000103 ], [ -102.9569589, 38.269316800000098 ], [ -102.9542998, 38.268270600000101 ], [ -102.9513445, 38.267122100000101 ], [ -102.9488157, 38.266154900000103 ], [ -102.9463283, 38.2651506 ], [ -102.9434264, 38.2651599000001 ], [ -102.9404297, 38.2651645 ], [ -102.9370954, 38.2651599000001 ], [ -102.9339092, 38.2651599000001 ], [ -102.930871, 38.2651552 ], [ -102.927744, 38.2651599000001 ], [ -102.924694, 38.2651459 ], [ -102.9215256, 38.265169200000102 ], [ -102.9184652, 38.2651595 ], [ -102.9153651, 38.265145200000099 ], [ -102.9121924, 38.265154800000097 ], [ -102.9090136, 38.2651595 ], [ -102.9058893, 38.2651405 ], [ -102.9027469, 38.265131 ], [ -102.8995802, 38.265121500000099 ], [ -102.8966073, 38.265107200000102 ], [ -102.89338, 38.2651167000001 ], [ -102.8901892, 38.265112 ], [ -102.8870891, 38.2651167000001 ], [ -102.8839224, 38.2651167000001 ], [ -102.8808284, 38.265112 ], [ -102.8776133, 38.265112 ], [ -102.876033, 38.2651167000001 ], [ -102.8744587, 38.265097700000098 ], [ -102.8713708, 38.265097700000098 ], [ -102.8682586, 38.265107200000102 ], [ -102.8652009, 38.265093 ], [ -102.8619495, 38.2650882 ], [ -102.8587586, 38.265078700000103 ], [ -102.8555737, 38.2650692 ], [ -102.8524616, 38.265073900000097 ], [ -102.8493312, 38.265073900000097 ], [ -102.8462433, 38.265073900000097 ], [ -102.8430342, 38.2650692 ], [ -102.8398312, 38.2650834 ], [ -102.8366706, 38.265054900000102 ], [ -102.8335281, 38.265054900000102 ], [ -102.8303433, 38.265050200000097 ], [ -102.8270374, 38.2650407 ], [ -102.8241916, 38.265050200000097 ], [ -102.8208796, 38.265026400000103 ], [ -102.817713, 38.265031200000102 ], [ -102.8143889, 38.2650169 ], [ -102.8113857, 38.265031200000102 ], [ -102.8080979, 38.2650121 ], [ -102.8049494, 38.2650121 ], [ -102.8016066, 38.2650088 ], [ -102.798814, 38.2650088 ], [ -102.7953823, 38.2650157 ], [ -102.792362, 38.2650088 ], [ -102.7889916, 38.265001900000101 ], [ -102.7859713, 38.265001900000101 ], [ -102.7826884, 38.2649882 ], [ -102.7800183, 38.265001900000101 ], [ -102.7768318, 38.2649882 ], [ -102.7734438, 38.264960700000103 ], [ -102.7702922, 38.2649813 ], [ -102.7674383, 38.26494 ], [ -102.7642955, 38.264967500000097 ], [ -102.7615204, 38.264967500000097 ], [ -102.7587102, 38.2649469 ], [ -102.7555499, 38.264926300000099 ], [ -102.7524246, 38.264926300000099 ], [ -102.749308, 38.2649057 ], [ -102.7461127, 38.2649125 ], [ -102.7430399, 38.2648988 ], [ -102.7414816, 38.2649057 ], [ -102.7399584, 38.2649125 ], [ -102.736798, 38.2648851000001 ], [ -102.7335239, 38.2648713 ], [ -102.7303723, 38.2648713 ], [ -102.7271507, 38.264850700000103 ], [ -102.724183, 38.264850700000103 ], [ -102.7212415, 38.2648576 ], [ -102.7181687, 38.2648644000001 ], [ -102.7151397, 38.264823200000102 ], [ -102.7120057, 38.264850700000103 ], [ -102.7088716, 38.264823200000102 ], [ -102.7056763, 38.264816300000099 ], [ -102.7025422, 38.264788800000098 ], [ -102.6992243, 38.2647957 ], [ -102.6961077, 38.264788800000098 ], [ -102.6929649, 38.2647957 ], [ -102.6899184, 38.2647682 ], [ -102.6875197, 38.2647682 ], [ -102.6843068, 38.264775100000101 ], [ -102.6810904, 38.264764800000101 ], [ -102.6780842, 38.2647449 ], [ -102.6755496, 38.265475400000099 ], [ -102.6729548, 38.266213300000103 ], [ -102.6703726, 38.266958600000102 ], [ -102.667762, 38.267704 ], [ -102.6647527, 38.267704 ], [ -102.6620598, 38.2677189 ], [ -102.6588448, 38.2677189 ], [ -102.6556519, 38.2677387 ], [ -102.6523357, 38.2677487 ], [ -102.6492156, 38.267763600000102 ], [ -102.6460544, 38.267776 ], [ -102.6428077, 38.267781 ], [ -102.6396465, 38.267790900000101 ], [ -102.6366688, 38.2678009 ], [ -102.6345772, 38.267805800000097 ], [ -102.6315931, 38.2678133000001 ], [ -102.6285743, 38.267820700000101 ], [ -102.625353, 38.2678481 ], [ -102.6221981, 38.267858 ], [ -102.6189277, 38.2678615 ], [ -102.6156362, 38.2678562 ], [ -102.6125081, 38.2678808000001 ], [ -102.6093756, 38.2678984 ], [ -102.6061803, 38.2678913 ], [ -102.6028374, 38.2679124000001 ], [ -102.5997406, 38.2679265 ], [ -102.5964872, 38.2679335 ], [ -102.5934621, 38.267947600000099 ], [ -102.5902803, 38.2679616 ], [ -102.5887498, 38.2679616 ], [ -102.5872596, 38.2679546 ], [ -102.5842254, 38.2679651 ], [ -102.5811152, 38.267982700000097 ], [ -102.577911, 38.267982700000097 ], [ -102.5746755, 38.2679932 ], [ -102.5715027, 38.2680073000001 ], [ -102.5684104, 38.2680038 ], [ -102.5651615, 38.2680038 ], [ -102.5622034, 38.2680178 ], [ -102.5590932, 38.2680284 ], [ -102.5558748, 38.268038 ], [ -102.5525349, 38.268038 ], [ -102.5493323, 38.268095500000101 ], [ -102.5463035, 38.2680883 ], [ -102.5432015, 38.2681027 ], [ -102.5404149, 38.268101000000101 ], [ -102.5374968, 38.268106100000097 ], [ -102.5346045, 38.2681137000001 ], [ -102.5317608, 38.2681137000001 ], [ -102.5289397, 38.268129000000101 ], [ -102.5262546, 38.2681188 ], [ -102.5238185, 38.266698900000101 ], [ -102.5214956, 38.265378100000099 ], [ -102.5215636, 38.2630005 ], [ -102.5215571, 38.2603511 ], [ -102.5215538, 38.2577904 ], [ -102.521528, 38.255366900000098 ], [ -102.5215862, 38.252955900000103 ], [ -102.5215765, 38.2503544 ], [ -102.5215603, 38.247821400000099 ], [ -102.5215797, 38.2454203 ], [ -102.5215571, 38.2431107 ], [ -102.5215344, 38.2409611 ], [ -102.5214827, 38.238542100000103 ], [ -102.5214762, 38.236272900000102 ], [ -102.5214212, 38.2342247 ], [ -102.5214309, 38.232351800000103 ], [ -102.5214115, 38.2303239 ], [ -102.5214244, 38.228151 ], [ -102.5214083, 38.2255333 ], [ -102.5213436, 38.223055300000098 ], [ -102.52135, 38.2206738 ], [ -102.5213208, 38.217962500000098 ], [ -102.521314, 38.2159819 ], [ -102.522605, 38.2136151 ], [ -102.5237557, 38.211465100000098 ], [ -102.5249765, 38.209215700000101 ], [ -102.5276942, 38.208804100000101 ], [ -102.5302307, 38.2084007 ], [ -102.5302042, 38.207415700000098 ], [ -102.5301723, 38.206831900000097 ], [ -102.528818714, 38.206703459 ] ] ] } },
{ "type": "Feature", "properties": { "objectid": "70425", "id": "202186", "type": "AC; OVERHEAD", "status": "NOT AVAILABLE", "naics_code": "221121", "naics_desc": "ELECTRIC BULK POWER TRANSMISSION AND CONTROL", "source": "IMAGERY", "sourcedate": "2014-07-08T20:00:00-06:00", "val_method": "IMAGERY", "val_date": "2014-07-08T20:00:00-06:00", "owner": "PUBLIC SERVICE CO OF COLORADO", "voltage": 230.0, "volt_class": "220-287", "inferred": "Y", "sub_1": "SULPHUR", "sub_2": "LEMON GULCH", "shape_lengt": 7602.9795557873003, "globalid": "f57bffbc-6a66-4fd8-9a14-136e3dad8682", "STATEFP": "08", "STATENS": "01779779", "AFFGEOID": "0400000US08", "GEOID": "08", "STUSPS": "CO", "NAME": "Colorado", "LSAD": "00", "ALAND": 268422891711, "AWATER": 1181621593 }, "geometry": { "type": "MultiLineString", "coordinates": [ [ [ -104.782672652, 39.509459283000098 ], [ -104.782361773, 39.507818848 ], [ -104.791608458, 39.507814794000097 ], [ -104.80573067, 39.507822797000102 ], [ -104.812000734, 39.507779639 ], [ -104.811982898, 39.500502694 ], [ -104.812362526, 39.498468822000099 ], [ -104.812431053, 39.481798439 ], [ -104.814202254, 39.481805522000101 ], [ -104.814817127, 39.481522193 ], [ -104.815134615, 39.481459321 ] ] ] } },
{ "type": "Feature", "properties": { "objectid": "70423", "id": "202184", "type": "AC; OVERHEAD", "status": "NOT AVAILABLE", "naics_code": "221121", "naics_desc": "ELECTRIC BULK POWER TRANSMISSION AND CONTROL", "source": "IMAGERY", "sourcedate": "2014-07-08T20:00:00-06:00", "val_method": "IMAGERY", "val_date": "2014-07-08T20:00:00-06:00", "owner": "PUBLIC SERVICE CO OF COLORADO", "voltage": 230.0, "volt_class": "220-287", "inferred": "Y", "sub_1": "LEMON GULCH", "sub_2": "DANIELS PARK", "shape_lengt": 15455.795052068601, "globalid": "eccc8db5-845f-4100-9c5a-13c1c35ea0e9", "STATEFP": "08", "STATENS": "01779779", "AFFGEOID": "0400000US08", "GEOID": "08", "STUSPS": "CO", "NAME": "Colorado", "LSAD": "00", "ALAND": 268422891711, "AWATER": 1181621593 }, "geometry": { "type": "MultiLineString", "coordinates": [ [ [ -104.815134615, 39.481459321 ], [ -104.81493643, 39.481656774000101 ], [ -104.814257317, 39.481918853 ], [ -104.812614598, 39.481933019000103 ], [ -104.812522826, 39.498505726000097 ], [ -104.812119028, 39.500453114 ], [ -104.812128206, 39.507781884 ], [ -104.82082687, 39.507682757 ], [ -104.835022321, 39.50744266 ], [ -104.843534223, 39.507370624 ], [ -104.852497017, 39.507342612 ], [ -104.865318053, 39.507350615000099 ], [ -104.876562023, 39.507342613 ], [ -104.886052876, 39.507318721 ], [ -104.891238743, 39.502999285 ], [ -104.896378286, 39.498757416 ], [ -104.903225347, 39.492986822 ], [ -104.904016206, 39.493063644000102 ], [ -104.905058964, 39.493072439000102 ], [ -104.90505142, 39.494246447000101 ] ] ] } },
{ "type": "Feature", "properties": { "objectid": "70111", "id": "201870", "type": "AC; OVERHEAD", "status": "NOT AVAILABLE", "naics_code": "221121", "naics_desc": "ELECTRIC BULK POWER TRANSMISSION AND CONTROL", "source": "Regional Map", "sourcedate": "2014-07-09T20:00:00-06:00", "val_method": "IMAGERY/OTHER", "val_date": "2014-07-09T20:00:00-06:00", "owner": "TRI-STATE G & T ASSN, INC", "voltage": 230.0, "volt_class": "220-287", "inferred": "N", "sub_1": "STORY", "sub_2": "HENRY LAKE", "shape_lengt": 145585.11194466599, "globalid": "a1bf4182-1e6d-4eab-b360-19c2f3a45a7d", "STATEFP": "08", "STATENS": "01779779", "AFFGEOID": "0400000US08", "GEOID": "08", "STUSPS": "CO", "NAME": "Colorado", "LSAD": "00", "ALAND": 268422891711, "AWATER": 1181621593 }, "geometry": { "type": "MultiLineString", "coordinates": [ [ [ -103.589002921, 40.254822693000101 ], [ -103.588988425, 40.2525191470001 ], [ -103.589594509, 40.252510077000103 ], [ -103.589630732, 40.251668974 ], [ -103.589588566, 40.244237815000098 ], [ -103.589606393, 40.236313819 ], [ -103.589576683, 40.233183879000102 ], [ -103.590063926, 40.2303758830001 ], [ -103.590622473, 40.227291036000103 ], [ -103.592143624, 40.218707163 ], [ -103.593320138, 40.212123339000101 ], [ -103.594110423, 40.211415460000097 ], [ -103.597319099, 40.210358167 ], [ -103.603855293, 40.208297984000097 ], [ -103.612578138, 40.205457190000097 ], [ -103.623125176, 40.205457190000097 ], [ -103.637005672, 40.205416347 ], [ -103.651902249, 40.205343737000099 ], [ -103.665687673, 40.205271127000103 ], [ -103.672875108, 40.2020544330001 ], [ -103.679235418, 40.199200669 ], [ -103.680642482, 40.198554380000097 ], [ -103.682211169, 40.198038797 ], [ -103.711997191, 40.184886468000101 ], [ -103.733863727, 40.174463016000097 ], [ -103.756063013, 40.163870858 ], [ -103.762394801, 40.1608483750001 ], [ -103.764790613, 40.159758505000099 ], [ -103.765826896, 40.159228095000103 ], [ -103.771274516, 40.156626846000101 ], [ -103.777473203, 40.153604042 ], [ -103.79895945, 40.143401081 ], [ -103.817279804, 40.13461397 ], [ -103.822090441, 40.132309801000098 ], [ -103.844403814, 40.121616558 ], [ -103.867439733, 40.110623518000097 ], [ -103.888802388, 40.100297748000102 ], [ -103.90983229, 40.090304983000102 ], [ -103.928506786, 40.0813891660001 ], [ -103.944022519, 40.074012686000103 ], [ -103.94496373, 40.073154227 ], [ -103.947530671, 40.0722666570001 ], [ -103.966421456, 40.063179306000102 ], [ -103.979541377, 40.056848730000098 ], [ -103.980615689, 40.056273856000097 ], [ -103.981728031, 40.055735361000103 ], [ -103.984275958, 40.054571034 ], [ -104.005450386, 40.044440542000103 ], [ -104.008604854, 40.044447829 ], [ -104.026335762, 40.044404159000102 ], [ -104.030613996, 40.041063388000097 ], [ -104.042773692, 40.041019717 ], [ -104.045597327, 40.039192775000103 ], [ -104.059639445, 40.030355803000099 ], [ -104.066199405, 40.026198973000099 ], [ -104.072046327, 40.026155293000102 ], [ -104.080003844, 40.022391356000099 ], [ -104.093760747, 40.0158822430001 ], [ -104.094246723, 40.015780336 ], [ -104.094858827, 40.015647423000097 ], [ -104.095645547, 40.015853118000102 ], [ -104.114412739, 40.015787587 ], [ -104.132913729, 40.015751181 ], [ -104.153249606, 40.015678368000103 ], [ -104.177844704, 40.015583712000101 ], [ -104.198712984, 40.015438086000103 ], [ -104.219543236, 40.015408961 ], [ -104.240620674, 40.015387117 ], [ -104.262915032, 40.015365273 ], [ -104.289459104, 40.015372555 ], [ -104.313664407, 40.015387117 ], [ -104.335483407, 40.015365273 ], [ -104.358262631, 40.015357992000098 ], [ -104.376421363, 40.015310663 ], [ -104.390582321, 40.019133237000098 ], [ -104.414640264, 40.025587439 ], [ -104.422440912, 40.02560928 ], [ -104.45206056, 40.025685722000098 ], [ -104.486186615, 40.025718482000102 ], [ -104.519086243, 40.025729403000099 ], [ -104.552684649, 40.025762164000099 ], [ -104.584828455, 40.025729403000099 ], [ -104.617813648, 40.025882287000101 ], [ -104.651996746, 40.026242654 ], [ -104.685823325, 40.026133452000103 ], [ -104.71721131, 40.0260024090001 ], [ -104.748813207, 40.025871366 ], [ -104.750822377, 40.025863837 ], [ -104.753076888, 40.025665586000102 ], [ -104.755244527, 40.025681966 ], [ -104.755158962, 40.023705366000101 ], [ -104.755037746, 40.020773122 ], [ -104.754888007, 40.01782437 ], [ -104.754738269, 40.0169724840001 ], [ -104.754969833, 40.016444277000097 ] ] ] } },
{ "type": "Feature", "properties": { "objectid": "70445", "id": "202206", "type": "AC; OVERHEAD", "status": "NOT AVAILABLE", "naics_code": "221121", "naics_desc": "ELECTRIC BULK POWER TRANSMISSION AND CONTROL", "source": "Regional Map", "sourcedate": "2014-07-08T20:00:00-06:00", "val_method": "IMAGERY/OTHER", "val_date": "2014-07-08T20:00:00-06:00", "owner": "PUBLIC SERVICE CO OF COLORADO", "voltage": 230.0, "volt_class": "220-287", "inferred": "N", "sub_1": "SANTA FE", "sub_2": "ARAPAHOE", "shape_lengt": 21828.921396162899, "globalid": "c47a574d-fb92-48b3-907d-35f77fbf85bc", "STATEFP": "08", "STATENS": "01779779", "AFFGEOID": "0400000US08", "GEOID": "08", "STUSPS": "CO", "NAME": "Colorado", "LSAD": "00", "ALAND": 268422891711, "AWATER": 1181621593 }, "geometry": { "type": "MultiLineString", "coordinates": [ [ [ -105.041078524, 39.548168383000103 ], [ -105.041410864, 39.548320110000098 ], [ -105.042498952, 39.548335793 ], [ -105.042479799, 39.550270191 ], [ -105.041382168, 39.551406511 ], [ -105.041314389, 39.554845835 ], [ -105.048997853, 39.559255313000101 ], [ -105.053388401, 39.561658986 ], [ -105.047500226, 39.565332172000097 ], [ -105.043687457, 39.568503671 ], [ -105.040929508, 39.570872605 ], [ -105.036651329, 39.574497705 ], [ -105.030524259, 39.5797062500001 ], [ -105.029832426, 39.588156306 ], [ -105.02643844, 39.591024596000103 ], [ -105.026390663, 39.5957202640001 ], [ -105.025142901, 39.599985840000102 ], [ -105.02388047, 39.604294889000101 ], [ -105.025838353, 39.605966519000098 ], [ -105.026193441, 39.607888455000101 ], [ -105.026384259, 39.613327645 ], [ -105.023165736, 39.615528497000099 ], [ -105.021415423, 39.6167625 ], [ -105.020073109, 39.617846224000097 ], [ -105.0182065, 39.620834817000102 ], [ -105.018163448, 39.622622233000101 ], [ -105.018101724, 39.625834741 ], [ -105.01727676, 39.627662372 ], [ -105.016357728, 39.629489258 ], [ -105.015577319, 39.631302160000097 ], [ -105.0165971, 39.631581031000103 ], [ -105.022218754, 39.631610204 ], [ -105.024228276, 39.635944089000098 ], [ -105.023125475, 39.638377545 ], [ -105.02115978, 39.640187218000101 ], [ -105.021012577, 39.644059054 ], [ -105.02096645, 39.645649258 ], [ -105.020437138, 39.646054279000097 ], [ -105.017657278, 39.646078502000101 ], [ -105.016736182, 39.650137986000097 ], [ -105.014355313, 39.65186663 ], [ -105.014180201, 39.655376545 ], [ -105.012529865, 39.65685088 ], [ -105.008212378, 39.660188466000101 ], [ -105.00838149, 39.663724635000101 ], [ -105.005743792, 39.667231046 ], [ -105.004483834, 39.668119609 ], [ -105.00436114, 39.668610242000099 ], [ -105.003102905, 39.6688826930001 ] ] ] } },
{ "type": "Feature", "properties": { "objectid": "70415", "id": "202176", "type": "AC; OVERHEAD", "status": "NOT AVAILABLE", "naics_code": "221121", "naics_desc": "ELECTRIC BULK POWER TRANSMISSION AND CONTROL", "source": "Regional Map", "sourcedate": "2014-07-08T20:00:00-06:00", "val_method": "IMAGERY/OTHER", "val_date": "2014-07-08T20:00:00-06:00", "owner": "PUBLIC SERVICE CO OF COLORADO", "voltage": 230.0, "volt_class": "220-287", "inferred": "N", "sub_1": "DENVER TERMINAL", "sub_2": "UNDERGROUND TAP", "shape_lengt": 487.44794508870001, "globalid": "c5b4d6d3-2faa-4863-841a-37180cc9eb3c", "STATEFP": "08", "STATENS": "01779779", "AFFGEOID": "0400000US08", "GEOID": "08", "STUSPS": "CO", "NAME": "Colorado", "LSAD": "00", "ALAND": 268422891711, "AWATER": 1181621593 }, "geometry": { "type": "MultiLineString", "coordinates": [ [ [ -105.019262262, 39.737387244 ], [ -105.018049643, 39.736829671000102 ], [ -105.016665105, 39.735135041 ], [ -105.016402444, 39.735135041 ], [ -105.016336174, 39.735076669000101 ] ] ] } },
{ "type": "Feature", "properties": { "objectid": "74669", "id": "206961", "type": "AC; OVERHEAD", "status": "NOT AVAILABLE", "naics_code": "221121", "naics_desc": "ELECTRIC BULK POWER TRANSMISSION AND CONTROL", "source": "IMAGERY", "sourcedate": "2016-01-06T18:00:00-07:00", "val_method": "IMAGERY", "val_date": "2016-01-06T18:00:00-07:00", "owner": "PUBLIC SERVICE CO OF COLORADO", "voltage": 230.0, "volt_class": "220-287", "inferred": "Y", "sub_1": "NOT AVAILABLE", "sub_2": "FORT ST VRAIN", "shape_lengt": 190.48996661929999, "globalid": "f95ef36d-1736-4a2c-bf2d-3c252932cf94", "STATEFP": "08", "STATENS": "01779779", "AFFGEOID": "0400000US08", "GEOID": "08", "STUSPS": "CO", "NAME": "Colorado", "LSAD": "00", "ALAND": 268422891711, "AWATER": 1181621593 }, "geometry": { "type": "MultiLineString", "coordinates": [ [ [ -104.873747989, 40.244537368000103 ], [ -104.873562094, 40.243856247000103 ], [ -104.873907115, 40.243371432000103 ], [ -104.873888203, 40.243314544 ] ] ] } },
{ "type": "Feature", "properties": { "objectid": "74443", "id": "206722", "type": "AC; OVERHEAD", "status": "NOT AVAILABLE", "naics_code": "221121", "naics_desc": "ELECTRIC BULK POWER TRANSMISSION AND CONTROL", "source": "IMAGERY", "sourcedate": "2015-12-17T18:00:00-07:00", "val_method": "IMAGERY", "val_date": "2015-12-17T18:00:00-07:00", "owner": "CITY OF COLORADO SPRINGS - (CO)", "voltage": 230.0, "volt_class": "220-287", "inferred": "Y", "sub_1": "NOT AVAILABLE", "sub_2": "UNKNOWN201277", "shape_lengt": 248.46745770519999, "globalid": "96bef469-8b90-4664-ba59-3c4a4b15de91", "STATEFP": "08", "STATENS": "01779779", "AFFGEOID": "0400000US08", "GEOID": "08", "STUSPS": "CO", "NAME": "Colorado", "LSAD": "00", "ALAND": 268422891711, "AWATER": 1181621593 }, "geometry": { "type": "MultiLineString", "coordinates": [ [ [ -104.706749026, 38.627756628 ], [ -104.706193513, 38.627771508000102 ], [ -104.706141314, 38.628338240000097 ], [ -104.706488065, 38.628841588 ], [ -104.706701264, 38.628873832000103 ] ] ] } },
{ "type": "Feature", "properties": { "objectid": "73524", "id": "205188", "type": "AC; OVERHEAD", "status": "NOT AVAILABLE", "naics_code": "221121", "naics_desc": "ELECTRIC BULK POWER TRANSMISSION AND CONTROL", "source": "Regional Map", "sourcedate": "2015-08-12T20:00:00-06:00", "val_method": "IMAGERY/OTHER", "val_date": "2015-08-12T20:00:00-06:00", "owner": "PLATTE RIVER POWER AUTHORITY", "voltage": 230.0, "volt_class": "220-287", "inferred": "N", "sub_1": "UNKNOWN205141", "sub_2": "AULT", "shape_lengt": 17702.238672158499, "globalid": "e9f53e4b-4193-416b-9d5b-3f889b963616", "STATEFP": "08", "STATENS": "01779779", "AFFGEOID": "0400000US08", "GEOID": "08", "STUSPS": "CO", "NAME": "Colorado", "LSAD": "00", "ALAND": 268422891711, "AWATER": 1181621593 }, "geometry": { "type": "MultiLineString", "coordinates": [ [ [ -104.934530006, 40.572649519 ], [ -104.934595801, 40.57397559 ], [ -104.933190929, 40.57403844 ], [ -104.930852721, 40.574142248000101 ], [ -104.928458099, 40.574252825 ], [ -104.925610123, 40.574379144 ], [ -104.922512559, 40.574363354000099 ], [ -104.919375148, 40.5743453 ], [ -104.916163491, 40.574334016000101 ], [ -104.913189555, 40.574318221000098 ], [ -104.909948223, 40.574302424000102 ], [ -104.907116862, 40.574284371 ], [ -104.904315162, 40.574270830000103 ], [ -104.90165614, 40.5742595460001 ], [ -104.898881237, 40.574243751 ], [ -104.896383969, 40.5742324060001 ], [ -104.894656558, 40.575365143000099 ], [ -104.892740295, 40.576615281 ], [ -104.891046878, 40.577720964 ], [ -104.889062274, 40.579005835 ], [ -104.88895464, 40.580913289000101 ], [ -104.888865486, 40.582973928000101 ], [ -104.888856571, 40.5852826120001 ], [ -104.888859542, 40.587787001 ], [ -104.888841717, 40.589957397 ], [ -104.888835775, 40.592434616000098 ], [ -104.88882389, 40.594801333000099 ], [ -104.888841453, 40.596108328000099 ], [ -104.886188732, 40.596097335 ], [ -104.883860635, 40.596089214000102 ], [ -104.881168923, 40.596081093000102 ], [ -104.878438017, 40.596070264 ], [ -104.875403988, 40.596056729 ], [ -104.872576745, 40.596051315000103 ], [ -104.86954274, 40.596043193000099 ], [ -104.866668515, 40.596040465 ], [ -104.86520621, 40.5982147550001 ], [ -104.864364141, 40.600149110000103 ], [ -104.863579998, 40.601772843 ], [ -104.862793723, 40.603400465 ], [ -104.860380481, 40.603376356000098 ], [ -104.858601376, 40.603365529 ], [ -104.856251916, 40.603349288000103 ], [ -104.853663586, 40.603333047 ], [ -104.850960869, 40.603314098000098 ], [ -104.848397017, 40.603330341000103 ], [ -104.845509085, 40.603368238 ], [ -104.842232732, 40.603406133000099 ], [ -104.839134583, 40.603438615000101 ], [ -104.836018603, 40.603473803 ], [ -104.832902608, 40.603506285 ], [ -104.829718896, 40.60354418 ], [ -104.826766924, 40.603573955 ], [ -104.823936168, 40.603606437000103 ], [ -104.82085941, 40.603636211 ], [ -104.81844577, 40.603663279 ], [ -104.815937295, 40.603687836000098 ], [ -104.81491809, 40.60497295 ], [ -104.813902075, 40.606234203 ], [ -104.812884561, 40.6058776180001 ], [ -104.812777605, 40.6058776180001 ], [ -104.813195224, 40.607539759000097 ] ] ] } },
{ "type": "Feature", "properties": { "objectid": "70204", "id": "201964", "type": "AC; OVERHEAD", "status": "NOT AVAILABLE", "naics_code": "221121", "naics_desc": "ELECTRIC BULK POWER TRANSMISSION AND CONTROL", "source": "Regional Map", "sourcedate": "2014-07-09T20:00:00-06:00", "val_method": "IMAGERY/OTHER", "val_date": "2014-07-09T20:00:00-06:00", "owner": "PUBLIC SERVICE CO OF COLORADO", "voltage": 230.0, "volt_class": "220-287", "inferred": "N", "sub_1": "PAWNEE", "sub_2": "TAP206216", "shape_lengt": 22160.858444756599, "globalid": "1a494b23-332c-45c3-89da-418292803150", "STATEFP": "08", "STATENS": "01779779", "AFFGEOID": "0400000US08", "GEOID": "08", "STUSPS": "CO", "NAME": "Colorado", "LSAD": "00", "ALAND": 268422891711, "AWATER": 1181621593 }, "geometry": { "type": "MultiLineString", "coordinates": [ [ [ -103.678494877, 40.216506676 ], [ -103.679626247, 40.215992337 ], [ -103.679895852, 40.212930427000103 ], [ -103.680096621, 40.210556147 ], [ -103.6803146, 40.207656084000099 ], [ -103.680480952, 40.205636480000102 ], [ -103.680624359, 40.204059307000101 ], [ -103.680566996, 40.201294785000101 ], [ -103.680521107, 40.196878325 ], [ -103.680544052, 40.193543883000103 ], [ -103.68051537, 40.191729808 ], [ -103.68051537, 40.189696584 ], [ -103.680492425, 40.188373202 ], [ -103.680486689, 40.186304819 ], [ -103.680480952, 40.184735961 ], [ -103.680445522, 40.18282494 ], [ -103.681442196, 40.181093241 ], [ -103.684754272, 40.175580145 ], [ -103.687518668, 40.170895396 ], [ -103.691157296, 40.164472337000099 ], [ -103.693743496, 40.160126336000097 ], [ -103.697479757, 40.153876532 ], [ -103.701155323, 40.14762026 ], [ -103.704691896, 40.141528695 ], [ -103.707533509, 40.136699914000097 ], [ -103.711425283, 40.130076018000103 ], [ -103.716120123, 40.122223325 ], [ -103.722899841, 40.110625659 ], [ -103.723951496, 40.108530222000098 ], [ -103.725162696, 40.106448421 ], [ -103.726420496, 40.104305421 ], [ -103.727478696, 40.102462720000098 ], [ -103.728729796, 40.1003196200001 ], [ -103.730007596, 40.098161219000097 ], [ -103.731098996, 40.096282719000101 ], [ -103.732403396, 40.094068118000102 ], [ -103.733574696, 40.0920265170001 ], [ -103.734699396, 40.0901580170001 ], [ -103.735957196, 40.087928016 ], [ -103.735946796, 40.085202616000103 ], [ -103.735953596, 40.083251515 ], [ -103.735897053, 40.075841756 ], [ -103.73588394, 40.073910693000101 ] ] ] } },
{ "type": "Feature", "properties": { "objectid": "70196", "id": "201956", "type": "AC; OVERHEAD", "status": "NOT AVAILABLE", "naics_code": "221121", "naics_desc": "ELECTRIC BULK POWER TRANSMISSION AND CONTROL", "source": "Regional Map", "sourcedate": "2015-07-08T20:00:00-06:00", "val_method": "IMAGERY/OTHER", "val_date": "2015-07-08T20:00:00-06:00", "owner": "TRI-STATE G & T ASSN, INC", "voltage": 230.0, "volt_class": "220-287", "inferred": "N", "sub_1": "UNKNOWN203882", "sub_2": "MCBRYDE", "shape_lengt": 1186.7093357420999, "globalid": "74b2fa94-47d5-47e7-a1c4-41c7ed97c23e", "STATEFP": "08", "STATENS": "01779779", "AFFGEOID": "0400000US08", "GEOID": "08", "STUSPS": "CO", "NAME": "Colorado", "LSAD": "00", "ALAND": 268422891711, "AWATER": 1181621593 }, "geometry": { "type": "MultiLineString", "coordinates": [ [ [ -108.321217737, 39.9500703960001 ], [ -108.322729776, 39.949281681000102 ], [ -108.326125625, 39.948475404000099 ], [ -108.329732415, 39.949816917000099 ], [ -108.330281994, 39.949800259 ], [ -108.330964041, 39.949971372 ] ] ] } },
{ "type": "Feature", "properties": { "objectid": "70430", "id": "202191", "type": "AC; OVERHEAD", "status": "NOT AVAILABLE", "naics_code": "221121", "naics_desc": "ELECTRIC BULK POWER TRANSMISSION AND CONTROL", "source": "IMAGERY", "sourcedate": "2014-07-08T20:00:00-06:00", "val_method": "IMAGERY", "val_date": "2014-07-08T20:00:00-06:00", "owner": "PUBLIC SERVICE CO OF COLORADO", "voltage": 230.0, "volt_class": "220-287", "inferred": "Y", "sub_1": "BUCKLEY", "sub_2": "TOLLGATE", "shape_lengt": 8614.8373556416009, "globalid": "b918ce78-8e9c-43b3-9422-43886bc25cd1", "STATEFP": "08", "STATENS": "01779779", "AFFGEOID": "0400000US08", "GEOID": "08", "STUSPS": "CO", "NAME": "Colorado", "LSAD": "00", "ALAND": 268422891711, "AWATER": 1181621593 }, "geometry": { "type": "MultiLineString", "coordinates": [ [ [ -104.771340681, 39.6683373830001 ], [ -104.771515474, 39.667767788000099 ], [ -104.772136302, 39.66775102 ], [ -104.772070952, 39.681822144000101 ], [ -104.772669997, 39.682262214 ], [ -104.812343128, 39.682299934000099 ], [ -104.812751568, 39.681776042 ], [ -104.827199449, 39.681838909000099 ], [ -104.827237203, 39.682794493000102 ], [ -104.827605114, 39.68328812 ] ] ] } },
{ "type": "Feature", "properties": { "objectid": "69894", "id": "201648", "type": "AC; OVERHEAD", "status": "NOT AVAILABLE", "naics_code": "221121", "naics_desc": "ELECTRIC BULK POWER TRANSMISSION AND CONTROL", "source": "Regional Map", "sourcedate": "2014-06-17T20:00:00-06:00", "val_method": "IMAGERY/OTHER", "val_date": "2014-06-17T20:00:00-06:00", "owner": "TRI-STATE G & T ASSN, INC", "voltage": 230.0, "volt_class": "220-287", "inferred": "N", "sub_1": "UNKNOWN201519", "sub_2": "CRAIG", "shape_lengt": 1424.9496616827, "globalid": "ea53829e-2cd9-4c6c-8b5e-46717cfe3eb6", "STATEFP": "08", "STATENS": "01779779", "AFFGEOID": "0400000US08", "GEOID": "08", "STUSPS": "CO", "NAME": "Colorado", "LSAD": "00", "ALAND": 268422891711, "AWATER": 1181621593 }, "geometry": { "type": "MultiLineString", "coordinates": [ [ [ -107.580194025, 40.471039420000103 ], [ -107.5807928, 40.4709608000001 ], [ -107.5830965, 40.470956500000099 ], [ -107.5853272, 40.470965900000103 ], [ -107.5877599, 40.4709534 ], [ -107.5900854, 40.470936 ], [ -107.5900862, 40.4717449 ], [ -107.591734929, 40.472360787000099 ] ] ] } },
{ "type": "Feature", "properties": { "objectid": "70170", "id": "201929", "type": "AC; OVERHEAD", "status": "NOT AVAILABLE", "naics_code": "221121", "naics_desc": "ELECTRIC BULK POWER TRANSMISSION AND CONTROL", "source": "Regional Map", "sourcedate": "2014-07-09T20:00:00-06:00", "val_method": "IMAGERY/OTHER", "val_date": "2014-07-09T20:00:00-06:00", "owner": "PUBLIC SERVICE CO OF COLORADO", "voltage": 230.0, "volt_class": "220-287", "inferred": "N", "sub_1": "PAWNEE", "sub_2": "MISSLE SITE", "shape_lengt": 110740.04783893201, "globalid": "c27596fe-dbeb-4ecb-8f3c-4b9a3e1d2086", "STATEFP": "08", "STATENS": "01779779", "AFFGEOID": "0400000US08", "GEOID": "08", "STUSPS": "CO", "NAME": "Colorado", "LSAD": "00", "ALAND": 268422891711, "AWATER": 1181621593 }, "geometry": { "type": "MultiLineString", "coordinates": [ [ [ -103.678494877, 40.216506676 ], [ -103.678466619, 40.216241383000103 ], [ -103.678581589, 40.215232318000098 ], [ -103.678885, 40.2129214 ], [ -103.6791823, 40.210516100000099 ], [ -103.6794507, 40.2075945 ], [ -103.6797575, 40.205580800000099 ], [ -103.679887, 40.204035700000098 ], [ -103.6798247, 40.201344500000097 ], [ -103.6797708, 40.199315700000099 ], [ -103.6797543, 40.197875200000098 ], [ -103.6797243, 40.1959253 ], [ -103.6796884, 40.1935405 ], [ -103.6796524, 40.191714 ], [ -103.6795925, 40.1896678 ], [ -103.6795805, 40.188363100000103 ], [ -103.6795985, 40.186284800000102 ], [ -103.6796105, 40.184778600000101 ], [ -103.6795985, 40.183240300000101 ], [ -103.6809528, 40.181015300000098 ], [ -103.682337, 40.178657400000098 ], [ -103.6832599, 40.1771328 ], [ -103.6842053, 40.175480800000102 ], [ -103.6857522, 40.1728043 ], [ -103.6869176, 40.1707969 ], [ -103.6878853, 40.169154 ], [ -103.6891596, 40.1669902 ], [ -103.6906896, 40.1644176 ], [ -103.6920014, 40.1622199 ], [ -103.6932349, 40.1600585 ], [ -103.6944002, 40.158128900000101 ], [ -103.6956064, 40.1559387 ], [ -103.6968933, 40.153841800000102 ], [ -103.6981041, 40.1517484 ], [ -103.6991933, 40.149859600000099 ], [ -103.7005699, 40.1474973 ], [ -103.7016637, 40.1456533 ], [ -103.7028665, 40.143629400000101 ], [ -103.7041204, 40.141431 ], [ -103.7056026, 40.1389746 ], [ -103.7068634, 40.1367969 ], [ -103.708257, 40.1343612000001 ], [ -103.7108588, 40.129963200000098 ], [ -103.7119995, 40.1279486 ], [ -103.712838, 40.126518700000098 ], [ -103.7142156, 40.124198200000102 ], [ -103.7154069, 40.1220965 ], [ -103.7165449, 40.1202696 ], [ -103.7177894, 40.1181728 ], [ -103.7187078, 40.1165544 ], [ -103.7199656, 40.114422 ], [ -103.7211568, 40.112406500000098 ], [ -103.7222815, 40.1104724 ], [ -103.7234661, 40.108461900000101 ], [ -103.7246707, 40.106390200000099 ], [ -103.7259086, 40.1042269000001 ], [ -103.7269867, 40.1023893 ], [ -103.7282711, 40.1002462000001 ], [ -103.7295089, 40.0980877000001 ], [ -103.7306536, 40.096204100000101 ], [ -103.7319247, 40.0939845 ], [ -103.733096, 40.0919633 ], [ -103.7342207, 40.090084600000097 ], [ -103.7354719, 40.0879207 ], [ -103.7354904, 40.085335 ], [ -103.73547, 40.083290400000102 ], [ -103.7354497, 40.0810693 ], [ -103.7354768, 40.079315200000103 ], [ -103.7354904, 40.0779088 ], [ -103.7354768, 40.0758328000001 ], [ -103.7354633, 40.0736634 ], [ -103.7379457, 40.073679 ], [ -103.7405163, 40.073679 ], [ -103.7432293, 40.0736634 ], [ -103.7457592, 40.073616700000102 ], [ -103.748384, 40.0735959000001 ], [ -103.7522365, 40.0735752 ], [ -103.7543662, 40.0735648 ], [ -103.7566655, 40.0735077 ], [ -103.7597719, 40.073538800000101 ], [ -103.7626138, 40.073528500000101 ], [ -103.7654761, 40.073502500000103 ], [ -103.768535, 40.073528500000101 ], [ -103.7714719, 40.073502500000103 ], [ -103.7740831, 40.0734766 ], [ -103.7767962, 40.073471400000102 ], [ -103.7799026, 40.073471400000102 ], [ -103.7824528, 40.0734766 ], [ -103.7854507, 40.073450600000101 ], [ -103.7881163, 40.073435000000103 ], [ -103.7910192, 40.0734143 ], [ -103.7935694, 40.0733779 ], [ -103.7971443, 40.0733514 ], [ -103.8001354, 40.073330600000098 ], [ -103.8030587, 40.073278700000103 ], [ -103.8058531, 40.073237200000101 ], [ -103.8087222, 40.073206 ], [ -103.8114962, 40.0731489 ], [ -103.814467, 40.0731749 ], [ -103.8174106, 40.0732008 ], [ -103.8203949, 40.0732424 ], [ -103.8234471, 40.0732579 ], [ -103.8262076, 40.073268300000102 ], [ -103.829063, 40.073299500000097 ], [ -103.8316201, 40.0733254 ], [ -103.8344823, 40.073330600000098 ], [ -103.8376498, 40.073341 ], [ -103.8404781, 40.073366900000103 ], [ -103.84332, 40.0733721 ], [ -103.8463478, 40.073368000000102 ], [ -103.8492718, 40.073394500000099 ], [ -103.8525829, 40.0734262 ], [ -103.8559009, 40.0734103 ], [ -103.8589285, 40.0734315 ], [ -103.8617557, 40.073442100000101 ], [ -103.8644101, 40.073452700000097 ], [ -103.8673134, 40.0734579 ], [ -103.8702235, 40.0734632 ], [ -103.8731544, 40.0734579 ], [ -103.8765277, 40.073452700000097 ], [ -103.8798596, 40.073447400000099 ], [ -103.8830739, 40.0734897 ], [ -103.8863988, 40.073442100000101 ], [ -103.8896891, 40.0734738 ], [ -103.892703, 40.073526700000102 ], [ -103.8953366, 40.0735532 ], [ -103.8987376, 40.0735584 ], [ -103.9017238, 40.073600800000101 ], [ -103.9048137, 40.0736272 ], [ -103.9146709, 40.073606 ], [ -103.922898225, 40.073650180000101 ], [ -103.9308254, 40.0736113 ], [ -103.9401599, 40.0736184 ], [ -103.9589103, 40.073658900000098 ], [ -103.9755833, 40.073653700000101 ], [ -103.9787699, 40.0736484 ], [ -103.9811271, 40.0736325 ], [ -103.9811271, 40.0710723 ], [ -103.9811409, 40.061396600000101 ], [ -103.9811333, 40.054741200000102 ], [ -103.9810797, 40.0462657 ], [ -103.9810797, 40.0381917 ], [ -103.9811011, 40.0296813 ], [ -103.9999278, 40.029726 ], [ -103.999908, 40.027753200000099 ], [ -103.9999014, 40.025593700000101 ], [ -103.9998421, 40.023439100000097 ], [ -103.9998553, 40.021239100000102 ], [ -103.9998289, 40.019064200000102 ], [ -103.9998223, 40.0168387000001 ], [ -103.9998619, 40.0146132 ], [ -103.9998157, 40.012392700000099 ], [ -103.9998619, 40.010237700000097 ], [ -103.9998948, 40.0079312 ], [ -103.9999212, 40.0057256 ], [ -103.9999541, 40.003540100000102 ], [ -103.9999673, 40.001071900000099 ], [ -103.9995719, 39.9987096 ], [ -103.9988208, 39.994484500000098 ], [ -103.9984122, 39.992394600000097 ], [ -103.9980235, 39.9900471 ], [ -103.9973382, 39.9860234000001 ], [ -103.997437, 39.983650500000103 ], [ -103.997478441, 39.979019125 ], [ -103.997903069, 39.965499550000096 ], [ -103.998096082, 39.956948593 ], [ -103.998250492, 39.949797316000101 ], [ -103.9984261, 39.9425232 ], [ -103.9984731, 39.940489500000098 ], [ -103.9985134, 39.937971700000098 ], [ -103.9985604, 39.9356494 ], [ -103.9986276, 39.9336772 ], [ -103.9986947, 39.9312518 ], [ -103.9987619, 39.9290066 ], [ -103.9988223, 39.9267665 ], [ -103.9988089, 39.924433500000099 ], [ -103.9987551, 39.9225486 ], [ -103.9987887, 39.920081600000103 ], [ -103.9988559, 39.9177175 ], [ -103.9988895, 39.9154564 ], [ -103.9989432, 39.913205500000103 ], [ -103.9990305, 39.9108361 ], [ -103.9991581, 39.908621100000097 ], [ -103.9992991, 39.9058393 ], [ -103.9994065, 39.903850900000101 ], [ -103.9994938, 39.9018881000001 ], [ -103.9996483, 39.8998737000001 ], [ -103.9996416, 39.8979572000001 ], [ -103.9996282, 39.8956748 ], [ -103.9995409, 39.893376900000099 ], [ -103.9995543, 39.8910634000001 ], [ -103.9995879, 39.888852900000103 ], [ -103.9995207, 39.886657800000101 ], [ -103.9995207, 39.8843957 ], [ -103.9994804, 39.882185 ], [ -103.9995006, 39.880005100000098 ], [ -103.9994603, 39.8773923 ], [ -103.9993998, 39.875336 ], [ -103.9994017, 39.8731635 ], [ -103.9993743, 39.870768300000101 ], [ -103.9993469, 39.8688615 ], [ -103.9993195, 39.866639500000097 ], [ -103.9993195, 39.864296500000101 ], [ -103.999299, 39.8618484 ], [ -103.9992921, 39.859536900000101 ], [ -103.9992648, 39.8572883000001 ], [ -103.9992374, 39.8551341 ], [ -104.0024678, 39.8552392 ], [ -104.0050891, 39.8553023 ], [ -104.007334, 39.855386300000099 ], [ -104.0098937, 39.8554494 ], [ -104.0124466, 39.8555492 ], [ -104.0152663, 39.855628 ], [ -104.018531, 39.8557383 ], [ -104.0185378, 39.853258400000101 ], [ -104.0185173, 39.8513774 ], [ -104.0185926, 39.847736100000098 ], [ -104.01854259, 39.846133419000097 ], [ -104.0186679, 39.8441734 ], [ -104.01859406, 39.841065163 ], [ -104.0186542, 39.839107500000097 ], [ -104.018661, 39.8372419 ], [ -104.018661, 39.8351082 ], [ -104.0187021, 39.8329008 ], [ -104.0186405, 39.8314923 ], [ -104.01862, 39.828843300000102 ], [ -104.0186542, 39.826462300000102 ], [ -104.0186623, 39.8239422 ], [ -104.0187307, 39.8218659 ], [ -104.0187513, 39.819941900000103 ], [ -104.0188403, 39.8177866 ], [ -104.0188745, 39.815678600000098 ], [ -104.0189087, 39.813349700000103 ], [ -104.0189498, 39.811089100000103 ], [ -104.0190319, 39.808923 ], [ -104.0191213, 39.806638200000101 ], [ -104.0191076, 39.8045088000001 ], [ -104.0191897, 39.802453 ], [ -104.0192992, 39.8001499000001 ], [ -104.0193403, 39.798262200000103 ], [ -104.0193882, 39.796079900000102 ], [ -104.0194567, 39.7941104000001 ], [ -104.0195055, 39.791795100000101 ], [ -104.0195543, 39.7889115 ], [ -104.0196102, 39.786419200000097 ], [ -104.0196311, 39.784039300000103 ], [ -104.0197078, 39.7814449 ], [ -104.0197985, 39.7797671000001 ], [ -104.019938, 39.777703200000097 ], [ -104.0201542, 39.774926300000097 ], [ -104.0203356, 39.772867700000099 ], [ -104.0204821, 39.7707018 ], [ -104.0205518, 39.768503700000103 ], [ -104.0206216, 39.7664288 ], [ -104.0206983, 39.7641822 ], [ -104.020691468, 39.761870821000102 ], [ -104.0208029, 39.7596192 ], [ -104.0208796, 39.757447500000097 ], [ -104.0209354, 39.755409800000102 ], [ -104.0209912, 39.753184400000102 ], [ -104.0211726, 39.7508355 ], [ -104.0213888, 39.748685000000101 ], [ -104.021612, 39.746073200000097 ], [ -104.0217306, 39.7444696 ], [ -104.0219329, 39.742528100000101 ], [ -104.0221003, 39.740366600000101 ], [ -104.0222259, 39.738183600000099 ], [ -104.0222956, 39.7360166 ], [ -104.0224212, 39.7338441 ], [ -104.0224421, 39.7315751 ], [ -104.0225119, 39.729311300000099 ], [ -104.0226025, 39.727138700000097 ], [ -104.0227002, 39.7248211 ], [ -104.0227351, 39.722605400000099 ], [ -104.0227699, 39.720443300000099 ], [ -104.0228048, 39.718259600000103 ], [ -104.0228395, 39.7159844 ], [ -104.022875, 39.7138189 ], [ -104.0229177, 39.7118174 ], [ -104.023007624, 39.709654166000099 ], [ -104.0229959, 39.707508 ], [ -104.0230599, 39.7052548 ], [ -104.023136299, 39.70312059 ], [ -104.0231949, 39.700934000000103 ], [ -104.0232518, 39.698795400000101 ], [ -104.0233016, 39.6962301 ], [ -104.02333, 39.693785 ], [ -104.0233584, 39.6906999 ], [ -104.0233584, 39.689205930000099 ], [ -104.019057292, 39.689229737000097 ], [ -104.019015678, 39.686960805000098 ], [ -104.019075098, 39.685845074 ], [ -104.020331797, 39.685770963 ] ] ] } },
{ "type": "Feature", "properties": { "objectid": "73556", "id": "205231", "type": "AC; OVERHEAD", "status": "NOT AVAILABLE", "naics_code": "221121", "naics_desc": "ELECTRIC BULK POWER TRANSMISSION AND CONTROL", "source": "Regional Map", "sourcedate": "2015-08-12T20:00:00-06:00", "val_method": "IMAGERY/OTHER", "val_date": "2015-08-12T20:00:00-06:00", "owner": "PUBLIC SERVICE CO OF COLORADO", "voltage": 230.0, "volt_class": "220-287", "inferred": "N", "sub_1": "ELATI", "sub_2": "UNDERGROUND TAP", "shape_lengt": 2619.7942203777998, "globalid": "3f0163c0-dbee-4bc5-b55b-4e25fc93a763", "STATEFP": "08", "STATENS": "01779779", "AFFGEOID": "0400000US08", "GEOID": "08", "STUSPS": "CO", "NAME": "Colorado", "LSAD": "00", "ALAND": 268422891711, "AWATER": 1181621593 }, "geometry": { "type": "MultiLineString", "coordinates": [ [ [ -104.993787357, 39.736412916 ], [ -104.994571377, 39.735303383 ], [ -105.01605791, 39.735303383 ], [ -105.016336174, 39.735076669000101 ] ] ] } },
{ "type": "Feature", "properties": { "objectid": "70152", "id": "201911", "type": "AC; OVERHEAD", "status": "NOT AVAILABLE", "naics_code": "221121", "naics_desc": "ELECTRIC BULK POWER TRANSMISSION AND CONTROL", "source": "Regional Map", "sourcedate": "2014-07-13T20:00:00-06:00", "val_method": "IMAGERY/OTHER", "val_date": "2014-07-13T20:00:00-06:00", "owner": "PUBLIC SERVICE CO OF COLORADO", "voltage": 230.0, "volt_class": "220-287", "inferred": "N", "sub_1": "FORT ST VRAIN", "sub_2": "FORT LUPTON", "shape_lengt": 31935.328808577498, "globalid": "3f819871-0c08-49c9-9e2f-6d2624f50a47", "STATEFP": "08", "STATENS": "01779779", "AFFGEOID": "0400000US08", "GEOID": "08", "STUSPS": "CO", "NAME": "Colorado", "LSAD": "00", "ALAND": 268422891711, "AWATER": 1181621593 }, "geometry": { "type": "MultiLineString", "coordinates": [ [ [ -104.873888203, 40.243314544 ], [ -104.874215739, 40.243043502 ], [ -104.874326016, 40.241384345 ], [ -104.874288643, 40.239374355000102 ], [ -104.871621943, 40.239345755 ], [ -104.868029243, 40.239282655000103 ], [ -104.864156643, 40.239225455000103 ], [ -104.860004152, 40.239149787 ], [ -104.847481209, 40.238881385000099 ], [ -104.833854383, 40.238394514 ], [ -104.827701256, 40.2382821590001 ], [ -104.823403143, 40.238355154 ], [ -104.819201243, 40.238439755000101 ], [ -104.815326943, 40.238512854000099 ], [ -104.811382043, 40.238608955000103 ], [ -104.807618543, 40.238612854 ], [ -104.804263143, 40.238608955000103 ], [ -104.801139543, 40.238608955000103 ], [ -104.798862243, 40.238612854 ], [ -104.795380943, 40.238605154 ], [ -104.791410843, 40.238624354000102 ], [ -104.787853943, 40.238658955000098 ], [ -104.784422943, 40.238693555 ], [ -104.780532443, 40.238745255 ], [ -104.777369443, 40.238776655 ], [ -104.773533843, 40.238843255000099 ], [ -104.773559543, 40.236663953000097 ], [ -104.773549243, 40.23408085 ], [ -104.773539043, 40.231317247000099 ], [ -104.773580043, 40.228784845000099 ], [ -104.773600643, 40.225758441 ], [ -104.773616043, 40.223131739000102 ], [ -104.773631443, 40.220030536 ], [ -104.773651943, 40.217509533 ], [ -104.773626243, 40.215196131 ], [ -104.773610843, 40.212408328 ], [ -104.773590343, 40.209785025 ], [ -104.773590343, 40.206624422000097 ], [ -104.773544143, 40.203832319000099 ], [ -104.773528743, 40.201287116000103 ], [ -104.773508143, 40.198635913 ], [ -104.773477343, 40.195839511 ], [ -104.773451743, 40.193023408 ], [ -104.773436343, 40.190517106000101 ], [ -104.773400343, 40.187936103 ], [ -104.773373543, 40.1847913 ], [ -104.773340543, 40.182028797 ], [ -104.773348743, 40.179370294000101 ], [ -104.773328943, 40.176352591000096 ], [ -104.773320743, 40.173722188 ], [ -104.773308343, 40.170820686000098 ], [ -104.773320743, 40.167871782000098 ], [ -104.773324843, 40.165136980000099 ], [ -104.773328943, 40.161847577000103 ], [ -104.773333143, 40.158249273000102 ], [ -104.773320743, 40.156670571000099 ], [ -104.773333143, 40.154559269000103 ], [ -104.773328943, 40.152148567 ], [ -104.773337243, 40.1495297640001 ], [ -104.773349643, 40.146624061000097 ], [ -104.773345443, 40.144392759 ], [ -104.773361943, 40.141682256 ], [ -104.773382543, 40.138577652 ], [ -104.773378443, 40.135892150000103 ], [ -104.773403243, 40.133209747000102 ], [ -104.773423843, 40.130612245000101 ], [ -104.773440343, 40.127623842 ], [ -104.773411443, 40.124969439 ], [ -104.773432043, 40.122034236 ], [ -104.773432043, 40.119203133 ], [ -104.773415543, 40.11662083 ], [ -104.773407343, 40.113789428000103 ], [ -104.773399043, 40.110756124 ], [ -104.773374343, 40.108350122 ], [ -104.773349643, 40.105603519 ], [ -104.773345443, 40.103834418000098 ], [ -104.773277931, 40.102164446000103 ], [ -104.772985438, 40.101660758 ], [ -104.772506265, 40.100814348 ] ] ] } },
{ "type": "Feature", "properties": { "objectid": "73488", "id": "205084", "type": "AC; OVERHEAD", "status": "NOT AVAILABLE", "naics_code": "221121", "naics_desc": "ELECTRIC BULK POWER TRANSMISSION AND CONTROL", "source": "Regional Map", "sourcedate": "2015-08-12T20:00:00-06:00", "val_method": "IMAGERY/OTHER", "val_date": "2015-08-12T20:00:00-06:00", "owner": "PUBLIC SERVICE CO OF COLORADO", "voltage": 230.0, "volt_class": "220-287", "inferred": "N", "sub_1": "FORT ST VRAIN", "sub_2": "WINDSOR", "shape_lengt": 41569.861876095099, "globalid": "2d4fd545-8874-43f5-afe4-74ae8d70f3e9", "STATEFP": "08", "STATENS": "01779779", "AFFGEOID": "0400000US08", "GEOID": "08", "STUSPS": "CO", "NAME": "Colorado", "LSAD": "00", "ALAND": 268422891711, "AWATER": 1181621593 }, "geometry": { "type": "MultiLineString", "coordinates": [ [ [ -104.873888203, 40.243314544 ], [ -104.875194495, 40.243155753000103 ], [ -104.875319277, 40.242334808000102 ], [ -104.875399494, 40.241597763000101 ], [ -104.877262309, 40.241620442000098 ], [ -104.879324181, 40.241581888 ], [ -104.879309326, 40.243319034000102 ], [ -104.879273674, 40.244691030000098 ], [ -104.879249906, 40.246566424 ], [ -104.879208312, 40.248661724 ], [ -104.879178602, 40.250720679 ], [ -104.879128095, 40.252752362000102 ], [ -104.87845665, 40.253729634000102 ], [ -104.877630712, 40.254947236000099 ], [ -104.876843398, 40.256094528000098 ], [ -104.875574783, 40.257917459 ], [ -104.875167756, 40.2597154 ], [ -104.875054858, 40.261211759 ], [ -104.87493899, 40.262735291000098 ], [ -104.874769643, 40.264843693 ], [ -104.874609209, 40.266931626 ], [ -104.875551015, 40.268645452 ], [ -104.876079852, 40.269611160000103 ], [ -104.877066223, 40.271431459 ], [ -104.876504705, 40.27391814 ], [ -104.876145214, 40.275425518000098 ], [ -104.875669855, 40.277506325 ], [ -104.875399494, 40.278678167000102 ], [ -104.875028119, 40.280296500000098 ], [ -104.874511166, 40.282504080000102 ], [ -104.874023923, 40.284627730000103 ], [ -104.873512911, 40.286708254000096 ], [ -104.873922909, 40.288650472 ], [ -104.874496311, 40.290556374000097 ], [ -104.875809492, 40.291560294000099 ], [ -104.877089991, 40.292530207 ], [ -104.877722813, 40.29486202 ], [ -104.878177376, 40.296364399 ], [ -104.878174405, 40.2979460540001 ], [ -104.876977093, 40.299745197 ], [ -104.877024629, 40.301431001 ], [ -104.877049851, 40.303113530000097 ], [ -104.877083758, 40.305052884000098 ], [ -104.877100712, 40.307513628 ], [ -104.877112014, 40.310030303000097 ], [ -104.877128967, 40.312533957 ], [ -104.877145921, 40.315041828000098 ], [ -104.877174176, 40.317247987 ], [ -104.877182759, 40.319418204 ], [ -104.877181827, 40.319508337000102 ], [ -104.879699761, 40.319542987 ], [ -104.881925838, 40.319578867000097 ], [ -104.884669655, 40.319620186000101 ], [ -104.886682514, 40.319649041 ], [ -104.886693675, 40.320843539000101 ], [ -104.886720774, 40.321959255 ], [ -104.886763552, 40.323653013000097 ], [ -104.886779059, 40.326174114 ], [ -104.886796886, 40.328166536 ], [ -104.88683967, 40.330234887000103 ], [ -104.88686106, 40.331925281000103 ], [ -104.886876788, 40.333427931000102 ], [ -104.886872034, 40.333594617000102 ], [ -104.886810177, 40.334561478000097 ], [ -104.886772141, 40.336398193 ], [ -104.886789258, 40.338123277000101 ], [ -104.886808271, 40.339763802 ], [ -104.886806337, 40.341379042 ], [ -104.88890988, 40.341406562 ], [ -104.888806709, 40.343455381000098 ], [ -104.888721156, 40.3451232 ], [ -104.888574758, 40.347148965 ], [ -104.888437253, 40.3491473710001 ], [ -104.889230568, 40.350102450000101 ], [ -104.88999056, 40.351017941000102 ], [ -104.889837346, 40.352726125000103 ], [ -104.889673826, 40.354538788000099 ], [ -104.88950886, 40.356275625000102 ], [ -104.888891615, 40.357331767000097 ], [ -104.887941484, 40.358920811000097 ], [ -104.887954839, 40.360700257000097 ], [ -104.887966254, 40.362482039 ], [ -104.888133573, 40.363896010000097 ], [ -104.888133573, 40.365801388000101 ], [ -104.888137376, 40.367455886000101 ], [ -104.888145932, 40.369596578 ], [ -104.888131077, 40.371285123000099 ], [ -104.888131077, 40.373082532000097 ], [ -104.888160786, 40.375506479000101 ], [ -104.888134049, 40.377434633000099 ], [ -104.888122165, 40.379329068000096 ], [ -104.88811028, 40.381628646 ], [ -104.888131076, 40.383454892 ], [ -104.888107677, 40.385185938000099 ], [ -104.885724898, 40.385185938000099 ], [ -104.883443221, 40.385181411000097 ], [ -104.881229781, 40.385176885000099 ], [ -104.879170863, 40.385176885000099 ], [ -104.879152726, 40.386763343 ], [ -104.879152726, 40.388383689000101 ], [ -104.879146784, 40.389890794 ], [ -104.879149756, 40.391642461000103 ], [ -104.879182439, 40.393443787000102 ], [ -104.87921215, 40.395238220000103 ], [ -104.879262659, 40.397066503000097 ], [ -104.879301281, 40.398831304 ], [ -104.879342876, 40.4004784810001 ], [ -104.879393382, 40.4023811590001 ], [ -104.879420121, 40.4038065 ], [ -104.879456415, 40.405105477000099 ], [ -104.881426463, 40.405340795 ], [ -104.88149686, 40.407098584 ], [ -104.881588961, 40.409270347000103 ], [ -104.881666212, 40.411191052 ], [ -104.881749079, 40.412754916 ], [ -104.880786641, 40.4144662510001 ], [ -104.879610064, 40.416610745000099 ], [ -104.878398646, 40.418819762000098 ], [ -104.875990984, 40.419336419 ], [ -104.872706061, 40.420048689000097 ], [ -104.870374892, 40.420439811000101 ], [ -104.869060531, 40.420936987000097 ], [ -104.86732844, 40.421341852000097 ], [ -104.865581494, 40.421771595000102 ], [ -104.862848177, 40.422443345 ], [ -104.861433983, 40.422832369 ], [ -104.859805877, 40.423248531000098 ], [ -104.859765418, 40.425001312000099 ], [ -104.85993668, 40.427389915 ], [ -104.860123234, 40.429298874 ], [ -104.860279205, 40.432050473000103 ], [ -104.860477992, 40.434410892000102 ], [ -104.860637021, 40.436694414 ], [ -104.860731827, 40.438000247 ], [ -104.859080368, 40.440609508000101 ], [ -104.859939738, 40.441912937 ], [ -104.860823575, 40.443211686 ], [ -104.860792992, 40.444210169 ], [ -104.860789934, 40.445541457 ], [ -104.860789934, 40.4473754260001 ], [ -104.860802167, 40.448920761000103 ], [ -104.860808283, 40.450298501000098 ], [ -104.860817458, 40.451666903 ], [ -104.860823575, 40.453035278000101 ], [ -104.860829691, 40.454417587000101 ], [ -104.860838866, 40.4557789240001 ], [ -104.860841924, 40.456881936000102 ], [ -104.860909206, 40.45845265 ], [ -104.860869448, 40.460444495 ], [ -104.860881681, 40.462452569 ], [ -104.860890856, 40.464416374 ], [ -104.861040711, 40.465791469000102 ], [ -104.861043769, 40.466992037000097 ], [ -104.861052944, 40.468185603000101 ], [ -104.861083526, 40.469353556 ], [ -104.863248772, 40.469956137 ], [ -104.865628096, 40.470586631000103 ], [ -104.867976837, 40.471207813 ], [ -104.870389801, 40.471847602 ], [ -104.872616212, 40.472466446 ], [ -104.875368643, 40.473185321000102 ], [ -104.880050834, 40.474427632000101 ], [ -104.882583071, 40.475097633000097 ], [ -104.884907346, 40.475697836 ], [ -104.885122635, 40.475372721 ], [ -104.885259253, 40.475395993000099 ] ] ] } },
{ "type": "Feature", "properties": { "objectid": "73116", "id": "205165", "type": "AC; OVERHEAD", "status": "NOT AVAILABLE", "naics_code": "221121", "naics_desc": "ELECTRIC BULK POWER TRANSMISSION AND CONTROL", "source": "IMAGERY", "sourcedate": "2015-08-12T20:00:00-06:00", "val_method": "IMAGERY", "val_date": "2015-08-12T20:00:00-06:00", "owner": "PUBLIC SERVICE CO OF COLORADO", "voltage": 230.0, "volt_class": "220-287", "inferred": "Y", "sub_1": "PAWNEE", "sub_2": "UNKNOWN201329", "shape_lengt": 470.95161326800002, "globalid": "99a63c92-8660-4f76-8294-78e483d9554d", "STATEFP": "08", "STATENS": "01779779", "AFFGEOID": "0400000US08", "GEOID": "08", "STUSPS": "CO", "NAME": "Colorado", "LSAD": "00", "ALAND": 268422891711, "AWATER": 1181621593 }, "geometry": { "type": "MultiLineString", "coordinates": [ [ [ -103.678494877, 40.216506676 ], [ -103.67801688, 40.216003049000101 ], [ -103.678071008, 40.2140461010001 ], [ -103.677721256, 40.214021118000097 ], [ -103.677396893, 40.213728996 ] ] ] } },
{ "type": "Feature", "properties": { "objectid": "69970", "id": "201729", "type": "AC; OVERHEAD", "status": "NOT AVAILABLE", "naics_code": "221121", "naics_desc": "ELECTRIC BULK POWER TRANSMISSION AND CONTROL", "source": "IMAGERY", "sourcedate": "2014-07-08T20:00:00-06:00", "val_method": "IMAGERY", "val_date": "2014-07-08T20:00:00-06:00", "owner": "PUBLIC SERVICE CO OF COLORADO", "voltage": 230.0, "volt_class": "220-287", "inferred": "Y", "sub_1": "MIDDLE FORK", "sub_2": "WHEELER", "shape_lengt": 16837.740760511399, "globalid": "b20dff01-f3f3-44e8-8507-7bd11903f97f", "STATEFP": "08", "STATENS": "01779779", "AFFGEOID": "0400000US08", "GEOID": "08", "STUSPS": "CO", "NAME": "Colorado", "LSAD": "00", "ALAND": 268422891711, "AWATER": 1181621593 }, "geometry": { "type": "MultiLineString", "coordinates": [ [ [ -108.103711273, 39.579154007 ], [ -108.103896968, 39.578671588000098 ], [ -108.103706824, 39.578520454000099 ], [ -108.103475085, 39.578291464000102 ], [ -108.106401517, 39.576253414000099 ], [ -108.107303512, 39.572192708 ], [ -108.10799516, 39.569114731000099 ], [ -108.109456891, 39.563093042 ], [ -108.110373145, 39.558453429000103 ], [ -108.110915056, 39.556193979 ], [ -108.112194961, 39.550212403 ], [ -108.112651306, 39.548488756 ], [ -108.11283313, 39.547688771 ], [ -108.113660256, 39.544183575 ], [ -108.114925901, 39.538473162000102 ], [ -108.116152328, 39.532556052000103 ], [ -108.11664789, 39.527070176 ], [ -108.116801194, 39.524193699000101 ], [ -108.116672847, 39.520635062 ], [ -108.116958062, 39.517763819 ], [ -108.117100671, 39.514246109000098 ], [ -108.117139887, 39.510788735000098 ], [ -108.117253974, 39.510488922 ], [ -108.117321713, 39.509553719000102 ], [ -108.1173538, 39.507952843 ], [ -108.117346669, 39.505666992 ], [ -108.117428668, 39.504528165000103 ], [ -108.11404304, 39.500640973 ], [ -108.111951458, 39.498226957 ], [ -108.109161693, 39.495010431 ], [ -108.10751576, 39.493031839 ], [ -108.105584612, 39.490610681000099 ], [ -108.102331371, 39.487036108 ], [ -108.101217247, 39.485758939 ], [ -108.101333116, 39.482080928000101 ], [ -108.101353913, 39.479017299000098 ], [ -108.101392536, 39.477515246000102 ], [ -108.101454927, 39.474339042000103 ], [ -108.099345519, 39.474114294000103 ], [ -108.09493656, 39.473442341000101 ], [ -108.094006638, 39.473579943000097 ], [ -108.094063088, 39.47396752 ] ] ] } },
{ "type": "Feature", "properties": { "objectid": "69909", "id": "201666", "type": "AC; OVERHEAD", "status": "NOT AVAILABLE", "naics_code": "221121", "naics_desc": "ELECTRIC BULK POWER TRANSMISSION AND CONTROL", "source": "Regional Map", "sourcedate": "2014-06-25T20:00:00-06:00", "val_method": "IMAGERY/OTHER", "val_date": "2014-06-25T20:00:00-06:00", "owner": "PUBLIC SERVICE CO OF COLORADO", "voltage": 230.0, "volt_class": "220-287", "inferred": "N", "sub_1": "MALTA", "sub_2": "BASALT", "shape_lengt": 106156.53264741199, "globalid": "1c4fd2a4-a9f7-4fa7-84e3-7cb2f163942b", "STATEFP": "08", "STATENS": "01779779", "AFFGEOID": "0400000US08", "GEOID": "08", "STUSPS": "CO", "NAME": "Colorado", "LSAD": "00", "ALAND": 268422891711, "AWATER": 1181621593 }, "geometry": { "type": "MultiLineString", "coordinates": [ [ [ -106.325353132, 39.18861923 ], [ -106.326105897, 39.188850343000098 ], [ -106.326153433, 39.190161961000101 ], [ -106.324423124, 39.190176699 ], [ -106.324366081, 39.191031448000103 ], [ -106.324294778, 39.195102417000101 ], [ -106.324309038, 39.196896516 ], [ -106.32440411, 39.202274855000098 ], [ -106.322388586, 39.203346790000097 ], [ -106.317501891, 39.205895793 ], [ -106.31603303, 39.206691416000098 ], [ -106.312696006, 39.208499952000103 ], [ -106.311712013, 39.211008253 ], [ -106.30940652, 39.217188381 ], [ -106.304439013, 39.219372290000102 ], [ -106.294432696, 39.223776727 ], [ -106.288428907, 39.226439142000103 ], [ -106.279430352, 39.2303791840001 ], [ -106.274919191, 39.232455902 ], [ -106.273901921, 39.238310148 ], [ -106.276188401, 39.246803459 ], [ -106.280514171, 39.263161321 ], [ -106.281407848, 39.265899528 ], [ -106.28224448, 39.267003614 ], [ -106.28619947, 39.270492409 ], [ -106.289488958, 39.268534583000097 ], [ -106.293044646, 39.267636614 ], [ -106.295554545, 39.267356917 ], [ -106.298767975, 39.267563010000103 ], [ -106.310537875, 39.268990924 ], [ -106.343736979, 39.272877056 ], [ -106.344212338, 39.276409716 ], [ -106.355126591, 39.284195660000101 ], [ -106.366116902, 39.28425453 ], [ -106.367029592, 39.286167765000101 ], [ -106.375586062, 39.288228114 ], [ -106.382203066, 39.288257548 ], [ -106.384560849, 39.287801333000097 ], [ -106.440120863, 39.287786616000098 ], [ -106.447935772, 39.282503137 ], [ -106.460789491, 39.285211154000102 ], [ -106.464136022, 39.285623234000099 ], [ -106.495566789, 39.286800594000098 ], [ -106.502811267, 39.288404713 ], [ -106.507355704, 39.287242098 ], [ -106.548369717, 39.2888167750001 ], [ -106.561394567, 39.289552593 ], [ -106.572080647, 39.295012122000102 ], [ -106.620529283, 39.319361442000101 ], [ -106.676849871, 39.347790130000099 ], [ -106.686737347, 39.353833229 ], [ -106.703412957, 39.364418421 ], [ -106.830371961, 39.3746051520001 ], [ -106.865016158, 39.377397792000103 ], [ -106.877546633, 39.381660026000098 ], [ -106.891255999, 39.380983965 ], [ -106.899622326, 39.3801462280001 ], [ -106.918161345, 39.384217242 ], [ -106.969519181, 39.3842025450001 ], [ -106.974900249, 39.381189723 ], [ -107.022017878, 39.375545844 ], [ -107.023462971, 39.375619334000099 ], [ -107.050715329, 39.372260719000103 ], [ -107.050696315, 39.371349382000098 ], [ -107.050849237, 39.371262026000103 ] ] ] } },
{ "type": "Feature", "properties": { "objectid": "70439", "id": "202200", "type": "AC; OVERHEAD", "status": "NOT AVAILABLE", "naics_code": "221121", "naics_desc": "ELECTRIC BULK POWER TRANSMISSION AND CONTROL", "source": "IMAGERY", "sourcedate": "2014-07-08T20:00:00-06:00", "val_method": "IMAGERY", "val_date": "2014-07-08T20:00:00-06:00", "owner": "PUBLIC SERVICE CO OF COLORADO", "voltage": 230.0, "volt_class": "220-287", "inferred": "Y", "sub_1": "PRAIRIE", "sub_2": "GREENWOOD", "shape_lengt": 9529.0287161353008, "globalid": "d87546cb-eed7-472b-b8f8-7e0068bed1f0", "STATEFP": "08", "STATENS": "01779779", "AFFGEOID": "0400000US08", "GEOID": "08", "STUSPS": "CO", "NAME": "Colorado", "LSAD": "00", "ALAND": 268422891711, "AWATER": 1181621593 }, "geometry": { "type": "MultiLineString", "coordinates": [ [ [ -104.904944725, 39.550227245 ], [ -104.904364529, 39.550501369000102 ], [ -104.904321166, 39.550961154 ], [ -104.904618501, 39.5563715400001 ], [ -104.904702798, 39.5602450210001 ], [ -104.904887464, 39.565651588 ], [ -104.904150688, 39.566404559 ], [ -104.904099967, 39.575054885 ], [ -104.904074402, 39.580365291000099 ], [ -104.906022573, 39.580677118 ], [ -104.922711229, 39.580722385000101 ], [ -104.922707052, 39.588229348 ], [ -104.922648035, 39.59467769 ], [ -104.922669103, 39.600197494 ], [ -104.922558592, 39.601438251000097 ], [ -104.92220027, 39.601442162000097 ] ] ] } },
{ "type": "Feature", "properties": { "objectid": "70421", "id": "202182", "type": "AC; OVERHEAD", "status": "NOT AVAILABLE", "naics_code": "221121", "naics_desc": "ELECTRIC BULK POWER TRANSMISSION AND CONTROL", "source": "IMAGERY", "sourcedate": "2014-07-08T20:00:00-06:00", "val_method": "IMAGERY", "val_date": "2014-07-08T20:00:00-06:00", "owner": "PUBLIC SERVICE CO OF COLORADO", "voltage": 230.0, "volt_class": "220-287", "inferred": "Y", "sub_1": "HOMESTEAD", "sub_2": "SULPHUR", "shape_lengt": 9332.0616703469004, "globalid": "de48e8c7-1f6c-41aa-ad15-817bbf08b8e9", "STATEFP": "08", "STATENS": "01779779", "AFFGEOID": "0400000US08", "GEOID": "08", "STUSPS": "CO", "NAME": "Colorado", "LSAD": "00", "ALAND": 268422891711, "AWATER": 1181621593 }, "geometry": { "type": "MultiLineString", "coordinates": [ [ [ -104.717546893, 39.525354839 ], [ -104.717741008, 39.524377583000103 ], [ -104.717777678, 39.5183468990001 ], [ -104.71783635, 39.513192683000099 ], [ -104.720197875, 39.510901168 ], [ -104.727451133, 39.510912484000102 ], [ -104.74688605, 39.510957750000102 ], [ -104.760233804, 39.510991699 ], [ -104.782396943, 39.511031306000099 ], [ -104.782672652, 39.509459283000098 ] ] ] } },
{ "type": "Feature", "properties": { "objectid": "70129", "id": "201888", "type": "AC; OVERHEAD", "status": "NOT AVAILABLE", "naics_code": "221121", "naics_desc": "ELECTRIC BULK POWER TRANSMISSION AND CONTROL", "source": "Regional Map", "sourcedate": "2014-07-08T20:00:00-06:00", "val_method": "IMAGERY/OTHER", "val_date": "2014-07-08T20:00:00-06:00", "owner": "PLATTE RIVER POWER AUTHORITY", "voltage": 230.0, "volt_class": "220-287", "inferred": "N", "sub_1": "FORDHAM", "sub_2": "FORT ST VRAIN", "shape_lengt": 45877.187649463602, "globalid": "480d9a76-f972-422c-98ff-52e2ad5f195a", "STATEFP": "08", "STATENS": "01779779", "AFFGEOID": "0400000US08", "GEOID": "08", "STUSPS": "CO", "NAME": "Colorado", "LSAD": "00", "ALAND": 268422891711, "AWATER": 1181621593 }, "geometry": { "type": "MultiLineString", "coordinates": [ [ [ -105.139380934, 40.142805194000097 ], [ -105.139777449, 40.142147312000098 ], [ -105.140157634, 40.142136744 ], [ -105.140202565, 40.152329221 ], [ -105.140143809, 40.159617304 ], [ -105.140195653, 40.166336757000103 ], [ -105.138101178, 40.170369694 ], [ -105.138110416, 40.170695267 ], [ -105.138128478, 40.19253243 ], [ -105.131593862, 40.195880706 ], [ -105.126650035, 40.195890232000103 ], [ -105.121820516, 40.195852129000102 ], [ -105.112642524, 40.195794975000098 ], [ -105.104074176, 40.195794975000098 ], [ -105.10349311, 40.19583784 ], [ -105.092567804, 40.195877713000101 ], [ -105.076722744, 40.196011492 ], [ -105.072084466, 40.196049714 ], [ -105.067169076, 40.196172025000102 ], [ -105.064883381, 40.196227448000101 ], [ -105.055385136, 40.196336381 ], [ -105.036029355, 40.196387981 ], [ -105.028612315, 40.196481626 ], [ -105.029001151, 40.233022761 ], [ -105.029091153, 40.240341326000099 ], [ -105.021196695, 40.2403919650001 ], [ -105.017357376, 40.240417366 ], [ -105.013525978, 40.240620568 ], [ -105.009742117, 40.2406278240001 ], [ -105.006566716, 40.240446394000102 ], [ -105.005720576, 40.240446394000102 ], [ -105.002972251, 40.240464826 ], [ -104.991897123, 40.2406568540001 ], [ -104.984604362, 40.240339639000098 ], [ -104.984576588, 40.237195082 ], [ -104.977351124, 40.236912036 ], [ -104.974536996, 40.235460501 ], [ -104.970012015, 40.231497033 ], [ -104.965010045, 40.2278986950001 ], [ -104.961655196, 40.227561171 ], [ -104.957595184, 40.226881292 ], [ -104.954486334, 40.226039281000098 ], [ -104.936204009, 40.226540134000103 ], [ -104.929026081, 40.226271561 ], [ -104.918254437, 40.227701518000103 ], [ -104.914717762, 40.227955567 ], [ -104.90449441, 40.227637386 ], [ -104.89667237, 40.237697048 ], [ -104.885356438, 40.242524937 ], [ -104.882315326, 40.242187486 ], [ -104.879056296, 40.241426112000099 ], [ -104.87724993, 40.241462397000099 ], [ -104.875111635, 40.241461028000103 ], [ -104.875041296, 40.243125451 ], [ -104.873888203, 40.243314544 ] ] ] } },
{ "type": "Feature", "properties": { "objectid": "74398", "id": "206677", "type": "AC; OVERHEAD", "status": "NOT AVAILABLE", "naics_code": "221121", "naics_desc": "ELECTRIC BULK POWER TRANSMISSION AND CONTROL", "source": "Regional Map", "sourcedate": "2016-01-06T18:00:00-07:00", "val_method": "IMAGERY", "val_date": "2016-01-06T18:00:00-07:00", "owner": "TRI-STATE G & T ASSN, INC", "voltage": 230.0, "volt_class": "220-287", "inferred": "N", "sub_1": "NOT AVAILABLE", "sub_2": "CRAIG", "shape_lengt": 1346.0729534212001, "globalid": "98d4f0c4-ae50-41e4-82c7-53c8c991ebd5", "STATEFP": "08", "STATENS": "01779779", "AFFGEOID": "0400000US08", "GEOID": "08", "STUSPS": "CO", "NAME": "Colorado", "LSAD": "00", "ALAND": 268422891711, "AWATER": 1181621593 }, "geometry": { "type": "MultiLineString", "coordinates": [ [ [ -107.5909569, 40.463495784 ], [ -107.5906722, 40.464888400000099 ], [ -107.5906709, 40.4661775000001 ], [ -107.5907327, 40.4677584 ], [ -107.5907657, 40.469345700000098 ], [ -107.5908152, 40.4709203 ], [ -107.5908177, 40.4717487 ], [ -107.591734929, 40.472360787000099 ] ] ] } },
{ "type": "Feature", "properties": { "objectid": "73555", "id": "205230", "type": "AC; OVERHEAD", "status": "NOT AVAILABLE", "naics_code": "221121", "naics_desc": "ELECTRIC BULK POWER TRANSMISSION AND CONTROL", "source": "Regional Map", "sourcedate": "2015-08-12T20:00:00-06:00", "val_method": "IMAGERY/OTHER", "val_date": "2015-08-12T20:00:00-06:00", "owner": "PUBLIC SERVICE CO OF COLORADO", "voltage": 230.0, "volt_class": "220-287", "inferred": "N", "sub_1": "CAPITAL HILL", "sub_2": "ELATI", "shape_lengt": 1743.0458861863999, "globalid": "485176e9-66a0-487a-81b9-556b9469c557", "STATEFP": "08", "STATENS": "01779779", "AFFGEOID": "0400000US08", "GEOID": "08", "STUSPS": "CO", "NAME": "Colorado", "LSAD": "00", "ALAND": 268422891711, "AWATER": 1181621593 }, "geometry": { "type": "MultiLineString", "coordinates": [ [ [ -104.979058261, 39.737415244 ], [ -104.979167257, 39.736814174000102 ], [ -104.993532743, 39.736746583000098 ], [ -104.993787357, 39.736412916 ] ] ] } },
{ "type": "Feature", "properties": { "objectid": "74634", "id": "206924", "type": "AC; OVERHEAD", "status": "NOT AVAILABLE", "naics_code": "221121", "naics_desc": "ELECTRIC BULK POWER TRANSMISSION AND CONTROL", "source": "IMAGERY", "sourcedate": "2016-02-16T18:00:00-07:00", "val_method": "IMAGERY", "val_date": "2016-02-16T18:00:00-07:00", "owner": "CITY OF COLORADO SPRINGS - (CO)", "voltage": 230.0, "volt_class": "220-287", "inferred": "Y", "sub_1": "NOT AVAILABLE", "sub_2": "FRONT RANGE", "shape_lengt": 643.50881249589997, "globalid": "2a58c6f7-150b-42d8-aa15-58d829e28fd9", "STATEFP": "08", "STATENS": "01779779", "AFFGEOID": "0400000US08", "GEOID": "08", "STUSPS": "CO", "NAME": "Colorado", "LSAD": "00", "ALAND": 268422891711, "AWATER": 1181621593 }, "geometry": { "type": "MultiLineString", "coordinates": [ [ [ -104.707095495, 38.633430939 ], [ -104.705324267, 38.633432927000101 ], [ -104.703891831, 38.633380579000097 ], [ -104.702744931, 38.633228293000101 ], [ -104.702546623, 38.632136099 ] ] ] } },
{ "type": "Feature", "properties": { "objectid": "69927", "id": "201686", "type": "AC; OVERHEAD", "status": "NOT AVAILABLE", "naics_code": "221121", "naics_desc": "ELECTRIC BULK POWER TRANSMISSION AND CONTROL", "source": "Regional Map", "sourcedate": "2014-07-09T20:00:00-06:00", "val_method": "IMAGERY/OTHER", "val_date": "2014-07-09T20:00:00-06:00", "owner": "PUBLIC SERVICE CO OF COLORADO", "voltage": 230.0, "volt_class": "220-287", "inferred": "N", "sub_1": "BASALT", "sub_2": "COOLEY MESA", "shape_lengt": 52362.4264865515, "globalid": "3bc59d6d-a957-471f-bbff-593e4cd2da3f", "STATEFP": "08", "STATENS": "01779779", "AFFGEOID": "0400000US08", "GEOID": "08", "STUSPS": "CO", "NAME": "Colorado", "LSAD": "00", "ALAND": 268422891711, "AWATER": 1181621593 }, "geometry": { "type": "MultiLineString", "coordinates": [ [ [ -107.050849237, 39.371262026000103 ], [ -107.051061535, 39.37107644 ], [ -107.052392, 39.3712236000001 ], [ -107.0516483, 39.3729026 ], [ -107.0512073, 39.373943100000098 ], [ -107.0532596, 39.375638600000102 ], [ -107.0556611, 39.377645900000097 ], [ -107.0569014, 39.378680200000097 ], [ -107.0584652, 39.379930300000098 ], [ -107.0599778, 39.3812164 ], [ -107.0618907, 39.3827848 ], [ -107.0638035, 39.3843892 ], [ -107.0648112, 39.385177 ], [ -107.0661143, 39.3862453 ], [ -107.0672849, 39.387256100000101 ], [ -107.0686253, 39.388346 ], [ -107.0694677, 39.3890259 ], [ -107.069768, 39.3900743 ], [ -107.071034, 39.3939589 ], [ -107.0716064, 39.395771600000103 ], [ -107.0721137, 39.3973326 ], [ -107.073389, 39.401256300000099 ], [ -107.0738265, 39.402723600000101 ], [ -107.0747713, 39.405600600000099 ], [ -107.075353, 39.4074561 ], [ -107.0763257, 39.4104156000001 ], [ -107.0766144, 39.411290300000097 ], [ -107.0764189, 39.4126495 ], [ -107.076121, 39.4150658 ], [ -107.0758464, 39.417176400000102 ], [ -107.0755439, 39.4194775 ], [ -107.0749668, 39.4223286000001 ], [ -107.0745247, 39.4245109 ], [ -107.0741616, 39.4263732000001 ], [ -107.0738405, 39.427987400000099 ], [ -107.0716391, 39.4316434 ], [ -107.0715786, 39.4353639 ], [ -107.0716112, 39.4372726 ], [ -107.0715925, 39.439148900000099 ], [ -107.0715739, 39.4408526 ], [ -107.0715506, 39.4429193 ], [ -107.071546, 39.4454173 ], [ -107.0696983, 39.4457012 ], [ -107.0668546, 39.446128900000097 ], [ -107.0667894, 39.449769500000102 ], [ -107.0667615, 39.4511568 ], [ -107.0667708, 39.4520947 ], [ -107.0667476, 39.4545492 ], [ -107.0667615, 39.456489700000098 ], [ -107.0667429, 39.4589944 ], [ -107.0667569, 39.461366 ], [ -107.0667848, 39.4628967 ], [ -107.0667801, 39.464183 ], [ -107.066783, 39.4657243 ], [ -107.06704, 39.4712378 ], [ -107.0663738, 39.4735261000001 ], [ -107.066036, 39.4748484 ], [ -107.0655506, 39.4763763 ], [ -107.0650177, 39.4782091000001 ], [ -107.0643373, 39.480519200000103 ], [ -107.0638995, 39.4819148 ], [ -107.0635046, 39.483280900000103 ], [ -107.063614, 39.484669100000097 ], [ -107.0638424, 39.4871149 ], [ -107.0638948, 39.488723300000103 ], [ -107.0639566, 39.4899535 ], [ -107.0637235, 39.4912865 ], [ -107.0634522, 39.493008700000097 ], [ -107.0632001, 39.494631700000099 ], [ -107.0607733, 39.4954835 ], [ -107.0580135, 39.4965043 ], [ -107.0533124, 39.498222700000099 ], [ -107.0532553, 39.499805100000103 ], [ -107.05326, 39.501839200000099 ], [ -107.0532553, 39.5042403 ], [ -107.0532886, 39.5070121 ], [ -107.0532648, 39.509112000000101 ], [ -107.0528365, 39.5104006 ], [ -107.0522608, 39.511942400000102 ], [ -107.0519182, 39.5129593 ], [ -107.0512568, 39.5148314 ], [ -107.0508048, 39.5160648 ], [ -107.0498912, 39.5187481 ], [ -107.0493725, 39.5202053 ], [ -107.0493535, 39.5220075 ], [ -107.0492441, 39.524910700000099 ], [ -107.0492441, 39.5264339 ], [ -107.0492155, 39.5288305 ], [ -107.0491489, 39.531120600000101 ], [ -107.0491127, 39.5322411000001 ], [ -107.047332, 39.532957300000099 ], [ -107.0455153, 39.533622600000101 ], [ -107.0423216, 39.5348206 ], [ -107.034806, 39.5376015000001 ], [ -107.0321499, 39.5385897 ], [ -107.0303522, 39.539305800000101 ], [ -107.0288372, 39.539910400000103 ], [ -107.0271113, 39.5400698 ], [ -107.0239219, 39.540427000000101 ], [ -107.0218161, 39.5406597 ], [ -107.0180615, 39.5410808 ], [ -107.0131552, 39.5416347 ], [ -107.0087461, 39.542116500000098 ], [ -107.0068061, 39.5423327 ], [ -107.0039864, 39.542637500000097 ], [ -107.0022844, 39.5426195000001 ], [ -107.0002955, 39.5426277 ], [ -106.9989356, 39.542898100000102 ], [ -106.9953063, 39.543619 ], [ -106.9902619, 39.5441565 ], [ -106.9878565, 39.544423600000101 ], [ -106.9850538, 39.5447365 ], [ -106.9822681, 39.545051100000101 ], [ -106.9811622, 39.5451683000001 ], [ -106.9724332, 39.5461383 ], [ -106.9698132, 39.5464168 ], [ -106.9680517, 39.54662 ], [ -106.9662541, 39.546819900000102 ], [ -106.9635215, 39.547131200000102 ], [ -106.9611735, 39.547375400000099 ], [ -106.9588978, 39.547627700000099 ], [ -106.9561886, 39.547912800000098 ], [ -106.9525551, 39.5483175 ], [ -106.9508127, 39.5485174 ], [ -106.9478655, 39.5488238 ], [ -106.9469766, 39.5502575 ], [ -106.9461458, 39.551429 ], [ -106.9418025, 39.5580526 ], [ -106.9406169, 39.5595254 ], [ -106.9393058, 39.561080000000103 ], [ -106.9378822, 39.562818100000101 ], [ -106.9360476, 39.5650252 ], [ -106.9348704, 39.5664877 ], [ -106.9316986, 39.570264000000101 ], [ -106.9301067, 39.572240200000103 ], [ -106.9268717, 39.576162400000101 ], [ -106.924955, 39.5784834 ], [ -106.9231404, 39.578757100000097 ], [ -106.9211143, 39.5790364 ], [ -106.9174744, 39.579554200000103 ], [ -106.914437, 39.580004900000098 ], [ -106.9127411, 39.5801905000001 ], [ -106.9113445, 39.580800300000099 ], [ -106.9099617, 39.5813093 ], [ -106.9075951, 39.5821921 ], [ -106.905741, 39.583342700000102 ], [ -106.9039694, 39.584411100000104 ], [ -106.9018367, 39.5857048 ], [ -106.9006052, 39.586476300000101 ], [ -106.9007738, 39.588400900000103 ], [ -106.9009561, 39.590187500000098 ], [ -106.9010868, 39.5917383 ], [ -106.9013242, 39.594418200000099 ], [ -106.9012691, 39.5962551000001 ], [ -106.9016957, 39.5982138 ], [ -106.9017989, 39.599828000000102 ], [ -106.9021085, 39.6029475 ], [ -106.9023626, 39.6057711 ], [ -106.9024843, 39.607367800000098 ], [ -106.9027105, 39.609779500000101 ], [ -106.9029026, 39.6117452 ], [ -106.9031386, 39.6145185 ], [ -106.9034646, 39.618038500000097 ], [ -106.9037033, 39.620444500000097 ], [ -106.9038998, 39.6225266000001 ], [ -106.9040614, 39.624445900000097 ], [ -106.9042529, 39.6265605 ], [ -106.9044568, 39.6289106 ], [ -106.9046831, 39.6310882000001 ], [ -106.9048671, 39.6333271 ], [ -106.9050064, 39.634899400000101 ], [ -106.9046307, 39.634932600000099 ], [ -106.904357, 39.635054 ] ] ] } },
{ "type": "Feature", "properties": { "objectid": "74466", "id": "206745", "type": "AC; OVERHEAD", "status": "NOT AVAILABLE", "naics_code": "221121", "naics_desc": "ELECTRIC BULK POWER TRANSMISSION AND CONTROL", "source": "IMAGERY", "sourcedate": "2016-12-10T18:00:00-07:00", "val_method": "IMAGERY", "val_date": "2016-12-10T18:00:00-07:00", "owner": "PUBLIC SERVICE CO OF COLORADO", "voltage": 230.0, "volt_class": "220-287", "inferred": "Y", "sub_1": "NOT AVAILABLE", "sub_2": "UNKNOWN201328", "shape_lengt": 67.006820100900001, "globalid": "054beda2-b71c-4f2f-b160-5bd7515a46ae", "STATEFP": "08", "STATENS": "01779779", "AFFGEOID": "0400000US08", "GEOID": "08", "STUSPS": "CO", "NAME": "Colorado", "LSAD": "00", "ALAND": 268422891711, "AWATER": 1181621593 }, "geometry": { "type": "MultiLineString", "coordinates": [ [ [ -103.685035658, 40.217273873000103 ], [ -103.684960965, 40.217168568 ], [ -103.6846475, 40.217178364000098 ], [ -103.684632648, 40.217078692 ] ] ] } },
{ "type": "Feature", "properties": { "objectid": "70108", "id": "201867", "type": "AC; OVERHEAD", "status": "NOT AVAILABLE", "naics_code": "221121", "naics_desc": "ELECTRIC BULK POWER TRANSMISSION AND CONTROL", "source": "Regional Map", "sourcedate": "2014-07-08T20:00:00-06:00", "val_method": "IMAGERY/OTHER", "val_date": "2014-07-08T20:00:00-06:00", "owner": "PUBLIC SERVICE CO OF COLORADO", "voltage": 230.0, "volt_class": "220-287", "inferred": "N", "sub_1": "SIMMS", "sub_2": "LEGGETT", "shape_lengt": 26103.115495231799, "globalid": "6e1a6d06-8e5c-4190-9fb6-602ab9eb5a91", "STATEFP": "08", "STATENS": "01779779", "AFFGEOID": "0400000US08", "GEOID": "08", "STUSPS": "CO", "NAME": "Colorado", "LSAD": "00", "ALAND": 268422891711, "AWATER": 1181621593 }, "geometry": { "type": "MultiLineString", "coordinates": [ [ [ -105.146084879, 39.899567269 ], [ -105.147594628, 39.899549644000103 ], [ -105.146968328, 39.896062909000101 ], [ -105.147799661, 39.892254303000101 ], [ -105.148089371, 39.889440571000101 ], [ -105.160154774, 39.890841865 ], [ -105.166209512, 39.889960752 ], [ -105.177488965, 39.889051527000099 ], [ -105.182701642, 39.888385844 ], [ -105.182655, 39.8894615 ], [ -105.182639, 39.891079100000098 ], [ -105.182628, 39.892532000000102 ], [ -105.182564, 39.8945199 ], [ -105.182505, 39.898047 ], [ -105.182639, 39.898903 ], [ -105.184409, 39.899973 ], [ -105.184318, 39.9046315 ], [ -105.184254, 39.907808300000099 ], [ -105.184264, 39.9124251000001 ], [ -105.184286, 39.915239400000097 ], [ -105.184307, 39.9179961 ], [ -105.18435, 39.9220691 ], [ -105.184382, 39.9248831 ], [ -105.184479, 39.9279931 ], [ -105.184457, 39.929762 ], [ -105.184425, 39.932189000000101 ], [ -105.184447, 39.9345994 ], [ -105.184404, 39.937125 ], [ -105.184404, 39.939420100000099 ], [ -105.182215, 39.9394530000001 ], [ -105.182258, 39.940489500000098 ], [ -105.182215, 39.9442979 ], [ -105.182097, 39.948912300000103 ], [ -105.182119, 39.950713500000099 ], [ -105.182065, 39.9523667 ], [ -105.182076, 39.958871900000098 ], [ -105.182065, 39.9599492 ], [ -105.182065, 39.961807700000101 ], [ -105.182022, 39.965245 ], [ -105.179941, 39.9664497 ], [ -105.177274, 39.967975000000102 ], [ -105.175322, 39.969150800000101 ], [ -105.172978, 39.970523900000103 ], [ -105.174389, 39.9716792 ], [ -105.17596, 39.972904200000102 ], [ -105.179013, 39.9753544000001 ], [ -105.180509, 39.976538300000101 ], [ -105.181834, 39.9776482 ], [ -105.182687, 39.9792842 ], [ -105.183637, 39.981109300000099 ], [ -105.184511, 39.982807 ], [ -105.185235, 39.9842538 ], [ -105.186206, 39.986391200000099 ], [ -105.186501, 39.986904900000098 ], [ -105.187687, 39.9891244 ], [ -105.188379, 39.9905588 ], [ -105.189307, 39.9924041 ], [ -105.190289, 39.994348000000102 ], [ -105.191238, 39.996226200000102 ], [ -105.192155, 39.998022 ], [ -105.193137, 39.9999863 ], [ -105.194076, 40.0017986 ], [ -105.194945, 40.0035326 ], [ -105.196114, 40.0058625 ], [ -105.196576, 40.0067706 ], [ -105.197311, 40.008237500000099 ], [ -105.198496, 40.0106247 ], [ -105.199414, 40.012416100000102 ], [ -105.200224, 40.014018400000097 ], [ -105.201071, 40.015686500000101 ], [ -105.202334, 40.0163668000001 ], [ -105.204045, 40.0165887 ], [ -105.204007132, 40.016760451 ], [ -105.204091903, 40.017115382 ] ] ] } },
{ "type": "Feature", "properties": { "objectid": "68503", "id": "200204", "type": "AC; OVERHEAD", "status": "NOT AVAILABLE", "naics_code": "221121", "naics_desc": "ELECTRIC BULK POWER TRANSMISSION AND CONTROL", "source": "Regional Map", "sourcedate": "2014-06-29T20:00:00-06:00", "val_method": "IMAGERY/OTHER", "val_date": "2014-06-29T20:00:00-06:00", "owner": "PUBLIC SERVICE CO OF COLORADO", "voltage": 230.0, "volt_class": "220-287", "inferred": "N", "sub_1": "DANIELS PARK", "sub_2": "WATERTON", "shape_lengt": 18857.0631734581, "globalid": "b87386bd-96e9-4c66-9db3-6151e8256e53", "STATEFP": "08", "STATENS": "01779779", "AFFGEOID": "0400000US08", "GEOID": "08", "STUSPS": "CO", "NAME": "Colorado", "LSAD": "00", "ALAND": 268422891711, "AWATER": 1181621593 }, "geometry": { "type": "MultiLineString", "coordinates": [ [ [ -104.90505142, 39.494246447000101 ], [ -104.906221193, 39.4934992600001 ], [ -104.90646578, 39.492944251 ], [ -104.907316502, 39.492981926 ], [ -104.921139682, 39.492977206 ], [ -104.925649715, 39.492974885000102 ], [ -104.934283099, 39.492960040000099 ], [ -104.941438887, 39.492964623 ], [ -104.942302403, 39.492974017000101 ], [ -104.94615313, 39.492119950000102 ], [ -104.953625396, 39.490520403000097 ], [ -104.957062455, 39.491194072 ], [ -104.969974924, 39.493769369000098 ], [ -104.973483927, 39.4944721090001 ], [ -104.979459567, 39.495667953000101 ], [ -104.981443185, 39.496083705 ], [ -104.985049501, 39.4960445090001 ], [ -104.993027576, 39.496044157 ], [ -105.006374469, 39.496001384000103 ], [ -105.014332174, 39.495987968000101 ], [ -105.020804159, 39.495987523000103 ], [ -105.025656114, 39.495986344000102 ], [ -105.038119767, 39.495997599000098 ], [ -105.054250882, 39.496028851000098 ], [ -105.067516413, 39.496050791000101 ], [ -105.069877262, 39.496038228 ], [ -105.070833813, 39.4969334130001 ], [ -105.070999953, 39.496928071000099 ], [ -105.071568034, 39.497212293000104 ] ] ] } },
{ "type": "Feature", "properties": { "objectid": "70031", "id": "201790", "type": "AC; OVERHEAD", "status": "NOT AVAILABLE", "naics_code": "221121", "naics_desc": "ELECTRIC BULK POWER TRANSMISSION AND CONTROL", "source": "IMAGERY", "sourcedate": "2014-06-30T20:00:00-06:00", "val_method": "IMAGERY", "val_date": "2014-06-30T20:00:00-06:00", "owner": "TRI-STATE G & T ASSN, INC", "voltage": 230.0, "volt_class": "220-287", "inferred": "Y", "sub_1": "SAN LUIS VALLEY", "sub_2": "PONCHA", "shape_lengt": 127816.73762936299, "globalid": "b22f58f8-b317-46a5-9296-621ce317f827", "STATEFP": "08", "STATENS": "01779779", "AFFGEOID": "0400000US08", "GEOID": "08", "STUSPS": "CO", "NAME": "Colorado", "LSAD": "00", "ALAND": 268422891711, "AWATER": 1181621593 }, "geometry": { "type": "MultiLineString", "coordinates": [ [ [ -105.994011, 37.692018 ], [ -105.993876401, 37.693131650000097 ], [ -105.993864518, 37.694711465000097 ], [ -105.993888285, 37.697894502000104 ], [ -105.99199279, 37.699826825 ], [ -105.99193337, 37.703973394000101 ], [ -105.991951196, 37.705581184 ], [ -105.991868007, 37.7112504830001 ], [ -105.991838297, 37.712519669000102 ], [ -105.992034383, 37.715109683 ], [ -105.992283947, 37.718743069 ], [ -105.992402787, 37.720148432 ], [ -105.992379019, 37.724472460000101 ], [ -105.992379019, 37.732015403 ], [ -105.992594119, 37.760687552 ], [ -105.992632148, 37.780061647 ], [ -105.992575104, 37.800257003000098 ], [ -105.992632148, 37.829383287 ], [ -105.992442004, 37.843138793 ], [ -105.991966644, 37.859924241 ], [ -105.991916732, 37.86463977 ], [ -106.010306012, 37.864767364 ], [ -106.010191926, 37.86933811 ], [ -106.010013666, 37.876385058 ], [ -106.009650016, 37.888169740000102 ], [ -106.00952167, 37.892896590000099 ], [ -106.00953593, 37.899344875000097 ], [ -106.006506305, 37.986604298 ], [ -105.996880277, 37.986510633000101 ], [ -105.996523757, 38.027617744000104 ], [ -105.987610767, 38.030706868 ], [ -105.984520931, 38.149398904000101 ], [ -105.951008089, 38.173786839000101 ], [ -105.954454445, 38.20582448 ], [ -105.985471649, 38.22571248 ], [ -106.012567139, 38.28403791 ], [ -106.018509132, 38.296723321000101 ], [ -106.039068428, 38.334393376 ], [ -106.04691186, 38.361980794 ], [ -106.060221924, 38.377633842000101 ], [ -106.076384146, 38.385645402000101 ], [ -106.095992724, 38.415913633000102 ], [ -106.106962174, 38.431550214 ], [ -106.115479566, 38.445737301000101 ], [ -106.120198662, 38.4555871210001 ], [ -106.117771101, 38.469630212 ], [ -106.113313596, 38.487847744000099 ], [ -106.112915978, 38.490788002 ], [ -106.112392624, 38.494458691 ], [ -106.104668034, 38.498179083 ], [ -106.09884488, 38.499481175 ], [ -106.096244408, 38.5055261850001 ], [ -106.091978209, 38.509324363000097 ] ] ] } },
{ "type": "Feature", "properties": { "objectid": "73521", "id": "205185", "type": "AC; OVERHEAD", "status": "NOT AVAILABLE", "naics_code": "221121", "naics_desc": "ELECTRIC BULK POWER TRANSMISSION AND CONTROL", "source": "Regional Map", "sourcedate": "2015-08-12T20:00:00-06:00", "val_method": "IMAGERY/OTHER", "val_date": "2015-08-12T20:00:00-06:00", "owner": "PLATTE RIVER POWER AUTHORITY", "voltage": 230.0, "volt_class": "220-287", "inferred": "N", "sub_1": "AULT", "sub_2": "RAWHIDE", "shape_lengt": 56459.176634139403, "globalid": "f6b4dc07-de61-49b8-a471-65afb90e78cb", "STATEFP": "08", "STATENS": "01779779", "AFFGEOID": "0400000US08", "GEOID": "08", "STUSPS": "CO", "NAME": "Colorado", "LSAD": "00", "ALAND": 268422891711, "AWATER": 1181621593 }, "geometry": { "type": "MultiLineString", "coordinates": [ [ [ -104.813195224, 40.607539759000097 ], [ -104.812920213, 40.606153702 ], [ -104.813037864, 40.606156409 ], [ -104.813868555, 40.6062944500001 ], [ -104.813963383, 40.606262669 ], [ -104.814979528, 40.605001256 ], [ -104.815978225, 40.603742002 ], [ -104.818446764, 40.603717836 ], [ -104.820860398, 40.603690769 ], [ -104.823937168, 40.603660993000098 ], [ -104.826767944, 40.603628511000103 ], [ -104.829719936, 40.603598736 ], [ -104.832903664, 40.603560841 ], [ -104.836019631, 40.603528359000101 ], [ -104.839135613, 40.603493171 ], [ -104.842233776, 40.603460689 ], [ -104.845510253, 40.603422794 ], [ -104.848397937, 40.603384899 ], [ -104.850960837, 40.603368662 ], [ -104.853662958, 40.603387607000101 ], [ -104.856251292, 40.603403848 ], [ -104.85860076, 40.603420089000103 ], [ -104.860379721, 40.603430916 ], [ -104.862843667, 40.603455531000101 ], [ -104.86364747, 40.601791629 ], [ -104.864432013, 40.600167068000097 ], [ -104.865272716, 40.598235849000098 ], [ -104.866712481, 40.5960950750001 ], [ -104.869542568, 40.596097761000102 ], [ -104.872576527, 40.596105883000099 ], [ -104.875403686, 40.596111297 ], [ -104.878437619, 40.596124832 ], [ -104.881168593, 40.596135661000098 ], [ -104.883860327, 40.596143782000098 ], [ -104.886188376, 40.596151903000099 ], [ -104.8888406, 40.596151444 ], [ -104.888749325, 40.598632468 ], [ -104.888715092, 40.600801662 ], [ -104.888696133, 40.603027969 ], [ -104.891796213, 40.603054335 ], [ -104.895175214, 40.6030897690001 ], [ -104.898180878, 40.603118117000101 ], [ -104.900974937, 40.603146465000101 ], [ -104.904273027, 40.603179537000102 ], [ -104.907719469, 40.6032191830001 ], [ -104.907704232, 40.604829577 ], [ -104.907698009, 40.6063909860001 ], [ -104.90767623, 40.608292445000103 ], [ -104.907648236, 40.610889899 ], [ -104.907461613, 40.613317205 ], [ -104.907237593, 40.616293157 ], [ -104.907035351, 40.618796644 ], [ -104.906870445, 40.620917477 ], [ -104.906696201, 40.623078423 ], [ -104.906515638, 40.625481463 ], [ -104.906571672, 40.628063833000098 ], [ -104.906640124, 40.6310392 ], [ -104.906711687, 40.6340994 ], [ -104.906777024, 40.637114473000103 ], [ -104.906814342, 40.640130302000102 ], [ -104.906599801, 40.642211232000101 ], [ -104.906332214, 40.644881432 ], [ -104.906126808, 40.646924031 ], [ -104.906020979, 40.648655112 ], [ -104.905921407, 40.650668865 ], [ -104.905793829, 40.653053234 ], [ -104.905706689, 40.655437904 ], [ -104.905675571, 40.658346264 ], [ -104.905641345, 40.661350994 ], [ -104.905622676, 40.664145476 ], [ -104.905594674, 40.666463057 ], [ -104.905566668, 40.668988578 ], [ -104.905591562, 40.671509291000099 ], [ -104.905619564, 40.673954069 ], [ -104.905635121, 40.676122587000101 ], [ -104.905641344, 40.678578838000099 ], [ -104.905622612, 40.68103402 ], [ -104.906940669, 40.682964400000103 ], [ -104.908804376, 40.685736679000101 ], [ -104.910808174, 40.688704775000097 ], [ -104.912566142, 40.69130231 ], [ -104.914629018, 40.694355028000103 ], [ -104.916667009, 40.697374591 ], [ -104.918421876, 40.699974162 ], [ -104.920453642, 40.702974596 ], [ -104.922339162, 40.705772037 ], [ -104.924274498, 40.708640165000098 ], [ -104.926464949, 40.711876061000098 ], [ -104.92784643, 40.71392554 ], [ -104.929921764, 40.716991389 ], [ -104.931866429, 40.719875535 ], [ -104.93395111, 40.722945846000101 ], [ -104.935509904, 40.725249592000097 ], [ -104.937211881, 40.727779701 ], [ -104.938938738, 40.730321486 ], [ -104.940444661, 40.732556636 ], [ -104.942059522, 40.734942658000101 ], [ -104.943865341, 40.737608743000102 ], [ -104.943834316, 40.740514283 ], [ -104.943812536, 40.743074431 ], [ -104.943781421, 40.745983354 ], [ -104.943753418, 40.749177386 ], [ -104.943725416, 40.752159092000099 ], [ -104.943688078, 40.755722914 ], [ -104.943675632, 40.758702036 ], [ -104.943650741, 40.762227694000103 ], [ -104.943625849, 40.765628302 ], [ -104.944675761, 40.767506649 ], [ -104.943655207, 40.769061920000098 ], [ -104.943566731, 40.770918773000098 ], [ -104.943566731, 40.77360501 ], [ -104.943569842, 40.775751388000103 ], [ -104.943541841, 40.777982489000102 ], [ -104.943507615, 40.780560094000101 ], [ -104.943482722, 40.783418076 ], [ -104.943482722, 40.7859130780001 ], [ -104.943482722, 40.789500951 ], [ -104.943485833, 40.792257031000098 ], [ -104.943473388, 40.795189733 ], [ -104.943479633, 40.7977429520001 ], [ -104.945346486, 40.800146373000103 ], [ -104.946936459, 40.802179035000101 ], [ -104.949279332, 40.805179524 ], [ -104.950940869, 40.807322722 ], [ -104.95288555, 40.809800265 ], [ -104.954127017, 40.811392227 ], [ -104.956108975, 40.813916636 ], [ -104.95756514, 40.815795796 ], [ -104.959254683, 40.817943364 ], [ -104.960735676, 40.819843519000102 ], [ -104.962305991, 40.821861109000103 ], [ -104.964162884, 40.8227908040001 ], [ -104.96674845, 40.824078701000097 ], [ -104.97051952, 40.825976395 ], [ -104.972486015, 40.826955860000098 ], [ -104.974088423, 40.827756356000101 ], [ -104.977255865, 40.829331402 ], [ -104.980555102, 40.830980748000101 ], [ -104.983288122, 40.83268164 ], [ -104.985532452, 40.834099056000099 ], [ -104.985798501, 40.836566033 ], [ -104.986047415, 40.838943568 ], [ -104.986308778, 40.841389305000099 ], [ -104.986567024, 40.843832548000101 ], [ -104.98679767, 40.846051267000099 ], [ -104.987670419, 40.848145037 ], [ -104.988799859, 40.850846927000099 ], [ -104.989664816, 40.852936781 ], [ -104.990723128, 40.855499748 ], [ -104.994442856, 40.855523491 ], [ -104.997432879, 40.855549377 ], [ -105.001667584, 40.855587032000102 ], [ -105.004747928, 40.855610566000102 ], [ -105.007825572, 40.855636352 ], [ -105.010799057, 40.856963709000098 ], [ -105.013642992, 40.858241587000101 ], [ -105.016574044, 40.859538263 ], [ -105.019315166, 40.860759553 ], [ -105.020370963, 40.860812646 ], [ -105.021056429, 40.86097232 ] ] ] } },
{ "type": "Feature", "properties": { "objectid": "70096", "id": "201855", "type": "AC; OVERHEAD", "status": "NOT AVAILABLE", "naics_code": "221121", "naics_desc": "ELECTRIC BULK POWER TRANSMISSION AND CONTROL", "source": "Regional Map", "sourcedate": "2014-07-09T20:00:00-06:00", "val_method": "IMAGERY/OTHER", "val_date": "2014-07-09T20:00:00-06:00", "owner": "PUBLIC SERVICE CO OF COLORADO", "voltage": 230.0, "volt_class": "220-287", "inferred": "N", "sub_1": "UNKNOWN201402", "sub_2": "IDAHO SPRINGS", "shape_lengt": 32036.227592551899, "globalid": "991bbffb-f980-4110-b620-6608139377fc", "STATEFP": "08", "STATENS": "01779779", "AFFGEOID": "0400000US08", "GEOID": "08", "STUSPS": "CO", "NAME": "Colorado", "LSAD": "00", "ALAND": 268422891711, "AWATER": 1181621593 }, "geometry": { "type": "MultiLineString", "coordinates": [ [ [ -105.708131675, 39.653595221 ], [ -105.707654717, 39.653810013 ], [ -105.707761674, 39.658262089000097 ], [ -105.707312458, 39.660359022000101 ], [ -105.706385508, 39.662543717000098 ], [ -105.704246391, 39.665760253 ], [ -105.703169701, 39.671369621 ], [ -105.702043099, 39.676490104 ], [ -105.7004763, 39.682792736000103 ], [ -105.700134859, 39.683438527000099 ], [ -105.698540774, 39.685725012 ], [ -105.696665875, 39.688414513 ], [ -105.695296675, 39.690378313000103 ], [ -105.693739074, 39.692493313000099 ], [ -105.692628874, 39.694000713 ], [ -105.691423575, 39.695637213 ], [ -105.689838774, 39.697911313000098 ], [ -105.687888475, 39.700709814 ], [ -105.687287574, 39.701593114 ], [ -105.685656075, 39.703175314000099 ], [ -105.683973574, 39.704010914 ], [ -105.683157675, 39.704416114 ], [ -105.682027375, 39.704977514000099 ], [ -105.680074675, 39.705947314000099 ], [ -105.678538175, 39.706710414 ], [ -105.676856874, 39.707545414 ], [ -105.674748975, 39.708592215000102 ], [ -105.673714875, 39.709105814000097 ], [ -105.672091275, 39.709586514000101 ], [ -105.670407274, 39.710085214000102 ], [ -105.667881175, 39.710833215 ], [ -105.666220175, 39.711325015000099 ], [ -105.664302175, 39.711892914 ], [ -105.662669075, 39.712376514 ], [ -105.660544275, 39.713005615 ], [ -105.658748175, 39.713537415000097 ], [ -105.656669174, 39.7141530150001 ], [ -105.654626975, 39.714757715000097 ], [ -105.650759474, 39.715902815 ], [ -105.648113374, 39.716686315 ], [ -105.644647275, 39.717712515000102 ], [ -105.643858174, 39.717946115000103 ], [ -105.639174075, 39.719333015000103 ], [ -105.638021475, 39.719674215 ], [ -105.636499574, 39.720124815000098 ], [ -105.634670374, 39.720666415 ], [ -105.633474275, 39.721020515000099 ], [ -105.631664175, 39.721556415000101 ], [ -105.627071474, 39.722916115 ], [ -105.623472475, 39.723981616000103 ], [ -105.621674575, 39.724513816000098 ], [ -105.618071275, 39.725580616000101 ], [ -105.615452475, 39.726355816000101 ], [ -105.612782975, 39.727146116 ], [ -105.611615075, 39.727491916000098 ], [ -105.610497574, 39.727822716 ], [ -105.608104875, 39.728531016 ], [ -105.605435474, 39.729321216000102 ], [ -105.603983675, 39.729751016000101 ], [ -105.601536575, 39.730475416 ], [ -105.598424274, 39.730766516000102 ], [ -105.596669775, 39.730933316000097 ], [ -105.595500274, 39.731044416 ], [ -105.592524075, 39.731327316 ], [ -105.590728075, 39.731517516 ], [ -105.588082675, 39.731774916000099 ], [ -105.586871375, 39.731884816 ], [ -105.582660275, 39.732280916 ], [ -105.580509175, 39.732487216 ], [ -105.576432175, 39.732870617000103 ], [ -105.574719875, 39.733049716 ], [ -105.570208474, 39.733462616 ], [ -105.564013574, 39.733984516000099 ], [ -105.560805674, 39.734306216 ], [ -105.559673775, 39.734467116000097 ], [ -105.556535575, 39.734760016 ], [ -105.552136775, 39.735222116 ], [ -105.550666875, 39.735337616 ], [ -105.548606975, 39.735535616 ], [ -105.544766074, 39.7356676160001 ], [ -105.540925075, 39.735812016000096 ], [ -105.538248275, 39.735952216 ], [ -105.534364375, 39.736113116000098 ], [ -105.531242374, 39.7362534170001 ], [ -105.526752275, 39.736447316000103 ], [ -105.521216275, 39.736711316 ], [ -105.516795974, 39.736789616000102 ], [ -105.510648374, 39.736822616 ], [ -105.506500575, 39.737971117 ], [ -105.502242275, 39.739334817 ], [ -105.496673974, 39.740428017 ], [ -105.495471275, 39.741803217 ], [ -105.493448892, 39.743954003000098 ], [ -105.491367354, 39.744318487 ], [ -105.486567475, 39.743839217000101 ], [ -105.483075175, 39.743439117 ], [ -105.4814423, 39.743217700000102 ], [ -105.480053306, 39.742935474 ], [ -105.479116054, 39.742930101000098 ], [ -105.479408, 39.742781 ] ] ] } },
{ "type": "Feature", "properties": { "objectid": "69966", "id": "201725", "type": "AC; OVERHEAD", "status": "NOT AVAILABLE", "naics_code": "221121", "naics_desc": "ELECTRIC BULK POWER TRANSMISSION AND CONTROL", "source": "IMAGERY", "sourcedate": "2014-07-08T20:00:00-06:00", "val_method": "IMAGERY", "val_date": "2014-07-08T20:00:00-06:00", "owner": "PUBLIC SERVICE CO OF COLORADO", "voltage": 230.0, "volt_class": "220-287", "inferred": "Y", "sub_1": "RIFLE PSCO", "sub_2": "UNKNOWN201522", "shape_lengt": 6964.4219294543, "globalid": "137d49ea-53fc-48f2-a6dc-6afcfb18b10b", "STATEFP": "08", "STATENS": "01779779", "AFFGEOID": "0400000US08", "GEOID": "08", "STUSPS": "CO", "NAME": "Colorado", "LSAD": "00", "ALAND": 268422891711, "AWATER": 1181621593 }, "geometry": { "type": "MultiLineString", "coordinates": [ [ [ -107.679823145, 39.520640728 ], [ -107.679908833, 39.52030912 ], [ -107.6802057, 39.520329800000098 ], [ -107.6804727, 39.520345700000099 ], [ -107.6821643, 39.5201814 ], [ -107.6848968, 39.519906300000102 ], [ -107.6877319, 39.519614 ], [ -107.6893946, 39.5197 ], [ -107.6932253, 39.5193311 ], [ -107.6952777, 39.519133300000099 ], [ -107.7009746, 39.518535 ], [ -107.7027398, 39.5183562 ], [ -107.7058111, 39.518046700000099 ], [ -107.7089538, 39.517702800000102 ], [ -107.7117755, 39.5183115 ], [ -107.7129122, 39.5185625 ], [ -107.7146953, 39.518913300000101 ], [ -107.7168216, 39.5193844 ], [ -107.7186403, 39.5196354 ], [ -107.7206685, 39.5199517 ], [ -107.7226968, 39.5202543 ], [ -107.724667, 39.520563800000097 ], [ -107.7267755, 39.5208767 ], [ -107.7288218, 39.5211827 ], [ -107.7306204, 39.5214554 ], [ -107.7327306, 39.521795100000098 ], [ -107.7341459, 39.5217107 ], [ -107.7358055, 39.5216478 ], [ -107.7377349, 39.5215457 ], [ -107.7398053, 39.5214647 ], [ -107.741176779, 39.521396619 ] ] ] } },
{ "type": "Feature", "properties": { "objectid": "70313", "id": "202074", "type": "AC; OVERHEAD", "status": "NOT AVAILABLE", "naics_code": "221121", "naics_desc": "ELECTRIC BULK POWER TRANSMISSION AND CONTROL", "source": "Regional Map", "sourcedate": "2014-07-08T20:00:00-06:00", "val_method": "IMAGERY/OTHER", "val_date": "2014-07-08T20:00:00-06:00", "owner": "PUBLIC SERVICE CO OF COLORADO", "voltage": 230.0, "volt_class": "220-287", "inferred": "N", "sub_1": "BARR LAKE", "sub_2": "GREEN VALLEY", "shape_lengt": 21995.564961271601, "globalid": "443f6bca-7af4-4ef7-8d50-1cba1710f6cf", "STATEFP": "08", "STATENS": "01779779", "AFFGEOID": "0400000US08", "GEOID": "08", "STUSPS": "CO", "NAME": "Colorado", "LSAD": "00", "ALAND": 268422891711, "AWATER": 1181621593 }, "geometry": { "type": "MultiLineString", "coordinates": [ [ [ -104.679532173, 39.944229069000102 ], [ -104.677837835, 39.944538834000099 ], [ -104.677892651, 39.950584949000103 ], [ -104.678630663, 39.951145758000102 ], [ -104.678678937, 39.953875031 ], [ -104.678735651, 39.9572966120001 ], [ -104.672019728, 39.957256993 ], [ -104.659298123, 39.957215121000097 ], [ -104.659349537, 39.954067205000101 ], [ -104.624655129, 39.953737133000097 ], [ -104.614314608, 39.9535819500001 ], [ -104.614301754, 39.942989232000102 ], [ -104.585015394, 39.942639398 ], [ -104.56289799, 39.94238318 ], [ -104.559482211, 39.942338834 ], [ -104.55607286, 39.942309271000099 ], [ -104.555992527, 39.937490225 ], [ -104.555838286, 39.927809225 ], [ -104.545439925, 39.9201354 ], [ -104.545443139, 39.917831114000101 ], [ -104.544432957, 39.916585823 ] ] ] } },
{ "type": "Feature", "properties": { "objectid": "70434", "id": "202195", "type": "AC; OVERHEAD", "status": "NOT AVAILABLE", "naics_code": "221121", "naics_desc": "ELECTRIC BULK POWER TRANSMISSION AND CONTROL", "source": "IMAGERY", "sourcedate": "2014-07-08T20:00:00-06:00", "val_method": "IMAGERY", "val_date": "2014-07-08T20:00:00-06:00", "owner": "PUBLIC SERVICE CO OF COLORADO", "voltage": 230.0, "volt_class": "220-287", "inferred": "Y", "sub_1": "MEADOW HILLS", "sub_2": "ORACHARD", "shape_lengt": 2293.5437749543999, "globalid": "c7d5fc28-7bfc-49e0-ac66-1f53aaf168a7", "STATEFP": "08", "STATENS": "01779779", "AFFGEOID": "0400000US08", "GEOID": "08", "STUSPS": "CO", "NAME": "Colorado", "LSAD": "00", "ALAND": 268422891711, "AWATER": 1181621593 }, "geometry": { "type": "MultiLineString", "coordinates": [ [ [ -104.790609801, 39.624590213 ], [ -104.79119065, 39.624429419000101 ], [ -104.791377392, 39.624414667000103 ], [ -104.791583287, 39.611763275 ], [ -104.792019019, 39.61039472 ], [ -104.79201423, 39.609553654000102 ], [ -104.792327837, 39.6093023930001 ] ] ] } },
{ "type": "Feature", "properties": { "objectid": "70144", "id": "201903", "type": "AC; OVERHEAD", "status": "NOT AVAILABLE", "naics_code": "221121", "naics_desc": "ELECTRIC BULK POWER TRANSMISSION AND CONTROL", "source": "Regional Map", "sourcedate": "2014-07-08T20:00:00-06:00", "val_method": "IMAGERY/OTHER", "val_date": "2014-07-08T20:00:00-06:00", "owner": "TRI-STATE G & T ASSN, INC", "voltage": 230.0, "volt_class": "220-287", "inferred": "N", "sub_1": "LINCOLN", "sub_2": "BIG SANDY", "shape_lengt": 17857.098414513301, "globalid": "e695a5e2-0b56-4f12-bf09-211da3e7ca81", "STATEFP": "08", "STATENS": "01779779", "AFFGEOID": "0400000US08", "GEOID": "08", "STUSPS": "CO", "NAME": "Colorado", "LSAD": "00", "ALAND": 268422891711, "AWATER": 1181621593 }, "geometry": { "type": "MultiLineString", "coordinates": [ [ [ -103.702134247, 39.203846564000102 ], [ -103.7036935, 39.203945100000098 ], [ -103.7051153, 39.2039685 ], [ -103.7051205, 39.2056863 ], [ -103.7050498, 39.2073796 ], [ -103.7023482, 39.207312600000101 ], [ -103.6996021, 39.207239500000099 ], [ -103.6964263, 39.207148200000098 ], [ -103.6954594, 39.2077086 ], [ -103.6931168, 39.209097300000103 ], [ -103.6908241, 39.2104313 ], [ -103.6888981, 39.2115642 ], [ -103.6867154, 39.212845200000103 ], [ -103.6845143, 39.2141405 ], [ -103.6831439, 39.2149262 ], [ -103.6809507, 39.2162316000001 ], [ -103.6784404, 39.2176811 ], [ -103.6765643, 39.219601500000103 ], [ -103.6748716, 39.221296600000102 ], [ -103.6732522, 39.222936800000099 ], [ -103.6714022, 39.224792100000101 ], [ -103.6693925, 39.226822 ], [ -103.6679487, 39.228275300000099 ], [ -103.666366, 39.229852500000099 ], [ -103.6646182, 39.2316 ], [ -103.6632321, 39.2330289000001 ], [ -103.6619403, 39.2343259 ], [ -103.6601637, 39.2361241 ], [ -103.6585286, 39.2377822 ], [ -103.6569197, 39.2393754 ], [ -103.6554078, 39.240893400000097 ], [ -103.6538068, 39.2425372000001 ], [ -103.652004, 39.2443595 ], [ -103.6505078, 39.2458734000001 ], [ -103.6487758, 39.2476003 ], [ -103.6470595, 39.249355600000101 ], [ -103.6452305, 39.2511777 ], [ -103.6441981, 39.252222700000097 ], [ -103.6425342, 39.253906900000104 ], [ -103.6409384, 39.255485400000097 ], [ -103.6398352, 39.2566257 ], [ -103.6398379, 39.25875 ], [ -103.6398064, 39.2609229 ], [ -103.6398107, 39.263195600000103 ], [ -103.6398335, 39.264847 ], [ -103.6398107, 39.267117300000102 ], [ -103.6397918, 39.2688743 ], [ -103.6397766, 39.270933200000101 ], [ -103.6397615, 39.2730655 ], [ -103.6397577, 39.275353100000103 ], [ -103.6397577, 39.2776758 ], [ -103.6397577, 39.279576200000101 ], [ -103.6397539, 39.281854800000097 ], [ -103.6397312, 39.2839779 ], [ -103.6397388, 39.285860500000098 ], [ -103.639735, 39.2878662 ], [ -103.6397047, 39.2899804 ], [ -103.6397084, 39.2920094 ], [ -103.6397009, 39.2939358 ], [ -103.6397047, 39.296096600000098 ], [ -103.6396819, 39.298301400000099 ], [ -103.6396933, 39.3004182 ], [ -103.6410937, 39.3006913 ], [ -103.641254874, 39.301005400000101 ] ] ] } },
{ "type": "Feature", "properties": { "objectid": "70146", "id": "201905", "type": "AC; OVERHEAD", "status": "NOT AVAILABLE", "naics_code": "221121", "naics_desc": "ELECTRIC BULK POWER TRANSMISSION AND CONTROL", "source": "Regional Map", "sourcedate": "2014-07-13T20:00:00-06:00", "val_method": "IMAGERY/OTHER", "val_date": "2014-07-13T20:00:00-06:00", "owner": "PUBLIC SERVICE CO OF COLORADO", "voltage": 230.0, "volt_class": "220-287", "inferred": "N", "sub_1": "RMEC", "sub_2": "KEENESBURG", "shape_lengt": 8261.1914977956003, "globalid": "3ea03653-0d6d-4b12-bab5-271a576ac132", "STATEFP": "08", "STATENS": "01779779", "AFFGEOID": "0400000US08", "GEOID": "08", "STUSPS": "CO", "NAME": "Colorado", "LSAD": "00", "ALAND": 268422891711, "AWATER": 1181621593 }, "geometry": { "type": "MultiLineString", "coordinates": [ [ [ -104.595213913, 40.08957401 ], [ -104.594826043, 40.089277282000097 ], [ -104.594826043, 40.088568122 ], [ -104.596501685, 40.0885453920001 ], [ -104.597684142, 40.089149998 ], [ -104.597642548, 40.102799913000098 ], [ -104.584813785, 40.10532687 ], [ -104.584439439, 40.105381408 ], [ -104.582015106, 40.106858451 ], [ -104.57502138, 40.1084990680001 ], [ -104.573066463, 40.10895807 ], [ -104.569400254, 40.109258010000097 ], [ -104.565371583, 40.108935347000099 ], [ -104.561134942, 40.107962804000103 ], [ -104.553790638, 40.105522296000103 ], [ -104.552679486, 40.105140533 ], [ -104.551627752, 40.107017516 ], [ -104.550528484, 40.107153856 ], [ -104.550009333, 40.107053149000102 ] ] ] } },
{ "type": "Feature", "properties": { "objectid": "74534", "id": "206814", "type": "AC; OVERHEAD", "status": "NOT AVAILABLE", "naics_code": "221121", "naics_desc": "ELECTRIC BULK POWER TRANSMISSION AND CONTROL", "source": "IMAGERY", "sourcedate": "2016-01-17T18:00:00-07:00", "val_method": "IMAGERY", "val_date": "2016-01-17T18:00:00-07:00", "owner": "PUBLIC SERVICE CO OF COLORADO", "voltage": 230.0, "volt_class": "220-287", "inferred": "Y", "sub_1": "NOT AVAILABLE", "sub_2": "UNKNOWN203679", "shape_lengt": 100.5641357673, "globalid": "c5c0e6f2-fd48-46e2-b235-3196a2c8de66", "STATEFP": "08", "STATENS": "01779779", "AFFGEOID": "0400000US08", "GEOID": "08", "STUSPS": "CO", "NAME": "Colorado", "LSAD": "00", "ALAND": 268422891711, "AWATER": 1181621593 }, "geometry": { "type": "MultiLineString", "coordinates": [ [ [ -105.225862597, 39.858776051000099 ], [ -105.225380756, 39.8587831890001 ], [ -105.224973676, 39.858699423000097 ] ] ] } },
{ "type": "Feature", "properties": { "objectid": "70265", "id": "202025", "type": "AC; OVERHEAD", "status": "NOT AVAILABLE", "naics_code": "221121", "naics_desc": "ELECTRIC BULK POWER TRANSMISSION AND CONTROL", "source": "IMAGERY", "sourcedate": "2014-06-29T20:00:00-06:00", "val_method": "IMAGERY", "val_date": "2014-06-29T20:00:00-06:00", "owner": "TRI-STATE G & T ASSN, INC", "voltage": 230.0, "volt_class": "220-287", "inferred": "N", "sub_1": "BURRO CANYON", "sub_2": "UNKNOWN202848", "shape_lengt": 20972.150611060399, "globalid": "87a312e7-def7-4bc4-a9e1-32da2046e289", "STATEFP": "08", "STATENS": "01779779", "AFFGEOID": "0400000US08", "GEOID": "08", "STUSPS": "CO", "NAME": "Colorado", "LSAD": "00", "ALAND": 268422891711, "AWATER": 1181621593 }, "geometry": { "type": "MultiLineString", "coordinates": [ [ [ -104.654241766, 37.132499985000102 ], [ -104.654343053, 37.132334597000103 ], [ -104.654514024, 37.130086766 ], [ -104.654588629, 37.128907062000103 ], [ -104.657053716, 37.128622046 ], [ -104.659823441, 37.128309767000097 ], [ -104.662664664, 37.128602219000101 ], [ -104.665801199, 37.128909540000102 ], [ -104.66877609, 37.129204468000097 ], [ -104.672972643, 37.129608443000102 ], [ -104.677038638, 37.13000498 ], [ -104.68020315, 37.130309817000096 ], [ -104.683255755, 37.130599783 ], [ -104.685776795, 37.130840181 ], [ -104.691384635, 37.131375498000097 ], [ -104.694117058, 37.130778223 ], [ -104.69725981, 37.1300991580001 ], [ -104.69995493, 37.129511786000101 ], [ -104.703277979, 37.128785621000098 ], [ -104.707564681, 37.127838868 ], [ -104.711347797, 37.127016027 ], [ -104.714257407, 37.126369148 ], [ -104.720468307, 37.127400186 ], [ -104.725889633, 37.127358052 ], [ -104.733371933, 37.126644258 ], [ -104.737347779, 37.127043290000103 ], [ -104.741099809, 37.127417535000099 ], [ -104.745632087, 37.12788348 ], [ -104.749039067, 37.126562469000099 ], [ -104.755691382, 37.126639301000097 ], [ -104.759505583, 37.126696306 ], [ -104.763913519, 37.125134858 ], [ -104.769306868, 37.125722264 ], [ -104.771492184, 37.12595772 ], [ -104.780594043, 37.1274844530001 ], [ -104.786027803, 37.128451037 ], [ -104.789683468, 37.129095419000102 ], [ -104.796071556, 37.130228032 ], [ -104.800902255, 37.131601024000098 ], [ -104.805387905, 37.132872382000102 ], [ -104.809575133, 37.134059459000099 ], [ -104.813006982, 37.135048263000101 ], [ -104.81549072, 37.135078001000103 ], [ -104.820175317, 37.135757021000103 ], [ -104.821704728, 37.135975099000099 ], [ -104.825518929, 37.136111398 ], [ -104.828468951, 37.135385296 ], [ -104.829814957, 37.135058175 ], [ -104.833803237, 37.135043306 ], [ -104.833800129, 37.135174650000103 ], [ -104.834057434, 37.135225945000101 ] ] ] } },
{ "type": "Feature", "properties": { "objectid": "70130", "id": "201889", "type": "AC; OVERHEAD", "status": "NOT AVAILABLE", "naics_code": "221121", "naics_desc": "ELECTRIC BULK POWER TRANSMISSION AND CONTROL", "source": "Regional Map", "sourcedate": "2014-07-08T20:00:00-06:00", "val_method": "IMAGERY/OTHER", "val_date": "2014-07-08T20:00:00-06:00", "owner": "PLATTE RIVER POWER AUTHORITY", "voltage": 230.0, "volt_class": "220-287", "inferred": "N", "sub_1": "FORT ST VRAIN", "sub_2": "LONGS PEAK", "shape_lengt": 20900.8116925293, "globalid": "02c6415f-0f16-4daf-8f2a-db128211bd42", "STATEFP": "08", "STATENS": "01779779", "AFFGEOID": "0400000US08", "GEOID": "08", "STUSPS": "CO", "NAME": "Colorado", "LSAD": "00", "ALAND": 268422891711, "AWATER": 1181621593 }, "geometry": { "type": "MultiLineString", "coordinates": [ [ [ -104.873888203, 40.243314544 ], [ -104.874756238, 40.243046328000098 ], [ -104.874886403, 40.241392699000102 ], [ -104.877437838, 40.241377623000098 ], [ -104.8791021, 40.241348000000102 ], [ -104.882333152, 40.242105845 ], [ -104.885327917, 40.242432411 ], [ -104.8882634, 40.2412192 ], [ -104.8910967, 40.240022500000102 ], [ -104.896547588, 40.2376317310001 ], [ -104.904423106, 40.227536673 ], [ -104.9074118, 40.2276538 ], [ -104.9107055, 40.227748 ], [ -104.9146953, 40.2278752 ], [ -104.9183056, 40.2276172 ], [ -104.9218903, 40.2271419 ], [ -104.9251626, 40.2267036000001 ], [ -104.9289821, 40.2261916 ], [ -104.9328069, 40.226335 ], [ -104.9364494, 40.226474300000099 ], [ -104.9397311, 40.226388400000097 ], [ -104.9426346, 40.2263104 ], [ -104.9464151, 40.226216400000098 ], [ -104.9507067, 40.226077200000098 ], [ -104.9545006, 40.2259582 ], [ -104.95773, 40.2268347 ], [ -104.961680152, 40.227484956000097 ], [ -104.965077784, 40.227814314 ], [ -104.970115406, 40.2314425960001 ], [ -104.9725519, 40.2336168000001 ], [ -104.9745825, 40.2353818 ], [ -104.9773586, 40.2368231 ], [ -104.9808803, 40.236989000000101 ], [ -104.9846729, 40.237124100000102 ], [ -104.984700622, 40.240244388 ], [ -104.9886934, 40.240447200000098 ], [ -104.9919054, 40.2405787000001 ], [ -104.9958657, 40.2405455 ], [ -105.0029668, 40.240394400000099 ], [ -105.0065355, 40.2403612 ], [ -105.0097904, 40.24055 ], [ -105.0134556, 40.2405414 ], [ -105.0172618, 40.240344800000102 ], [ -105.0211912, 40.2403141 ], [ -105.0249007, 40.2402896 ], [ -105.0291011, 40.240256800000097 ], [ -105.0314104, 40.240158500000099 ], [ -105.0315605, 40.237496700000101 ], [ -105.0326067, 40.234650800000097 ], [ -105.0335386, 40.2346613 ], [ -105.034553, 40.234528 ] ] ] } },
{ "type": "Feature", "properties": { "objectid": "70105", "id": "201864", "type": "AC; OVERHEAD", "status": "NOT AVAILABLE", "naics_code": "221121", "naics_desc": "ELECTRIC BULK POWER TRANSMISSION AND CONTROL", "source": "Regional Map", "sourcedate": "2014-07-08T20:00:00-06:00", "val_method": "IMAGERY/OTHER", "val_date": "2014-07-08T20:00:00-06:00", "owner": "PUBLIC SERVICE CO OF COLORADO", "voltage": 230.0, "volt_class": "220-287", "inferred": "N", "sub_1": "CHATFIELD", "sub_2": "SODA LAKE", "shape_lengt": 11034.4840299968, "globalid": "ffc8623f-dd64-4b94-92e2-db8c8f35a0f4", "STATEFP": "08", "STATENS": "01779779", "AFFGEOID": "0400000US08", "GEOID": "08", "STUSPS": "CO", "NAME": "Colorado", "LSAD": "00", "ALAND": 268422891711, "AWATER": 1181621593 }, "geometry": { "type": "MultiLineString", "coordinates": [ [ [ -105.111154541, 39.594648379 ], [ -105.111010778, 39.594828534 ], [ -105.111131995, 39.595237870000098 ], [ -105.111845034, 39.595229629000102 ], [ -105.124747478, 39.595191168 ], [ -105.132252216, 39.595141718 ], [ -105.138669568, 39.595089521 ], [ -105.145229529, 39.595125234000101 ], [ -105.148299162, 39.595111499 ], [ -105.150024776, 39.595095669 ], [ -105.1500875, 39.595239600000099 ], [ -105.1511861, 39.5963110000001 ], [ -105.1521817, 39.5973494 ], [ -105.1536151, 39.598705100000103 ], [ -105.1545249, 39.5995980000001 ], [ -105.154855, 39.600337200000098 ], [ -105.1557013, 39.6027436 ], [ -105.1562072, 39.6044454 ], [ -105.1567737, 39.6061383 ], [ -105.1573917, 39.6079039 ], [ -105.1579581, 39.609596700000097 ], [ -105.15825, 39.6107605 ], [ -105.158662, 39.612268100000101 ], [ -105.1590396, 39.613855 ], [ -105.1593829, 39.615243500000098 ], [ -105.1598207, 39.6169824 ], [ -105.1611425, 39.6182915 ], [ -105.1613742, 39.6192436 ], [ -105.1616231, 39.6202618 ], [ -105.1620093, 39.6217625 ], [ -105.1617004, 39.6244665 ], [ -105.1623698, 39.6260597 ], [ -105.163005, 39.6277323 ], [ -105.1638204, 39.6293188000001 ], [ -105.1646787, 39.6307996 ], [ -105.165463, 39.6322941 ], [ -105.165462059, 39.632512174 ], [ -105.159369779, 39.632830727000098 ], [ -105.158635348, 39.632731881 ], [ -105.158080335, 39.632609118000097 ] ] ] } },
{ "type": "Feature", "properties": { "objectid": "69932", "id": "201691", "type": "AC; OVERHEAD", "status": "NOT AVAILABLE", "naics_code": "221121", "naics_desc": "ELECTRIC BULK POWER TRANSMISSION AND CONTROL", "source": "Regional Map", "sourcedate": "2014-06-23T20:00:00-06:00", "val_method": "IMAGERY/OTHER", "val_date": "2014-06-23T20:00:00-06:00", "owner": "TRI-STATE G & T ASSN, INC", "voltage": 230.0, "volt_class": "220-287", "inferred": "N", "sub_1": "WOLCOTT", "sub_2": "COOLEY MESA", "shape_lengt": 30056.615179390799, "globalid": "6c632aa8-5bed-4c27-9687-e2e6bb05092e", "STATEFP": "08", "STATENS": "01779779", "AFFGEOID": "0400000US08", "GEOID": "08", "STUSPS": "CO", "NAME": "Colorado", "LSAD": "00", "ALAND": 268422891711, "AWATER": 1181621593 }, "geometry": { "type": "MultiLineString", "coordinates": [ [ [ -106.688393375, 39.695013332 ], [ -106.688809202, 39.694803341000103 ], [ -106.690242411, 39.694984396 ], [ -106.691098057, 39.698925433 ], [ -106.702349816, 39.707642463000099 ], [ -106.730236778, 39.701961067000099 ], [ -106.731377641, 39.700699283000098 ], [ -106.735323125, 39.6981207850001 ], [ -106.743142788, 39.694536329000101 ], [ -106.744854082, 39.695359307 ], [ -106.749108549, 39.693457298000098 ], [ -106.76574613, 39.690951687 ], [ -106.770808707, 39.686342588000102 ], [ -106.789609174, 39.683544056000102 ], [ -106.804701837, 39.677489328 ], [ -106.823597375, 39.671379186 ], [ -106.830157336, 39.673117156000103 ], [ -106.837691783, 39.670665691000103 ], [ -106.839616989, 39.668543457 ], [ -106.840757852, 39.664994058 ], [ -106.855113707, 39.658626639 ], [ -106.870753034, 39.640856972 ], [ -106.869184347, 39.636519088000099 ], [ -106.875768075, 39.630643294 ], [ -106.89119349, 39.635018155000097 ], [ -106.904320542, 39.634901617 ], [ -106.904357, 39.635054 ] ] ] } },
{ "type": "Feature", "properties": { "objectid": "74511", "id": "206790", "type": "AC; OVERHEAD", "status": "NOT AVAILABLE", "naics_code": "221121", "naics_desc": "ELECTRIC BULK POWER TRANSMISSION AND CONTROL", "source": "IMAGERY", "sourcedate": "2016-01-11T18:00:00-07:00", "val_method": "IMAGERY", "val_date": "2016-01-11T18:00:00-07:00", "owner": "PUBLIC SERVICE CO OF COLORADO", "voltage": 230.0, "volt_class": "220-287", "inferred": "Y", "sub_1": "NOT AVAILABLE", "sub_2": "UNKNOWN201538", "shape_lengt": 146.20331093729999, "globalid": "8a7f6eb3-8310-427c-b22e-e37910ecdd19", "STATEFP": "08", "STATENS": "01779779", "AFFGEOID": "0400000US08", "GEOID": "08", "STUSPS": "CO", "NAME": "Colorado", "LSAD": "00", "ALAND": 268422891711, "AWATER": 1181621593 }, "geometry": { "type": "MultiLineString", "coordinates": [ [ [ -103.396617608, 40.993235014 ], [ -103.395654293, 40.992561194000103 ] ] ] } },
{ "type": "Feature", "properties": { "objectid": "73557", "id": "205233", "type": "AC; OVERHEAD", "status": "NOT AVAILABLE", "naics_code": "221121", "naics_desc": "ELECTRIC BULK POWER TRANSMISSION AND CONTROL", "source": "IMAGERY", "sourcedate": "2015-08-12T20:00:00-06:00", "val_method": "IMAGERY", "val_date": "2015-08-12T20:00:00-06:00", "owner": "PUBLIC SERVICE CO OF COLORADO", "voltage": 230.0, "volt_class": "220-287", "inferred": "Y", "sub_1": "CLARK", "sub_2": "GREENWOOD", "shape_lengt": 6340.2420940142001, "globalid": "10115c9c-52e8-4dd5-92a0-e42e789cafe8", "STATEFP": "08", "STATENS": "01779779", "AFFGEOID": "0400000US08", "GEOID": "08", "STUSPS": "CO", "NAME": "Colorado", "LSAD": "00", "ALAND": 268422891711, "AWATER": 1181621593 }, "geometry": { "type": "MultiLineString", "coordinates": [ [ [ -104.871019996, 39.59390104 ], [ -104.87151223, 39.595026068 ], [ -104.917552054, 39.595169345 ], [ -104.92220027, 39.601442162000097 ] ] ] } },
{ "type": "Feature", "properties": { "objectid": "73389", "id": "204913", "type": "AC; OVERHEAD", "status": "NOT AVAILABLE", "naics_code": "221121", "naics_desc": "ELECTRIC BULK POWER TRANSMISSION AND CONTROL", "source": "Company Map", "sourcedate": "2015-08-12T20:00:00-06:00", "val_method": "IMAGERY/OTHER", "val_date": "2015-08-12T20:00:00-06:00", "owner": "CITY OF COLORADO SPRINGS - (CO)", "voltage": 230.0, "volt_class": "220-287", "inferred": "N", "sub_1": "FRONT RANGE", "sub_2": "UNKNOWN202739", "shape_lengt": 28964.989245004199, "globalid": "426ffb48-9e82-4dbc-8c96-e4c40a88db0c", "STATEFP": "08", "STATENS": "01779779", "AFFGEOID": "0400000US08", "GEOID": "08", "STUSPS": "CO", "NAME": "Colorado", "LSAD": "00", "ALAND": 268422891711, "AWATER": 1181621593 }, "geometry": { "type": "MultiLineString", "coordinates": [ [ [ -104.702546623, 38.632136099 ], [ -104.703640291, 38.632305163000098 ], [ -104.705266021, 38.632305163000098 ], [ -104.705266021, 38.630361193000098 ], [ -104.707098531, 38.630049262 ], [ -104.709301823, 38.630322202000102 ], [ -104.71398649, 38.630946061 ], [ -104.713886665, 38.634360477 ], [ -104.713851012, 38.640158486000097 ], [ -104.719120372, 38.642280407 ], [ -104.719191676, 38.646134233 ], [ -104.719284371, 38.6538746740001 ], [ -104.719355675, 38.661619847 ], [ -104.719441239, 38.663279020000097 ], [ -104.720033062, 38.664526159 ], [ -104.72071758, 38.665845652 ], [ -104.720703319, 38.667822063000102 ], [ -104.72072471, 38.6697260460001 ], [ -104.720796014, 38.6769295490001 ], [ -104.72091723, 38.684900433000102 ], [ -104.721002795, 38.689414275 ], [ -104.720874448, 38.690878013 ], [ -104.720933868, 38.693080055 ], [ -104.724402016, 38.707283968000098 ], [ -104.73012049, 38.72044571 ], [ -104.73922776, 38.729313024000099 ], [ -104.755068325, 38.7449217650001 ], [ -104.761073815, 38.750875711 ], [ -104.758991741, 38.752076837000097 ], [ -104.762285982, 38.757370446 ], [ -104.759583605, 38.762493118000101 ], [ -104.758224755, 38.765066972 ], [ -104.757960229, 38.765880566000099 ], [ -104.76111758, 38.769358228 ], [ -104.767405602, 38.7761840470001 ], [ -104.767833426, 38.778162968000103 ], [ -104.769002811, 38.779875022000098 ], [ -104.771403376, 38.785522290000102 ], [ -104.771460419, 38.787804786 ], [ -104.768370583, 38.788879312000098 ], [ -104.754347479, 38.788844112 ], [ -104.754361739, 38.791973116000101 ], [ -104.755197372, 38.79196997 ], [ -104.755968819, 38.79237204 ] ] ] } },
{ "type": "Feature", "properties": { "objectid": "78690", "id": "212283", "type": "AC; OVERHEAD", "status": "IN SERVICE", "naics_code": "221121", "naics_desc": "ELECTRIC BULK POWER TRANSMISSION AND CONTROL", "source": "Regional Map, IMAGERY and FAA data", "sourcedate": "2019-01-01T18:00:00-07:00", "val_method": "IMAGERY/OTHER", "val_date": "2019-01-01T18:00:00-07:00", "owner": "NORTHERN WASCO COUNTY PUD", "voltage": 230.0, "volt_class": "220-287", "inferred": "Y", "sub_1": "UNKNOWN203881", "sub_2": "UNKNOWN209551", "shape_lengt": 4671.9332355234001, "globalid": "3a8f7a3f-a600-4aae-a71a-e4fc8c9df718", "STATEFP": "08", "STATENS": "01779779", "AFFGEOID": "0400000US08", "GEOID": "08", "STUSPS": "CO", "NAME": "Colorado", "LSAD": "00", "ALAND": 268422891711, "AWATER": 1181621593 }, "geometry": { "type": "MultiLineString", "coordinates": [ [ [ -108.210573456, 39.877781251 ], [ -108.210158121, 39.878276219 ], [ -108.206383767, 39.878298106 ], [ -108.199790531, 39.878345530000097 ], [ -108.192531793, 39.878385657000102 ], [ -108.18878596, 39.878414841 ], [ -108.189437203, 39.872596128000097 ], [ -108.189960098, 39.868582936 ], [ -108.190050416, 39.868057555 ], [ -108.188225036, 39.866565306 ], [ -108.186109686, 39.864770186 ], [ -108.185914789, 39.864456399000098 ] ] ] } },
{ "type": "Feature", "properties": { "objectid": "74498", "id": "206777", "type": "AC; OVERHEAD", "status": "NOT AVAILABLE", "naics_code": "221121", "naics_desc": "ELECTRIC BULK POWER TRANSMISSION AND CONTROL", "source": "IMAGERY", "sourcedate": "2016-01-11T18:00:00-07:00", "val_method": "IMAGERY", "val_date": "2016-01-11T18:00:00-07:00", "owner": "PUBLIC SERVICE CO OF COLORADO", "voltage": 230.0, "volt_class": "220-287", "inferred": "Y", "sub_1": "NOT AVAILABLE", "sub_2": "RIDGECREST WINDFARM", "shape_lengt": 1001.2649383225, "globalid": "06dda434-0b5a-4a63-9fe9-e5547c828355", "STATEFP": "08", "STATENS": "01779779", "AFFGEOID": "0400000US08", "GEOID": "08", "STUSPS": "CO", "NAME": "Colorado", "LSAD": "00", "ALAND": 268422891711, "AWATER": 1181621593 }, "geometry": { "type": "MultiLineString", "coordinates": [ [ [ -103.164550758, 40.945309742000099 ], [ -103.157547753, 40.949573019000098 ] ] ] } },
{ "type": "Feature", "properties": { "objectid": "70157", "id": "201916", "type": "AC; OVERHEAD", "status": "NOT AVAILABLE", "naics_code": "221121", "naics_desc": "ELECTRIC BULK POWER TRANSMISSION AND CONTROL", "source": "Regional Map", "sourcedate": "2014-07-13T20:00:00-06:00", "val_method": "IMAGERY/OTHER", "val_date": "2014-07-13T20:00:00-06:00", "owner": "PUBLIC SERVICE CO OF COLORADO", "voltage": 230.0, "volt_class": "220-287", "inferred": "N", "sub_1": "SKY RANCH", "sub_2": "SPRUCE", "shape_lengt": 8038.0944720899997, "globalid": "cde3d4a1-27a5-427d-8e2f-e891988c1a48", "STATEFP": "08", "STATENS": "01779779", "AFFGEOID": "0400000US08", "GEOID": "08", "STUSPS": "CO", "NAME": "Colorado", "LSAD": "00", "ALAND": 268422891711, "AWATER": 1181621593 }, "geometry": { "type": "MultiLineString", "coordinates": [ [ [ -104.676367163, 39.792363452000103 ], [ -104.677806243, 39.792158984 ], [ -104.677804602, 39.789578269000103 ], [ -104.677747743, 39.78215063 ], [ -104.677774096, 39.779637062000099 ], [ -104.677782881, 39.777035637 ], [ -104.677791665, 39.774436365 ], [ -104.677823875, 39.772019290000102 ], [ -104.677882438, 39.75925285 ], [ -104.677929289, 39.745146693 ], [ -104.677863683, 39.742198959000099 ], [ -104.67970436, 39.742261383 ], [ -104.682532173, 39.742257069000097 ], [ -104.683492072, 39.741884288 ] ] ] } },
{ "type": "Feature", "properties": { "objectid": "73130", "id": "205229", "type": "AC; OVERHEAD", "status": "NOT AVAILABLE", "naics_code": "221121", "naics_desc": "ELECTRIC BULK POWER TRANSMISSION AND CONTROL", "source": "IMAGERY", "sourcedate": "2015-08-12T20:00:00-06:00", "val_method": "IMAGERY", "val_date": "2015-08-12T20:00:00-06:00", "owner": "PUBLIC SERVICE CO OF COLORADO", "voltage": 230.0, "volt_class": "220-287", "inferred": "Y", "sub_1": "MONROE", "sub_2": "CAPITAL HILL", "shape_lengt": 5085.0511795895, "globalid": "28460352-13dd-4542-84cb-eb83fe108fa4", "STATEFP": "08", "STATENS": "01779779", "AFFGEOID": "0400000US08", "GEOID": "08", "STUSPS": "CO", "NAME": "Colorado", "LSAD": "00", "ALAND": 268422891711, "AWATER": 1181621593 }, "geometry": { "type": "MultiLineString", "coordinates": [ [ [ -104.944560262, 39.716730253 ], [ -104.944673295, 39.720178155 ], [ -104.978651998, 39.736739203000099 ], [ -104.979058261, 39.737415244 ] ] ] } },
{ "type": "Feature", "properties": { "objectid": "70151", "id": "201910", "type": "AC; OVERHEAD", "status": "NOT AVAILABLE", "naics_code": "221121", "naics_desc": "ELECTRIC BULK POWER TRANSMISSION AND CONTROL", "source": "Regional Map", "sourcedate": "2014-07-13T20:00:00-06:00", "val_method": "IMAGERY/OTHER", "val_date": "2014-07-13T20:00:00-06:00", "owner": "PUBLIC SERVICE CO OF COLORADO", "voltage": 230.0, "volt_class": "220-287", "inferred": "N", "sub_1": "FORT ST VRAIN", "sub_2": "FORT LUPTON", "shape_lengt": 31924.228978216201, "globalid": "9562b836-d307-4570-b7a9-ebe4f2b12a81", "STATEFP": "08", "STATENS": "01779779", "AFFGEOID": "0400000US08", "GEOID": "08", "STUSPS": "CO", "NAME": "Colorado", "LSAD": "00", "ALAND": 268422891711, "AWATER": 1181621593 }, "geometry": { "type": "MultiLineString", "coordinates": [ [ [ -104.873888203, 40.243314544 ], [ -104.874115382, 40.242985874 ], [ -104.874234222, 40.241389327 ], [ -104.8742316, 40.239443300000097 ], [ -104.8715649, 40.2394147 ], [ -104.8679722, 40.239351600000099 ], [ -104.8640996, 40.239294400000098 ], [ -104.859987798, 40.239221568000097 ], [ -104.847473032, 40.23896253 ], [ -104.833874825, 40.238472539 ], [ -104.827676725, 40.238375788 ], [ -104.8233461, 40.2384241 ], [ -104.8191442, 40.238508700000096 ], [ -104.8152699, 40.238581800000098 ], [ -104.811325, 40.2386779 ], [ -104.8075615, 40.238681800000101 ], [ -104.8042061, 40.2386779 ], [ -104.8010825, 40.2386779 ], [ -104.7988052, 40.238681800000101 ], [ -104.7953239, 40.2386741 ], [ -104.7913538, 40.238693300000101 ], [ -104.7877969, 40.2387279000001 ], [ -104.7843659, 40.238762500000099 ], [ -104.7804754, 40.2388142 ], [ -104.7773124, 40.2388456 ], [ -104.7734768, 40.238912200000101 ], [ -104.7735025, 40.2367329 ], [ -104.7734922, 40.234149800000097 ], [ -104.773482, 40.2313862 ], [ -104.773523, 40.2288538 ], [ -104.7735436, 40.225827400000099 ], [ -104.773559, 40.223200700000099 ], [ -104.7735744, 40.220099500000103 ], [ -104.7735949, 40.217578500000101 ], [ -104.7735692, 40.215265100000103 ], [ -104.7735538, 40.2124773 ], [ -104.7735333, 40.209854 ], [ -104.7735333, 40.206693400000098 ], [ -104.7734871, 40.2039013 ], [ -104.7734717, 40.201356100000098 ], [ -104.7734511, 40.1987049 ], [ -104.7734203, 40.1959085 ], [ -104.7733947, 40.193092400000097 ], [ -104.7733793, 40.190586100000097 ], [ -104.7733433, 40.188005100000098 ], [ -104.7733165, 40.1848603 ], [ -104.7732835, 40.182097800000101 ], [ -104.7732917, 40.179439300000098 ], [ -104.7732719, 40.1764216 ], [ -104.7732637, 40.1737912 ], [ -104.7732513, 40.1708897 ], [ -104.7732637, 40.167940800000103 ], [ -104.7732678, 40.165206 ], [ -104.7732719, 40.1619166 ], [ -104.7732761, 40.158318300000097 ], [ -104.7732637, 40.1567396 ], [ -104.7732761, 40.154628300000098 ], [ -104.7732719, 40.1522176 ], [ -104.7732802, 40.1495988 ], [ -104.7732926, 40.1466931 ], [ -104.7732884, 40.1444618 ], [ -104.7733049, 40.141751300000102 ], [ -104.7733255, 40.1386467 ], [ -104.7733214, 40.1359612 ], [ -104.7733462, 40.1332788 ], [ -104.7733668, 40.1306813 ], [ -104.7733833, 40.1276929 ], [ -104.7733544, 40.125038500000102 ], [ -104.773375, 40.1221033 ], [ -104.773375, 40.119272200000097 ], [ -104.7733585, 40.1166899 ], [ -104.7733503, 40.1138585 ], [ -104.773342, 40.1108252000001 ], [ -104.7733173, 40.1084192000001 ], [ -104.7732926, 40.105672600000098 ], [ -104.7732884, 40.103903500000101 ], [ -104.773220888, 40.102233531 ], [ -104.772928395, 40.101729842000097 ], [ -104.772506265, 40.100814348 ] ] ] } },
{ "type": "Feature", "properties": { "objectid": "73131", "id": "205232", "type": "AC; OVERHEAD", "status": "NOT AVAILABLE", "naics_code": "221121", "naics_desc": "ELECTRIC BULK POWER TRANSMISSION AND CONTROL", "source": "IMAGERY", "sourcedate": "2015-08-12T20:00:00-06:00", "val_method": "IMAGERY", "val_date": "2015-08-12T20:00:00-06:00", "owner": "PUBLIC SERVICE CO OF COLORADO", "voltage": 230.0, "volt_class": "220-287", "inferred": "Y", "sub_1": "JORDAN", "sub_2": "CLARK", "shape_lengt": 6331.6011978181004, "globalid": "b97ac13f-2626-4cec-ae93-f0a3147d8c9c", "STATEFP": "08", "STATENS": "01779779", "AFFGEOID": "0400000US08", "GEOID": "08", "STUSPS": "CO", "NAME": "Colorado", "LSAD": "00", "ALAND": 268422891711, "AWATER": 1181621593 }, "geometry": { "type": "MultiLineString", "coordinates": [ [ [ -104.815798262, 39.595662304 ], [ -104.816254889, 39.594978309000098 ], [ -104.870700324, 39.594978309000098 ], [ -104.871019996, 39.59390104 ] ] ] } },
{ "type": "Feature", "properties": { "objectid": "70193", "id": "201953", "type": "AC; OVERHEAD", "status": "NOT AVAILABLE", "naics_code": "221121", "naics_desc": "ELECTRIC BULK POWER TRANSMISSION AND CONTROL", "source": "Regional Map", "sourcedate": "2015-07-08T20:00:00-06:00", "val_method": "IMAGERY/OTHER", "val_date": "2015-07-08T20:00:00-06:00", "owner": "TRI-STATE G & T ASSN, INC", "voltage": 230.0, "volt_class": "220-287", "inferred": "N", "sub_1": "MCBRYDE", "sub_2": "UNKNOWN203887", "shape_lengt": 2078.5526658019999, "globalid": "28735d9d-ba4a-4ee8-88a6-f14ba8d0c378", "STATEFP": "08", "STATENS": "01779779", "AFFGEOID": "0400000US08", "GEOID": "08", "STUSPS": "CO", "NAME": "Colorado", "LSAD": "00", "ALAND": 268422891711, "AWATER": 1181621593 }, "geometry": { "type": "MultiLineString", "coordinates": [ [ [ -108.330964041, 39.949971372 ], [ -108.329503638, 39.949974009000101 ], [ -108.327614084, 39.949389124 ], [ -108.325788704, 39.948847963 ], [ -108.324117231, 39.949297625 ], [ -108.32244456, 39.949707592 ], [ -108.322780283, 39.951502310000102 ], [ -108.323044702, 39.953133003000097 ], [ -108.321683585, 39.954323844000101 ], [ -108.320254936, 39.955583524000097 ], [ -108.319434941, 39.955931964 ] ] ] } },
{ "type": "Feature", "properties": { "objectid": "74710", "id": "207006", "type": "AC; OVERHEAD", "status": "NOT AVAILABLE", "naics_code": "221121", "naics_desc": "ELECTRIC BULK POWER TRANSMISSION AND CONTROL", "source": "IMAGERY", "sourcedate": "2016-01-10T18:00:00-07:00", "val_method": "IMAGERY", "val_date": "2016-01-10T18:00:00-07:00", "owner": "PUBLIC SERVICE CO OF COLORADO", "voltage": 230.0, "volt_class": "220-287", "inferred": "Y", "sub_1": "UNKNOWN201402", "sub_2": "NOT AVAILABLE", "shape_lengt": 241.83677924279999, "globalid": "65c018e8-0ac2-456a-a606-f263431e65bd", "STATEFP": "08", "STATENS": "01779779", "AFFGEOID": "0400000US08", "GEOID": "08", "STUSPS": "CO", "NAME": "Colorado", "LSAD": "00", "ALAND": 268422891711, "AWATER": 1181621593 }, "geometry": { "type": "MultiLineString", "coordinates": [ [ [ -105.708131675, 39.653595221 ], [ -105.70864127, 39.65485399 ], [ -105.708485818, 39.655187246 ] ] ] } },
{ "type": "Feature", "properties": { "objectid": "69631", "id": "201380", "type": "AC; OVERHEAD", "status": "NOT AVAILABLE", "naics_code": "221121", "naics_desc": "ELECTRIC BULK POWER TRANSMISSION AND CONTROL", "source": "Regional Map", "sourcedate": "2014-06-30T20:00:00-06:00", "val_method": "IMAGERY/OTHER", "val_date": "2014-06-30T20:00:00-06:00", "owner": "WAPA-- WESTERN AREA POWER ADMINISTRATION", "voltage": 230.0, "volt_class": "220-287", "inferred": "N", "sub_1": "ARCHER", "sub_2": "NORTH PARK", "shape_lengt": 205330.85082728599, "globalid": "3021d84c-1edd-47f9-808e-f2d10d860811", "STATEFP": "08", "STATENS": "01779779", "AFFGEOID": "0400000US08", "GEOID": "08", "STUSPS": "CO", "NAME": "Colorado", "LSAD": "00", "ALAND": 268422891711, "AWATER": 1181621593 }, "geometry": { "type": "MultiLineString", "coordinates": [ [ [ -106.042929908285501, 40.997815524312927 ], [ -106.044227242, 40.996913439 ], [ -106.047092941, 40.995067755 ], [ -106.050479741, 40.992911073000101 ], [ -106.053635489, 40.990727853000102 ], [ -106.057148289, 40.988349064 ], [ -106.059824989, 40.986569672 ], [ -106.062942789, 40.9844444820001 ], [ -106.063836888, 40.983849502000098 ], [ -106.066555489, 40.981892352 ], [ -106.069131289, 40.979970101 ], [ -106.071942389, 40.977923954000097 ], [ -106.074707189, 40.975861906 ], [ -106.078948064, 40.972753564000101 ], [ -106.081675164, 40.970777082 ], [ -106.084406364, 40.968746601000099 ], [ -106.087146063, 40.966754019000099 ], [ -106.090373164, 40.964368041 ], [ -106.09311557, 40.9621823190001 ], [ -106.096611569, 40.959694539000097 ], [ -106.09869567, 40.958085753 ], [ -106.10253627, 40.955309076 ], [ -106.10514567, 40.953411392000099 ], [ -106.108181827, 40.951221941 ], [ -106.110799627, 40.949336849000098 ], [ -106.113337628, 40.947419858000103 ], [ -106.116665527, 40.945007769 ], [ -106.124712783, 40.939092903000102 ], [ -106.128642783, 40.936218615 ], [ -106.131130283, 40.934396523 ], [ -106.134357383, 40.932034733000101 ], [ -106.137300075, 40.929864102000103 ], [ -106.140321175, 40.927670414 ], [ -106.143584475, 40.9252758270001 ], [ -106.146640475, 40.922960339 ], [ -106.149041714, 40.921266033000101 ], [ -106.152126739, 40.9190734 ], [ -106.155266095, 40.916605155000099 ], [ -106.158403695, 40.914283975 ], [ -106.160737295, 40.912576589 ], [ -106.164176661, 40.909990508000099 ], [ -106.167002055, 40.907970636000101 ], [ -106.170659155, 40.905337546 ], [ -106.172985814, 40.9035349910001 ], [ -106.175614355, 40.901625681 ], [ -106.178384955, 40.899525194 ], [ -106.181683255, 40.89722221 ], [ -106.186688555, 40.893441834 ], [ -106.189289255, 40.891554647000099 ], [ -106.194586355, 40.887589973 ], [ -106.196309655, 40.88634198 ], [ -106.199514555, 40.883949396 ], [ -106.201898155, 40.882269107000099 ], [ -106.206681455, 40.878695231000101 ], [ -106.210760352, 40.875827867 ], [ -106.2137149, 40.8736057 ], [ -106.2167024, 40.8713527 ], [ -106.2195852, 40.8692458 ], [ -106.2224842, 40.867102300000099 ], [ -106.2254073, 40.8649708 ], [ -106.2282901, 40.8627785 ], [ -106.2311964, 40.8606468 ], [ -106.2340907, 40.858489 ], [ -106.2370241, 40.8563501 ], [ -106.2400035, 40.8541697 ], [ -106.2429427, 40.852037800000097 ], [ -106.2458256, 40.8498694 ], [ -106.2487406, 40.8477557000001 ], [ -106.2516396, 40.845611500000103 ], [ -106.2547962, 40.843266200000102 ], [ -106.2580414, 40.840872100000098 ], [ -106.2606907, 40.8386606 ], [ -106.2636058, 40.836254100000097 ], [ -106.2656028, 40.8345482 ], [ -106.2682635, 40.832306500000101 ], [ -106.2712344, 40.829866100000103 ], [ -106.2740472, 40.8275111 ], [ -106.2770683, 40.8249611 ], [ -106.2800391, 40.822496800000103 ], [ -106.2828287, 40.820127500000098 ], [ -106.2858653, 40.817587300000099 ], [ -106.29102825, 40.813226215 ], [ -106.290723834, 40.812191373000097 ] ] ] } },
{ "type": "Feature", "properties": { "objectid": "74484", "id": "206763", "type": "AC; OVERHEAD", "status": "NOT AVAILABLE", "naics_code": "221121", "naics_desc": "ELECTRIC BULK POWER TRANSMISSION AND CONTROL", "source": "IMAGERY", "sourcedate": "2016-01-10T18:00:00-07:00", "val_method": "IMAGERY", "val_date": "2016-01-10T18:00:00-07:00", "owner": "PUBLIC SERVICE CO OF COLORADO", "voltage": 230.0, "volt_class": "220-287", "inferred": "Y", "sub_1": "NOT AVAILABLE", "sub_2": "UNKNOWN202180", "shape_lengt": 98.618727634799995, "globalid": "088911ec-ba24-447b-bd84-f2fa70ba67d1", "STATEFP": "08", "STATENS": "01779779", "AFFGEOID": "0400000US08", "GEOID": "08", "STUSPS": "CO", "NAME": "Colorado", "LSAD": "00", "ALAND": 268422891711, "AWATER": 1181621593 }, "geometry": { "type": "MultiLineString", "coordinates": [ [ [ -104.687275698, 38.5570539 ], [ -104.687336672, 38.557122310000103 ], [ -104.687316789, 38.55773149 ] ] ] } },
{ "type": "Feature", "properties": { "objectid": "70069", "id": "201828", "type": "AC; OVERHEAD", "status": "NOT AVAILABLE", "naics_code": "221121", "naics_desc": "ELECTRIC BULK POWER TRANSMISSION AND CONTROL", "source": "IMAGERY", "sourcedate": "2014-07-07T20:00:00-06:00", "val_method": "IMAGERY", "val_date": "2014-07-07T20:00:00-06:00", "owner": "TRI-STATE G & T ASSN, INC", "voltage": 230.0, "volt_class": "220-287", "inferred": "Y", "sub_1": "LAMAR HVDC TIE", "sub_2": "TAP205667", "shape_lengt": 89613.060554662501, "globalid": "59dce17b-bfb1-49d4-a358-f326a21b5696", "STATEFP": "08", "STATENS": "01779779", "AFFGEOID": "0400000US08", "GEOID": "08", "STUSPS": "CO", "NAME": "Colorado", "LSAD": "00", "ALAND": 268422891711, "AWATER": 1181621593 }, "geometry": { "type": "MultiLineString", "coordinates": [ [ [ -102.528818714, 38.206703459 ], [ -102.530074837, 38.2064389660001 ], [ -102.5300367, 38.205742900000097 ], [ -102.5256145, 38.2057741 ], [ -102.5256045, 38.201618 ], [ -102.5220808, 38.2016691 ], [ -102.521939314, 38.196557996 ], [ -102.521749308, 38.188987258 ], [ -102.521644729, 38.1840627670001 ], [ -102.521582932, 38.178872636 ], [ -102.521544904, 38.177149983 ], [ -102.521273948, 38.169969336000101 ], [ -102.521216905, 38.166454428000101 ], [ -102.5214736, 38.164525922000102 ], [ -102.521466469, 38.161049997000099 ], [ -102.521459339, 38.159351219 ], [ -102.521195515, 38.157484199000102 ], [ -102.521131341, 38.153974296000101 ], [ -102.521052906, 38.145226839 ], [ -102.527976517, 38.145176371 ], [ -102.5294739, 38.144638031 ], [ -102.530842935, 38.1436062020001 ], [ -102.530928499, 38.142439769000099 ], [ -102.530657544, 38.140499412000104 ], [ -102.530507807, 38.135917496 ], [ -102.534622042, 38.132916943000097 ], [ -102.539870011, 38.128912274000101 ], [ -102.543256947, 38.12882253 ], [ -102.548818652, 38.128811312 ], [ -102.548875695, 38.125524399 ], [ -102.549075347, 38.124548392000101 ], [ -102.548961261, 38.1196681650001 ], [ -102.552177067, 38.119157686000101 ], [ -102.553588884, 38.119107198000101 ], [ -102.555970436, 38.118804274000098 ], [ -102.558323465, 38.1184789100001 ], [ -102.55824503, 38.117025975 ], [ -102.558287812, 38.112392093 ], [ -102.558351986, 38.110680961000099 ], [ -102.558294943, 38.105115297 ], [ -102.558323465, 38.101776817 ], [ -102.558387639, 38.096911902000102 ], [ -102.559293198, 38.096670612 ], [ -102.559371632, 38.093146561 ], [ -102.561189882, 38.093107279 ], [ -102.563264826, 38.092804248 ], [ -102.567628626, 38.092821083 ], [ -102.57424563, 38.09280986 ], [ -102.576541616, 38.092821083 ], [ -102.583964354, 38.092793024000102 ], [ -102.586381557, 38.092624673 ], [ -102.588791629, 38.092652732 ], [ -102.588584847, 38.091586498 ], [ -102.588121372, 38.090553919000101 ], [ -102.588142763, 38.085862236 ], [ -102.5877292, 38.083993336 ], [ -102.587486767, 38.082068263 ], [ -102.587451115, 38.080154365 ], [ -102.587501028, 38.078212352 ], [ -102.587486767, 38.070780591000101 ], [ -102.574295542, 38.070920925 ], [ -102.560455452, 38.070803044000101 ], [ -102.558187987, 38.070774978 ], [ -102.558152336, 38.066991449000099 ], [ -102.558180857, 38.059446262000101 ], [ -102.558166596, 38.055617231 ], [ -102.558130944, 38.053719485 ], [ -102.558123813, 38.051816075 ], [ -102.558116683, 38.044252477 ], [ -102.558088162, 38.03858067 ], [ -102.558116683, 38.0366768660001 ], [ -102.558280682, 38.034778628 ], [ -102.558230769, 38.02748849 ], [ -102.558159466, 38.020220095000099 ], [ -102.55805964, 38.012967833000097 ], [ -102.557831467, 38.012568967 ], [ -102.557845728, 38.005473263 ], [ -102.557859989, 37.998399349000103 ], [ -102.557795816, 37.991010059000097 ], [ -102.557724512, 37.983754908 ], [ -102.557653207, 37.976544004000097 ], [ -102.557574774, 37.969315528 ], [ -102.557489209, 37.961529787000103 ], [ -102.557446426, 37.959719554 ], [ -102.557396514, 37.951910306 ], [ -102.557289558, 37.942896873 ], [ -102.557296689, 37.934720288 ], [ -102.557353732, 37.926919631 ], [ -102.557367992, 37.9172224920001 ], [ -102.557310949, 37.909464984000103 ], [ -102.557253906, 37.900322564000099 ], [ -102.557175472, 37.893035946 ], [ -102.557011473, 37.883930879 ], [ -102.556883126, 37.874937254 ], [ -102.556804691, 37.867755073000097 ], [ -102.557032864, 37.864039877 ], [ -102.556982951, 37.858551177 ], [ -102.556954429, 37.851170342 ], [ -102.556925908, 37.843861967000102 ], [ -102.556883126, 37.836581025 ], [ -102.557161211, 37.827592886 ], [ -102.557104168, 37.823903827 ], [ -102.549752734, 37.823937621 ], [ -102.54732127, 37.823926356000101 ], [ -102.547356922, 37.818924714 ], [ -102.547413965, 37.811185018000103 ], [ -102.547497153, 37.796649773000098 ], [ -102.547509037, 37.783548701 ], [ -102.547473385, 37.772699818 ], [ -102.547449617, 37.760045475 ], [ -102.547413965, 37.747238616000097 ], [ -102.547366429, 37.734626908 ], [ -102.547307009, 37.71941858 ], [ -102.547342661, 37.717594875 ], [ -102.548495408, 37.716570196000099 ], [ -102.557313326, 37.716551395000103 ], [ -102.584313743, 37.716447986 ], [ -102.602317982, 37.716353978 ], [ -102.60228233, 37.707770537 ], [ -102.602199142, 37.704319958 ], [ -102.60892743, 37.704527738 ] ] ] } },
{ "type": "Feature", "properties": { "objectid": "74630", "id": "206918", "type": "AC; OVERHEAD", "status": "NOT AVAILABLE", "naics_code": "221121", "naics_desc": "ELECTRIC BULK POWER TRANSMISSION AND CONTROL", "source": "IMAGERY", "sourcedate": "2016-12-10T18:00:00-07:00", "val_method": "IMAGERY", "val_date": "2016-12-10T18:00:00-07:00", "owner": "PUBLIC SERVICE CO OF COLORADO", "voltage": 230.0, "volt_class": "220-287", "inferred": "Y", "sub_1": "NOT AVAILABLE", "sub_2": "UNKNOWN201328", "shape_lengt": 139.26917742719999, "globalid": "78447650-65d0-40a2-8a81-f56d32ec015e", "STATEFP": "08", "STATENS": "01779779", "AFFGEOID": "0400000US08", "GEOID": "08", "STUSPS": "CO", "NAME": "Colorado", "LSAD": "00", "ALAND": 268422891711, "AWATER": 1181621593 }, "geometry": { "type": "MultiLineString", "coordinates": [ [ [ -103.685035658, 40.217273873000103 ], [ -103.685036882, 40.2168502050001 ], [ -103.684630357, 40.2168575520001 ], [ -103.684632648, 40.217078692 ] ] ] } },
{ "type": "Feature", "properties": { "objectid": "70241", "id": "202001", "type": "AC; OVERHEAD", "status": "NOT AVAILABLE", "naics_code": "221121", "naics_desc": "ELECTRIC BULK POWER TRANSMISSION AND CONTROL", "source": "IMAGERY", "sourcedate": "2014-06-30T20:00:00-06:00", "val_method": "IMAGERY", "val_date": "2014-06-30T20:00:00-06:00", "owner": "PUBLIC SERVICE CO OF COLORADO", "voltage": 230.0, "volt_class": "220-287", "inferred": "Y", "sub_1": "SPRUCE", "sub_2": "UNKNOWN201412", "shape_lengt": 450.05298133370002, "globalid": "8271f5fb-c524-43b9-99bc-f86553e6a9bb", "STATEFP": "08", "STATENS": "01779779", "AFFGEOID": "0400000US08", "GEOID": "08", "STUSPS": "CO", "NAME": "Colorado", "LSAD": "00", "ALAND": 268422891711, "AWATER": 1181621593 }, "geometry": { "type": "MultiLineString", "coordinates": [ [ [ -104.683492072, 39.741884288 ], [ -104.682520951, 39.742399439 ], [ -104.681107045, 39.742377868000098 ], [ -104.681011662, 39.743257969000098 ], [ -104.680725479, 39.743328074 ] ] ] } }
]
}
