{
"type": "FeatureCollection",
"name": "tristate_transmission",
"crs": { "type": "name", "properties": { "name": "urn:ogc:def:crs:OGC:1.3:CRS84" } },
"features": [
{ "type": "Feature", "properties": { "objectid": "70135", "id": "201894", "type": "AC; OVERHEAD", "status": "NOT AVAILABLE", "naics_code": "221121", "naics_desc": "ELECTRIC BULK POWER TRANSMISSION AND CONTROL", "source": "Regional Map", "sourcedate": "2014-07-08 20:00:00-06:00", "val_method": "IMAGERY/OTHER", "val_date": "2014-07-08 20:00:00-06:00", "owner": "TRI-STATE G & T ASSN, INC", "voltage": 115.0, "volt_class": "100-161", "inferred": "N", "sub_1": "UNKNOWN203966", "sub_2": "UNKNOWN203965", "shape_lengt": 4192.8623596002999, "globalid": "9237d7d0-70c7-4d25-a76f-f5e72b73242a" }, "geometry": { "type": "MultiLineString", "coordinates": [ [ [ -102.242008802, 39.330792434 ], [ -102.24192086, 39.33003131 ], [ -102.241771122, 39.328746207000101 ], [ -102.241799643, 39.3263928800001 ], [ -102.241875701, 39.31808206 ], [ -102.241894716, 39.315897548000102 ], [ -102.241923237, 39.311020765000102 ], [ -102.241851933, 39.308091222 ], [ -102.241737847, 39.3040139330001 ], [ -102.241680519, 39.301924252 ], [ -102.241834535, 39.301691776 ] ] ] } },
{ "type": "Feature", "properties": { "objectid": "78842", "id": "211080", "type": "AC; OVERHEAD", "status": "IN SERVICE", "naics_code": "221121", "naics_desc": "ELECTRIC BULK POWER TRANSMISSION AND CONTROL", "source": "IMAGERY", "sourcedate": "2018-12-09 18:00:00-07:00", "val_method": "IMAGERY/OTHER", "val_date": "2018-12-09 18:00:00-07:00", "owner": "TRI-STATE G & T ASSN, INC", "voltage": 34.5, "volt_class": "UNDER 100", "inferred": "Y", "sub_1": "UNKNOWN209065", "sub_2": "TAP209066", "shape_lengt": 4051.5562607879001, "globalid": "a8693069-c783-48fa-8c2a-f65f9d4008e1" }, "geometry": { "type": "MultiLineString", "coordinates": [ [ [ -108.650532192, 38.22199841 ], [ -108.651410412, 38.221591284 ], [ -108.653503, 38.221611 ], [ -108.655198514, 38.221640063000102 ], [ -108.655987, 38.2216540000001 ], [ -108.657853, 38.221672 ], [ -108.65951, 38.221693000000101 ], [ -108.661573, 38.221711 ], [ -108.663603, 38.221743 ], [ -108.665434, 38.221757 ], [ -108.667205, 38.221782 ], [ -108.669096, 38.221807 ], [ -108.67091, 38.221825 ], [ -108.672812, 38.221846 ], [ -108.674682, 38.221857 ], [ -108.676283, 38.2225970000001 ], [ -108.677914, 38.223329 ], [ -108.681067, 38.224759 ], [ -108.682649, 38.2254760000001 ], [ -108.68423, 38.226187 ], [ -108.685162, 38.226611 ] ] ] } },
{ "type": "Feature", "properties": { "objectid": "70340", "id": "202101", "type": "AC; OVERHEAD", "status": "NOT AVAILABLE", "naics_code": "221121", "naics_desc": "ELECTRIC BULK POWER TRANSMISSION AND CONTROL", "source": "IMAGERY", "sourcedate": "2019-04-28 20:00:00-06:00", "val_method": "IMAGERY", "val_date": "2019-04-28 20:00:00-06:00", "owner": "TRI-STATE G & T ASSN, INC", "voltage": 69.0, "volt_class": "UNDER 100", "inferred": "N", "sub_1": "CIPRES", "sub_2": "UNKNOWN204084", "shape_lengt": 117.58886071240001, "globalid": "a0c67223-b224-4bc0-8386-fc211e9c90af" }, "geometry": { "type": "MultiLineString", "coordinates": [ [ [ -104.866868859, 40.025484717 ], [ -104.86687321, 40.025163524 ], [ -104.867509955, 40.025154549 ] ] ] } },
{ "type": "Feature", "properties": { "objectid": "80060", "id": "209792", "type": "AC; OVERHEAD", "status": "NOT AVAILABLE", "naics_code": "221121", "naics_desc": "ELECTRIC BULK POWER TRANSMISSION AND CONTROL", "source": "IMAGERY", "sourcedate": "2019-03-03 18:00:00-07:00", "val_method": "IMAGERY", "val_date": "2019-03-03 18:00:00-07:00", "owner": "TRI-STATE G & T ASSN, INC", "voltage": 115.0, "volt_class": "100-161", "inferred": "Y", "sub_1": "UNKNOWN208112", "sub_2": "UNKNOWN208113", "shape_lengt": 25597.240925683702, "globalid": "4f1023ee-0d0b-4a3a-904b-ff3d9aa1cf76" }, "geometry": { "type": "MultiLineString", "coordinates": [ [ [ -103.051591102, 39.127222536 ], [ -103.051653, 39.12814 ], [ -103.062420051, 39.128117391 ], [ -103.062341, 39.128716 ], [ -103.062074, 39.140808 ], [ -103.061997337, 39.153082397 ], [ -103.061897875, 39.170935857000103 ], [ -103.061663978, 39.188014465 ], [ -103.061506934, 39.200064056 ], [ -103.061640184, 39.211771004000099 ], [ -103.061583077, 39.222830739000102 ], [ -103.061640184, 39.233433617000102 ], [ -103.061545005, 39.2471202770001 ], [ -103.061503127, 39.254848766000102 ], [ -103.061487, 39.266153 ], [ -103.04353, 39.265752 ], [ -103.043548666, 39.271691543 ], [ -103.043518209, 39.277798191 ], [ -103.043534, 39.281421000000101 ], [ -103.043865, 39.282357 ], [ -103.043849518, 39.282672193000103 ] ] ] } },
{ "type": "Feature", "properties": { "objectid": "73606", "id": "205325", "type": "AC; OVERHEAD", "status": "NOT AVAILABLE", "naics_code": "221121", "naics_desc": "ELECTRIC BULK POWER TRANSMISSION AND CONTROL", "source": "IMAGERY", "sourcedate": "2019-02-20 18:00:00-07:00", "val_method": "IMAGERY", "val_date": "2019-02-20 18:00:00-07:00", "owner": "TRI-STATE G & T ASSN, INC", "voltage": 115.0, "volt_class": "100-161", "inferred": "N", "sub_1": "UNKNOWN203904", "sub_2": "UNKNOWN203901", "shape_lengt": 11651.587176347701, "globalid": "3ba769a7-4f20-4718-a082-bdd494ce4d90" }, "geometry": { "type": "MultiLineString", "coordinates": [ [ [ -107.858591072, 37.125713022000099 ], [ -107.857910043, 37.12564137 ], [ -107.853369679, 37.1256464370001 ], [ -107.853354477, 37.129239203 ], [ -107.844527117, 37.129284809000097 ], [ -107.84550512, 37.132958653000102 ], [ -107.832274215, 37.132928249 ], [ -107.823107342, 37.132907979 ], [ -107.819813551, 37.132913047 ], [ -107.812638154, 37.135887593 ], [ -107.802265246, 37.141669463 ], [ -107.800101479, 37.142921104 ], [ -107.794912491, 37.144801098000102 ], [ -107.789125554, 37.146990202 ], [ -107.782157919, 37.147116887 ], [ -107.782193391, 37.156511792000103 ], [ -107.781073502, 37.156547264 ], [ -107.780805017, 37.156434422000103 ] ] ] } },
{ "type": "Feature", "properties": { "objectid": "70191", "id": "201951", "type": "AC; OVERHEAD", "status": "NOT AVAILABLE", "naics_code": "221121", "naics_desc": "ELECTRIC BULK POWER TRANSMISSION AND CONTROL", "source": "Regional Map, IMAGERY and FAA data", "sourcedate": "2019-01-01 18:00:00-07:00", "val_method": "IMAGERY/OTHER", "val_date": "2019-01-01 18:00:00-07:00", "owner": "TRI-STATE G & T ASSN, INC", "voltage": 230.0, "volt_class": "220-287", "inferred": "Y", "sub_1": "UNKNOWN209551", "sub_2": "MEEKER", "shape_lengt": 34036.579216914703, "globalid": "cf822d9b-b485-41c9-b698-bf5ae5f7d17d" }, "geometry": { "type": "MultiLineString", "coordinates": [ [ [ -108.185914789, 39.864456399000098 ], [ -108.182392375, 39.865405051 ], [ -108.178917498, 39.866448551000097 ], [ -108.173018286, 39.868104986 ], [ -108.167057279, 39.868137822 ], [ -108.161571631, 39.868156064000097 ], [ -108.154531558, 39.873281996000102 ], [ -108.146892531, 39.875390631000101 ], [ -108.139348576, 39.877521089 ], [ -108.128572177, 39.880530613000097 ], [ -108.118627657, 39.883291963 ], [ -108.115057709, 39.886607626000099 ], [ -108.109391423, 39.891805123 ], [ -108.105669359, 39.895306372 ], [ -108.100440405, 39.900040069000099 ], [ -108.098957284, 39.901473242000101 ], [ -108.097013063, 39.902950145 ], [ -108.096371328, 39.903788866000099 ], [ -108.092639757, 39.907234808000098 ], [ -108.090609972, 39.909079865000102 ], [ -108.086897414, 39.912580232 ], [ -108.085100556, 39.914133463 ], [ -108.081687474, 39.917247110000098 ], [ -108.07662965, 39.921899087 ], [ -108.071258088, 39.926838733000103 ], [ -108.068054165, 39.929773187000102 ], [ -108.067127214, 39.931278641000098 ], [ -108.065392153, 39.933935887000104 ], [ -108.063923292, 39.936232189000101 ], [ -108.060386618, 39.941717488 ], [ -108.058218978, 39.945168811 ], [ -108.055376329, 39.949578377000101 ], [ -108.052519419, 39.953860122 ], [ -108.051307252, 39.955795018000103 ], [ -108.048089069, 39.960863385 ], [ -108.045312969, 39.965097061000101 ], [ -108.043535125, 39.968470697 ], [ -108.042945679, 39.969847792 ], [ -108.042189857, 39.971359650000103 ], [ -108.03835846, 39.976907701000101 ], [ -108.036552094, 39.980455595000102 ], [ -108.035368449, 39.982659276 ], [ -108.0333862, 39.986483677000102 ], [ -108.031313633, 39.990504531 ], [ -108.029968366, 39.993112133000103 ], [ -108.028366405, 39.99629502 ], [ -108.027372903, 39.99817045 ], [ -108.024501732, 40.00358888 ], [ -108.023907532, 40.004754077 ], [ -108.013288002, 40.004998038 ], [ -108.005468339, 40.005176457000097 ], [ -107.995181561, 40.005322104000101 ], [ -107.9883569, 40.0053774 ], [ -107.979874986, 40.005373081000101 ], [ -107.9797673, 40.0063426 ], [ -107.9805256, 40.0063911 ], [ -107.980473, 40.006527 ] ] ] } },
{ "type": "Feature", "properties": { "objectid": "70071", "id": "201830", "type": "AC; OVERHEAD", "status": "NOT AVAILABLE", "naics_code": "221121", "naics_desc": "ELECTRIC BULK POWER TRANSMISSION AND CONTROL", "source": "Regional Map", "sourcedate": "2014-07-07 20:00:00-06:00", "val_method": "IMAGERY/OTHER", "val_date": "2014-07-07 20:00:00-06:00", "owner": "TRI-STATE G & T ASSN, INC", "voltage": 115.0, "volt_class": "100-161", "inferred": "N", "sub_1": "UNKNOWN203934", "sub_2": "TAP204019", "shape_lengt": 114804.850233865, "globalid": "c3598ca5-95fc-4e16-8cbd-c3b3f5a88a12" }, "geometry": { "type": "MultiLineString", "coordinates": [ [ [ -103.571400674, 37.983707716 ], [ -103.571129343, 37.983295650000102 ], [ -103.57156905, 37.979684644 ], [ -103.572228612, 37.973534752 ], [ -103.572852521, 37.967604514000101 ], [ -103.573517212, 37.961534114000102 ], [ -103.494782237, 37.961599701000097 ], [ -103.487398716, 37.969943803 ], [ -103.447516058, 37.984748359 ], [ -103.337013999, 38.011820493000101 ], [ -103.274204754, 38.011842965 ], [ -103.271875493, 38.012239963000098 ], [ -103.236123708, 38.012232472 ], [ -103.234374385, 38.011884162000101 ], [ -103.074390589, 38.012086758000102 ], [ -102.952991298, 38.011903826 ], [ -102.912139711, 38.033822792000102 ], [ -102.911320099, 38.0342597100001 ], [ -102.792560047, 38.034380292 ], [ -102.66534364, 38.034749144 ], [ -102.595194178, 38.034774527 ], [ -102.595176352, 38.035476543000101 ], [ -102.595176379, 38.035478042000101 ] ] ] } },
{ "type": "Feature", "properties": { "objectid": "70113", "id": "201872", "type": "AC; OVERHEAD", "status": "NOT AVAILABLE", "naics_code": "221121", "naics_desc": "ELECTRIC BULK POWER TRANSMISSION AND CONTROL", "source": "Regional Map", "sourcedate": "2014-07-09 20:00:00-06:00", "val_method": "IMAGERY/OTHER", "val_date": "2014-07-09 20:00:00-06:00", "owner": "TRI-STATE G & T ASSN, INC", "voltage": 230.0, "volt_class": "220-287", "inferred": "N", "sub_1": "UNKNOWN204085", "sub_2": "CIPRES", "shape_lengt": 8252.7228705529997, "globalid": "2dd8d2e2-7116-418e-b016-c3c78c1e44bd" }, "geometry": { "type": "MultiLineString", "coordinates": [ [ [ -104.800647828, 40.020374154000102 ], [ -104.801002734, 40.020047857000101 ], [ -104.801604899, 40.020027129 ], [ -104.801565835, 40.023263970000102 ], [ -104.804843313, 40.023240038 ], [ -104.804843313, 40.025719918 ], [ -104.820687557, 40.025674801 ], [ -104.837258586, 40.024102262 ], [ -104.854514135, 40.02528167 ], [ -104.856517315, 40.025462661000098 ], [ -104.865705089, 40.025478529000097 ], [ -104.866438527, 40.025491431 ], [ -104.866868859, 40.025484717 ] ] ] } },
{ "type": "Feature", "properties": { "objectid": "73607", "id": "205331", "type": "AC; OVERHEAD", "status": "NOT AVAILABLE", "naics_code": "221121", "naics_desc": "ELECTRIC BULK POWER TRANSMISSION AND CONTROL", "source": "Regional Map", "sourcedate": "2015-09-13 20:00:00-06:00", "val_method": "IMAGERY/OTHER", "val_date": "2015-09-13 20:00:00-06:00", "owner": "TRI-STATE G & T ASSN, INC", "voltage": 115.0, "volt_class": "100-161", "inferred": "N", "sub_1": "BAYFIELD", "sub_2": "UNKNOWN205930", "shape_lengt": 7925.4422587302997, "globalid": "71db4273-1ded-4d7f-b210-c414e23f86bb" }, "geometry": { "type": "MultiLineString", "coordinates": [ [ [ -107.619447, 37.224499 ], [ -107.619510858, 37.224340612 ], [ -107.619376092, 37.223986869 ], [ -107.619042007, 37.223505289000101 ], [ -107.618729321, 37.222695969 ], [ -107.617878021, 37.2202135100001 ], [ -107.617779601, 37.219943555 ], [ -107.613670581, 37.218853649 ], [ -107.608373417, 37.217471988 ], [ -107.602442369, 37.215882606 ], [ -107.602192602, 37.215806104000102 ], [ -107.596366631, 37.2164471890001 ], [ -107.590835463, 37.217071709 ], [ -107.589078904, 37.217235428 ], [ -107.587190513, 37.218837561 ], [ -107.585761348, 37.2201530930001 ], [ -107.580711186, 37.2244729270001 ], [ -107.578321229, 37.2251419460001 ], [ -107.567970639, 37.225109662000101 ], [ -107.568008983, 37.218280625 ], [ -107.566530688, 37.218267657000098 ], [ -107.566344168, 37.218170812 ] ] ] } },
{ "type": "Feature", "properties": { "objectid": "73585", "id": "205279", "type": "AC; OVERHEAD", "status": "NOT AVAILABLE", "naics_code": "221121", "naics_desc": "ELECTRIC BULK POWER TRANSMISSION AND CONTROL", "source": "Regional Map", "sourcedate": "2015-08-12 20:00:00-06:00", "val_method": "IMAGERY/OTHER", "val_date": "2015-08-12 20:00:00-06:00", "owner": "TRI-STATE G & T ASSN, INC", "voltage": 115.0, "volt_class": "100-161", "inferred": "N", "sub_1": "WINDY GAP", "sub_2": "UNKNOWN205909", "shape_lengt": 40145.152910260702, "globalid": "7710dcd3-75ef-4fd6-81ee-c5b082b06470" }, "geometry": { "type": "MultiLineString", "coordinates": [ [ [ -105.986691, 40.111898 ], [ -105.986893169, 40.112259253 ], [ -105.987439832, 40.112336507000101 ], [ -105.990303873, 40.112981799000103 ], [ -105.993726461, 40.113004521 ], [ -106.005580737, 40.113090862 ], [ -106.011599977, 40.11316357 ], [ -106.020233693, 40.110441493000103 ], [ -106.027465099, 40.108187403 ], [ -106.030055808, 40.106028679000097 ], [ -106.032861616, 40.103758081000102 ], [ -106.047483673, 40.101794654000102 ], [ -106.054718644, 40.100856551 ], [ -106.05760883, 40.100849279 ], [ -106.067638914, 40.1007838290001 ], [ -106.082821895, 40.100696563 ], [ -106.087908242, 40.1041943910001 ], [ -106.093270297, 40.107779296 ], [ -106.105353933, 40.108433721 ], [ -106.115355496, 40.111073170000097 ], [ -106.125147901, 40.1044852630001 ], [ -106.125442624, 40.104274381 ], [ -106.134778683, 40.103925334000103 ], [ -106.139504331, 40.102091216000098 ], [ -106.138966591, 40.095748322000098 ], [ -106.15305593, 40.081766509 ], [ -106.162108955, 40.072684454000097 ], [ -106.172707979, 40.0621391500001 ], [ -106.174684935, 40.060221608000099 ], [ -106.1772036, 40.059193238 ], [ -106.181890351, 40.058468797000103 ], [ -106.203603051, 40.056950241 ], [ -106.214273894, 40.056152363000102 ], [ -106.227858982, 40.055168274 ], [ -106.249580252, 40.0529495850001 ], [ -106.260358839, 40.051822043000101 ], [ -106.285853538, 40.049209835 ], [ -106.299267079, 40.047810735 ], [ -106.300908423, 40.046729266000099 ], [ -106.300831779, 40.046535244 ] ] ] } },
{ "type": "Feature", "properties": { "objectid": "77548", "id": "209716", "type": "AC; OVERHEAD", "status": "NOT AVAILABLE", "naics_code": "221121", "naics_desc": "ELECTRIC BULK POWER TRANSMISSION AND CONTROL", "source": "IMAGERY", "sourcedate": "2018-04-02 20:00:00-06:00", "val_method": "IMAGERY", "val_date": "2018-04-02 20:00:00-06:00", "owner": "TRI-STATE G & T ASSN, INC", "voltage": 115.0, "volt_class": "100-161", "inferred": "Y", "sub_1": "TAP208052", "sub_2": "TAP208053", "shape_lengt": 22890.280757155298, "globalid": "9ea5180a-e113-4b13-a91b-c5c059eb1d3c" }, "geometry": { "type": "MultiLineString", "coordinates": [ [ [ -108.737692, 37.58842 ], [ -108.683148, 37.588355 ], [ -108.68316, 37.558823000000103 ], [ -108.66557, 37.5587990000001 ], [ -108.664895, 37.4903610000001 ], [ -108.662267, 37.483434 ], [ -108.662015, 37.482815000000102 ] ] ] } },
{ "type": "Feature", "properties": { "objectid": "70003", "id": "201762", "type": "AC; OVERHEAD", "status": "NOT AVAILABLE", "naics_code": "221121", "naics_desc": "ELECTRIC BULK POWER TRANSMISSION AND CONTROL", "source": "Regional Map", "sourcedate": "2014-06-30 20:00:00-06:00", "val_method": "IMAGERY/OTHER", "val_date": "2014-06-30 20:00:00-06:00", "owner": "TRI-STATE G & T ASSN, INC", "voltage": 115.0, "volt_class": "100-161", "inferred": "N", "sub_1": "SHENANDOAH", "sub_2": "DURANGO", "shape_lengt": 10725.375728442399, "globalid": "49aa0d1f-d99f-43a1-934f-c61400ce218c" }, "geometry": { "type": "MultiLineString", "coordinates": [ [ [ -107.991412, 37.249281 ], [ -107.991151384, 37.249499622 ], [ -107.99061185, 37.249442863000098 ], [ -107.979482287, 37.245869076000098 ], [ -107.965938, 37.241604000000102 ], [ -107.959435373, 37.242254729 ], [ -107.953033521, 37.2428228650001 ], [ -107.947036753, 37.24334243 ], [ -107.930283802, 37.244776903000101 ], [ -107.919413968, 37.245680035000099 ], [ -107.915029621, 37.24604968 ], [ -107.908207421, 37.246674056000103 ], [ -107.903290421, 37.243329838000101 ], [ -107.899910001, 37.243369665 ], [ -107.898981977, 37.243391807000101 ] ] ] } },
{ "type": "Feature", "properties": { "objectid": "70292", "id": "202053", "type": "AC; OVERHEAD", "status": "NOT AVAILABLE", "naics_code": "221121", "naics_desc": "ELECTRIC BULK POWER TRANSMISSION AND CONTROL", "source": "IMAGERY", "sourcedate": "2014-06-29 20:00:00-06:00", "val_method": "IMAGERY", "val_date": "2014-06-29 20:00:00-06:00", "owner": "TRI-STATE G & T ASSN, INC", "voltage": 69.0, "volt_class": "UNDER 100", "inferred": "Y", "sub_1": "PONCHA JUNCTION", "sub_2": "MEARS JUNCTION", "shape_lengt": 14128.8185599849, "globalid": "8ec12eaa-09d7-453a-9b06-c69ea9306b1b" }, "geometry": { "type": "MultiLineString", "coordinates": [ [ [ -106.084191, 38.520952000000101 ], [ -106.085040876, 38.521002642 ], [ -106.085051339, 38.519455371 ], [ -106.084549085, 38.519381690000102 ], [ -106.084548116, 38.517826194000101 ], [ -106.084779285, 38.514469493 ], [ -106.084789749, 38.5049388750001 ], [ -106.084224713, 38.502236666 ], [ -106.088274136, 38.50245776 ], [ -106.090722625, 38.503137414 ], [ -106.09673921, 38.503481333 ], [ -106.098015773, 38.500533404000102 ], [ -106.098800545, 38.499436088 ], [ -106.104618322, 38.49811765 ], [ -106.112183524, 38.494383308000103 ], [ -106.112717169, 38.490771622000103 ], [ -106.11312525, 38.487872315000097 ], [ -106.117593219, 38.469589250000098 ], [ -106.119999853, 38.455611702000098 ], [ -106.115301685, 38.445786471000098 ], [ -106.113931075, 38.443493742 ], [ -106.114438051, 38.443069470000097 ], [ -106.114167426, 38.442472449 ] ] ] } },
{ "type": "Feature", "properties": { "objectid": "73149", "id": "205280", "type": "AC; OVERHEAD", "status": "NOT AVAILABLE", "naics_code": "221121", "naics_desc": "ELECTRIC BULK POWER TRANSMISSION AND CONTROL", "source": "IMAGERY", "sourcedate": "2015-08-12 20:00:00-06:00", "val_method": "IMAGERY", "val_date": "2015-08-12 20:00:00-06:00", "owner": "TRI-STATE G & T ASSN, INC", "voltage": 115.0, "volt_class": "100-161", "inferred": "Y", "sub_1": "UNKNOWN205909", "sub_2": "BLUE RIVER", "shape_lengt": 9367.5065351659996, "globalid": "8487e843-248f-4922-9eb1-caafd27e08d1" }, "geometry": { "type": "MultiLineString", "coordinates": [ [ [ -106.300831779, 40.046535244 ], [ -106.301071038, 40.046634832 ], [ -106.301647256, 40.046161186000099 ], [ -106.31267189, 40.038196890000101 ], [ -106.335643257, 40.021667562 ], [ -106.344153032, 40.015502059 ], [ -106.347540602, 40.013038372 ], [ -106.36442817, 40.007029993000103 ], [ -106.365512353, 40.006420948 ] ] ] } },
{ "type": "Feature", "properties": { "objectid": "70068", "id": "201827", "type": "AC; OVERHEAD", "status": "NOT AVAILABLE", "naics_code": "221121", "naics_desc": "ELECTRIC BULK POWER TRANSMISSION AND CONTROL", "source": "Company Map", "sourcedate": "2014-07-07 20:00:00-06:00", "val_method": "IMAGERY/OTHER", "val_date": "2014-07-07 20:00:00-06:00", "owner": "TRI-STATE G & T ASSN, INC", "voltage": 115.0, "volt_class": "100-161", "inferred": "N", "sub_1": "VILAS", "sub_2": "LAMAR", "shape_lengt": 126348.22942440301, "globalid": "1b3611f9-15df-47e0-a956-cd6dcd2eb23c" }, "geometry": { "type": "MultiLineString", "coordinates": [ [ [ -102.466894, 37.389276 ], [ -102.466901146, 37.391965335000101 ], [ -102.466681292, 37.397464996000103 ], [ -102.466508974, 37.403908292 ], [ -102.466348541, 37.410823007 ], [ -102.466301005, 37.412767508 ], [ -102.460388721, 37.412876059 ], [ -102.455248897, 37.412998768000101 ], [ -102.455195419, 37.4175011190001 ], [ -102.455045681, 37.4253894920001 ], [ -102.455052812, 37.4313292900001 ], [ -102.455002899, 37.439731402000099 ], [ -102.455017159, 37.4460719940001 ], [ -102.45502429, 37.453153575 ], [ -102.45503142, 37.460460881000103 ], [ -102.45503142, 37.467676923000099 ], [ -102.45502429, 37.475028081000097 ], [ -102.455045681, 37.48213521 ], [ -102.455124116, 37.490627796000098 ], [ -102.455152637, 37.498474516 ], [ -102.455231071, 37.506795552 ], [ -102.455266723, 37.513034307 ], [ -102.455345158, 37.523316084 ], [ -102.45539507, 37.530480819 ], [ -102.455480635, 37.538724785 ], [ -102.455516287, 37.544423784000102 ], [ -102.457726708, 37.54530008 ], [ -102.469071162, 37.549913182000097 ], [ -102.481278393, 37.5548764710001 ], [ -102.487153835, 37.558505454 ], [ -102.499025938, 37.56584767 ], [ -102.510498738, 37.572985713 ], [ -102.510505869, 37.581191073000099 ], [ -102.510512999, 37.588107287000099 ], [ -102.510534391, 37.595452235 ], [ -102.51052013, 37.602626984 ], [ -102.510562912, 37.609891418000103 ], [ -102.510584303, 37.6171099580001 ], [ -102.510684128, 37.626863477 ], [ -102.51071978, 37.629399069 ], [ -102.50417408, 37.63475233 ], [ -102.494384053, 37.64279279 ], [ -102.488415914, 37.647699075 ], [ -102.48687575, 37.648941121000099 ], [ -102.486604795, 37.650358158000103 ], [ -102.484558372, 37.6599944170001 ], [ -102.483552988, 37.6647697450001 ], [ -102.483552988, 37.668286131000102 ], [ -102.483560118, 37.676582563000103 ], [ -102.483624292, 37.684849852000099 ], [ -102.483645682, 37.69313879 ], [ -102.48359577, 37.701421159000098 ], [ -102.483545857, 37.709708243000101 ], [ -102.483538727, 37.717988762000097 ], [ -102.483481683, 37.726279633 ], [ -102.483531596, 37.734552660000098 ], [ -102.483531596, 37.742841678 ], [ -102.4836029, 37.751118491000099 ], [ -102.483638552, 37.759371831000102 ], [ -102.483645682, 37.767646796000101 ], [ -102.483695595, 37.775920834 ], [ -102.483702725, 37.781900337 ], [ -102.484173331, 37.784193948000102 ], [ -102.485799061, 37.792415422 ], [ -102.487389138, 37.800675421000101 ], [ -102.488872259, 37.808281015 ], [ -102.490483728, 37.816522341 ], [ -102.491874155, 37.823698249000103 ], [ -102.493400059, 37.831571793000101 ], [ -102.494754833, 37.838481573 ], [ -102.496801255, 37.846950379000099 ], [ -102.498733592, 37.855052269 ], [ -102.50071584, 37.863288372000099 ], [ -102.50180679, 37.867831064 ], [ -102.50180679, 37.87154044 ], [ -102.501749747, 37.879797212 ], [ -102.50179253, 37.887991157 ], [ -102.501935137, 37.896189818 ], [ -102.50197792, 37.902232721000097 ], [ -102.502027833, 37.912353753 ], [ -102.502134789, 37.920544075000102 ], [ -102.502184702, 37.928767230000098 ], [ -102.502241745, 37.937011960000099 ], [ -102.502320179, 37.945154552000098 ], [ -102.502427135, 37.952087415000101 ], [ -102.502584003, 37.960537538 ], [ -102.502683829, 37.968194095000101 ], [ -102.502769394, 37.977018945000097 ], [ -102.502840697, 37.984274762 ], [ -102.502797915, 37.992597555 ], [ -102.502812176, 38.000812647 ], [ -102.502797915, 38.009038055000097 ], [ -102.502890611, 38.017245688000102 ], [ -102.503047479, 38.023975148 ], [ -102.503209101, 38.0285902950001 ], [ -102.503218608, 38.034393920000099 ], [ -102.503128289, 38.038718258000102 ], [ -102.503109276, 38.044491132000097 ], [ -102.503118783, 38.050282268000103 ], [ -102.503166319, 38.054676786000101 ], [ -102.503161565, 38.060601856000098 ], [ -102.503199594, 38.06354737 ], [ -102.506869368, 38.063551113000102 ], [ -102.512350263, 38.063554855000099 ], [ -102.512326495, 38.066466567000099 ], [ -102.512355017, 38.06938939 ], [ -102.51234551, 38.074781898 ], [ -102.512374032, 38.076394709 ], [ -102.512407306, 38.081730575 ], [ -102.512421567, 38.086063341000099 ], [ -102.512426321, 38.09096452 ], [ -102.512421567, 38.092315093 ], [ -102.50627517, 38.092292646 ], [ -102.499163792, 38.092322575 ], [ -102.499182806, 38.095139616 ], [ -102.499063966, 38.099875592 ], [ -102.496981892, 38.102172393 ], [ -102.494799992, 38.1044616410001 ], [ -102.494795238, 38.109327923000102 ], [ -102.494814253, 38.114175182000103 ], [ -102.494928339, 38.119575605000101 ], [ -102.503903126, 38.123464861000102 ], [ -102.504064748, 38.130278036 ], [ -102.504112284, 38.135292157 ], [ -102.504254892, 38.140616246 ], [ -102.504302428, 38.1463137860001 ], [ -102.504421268, 38.150997849000099 ], [ -102.504525847, 38.156175014 ], [ -102.504556745, 38.157924326 ], [ -102.504663701, 38.163540159 ], [ -102.504717179, 38.170211318 ], [ -102.504788483, 38.175653373 ], [ -102.504776599, 38.177568506 ], [ -102.504824134, 38.185074407000101 ], [ -102.504889497, 38.190487331 ], [ -102.504984568, 38.197772426 ], [ -102.504978627, 38.20132598 ], [ -102.507272236, 38.201400692 ], [ -102.518550139, 38.201858298 ], [ -102.52496155, 38.2021197870001 ], [ -102.52496155, 38.206402392 ], [ -102.525020463, 38.20685201 ] ] ] } },
{ "type": "Feature", "properties": { "objectid": "69900", "id": "201657", "type": "AC; OVERHEAD", "status": "NOT AVAILABLE", "naics_code": "221121", "naics_desc": "ELECTRIC BULK POWER TRANSMISSION AND CONTROL", "source": "Regional Map", "sourcedate": "2014-07-14 20:00:00-06:00", "val_method": "IMAGERY/OTHER", "val_date": "2014-07-14 20:00:00-06:00", "owner": "TRI-STATE G & T ASSN, INC", "voltage": 138.0, "volt_class": "100-161", "inferred": "N", "sub_1": "MEEKER", "sub_2": "UNKNOWN203872", "shape_lengt": 54752.418291663998, "globalid": "fcccc675-0187-4dec-af0e-ce0acd13d56d" }, "geometry": { "type": "MultiLineString", "coordinates": [ [ [ -107.980473, 40.006527 ], [ -107.980661896, 40.006660759000098 ], [ -107.981907338, 40.006668041000097 ], [ -107.981565079, 40.009271385 ], [ -107.980882447, 40.010377255 ], [ -107.9803239, 40.011385325000099 ], [ -107.978672025, 40.012052053 ], [ -107.975977332, 40.013146567 ], [ -107.973211037, 40.0142802 ], [ -107.968053624, 40.023845021 ], [ -107.968208117, 40.0254394070001 ], [ -107.968666601, 40.029659981000101 ], [ -107.968491906, 40.031418022 ], [ -107.965797212, 40.077528101 ], [ -107.960410796, 40.079335373 ], [ -107.934305242, 40.087909604000103 ], [ -107.933588638, 40.088913345 ], [ -107.908805772, 40.121925832 ], [ -107.904974375, 40.122556493 ], [ -107.866976517, 40.128844161000103 ], [ -107.846770175, 40.135082638 ], [ -107.8189153, 40.158403710000101 ], [ -107.837866098, 40.192518118000102 ], [ -107.837319435, 40.194290563 ], [ -107.833176083, 40.205939436 ], [ -107.833004954, 40.206843415 ], [ -107.83302278, 40.207886242 ], [ -107.832955041, 40.208300101000098 ], [ -107.832705477, 40.209479041000101 ], [ -107.83228835, 40.210804984 ], [ -107.832234872, 40.211047299 ], [ -107.832220611, 40.211197044000102 ], [ -107.832220611, 40.211352234000103 ], [ -107.832174263, 40.2114801970001 ], [ -107.832081569, 40.211589102 ], [ -107.831867656, 40.212136346000101 ], [ -107.83173931, 40.212555624 ], [ -107.830901489, 40.2151329490001 ], [ -107.829329237, 40.216829029 ], [ -107.813258523, 40.23399934 ], [ -107.810854986, 40.237503459 ], [ -107.809481643, 40.239374894 ], [ -107.809484614, 40.2408943820001 ], [ -107.80897791, 40.267836786 ], [ -107.809296402, 40.268447957 ], [ -107.810745059, 40.271697466 ], [ -107.810355858, 40.272728867000097 ], [ -107.805429947, 40.285605329000099 ], [ -107.802595814, 40.292990565 ], [ -107.799601049, 40.293509957 ], [ -107.792631091, 40.294692852 ], [ -107.791732398, 40.294583458 ], [ -107.791675618, 40.294246890000103 ] ] ] } },
{ "type": "Feature", "properties": { "objectid": "69948", "id": "201707", "type": "AC; OVERHEAD", "status": "NOT AVAILABLE", "naics_code": "221121", "naics_desc": "ELECTRIC BULK POWER TRANSMISSION AND CONTROL", "source": "Regional Map", "sourcedate": "2014-07-13 20:00:00-06:00", "val_method": "IMAGERY/OTHER", "val_date": "2014-07-13 20:00:00-06:00", "owner": "TRI-STATE G & T ASSN, INC", "voltage": 115.0, "volt_class": "100-161", "inferred": "N", "sub_1": "WAUNETA", "sub_2": "ALVIN", "shape_lengt": 24948.485048559702, "globalid": "43b8bb48-8506-463d-a632-cf6c02555ac9" }, "geometry": { "type": "MultiLineString", "coordinates": [ [ [ -102.264591729, 40.351719983000102 ], [ -102.264016084, 40.351851396 ], [ -102.26234282, 40.351981811 ], [ -102.251019757, 40.352097734 ], [ -102.223296794, 40.352097734 ], [ -102.201087999, 40.35210498 ], [ -102.183851466, 40.352097734 ], [ -102.166529367, 40.352112225 ], [ -102.147933305, 40.352112225 ], [ -102.128453075, 40.352126715 ], [ -102.106643583, 40.352141205000102 ], [ -102.086060518, 40.352148451000097 ], [ -102.065125689, 40.352336827 ], [ -102.051501887, 40.352402033 ], [ -102.051501887, 40.360219157000103 ], [ -102.050772668, 40.360259814000102 ] ] ] } },
{ "type": "Feature", "properties": { "objectid": "77555", "id": "209725", "type": "AC; OVERHEAD", "status": "NOT AVAILABLE", "naics_code": "221121", "naics_desc": "ELECTRIC BULK POWER TRANSMISSION AND CONTROL", "source": "IMAGERY", "sourcedate": "2018-04-04 20:00:00-06:00", "val_method": "IMAGERY", "val_date": "2018-04-04 20:00:00-06:00", "owner": "TRI-STATE G & T ASSN, INC", "voltage": 115.0, "volt_class": "100-161", "inferred": "Y", "sub_1": "CAHONE", "sub_2": "TAP208057", "shape_lengt": 3255.0074158199, "globalid": "0c4a60f8-3629-461b-b51c-d14ea508a1af" }, "geometry": { "type": "MultiLineString", "coordinates": [ [ [ -108.899500705, 37.759754928000099 ], [ -108.899474, 37.750941 ], [ -108.885107, 37.75098 ], [ -108.88363885, 37.753686961 ] ] ] } },
{ "type": "Feature", "properties": { "objectid": "70062", "id": "201821", "type": "AC; OVERHEAD", "status": "NOT AVAILABLE", "naics_code": "221121", "naics_desc": "ELECTRIC BULK POWER TRANSMISSION AND CONTROL", "source": "IMAGERY", "sourcedate": "2014-07-07 20:00:00-06:00", "val_method": "IMAGERY", "val_date": "2014-07-07 20:00:00-06:00", "owner": "TRI-STATE G & T ASSN, INC", "voltage": 230.0, "volt_class": "220-287", "inferred": "Y", "sub_1": "BOONE", "sub_2": "MIDWAY", "shape_lengt": 89415.219852768001, "globalid": "75ce9337-6762-4211-8174-a93043507b57" }, "geometry": { "type": "MultiLineString", "coordinates": [ [ [ -104.224042, 38.255807 ], [ -104.2244221, 38.2562756 ], [ -104.2243181, 38.256833200000102 ], [ -104.2242787, 38.2589121 ], [ -104.2242853, 38.2610767 ], [ -104.2222758, 38.2626 ], [ -104.2202989, 38.2641453 ], [ -104.2182959, 38.2657026 ], [ -104.2162756, 38.2672735 ], [ -104.2143065, 38.268814500000097 ], [ -104.2123209, 38.2703559 ], [ -104.2104019, 38.2719113 ], [ -104.2084697, 38.273379400000103 ], [ -104.2064752, 38.274938200000101 ], [ -104.2044763, 38.2764726 ], [ -104.2027706, 38.2778256 ], [ -104.200785, 38.2793703 ], [ -104.1987905, 38.280922 ], [ -104.1968005, 38.282459700000103 ], [ -104.1949837, 38.2839032 ], [ -104.1929626, 38.285465300000098 ], [ -104.1915537, 38.2865368000001 ], [ -104.1920653, 38.2877281 ], [ -104.1927422, 38.2893496 ], [ -104.1937017, 38.2917238 ], [ -104.1943634, 38.2934031 ], [ -104.1950867, 38.2951755 ], [ -104.1959092, 38.297163500000103 ], [ -104.196753, 38.299218300000099 ], [ -104.1974248, 38.300833400000101 ], [ -104.1980665, 38.302422 ], [ -104.1987543, 38.3041038000001 ], [ -104.199614, 38.306176500000099 ], [ -104.2004631, 38.3082588 ], [ -104.2010286, 38.3096609 ], [ -104.2017891, 38.3114872 ], [ -104.2026187, 38.3135137 ], [ -104.2035121, 38.315719600000101 ], [ -104.2042938, 38.317608300000103 ], [ -104.2050525, 38.319402400000101 ], [ -104.2059371, 38.321602600000098 ], [ -104.2068181, 38.323759600000102 ], [ -104.2076335, 38.325742600000098 ], [ -104.2084152, 38.327649200000103 ], [ -104.2092023, 38.3295737 ], [ -104.2099876, 38.331483 ], [ -104.2108278, 38.333535400000102 ], [ -104.2116893, 38.3355446 ], [ -104.2125242, 38.3376566 ], [ -104.2133503, 38.339654600000102 ], [ -104.214249, 38.3417527 ], [ -104.2150662, 38.343822900000099 ], [ -104.2158923, 38.345829 ], [ -104.2168318, 38.3481090000001 ], [ -104.2175887, 38.3498537 ], [ -104.2183173, 38.351774900000102 ], [ -104.2191752, 38.3538531 ], [ -104.220175, 38.356285800000101 ], [ -104.2210135, 38.3582332 ], [ -104.2218626, 38.360397400000103 ], [ -104.2226354, 38.3622377 ], [ -104.2235483, 38.3644894 ], [ -104.2243903, 38.366515800000101 ], [ -104.2251295, 38.3683657 ], [ -104.2259957, 38.370476300000099 ], [ -104.2268364, 38.3725339000001 ], [ -104.2276745, 38.3745714 ], [ -104.22851, 38.376586700000097 ], [ -104.2292405, 38.3783681 ], [ -104.2301112, 38.3804912 ], [ -104.2309122, 38.3824358 ], [ -104.2316677, 38.3842943000001 ], [ -104.2325517, 38.3864614 ], [ -104.2333474, 38.388368 ], [ -104.2341725, 38.3903922000001 ], [ -104.2350029, 38.3922988 ], [ -104.2357745, 38.394339700000103 ], [ -104.2367014, 38.3965274 ], [ -104.2375747, 38.3986564 ], [ -104.238365, 38.400623600000102 ], [ -104.239166, 38.402496300000102 ], [ -104.2400153, 38.4045935 ], [ -104.240827, 38.4066299 ], [ -104.2417619, 38.4089223 ], [ -104.2426085, 38.4108808 ], [ -104.2434014, 38.4128246000001 ], [ -104.2442721, 38.4149509000001 ], [ -104.2450302, 38.416812800000102 ], [ -104.245917, 38.418943200000101 ], [ -104.2469001, 38.4213842 ], [ -104.2476958, 38.4233130000001 ], [ -104.2485986, 38.4254999 ], [ -104.2496005, 38.4278631 ], [ -104.2504524, 38.429993200000098 ], [ -104.2513311, 38.4321526 ], [ -104.2521669, 38.4341063 ], [ -104.2530456, 38.4362341 ], [ -104.2538466, 38.4382591 ], [ -104.2546798, 38.4402714 ], [ -104.2555746, 38.4423571 ], [ -104.2563782, 38.4443651 ], [ -104.2572596, 38.4465408 ], [ -104.258074, 38.448435400000101 ], [ -104.257999, 38.450359300000102 ], [ -104.2579052, 38.4524027000001 ], [ -104.2578329, 38.454626500000103 ], [ -104.2577472, 38.4568167 ], [ -104.2576749, 38.4587886 ], [ -104.2575926, 38.4611381 ], [ -104.2575369, 38.4631818 ], [ -104.2574321, 38.465625100000103 ], [ -104.2573786, 38.4676373 ], [ -104.2572961, 38.469897300000099 ], [ -104.257207, 38.4719687 ], [ -104.2571446, 38.474221500000098 ], [ -104.2570755, 38.476141 ], [ -104.2570153, 38.4782122 ], [ -104.2569306, 38.4804666 ], [ -104.2568459, 38.4828098 ], [ -104.2567746, 38.484966400000097 ], [ -104.2567144, 38.4869518 ], [ -104.2566319, 38.4893054 ], [ -104.2565494, 38.491442500000097 ], [ -104.2564625, 38.493939 ], [ -104.2564001, 38.495936400000097 ], [ -104.2563221, 38.4980262 ], [ -104.2562419, 38.500576500000101 ], [ -104.2561549, 38.502556400000103 ], [ -104.2560903, 38.5047228 ], [ -104.2559878, 38.5072641 ], [ -104.2559231, 38.5092228 ], [ -104.255854, 38.511249500000098 ], [ -104.2557716, 38.513384200000097 ], [ -104.2557114, 38.5152922 ], [ -104.2556334, 38.517463400000103 ], [ -104.2555732, 38.5195579 ], [ -104.2555085, 38.5214552 ], [ -104.2579833, 38.5217302 ], [ -104.2603764, 38.5219909 ], [ -104.2625588, 38.522231 ], [ -104.2656981, 38.522574900000102 ], [ -104.2679824, 38.5228239 ], [ -104.2711217, 38.5231615000001 ], [ -104.2734384, 38.5234126 ], [ -104.2760869, 38.523701700000103 ], [ -104.2789079, 38.5240055 ], [ -104.2817397, 38.524317800000098 ], [ -104.2844718, 38.524609 ], [ -104.2871122, 38.524904300000102 ], [ -104.2899656, 38.5252124 ], [ -104.2926275, 38.525501500000097 ], [ -104.2952813, 38.525788400000103 ], [ -104.2982966, 38.5261155 ], [ -104.3013334, 38.5264446 ], [ -104.3034505, 38.5266809 ], [ -104.305778, 38.5269299 ], [ -104.3085128, 38.527221 ], [ -104.3117492, 38.527575500000097 ], [ -104.3141333, 38.527824500000101 ], [ -104.3170514, 38.5281473000001 ], [ -104.3196783, 38.5284321 ], [ -104.3229336, 38.528788700000099 ], [ -104.3253609, 38.529050300000101 ], [ -104.3282763, 38.529368900000101 ], [ -104.3308573, 38.5296453 ], [ -104.3338132, 38.529957500000101 ], [ -104.3364644, 38.530248700000101 ], [ -104.3387541, 38.530499700000099 ], [ -104.3421577, 38.530871100000098 ], [ -104.3448089, 38.5311538 ], [ -104.3480938, 38.531504 ], [ -104.3505049, 38.531769800000099 ], [ -104.3537116, 38.5321158 ], [ -104.3564464, 38.532409100000102 ], [ -104.3592, 38.5327087000001 ], [ -104.3618215, 38.5329892 ], [ -104.3647828, 38.533309900000098 ], [ -104.3676497, 38.5336179 ], [ -104.3704545, 38.5339281 ], [ -104.3732945, 38.534231900000101 ], [ -104.3761236, 38.5345357 ], [ -104.3791658, 38.5348605 ], [ -104.3814097, 38.535105300000097 ], [ -104.3837912, 38.535358400000099 ], [ -104.386801, 38.5356854 ], [ -104.3898405, 38.5360103 ], [ -104.3923919, 38.536288800000101 ], [ -104.3948461, 38.5365483 ], [ -104.3976833, 38.5368541 ], [ -104.4003992, 38.537151600000101 ], [ -104.4032311, 38.537455400000098 ], [ -104.4056179, 38.5377106 ], [ -104.4086089, 38.538033400000103 ], [ -104.4113544, 38.538326600000097 ], [ -104.4140918, 38.538624100000099 ], [ -104.4167376, 38.538902500000098 ], [ -104.4194912, 38.5392042 ], [ -104.4222071, 38.5394995 ], [ -104.4247611, 38.539771700000102 ], [ -104.4277305, 38.5400881 ], [ -104.4305758, 38.540394 ], [ -104.4331326, 38.5406703 ], [ -104.4358296, 38.5409635 ], [ -104.4387504, 38.5412757 ], [ -104.441504, 38.541569 ], [ -104.4439529, 38.541832600000099 ], [ -104.4465825, 38.542113200000102 ], [ -104.4492795, 38.5424022 ], [ -104.4520779, 38.5427070000001 ], [ -104.4544669, 38.542962100000103 ], [ -104.4578004, 38.543327 ], [ -104.4606538, 38.543630800000102 ], [ -104.4640978, 38.543997800000099 ], [ -104.4669162, 38.5443037000001 ], [ -104.4703629, 38.544679100000103 ], [ -104.4734159, 38.545004 ], [ -104.4754603, 38.5452233 ], [ -104.4783811, 38.5455376 ], [ -104.4809891, 38.545814 ], [ -104.4835485, 38.546092400000099 ], [ -104.4857331, 38.546326500000099 ], [ -104.488778, 38.5466535 ], [ -104.4915262, 38.5469488 ], [ -104.4942879, 38.547246200000103 ], [ -104.4968096, 38.547509900000101 ], [ -104.4995039, 38.5478073 ], [ -104.5025731, 38.548136300000102 ], [ -104.5054804, 38.5484443 ], [ -104.5079482, 38.54871 ], [ -104.5106398, 38.548999 ], [ -104.5134716, 38.5493006 ], [ -104.5162549, 38.5496022 ], [ -104.5190301, 38.5499018 ], [ -104.521862, 38.5502034 ], [ -104.5245428, 38.550486 ], [ -104.5274043, 38.550796100000099 ], [ -104.530139, 38.5510892 ], [ -104.5328603, 38.5513845 ], [ -104.5356786, 38.5516798 ], [ -104.5385078, 38.551985600000101 ], [ -104.5409701, 38.5522514 ], [ -104.5438451, 38.5525593 ], [ -104.5465071, 38.5528462 ], [ -104.5494764, 38.5531541 ], [ -104.5523973, 38.5534684 ], [ -104.5551941, 38.5537658000001 ], [ -104.557856, 38.554048400000099 ], [ -104.5607094, 38.55435 ], [ -104.5635493, 38.554653700000102 ], [ -104.5664998, 38.554978500000097 ], [ -104.5691348, 38.5552527 ], [ -104.5717023, 38.555533200000099 ], [ -104.5741512, 38.555792600000103 ], [ -104.5769018, 38.5560897 ], [ -104.5796113, 38.556373800000102 ], [ -104.5823892, 38.556675400000103 ], [ -104.5851806, 38.5569707000001 ], [ -104.5878803, 38.5572575 ], [ -104.5902374, 38.557512700000103 ], [ -104.5929102, 38.5577974 ], [ -104.5954669, 38.5580695 ], [ -104.5986601, 38.5584111 ], [ -104.6013976, 38.5587043 ], [ -104.6042645, 38.5590122 ], [ -104.6072474, 38.559330600000102 ], [ -104.6100333, 38.5596259000001 ], [ -104.6128463, 38.559957 ], [ -104.6157456, 38.5598937 ], [ -104.6177171, 38.5598621 ], [ -104.6197209, 38.559841 ], [ -104.6234697, 38.5597777 ], [ -104.6262746, 38.5597377 ], [ -104.6290795, 38.559689100000099 ], [ -104.6318115, 38.5596533 ], [ -104.6343629, 38.5596174 ], [ -104.6364234, 38.5595942 ], [ -104.6391662, 38.5595436 ], [ -104.6420196, 38.559497200000102 ], [ -104.6447436, 38.5594635 ], [ -104.6466342, 38.5594382 ], [ -104.6495415, 38.559398100000102 ], [ -104.6520686, 38.5593644 ], [ -104.6544932, 38.559330600000102 ], [ -104.6569178, 38.559288400000099 ], [ -104.6600895, 38.559244200000101 ], [ -104.6627514, 38.559206200000098 ], [ -104.6655428, 38.559164000000102 ], [ -104.668318, 38.5591176 ], [ -104.6710204, 38.559077600000101 ], [ -104.673774, 38.5590312 ], [ -104.6766193, 38.5589953 ], [ -104.6793972, 38.558955200000099 ], [ -104.6817112, 38.558917300000097 ], [ -104.6841304, 38.558887700000099 ], [ -104.6872902, 38.558843 ], [ -104.687699, 38.5588274 ], [ -104.6882926, 38.559727700000103 ], [ -104.6891079, 38.560682600000099 ], [ -104.68947023, 38.561088269 ], [ -104.690542407, 38.561174435000098 ] ] ] } },
{ "type": "Feature", "properties": { "objectid": "69997", "id": "201756", "type": "AC; OVERHEAD", "status": "NOT AVAILABLE", "naics_code": "221121", "naics_desc": "ELECTRIC BULK POWER TRANSMISSION AND CONTROL", "source": "Regional Map", "sourcedate": "2014-06-30 20:00:00-06:00", "val_method": "IMAGERY/OTHER", "val_date": "2014-06-30 20:00:00-06:00", "owner": "TRI-STATE G & T ASSN, INC", "voltage": 115.0, "volt_class": "100-161", "inferred": "N", "sub_1": "BAYFIELD", "sub_2": "PAGOSA", "shape_lengt": 74303.381406638306, "globalid": "204a609c-8bc4-40a4-b107-acb0650ab831" }, "geometry": { "type": "MultiLineString", "coordinates": [ [ [ -107.619447, 37.224499 ], [ -107.619112667, 37.224044983000098 ], [ -107.619001849, 37.223521127 ], [ -107.618636416, 37.2227333290001 ], [ -107.617783741, 37.220246859 ], [ -107.617703524, 37.220026834000102 ], [ -107.613645142, 37.2189503600001 ], [ -107.608347855, 37.217568666 ], [ -107.602414775, 37.21597874 ], [ -107.602183037, 37.2159077600001 ], [ -107.59637771, 37.216546574000098 ], [ -107.590845714, 37.217171187000098 ], [ -107.589119565, 37.217332072 ], [ -107.58725675, 37.218912506 ], [ -107.585827701, 37.220227932 ], [ -107.580687876, 37.224616462 ], [ -107.577933763, 37.226856762000097 ], [ -107.575066751, 37.229326455 ], [ -107.574895622, 37.235431266 ], [ -107.570056462, 37.238742720000097 ], [ -107.569614378, 37.240824131000103 ], [ -107.569077222, 37.243352022000103 ], [ -107.56248874, 37.243435274 ], [ -107.558928298, 37.243476901000101 ], [ -107.557060135, 37.243681247 ], [ -107.552563235, 37.244207247000098 ], [ -107.546217186, 37.244899746 ], [ -107.544011518, 37.245149498 ], [ -107.540375019, 37.24916812 ], [ -107.538573406, 37.250999512000099 ], [ -107.535754524, 37.253780568 ], [ -107.527877818, 37.257095 ], [ -107.519107436, 37.260867069 ], [ -107.515585023, 37.262342551000103 ], [ -107.511658553, 37.26662507 ], [ -107.506567454, 37.272038399 ], [ -107.504566191, 37.274164283000097 ], [ -107.501314732, 37.274894332 ], [ -107.495526042, 37.276183249 ], [ -107.48821026, 37.276200270000103 ], [ -107.481489866, 37.276217292000098 ], [ -107.476234767, 37.275235712 ], [ -107.469714024, 37.274137804000098 ], [ -107.463895624, 37.272849798 ], [ -107.461474856, 37.272322106 ], [ -107.458544264, 37.274804494000101 ], [ -107.454586897, 37.2781804110001 ], [ -107.451937957, 37.280398789000103 ], [ -107.449317538, 37.279491021000098 ], [ -107.446647206, 37.280225747 ], [ -107.443944788, 37.278200269 ], [ -107.441502629, 37.276327931 ], [ -107.441096196, 37.274673994000104 ], [ -107.440764633, 37.273320746 ], [ -107.437926737, 37.270622687000099 ], [ -107.434550497, 37.2673939680001 ], [ -107.431673383, 37.264621926000103 ], [ -107.429174181, 37.263115277 ], [ -107.424657077, 37.260289165000103 ], [ -107.42270335, 37.259074698000099 ], [ -107.416036434, 37.263217424000104 ], [ -107.407943439, 37.265325586000102 ], [ -107.40078096, 37.267240757 ], [ -107.398374454, 37.267856438 ], [ -107.39658829, 37.266710188 ], [ -107.390798412, 37.262868422 ], [ -107.385568269, 37.259437905 ], [ -107.38257707, 37.257448758000102 ], [ -107.377147277, 37.2536803 ], [ -107.37429512, 37.251673975000102 ], [ -107.370744185, 37.2491056860001 ], [ -107.361778905, 37.242661401000099 ], [ -107.352138616, 37.235751064000098 ], [ -107.344542372, 37.236492839 ], [ -107.337968151, 37.240432451 ], [ -107.333937103, 37.242229997 ], [ -107.324534492, 37.246483386000101 ], [ -107.321558742, 37.244352938000098 ], [ -107.31490371, 37.239857228000098 ], [ -107.3107253, 37.236920492 ], [ -107.304236643, 37.2345854020001 ], [ -107.295309393, 37.23138731 ], [ -107.291981877, 37.230176162000099 ], [ -107.288074422, 37.228813598 ], [ -107.282070632, 37.228491878 ], [ -107.275287253, 37.228132307000102 ], [ -107.265927425, 37.22672807 ], [ -107.26469149, 37.226550173000099 ], [ -107.259657434, 37.229835524000102 ], [ -107.257380462, 37.231538702000101 ], [ -107.246047893, 37.234051765000103 ], [ -107.241146937, 37.235149312 ], [ -107.237862203, 37.235864601000102 ], [ -107.234800888, 37.239300922 ], [ -107.231102592, 37.240576257 ], [ -107.221718996, 37.245242209 ], [ -107.219180576, 37.246778541 ], [ -107.216043204, 37.249654351000103 ], [ -107.213823275, 37.2517505960001 ], [ -107.213038932, 37.252484646 ], [ -107.202989834, 37.254573245000103 ], [ -107.194590232, 37.256336402 ], [ -107.1879352, 37.260925711 ], [ -107.180790547, 37.265809822000101 ], [ -107.178090505, 37.267773212000101 ], [ -107.169957104, 37.267992625 ], [ -107.159427893, 37.268386053 ], [ -107.156181188, 37.268510889 ], [ -107.148841638, 37.269350698 ], [ -107.138811553, 37.270599044 ], [ -107.136819797, 37.270878973 ], [ -107.128344138, 37.270988675000098 ], [ -107.117967041, 37.271170250000097 ], [ -107.115324043, 37.27119673 ], [ -107.113741095, 37.27092815 ], [ -107.108003507, 37.269967308 ], [ -107.106320734, 37.272180253 ], [ -107.10234673, 37.274343959000099 ], [ -107.10060216, 37.275611135000098 ], [ -107.099903382, 37.279291499000102 ], [ -107.099779788, 37.279813469 ], [ -107.093381451, 37.284571544000102 ], [ -107.088347393, 37.288051027 ], [ -107.084991356, 37.288519988000097 ], [ -107.079928778, 37.292161904000103 ], [ -107.079477186, 37.292498479000102 ], [ -107.078906161, 37.294206386 ], [ -107.077102766, 37.295026527000097 ], [ -107.074470463, 37.296208270000101 ], [ -107.073709239, 37.296597347000102 ] ] ] } },
{ "type": "Feature", "properties": { "objectid": "70188", "id": "201948", "type": "AC; OVERHEAD", "status": "NOT AVAILABLE", "naics_code": "221121", "naics_desc": "ELECTRIC BULK POWER TRANSMISSION AND CONTROL", "source": "Regional Map", "sourcedate": "2015-07-08 20:00:00-06:00", "val_method": "IMAGERY/OTHER", "val_date": "2015-07-08 20:00:00-06:00", "owner": "TRI-STATE G & T ASSN, INC", "voltage": 115.0, "volt_class": "100-161", "inferred": "N", "sub_1": "WAANIBE", "sub_2": "ARAPAHOE", "shape_lengt": 46914.014629976002, "globalid": "0ddfd1c6-7878-474e-8b22-ad6d11040728" }, "geometry": { "type": "MultiLineString", "coordinates": [ [ [ -102.184909, 39.127503 ], [ -102.184648071, 39.127696738000097 ], [ -102.183693189, 39.127722372 ], [ -102.178767276, 39.127754638 ], [ -102.165362141, 39.127699325 ], [ -102.153775253, 39.127671668 ], [ -102.148174331, 39.127619120000098 ], [ -102.148181461, 39.126570923 ], [ -102.148313373, 39.116663437000099 ], [ -102.148455981, 39.109249889000097 ], [ -102.148541546, 39.101868762 ], [ -102.148498764, 39.094547736 ], [ -102.14844172, 39.085648594000098 ], [ -102.148427459, 39.077252044 ], [ -102.148413199, 39.068887710000098 ], [ -102.148413199, 39.062460172 ], [ -102.148491633, 39.059520251 ], [ -102.148741197, 39.054260199 ], [ -102.149069195, 39.046635196000103 ], [ -102.139935163, 39.046668423 ], [ -102.13041609, 39.046685036 ], [ -102.130594349, 39.037635859 ], [ -102.130694175, 39.031859065 ], [ -102.130487393, 39.030247238000101 ], [ -102.12933227, 39.022004748 ], [ -102.12840532, 39.015307016000101 ], [ -102.128440971, 39.014226677000103 ], [ -102.128676274, 39.006713712000099 ], [ -102.128818882, 39.001931814 ], [ -102.128861665, 38.998889628 ], [ -102.128997142, 38.989723489 ], [ -102.128840273, 38.981936326 ], [ -102.128626362, 38.974142763 ], [ -102.128761839, 38.966087774000101 ], [ -102.128968621, 38.959085343 ], [ -102.128968621, 38.954710552000101 ], [ -102.12896149, 38.951405714 ], [ -102.128904447, 38.9458714290001 ], [ -102.128910983, 38.944222983 ], [ -102.118855348, 38.944254408000099 ], [ -102.117096518, 38.944272894 ], [ -102.114019753, 38.943429940000101 ], [ -102.11193768, 38.942855949 ], [ -102.110276298, 38.942387325 ], [ -102.110247777, 38.940765142 ], [ -102.110119429, 38.935898367 ], [ -102.110027923, 38.929793398000101 ], [ -102.109891257, 38.923945853000099 ], [ -102.109825895, 38.919637314000099 ], [ -102.109730823, 38.913701087 ], [ -102.10962981, 38.907879958000102 ], [ -102.109546621, 38.902012111 ], [ -102.109409955, 38.894585282 ], [ -102.109291116, 38.888790336000099 ], [ -102.109142566, 38.881500891 ], [ -102.10903561, 38.874210698000098 ], [ -102.108934596, 38.868423343000103 ], [ -102.108934596, 38.8615250880001 ], [ -102.108999958, 38.856972152 ], [ -102.10915445, 38.856354892000098 ] ] ] } },
{ "type": "Feature", "properties": { "objectid": "70217", "id": "201977", "type": "AC; OVERHEAD", "status": "NOT AVAILABLE", "naics_code": "221121", "naics_desc": "ELECTRIC BULK POWER TRANSMISSION AND CONTROL", "source": "IMAGERY", "sourcedate": "2014-07-09 20:00:00-06:00", "val_method": "IMAGERY", "val_date": "2014-07-09 20:00:00-06:00", "owner": "TRI-STATE G & T ASSN, INC", "voltage": 115.0, "volt_class": "100-161", "inferred": "Y", "sub_1": "TAP204022", "sub_2": "UNKNOWN204023", "shape_lengt": 3064.4476043088998, "globalid": "7135c90a-7be2-4b20-858f-ad64a2f4c62e" }, "geometry": { "type": "MultiLineString", "coordinates": [ [ [ -108.037690711, 37.006680381 ], [ -108.042595837, 37.006506718 ], [ -108.046675389, 37.007690192 ], [ -108.050714668, 37.008841489000098 ], [ -108.054939199, 37.009828761 ], [ -108.059014723, 37.0108128030001 ], [ -108.061100812, 37.011288741 ], [ -108.062590875, 37.013099207 ], [ -108.062445896, 37.013436855000101 ] ] ] } },
{ "type": "Feature", "properties": { "objectid": "69632", "id": "201381", "type": "AC; OVERHEAD", "status": "NOT AVAILABLE", "naics_code": "221121", "naics_desc": "ELECTRIC BULK POWER TRANSMISSION AND CONTROL", "source": "Regional Map", "sourcedate": "2014-06-30 20:00:00-06:00", "val_method": "IMAGERY/OTHER", "val_date": "2014-06-30 20:00:00-06:00", "owner": "TRI-STATE G & T ASSN, INC", "voltage": 138.0, "volt_class": "100-161", "inferred": "N", "sub_1": "HAYDEN", "sub_2": "TAP205934", "shape_lengt": 233638.55593184801, "globalid": "acf769e6-c062-4cd3-9211-b7a6483580be" }, "geometry": { "type": "MultiLineString", "coordinates": [ [ [ -107.185877241, 40.480566557 ], [ -107.185558514, 40.480367638000097 ], [ -107.1851916, 40.479730000000103 ], [ -107.1850719, 40.477986400000098 ], [ -107.1851282, 40.476026 ], [ -107.1851898, 40.4740642 ], [ -107.1851826, 40.472405900000098 ], [ -107.1852551, 40.470764100000103 ], [ -107.1852266, 40.469365100000097 ], [ -107.1859143, 40.468470700000097 ], [ -107.1868501, 40.467259300000102 ], [ -107.1879139, 40.465943 ], [ -107.1890268, 40.464544400000101 ], [ -107.1901107, 40.463121500000099 ], [ -107.1917568, 40.462320400000102 ], [ -107.1932862, 40.461609500000101 ], [ -107.1948741, 40.4608032 ], [ -107.196642, 40.460258500000101 ], [ -107.198544, 40.459665400000098 ], [ -107.2004409, 40.4590623 ], [ -107.2024141, 40.4584303 ], [ -107.2044127, 40.4577983 ], [ -107.2063859, 40.457147 ], [ -107.2083918, 40.456512200000098 ], [ -107.2104375, 40.4558581000001 ], [ -107.2125369, 40.4552037 ], [ -107.2148949, 40.454465 ], [ -107.2170428, 40.4537845 ], [ -107.2192098, 40.4530604 ], [ -107.2211055, 40.4524613 ], [ -107.2231059, 40.451818000000102 ], [ -107.2251468, 40.451184 ], [ -107.2271112, 40.450538300000098 ], [ -107.2294349, 40.4497967 ], [ -107.2316974, 40.4490725 ], [ -107.2336045, 40.4484647 ], [ -107.235569, 40.4478481 ], [ -107.237564, 40.447176300000102 ], [ -107.239536, 40.4476765000001 ], [ -107.2416037, 40.4482204 ], [ -107.2438471, 40.4487759 ], [ -107.2460782, 40.4493371 ], [ -107.2485396, 40.4499615 ], [ -107.2509516, 40.4505796 ], [ -107.2532439, 40.451153700000098 ], [ -107.2556064, 40.451746700000101 ], [ -107.2579894, 40.452358500000102 ], [ -107.2603849, 40.452964000000101 ], [ -107.2627514, 40.4535726 ], [ -107.265151, 40.4541718 ], [ -107.2670269, 40.454642400000097 ], [ -107.2693605, 40.4552385000001 ], [ -107.2714632, 40.4557655 ], [ -107.273838, 40.456374100000097 ], [ -107.2760727, 40.4569325000001 ], [ -107.2782702, 40.4574972 ], [ -107.2804718, 40.458046200000098 ], [ -107.2826611, 40.458607700000101 ], [ -107.2850359, 40.4592006 ], [ -107.2871675, 40.4597559 ], [ -107.2894269, 40.4603174000001 ], [ -107.2913234, 40.460794200000102 ], [ -107.2932488, 40.461293 ], [ -107.2952278, 40.4617918000001 ], [ -107.2973223, 40.462321900000099 ], [ -107.2994415, 40.462845700000102 ], [ -107.3017998, 40.463444900000098 ], [ -107.3039726, 40.463997 ], [ -107.3063433, 40.464596100000101 ], [ -107.3080626, 40.465029000000101 ], [ -107.310425, 40.465615500000098 ], [ -107.3128163, 40.4662335 ], [ -107.3145603, 40.466669500000101 ], [ -107.3169104, 40.467268600000097 ], [ -107.3186214, 40.4677045 ], [ -107.3203201, 40.4681343 ], [ -107.3223692, 40.468648700000102 ], [ -107.3242946, 40.469134800000099 ], [ -107.325783, 40.4695175 ], [ -107.3279558, 40.4700664000001 ], [ -107.3303677, 40.470668600000103 ], [ -107.3322313, 40.471145300000103 ], [ -107.334437, 40.471697300000102 ], [ -107.3366511, 40.472258800000098 ], [ -107.3390712, 40.4728641 ], [ -107.3414708, 40.473469400000099 ], [ -107.3436477, 40.4740245 ], [ -107.345437, 40.4744699 ], [ -107.3472553, 40.4749309 ], [ -107.3489663, 40.4753637 ], [ -107.3511267, 40.4759 ], [ -107.3530686, 40.4763956 ], [ -107.3545735, 40.476800100000098 ], [ -107.356536, 40.476728 ], [ -107.3586016, 40.476659 ], [ -107.3604775, 40.476602500000098 ], [ -107.3627988, 40.4765241 ], [ -107.3673505, 40.476414400000102 ], [ -107.3739513, 40.476169700000099 ], [ -107.3778722, 40.4760568 ], [ -107.3800203, 40.4759847 ], [ -107.3819581, 40.4759377 ], [ -107.3843741, 40.475843600000097 ], [ -107.3859079, 40.475812200000099 ], [ -107.3874457, 40.475755800000101 ], [ -107.3889052, 40.4757683 ], [ -107.3906657, 40.4757903 ], [ -107.3930529, 40.475821600000103 ], [ -107.3956421, 40.4758467 ], [ -107.3977366, 40.4758624 ], [ -107.4002433, 40.475896900000102 ], [ -107.4025398, 40.475918900000103 ], [ -107.4050878, 40.475943900000097 ], [ -107.4071699, 40.475972200000101 ], [ -107.4092355, 40.4759941 ], [ -107.4115278, 40.4760161 ], [ -107.4138862, 40.4760412 ], [ -107.4164094, 40.4760725 ], [ -107.4189244, 40.4760945 ], [ -107.4214641, 40.4761258 ], [ -107.424008, 40.4761478 ], [ -107.4268033, 40.4761886 ], [ -107.4286051, 40.4762042 ], [ -107.4303985, 40.4762168 ], [ -107.432159, 40.4762419 ], [ -107.4339773, 40.476257600000103 ], [ -107.4358202, 40.4762732 ], [ -107.4377869, 40.4762983 ], [ -107.4393989, 40.476314000000102 ], [ -107.4413532, 40.4763422 ], [ -107.443827, 40.4763548 ], [ -107.4463543, 40.476383 ], [ -107.4484405, 40.4764112 ], [ -107.4506875, 40.4764332 ], [ -107.4531902, 40.476452 ], [ -107.4553011, 40.4764802 ], [ -107.4574244, 40.476499100000098 ], [ -107.4591148, 40.4765241 ], [ -107.4616298, 40.476543 ], [ -107.463782, 40.476571200000102 ], [ -107.4661156, 40.476593100000102 ], [ -107.4685316, 40.476615100000103 ], [ -107.4706467, 40.4766339 ], [ -107.472568, 40.4766527 ], [ -107.4741759, 40.476671500000101 ], [ -107.4766951, 40.4767154 ], [ -107.4788555, 40.476749900000101 ], [ -107.4813746, 40.476797 ], [ -107.4838731, 40.476831500000102 ], [ -107.485848, 40.476866 ], [ -107.4879919, 40.4769068 ], [ -107.4901524, 40.476947500000101 ], [ -107.4923087, 40.476982 ], [ -107.4943568, 40.477018 ], [ -107.496443, 40.4770494 ], [ -107.4985457, 40.477080800000103 ], [ -107.5003928, 40.477109 ], [ -107.502591, 40.477147800000097 ], [ -107.5050035, 40.477194600000097 ], [ -107.5063946, 40.477220300000099 ], [ -107.5089721, 40.477249200000102 ], [ -107.511301, 40.477292700000099 ], [ -107.5130953, 40.477315200000099 ], [ -107.5150901, 40.4773489 ], [ -107.5172285, 40.477384200000103 ], [ -107.5194712, 40.477421 ], [ -107.5214873, 40.477449200000102 ], [ -107.5241549, 40.477493100000103 ], [ -107.5258288, 40.4775213 ], [ -107.5279821, 40.4775603000001 ], [ -107.5303434, 40.477593500000097 ], [ -107.5326585, 40.477628900000099 ], [ -107.5348766, 40.4776728000001 ], [ -107.5369546, 40.477701 ], [ -107.538946, 40.4777418 ], [ -107.541799, 40.477773200000101 ], [ -107.5445243, 40.4778265 ], [ -107.5468373, 40.4778578 ], [ -107.5493358, 40.4779049 ], [ -107.5518302, 40.4779425 ], [ -107.5535164, 40.4779707000001 ], [ -107.5560314, 40.4780115 ], [ -107.5583379, 40.4780272 ], [ -107.5599954, 40.4785196 ], [ -107.5616736, 40.4789995 ], [ -107.5640115, 40.4796487 ], [ -107.5659783, 40.4802195 ], [ -107.5675905, 40.480668 ], [ -107.5713385, 40.480668 ], [ -107.5736467, 40.4806821 ], [ -107.5760216, 40.4806882 ], [ -107.5784096, 40.4806902 ], [ -107.580669, 40.4806996 ], [ -107.5830394, 40.4806192 ], [ -107.5854185, 40.4805188 ], [ -107.5877935, 40.4804373 ], [ -107.5899947, 40.480333400000099 ], [ -107.5906956, 40.481123700000097 ], [ -107.5914337, 40.481889000000102 ], [ -107.5923944, 40.481873300000103 ], [ -107.5934829, 40.481851300000102 ], [ -107.5946209, 40.4818357 ], [ -107.595829, 40.481616100000103 ], [ -107.5969918, 40.481418500000103 ], [ -107.5981298, 40.4812178 ], [ -107.5993008, 40.4810171 ], [ -107.5992803, 40.4802152 ], [ -107.601949394, 40.480084518000098 ], [ -107.611268815, 40.479692516 ], [ -107.614114469, 40.479608122000101 ], [ -107.617091659, 40.480782076 ], [ -107.623189859, 40.482088767 ], [ -107.632625733, 40.484116148 ], [ -107.637641078, 40.485231844000097 ], [ -107.653788145, 40.485254674 ], [ -107.662052241, 40.485266376 ], [ -107.669589053, 40.48528585 ], [ -107.677731977, 40.485269931 ], [ -107.68501921, 40.485280706 ], [ -107.694759306, 40.485308122 ], [ -107.703301558, 40.485326163 ], [ -107.706246399, 40.485319883 ], [ -107.709341102, 40.485111176 ], [ -107.722382497, 40.485120790000103 ], [ -107.729092196, 40.485125655 ], [ -107.737941, 40.485126535000099 ], [ -107.744921667, 40.485136763000099 ], [ -107.752116208, 40.485127828 ], [ -107.760558598, 40.485126624 ], [ -107.767246908, 40.485126559 ], [ -107.85940559, 40.485153629000102 ], [ -107.945524562, 40.48507003 ], [ -107.991612288, 40.484991074 ], [ -108.019545665, 40.490398435 ], [ -108.043406599, 40.486856728000099 ], [ -108.121285656, 40.485517241 ], [ -108.206847946, 40.471870558 ], [ -108.2788293, 40.425350506 ], [ -108.321488702, 40.397689017000097 ], [ -108.361732876, 40.374342736000102 ], [ -108.416539998, 40.36147464 ], [ -108.433006905, 40.353609614 ], [ -108.519353704, 40.293169931000101 ], [ -108.552688696, 40.269767821000102 ], [ -108.589432017, 40.244083452 ], [ -108.711291844, 40.230845551000101 ], [ -108.75312521, 40.237309724 ], [ -108.780869106, 40.240133422 ], [ -108.828229332, 40.232404955 ], [ -108.923578647, 40.229220427 ], [ -108.980739037, 40.22530434 ], [ -109.011539982, 40.227784751000101 ], [ -109.01825367, 40.228264333 ], [ -109.026446145, 40.228859488000097 ], [ -109.031097863, 40.229191061000101 ], [ -109.037761586, 40.229672114 ], [ -109.042500609, 40.230019302000102 ], [ -109.044811933, 40.230163442 ], [ -109.053636929, 40.231338099 ], [ -109.070902407, 40.233563966000098 ], [ -109.094366991, 40.236617365 ], [ -109.100965874, 40.237469118 ], [ -109.122824533, 40.247000709000098 ], [ -109.129415921, 40.249905916 ] ] ] } },
{ "type": "Feature", "properties": { "objectid": "78849", "id": "211087", "type": "AC; OVERHEAD", "status": "IN SERVICE", "naics_code": "221121", "naics_desc": "ELECTRIC BULK POWER TRANSMISSION AND CONTROL", "source": "IMAGERY", "sourcedate": "2018-12-09 18:00:00-07:00", "val_method": "IMAGERY/OTHER", "val_date": "2018-12-09 18:00:00-07:00", "owner": "TRI-STATE G & T ASSN, INC", "voltage": 34.5, "volt_class": "UNDER 100", "inferred": "Y", "sub_1": "UNKNOWN209071", "sub_2": "UNKNOWN209072", "shape_lengt": 14766.165903872899, "globalid": "6abc89a6-dda7-45c4-af65-ba17a16afb67" }, "geometry": { "type": "MultiLineString", "coordinates": [ [ [ -108.633905226, 38.320350695000101 ], [ -108.634236, 38.320987000000102 ], [ -108.634962, 38.321153 ], [ -108.636826, 38.321564000000102 ], [ -108.638427, 38.321921 ], [ -108.640381, 38.32234 ], [ -108.642115, 38.32273 ], [ -108.643882, 38.323119 ], [ -108.64591, 38.3235740000001 ], [ -108.646933, 38.323791 ], [ -108.649783, 38.324413 ], [ -108.651636, 38.3248320000001 ], [ -108.652885, 38.325112 ], [ -108.654539, 38.325472 ], [ -108.656097, 38.325817 ], [ -108.658146, 38.326266 ], [ -108.659875, 38.326641000000102 ], [ -108.661487, 38.327004000000102 ], [ -108.663842, 38.327527 ], [ -108.665371, 38.32786 ], [ -108.667105, 38.328247 ], [ -108.668786, 38.328607 ], [ -108.670517, 38.32899 ], [ -108.671888, 38.329294 ], [ -108.673458, 38.329645 ], [ -108.674315, 38.32982 ], [ -108.676201, 38.332497 ], [ -108.676721, 38.333217 ], [ -108.677703, 38.334615 ], [ -108.678619, 38.335897 ], [ -108.679669, 38.337369000000102 ], [ -108.680609, 38.338678000000101 ], [ -108.681328, 38.339686 ], [ -108.682319, 38.341084000000102 ], [ -108.683235, 38.342363 ], [ -108.684065, 38.343538000000102 ], [ -108.685201, 38.345114000000102 ], [ -108.685939, 38.346158000000102 ], [ -108.686504, 38.34692 ], [ -108.687209, 38.347940000000101 ], [ -108.687851, 38.348844 ], [ -108.68905, 38.349269 ], [ -108.69084, 38.349921 ], [ -108.692434, 38.35048 ], [ -108.694258, 38.351158 ], [ -108.696239, 38.351896000000103 ], [ -108.696991, 38.352172 ], [ -108.700156, 38.353315000000102 ], [ -108.701711, 38.353868 ], [ -108.703133, 38.354284 ], [ -108.704596, 38.3551590000001 ], [ -108.706333, 38.356057 ], [ -108.707785, 38.356806 ], [ -108.711815, 38.358909 ], [ -108.713418, 38.35973 ], [ -108.715123, 38.360608 ], [ -108.716625, 38.361381000000101 ], [ -108.717678, 38.361928 ], [ -108.719629, 38.362936 ], [ -108.721113, 38.3636920000001 ], [ -108.722389, 38.36434 ], [ -108.723168, 38.364757 ], [ -108.724483, 38.3657830000001 ], [ -108.725574, 38.366684 ], [ -108.726528, 38.367454000000102 ], [ -108.727453, 38.368197000000102 ], [ -108.728605, 38.369122 ], [ -108.729586, 38.369916 ], [ -108.730362, 38.370541 ], [ -108.731436, 38.37099 ], [ -108.733408, 38.37179 ], [ -108.734265, 38.372138 ], [ -108.735652, 38.372719000000103 ], [ -108.73598, 38.373490000000103 ], [ -108.736374, 38.374358 ], [ -108.736871, 38.375494000000103 ], [ -108.737105, 38.375997 ], [ -108.737351151, 38.376582713000097 ] ] ] } },
{ "type": "Feature", "properties": { "objectid": "70007", "id": "201766", "type": "AC; OVERHEAD", "status": "NOT AVAILABLE", "naics_code": "221121", "naics_desc": "ELECTRIC BULK POWER TRANSMISSION AND CONTROL", "source": "IMAGERY", "sourcedate": "2014-06-30 20:00:00-06:00", "val_method": "IMAGERY", "val_date": "2014-06-30 20:00:00-06:00", "owner": "TRI-STATE G & T ASSN, INC", "voltage": 115.0, "volt_class": "100-161", "inferred": "Y", "sub_1": "UNKNOWN201407", "sub_2": "CASCADE", "shape_lengt": 18015.413550843899, "globalid": "cad7e1bb-4607-4a28-92c6-ba4d8166dc8e" }, "geometry": { "type": "MultiLineString", "coordinates": [ [ [ -107.783142682, 37.5237289230001 ], [ -107.783327095, 37.523855137 ], [ -107.788674889, 37.525121871000103 ], [ -107.790652384, 37.5261209170001 ], [ -107.791859797, 37.527745753 ], [ -107.792473011, 37.528473335000101 ] ], [ [ -107.792473878, 37.528472490000098 ], [ -107.798062377, 37.534528288 ], [ -107.803033887, 37.539877671 ], [ -107.807131977, 37.544532283000102 ], [ -107.812287869, 37.55009749 ], [ -107.815168877, 37.55320838 ], [ -107.815186477, 37.554251679000103 ], [ -107.815275934, 37.555054957 ], [ -107.815695614, 37.557400824000098 ], [ -107.815818968, 37.558498820000104 ], [ -107.816055706, 37.560521125 ], [ -107.816699921, 37.56567457 ], [ -107.817162365, 37.569609120000102 ], [ -107.817176853, 37.57009471 ], [ -107.817235356, 37.570632189 ], [ -107.817467402, 37.576141171000103 ], [ -107.817588806, 37.5816304350001 ], [ -107.817658077, 37.586056709 ], [ -107.817629086, 37.58703645 ], [ -107.817673378, 37.587698864000103 ], [ -107.820824177, 37.588443564 ], [ -107.821589977, 37.589528963000099 ], [ -107.821702377, 37.592324962000099 ], [ -107.821885078, 37.59645586 ], [ -107.818529326, 37.602736899 ], [ -107.815663959, 37.608177813000097 ], [ -107.814304777, 37.610738154 ], [ -107.813057777, 37.612041353 ], [ -107.813025354, 37.618219563 ], [ -107.813036777, 37.61892255 ], [ -107.811978077, 37.622660149000097 ], [ -107.809620977, 37.622771848000099 ], [ -107.804827177, 37.624078348000097 ], [ -107.803855877, 37.628738745000099 ], [ -107.803782178, 37.629464045000098 ], [ -107.803227178, 37.631297644 ], [ -107.803367156, 37.632348863000097 ], [ -107.803614343, 37.633180832 ], [ -107.803732647, 37.633193851 ] ] ] } },
{ "type": "Feature", "properties": { "objectid": "70137", "id": "201896", "type": "AC; OVERHEAD", "status": "NOT AVAILABLE", "naics_code": "221121", "naics_desc": "ELECTRIC BULK POWER TRANSMISSION AND CONTROL", "source": "Regional Map", "sourcedate": "2014-07-08 20:00:00-06:00", "val_method": "IMAGERY/OTHER", "val_date": "2014-07-08 20:00:00-06:00", "owner": "TRI-STATE G & T ASSN, INC", "voltage": 115.0, "volt_class": "100-161", "inferred": "N", "sub_1": "SOUTH FORK", "sub_2": "UNKNOWN203970", "shape_lengt": 9645.86603827, "globalid": "a635d518-fefa-4cab-8c89-e00c34d0a252" }, "geometry": { "type": "MultiLineString", "coordinates": [ [ [ -102.240848, 39.568587 ], [ -102.240373121, 39.568474530000103 ], [ -102.240308948, 39.564841208000097 ], [ -102.240109296, 39.556479995000103 ], [ -102.239888254, 39.548112278000097 ], [ -102.239731386, 39.541288707 ], [ -102.239652951, 39.540051485 ], [ -102.239510344, 39.531725781 ], [ -102.239517473, 39.524004092 ], [ -102.239652951, 39.5156544600001 ], [ -102.239788429, 39.509229292 ], [ -102.239923906, 39.502803529000097 ], [ -102.240087906, 39.502049783000103 ] ] ] } },
{ "type": "Feature", "properties": { "objectid": "70074", "id": "201833", "type": "AC; OVERHEAD", "status": "NOT AVAILABLE", "naics_code": "221121", "naics_desc": "ELECTRIC BULK POWER TRANSMISSION AND CONTROL", "source": "Regional Map", "sourcedate": "2014-07-08 20:00:00-06:00", "val_method": "IMAGERY/OTHER", "val_date": "2014-07-08 20:00:00-06:00", "owner": "TRI-STATE G & T ASSN, INC", "voltage": 115.0, "volt_class": "100-161", "inferred": "N", "sub_1": "STEM BEACH", "sub_2": "WALSENBURG", "shape_lengt": 77705.599347151394, "globalid": "6e8fae17-dcbd-4c93-9362-e1ad2fb8ea77" }, "geometry": { "type": "MultiLineString", "coordinates": [ [ [ -104.681569, 38.120981 ], [ -104.681891664, 38.121000046000098 ], [ -104.682450211, 38.12120199 ], [ -104.683933332, 38.119003022000101 ], [ -104.685521033, 38.116625408000097 ], [ -104.685509149, 38.114446873000098 ], [ -104.685574511, 38.109238694 ], [ -104.685622047, 38.101416379000099 ], [ -104.685627989, 38.095585335000102 ], [ -104.685675525, 38.089435814000097 ], [ -104.685699293, 38.081892006 ], [ -104.685752771, 38.074974217 ], [ -104.685764655, 38.069585466 ], [ -104.688593044, 38.066512016 ], [ -104.691676938, 38.063059493 ], [ -104.695729377, 38.058558805000096 ], [ -104.700964274, 38.052775811000103 ], [ -104.704577005, 38.048789209 ], [ -104.707488582, 38.045621296 ], [ -104.707406582, 38.041552878000097 ], [ -104.707381626, 38.039514373 ], [ -104.70731365, 38.030775672000097 ], [ -104.707236403, 38.024630063000103 ], [ -104.707176983, 38.0185775630001 ], [ -104.712774341, 38.015909248000099 ], [ -104.723939346, 38.010572328000102 ], [ -104.731687706, 38.006845616000099 ], [ -104.73380662, 38.005845552 ], [ -104.736498343, 38.004564551 ], [ -104.743411258, 38.001241147 ], [ -104.750577302, 37.997841736 ], [ -104.756067704, 37.991815121000101 ], [ -104.760589561, 37.9867433900001 ], [ -104.765770979, 37.98098751 ], [ -104.770227473, 37.975999341 ], [ -104.771573929, 37.974492051 ], [ -104.772158621, 37.968109378000101 ], [ -104.772711227, 37.96199131 ], [ -104.773404063, 37.954656452000101 ], [ -104.773841394, 37.950034778 ], [ -104.774216928, 37.946158795 ], [ -104.774388057, 37.9441495 ], [ -104.774720808, 37.940576869 ], [ -104.775262719, 37.934582106 ], [ -104.775728571, 37.929827938000102 ], [ -104.776087468, 37.925860897000099 ], [ -104.776334654, 37.919546186 ], [ -104.776496276, 37.915166068000097 ], [ -104.776724449, 37.910320634000101 ], [ -104.776857549, 37.905291095 ], [ -104.776928853, 37.899724822000103 ], [ -104.777523053, 37.887840696000097 ], [ -104.777770239, 37.88197295 ], [ -104.778041195, 37.874138558 ], [ -104.778362062, 37.866748026 ], [ -104.778953885, 37.85172264 ], [ -104.779289013, 37.843046042 ], [ -104.779538577, 37.836964495000103 ], [ -104.779702576, 37.832560692000101 ], [ -104.779845183, 37.828663501 ], [ -104.780151791, 37.820586874000099 ], [ -104.780194573, 37.819015377 ], [ -104.782419255, 37.812030543 ], [ -104.785071761, 37.803563363000102 ], [ -104.78778844, 37.795005059000097 ], [ -104.79050512, 37.786490846 ], [ -104.793136234, 37.778189811000097 ], [ -104.795339525, 37.771167298000101 ], [ -104.796751343, 37.766720113000098 ], [ -104.799132894, 37.759104603 ], [ -104.805407639, 37.750546789000097 ], [ -104.81161108, 37.741965431 ], [ -104.817679043, 37.733665036 ], [ -104.823162314, 37.726136361000101 ], [ -104.828795324, 37.71843207 ], [ -104.830299836, 37.716407164 ], [ -104.829330103, 37.709841348000097 ], [ -104.828317587, 37.701746093000096 ], [ -104.827148203, 37.693238070000099 ], [ -104.826028732, 37.684661357 ], [ -104.824887869, 37.676094939000102 ], [ -104.823739876, 37.667493666 ], [ -104.822613274, 37.659004294000098 ], [ -104.82145815, 37.650412332 ], [ -104.821344064, 37.649057398 ], [ -104.818292256, 37.646742662 ], [ -104.813400807, 37.6429373060001 ], [ -104.808402402, 37.639007535000097 ], [ -104.800879839, 37.633152016 ], [ -104.800509059, 37.626036686000099 ], [ -104.800366451, 37.623941486 ], [ -104.800259495, 37.622569127000098 ], [ -104.801464532, 37.618621334000103 ], [ -104.80107236, 37.6182316270001 ], [ -104.80024729, 37.618341319 ] ] ] } },
{ "type": "Feature", "properties": { "objectid": "74399", "id": "206678", "type": "AC; OVERHEAD", "status": "NOT AVAILABLE", "naics_code": "221121", "naics_desc": "ELECTRIC BULK POWER TRANSMISSION AND CONTROL", "source": "Regional Map", "sourcedate": "2016-01-06 18:00:00-07:00", "val_method": "IMAGERY", "val_date": "2016-01-06 18:00:00-07:00", "owner": "TRI-STATE G & T ASSN, INC", "voltage": 230.0, "volt_class": "220-287", "inferred": "N", "sub_1": "NOT AVAILABLE", "sub_2": "CRAIG", "shape_lengt": 1388.1961869224001, "globalid": "55543c80-2fce-4932-9ced-e3c2bf148c07" }, "geometry": { "type": "MultiLineString", "coordinates": [ [ [ -107.5909569, 40.463495784 ], [ -107.5902535, 40.4648823 ], [ -107.5903039, 40.4661775000001 ], [ -107.5903616, 40.4677584 ], [ -107.5903987, 40.4693519 ], [ -107.5904482, 40.470923400000103 ], [ -107.5904875, 40.4717548 ], [ -107.591734929, 40.472360787000099 ] ] ] } },
{ "type": "Feature", "properties": { "objectid": "73107", "id": "205154", "type": "AC; OVERHEAD", "status": "NOT AVAILABLE", "naics_code": "221121", "naics_desc": "ELECTRIC BULK POWER TRANSMISSION AND CONTROL", "source": "IMAGERY", "sourcedate": "2019-02-19 18:00:00-07:00", "val_method": "IMAGERY", "val_date": "2019-02-19 18:00:00-07:00", "owner": "TRI-STATE G & T ASSN, INC", "voltage": 115.0, "volt_class": "100-161", "inferred": "N", "sub_1": "ALVIN", "sub_2": "TAP205886", "shape_lengt": 12548.480401393699, "globalid": "7a762bd4-5016-4a9c-9c1a-ed4f4150fb0d" }, "geometry": { "type": "MultiLineString", "coordinates": [ [ [ -102.050772668, 40.360259814000102 ], [ -102.050843946, 40.360752045 ], [ -102.051278198, 40.364541337 ], [ -102.0512663, 40.376096594 ], [ -102.051287715, 40.385796467 ], [ -102.051316269, 40.397841299 ], [ -102.051259162, 40.410633281 ], [ -102.051287715, 40.424857699 ], [ -102.051211573, 40.446082491 ] ] ] } },
{ "type": "Feature", "properties": { "objectid": "69770", "id": "201521", "type": "AC; OVERHEAD", "status": "NOT AVAILABLE", "naics_code": "221121", "naics_desc": "ELECTRIC BULK POWER TRANSMISSION AND CONTROL", "source": "Regional Map", "sourcedate": "2014-07-08 20:00:00-06:00", "val_method": "IMAGERY/OTHER", "val_date": "2014-07-08 20:00:00-06:00", "owner": "TRI-STATE G & T ASSN, INC", "voltage": 345.0, "volt_class": "345", "inferred": "N", "sub_1": "UNKNOWN201471", "sub_2": "STEGALL", "shape_lengt": 129584.340493999, "globalid": "825c4030-8436-4fc2-88fb-f36ae0afc72e" }, "geometry": { "type": "MultiLineString", "coordinates": [ [ [ -104.888452576, 42.110419849 ], [ -104.888512115, 42.109750602000098 ], [ -104.88885378, 42.109232643 ], [ -104.889192474, 42.108703661 ], [ -104.889245951, 42.108179082 ], [ -104.889260806, 42.107539882 ], [ -104.889263778, 42.106845573 ], [ -104.889043924, 42.10634302 ], [ -104.888143711, 42.10631657 ], [ -104.887204877, 42.1062784370001 ], [ -104.886531928, 42.106247723000102 ], [ -104.886517896, 42.106043875000097 ], [ -104.874770787, 42.102725217 ], [ -104.860053486, 42.101781156000101 ], [ -104.856615552, 42.101574335000102 ], [ -104.83600968, 42.100248221000101 ], [ -104.825498729, 42.09957905 ], [ -104.822685907, 42.099378134 ], [ -104.809065012, 42.089965579000101 ], [ -104.803687853, 42.086258696000101 ], [ -104.794747991, 42.082177293 ], [ -104.780258418, 42.075528247000101 ], [ -104.771748357, 42.071637496 ], [ -104.756531747, 42.064662687000101 ], [ -104.74956048, 42.061452398 ], [ -104.742777168, 42.052895714 ], [ -104.737234528, 42.045845861 ], [ -104.718035938, 42.040459727 ], [ -104.710992924, 42.038474668 ], [ -104.710932638, 42.02152741 ], [ -104.710910816, 42.011106563000098 ], [ -104.696790487, 41.994640789000101 ], [ -104.686580555, 41.9826441270001 ], [ -104.678934084, 41.973709201000098 ], [ -104.66571791, 41.958221251 ], [ -104.659967921, 41.951420938000098 ], [ -104.650840351, 41.9406400720001 ], [ -104.644341852, 41.933049413 ], [ -104.642359312, 41.9307519870001 ], [ -104.619063208, 41.915601642000098 ], [ -104.608640144, 41.908829429 ], [ -104.592319534, 41.898220171 ], [ -104.568827895, 41.882905227 ], [ -104.555415088, 41.874135356000103 ], [ -104.541758292, 41.8652307360001 ], [ -104.503736491, 41.8497078400001 ], [ -104.479221612, 41.839625369 ], [ -104.46049753, 41.825005830000102 ], [ -104.445444858, 41.813222600000103 ], [ -104.421024594, 41.813547979000099 ], [ -104.399811408, 41.813568348 ], [ -104.382883066, 41.8135602 ], [ -104.361986813, 41.8132017 ], [ -104.341299929, 41.812879889 ], [ -104.31853598, 41.812778048 ], [ -104.29537235, 41.812672031 ], [ -104.279485913, 41.806447554 ], [ -104.276324841, 41.8051965350001 ], [ -104.239410382, 41.805436764 ], [ -104.210939571, 41.805579361000099 ], [ -104.186043216, 41.805734181 ], [ -104.165393555, 41.805795295 ], [ -104.141398985, 41.805836037000098 ], [ -104.134209919, 41.805836037000098 ], [ -104.12536647, 41.804795834000103 ], [ -104.097886586, 41.799673595000101 ], [ -104.088026607, 41.797838 ], [ -104.050133376, 41.798049820000102 ], [ -103.997389395, 41.7983105980001 ], [ -103.973798859, 41.798425169 ], [ -103.973937768, 41.804329926 ], [ -103.973982608, 41.809435438 ], [ -103.962235861, 41.814700701 ], [ -103.955797535, 41.821207260000101 ], [ -103.943672833, 41.821315371 ], [ -103.943513131, 41.819814062 ], [ -103.942528488, 41.819513121 ] ] ] } },
{ "type": "Feature", "properties": { "objectid": "78847", "id": "211085", "type": "AC; OVERHEAD", "status": "IN SERVICE", "naics_code": "221121", "naics_desc": "ELECTRIC BULK POWER TRANSMISSION AND CONTROL", "source": "IMAGERY", "sourcedate": "2018-12-09 18:00:00-07:00", "val_method": "IMAGERY/OTHER", "val_date": "2018-12-09 18:00:00-07:00", "owner": "TRI-STATE G & T ASSN, INC", "voltage": 34.5, "volt_class": "UNDER 100", "inferred": "Y", "sub_1": "UNKNOWN209070", "sub_2": "UNKNOWN209067", "shape_lengt": 29265.569513667699, "globalid": "b92016b9-dd1b-4a80-aad8-53fe19fc8c42" }, "geometry": { "type": "MultiLineString", "coordinates": [ [ [ -108.829577909, 38.0915938260001 ], [ -108.829029, 38.091325 ], [ -108.827537, 38.090619000000103 ], [ -108.826049, 38.089919000000101 ], [ -108.824557, 38.0892160000001 ], [ -108.823076, 38.088524 ], [ -108.821584, 38.087824 ], [ -108.820095, 38.087117 ], [ -108.818607, 38.086418 ], [ -108.815573, 38.084994 ], [ -108.812796, 38.083687 ], [ -108.810112, 38.082424 ], [ -108.807528, 38.08121 ], [ -108.805951, 38.080471 ], [ -108.80447, 38.079768 ], [ -108.803745, 38.0794220000001 ], [ -108.802667, 38.079529 ], [ -108.800875, 38.079708 ], [ -108.799087, 38.079879 ], [ -108.79756, 38.080018000000102 ], [ -108.795836, 38.080182 ], [ -108.794283, 38.080322000000102 ], [ -108.792609, 38.0804860000001 ], [ -108.790903, 38.08065 ], [ -108.789211, 38.080803000000103 ], [ -108.787587, 38.080964 ], [ -108.78611, 38.081103 ], [ -108.784318, 38.0812710000001 ], [ -108.782605, 38.081432 ], [ -108.780849, 38.081603 ], [ -108.778836, 38.081796 ], [ -108.777633, 38.081906 ], [ -108.777358, 38.082567 ], [ -108.777044, 38.083355 ], [ -108.776712, 38.084205 ], [ -108.775352, 38.087531 ], [ -108.774981, 38.088463 ], [ -108.773389, 38.092378 ], [ -108.773082, 38.093138000000103 ], [ -108.772693, 38.093735 ], [ -108.772211, 38.094459 ], [ -108.77154, 38.095476 ], [ -108.770894, 38.096515000000103 ], [ -108.77023, 38.097479 ], [ -108.769577, 38.098399 ], [ -108.769138, 38.099092 ], [ -108.768489, 38.100127 ], [ -108.767775, 38.101226000000104 ], [ -108.767482, 38.10169 ], [ -108.766818, 38.102661 ], [ -108.766019, 38.103864000000101 ], [ -108.765089, 38.1053 ], [ -108.764495, 38.106186 ], [ -108.763858, 38.107165000000101 ], [ -108.762261, 38.109601 ], [ -108.761452, 38.110802 ], [ -108.760815, 38.111784 ], [ -108.760113, 38.112852 ], [ -108.759313, 38.114071 ], [ -108.758483, 38.11532 ], [ -108.757707, 38.116507 ], [ -108.756922, 38.117697 ], [ -108.756113, 38.118919 ], [ -108.755375, 38.120029 ], [ -108.754537, 38.121323000000103 ], [ -108.75376, 38.122500000000102 ], [ -108.752927, 38.123773 ], [ -108.752157, 38.124919 ], [ -108.751381, 38.126114 ], [ -108.750587, 38.127319 ], [ -108.749751, 38.128589 ], [ -108.748915, 38.129847 ], [ -108.748154, 38.131001 ], [ -108.747345, 38.132247 ], [ -108.746821, 38.133027 ], [ -108.745887, 38.134445 ], [ -108.745081, 38.135638 ], [ -108.74437, 38.136739 ], [ -108.7436, 38.137934 ], [ -108.742027, 38.140326000000101 ], [ -108.741238, 38.1415000000001 ], [ -108.740453, 38.1426960000001 ], [ -108.739591, 38.143975 ], [ -108.738755, 38.145248 ], [ -108.737913, 38.146506 ], [ -108.737119, 38.147732 ], [ -108.736399, 38.1488200000001 ], [ -108.735504, 38.150147000000104 ], [ -108.734719, 38.151372 ], [ -108.733919, 38.152589 ], [ -108.73308, 38.153871 ], [ -108.732345, 38.154935000000101 ], [ -108.731417, 38.156351 ], [ -108.730709, 38.157449 ], [ -108.729954, 38.158561 ], [ -108.729103, 38.15987 ], [ -108.728315, 38.161089000000104 ], [ -108.727467, 38.162484 ], [ -108.726819, 38.163359 ], [ -108.725998, 38.164596000000103 ], [ -108.725355, 38.165569 ], [ -108.724537, 38.166779 ], [ -108.723699, 38.168043 ], [ -108.722934, 38.169224 ], [ -108.72214, 38.170450000000102 ], [ -108.72134, 38.171654 ], [ -108.720555, 38.172871 ], [ -108.719743, 38.174054 ], [ -108.718937, 38.175304 ], [ -108.718131, 38.176514 ], [ -108.717346, 38.177695 ], [ -108.716682, 38.178697 ], [ -108.715903, 38.179893 ], [ -108.715008, 38.181252 ], [ -108.714175, 38.1824960000001 ], [ -108.713375, 38.183712 ], [ -108.712465, 38.185101 ], [ -108.711688, 38.186273 ], [ -108.71087, 38.187243000000102 ], [ -108.710537, 38.187631000000103 ], [ -108.709276, 38.189101 ], [ -108.708268, 38.190276 ], [ -108.707557, 38.191112 ], [ -108.706846, 38.191936 ], [ -108.706109, 38.192825 ], [ -108.705017, 38.194098000000103 ], [ -108.704154, 38.195089 ], [ -108.703417, 38.195975 ], [ -108.70262, 38.196897 ], [ -108.701885, 38.197781 ], [ -108.70085, 38.1989820000001 ], [ -108.699987, 38.199988 ], [ -108.699351, 38.200737000000103 ], [ -108.698548, 38.201662 ], [ -108.697418, 38.203012000000101 ], [ -108.696623, 38.203923 ], [ -108.695838, 38.204863000000103 ], [ -108.695341, 38.205567 ], [ -108.694916, 38.206237 ], [ -108.694408, 38.207007 ], [ -108.693738, 38.2080300000001 ], [ -108.692816, 38.209389 ], [ -108.692165, 38.210347 ], [ -108.691466, 38.21143 ], [ -108.69069, 38.212599 ], [ -108.689815, 38.213928000000102 ], [ -108.689078, 38.215041 ], [ -108.688209, 38.216352 ], [ -108.687421, 38.217563 ], [ -108.686603, 38.218779 ], [ -108.686059, 38.219657 ], [ -108.685913, 38.220418000000102 ], [ -108.685764, 38.221682 ], [ -108.685574, 38.222973 ], [ -108.685443, 38.224121 ], [ -108.685315, 38.2250790000001 ], [ -108.685192809, 38.2262383710001 ] ] ] } },
{ "type": "Feature", "properties": { "objectid": "70073", "id": "201832", "type": "AC; OVERHEAD", "status": "NOT AVAILABLE", "naics_code": "221121", "naics_desc": "ELECTRIC BULK POWER TRANSMISSION AND CONTROL", "source": "Regional Map", "sourcedate": "2014-07-08 20:00:00-06:00", "val_method": "IMAGERY/OTHER", "val_date": "2014-07-08 20:00:00-06:00", "owner": "TRI-STATE G & T ASSN, INC", "voltage": 230.0, "volt_class": "220-287", "inferred": "N", "sub_1": "MIDWAY", "sub_2": "LINCOLN", "shape_lengt": 145608.47889799299, "globalid": "1dfea7b8-0102-4268-9706-5888f9d6df1c" }, "geometry": { "type": "MultiLineString", "coordinates": [ [ [ -104.690542407, 38.561174435000098 ], [ -104.69090969, 38.561314188 ], [ -104.6906542, 38.562173900000097 ], [ -104.6895288, 38.563688200000101 ], [ -104.6882366, 38.5654431 ], [ -104.687193, 38.566933300000102 ], [ -104.686021, 38.568514300000103 ], [ -104.6849069, 38.5701928 ], [ -104.6836241, 38.5719276 ], [ -104.6825229, 38.573477200000099 ], [ -104.6806067, 38.5742519 ], [ -104.6788229, 38.575035500000098 ], [ -104.6767362, 38.575915800000097 ], [ -104.6743373, 38.576934000000101 ], [ -104.6721219, 38.577890400000101 ], [ -104.669965, 38.578809400000097 ], [ -104.6675796, 38.579823 ], [ -104.6647244, 38.5810308000001 ], [ -104.6625338, 38.581955100000101 ], [ -104.6600056, 38.583011 ], [ -104.6576198, 38.5840636 ], [ -104.6553702, 38.58502 ], [ -104.6528508, 38.5860947 ], [ -104.6504685, 38.5871243 ], [ -104.6479401, 38.588179200000098 ], [ -104.6458314, 38.5890826 ], [ -104.6435999, 38.5900508 ], [ -104.6412805, 38.591013700000097 ], [ -104.6393604, 38.5918314 ], [ -104.6369835, 38.5928449 ], [ -104.6345834, 38.593876000000101 ], [ -104.6320183, 38.594996400000099 ], [ -104.629876, 38.5958725 ], [ -104.6280464, 38.596724800000104 ], [ -104.6270316, 38.5970938 ], [ -104.6251388, 38.5978916 ], [ -104.6231764, 38.5987355 ], [ -104.620999, 38.599656300000099 ], [ -104.6190412, 38.6004967000001 ], [ -104.6166577, 38.6015261000001 ], [ -104.6143055, 38.6025064 ], [ -104.6116174, 38.6037039 ], [ -104.6090054, 38.6047822 ], [ -104.6069758, 38.6056505 ], [ -104.6053137, 38.606305200000101 ], [ -104.603311, 38.6076987 ], [ -104.6013998, 38.608972 ], [ -104.5994957, 38.610263900000099 ], [ -104.5975499, 38.6115536 ], [ -104.5953052, 38.613062 ], [ -104.5931102, 38.614566 ], [ -104.5909041, 38.616044 ], [ -104.5885326, 38.6176557000001 ], [ -104.5865085, 38.619017400000097 ], [ -104.5845065, 38.620366100000098 ], [ -104.582499, 38.6216933 ], [ -104.5806128, 38.622968700000101 ], [ -104.5784784, 38.6243906 ], [ -104.5765351, 38.6257078 ], [ -104.5745033, 38.6270728000001 ], [ -104.5724988, 38.6284194 ], [ -104.5705138, 38.6297507 ], [ -104.5684235, 38.631143000000101 ], [ -104.566341, 38.632544300000099 ], [ -104.5642663, 38.633927400000097 ], [ -104.5622111, 38.635322600000102 ], [ -104.5611698, 38.636008 ], [ -104.5601598, 38.636690400000099 ], [ -104.5581397, 38.638049000000102 ], [ -104.5561702, 38.6393588 ], [ -104.554115, 38.6407174 ], [ -104.5522236, 38.6420150000001 ], [ -104.550184, 38.6433735 ], [ -104.5484096, 38.644564500000101 ], [ -104.5464129, 38.6459046 ], [ -104.5443694, 38.6472844 ], [ -104.5423025, 38.6486702 ], [ -104.5402589, 38.6500377 ], [ -104.5376734, 38.6517768000001 ], [ -104.535895, 38.652967600000103 ], [ -104.5339022, 38.6543015 ], [ -104.5312776, 38.656077 ], [ -104.5292419, 38.657423100000102 ], [ -104.527838, 38.6583732 ], [ -104.5264029, 38.659341600000097 ], [ -104.5245465, 38.660578 ], [ -104.5226317, 38.661847900000097 ], [ -104.5205765, 38.6632334 ], [ -104.5185954, 38.664558 ], [ -104.5160917, 38.666238900000103 ], [ -104.513978, 38.6676639 ], [ -104.5118799, 38.6690859 ], [ -104.5096804, 38.6705504 ], [ -104.5076291, 38.671938800000099 ], [ -104.5053165, 38.6734916 ], [ -104.5034056, 38.6747704 ], [ -104.5015883, 38.675985200000099 ], [ -104.499576, 38.6773339000001 ], [ -104.4978171, 38.678503 ], [ -104.4959257, 38.6797756 ], [ -104.493344, 38.681501700000098 ], [ -104.4914604, 38.6827529 ], [ -104.489257, 38.6842294 ], [ -104.4870653, 38.6857088 ], [ -104.4849477, 38.687124400000101 ], [ -104.4832786, 38.688235500000097 ], [ -104.481005, 38.6897635 ], [ -104.4788055, 38.6912399 ], [ -104.4776511, 38.692000800000102 ], [ -104.4763759, 38.692847 ], [ -104.474309, 38.694263900000102 ], [ -104.4720794, 38.6957432 ], [ -104.470987, 38.6964745000001 ], [ -104.4699264, 38.6971777 ], [ -104.4678212, 38.6985842 ], [ -104.4653094, 38.700261400000102 ], [ -104.4636348, 38.7013909 ], [ -104.4620439, 38.702455100000101 ], [ -104.459883, 38.7038988 ], [ -104.4580648, 38.7051092 ], [ -104.4563065, 38.7062853 ], [ -104.4543848, 38.7075671 ], [ -104.4525627, 38.708789900000099 ], [ -104.4504575, 38.710193000000103 ], [ -104.4482208, 38.7116895 ], [ -104.4460279, 38.713148600000103 ], [ -104.4439905, 38.714514300000097 ], [ -104.4419172, 38.7158987 ], [ -104.4400473, 38.717146200000101 ], [ -104.4378105, 38.718655 ], [ -104.4353066, 38.7203161 ], [ -104.4337158, 38.7213769 ], [ -104.4313036, 38.723013100000102 ], [ -104.4291067, 38.7244813 ], [ -104.4268381, 38.726002300000097 ], [ -104.4246651, 38.727445600000102 ], [ -104.4224842, 38.7288919000001 ], [ -104.4205345, 38.7302387 ], [ -104.4193424, 38.730220100000103 ], [ -104.4167787, 38.7302107 ], [ -104.4144383, 38.730220100000103 ], [ -104.4125404, 38.730216900000102 ], [ -104.4100645, 38.730223200000097 ], [ -104.4073094, 38.7302294 ], [ -104.4051404, 38.7302356000001 ], [ -104.4030871, 38.7302294 ], [ -104.4007945, 38.7302356000001 ], [ -104.3980036, 38.7302418 ], [ -104.3952126, 38.7302418 ], [ -104.3931633, 38.7302387 ], [ -104.3914369, 38.730244900000102 ], [ -104.3887974, 38.730254300000098 ], [ -104.3859865, 38.730254300000098 ], [ -104.3833072, 38.730254300000098 ], [ -104.3805442, 38.7302574 ], [ -104.3776256, 38.7302636000001 ], [ -104.3761424, 38.7302636000001 ], [ -104.3749224, 38.7302729 ], [ -104.3729209, 38.7320582 ], [ -104.3709433, 38.7338342 ], [ -104.3690255, 38.735554100000101 ], [ -104.3671715, 38.737224200000099 ], [ -104.3651979, 38.738999900000103 ], [ -104.3634915, 38.7405176 ], [ -104.361789, 38.7420476 ], [ -104.3600985, 38.7435714000001 ], [ -104.3583641, 38.7451263 ], [ -104.3566775, 38.7466313 ], [ -104.3549352, 38.748207900000097 ], [ -104.3530334, 38.749915 ], [ -104.3510797, 38.7516656 ], [ -104.3494131, 38.7531643 ], [ -104.3475432, 38.7548371 ], [ -104.3455416, 38.7566311 ], [ -104.3437435, 38.7582541 ], [ -104.3420131, 38.759783700000099 ], [ -104.3401352, 38.761475 ], [ -104.3384247, 38.763010800000103 ], [ -104.336794, 38.764453300000099 ], [ -104.3349759, 38.766101 ], [ -104.3333412, 38.767546600000102 ], [ -104.331539, 38.769153700000103 ], [ -104.3298047, 38.770726700000097 ], [ -104.3279666, 38.772364900000099 ], [ -104.3261829, 38.773973900000101 ], [ -104.3244056, 38.7755565000001 ], [ -104.3226365, 38.777151800000098 ], [ -104.3208185, 38.778772500000102 ], [ -104.3192206, 38.780212 ], [ -104.3171743, 38.7820423000001 ], [ -104.3163183, 38.7828017000001 ], [ -104.3154745, 38.783561200000101 ], [ -104.3136728, 38.7851849 ], [ -104.3119648, 38.7867227 ], [ -104.3100041, 38.7884703 ], [ -104.308235, 38.790052500000101 ], [ -104.306739, 38.7913933 ], [ -104.3049414, 38.792978700000099 ], [ -104.3031723, 38.7945546 ], [ -104.3014725, 38.796082700000099 ], [ -104.2998624, 38.797540900000101 ], [ -104.2980117, 38.7991833 ], [ -104.2961652, 38.800851200000103 ], [ -104.2944001, 38.8024205 ], [ -104.2926637, 38.803996100000099 ], [ -104.2909435, 38.8055113 ], [ -104.2892763, 38.8070138 ], [ -104.2876539, 38.808471800000099 ], [ -104.2859867, 38.8099488 ], [ -104.2842828, 38.8114862 ], [ -104.2824444, 38.8131569 ], [ -104.2805857, 38.814795800000098 ], [ -104.2788695, 38.8163108 ], [ -104.2771412, 38.8178638 ], [ -104.2754006, 38.8194264 ], [ -104.2740473, 38.820623700000098 ], [ -104.2723027, 38.8221862 ], [ -104.27077, 38.8235423 ], [ -104.2691599, 38.8249968000001 ], [ -104.267562, 38.826432200000099 ], [ -104.265695, 38.828080300000103 ], [ -104.2637873, 38.8297919 ], [ -104.2621976, 38.8312177 ], [ -104.2601268, 38.8330403 ], [ -104.2585738, 38.8344279 ], [ -104.2569025, 38.8359139 ], [ -104.255325, 38.837339600000099 ], [ -104.2535355, 38.8389208 ], [ -104.251583, 38.840676600000101 ], [ -104.2497079, 38.8423625 ], [ -104.2476494, 38.844188 ], [ -104.2457824, 38.845864300000102 ], [ -104.2441927, 38.8472707 ], [ -104.2432633, 38.848086600000101 ], [ -104.2423298, 38.8489152000001 ], [ -104.2404099, 38.850629400000102 ], [ -104.2388161, 38.8521024 ], [ -104.2368513, 38.8538071 ], [ -104.235286, 38.8552101000001 ], [ -104.2337656, 38.8565624 ], [ -104.2315603, 38.8585526 ], [ -104.2299543, 38.8600254 ], [ -104.2280669, 38.861768 ], [ -104.2263424, 38.863337600000101 ], [ -104.2247831, 38.864652400000097 ], [ -104.2232773, 38.8659775 ], [ -104.2217581, 38.8673303 ], [ -104.2197622, 38.869141 ], [ -104.2181494, 38.870556200000102 ], [ -104.2160243, 38.872467400000097 ], [ -104.2143091, 38.8739796 ], [ -104.2125404, 38.875561200000099 ], [ -104.2109366, 38.8769867 ], [ -104.2093149, 38.8784226000001 ], [ -104.2076665, 38.8798861000001 ], [ -104.2059156, 38.881471100000098 ], [ -104.2040935, 38.8831218 ], [ -104.2020218, 38.884946 ], [ -104.2003779, 38.8863956000001 ], [ -104.1985157, 38.888063600000102 ], [ -104.1966712, 38.8897142000001 ], [ -104.1948001, 38.891368300000103 ], [ -104.1929868, 38.892991100000103 ], [ -104.1913473, 38.8944474 ], [ -104.1895608, 38.896039 ], [ -104.1877788, 38.897627 ], [ -104.1860947, 38.8991283 ], [ -104.1844285, 38.9006053 ], [ -104.182642, 38.9022002 ], [ -104.1808243, 38.903833200000101 ], [ -104.1790779, 38.9053725 ], [ -104.1773761, 38.9069014 ], [ -104.1764672, 38.9076884 ], [ -104.1755985, 38.9084857 ], [ -104.1738654, 38.909986800000098 ], [ -104.1720611, 38.9115884 ], [ -104.1703637, 38.9131414 ], [ -104.1685415, 38.914746400000098 ], [ -104.1664922, 38.9166079 ], [ -104.1644963, 38.9183584 ], [ -104.162692, 38.9199875 ], [ -104.1609634, 38.921557700000101 ], [ -104.1592481, 38.923062000000101 ], [ -104.1574928, 38.924628600000098 ], [ -104.1557063, 38.926202100000097 ], [ -104.1537505, 38.9279593 ], [ -104.1517992, 38.9296922 ], [ -104.1500171, 38.931265600000103 ], [ -104.1484355, 38.932707300000096 ], [ -104.1468495, 38.9341386 ], [ -104.1450853, 38.9356842 ], [ -104.1433166, 38.937260900000098 ], [ -104.1414588, 38.938907 ], [ -104.139454, 38.940691500000099 ], [ -104.1376898, 38.9422613 ], [ -104.1358008, 38.943931400000103 ], [ -104.1340811, 38.9454318 ], [ -104.1320585, 38.9472474 ], [ -104.1303165, 38.948796200000103 ], [ -104.1286102, 38.9503172 ], [ -104.1270554, 38.95171 ], [ -104.1256208, 38.953033500000103 ], [ -104.1239078, 38.953999700000097 ], [ -104.1218047, 38.955254500000102 ], [ -104.1202201, 38.9562038 ], [ -104.1181943, 38.9574259 ], [ -104.115769, 38.958863500000099 ], [ -104.1137142, 38.9600807 ], [ -104.111347, 38.9614956 ], [ -104.1090152, 38.962870500000101 ], [ -104.1067381, 38.964247800000102 ], [ -104.1056141, 38.9649115 ], [ -104.1044997, 38.965577600000103 ], [ -104.1023579, 38.9668672 ], [ -104.1002194, 38.968144300000098 ], [ -104.0976428, 38.9696393 ], [ -104.0948343, 38.971352 ], [ -104.0927859, 38.9725815 ], [ -104.091343, 38.973457800000098 ], [ -104.0889597, 38.974875 ], [ -104.0868147, 38.976129500000098 ], [ -104.0846278, 38.977449 ], [ -104.0823798, 38.978775900000102 ], [ -104.0802605, 38.980030300000102 ], [ -104.0781638, 38.981292100000097 ], [ -104.0757644, 38.982719200000098 ], [ -104.0741508, 38.9836906 ], [ -104.0724889, 38.984667000000101 ], [ -104.0707368, 38.9857009 ], [ -104.0685049, 38.9870428 ], [ -104.0666078, 38.988159300000099 ], [ -104.0645917, 38.9893584000001 ], [ -104.0621214, 38.9908329 ], [ -104.0601052, 38.992034400000101 ], [ -104.057841, 38.993396200000099 ], [ -104.0560535, 38.9944425 ], [ -104.0536058, 38.995894400000097 ], [ -104.0515638, 38.9971159 ], [ -104.0491805, 38.998522600000101 ], [ -104.0467939, 38.999951800000098 ], [ -104.0446586, 39.001220800000098 ], [ -104.0424202, 39.002542300000101 ], [ -104.0403009, 39.003808800000101 ], [ -104.0378371, 39.0052654 ], [ -104.0355954, 39.0066169 ], [ -104.0337242, 39.0077256000001 ], [ -104.0316339, 39.008987 ], [ -104.0297369, 39.0101182000001 ], [ -104.0273568, 39.0115196 ], [ -104.0247931, 39.0130412 ], [ -104.0223325, 39.014500100000099 ], [ -104.0199395, 39.015934000000101 ], [ -104.0179265, 39.017130200000103 ], [ -104.0156495, 39.0184789 ], [ -104.0133982, 39.019812600000101 ], [ -104.0110181, 39.0212539 ], [ -104.0084511, 39.0227503 ], [ -104.006435, 39.023958800000102 ], [ -104.0044156, 39.025174800000102 ], [ -104.002364, 39.026345800000101 ], [ -104.0003446, 39.0275518 ], [ -103.9981158, 39.028887800000099 ], [ -103.9959612, 39.0301563 ], [ -103.9936583, 39.0315148 ], [ -103.9911816, 39.0329859 ], [ -103.98932, 39.034099200000099 ], [ -103.9871653, 39.035380100000097 ], [ -103.9852136, 39.036533400000103 ], [ -103.9834712, 39.0375691 ], [ -103.981674, 39.038629800000102 ], [ -103.9793454, 39.040018100000097 ], [ -103.97645, 39.0417392 ], [ -103.9744725, 39.0429149 ], [ -103.9722824, 39.044200600000103 ], [ -103.9700955, 39.0455063 ], [ -103.9679827, 39.046762 ], [ -103.9658397, 39.048022300000099 ], [ -103.9634741, 39.0494255 ], [ -103.9613553, 39.050691200000102 ], [ -103.9592597, 39.051928 ], [ -103.9571084, 39.0532045 ], [ -103.9548778, 39.0545317 ], [ -103.952773, 39.0557828 ], [ -103.9509755, 39.0568532 ], [ -103.9487496, 39.058183900000103 ], [ -103.946682, 39.059402400000103 ], [ -103.9447448, 39.0605523 ], [ -103.9427099, 39.0617527 ], [ -103.9417739, 39.0623096 ], [ -103.9408798, 39.062841100000099 ], [ -103.9390823, 39.0638969 ], [ -103.9367772, 39.0652636 ], [ -103.9345234, 39.0666085 ], [ -103.9320041, 39.0680981 ], [ -103.9299645, 39.069312900000099 ], [ -103.9278969, 39.0705168 ], [ -103.9260296, 39.0716267 ], [ -103.9237897, 39.0729535 ], [ -103.9223229, 39.073824800000097 ], [ -103.9198548, 39.075285300000097 ], [ -103.9174799, 39.0766879 ], [ -103.9152074, 39.0780399000001 ], [ -103.9131724, 39.079243700000099 ], [ -103.9110723, 39.0804836 ], [ -103.910099, 39.0810547 ], [ -103.9091491, 39.0816258 ], [ -103.9067695, 39.083035600000102 ], [ -103.9042083, 39.0845537000001 ], [ -103.9022618, 39.0857068 ], [ -103.9000965, 39.0869791000001 ], [ -103.8979777, 39.0882405 ], [ -103.8960498, 39.0893790000001 ], [ -103.893917, 39.0906513 ], [ -103.8913372, 39.092165700000102 ], [ -103.8891299, 39.0934776 ], [ -103.8869413, 39.0947642 ], [ -103.8850088, 39.0959099 ], [ -103.882727, 39.097265100000101 ], [ -103.8805244, 39.098609500000101 ], [ -103.8780191, 39.100065900000097 ], [ -103.8762542, 39.1011175 ], [ -103.8742751, 39.102288300000097 ], [ -103.8717558, 39.1037735 ], [ -103.869949, 39.104835900000097 ], [ -103.8677417, 39.106144 ], [ -103.8657533, 39.107296700000099 ], [ -103.863737, 39.108507200000098 ], [ -103.8614925, 39.109836900000097 ], [ -103.8596158, 39.1109462000001 ], [ -103.8570963, 39.112425 ], [ -103.8554267, 39.113424800000097 ], [ -103.8527644, 39.114996500000103 ], [ -103.8506536, 39.116233500000099 ], [ -103.8486481, 39.1174083000001 ], [ -103.8467428, 39.1185442 ], [ -103.8447222, 39.119757800000102 ], [ -103.8424159, 39.1210959 ], [ -103.840621, 39.122173400000101 ], [ -103.8383397, 39.123507500000102 ], [ -103.8358628, 39.124966100000101 ], [ -103.8335364, 39.126343 ], [ -103.8316111, 39.1274749 ], [ -103.8295605, 39.128684500000098 ], [ -103.8274848, 39.1298902 ], [ -103.8256647, 39.130990800000099 ], [ -103.8232531, 39.1324337 ], [ -103.8207011, 39.1339194 ], [ -103.818515, 39.135202800000101 ], [ -103.8162237, 39.1365639 ], [ -103.8142734, 39.137703300000098 ], [ -103.8121475, 39.1389556 ], [ -103.8100317, 39.1402194 ], [ -103.8080562, 39.141378200000098 ], [ -103.8069181, 39.1420237 ], [ -103.8058401, 39.142680900000101 ], [ -103.8037143, 39.143968 ], [ -103.801453, 39.145294 ], [ -103.7990414, 39.146709400000098 ], [ -103.7968654, 39.1480198 ], [ -103.7946944, 39.149279600000099 ], [ -103.7923931, 39.1506482 ], [ -103.7904578, 39.1517952 ], [ -103.7882717, 39.1530588 ], [ -103.7859854, 39.1544235000001 ], [ -103.7838846, 39.1556637 ], [ -103.7817638, 39.1569079000001 ], [ -103.7799488, 39.1579653000001 ], [ -103.7777427, 39.159271600000103 ], [ -103.775672, 39.160504000000103 ], [ -103.7736013, 39.1617052 ], [ -103.7713802, 39.1630192000001 ], [ -103.7696705, 39.164018300000102 ], [ -103.7675196, 39.1652934 ], [ -103.7653335, 39.1665839 ], [ -103.7630573, 39.167932800000102 ], [ -103.761137, 39.169067900000101 ], [ -103.7589259, 39.170373900000101 ], [ -103.7568752, 39.171582800000103 ], [ -103.7546591, 39.172877200000102 ], [ -103.7528241, 39.1739499 ], [ -103.7506731, 39.1752171 ], [ -103.7484721, 39.176488 ], [ -103.7461858, 39.1778445 ], [ -103.7440298, 39.1791193 ], [ -103.7418739, 39.180409600000097 ], [ -103.7397481, 39.1816494 ], [ -103.7375219, 39.182959100000097 ], [ -103.7352807, 39.184280500000099 ], [ -103.7333454, 39.185411400000099 ], [ -103.7314251, 39.1865345 ], [ -103.7293344, 39.187793600000099 ], [ -103.7272602, 39.1890163 ], [ -103.7250927, 39.1902833 ], [ -103.7227838, 39.191631700000102 ], [ -103.7207069, 39.192884600000099 ], [ -103.7185104, 39.1941487 ], [ -103.7162812, 39.195469000000102 ], [ -103.7143348, 39.1966151 ], [ -103.7121564, 39.197898800000097 ], [ -103.7095467, 39.1994240000001 ], [ -103.7077852, 39.200457700000101 ], [ -103.7056104, 39.2017582 ], [ -103.7044759, 39.203699100000101 ], [ -103.7034393, 39.2037468 ], [ -103.702134247, 39.203846564000102 ] ] ] } },
{ "type": "Feature", "properties": { "objectid": "73176", "id": "205330", "type": "AC; OVERHEAD", "status": "NOT AVAILABLE", "naics_code": "221121", "naics_desc": "ELECTRIC BULK POWER TRANSMISSION AND CONTROL", "source": "IMAGERY", "sourcedate": "2019-02-20 18:00:00-07:00", "val_method": "IMAGERY", "val_date": "2019-02-20 18:00:00-07:00", "owner": "TRI-STATE G & T ASSN, INC", "voltage": 115.0, "volt_class": "100-161", "inferred": "N", "sub_1": "DURANGO", "sub_2": "UNKNOWN203983", "shape_lengt": 3695.7049225541, "globalid": "5f0665cd-337c-4f48-8940-589f644d7e74" }, "geometry": { "type": "MultiLineString", "coordinates": [ [ [ -107.898981977, 37.243391807000101 ], [ -107.899095195, 37.242651366000104 ], [ -107.895385478, 37.243382672 ], [ -107.892641972, 37.244171597 ], [ -107.892278534, 37.245013707 ], [ -107.888941119, 37.245514541 ], [ -107.888032526, 37.245962189000103 ], [ -107.887469642, 37.247420369000103 ], [ -107.884805915, 37.248191565000099 ], [ -107.880613092, 37.251484659 ], [ -107.879292309, 37.254409884 ], [ -107.879083997, 37.256244798000097 ], [ -107.879385057, 37.257861516 ], [ -107.878359324, 37.257861205 ] ] ] } },
{ "type": "Feature", "properties": { "objectid": "68491", "id": "200192", "type": "AC; OVERHEAD", "status": "NOT AVAILABLE", "naics_code": "221121", "naics_desc": "ELECTRIC BULK POWER TRANSMISSION AND CONTROL", "source": "IMAGERY", "sourcedate": "2014-06-29 20:00:00-06:00", "val_method": "IMAGERY", "val_date": "2014-06-29 20:00:00-06:00", "owner": "TRI-STATE G & T ASSN, INC", "voltage": 345.0, "volt_class": "345", "inferred": "Y", "sub_1": "CRAIG", "sub_2": "BEARS EARS", "shape_lengt": 1216.3890991180001, "globalid": "69e9c4c1-971a-47b2-a5a1-59343505139d" }, "geometry": { "type": "MultiLineString", "coordinates": [ [ [ -107.591734929, 40.472360787000099 ], [ -107.592676207, 40.472922750000102 ], [ -107.593615042, 40.47928682 ], [ -107.593586486, 40.4802842510001 ] ] ] } },
{ "type": "Feature", "properties": { "objectid": "77547", "id": "209715", "type": "AC; OVERHEAD", "status": "NOT AVAILABLE", "naics_code": "221121", "naics_desc": "ELECTRIC BULK POWER TRANSMISSION AND CONTROL", "source": "IMAGERY", "sourcedate": "2018-04-02 20:00:00-06:00", "val_method": "IMAGERY", "val_date": "2018-04-02 20:00:00-06:00", "owner": "TRI-STATE G & T ASSN, INC", "voltage": 115.0, "volt_class": "100-161", "inferred": "Y", "sub_1": "TAP208053", "sub_2": "UNKNOWN208050", "shape_lengt": 6061.5102663383996, "globalid": "1c010e62-f3c0-4e42-846b-5bf3097d0249" }, "geometry": { "type": "MultiLineString", "coordinates": [ [ [ -108.662015, 37.482815000000102 ], [ -108.646223, 37.441788 ], [ -108.645826988, 37.44171873 ] ] ] } },
{ "type": "Feature", "properties": { "objectid": "69983", "id": "201742", "type": "AC; OVERHEAD", "status": "NOT AVAILABLE", "naics_code": "221121", "naics_desc": "ELECTRIC BULK POWER TRANSMISSION AND CONTROL", "source": "Regional Map", "sourcedate": "2014-06-30 20:00:00-06:00", "val_method": "IMAGERY/OTHER", "val_date": "2014-06-30 20:00:00-06:00", "owner": "TRI-STATE G & T ASSN, INC", "voltage": 115.0, "volt_class": "100-161", "inferred": "N", "sub_1": "UNKNOWN201518", "sub_2": "MONTROSE", "shape_lengt": 75952.253680837195, "globalid": "33ca462f-ed7e-41b0-92e5-5cb3c6c0f747" }, "geometry": { "type": "MultiLineString", "coordinates": [ [ [ -108.506775453, 38.238764659 ], [ -108.506317407, 38.238440495000098 ], [ -108.504765238, 38.236759304 ], [ -108.459244817, 38.239283280000102 ], [ -108.435248856, 38.240588335 ], [ -108.411281, 38.254106 ], [ -108.398849, 38.261327 ], [ -108.389833, 38.266302000000103 ], [ -108.389572, 38.266485 ], [ -108.36247, 38.266693 ], [ -108.292853, 38.2481310000001 ], [ -108.292505, 38.247902000000103 ], [ -108.272809, 38.261036 ], [ -108.270952, 38.262157000000101 ], [ -108.265002, 38.266147 ], [ -108.250635, 38.275468 ], [ -108.243702, 38.280157 ], [ -108.216032, 38.298197000000101 ], [ -108.214522, 38.299569 ], [ -108.204585, 38.309514 ], [ -108.187059, 38.3264080000001 ], [ -108.153592, 38.317984 ], [ -108.147432, 38.320037 ], [ -108.14229283, 38.321766213 ], [ -108.112782396, 38.33211055 ], [ -108.1059069, 38.3345579 ], [ -108.080219176, 38.346268359000099 ], [ -108.065185901, 38.353147865 ], [ -108.053064, 38.3586415 ], [ -108.044020851, 38.367382744000103 ], [ -108.034724214, 38.376489244 ], [ -108.021328584, 38.38956833 ], [ -108.0102869, 38.4012653 ], [ -108.001410062, 38.411046046 ], [ -107.992305, 38.421012 ], [ -107.971380823, 38.424484736000103 ], [ -107.9639227, 38.4257217 ], [ -107.951439223, 38.427805672 ], [ -107.9514039, 38.4325497 ], [ -107.9513969, 38.4378088 ], [ -107.9503877, 38.4378217 ], [ -107.952096487, 38.438374327000098 ] ] ] } },
{ "type": "Feature", "properties": { "objectid": "69988", "id": "201747", "type": "AC; OVERHEAD", "status": "NOT AVAILABLE", "naics_code": "221121", "naics_desc": "ELECTRIC BULK POWER TRANSMISSION AND CONTROL", "source": "Regional Map", "sourcedate": "2014-06-30 20:00:00-06:00", "val_method": "IMAGERY/OTHER", "val_date": "2014-06-30 20:00:00-06:00", "owner": "TRI-STATE G & T ASSN, INC", "voltage": 115.0, "volt_class": "100-161", "inferred": "N", "sub_1": "TAP206132", "sub_2": "TAP203978", "shape_lengt": 14743.788887062999, "globalid": "dc5cd5b0-10b1-4a5b-a6df-5f6a83ae46ce" }, "geometry": { "type": "MultiLineString", "coordinates": [ [ [ -108.705967555, 37.427574726 ], [ -108.69682877, 37.427607757 ], [ -108.686691729, 37.427758754 ], [ -108.659376387, 37.427716286000098 ], [ -108.627770925, 37.427791785000103 ], [ -108.618644023, 37.427848409 ], [ -108.614050863, 37.429783031 ], [ -108.60997234, 37.431550134000098 ], [ -108.607606429, 37.431552256 ], [ -108.596433106, 37.431654174000101 ], [ -108.583969181, 37.431608877 ], [ -108.577501915, 37.431608877 ], [ -108.574843718, 37.432315418 ] ] ] } },
{ "type": "Feature", "properties": { "objectid": "70023", "id": "201782", "type": "AC; OVERHEAD", "status": "NOT AVAILABLE", "naics_code": "221121", "naics_desc": "ELECTRIC BULK POWER TRANSMISSION AND CONTROL", "source": "Regional Map", "sourcedate": "2014-07-01 20:00:00-06:00", "val_method": "IMAGERY/OTHER", "val_date": "2014-07-01 20:00:00-06:00", "owner": "TRI-STATE G & T ASSN, INC", "voltage": 115.0, "volt_class": "100-161", "inferred": "N", "sub_1": "LAKE CITY", "sub_2": "UNKNOWN201490", "shape_lengt": 68383.651222014407, "globalid": "d5a3983f-f20f-4977-ae8d-690369900555" }, "geometry": { "type": "MultiLineString", "coordinates": [ [ [ -107.309323, 38.024771 ], [ -107.308477733, 38.024528484 ], [ -107.307326174, 38.023975212 ], [ -107.305953575, 38.023402278 ], [ -107.304024804, 38.026674126 ], [ -107.303472198, 38.027609313 ], [ -107.30115482, 38.031518439 ], [ -107.299447091, 38.035643576 ], [ -107.298712661, 38.037356464 ], [ -107.297019193, 38.039574736000098 ], [ -107.294209819, 38.043354066 ], [ -107.290847839, 38.047383078000102 ], [ -107.28750012, 38.0513641410001 ], [ -107.286598126, 38.052453421 ], [ -107.286605256, 38.055367447 ], [ -107.286405605, 38.058730504 ], [ -107.286095433, 38.059463169 ], [ -107.284284314, 38.0635783110001 ], [ -107.283196929, 38.066082090000101 ], [ -107.281482069, 38.067701642 ], [ -107.277695831, 38.071176399000102 ], [ -107.275339237, 38.073368386 ], [ -107.27503976, 38.075069165000102 ], [ -107.274273244, 38.079183429000103 ], [ -107.274922108, 38.083289043 ], [ -107.275546018, 38.087259735 ], [ -107.275834799, 38.089049983 ], [ -107.278198524, 38.091059050000098 ], [ -107.282398325, 38.094600036 ], [ -107.284159531, 38.096095504000097 ], [ -107.285147091, 38.098452278 ], [ -107.286287954, 38.102531560000102 ], [ -107.287243426, 38.106369356000101 ], [ -107.288320115, 38.1104650280001 ], [ -107.288509071, 38.111300965 ], [ -107.287318295, 38.11458852 ], [ -107.286658734, 38.116428588000097 ], [ -107.284901092, 38.119830908 ], [ -107.287232731, 38.123833271000102 ], [ -107.288148985, 38.125375819 ], [ -107.289557238, 38.127580203 ], [ -107.290651753, 38.12961906 ], [ -107.293136695, 38.130547324000098 ], [ -107.294441556, 38.13445095 ], [ -107.295126074, 38.136360623 ], [ -107.295268682, 38.137717833000103 ], [ -107.295489724, 38.139843332000098 ], [ -107.295446942, 38.140723797000099 ], [ -107.295372073, 38.142647325 ], [ -107.295261551, 38.144781092000102 ], [ -107.296527196, 38.148899842 ], [ -107.298156491, 38.152925842000101 ], [ -107.299935523, 38.1570385260001 ], [ -107.301732382, 38.161134158 ], [ -107.302135249, 38.162076037000098 ], [ -107.302235075, 38.163208518 ], [ -107.301964119, 38.164209235 ], [ -107.301853599, 38.165249181 ], [ -107.301568383, 38.16798773 ], [ -107.301429341, 38.169358367 ], [ -107.301368732, 38.170737387 ], [ -107.301229689, 38.171667931000101 ], [ -107.301233255, 38.173265522000101 ], [ -107.300997952, 38.174025067 ], [ -107.300456042, 38.175303102 ], [ -107.299472048, 38.177368651 ], [ -107.298783965, 38.178943698000097 ], [ -107.29814223, 38.180656032000101 ], [ -107.297646668, 38.181485560000098 ], [ -107.296880151, 38.18332114 ], [ -107.295889026, 38.185476134 ], [ -107.295632332, 38.186084229000102 ], [ -107.294987031, 38.187488153 ], [ -107.294487904, 38.188281175 ], [ -107.293500345, 38.189586981 ], [ -107.291150881, 38.192963476 ], [ -107.290705231, 38.193596726000102 ], [ -107.290174017, 38.194316831 ], [ -107.287025949, 38.197115928000102 ], [ -107.282594411, 38.2010888350001 ], [ -107.280829638, 38.205167984000099 ], [ -107.279054171, 38.209227295000098 ], [ -107.278244872, 38.211109797000098 ], [ -107.276066537, 38.213339603000101 ], [ -107.274241157, 38.2152248 ], [ -107.273938115, 38.217406862000097 ], [ -107.273324901, 38.221496299000101 ], [ -107.273007598, 38.223857425000098 ], [ -107.272597601, 38.225605113 ], [ -107.271667085, 38.229710894 ], [ -107.27075083, 38.233740832000102 ], [ -107.270130486, 38.2364964080001 ], [ -107.269406751, 38.237851754000097 ], [ -107.267581371, 38.241578826000101 ], [ -107.267221285, 38.242278857 ], [ -107.266903983, 38.245675306000102 ], [ -107.266466436, 38.249786218 ], [ -107.266123205, 38.253892769000103 ], [ -107.265734599, 38.257856978000099 ], [ -107.26539234, 38.261834967 ], [ -107.265139212, 38.264673455 ], [ -107.26574173, 38.2659415010001 ], [ -107.267716848, 38.2700478040001 ], [ -107.269631358, 38.2740223260001 ], [ -107.269503011, 38.278047008 ], [ -107.269374664, 38.282138633 ], [ -107.269321186, 38.284189957000102 ], [ -107.269264143, 38.285905411 ], [ -107.269221361, 38.288068561 ], [ -107.269371099, 38.2899854 ], [ -107.269574315, 38.291516036000097 ], [ -107.26985953, 38.294095939 ], [ -107.270155442, 38.296812852000102 ], [ -107.269773966, 38.298197851 ], [ -107.269485185, 38.299191117000099 ], [ -107.268640234, 38.302291138 ], [ -107.26747798, 38.306395385 ], [ -107.264126695, 38.310510589 ], [ -107.26320331, 38.311721886 ], [ -107.262187229, 38.314527653 ], [ -107.260647065, 38.318631207000102 ], [ -107.259135421, 38.322714949 ], [ -107.257680821, 38.326736931 ], [ -107.25647222, 38.330073497 ], [ -107.256333178, 38.330817421000098 ], [ -107.255513182, 38.33438032 ], [ -107.25501762, 38.334925646 ], [ -107.252126246, 38.338309373000101 ], [ -107.252024044, 38.342624095000097 ], [ -107.251871928, 38.347194867 ], [ -107.251762596, 38.353029077 ], [ -107.251615235, 38.358463977 ], [ -107.251425091, 38.3605923490001 ], [ -107.25577463, 38.363782925000102 ], [ -107.262363112, 38.368602069000097 ], [ -107.264773185, 38.370357454 ], [ -107.265738164, 38.371151277 ], [ -107.267805978, 38.373637041000102 ], [ -107.271480506, 38.377941274000101 ], [ -107.275687437, 38.3828936190001 ], [ -107.27943327, 38.3873649720001 ], [ -107.283849359, 38.392562572 ], [ -107.286596937, 38.395788994 ], [ -107.292306004, 38.397998229000102 ], [ -107.293766546, 38.398566360000103 ], [ -107.294640019, 38.399283502000102 ], [ -107.299857089, 38.403507049 ], [ -107.307896606, 38.410063069 ], [ -107.315835109, 38.416516069000103 ], [ -107.323844916, 38.423029012 ], [ -107.328604452, 38.4269299790001 ], [ -107.329828503, 38.431808219000096 ], [ -107.329822561, 38.434154125000099 ], [ -107.329715605, 38.440372270000097 ], [ -107.329745315, 38.446250157000101 ], [ -107.33557441, 38.448753816000099 ], [ -107.33798686, 38.450601255 ], [ -107.338153677, 38.451518818000103 ] ] ] } },
{ "type": "Feature", "properties": { "objectid": "69943", "id": "201702", "type": "AC; OVERHEAD", "status": "NOT AVAILABLE", "naics_code": "221121", "naics_desc": "ELECTRIC BULK POWER TRANSMISSION AND CONTROL", "source": "Regional Map", "sourcedate": "2014-07-13 20:00:00-06:00", "val_method": "IMAGERY/OTHER", "val_date": "2014-07-13 20:00:00-06:00", "owner": "TRI-STATE G & T ASSN, INC", "voltage": 115.0, "volt_class": "100-161", "inferred": "N", "sub_1": "SANDHIILLS", "sub_2": "ALVIN", "shape_lengt": 32884.672638565396, "globalid": "d419b2d3-f7aa-4cfb-bfc8-6b65ac4eb172" }, "geometry": { "type": "MultiLineString", "coordinates": [ [ [ -102.151465686, 40.176790180000097 ], [ -102.15116634, 40.176758026000101 ], [ -102.150765136, 40.177310091 ], [ -102.145168824, 40.184145154000099 ], [ -102.142944142, 40.186810714 ], [ -102.14319133, 40.188902416000097 ], [ -102.14382831, 40.193347069 ], [ -102.144446278, 40.197820477 ], [ -102.14497868, 40.2021047960001 ], [ -102.145253201, 40.203906489000097 ], [ -102.140107435, 40.204373923 ], [ -102.131794586, 40.205109104 ], [ -102.127450989, 40.205531148 ], [ -102.124777092, 40.208576146 ], [ -102.121913051, 40.212079311 ], [ -102.119292632, 40.215282825 ], [ -102.113065424, 40.223213819000101 ], [ -102.109951819, 40.226643641000102 ], [ -102.104716923, 40.233117184 ], [ -102.099049005, 40.240142795000096 ], [ -102.097109538, 40.242270951000101 ], [ -102.090991662, 40.242428791000101 ], [ -102.075918013, 40.2428424390001 ], [ -102.075903753, 40.246608698 ], [ -102.07586097, 40.255207174000098 ], [ -102.075768275, 40.263129866 ], [ -102.075761145, 40.268445603 ], [ -102.074064112, 40.270404213000099 ], [ -102.067974757, 40.277775696 ], [ -102.06147184, 40.2856359130001 ], [ -102.05528979, 40.29319609 ], [ -102.05129154, 40.298037480000097 ], [ -102.051303424, 40.300353242 ], [ -102.051309366, 40.306982861000101 ], [ -102.051188149, 40.314962918 ], [ -102.051273714, 40.323973105 ], [ -102.051311743, 40.328466875000103 ], [ -102.051330757, 40.334902593 ], [ -102.051302235, 40.341482626000101 ], [ -102.051283221, 40.346228836000101 ], [ -102.0512547, 40.3505182540001 ], [ -102.051226177, 40.356002804000099 ], [ -102.050772668, 40.360259814000102 ] ] ] } },
{ "type": "Feature", "properties": { "objectid": "70075", "id": "201834", "type": "AC; OVERHEAD", "status": "NOT AVAILABLE", "naics_code": "221121", "naics_desc": "ELECTRIC BULK POWER TRANSMISSION AND CONTROL", "source": "Regional Map", "sourcedate": "2014-07-08 20:00:00-06:00", "val_method": "IMAGERY/OTHER", "val_date": "2014-07-08 20:00:00-06:00", "owner": "TRI-STATE G & T ASSN, INC", "voltage": 115.0, "volt_class": "100-161", "inferred": "N", "sub_1": "WEST STATION", "sub_2": "TAP203991", "shape_lengt": 1857.8612464294999, "globalid": "d3ba5b3b-8b87-4557-b83c-420014db383d" }, "geometry": { "type": "MultiLineString", "coordinates": [ [ [ -104.684354656, 38.2928000960001 ], [ -104.685122577, 38.292808693 ], [ -104.685563847, 38.293073078000099 ], [ -104.689638492, 38.293054931 ], [ -104.69130225, 38.293058662000099 ], [ -104.691121614, 38.290215686000103 ], [ -104.691696799, 38.289036677000098 ], [ -104.691677784, 38.287279321 ], [ -104.691706305, 38.285589084 ] ] ] } },
{ "type": "Feature", "properties": { "objectid": "70195", "id": "201955", "type": "AC; OVERHEAD", "status": "NOT AVAILABLE", "naics_code": "221121", "naics_desc": "ELECTRIC BULK POWER TRANSMISSION AND CONTROL", "source": "Regional Map", "sourcedate": "2015-07-08 20:00:00-06:00", "val_method": "IMAGERY/OTHER", "val_date": "2015-07-08 20:00:00-06:00", "owner": "TRI-STATE G & T ASSN, INC", "voltage": 230.0, "volt_class": "220-287", "inferred": "N", "sub_1": "UNKNOWN203882", "sub_2": "UNKNOWN203887", "shape_lengt": 1089.7690976054, "globalid": "2220d074-32e5-4146-87ef-42ff62035a97" }, "geometry": { "type": "MultiLineString", "coordinates": [ [ [ -108.321217737, 39.9500703960001 ], [ -108.321821245, 39.949931251000102 ], [ -108.322291851, 39.950324816 ], [ -108.322429705, 39.951684057000101 ], [ -108.322584197, 39.953012297 ], [ -108.321271017, 39.9542421250001 ], [ -108.320064793, 39.955421829 ], [ -108.319434941, 39.955931964 ] ] ] } },
{ "type": "Feature", "properties": { "objectid": "69872", "id": "201626", "type": "AC; OVERHEAD", "status": "NOT AVAILABLE", "naics_code": "221121", "naics_desc": "ELECTRIC BULK POWER TRANSMISSION AND CONTROL", "source": "IMAGERY", "sourcedate": "2014-07-08 20:00:00-06:00", "val_method": "IMAGERY", "val_date": "2014-07-08 20:00:00-06:00", "owner": "TRI-STATE G & T ASSN, INC", "voltage": 345.0, "volt_class": "345", "inferred": "N", "sub_1": "UNKNOWN201471", "sub_2": "LARAMIE RIVER", "shape_lengt": 463.35173946499998, "globalid": "fe85f918-bc8c-4422-9d68-48a3f95d4c92" }, "geometry": { "type": "MultiLineString", "coordinates": [ [ [ -104.888452576, 42.110419849 ], [ -104.888194218, 42.109737378 ], [ -104.887891177, 42.108935091 ], [ -104.887733714, 42.108293696 ], [ -104.887724801, 42.107967485000103 ], [ -104.887240409, 42.107528076 ] ] ] } },
{ "type": "Feature", "properties": { "objectid": "73063", "id": "205097", "type": "AC; OVERHEAD", "status": "NOT AVAILABLE", "naics_code": "221121", "naics_desc": "ELECTRIC BULK POWER TRANSMISSION AND CONTROL", "source": "IMAGERY", "sourcedate": "2015-08-12 20:00:00-06:00", "val_method": "IMAGERY", "val_date": "2015-08-12 20:00:00-06:00", "owner": "TRI-STATE G & T ASSN, INC", "voltage": 115.0, "volt_class": "100-161", "inferred": "Y", "sub_1": "JOES", "sub_2": "UNKNOWN205180", "shape_lengt": 663.23316614980001, "globalid": "35c77dac-7e87-48a7-b21e-49659905b32a" }, "geometry": { "type": "MultiLineString", "coordinates": [ [ [ -102.707618, 39.655446 ], [ -102.707467193, 39.655751684 ], [ -102.70743745, 39.659496361 ], [ -102.707429342, 39.660011417000099 ] ] ] } },
{ "type": "Feature", "properties": { "objectid": "70015", "id": "201774", "type": "AC; OVERHEAD", "status": "NOT AVAILABLE", "naics_code": "221121", "naics_desc": "ELECTRIC BULK POWER TRANSMISSION AND CONTROL", "source": "IMAGERY", "sourcedate": "2014-06-30 20:00:00-06:00", "val_method": "IMAGERY", "val_date": "2014-06-30 20:00:00-06:00", "owner": "TRI-STATE G & T ASSN, INC", "voltage": 115.0, "volt_class": "100-161", "inferred": "Y", "sub_1": "UNKNOWN203759", "sub_2": "TELLURIDE", "shape_lengt": 10685.890318297699, "globalid": "a8417bd4-e803-49c4-a386-4c3689b9cbd0" }, "geometry": { "type": "MultiLineString", "coordinates": [ [ [ -107.90361, 37.886706000000103 ], [ -107.903293267, 37.886716285 ], [ -107.903382397, 37.886960143000103 ], [ -107.903970655, 37.886810077000099 ], [ -107.904036017, 37.8867303540001 ], [ -107.90452326, 37.886936695 ], [ -107.90573305, 37.89098743 ], [ -107.905952022, 37.891670891 ], [ -107.905925243, 37.891714502000099 ], [ -107.904682812, 37.8937378890001 ], [ -107.905728602, 37.898479385 ], [ -107.904616262, 37.903685677000098 ], [ -107.903489659, 37.908715325000102 ], [ -107.902310768, 37.913980897 ], [ -107.901141384, 37.919148592000099 ], [ -107.899601219, 37.924390919000103 ], [ -107.898023026, 37.928721743 ], [ -107.897409812, 37.929535385000101 ], [ -107.897001003, 37.934836959000101 ], [ -107.896558919, 37.9401531460001 ], [ -107.896939206, 37.942177545 ], [ -107.892794071, 37.943407152000098 ], [ -107.886956658, 37.945187798000099 ], [ -107.884201355, 37.9465096650001 ], [ -107.882703973, 37.947779497000099 ], [ -107.881096664, 37.948093437000097 ], [ -107.878018712, 37.9482761780001 ], [ -107.876687705, 37.948653373000099 ], [ -107.876486, 37.948629 ] ] ] } },
{ "type": "Feature", "properties": { "objectid": "68495", "id": "200196", "type": "AC; OVERHEAD", "status": "NOT AVAILABLE", "naics_code": "221121", "naics_desc": "ELECTRIC BULK POWER TRANSMISSION AND CONTROL", "source": "Regional Map", "sourcedate": "2014-06-29 20:00:00-06:00", "val_method": "IMAGERY/OTHER", "val_date": "2014-06-29 20:00:00-06:00", "owner": "TRI-STATE G & T ASSN, INC", "voltage": 345.0, "volt_class": "345", "inferred": "N", "sub_1": "MEEKER", "sub_2": "RIFLE UTE", "shape_lengt": 81695.063989632894, "globalid": "8335f9c8-1ada-4489-9857-4e27ab57be8b" }, "geometry": { "type": "MultiLineString", "coordinates": [ [ [ -107.980316515, 40.008499483 ], [ -107.980593984, 40.008204781000103 ], [ -107.982314625, 40.008059421 ], [ -107.982580311, 40.006092186 ], [ -107.980758458, 39.999065886 ], [ -107.981770599, 39.991399125 ], [ -107.9832129, 39.979553209000102 ], [ -107.984427469, 39.969528137000097 ], [ -107.985262486, 39.963186568 ], [ -107.9864391, 39.953993158000102 ], [ -107.983681015, 39.945322291 ], [ -107.981555519, 39.938561356 ], [ -107.979683058, 39.9325661660001 ], [ -107.976355643, 39.9221752 ], [ -107.97339513, 39.912685153 ], [ -107.971737748, 39.906804157000103 ], [ -107.968486245, 39.896807248000101 ], [ -107.964247904, 39.883275127 ], [ -107.962868861, 39.87884797 ], [ -107.964159341, 39.869041190000097 ], [ -107.966006499, 39.857611124000101 ], [ -107.964880492, 39.842575309 ], [ -107.963615315, 39.827128117 ], [ -107.962324835, 39.811084621000099 ], [ -107.961173525, 39.797069005 ], [ -107.959794482, 39.779793406000103 ], [ -107.955416971, 39.761219973 ], [ -107.954543999, 39.749042417000098 ], [ -107.953152305, 39.727697324000097 ], [ -107.94215792, 39.709810612000098 ], [ -107.934731334, 39.69776999 ], [ -107.926861936, 39.684919152000099 ], [ -107.916778479, 39.675454733 ], [ -107.901102941, 39.663515252 ], [ -107.893182936, 39.6568726570001 ], [ -107.887514945, 39.651963349 ], [ -107.885718394, 39.646771183 ], [ -107.88368146, 39.644676671000099 ], [ -107.865361703, 39.638324555000104 ], [ -107.859276203, 39.634612389 ], [ -107.853519651, 39.631942624 ], [ -107.839855744, 39.6242055700001 ], [ -107.828848708, 39.617949033000102 ], [ -107.82535682, 39.616428667 ], [ -107.817512726, 39.61210129 ], [ -107.811945948, 39.608767856 ], [ -107.798370604, 39.600657778 ], [ -107.791854945, 39.595851719000102 ], [ -107.781189507, 39.58801313 ], [ -107.775939024, 39.584434773 ], [ -107.771384388, 39.581373035000098 ], [ -107.759896585, 39.573601073000098 ], [ -107.756670385, 39.571484842000103 ], [ -107.753077283, 39.56838352 ], [ -107.746169419, 39.5539771360001 ], [ -107.74581517, 39.537674904 ], [ -107.745764563, 39.526960760000101 ], [ -107.745625393, 39.520461211000097 ], [ -107.743917405, 39.520412413 ], [ -107.742513059, 39.520705200000101 ], [ -107.741773096, 39.520390381 ] ] ] } },
{ "type": "Feature", "properties": { "objectid": "69902", "id": "201659", "type": "AC; OVERHEAD", "status": "NOT AVAILABLE", "naics_code": "221121", "naics_desc": "ELECTRIC BULK POWER TRANSMISSION AND CONTROL", "source": "Regional Map", "sourcedate": "2014-06-23 20:00:00-06:00", "val_method": "IMAGERY/OTHER", "val_date": "2014-06-23 20:00:00-06:00", "owner": "TRI-STATE G & T ASSN, INC", "voltage": 230.0, "volt_class": "220-287", "inferred": "N", "sub_1": "WOLCOTT", "sub_2": "UNKNOWN202355", "shape_lengt": 119368.98994509, "globalid": "c3ab39f8-3189-49e4-82b6-501365da0782" }, "geometry": { "type": "MultiLineString", "coordinates": [ [ [ -106.688393375, 39.695013332 ], [ -106.689907877, 39.695217954 ], [ -106.690107527, 39.696049154 ], [ -106.69092059, 39.699096115 ], [ -106.694447757, 39.701831842 ], [ -106.704519832, 39.709546519000099 ], [ -106.706540109, 39.716128639 ], [ -106.714264701, 39.731667263000098 ], [ -106.705351711, 39.7414456590001 ], [ -106.703925633, 39.763282115 ], [ -106.725911007, 39.801821631000102 ], [ -106.72353421, 39.830848993000103 ], [ -106.728287804, 39.834590623 ], [ -106.738032674, 39.836050715 ], [ -106.751461578, 39.834225595000099 ], [ -106.768693358, 39.835868205 ], [ -106.801136641, 39.834408109 ], [ -106.814446706, 39.834864392 ], [ -106.826211853, 39.8470004220001 ], [ -106.851524743, 39.882301328 ], [ -106.904765002, 39.913573511 ], [ -106.931860492, 39.941004689000103 ], [ -106.947547354, 39.989551867 ], [ -106.949686471, 40.066719086 ], [ -106.954440066, 40.107633212000103 ], [ -106.954202386, 40.118448614 ], [ -106.944576356, 40.168595041000103 ], [ -106.94243724, 40.186482538000099 ], [ -106.949092272, 40.206271328000099 ], [ -106.957767582, 40.219430399 ], [ -106.962640016, 40.23676017 ], [ -106.997935455, 40.301412762 ], [ -107.002332531, 40.306216168 ], [ -107.006016567, 40.308028684000099 ], [ -107.007561485, 40.310203641 ], [ -107.007680325, 40.318902764 ], [ -107.01136436, 40.326060578000103 ], [ -107.001144132, 40.331496385 ], [ -107.005422367, 40.343453618000098 ], [ -107.015286075, 40.352691848000099 ], [ -107.040123607, 40.36989694 ], [ -107.042317277, 40.3702660800001 ] ] ] } },
{ "type": "Feature", "properties": { "objectid": "73418", "id": "204979", "type": "AC; OVERHEAD", "status": "NOT AVAILABLE", "naics_code": "221121", "naics_desc": "ELECTRIC BULK POWER TRANSMISSION AND CONTROL", "source": "Regional Map", "sourcedate": "2019-02-18 18:00:00-07:00", "val_method": "IMAGERY/OTHER", "val_date": "2019-02-18 18:00:00-07:00", "owner": "TRI-STATE G & T ASSN, INC", "voltage": 115.0, "volt_class": "100-161", "inferred": "N", "sub_1": "STEM BEACH", "sub_2": "UNKNOWN203929", "shape_lengt": 10443.597654302101, "globalid": "08721d2d-ba7c-4fda-9382-762f0c68dbc9" }, "geometry": { "type": "MultiLineString", "coordinates": [ [ [ -104.681569, 38.120981 ], [ -104.681238617, 38.121012791000098 ], [ -104.681142357, 38.120799628 ], [ -104.680718099, 38.120628536 ], [ -104.680661055, 38.123604353000097 ], [ -104.676054823, 38.123671665000103 ], [ -104.661917632, 38.123410830000097 ], [ -104.645981206, 38.123315471000097 ], [ -104.632240941, 38.123287424000097 ], [ -104.630722167, 38.126832458 ], [ -104.626971582, 38.134903498 ], [ -104.626786192, 38.13518953 ], [ -104.617616507, 38.133411628 ], [ -104.605074148, 38.130926982000098 ], [ -104.60548058, 38.129350898 ] ] ] } },
{ "type": "Feature", "properties": { "objectid": "70141", "id": "201900", "type": "AC; OVERHEAD", "status": "NOT AVAILABLE", "naics_code": "221121", "naics_desc": "ELECTRIC BULK POWER TRANSMISSION AND CONTROL", "source": "Regional Map", "sourcedate": "2014-07-08 20:00:00-06:00", "val_method": "IMAGERY/OTHER", "val_date": "2014-07-08 20:00:00-06:00", "owner": "TRI-STATE G & T ASSN, INC", "voltage": 115.0, "volt_class": "100-161", "inferred": "N", "sub_1": "VERNON TAP", "sub_2": "WRAY", "shape_lengt": 22194.099897585402, "globalid": "e0ef62a4-f518-404a-8fab-7683d3288e06" }, "geometry": { "type": "MultiLineString", "coordinates": [ [ [ -102.261006209, 39.934542070000099 ], [ -102.260832503, 39.934613914000103 ], [ -102.260903807, 39.935958887 ], [ -102.261246066, 39.944634968 ], [ -102.261559803, 39.953080379 ], [ -102.261916322, 39.962448374000097 ], [ -102.262180147, 39.969886106 ], [ -102.262465362, 39.977465093 ], [ -102.262693535, 39.983781185000097 ], [ -102.26297875, 39.991560757000101 ], [ -102.263028664, 39.992757116000099 ], [ -102.264397699, 39.998640273 ], [ -102.265510039, 40.003048211000099 ], [ -102.265502909, 40.005697207 ], [ -102.265681169, 40.013239455000097 ], [ -102.265652648, 40.019197296000101 ], [ -102.26569543, 40.020780869000099 ], [ -102.265645517, 40.028250472 ], [ -102.265688299, 40.035113266 ], [ -102.265738212, 40.040960020000099 ], [ -102.265795255, 40.048427411 ], [ -102.265738212, 40.049464485 ], [ -102.262165886, 40.057411217 ], [ -102.260861024, 40.060418289 ], [ -102.260832503, 40.065100543 ], [ -102.26078972, 40.072739895 ], [ -102.26078972, 40.080618444 ], [ -102.260746938, 40.084595564 ], [ -102.259292932, 40.08472513 ], [ -102.259301917, 40.085191479000102 ], [ -102.259372281, 40.085347055 ] ] ] } },
{ "type": "Feature", "properties": { "objectid": "77558", "id": "209728", "type": "AC; OVERHEAD", "status": "NOT AVAILABLE", "naics_code": "221121", "naics_desc": "ELECTRIC BULK POWER TRANSMISSION AND CONTROL", "source": "IMAGERY", "sourcedate": "2019-03-10 19:00:00-06:00", "val_method": "IMAGERY", "val_date": "2019-03-10 19:00:00-06:00", "owner": "TRI-STATE G & T ASSN, INC", "voltage": 69.0, "volt_class": "UNDER 100", "inferred": "Y", "sub_1": "PAGOSA", "sub_2": "UNKNOWN203903", "shape_lengt": 12605.983295297799, "globalid": "96cf13fc-8e14-449a-927b-7f37041fc150" }, "geometry": { "type": "MultiLineString", "coordinates": [ [ [ -107.073709239, 37.296597347000102 ], [ -107.072364, 37.297135 ], [ -107.069541, 37.294122000000101 ], [ -107.064738, 37.291088000000101 ], [ -107.021503, 37.291142 ], [ -107.018195, 37.290401 ], [ -107.017883, 37.289033000000103 ], [ -107.001218, 37.287269000000101 ], [ -107.001221, 37.280553 ], [ -106.99827, 37.276469 ], [ -106.991783, 37.27722 ], [ -106.992407, 37.274365 ], [ -106.991985, 37.267962 ], [ -106.99169, 37.267003 ], [ -106.990272, 37.266934 ], [ -106.990283115, 37.266638783000097 ] ] ] } },
{ "type": "Feature", "properties": { "objectid": "77556", "id": "209726", "type": "AC; OVERHEAD", "status": "NOT AVAILABLE", "naics_code": "221121", "naics_desc": "ELECTRIC BULK POWER TRANSMISSION AND CONTROL", "source": "IMAGERY", "sourcedate": "2018-04-04 20:00:00-06:00", "val_method": "IMAGERY", "val_date": "2018-04-04 20:00:00-06:00", "owner": "TRI-STATE G & T ASSN, INC", "voltage": 115.0, "volt_class": "100-161", "inferred": "Y", "sub_1": "TAP208058", "sub_2": "TAP208061", "shape_lengt": 30636.4931684451, "globalid": "9619b2c7-6a6c-4aed-94dc-80fdc7699687" }, "geometry": { "type": "MultiLineString", "coordinates": [ [ [ -108.87672, 37.758601 ], [ -108.876673, 37.779555000000101 ], [ -108.890825, 37.779537 ], [ -108.893595, 37.7831100000001 ], [ -108.899584, 37.783085 ], [ -108.899595, 37.793004000000103 ], [ -108.904281, 37.796937 ], [ -108.904274, 37.823124 ], [ -108.908685, 37.823128 ], [ -108.908539, 37.837608 ], [ -108.986622, 37.837626 ], [ -108.993593, 37.841074 ], [ -109.013773, 37.841113 ], [ -109.013716, 37.873875 ] ] ] } },
{ "type": "Feature", "properties": { "objectid": "70142", "id": "201901", "type": "AC; OVERHEAD", "status": "NOT AVAILABLE", "naics_code": "221121", "naics_desc": "ELECTRIC BULK POWER TRANSMISSION AND CONTROL", "source": "Regional Map", "sourcedate": "2014-07-08 20:00:00-06:00", "val_method": "IMAGERY/OTHER", "val_date": "2014-07-08 20:00:00-06:00", "owner": "TRI-STATE G & T ASSN, INC", "voltage": 230.0, "volt_class": "220-287", "inferred": "N", "sub_1": "BIG SANDY", "sub_2": "LANDSMAN CREEK", "shape_lengt": 156924.24101466799, "globalid": "bde71050-9e0c-4811-9543-810add2df33f" }, "geometry": { "type": "MultiLineString", "coordinates": [ [ [ -103.641254874, 39.301005400000101 ], [ -103.641023056, 39.300809531 ], [ -103.6405104, 39.300821 ], [ -103.6404367, 39.301687500000099 ], [ -103.6403817, 39.303366 ], [ -103.6402562, 39.3055551 ], [ -103.6400741, 39.308273400000097 ], [ -103.6407257, 39.309569800000098 ], [ -103.6406488, 39.310969600000099 ], [ -103.640665, 39.3134027 ], [ -103.6406326, 39.3153347 ], [ -103.6406164, 39.3175265 ], [ -103.6406245, 39.319696400000097 ], [ -103.640576, 39.3216533 ], [ -103.6405962, 39.3239232 ], [ -103.64058, 39.326418400000101 ], [ -103.6405598, 39.3281998 ], [ -103.6405355, 39.330529 ], [ -103.6405355, 39.3326484 ], [ -103.6405314, 39.3349617000001 ], [ -103.6404869, 39.3377101 ], [ -103.6404667, 39.339738500000102 ], [ -103.6404667, 39.3421769 ], [ -103.6404545, 39.3449375000001 ], [ -103.6367982, 39.345807 ], [ -103.6337445, 39.3457686 ], [ -103.6302771, 39.3457462000001 ], [ -103.6278109, 39.345743 ], [ -103.625022, 39.3457206 ], [ -103.6228166, 39.3457142 ], [ -103.6202429, 39.345707800000099 ], [ -103.6170981, 39.345739800000104 ], [ -103.6144665, 39.345771800000101 ], [ -103.6114293, 39.3458038 ], [ -103.6087315, 39.345829400000099 ], [ -103.6057936, 39.345871000000102 ], [ -103.6037703, 39.345829400000099 ], [ -103.6009772, 39.345784600000101 ], [ -103.5988132, 39.3457494 ], [ -103.595685, 39.3456822 ], [ -103.5922671, 39.345615000000102 ], [ -103.5900203, 39.345579800000102 ], [ -103.587728, 39.3454998 ], [ -103.586557, 39.346559 ], [ -103.584997, 39.347883700000096 ], [ -103.5829405, 39.3495956 ], [ -103.5806109, 39.351585800000102 ], [ -103.5793737, 39.352625600000103 ], [ -103.5773338, 39.3543342 ], [ -103.5753394, 39.3560875000001 ], [ -103.573167, 39.357924 ], [ -103.5712595, 39.359578 ], [ -103.5686527, 39.3603874 ], [ -103.5657107, 39.3613504 ], [ -103.563468, 39.362070200000097 ], [ -103.5609398, 39.3628988 ], [ -103.5582089, 39.363791300000102 ], [ -103.5552834, 39.364747900000097 ], [ -103.5523083, 39.3657044 ], [ -103.5496353, 39.366574500000098 ], [ -103.5469002, 39.367454200000097 ], [ -103.5447651, 39.369092000000101 ], [ -103.5425679, 39.370793800000101 ], [ -103.5400604, 39.372735400000103 ], [ -103.5384839, 39.3739253 ], [ -103.5364688, 39.3755022 ], [ -103.5347351, 39.376820000000102 ], [ -103.5329351, 39.378198500000103 ], [ -103.5308248, 39.379832900000103 ], [ -103.5286732, 39.381496 ], [ -103.5269808, 39.381496 ], [ -103.5247795, 39.381528000000102 ], [ -103.5215975, 39.381563200000102 ], [ -103.5189204, 39.3815952 ], [ -103.5169508, 39.381614300000102 ], [ -103.513955, 39.381646300000099 ], [ -103.5115468, 39.3816783 ], [ -103.5086462, 39.381710300000101 ], [ -103.5056256, 39.3817455000001 ], [ -103.5030519, 39.3817711 ], [ -103.500263, 39.3818126 ], [ -103.4969279, 39.381851 ], [ -103.4941183, 39.381876600000098 ], [ -103.4911805, 39.3819182 ], [ -103.4884289, 39.381934200000103 ], [ -103.485462, 39.381959800000097 ], [ -103.4822045, 39.381991400000103 ], [ -103.479019, 39.3820143 ], [ -103.4764004, 39.3820339 ], [ -103.4734349, 39.3820568 ], [ -103.4705159, 39.3820765 ], [ -103.4676901, 39.382050300000103 ], [ -103.4650884, 39.3820339 ], [ -103.4621483, 39.3820143 ], [ -103.4592251, 39.381991400000103 ], [ -103.4563188, 39.381948900000097 ], [ -103.453861, 39.381945700000102 ], [ -103.4520038, 39.381948900000097 ], [ -103.4499944, 39.3819686 ], [ -103.4471854, 39.381981600000103 ], [ -103.4447995, 39.381988200000102 ], [ -103.4427139, 39.3820143 ], [ -103.4400742, 39.382043800000098 ], [ -103.438437, 39.3820568 ], [ -103.4368295, 39.382083000000101 ], [ -103.4347397, 39.3820993 ], [ -103.4322649, 39.3821255 ], [ -103.4295659, 39.3821549 ], [ -103.4261097, 39.3821942000001 ], [ -103.4231104, 39.3822301000001 ], [ -103.4199926, 39.382249800000103 ], [ -103.4176109, 39.3822759 ], [ -103.4150938, 39.3822988000001 ], [ -103.4126064, 39.3822825 ], [ -103.410157, 39.382249800000103 ], [ -103.4072253, 39.3822138 ], [ -103.4037691, 39.3821647 ], [ -103.400884, 39.382119 ], [ -103.3981512, 39.3820732 ], [ -103.3958964, 39.3820732 ], [ -103.3938573, 39.382096100000098 ], [ -103.3911922, 39.3821549 ], [ -103.3882563, 39.3822269 ], [ -103.3847197, 39.382328200000103 ], [ -103.3812254, 39.382387100000102 ], [ -103.3792329, 39.382455800000102 ], [ -103.37727, 39.3824754 ], [ -103.3749404, 39.3824731 ], [ -103.3717008, 39.3824962 ], [ -103.368527, 39.382519300000098 ], [ -103.3659754, 39.382524 ], [ -103.3631576, 39.3825517000001 ], [ -103.3612312, 39.3825586 ], [ -103.3587035, 39.382549400000102 ], [ -103.3559575, 39.382535500000103 ], [ -103.3535554, 39.3825286000001 ], [ -103.3506897, 39.382519300000098 ], [ -103.3475668, 39.3825055 ], [ -103.3455716, 39.3824985 ], [ -103.3434029, 39.3824985 ], [ -103.3412222, 39.3807298 ], [ -103.3393227, 39.379203700000097 ], [ -103.3377074, 39.3778973 ], [ -103.336104, 39.376621 ], [ -103.3342727, 39.375131300000099 ], [ -103.3318529, 39.3751607 ], [ -103.329192, 39.3751542 ], [ -103.326806, 39.375147600000098 ], [ -103.3240605, 39.375144400000103 ], [ -103.3208878, 39.3751607 ], [ -103.3182419, 39.3751963 ], [ -103.3158293, 39.3752177000001 ], [ -103.3136062, 39.3752696 ], [ -103.3114858, 39.374839200000103 ], [ -103.3095114, 39.3744729000001 ], [ -103.3070317, 39.373990600000099 ], [ -103.3048046, 39.373545 ], [ -103.3026881, 39.373612100000102 ], [ -103.299699, 39.373685400000099 ], [ -103.2965559, 39.3737647 ], [ -103.2942222, 39.3737892 ], [ -103.2919952, 39.374100500000097 ], [ -103.2894996, 39.3744149 ], [ -103.2874463, 39.3746743 ], [ -103.2856141, 39.3749277000001 ], [ -103.2831975, 39.3749307 ], [ -103.2803071, 39.374936900000101 ], [ -103.2778866, 39.3749491 ], [ -103.274775, 39.374970400000102 ], [ -103.2715569, 39.3749979 ], [ -103.2697879, 39.375019300000098 ], [ -103.2672726, 39.3750406 ], [ -103.264161, 39.375058900000099 ], [ -103.2608915, 39.3750925 ], [ -103.2574523, 39.375116900000101 ], [ -103.254009, 39.3751475 ], [ -103.2509962, 39.3751627 ], [ -103.2482677, 39.3751749 ], [ -103.2459814, 39.375184100000098 ], [ -103.2428975, 39.375184100000098 ], [ -103.2393674, 39.375181 ], [ -103.2361887, 39.375181 ], [ -103.2332667, 39.375178 ], [ -103.2308343, 39.375055900000099 ], [ -103.2306408, 39.3736701 ], [ -103.2305737, 39.371640200000101 ], [ -103.2305619, 39.369839200000101 ], [ -103.2305619, 39.368145 ], [ -103.2274582, 39.368126700000097 ], [ -103.2242874, 39.3681175 ], [ -103.2212628, 39.368084000000103 ], [ -103.2176537, 39.3680534000001 ], [ -103.2142855, 39.3680199 ], [ -103.2112845, 39.3679832 ], [ -103.2082282, 39.3679893 ], [ -103.205018, 39.3679893 ], [ -103.2021986, 39.3679985 ], [ -103.1989884, 39.3679954 ], [ -103.1958097, 39.3679954 ], [ -103.1927021, 39.3679893 ], [ -103.1899262, 39.367971 ], [ -103.1870397, 39.367961900000097 ], [ -103.1837544, 39.3679405 ], [ -103.1811365, 39.367928300000102 ], [ -103.1773062, 39.367916100000102 ], [ -103.173709, 39.367910000000101 ], [ -103.1700644, 39.367910000000101 ], [ -103.1670555, 39.3678978 ], [ -103.1636123, 39.3678733 ], [ -103.1609746, 39.367855 ], [ -103.1580486, 39.367842800000098 ], [ -103.1553004, 39.3678275 ], [ -103.1553043, 39.3657151 ], [ -103.1552925, 39.3630255 ], [ -103.1552964, 39.360778600000103 ], [ -103.1524943, 39.360770700000103 ], [ -103.1486672, 39.3607457 ], [ -103.1457727, 39.3607364000001 ], [ -103.1428741, 39.3607145 ], [ -103.1389219, 39.360686400000098 ], [ -103.1366935, 39.3606708 ], [ -103.1337707, 39.3606552 ], [ -103.1309367, 39.360639600000098 ], [ -103.1278282, 39.360624 ], [ -103.1248812, 39.360602200000102 ], [ -103.1220513, 39.3605866 ], [ -103.1193626, 39.3605647 ], [ -103.1162743, 39.3605491000001 ], [ -103.1132223, 39.3605335 ], [ -103.1105176, 39.3605085 ], [ -103.1087574, 39.3604992 ], [ -103.107615, 39.360496 ], [ -103.1042319, 39.3604804 ], [ -103.1023507, 39.3604648 ], [ -103.0995571, 39.3604461 ], [ -103.0965616, 39.3604274 ], [ -103.0934653, 39.360402400000098 ], [ -103.0915679, 39.360393000000101 ], [ -103.0893879, 39.360377400000097 ], [ -103.086994, 39.3603649 ], [ -103.0849149, 39.3603712 ], [ -103.0825048, 39.359943600000101 ], [ -103.0804335, 39.3599721 ], [ -103.0779387, 39.3599472000001 ], [ -103.0748059, 39.3599596 ], [ -103.0717499, 39.359928400000101 ], [ -103.0688554, 39.3599003 ], [ -103.0655814, 39.359894100000098 ], [ -103.0629856, 39.3598722 ], [ -103.0600669, 39.3598504 ], [ -103.0570512, 39.3598441 ], [ -103.0544393, 39.3598161 ], [ -103.0515569, 39.359794200000103 ], [ -103.0483313, 39.3597786 ], [ -103.0450734, 39.3597661 ], [ -103.0431074, 39.3597411000001 ], [ -103.0398657, 39.3597349 ], [ -103.0368703, 39.3597006 ], [ -103.0337739, 39.359697400000101 ], [ -103.0306371, 39.3596662 ], [ -103.0277224, 39.359653700000102 ], [ -103.024953, 39.3596257 ], [ -103.0221675, 39.359631900000103 ], [ -103.019172, 39.3595976 ], [ -103.0162452, 39.3595476 ], [ -103.0135566, 39.3602468 ], [ -103.0110456, 39.3608617000001 ], [ -103.0089342, 39.3601563 ], [ -103.0069319, 39.3594790000001 ], [ -103.0040212, 39.3594758 ], [ -103.0000972, 39.359469600000097 ], [ -102.997697, 39.3594352000001 ], [ -102.9949978, 39.3594288 ], [ -102.9924265, 39.3594097000001 ], [ -102.9901853, 39.3594065 ], [ -102.988035, 39.3593842000001 ], [ -102.9852449, 39.3593714 ], [ -102.984048, 39.3593555 ], [ -102.9828387, 39.3593555 ], [ -102.978699, 39.359310800000102 ], [ -102.9757893, 39.359307600000101 ], [ -102.9726608, 39.3592821 ], [ -102.9699037, 39.359266100000099 ], [ -102.9670559, 39.3592533 ], [ -102.9645382, 39.359231000000101 ], [ -102.961063, 39.359224600000097 ], [ -102.9587228, 39.359199100000097 ], [ -102.9562877, 39.3591767 ], [ -102.9524988, 39.359154400000101 ], [ -102.9492754, 39.359132100000103 ], [ -102.9455072, 39.359112900000099 ], [ -102.9434353, 39.3590842 ], [ -102.9403274, 39.359065100000102 ], [ -102.9372897, 39.3590619 ], [ -102.9340621, 39.3590331 ], [ -102.9317178, 39.3590236 ], [ -102.9291754, 39.3590076 ], [ -102.9264555, 39.3589725 ], [ -102.9232238, 39.358953400000097 ], [ -102.9197486, 39.3589278 ], [ -102.9170576, 39.3589087 ], [ -102.913698, 39.3588832 ], [ -102.91078, 39.3588736 ], [ -102.9076061, 39.3588385 ], [ -102.905043, 39.358825700000097 ], [ -102.901832, 39.3588066 ], [ -102.8991575, 39.358149200000099 ], [ -102.8965862, 39.3575077 ], [ -102.894019, 39.3568663 ], [ -102.8912702, 39.3561961 ], [ -102.8878445, 39.3553472 ], [ -102.8847655, 39.3545749 ], [ -102.881637, 39.353799400000099 ], [ -102.8787397, 39.353084500000101 ], [ -102.8756978, 39.352309 ], [ -102.8730357, 39.352382400000103 ], [ -102.8708936, 39.3523888 ], [ -102.8687598, 39.352414300000099 ], [ -102.8656396, 39.3524558 ], [ -102.8627422, 39.3524973 ], [ -102.860014, 39.3525196 ], [ -102.8570878, 39.3525579000001 ], [ -102.8545784, 39.3525835 ], [ -102.8518915, 39.352621800000101 ], [ -102.8489941, 39.352644100000099 ], [ -102.8460885, 39.3526601 ], [ -102.8431416, 39.352692 ], [ -102.8403103, 39.3527335 ], [ -102.8372582, 39.3527675 ], [ -102.8347981, 39.3527903 ], [ -102.8316418, 39.352836 ], [ -102.8293379, 39.352845800000097 ], [ -102.8265656, 39.3528849 ], [ -102.8236203, 39.3529208 ], [ -102.8204049, 39.352946900000099 ], [ -102.8185483, 39.3529698 ], [ -102.8159068, 39.3529991 ], [ -102.8138855, 39.3530252 ], [ -102.8108052, 39.353057900000103 ], [ -102.807632, 39.3531035 ], [ -102.80548, 39.353123100000097 ], [ -102.8018638, 39.353162300000101 ], [ -102.798737, 39.353185100000097 ], [ -102.7961082, 39.353221 ], [ -102.7932051, 39.353260200000101 ], [ -102.7905931, 39.3532863 ], [ -102.7877575, 39.353302600000099 ], [ -102.7848966, 39.3533417 ], [ -102.781812, 39.353397200000103 ], [ -102.7791705, 39.3532699 ], [ -102.7756345, 39.3531362 ], [ -102.7733263, 39.353048100000102 ], [ -102.7698662, 39.352904500000101 ], [ -102.7675074, 39.3527936 ], [ -102.7651571, 39.3526989000001 ], [ -102.7618616, 39.3525423 ], [ -102.7586167, 39.3525652000001 ], [ -102.7560427, 39.3525554 ], [ -102.7536248, 39.3525554 ], [ -102.750861, 39.3525489 ], [ -102.7478059, 39.3525423 ], [ -102.7449408, 39.3525097 ], [ -102.7424217, 39.3525097 ], [ -102.7393413, 39.3525064 ], [ -102.736261, 39.3524869 ], [ -102.7332186, 39.3524705 ], [ -102.7303029, 39.3524705 ], [ -102.7274377, 39.3524477 ], [ -102.7245135, 39.3524477 ], [ -102.7215977, 39.3524379 ], [ -102.7187115, 39.352424900000102 ], [ -102.7157957, 39.3524086 ], [ -102.7143821, 39.3523955000001 ], [ -102.7129643, 39.3523955000001 ], [ -102.7101119, 39.352389000000102 ], [ -102.7072383, 39.3523792 ], [ -102.7044618, 39.3523727 ], [ -102.7016093, 39.352362900000102 ], [ -102.6988496, 39.3523596 ], [ -102.6957777, 39.352317200000101 ], [ -102.6927818, 39.3523107 ], [ -102.6899842, 39.3523107 ], [ -102.6871275, 39.352287800000099 ], [ -102.6842961, 39.352281300000101 ], [ -102.681777, 39.3522715 ], [ -102.6787641, 39.352265 ], [ -102.6758019, 39.352242100000097 ], [ -102.6729531, 39.352230900000102 ], [ -102.6696037, 39.352219100000099 ], [ -102.6668186, 39.3522073 ], [ -102.664183, 39.3521979000001 ], [ -102.6607695, 39.352179 ], [ -102.6584877, 39.3521719 ], [ -102.6563097, 39.3521578 ], [ -102.6534361, 39.3521578 ], [ -102.6500684, 39.3521295 ], [ -102.6465329, 39.3521153 ], [ -102.6434885, 39.352112900000101 ], [ -102.6408498, 39.3520964000001 ], [ -102.6376773, 39.352084600000097 ], [ -102.6346177, 39.3520705 ], [ -102.6319881, 39.352030400000103 ], [ -102.6286631, 39.352046900000097 ], [ -102.6256218, 39.3520375 ], [ -102.622919, 39.352030400000103 ], [ -102.619838, 39.352039800000099 ], [ -102.6166991, 39.352020900000099 ], [ -102.6134046, 39.3520092 ], [ -102.6109703, 39.3520044 ], [ -102.6083865, 39.351995 ], [ -102.6050828, 39.351990300000097 ], [ -102.6027584, 39.351983200000099 ], [ -102.5999763, 39.3519714 ], [ -102.5985548, 39.351969100000098 ], [ -102.5970997, 39.3519620000001 ], [ -102.59422, 39.3519313 ], [ -102.5914227, 39.351976100000101 ], [ -102.5884001, 39.352004200000103 ], [ -102.5860059, 39.352017600000103 ], [ -102.5835123, 39.3520276 ], [ -102.5811137, 39.352054300000098 ], [ -102.5779472, 39.3520776 ], [ -102.5751302, 39.352101 ], [ -102.572119, 39.352111 ], [ -102.5688791, 39.352141000000103 ], [ -102.5657385, 39.352171 ], [ -102.5628438, 39.352191 ], [ -102.5595867, 39.3522077000001 ], [ -102.556528, 39.3522177 ], [ -102.5535815, 39.3522344 ], [ -102.5514806, 39.352257800000103 ], [ -102.5488663, 39.3522678 ], [ -102.5464159, 39.3522945 ], [ -102.5439396, 39.3523011 ], [ -102.5408378, 39.352324500000101 ], [ -102.5384133, 39.3523679 ], [ -102.5359414, 39.352341200000097 ], [ -102.5335126, 39.3523145 ], [ -102.5309501, 39.3522978 ], [ -102.5281071, 39.3522811 ], [ -102.5252426, 39.3522678 ], [ -102.5224816, 39.3522511 ], [ -102.5193841, 39.3522311 ], [ -102.5164937, 39.352201100000102 ], [ -102.5130899, 39.352181 ], [ -102.5100054, 39.352154400000103 ], [ -102.5075766, 39.352134300000102 ], [ -102.5048668, 39.352113600000102 ], [ -102.501775, 39.3520966 ], [ -102.4993889, 39.3520863 ], [ -102.4968881, 39.3520693 ], [ -102.494008, 39.352045400000101 ], [ -102.4913264, 39.3520284 ], [ -102.4890417, 39.3520215 ], [ -102.4860205, 39.3519874 ], [ -102.483211, 39.3519977 ], [ -102.4801942, 39.351810100000101 ], [ -102.4772567, 39.3516464 ], [ -102.4743458, 39.351479300000101 ], [ -102.4727359, 39.3513838000001 ], [ -102.4710996, 39.3512883000001 ], [ -102.4680828, 39.351128000000102 ], [ -102.465238, 39.3509643 ], [ -102.4619609, 39.350793700000096 ], [ -102.4592087, 39.350640300000101 ], [ -102.4562669, 39.350459500000099 ], [ -102.453303, 39.3505107 ], [ -102.4505685, 39.3505618 ], [ -102.4479883, 39.3506027 ], [ -102.4452714, 39.3506334 ], [ -102.4428588, 39.350674400000102 ], [ -102.4399655, 39.3507221 ], [ -102.4371384, 39.350763 ], [ -102.4343994, 39.350804 ], [ -102.4315502, 39.350841500000101 ], [ -102.4286172, 39.350879 ], [ -102.4260546, 39.3509268 ], [ -102.42261, 39.3509813 ], [ -102.4194653, 39.3510222 ], [ -102.4172335, 39.351046100000097 ], [ -102.4154473, 39.3510905 ], [ -102.4136654, 39.3511041 ], [ -102.4112572, 39.3511518 ], [ -102.4082316, 39.351186 ], [ -102.4061763, 39.351223500000103 ], [ -102.4033976, 39.3512610000001 ], [ -102.3993796, 39.351336000000103 ], [ -102.3964598, 39.3513667 ], [ -102.3932137, 39.3514247 ], [ -102.3901086, 39.351452000000101 ], [ -102.3872815, 39.3515713 ], [ -102.3845602, 39.3516668 ], [ -102.3821829, 39.3517487 ], [ -102.379982, 39.3518271 ], [ -102.3777282, 39.351909 ], [ -102.3750201, 39.352004500000099 ], [ -102.3720695, 39.3521204 ], [ -102.3692159, 39.3522228 ], [ -102.366521, 39.3522978 ], [ -102.3642011, 39.353805200000103 ], [ -102.3618547, 39.3553194 ], [ -102.3599272, 39.3565437 ], [ -102.3576999, 39.3579999 ], [ -102.3556622, 39.3593299 ], [ -102.3538848, 39.3604825 ], [ -102.351878, 39.360428 ], [ -102.3498712, 39.360380200000101 ], [ -102.3470661, 39.3603257 ], [ -102.3443007, 39.3602813 ], [ -102.3420336, 39.360226800000099 ], [ -102.3397798, 39.3601824 ], [ -102.3369615, 39.3601245 ], [ -102.33592084, 39.360091252000103 ], [ -102.335785211, 39.360819367 ] ] ] } },
{ "type": "Feature", "properties": { "objectid": "69996", "id": "201755", "type": "AC; OVERHEAD", "status": "NOT AVAILABLE", "naics_code": "221121", "naics_desc": "ELECTRIC BULK POWER TRANSMISSION AND CONTROL", "source": "Regional Map", "sourcedate": "2014-06-30 20:00:00-06:00", "val_method": "IMAGERY/OTHER", "val_date": "2014-06-30 20:00:00-06:00", "owner": "TRI-STATE G & T ASSN, INC", "voltage": 115.0, "volt_class": "100-161", "inferred": "N", "sub_1": "HESPERUS", "sub_2": "TAP203982", "shape_lengt": 30968.578897393501, "globalid": "a4281d18-2be5-4176-b05a-8202e5917cc6" }, "geometry": { "type": "MultiLineString", "coordinates": [ [ [ -108.015592303, 37.184408780000098 ], [ -108.014384293, 37.184093292 ], [ -108.013091433, 37.184040320000101 ], [ -108.012234451, 37.184055034 ], [ -108.012156452, 37.187200112 ], [ -108.012123635, 37.188948938000102 ], [ -108.00999965, 37.192441867000099 ], [ -108.008049279, 37.195625677000102 ], [ -108.004857761, 37.200830711 ], [ -107.99990426, 37.208886183000097 ], [ -107.997470221, 37.212902043 ], [ -107.990297047, 37.219108497 ], [ -107.986246985, 37.2225834340001 ], [ -107.981704925, 37.223713322 ], [ -107.964595946, 37.227957536000098 ], [ -107.958024101, 37.233171163000101 ], [ -107.938819579, 37.234741804000102 ], [ -107.929488273, 37.239360811 ], [ -107.926964115, 37.240632360000099 ], [ -107.923503498, 37.242743993 ], [ -107.918888727, 37.245481694 ], [ -107.914970795, 37.245848895000101 ], [ -107.907393368, 37.246456473000102 ], [ -107.903221693, 37.243631621000098 ], [ -107.898500892, 37.243762063000098 ], [ -107.895592035, 37.243869886 ], [ -107.882497446, 37.246374218 ], [ -107.87988814, 37.249853034000097 ], [ -107.879778213, 37.250224325 ], [ -107.879695025, 37.253414525 ], [ -107.8772373, 37.253904134 ], [ -107.875214763, 37.254317878 ], [ -107.875532659, 37.260153938 ], [ -107.874287811, 37.263908829000101 ], [ -107.870327473, 37.263085985 ], [ -107.869650086, 37.2638615400001 ], [ -107.866869233, 37.268264081 ], [ -107.856166514, 37.278770028000103 ], [ -107.838872937, 37.289179489 ], [ -107.836466431, 37.292474399000099 ], [ -107.839383949, 37.295348464 ], [ -107.840171263, 37.299751526000101 ], [ -107.84016235, 37.301152984000097 ], [ -107.835441437, 37.30383766 ], [ -107.835500857, 37.307011408 ], [ -107.837488453, 37.307025587000098 ] ] ] } },
{ "type": "Feature", "properties": { "objectid": "77557", "id": "209727", "type": "AC; OVERHEAD", "status": "NOT AVAILABLE", "naics_code": "221121", "naics_desc": "ELECTRIC BULK POWER TRANSMISSION AND CONTROL", "source": "IMAGERY", "sourcedate": "2018-04-05 20:00:00-06:00", "val_method": "IMAGERY", "val_date": "2018-04-05 20:00:00-06:00", "owner": "TRI-STATE G & T ASSN, INC", "voltage": 115.0, "volt_class": "100-161", "inferred": "Y", "sub_1": "TAP208061", "sub_2": "UNKNOWN208060", "shape_lengt": 9162.6055651749994, "globalid": "ba767ba2-dfad-44f1-9e75-82fb986f838a" }, "geometry": { "type": "MultiLineString", "coordinates": [ [ [ -109.013716, 37.873875 ], [ -109.013809925, 37.938818139 ] ] ] } },
{ "type": "Feature", "properties": { "objectid": "70138", "id": "201897", "type": "AC; OVERHEAD", "status": "NOT AVAILABLE", "naics_code": "221121", "naics_desc": "ELECTRIC BULK POWER TRANSMISSION AND CONTROL", "source": "Regional Map", "sourcedate": "2014-07-08 20:00:00-06:00", "val_method": "IMAGERY/OTHER", "val_date": "2014-07-08 20:00:00-06:00", "owner": "TRI-STATE G & T ASSN, INC", "voltage": 115.0, "volt_class": "100-161", "inferred": "N", "sub_1": "UNKNOWN203970", "sub_2": "UNKNOWN201500", "shape_lengt": 20751.0257913729, "globalid": "8c14f6c3-0070-431e-b38c-84a77c8cba11" }, "geometry": { "type": "MultiLineString", "coordinates": [ [ [ -102.240087906, 39.502049783000103 ], [ -102.239980949, 39.501560119 ], [ -102.239980949, 39.500448734 ], [ -102.240159209, 39.492586002000102 ], [ -102.240216252, 39.49028589 ], [ -102.240344599, 39.484298634 ], [ -102.24052999, 39.475966248000098 ], [ -102.24071538, 39.467599835 ], [ -102.240857987, 39.459232417000102 ], [ -102.240957813, 39.450847475 ], [ -102.241064769, 39.442489056000099 ], [ -102.241157464, 39.434113113000102 ], [ -102.241207377, 39.426898310000098 ], [ -102.241214507, 39.419054807000101 ], [ -102.241193116, 39.410648501 ], [ -102.241207377, 39.402384433000101 ], [ -102.241207377, 39.394053262 ], [ -102.241221638, 39.385671497 ], [ -102.241278681, 39.377299748 ], [ -102.241349985, 39.368882896000102 ], [ -102.241478331, 39.360503621000099 ], [ -102.241475954, 39.359116166 ], [ -102.2415276, 39.358756468 ], [ -102.242156413, 39.358291652 ] ] ] } },
{ "type": "Feature", "properties": { "objectid": "70342", "id": "202103", "type": "AC; OVERHEAD", "status": "NOT AVAILABLE", "naics_code": "221121", "naics_desc": "ELECTRIC BULK POWER TRANSMISSION AND CONTROL", "source": "IMAGERY", "sourcedate": "2014-07-08 20:00:00-06:00", "val_method": "IMAGERY", "val_date": "2014-07-08 20:00:00-06:00", "owner": "TRI-STATE G & T ASSN, INC", "voltage": 115.0, "volt_class": "100-161", "inferred": "Y", "sub_1": "TAP205154", "sub_2": "TAP204086", "shape_lengt": 13913.223045954101, "globalid": "880ac0fe-baa5-4ee8-afbe-84be2dbfc193" }, "geometry": { "type": "MultiLineString", "coordinates": [ [ [ -104.414283159, 40.10203095 ], [ -104.414013115, 40.101293175000102 ], [ -104.414094294, 40.087580380000098 ], [ -104.395501221, 40.087598782 ], [ -104.395495208, 40.0780750240001 ], [ -104.395495208, 40.073098676 ], [ -104.395405009, 40.060737905000103 ], [ -104.395588414, 40.0583124280001 ], [ -104.39564554, 40.051640768 ], [ -104.395371936, 40.0500136040001 ], [ -104.395456122, 40.043829103 ], [ -104.395588414, 40.032501289 ], [ -104.395675607, 40.024903855000098 ], [ -104.395748572, 40.020669810000101 ] ] ] } },
{ "type": "Feature", "properties": { "objectid": "78846", "id": "211084", "type": "AC; OVERHEAD", "status": "IN SERVICE", "naics_code": "221121", "naics_desc": "ELECTRIC BULK POWER TRANSMISSION AND CONTROL", "source": "IMAGERY", "sourcedate": "2018-12-09 18:00:00-07:00", "val_method": "IMAGERY/OTHER", "val_date": "2018-12-09 18:00:00-07:00", "owner": "TRI-STATE G & T ASSN, INC", "voltage": 34.5, "volt_class": "UNDER 100", "inferred": "Y", "sub_1": "TAP209068", "sub_2": "RATTLESNAKE", "shape_lengt": 79040.310063211698, "globalid": "8b893518-4847-4de7-bcc0-1af60d890e1f" }, "geometry": { "type": "MultiLineString", "coordinates": [ [ [ -108.715649, 38.240463 ], [ -108.716357, 38.240437 ], [ -108.717264, 38.240836000000101 ], [ -108.718724, 38.241486000000101 ], [ -108.720123, 38.242111000000101 ], [ -108.721632, 38.24276 ], [ -108.722724, 38.243253 ], [ -108.72372, 38.2437100000001 ], [ -108.724987, 38.244266 ], [ -108.726465, 38.244923 ], [ -108.727839, 38.245541000000102 ], [ -108.729067, 38.24608 ], [ -108.730805, 38.246851 ], [ -108.733296, 38.247953 ], [ -108.735124, 38.248781000000101 ], [ -108.736237, 38.249267 ], [ -108.737594, 38.249863 ], [ -108.738783, 38.250391 ], [ -108.740145, 38.250995 ], [ -108.741541, 38.251616 ], [ -108.743012, 38.252269 ], [ -108.744422, 38.252894 ], [ -108.745985, 38.253589 ], [ -108.747395, 38.254228 ], [ -108.748476, 38.254696 ], [ -108.75014, 38.255431 ], [ -108.751401, 38.255992 ], [ -108.753284, 38.256834 ], [ -108.755625, 38.257861 ], [ -108.757249, 38.258568 ], [ -108.758363, 38.259075 ], [ -108.761008, 38.2602580000001 ], [ -108.764234, 38.261702 ], [ -108.765883, 38.262434 ], [ -108.768783, 38.263730000000102 ], [ -108.770027, 38.2642710000001 ], [ -108.771269, 38.26481 ], [ -108.773832, 38.265945 ], [ -108.775617, 38.266730000000102 ], [ -108.776755, 38.267237000000101 ], [ -108.778304, 38.267922 ], [ -108.779703, 38.268543000000101 ], [ -108.780981, 38.269132 ], [ -108.78223, 38.269674000000101 ], [ -108.783447, 38.270206 ], [ -108.784675, 38.270752000000101 ], [ -108.785882, 38.271291 ], [ -108.787256, 38.271887 ], [ -108.789815, 38.273026000000101 ], [ -108.791378, 38.273722 ], [ -108.79277, 38.274339 ], [ -108.793784, 38.274775 ], [ -108.79484, 38.275239 ], [ -108.796004, 38.275771 ], [ -108.797085, 38.276245000000102 ], [ -108.798499, 38.276874 ], [ -108.799359, 38.277252 ], [ -108.800339, 38.277689000000102 ], [ -108.802018, 38.278437000000103 ], [ -108.802982, 38.278858 ], [ -108.804252, 38.279425000000103 ], [ -108.805758, 38.280086 ], [ -108.8072, 38.280728000000103 ], [ -108.808546, 38.281324 ], [ -108.810002, 38.281970000000101 ], [ -108.811405, 38.282588 ], [ -108.812868, 38.2832340000001 ], [ -108.814146, 38.283805 ], [ -108.815524, 38.284415 ], [ -108.816887, 38.285022 ], [ -108.818472, 38.285725 ], [ -108.819771, 38.286289000000103 ], [ -108.821188, 38.286924 ], [ -108.822476, 38.28751 ], [ -108.823544, 38.287974 ], [ -108.825178, 38.28868 ], [ -108.826499, 38.289273 ], [ -108.828155, 38.290012 ], [ -108.829379, 38.290554 ], [ -108.830893, 38.291232 ], [ -108.832295, 38.291836000000103 ], [ -108.833909, 38.292557 ], [ -108.835147, 38.293106000000101 ], [ -108.836632, 38.293766 ], [ -108.837638, 38.294216 ], [ -108.839587, 38.295073000000102 ], [ -108.841793, 38.296061000000101 ], [ -108.84311, 38.296629 ], [ -108.844716, 38.297357 ], [ -108.846358, 38.298075 ], [ -108.847022, 38.298364 ], [ -108.84921, 38.299334 ], [ -108.849988, 38.299681 ], [ -108.851373, 38.300295 ], [ -108.852515, 38.300801 ], [ -108.854246, 38.301569 ], [ -108.855306, 38.302033 ], [ -108.85704, 38.302789 ], [ -108.858108, 38.303271 ], [ -108.859423335, 38.303871951000097 ], [ -108.86304, 38.305431 ], [ -108.865614, 38.306566 ], [ -108.867816, 38.307547 ], [ -108.868512, 38.307858000000103 ], [ -108.870521, 38.308771 ], [ -108.871788, 38.309292 ], [ -108.872781, 38.30974 ], [ -108.87388, 38.310235 ], [ -108.875607, 38.310984 ], [ -108.877617, 38.311081000000101 ], [ -108.879284, 38.311141 ], [ -108.880929, 38.311209 ], [ -108.882589, 38.3112840000001 ], [ -108.883934, 38.311338 ], [ -108.886369, 38.311445 ], [ -108.887611, 38.311502 ], [ -108.887714, 38.31218 ], [ -108.887882, 38.313272 ], [ -108.88805, 38.314407000000102 ], [ -108.888242, 38.315685 ], [ -108.888392, 38.316641 ], [ -108.889945, 38.317341 ], [ -108.891362, 38.317955 ], [ -108.892554, 38.318497 ], [ -108.894046, 38.319143000000103 ], [ -108.895309, 38.319707000000101 ], [ -108.896509, 38.320196000000102 ], [ -108.898183, 38.320974 ], [ -108.899393, 38.32151 ], [ -108.901141, 38.322284 ], [ -108.902276, 38.322784 ], [ -108.903397, 38.323277 ], [ -108.905028, 38.323994 ], [ -108.906335, 38.324572 ], [ -108.907705, 38.325172000000101 ], [ -108.909115, 38.3258000000001 ], [ -108.910628, 38.326475000000102 ], [ -108.91181, 38.326981 ], [ -108.913059, 38.327538 ], [ -108.914408, 38.328127000000102 ], [ -108.915543, 38.328645 ], [ -108.917021, 38.329305 ], [ -108.918431, 38.329915 ], [ -108.919683, 38.330472 ], [ -108.921015, 38.331061 ], [ -108.922257, 38.331614000000101 ], [ -108.923717, 38.33225 ], [ -108.924848, 38.332749 ], [ -108.926401, 38.3334380000001 ], [ -108.927618, 38.333977 ], [ -108.928906, 38.334545 ], [ -108.930141, 38.335101000000101 ], [ -108.931505, 38.335697 ], [ -108.932936, 38.336326 ], [ -108.934381, 38.336964000000101 ], [ -108.935895, 38.337628 ], [ -108.937094, 38.338164 ], [ -108.938457, 38.338770000000103 ], [ -108.940046, 38.339445 ], [ -108.941391, 38.340055 ], [ -108.942865, 38.340709000000103 ], [ -108.944175, 38.341283 ], [ -108.945478, 38.341861 ], [ -108.946702, 38.342411 ], [ -108.947937, 38.342946 ], [ -108.949318, 38.343553 ], [ -108.950871, 38.344238 ], [ -108.952159, 38.344810000000102 ], [ -108.954965, 38.346041 ], [ -108.956239, 38.346601 ], [ -108.957178, 38.345705000000102 ], [ -108.958295, 38.344692000000101 ], [ -108.959241, 38.343796 ], [ -108.959894, 38.343178000000101 ], [ -108.961916, 38.341316 ], [ -108.962699, 38.340541 ], [ -108.963128, 38.340155 ], [ -108.965248, 38.338132 ], [ -108.966499, 38.336984 ], [ -108.966843, 38.336668 ], [ -108.967793, 38.335779000000102 ], [ -108.968681, 38.334951000000103 ], [ -108.969963, 38.333756000000101 ], [ -108.970634, 38.333117000000101 ], [ -108.971594, 38.3322140000001 ], [ -108.972407, 38.331461 ], [ -108.97384, 38.330135 ], [ -108.974481, 38.329541 ], [ -108.976751, 38.328398 ], [ -108.978147, 38.327677 ], [ -108.982794, 38.327003 ], [ -108.984832, 38.326689 ], [ -108.986784, 38.3264 ], [ -108.989054, 38.326071 ], [ -108.989971, 38.325932000000101 ], [ -108.99153, 38.325707000000101 ], [ -108.99281, 38.326535 ], [ -108.993997, 38.327314000000101 ], [ -108.994832, 38.327862 ], [ -108.996573, 38.329018 ], [ -108.999365, 38.32949 ], [ -109.0004, 38.329673 ], [ -109.00326, 38.330144 ], [ -109.004945, 38.330419 ], [ -109.007685, 38.3309080000001 ], [ -109.011373, 38.33147 ], [ -109.014902, 38.332093 ], [ -109.015924, 38.332271 ], [ -109.019338, 38.332834 ], [ -109.022508, 38.333355 ], [ -109.025053, 38.333751 ], [ -109.027709, 38.334017000000102 ], [ -109.029015, 38.334147 ], [ -109.031038, 38.334372 ], [ -109.032366, 38.334508 ], [ -109.034054, 38.334679000000101 ], [ -109.035546, 38.334825000000102 ], [ -109.038655, 38.3351970000001 ], [ -109.040639, 38.335363 ], [ -109.04089, 38.334931 ], [ -109.04247, 38.331987 ], [ -109.044233, 38.328735 ], [ -109.044697, 38.327857 ], [ -109.044986, 38.327254 ], [ -109.045639, 38.326005000000102 ], [ -109.046849, 38.323778 ], [ -109.047192, 38.323142 ], [ -109.047492, 38.322568 ], [ -109.048095, 38.321494 ], [ -109.048698, 38.320348 ], [ -109.04944, 38.318952 ], [ -109.050115, 38.317671 ], [ -109.050907, 38.316043 ], [ -109.051983597, 38.314251159 ], [ -109.053506452, 38.311448154000097 ], [ -109.055433815, 38.307721918 ], [ -109.060740013, 38.307179401 ], [ -109.064518597, 38.306808205 ], [ -109.068658859, 38.306427492000097 ], [ -109.071095427, 38.306156233 ], [ -109.075759171, 38.305670823000099 ], [ -109.077696052, 38.305485225 ], [ -109.081036815, 38.305118788000101 ], [ -109.084249088, 38.304771387000102 ], [ -109.087585092, 38.304443021000097 ], [ -109.090430927, 38.304128932 ], [ -109.092348773, 38.303933817 ], [ -109.095147019, 38.30365304 ], [ -109.097193356, 38.303443648 ], [ -109.103698802, 38.3027726400001 ], [ -109.107848582, 38.302353854 ], [ -109.116762043, 38.306075331 ], [ -109.119650709, 38.307303133000097 ], [ -109.122268116, 38.308359614 ], [ -109.126286993, 38.310052521 ], [ -109.12983044, 38.311475669000103 ], [ -109.132768087, 38.312701692000097 ], [ -109.134556637, 38.313437305 ], [ -109.136186527, 38.314182535 ], [ -109.139191484, 38.31540375 ], [ -109.14236472, 38.316629773 ], [ -109.14378306, 38.317317307000103 ], [ -109.149216024, 38.319524148 ], [ -109.15334123, 38.321240580000101 ], [ -109.156649087, 38.322620457 ], [ -109.158476102, 38.32335607 ], [ -109.159884826, 38.323957062 ], [ -109.161053154, 38.324351312 ], [ -109.162404183, 38.32493788 ], [ -109.165312982, 38.326139863 ], [ -109.167351545, 38.326986059 ], [ -109.1719912, 38.328923656 ], [ -109.174308624, 38.330058328000099 ], [ -109.176111598, 38.330592009 ], [ -109.178025156, 38.33138051 ], [ -109.180159878, 38.332289209000102 ], [ -109.183289842, 38.333592159 ], [ -109.18654962, 38.335000883000099 ], [ -109.191198891, 38.336875977 ], [ -109.193723055, 38.3378375630001 ], [ -109.198819464, 38.34005402 ], [ -109.206206014, 38.343149983000103 ], [ -109.206992188, 38.343401254000099 ], [ -109.208964285, 38.344200753 ], [ -109.211647365, 38.345310533 ], [ -109.214095831, 38.3463075270001 ], [ -109.218488316, 38.344696632000101 ], [ -109.2224406, 38.343195192 ], [ -109.224394138, 38.342486113000099 ], [ -109.228208414, 38.341075093 ], [ -109.229543291, 38.340556370000101 ], [ -109.234240347, 38.338795569000098 ], [ -109.237771468, 38.337484486000101 ], [ -109.239955813, 38.336661192 ], [ -109.24469094, 38.334919427 ], [ -109.247950802, 38.333682107000101 ], [ -109.250772842, 38.3325994530001 ], [ -109.253014295, 38.331814230000099 ], [ -109.253885177, 38.33146445 ], [ -109.255705465, 38.330807718000102 ], [ -109.25692137, 38.330319929 ], [ -109.258253868, 38.329853555000099 ], [ -109.260090812, 38.329153993 ], [ -109.26305562, 38.328054682000101 ], [ -109.265144787, 38.327259942000097 ], [ -109.268849608, 38.325898890000097 ], [ -109.272842343, 38.324402209 ], [ -109.274339024, 38.323624126 ], [ -109.275500201, 38.323043537 ], [ -109.276751798, 38.322382047000097 ], [ -109.277946287, 38.321789561000102 ], [ -109.281541653, 38.319916925 ], [ -109.282843218, 38.319248297000101 ], [ -109.285322616, 38.317970526000103 ], [ -109.28645286, 38.317389938000098 ], [ -109.287713975, 38.316766519 ], [ -109.288668138, 38.316238279000103 ], [ -109.291214162, 38.314941472 ], [ -109.293622176, 38.313701773 ], [ -109.296030191, 38.312462074000102 ], [ -109.298600009, 38.311143853 ], [ -109.299937266, 38.310453809000101 ], [ -109.30349218, 38.3085764140001 ], [ -109.306285668, 38.307174912 ], [ -109.307587233, 38.3065348370001 ], [ -109.30883645, 38.305870967 ], [ -109.309980971, 38.305280861 ], [ -109.311427683, 38.304550366 ], [ -109.313990362, 38.30325356 ], [ -109.316103324, 38.302118557 ], [ -109.318185352, 38.300938344 ], [ -109.317659491, 38.300119810000098 ], [ -109.317240538, 38.300159691 ] ] ] } },
{ "type": "Feature", "properties": { "objectid": "78843", "id": "211081", "type": "AC; OVERHEAD", "status": "IN SERVICE", "naics_code": "221121", "naics_desc": "ELECTRIC BULK POWER TRANSMISSION AND CONTROL", "source": "IMAGERY", "sourcedate": "2018-12-09 18:00:00-07:00", "val_method": "IMAGERY/OTHER", "val_date": "2018-12-09 18:00:00-07:00", "owner": "TRI-STATE G & T ASSN, INC", "voltage": 34.5, "volt_class": "UNDER 100", "inferred": "Y", "sub_1": "TAP209066", "sub_2": "UNKNOWN209067", "shape_lengt": 52.914686603900002, "globalid": "1ef89851-9ef0-41c2-be3e-22512714fe86" }, "geometry": { "type": "MultiLineString", "coordinates": [ [ [ -108.685162, 38.226611 ], [ -108.685192809, 38.2262383710001 ] ] ] } },
{ "type": "Feature", "properties": { "objectid": "74986", "id": "207349", "type": "AC; OVERHEAD", "status": "NOT AVAILABLE", "naics_code": "221121", "naics_desc": "ELECTRIC BULK POWER TRANSMISSION AND CONTROL", "source": "Regional Map", "sourcedate": "2015-07-20 20:00:00-06:00", "val_method": "IMAGERY/OTHER", "val_date": "2015-07-20 20:00:00-06:00", "owner": "TRI-STATE G & T ASSN, INC", "voltage": 115.0, "volt_class": "100-161", "inferred": "N", "sub_1": "LIBERTY", "sub_2": "TAP203968", "shape_lengt": 10468.368612903199, "globalid": "98dfa65d-f1e8-4ab4-8095-22d49ddd97dc" }, "geometry": { "type": "MultiLineString", "coordinates": [ [ [ -102.630692147, 39.612002391 ], [ -102.630543408, 39.611813271000102 ], [ -102.630537466, 39.611067117000097 ], [ -102.630483988, 39.608842342000102 ], [ -102.630350887, 39.599927877 ], [ -102.630284337, 39.590719208000102 ], [ -102.629761441, 39.588975504000103 ], [ -102.629533269, 39.580622698000099 ], [ -102.629152982, 39.570715259000103 ], [ -102.629105446, 39.568685231000103 ], [ -102.618980289, 39.568743861 ], [ -102.596828538, 39.568846463 ], [ -102.591389323, 39.5688907890001 ] ] ] } },
{ "type": "Feature", "properties": { "objectid": "73082", "id": "205124", "type": "AC; OVERHEAD", "status": "NOT AVAILABLE", "naics_code": "221121", "naics_desc": "ELECTRIC BULK POWER TRANSMISSION AND CONTROL", "source": "IMAGERY", "sourcedate": "2015-08-12 20:00:00-06:00", "val_method": "IMAGERY", "val_date": "2015-08-12 20:00:00-06:00", "owner": "TRI-STATE G & T ASSN, INC", "voltage": 115.0, "volt_class": "100-161", "inferred": "Y", "sub_1": "YUMA", "sub_2": "UNKNOWN205860", "shape_lengt": 1852.1974569422, "globalid": "042f45bf-319d-438b-b856-22ef4580b359" }, "geometry": { "type": "MultiLineString", "coordinates": [ [ [ -102.737073516, 40.140274238000103 ], [ -102.737273282, 40.1400394980001 ], [ -102.737341283, 40.137021325 ], [ -102.737430206, 40.13301453 ], [ -102.738183442, 40.131306673 ], [ -102.738214827, 40.127948498000102 ], [ -102.738322058, 40.127707881 ] ] ] } },
{ "type": "Feature", "properties": { "objectid": "78851", "id": "211089", "type": "AC; OVERHEAD", "status": "IN SERVICE", "naics_code": "221121", "naics_desc": "ELECTRIC BULK POWER TRANSMISSION AND CONTROL", "source": "IMAGERY", "sourcedate": "2018-12-09 18:00:00-07:00", "val_method": "IMAGERY/OTHER", "val_date": "2018-12-09 18:00:00-07:00", "owner": "TRI-STATE G & T ASSN, INC", "voltage": 34.5, "volt_class": "UNDER 100", "inferred": "Y", "sub_1": "UNKNOWN209074", "sub_2": "UNKNOWN209069", "shape_lengt": 23698.7848130399, "globalid": "aa8e189d-c452-4050-ab28-232db40e2a92" }, "geometry": { "type": "MultiLineString", "coordinates": [ [ [ -108.894192927, 38.297991495000097 ], [ -108.894068, 38.298094 ], [ -108.893738, 38.2987 ], [ -108.893187, 38.2993430000001 ], [ -108.892651036, 38.300489929 ], [ -108.89263676, 38.301653486000099 ], [ -108.892693867, 38.303416666 ], [ -108.89278, 38.304926000000101 ], [ -108.89225, 38.305752 ], [ -108.891742, 38.306579 ], [ -108.891067, 38.306889 ], [ -108.890284, 38.307281 ], [ -108.889101, 38.307879 ], [ -108.888202, 38.308328000000103 ], [ -108.887266, 38.308774 ], [ -108.886451, 38.309203 ], [ -108.885832, 38.3097080000001 ], [ -108.885247, 38.310236 ], [ -108.883238, 38.310218 ], [ -108.882037, 38.31023 ], [ -108.880588, 38.310258 ], [ -108.878589, 38.310234 ], [ -108.87684, 38.310207 ], [ -108.875391, 38.310197000000102 ], [ -108.874605, 38.310182 ], [ -108.873136, 38.310129000000103 ], [ -108.872352, 38.310116 ], [ -108.870712, 38.310084000000103 ], [ -108.869064, 38.309823 ], [ -108.867247, 38.309516 ], [ -108.865742, 38.309257000000102 ], [ -108.864787, 38.309091000000102 ], [ -108.863428, 38.308859 ], [ -108.861605, 38.308532 ], [ -108.860016, 38.308285 ], [ -108.858327, 38.308023 ], [ -108.856786, 38.307758 ], [ -108.855579, 38.307122 ], [ -108.854157, 38.306363 ], [ -108.853175, 38.305846 ], [ -108.852132, 38.305273 ], [ -108.849811, 38.304049 ], [ -108.848315, 38.303249 ], [ -108.846795, 38.302446 ], [ -108.845983, 38.302015 ], [ -108.844526, 38.301239000000102 ], [ -108.843036, 38.300433 ], [ -108.841614, 38.299686000000101 ], [ -108.84063, 38.2991630000001 ], [ -108.839202, 38.298401 ], [ -108.837771, 38.297640000000101 ], [ -108.836361, 38.296884 ], [ -108.834949, 38.296132 ], [ -108.833533, 38.295385000000103 ], [ -108.832242, 38.294692 ], [ -108.83113, 38.294103 ], [ -108.829726, 38.293348 ], [ -108.828268, 38.2925690000001 ], [ -108.826876, 38.291828000000102 ], [ -108.825464, 38.291081 ], [ -108.824051, 38.2903230000001 ], [ -108.822849, 38.289689000000102 ], [ -108.821347, 38.288892 ], [ -108.819925, 38.288131 ], [ -108.818498, 38.287369 ], [ -108.817112, 38.286632 ], [ -108.815705, 38.285879000000101 ], [ -108.814286, 38.285127000000102 ], [ -108.812873, 38.284368 ], [ -108.811466, 38.283619 ], [ -108.810065, 38.282878 ], [ -108.808647, 38.282117 ], [ -108.807231, 38.281361000000103 ], [ -108.805818, 38.280609 ], [ -108.804423, 38.279865 ], [ -108.803201, 38.279342 ], [ -108.802029, 38.278866 ], [ -108.800792, 38.278344 ], [ -108.799541, 38.277816 ], [ -108.798049, 38.277177 ], [ -108.796313, 38.276431000000102 ], [ -108.794954, 38.275847 ], [ -108.792999, 38.275062 ], [ -108.791489, 38.27441 ], [ -108.789987, 38.273777 ], [ -108.788686, 38.2732290000001 ], [ -108.787167, 38.272597 ], [ -108.785777, 38.272019 ], [ -108.78469, 38.271551 ], [ -108.783393, 38.270975 ], [ -108.781907, 38.270313000000101 ], [ -108.780498, 38.269687 ], [ -108.778975, 38.268982 ], [ -108.777541, 38.268334 ], [ -108.776313, 38.267760000000102 ], [ -108.774864, 38.267114 ], [ -108.773475, 38.266496000000103 ], [ -108.772021, 38.2658470000001 ], [ -108.770549, 38.265190000000104 ], [ -108.769085, 38.264533 ], [ -108.767866, 38.263979 ], [ -108.766408, 38.263343 ], [ -108.764763, 38.262602000000101 ], [ -108.76355, 38.262049 ], [ -108.762238, 38.2614540000001 ], [ -108.760472, 38.2606660000001 ], [ -108.758925, 38.259943 ], [ -108.757435, 38.259274 ], [ -108.755903, 38.258593 ], [ -108.754273, 38.257864 ], [ -108.752976, 38.257278 ], [ -108.751415, 38.256567000000103 ], [ -108.750077, 38.2559660000001 ], [ -108.748455, 38.255238 ], [ -108.747057, 38.254592000000102 ], [ -108.745499, 38.253923 ], [ -108.743946, 38.253221 ], [ -108.742756, 38.252677 ], [ -108.741311, 38.252017000000102 ], [ -108.739821, 38.251347000000102 ], [ -108.738265, 38.250634 ], [ -108.736838, 38.250006 ], [ -108.73535, 38.249325 ], [ -108.733653, 38.248516 ], [ -108.732264, 38.247900000000101 ], [ -108.730748, 38.24722 ], [ -108.72953, 38.246682 ], [ -108.728312, 38.24613 ], [ -108.727588, 38.245788 ], [ -108.726518, 38.245312 ], [ -108.724923, 38.2445880000001 ], [ -108.723329, 38.243874 ], [ -108.722144, 38.24336 ], [ -108.720569, 38.242621 ], [ -108.718966, 38.241907 ], [ -108.717474, 38.241222 ], [ -108.716918, 38.240983 ], [ -108.716353483, 38.240717486000101 ] ] ] } },
{ "type": "Feature", "properties": { "objectid": "70080", "id": "201839", "type": "AC; OVERHEAD", "status": "NOT AVAILABLE", "naics_code": "221121", "naics_desc": "ELECTRIC BULK POWER TRANSMISSION AND CONTROL", "source": "Regional Map", "sourcedate": "2014-07-08 20:00:00-06:00", "val_method": "IMAGERY/OTHER", "val_date": "2014-07-08 20:00:00-06:00", "owner": "TRI-STATE G & T ASSN, INC", "voltage": 115.0, "volt_class": "100-161", "inferred": "N", "sub_1": "TAP203993", "sub_2": "BURRO CANYON", "shape_lengt": 38689.982702739602, "globalid": "a387e741-7097-437a-a38b-25ad60dac948" }, "geometry": { "type": "MultiLineString", "coordinates": [ [ [ -104.584918335, 37.368446608 ], [ -104.581706667, 37.364893868 ], [ -104.576858001, 37.359524061000101 ], [ -104.573825207, 37.356221698000098 ], [ -104.573939294, 37.34510444 ], [ -104.574138945, 37.333736078000101 ], [ -104.574223321, 37.325274829000101 ], [ -104.583522541, 37.3230161930001 ], [ -104.596200377, 37.319881396 ], [ -104.615167219, 37.31516336 ], [ -104.632394246, 37.310898727000101 ], [ -104.635446054, 37.302183454 ], [ -104.638312472, 37.293919082000102 ], [ -104.641342888, 37.285404183 ], [ -104.644166523, 37.277433001000098 ], [ -104.64555695, 37.273637174 ], [ -104.647047202, 37.269324792000099 ], [ -104.649428752, 37.262674160000103 ], [ -104.653542989, 37.251034141 ], [ -104.656159842, 37.243683714 ], [ -104.659069042, 37.235554840000098 ], [ -104.661707288, 37.227919031 ], [ -104.662441718, 37.220066682 ], [ -104.663333016, 37.211435536000103 ], [ -104.66413162, 37.203626907 ], [ -104.66286241, 37.194971161000097 ], [ -104.661564679, 37.186342826 ], [ -104.660266948, 37.177668054 ], [ -104.659019129, 37.1690206970001 ], [ -104.657778441, 37.160338254000102 ], [ -104.656537753, 37.151870775000098 ], [ -104.655268544, 37.143248886 ], [ -104.654206115, 37.135961854000101 ], [ -104.654241766, 37.132499985000102 ] ] ] } },
{ "type": "Feature", "properties": { "objectid": "74887", "id": "207213", "type": "AC; OVERHEAD", "status": "NOT AVAILABLE", "naics_code": "221121", "naics_desc": "ELECTRIC BULK POWER TRANSMISSION AND CONTROL", "source": "IMAGERY", "sourcedate": "2016-09-11 20:00:00-06:00", "val_method": "IMAGERY", "val_date": "2016-09-11 20:00:00-06:00", "owner": "TRI-STATE G & T ASSN, INC", "voltage": 115.0, "volt_class": "100-161", "inferred": "Y", "sub_1": "NOT AVAILABLE", "sub_2": "UNKNOWN201406", "shape_lengt": 28.8403962943, "globalid": "0b6bb260-b0df-462f-8fd3-26cbaff33251" }, "geometry": { "type": "MultiLineString", "coordinates": [ [ [ -107.881794128, 37.864546834000102 ], [ -107.881640405, 37.864588302000101 ], [ -107.881615076, 37.864661919000099 ] ] ] } },
{ "type": "Feature", "properties": { "objectid": "77545", "id": "209713", "type": "AC; OVERHEAD", "status": "NOT AVAILABLE", "naics_code": "221121", "naics_desc": "ELECTRIC BULK POWER TRANSMISSION AND CONTROL", "source": "IMAGERY", "sourcedate": "2018-04-02 20:00:00-06:00", "val_method": "IMAGERY", "val_date": "2018-04-02 20:00:00-06:00", "owner": "TRI-STATE G & T ASSN, INC", "voltage": 69.0, "volt_class": "UNDER 100", "inferred": "Y", "sub_1": "EMPIRE", "sub_2": "UNKNOWN208049", "shape_lengt": 13146.544759059399, "globalid": "649f4cc2-d329-4842-be75-28e265d78898" }, "geometry": { "type": "MultiLineString", "coordinates": [ [ [ -108.610203, 37.486188 ], [ -108.610498, 37.486592 ], [ -108.602864, 37.488593 ], [ -108.599902, 37.489178 ], [ -108.581394, 37.4873440000001 ], [ -108.564193, 37.486597000000103 ], [ -108.559399, 37.484953 ], [ -108.528435, 37.463393000000103 ], [ -108.510073, 37.461497000000101 ], [ -108.505231094, 37.463741445 ] ] ] } },
{ "type": "Feature", "properties": { "objectid": "70013", "id": "201772", "type": "AC; OVERHEAD", "status": "NOT AVAILABLE", "naics_code": "221121", "naics_desc": "ELECTRIC BULK POWER TRANSMISSION AND CONTROL", "source": "IMAGERY", "sourcedate": "2014-06-30 20:00:00-06:00", "val_method": "IMAGERY", "val_date": "2014-06-30 20:00:00-06:00", "owner": "TRI-STATE G & T ASSN, INC", "voltage": 115.0, "volt_class": "100-161", "inferred": "Y", "sub_1": "TAP203986", "sub_2": "UNKNOWN201406", "shape_lengt": 88.480687255199996, "globalid": "630ee087-7236-4b0c-a9f6-2d07c36cc88b" }, "geometry": { "type": "MultiLineString", "coordinates": [ [ [ -107.8814132, 37.8640550000001 ], [ -107.881615076, 37.864661919000099 ] ] ] } },
{ "type": "Feature", "properties": { "objectid": "69982", "id": "201741", "type": "AC; OVERHEAD", "status": "NOT AVAILABLE", "naics_code": "221121", "naics_desc": "ELECTRIC BULK POWER TRANSMISSION AND CONTROL", "source": "Regional Map", "sourcedate": "2014-06-23 20:00:00-06:00", "val_method": "IMAGERY/OTHER", "val_date": "2014-06-23 20:00:00-06:00", "owner": "TRI-STATE G & T ASSN, INC", "voltage": 115.0, "volt_class": "100-161", "inferred": "N", "sub_1": "UNKNOWN203749", "sub_2": "JUANITA", "shape_lengt": 20928.2724848174, "globalid": "bef2a76d-ac05-401a-aa05-311e7e2c0d1f" }, "geometry": { "type": "MultiLineString", "coordinates": [ [ [ -107.611295, 38.809791 ], [ -107.609389655, 38.812626263 ], [ -107.608066967, 38.814559725 ], [ -107.605478635, 38.815951452 ], [ -107.600854576, 38.818426491 ], [ -107.598665546, 38.819620924 ], [ -107.595000525, 38.821512531 ], [ -107.590686638, 38.823856832 ], [ -107.584653137, 38.827144464000099 ], [ -107.582336948, 38.827599036 ], [ -107.577060459, 38.830531927 ], [ -107.574760907, 38.831728934000097 ], [ -107.572665522, 38.834449666000097 ], [ -107.571089706, 38.840681315 ], [ -107.569378412, 38.847378896000102 ], [ -107.56752451, 38.8546311220001 ], [ -107.565684869, 38.861921472000098 ], [ -107.564665223, 38.865713492 ], [ -107.566105562, 38.869838402 ], [ -107.568636851, 38.87739919 ], [ -107.566828702, 38.879501117000103 ], [ -107.565212481, 38.881466065 ], [ -107.563586751, 38.883386557 ], [ -107.561409605, 38.886028534 ], [ -107.557716062, 38.888596413000101 ], [ -107.551636215, 38.892855039 ], [ -107.546416768, 38.896547368 ], [ -107.539951879, 38.90103488 ], [ -107.533696149, 38.905433329000097 ], [ -107.525634052, 38.911225991 ], [ -107.523257255, 38.912875667 ], [ -107.520927994, 38.914543798000103 ], [ -107.516602222, 38.915849425 ], [ -107.510298956, 38.917835559 ], [ -107.510241913, 38.918497592000101 ], [ -107.509904, 38.9184920000001 ] ] ] } },
{ "type": "Feature", "properties": { "objectid": "77549", "id": "209718", "type": "AC; OVERHEAD", "status": "NOT AVAILABLE", "naics_code": "221121", "naics_desc": "ELECTRIC BULK POWER TRANSMISSION AND CONTROL", "source": "IMAGERY", "sourcedate": "2018-04-02 20:00:00-06:00", "val_method": "IMAGERY", "val_date": "2018-04-02 20:00:00-06:00", "owner": "TRI-STATE G & T ASSN, INC", "voltage": 115.0, "volt_class": "100-161", "inferred": "Y", "sub_1": "TAP208052", "sub_2": "UNKNOWN208051", "shape_lengt": 5819.7637356329997, "globalid": "8029eed0-8c69-44c3-92f2-31a4d865e99e" }, "geometry": { "type": "MultiLineString", "coordinates": [ [ [ -108.737692, 37.58842 ], [ -108.737778, 37.547890000000102 ], [ -108.737172956, 37.547118261 ] ] ] } },
{ "type": "Feature", "properties": { "objectid": "74719", "id": "207015", "type": "AC; OVERHEAD", "status": "NOT AVAILABLE", "naics_code": "221121", "naics_desc": "ELECTRIC BULK POWER TRANSMISSION AND CONTROL", "source": "IMAGERY", "sourcedate": "2016-01-18 18:00:00-07:00", "val_method": "IMAGERY", "val_date": "2016-01-18 18:00:00-07:00", "owner": "TRI-STATE G & T ASSN, INC", "voltage": 115.0, "volt_class": "100-161", "inferred": "Y", "sub_1": "NOT AVAILABLE", "sub_2": "UNKNOWN201518", "shape_lengt": 199.75632035480001, "globalid": "fcdf4f80-9d6a-4573-a851-33196e948e91" }, "geometry": { "type": "MultiLineString", "coordinates": [ [ [ -108.507084437, 38.2380832630001 ], [ -108.507197937, 38.238151791000099 ], [ -108.50754058, 38.238732856000098 ], [ -108.50746486, 38.238771226 ], [ -108.507259327, 38.2388727680001 ], [ -108.506775453, 38.238764659 ] ] ] } },
{ "type": "Feature", "properties": { "objectid": "74984", "id": "207347", "type": "AC; OVERHEAD", "status": "NOT AVAILABLE", "naics_code": "221121", "naics_desc": "ELECTRIC BULK POWER TRANSMISSION AND CONTROL", "source": "Regional Map", "sourcedate": "2015-07-20 20:00:00-06:00", "val_method": "IMAGERY/OTHER", "val_date": "2015-07-20 20:00:00-06:00", "owner": "TRI-STATE G & T ASSN, INC", "voltage": 115.0, "volt_class": "100-161", "inferred": "N", "sub_1": "TAP203978", "sub_2": "LOST CANYON", "shape_lengt": 12134.722655686601, "globalid": "056c6a09-10fe-4b18-8961-3466f0017043" }, "geometry": { "type": "MultiLineString", "coordinates": [ [ [ -108.574843718, 37.432315418 ], [ -108.570072047, 37.432446863 ], [ -108.56448182, 37.431665498 ], [ -108.56175088, 37.431665498 ], [ -108.55629613, 37.431676822 ], [ -108.550805729, 37.432112802000098 ], [ -108.545101415, 37.432588414000101 ], [ -108.543411512, 37.431682485000103 ], [ -108.536195556, 37.4317107950001 ], [ -108.507538511, 37.431790064 ], [ -108.498810911, 37.431461663 ], [ -108.488150976, 37.431082300000099 ], [ -108.474182538, 37.430538733 ], [ -108.467796559, 37.430288842 ], [ -108.467752826, 37.430608944 ], [ -108.466751, 37.430731 ] ] ] } },
{ "type": "Feature", "properties": { "objectid": "69977", "id": "201736", "type": "AC; OVERHEAD", "status": "NOT AVAILABLE", "naics_code": "221121", "naics_desc": "ELECTRIC BULK POWER TRANSMISSION AND CONTROL", "source": "Regional Map", "sourcedate": "2014-06-23 20:00:00-06:00", "val_method": "IMAGERY/OTHER", "val_date": "2014-06-23 20:00:00-06:00", "owner": "TRI-STATE G & T ASSN, INC", "voltage": 115.0, "volt_class": "100-161", "inferred": "N", "sub_1": "TAP203988", "sub_2": "MONTROSE", "shape_lengt": 7486.0685188647003, "globalid": "b1938355-c703-4020-96a3-0a456e5a853e" }, "geometry": { "type": "MultiLineString", "coordinates": [ [ [ -107.925886679, 38.47115304 ], [ -107.925898439, 38.46992235 ], [ -107.9259127, 38.467555275000102 ], [ -107.930376325, 38.467573885 ], [ -107.932111388, 38.467637156000102 ], [ -107.935058616, 38.467670653 ], [ -107.935039602, 38.465236508 ], [ -107.935044355, 38.463851912000102 ], [ -107.938975578, 38.463859357 ], [ -107.944689399, 38.463855635000101 ], [ -107.944689399, 38.460658307000102 ], [ -107.946443475, 38.460628530000101 ], [ -107.94647675, 38.457177936 ], [ -107.946519532, 38.452040823000097 ], [ -107.9465433, 38.447167674000099 ], [ -107.946581329, 38.441996340000102 ], [ -107.9466347, 38.438993600000103 ], [ -107.952096487, 38.438374327000098 ] ] ] } },
{ "type": "Feature", "properties": { "objectid": "70060", "id": "201819", "type": "AC; OVERHEAD", "status": "NOT AVAILABLE", "naics_code": "221121", "naics_desc": "ELECTRIC BULK POWER TRANSMISSION AND CONTROL", "source": "Regional Map", "sourcedate": "2014-07-08 20:00:00-06:00", "val_method": "IMAGERY/OTHER", "val_date": "2014-07-08 20:00:00-06:00", "owner": "TRI-STATE G & T ASSN, INC", "voltage": 230.0, "volt_class": "220-287", "inferred": "N", "sub_1": "WALSENBURG", "sub_2": "COMANCHE", "shape_lengt": 99124.316418510905, "globalid": "7a58a1ce-84da-4a9d-a83d-0ac1dc5dbe66" }, "geometry": { "type": "MultiLineString", "coordinates": [ [ [ -104.80024729, 37.618341319 ], [ -104.799491897, 37.619052421 ], [ -104.7999885, 37.6199428 ], [ -104.799942, 37.6213668 ], [ -104.7998793, 37.623043800000097 ], [ -104.799959, 37.624491400000103 ], [ -104.8001049, 37.6267754 ], [ -104.8002357, 37.6290678 ], [ -104.8003803, 37.6314738 ], [ -104.8004697, 37.6332495 ], [ -104.8014822, 37.634043900000101 ], [ -104.8037206, 37.6358214 ], [ -104.805601, 37.6372914 ], [ -104.8075626, 37.638828100000097 ], [ -104.8096717, 37.640474300000101 ], [ -104.8115039, 37.641918100000098 ], [ -104.8130323, 37.6430997 ], [ -104.8152617, 37.644857800000104 ], [ -104.8172956, 37.646456300000096 ], [ -104.8191188, 37.647880900000096 ], [ -104.8208668, 37.6492578 ], [ -104.8210744, 37.6507656 ], [ -104.8214083, 37.653162000000101 ], [ -104.8217212, 37.655567700000098 ], [ -104.82198, 37.657559 ], [ -104.8221755, 37.658854700000099 ], [ -104.8224854, 37.6613318 ], [ -104.8227382, 37.663218100000101 ], [ -104.8230932, 37.6659665 ], [ -104.8234219, 37.6683293 ], [ -104.8237351, 37.670725800000099 ], [ -104.8240265, 37.672908800000101 ], [ -104.8243267, 37.6751399 ], [ -104.8246225, 37.6774122 ], [ -104.8249313, 37.679701700000102 ], [ -104.825201, 37.681726 ], [ -104.8254446, 37.6836539 ], [ -104.8257361, 37.685716 ], [ -104.825984, 37.687557700000099 ], [ -104.826232, 37.689471700000098 ], [ -104.8265191, 37.6916128 ], [ -104.8267714, 37.693561100000103 ], [ -104.8270715, 37.6956986000001 ], [ -104.8273369, 37.697725900000101 ], [ -104.8275544, 37.6993884 ], [ -104.8278023, 37.7012779 ], [ -104.8281199, 37.7035908 ], [ -104.8284287, 37.7059104000001 ], [ -104.8287289, 37.7081922 ], [ -104.8290551, 37.7105977000001 ], [ -104.82929, 37.7124594000001 ], [ -104.8295293, 37.7142351 ], [ -104.8298225, 37.7163301 ], [ -104.8283994, 37.7182966 ], [ -104.8269495, 37.720284300000102 ], [ -104.8254241, 37.722356300000101 ], [ -104.8245346, 37.723591 ], [ -104.8230225, 37.725677 ], [ -104.8215771, 37.727639800000098 ], [ -104.8201006, 37.7296623 ], [ -104.8187308, 37.7315477000001 ], [ -104.8173744, 37.7334153 ], [ -104.8158712, 37.735487 ], [ -104.8143013, 37.7376289 ], [ -104.812976, 37.7394437 ], [ -104.8116062, 37.7413287 ], [ -104.8100541, 37.7434494 ], [ -104.8085687, 37.7454891 ], [ -104.8072211, 37.7473459 ], [ -104.806047, 37.748956500000098 ], [ -104.8046639, 37.750851800000099 ], [ -104.8032319, 37.752803400000097 ], [ -104.8017776, 37.7547936 ], [ -104.80031, 37.7567944 ], [ -104.7987534, 37.7589638 ], [ -104.7964675, 37.7599272 ], [ -104.793888, 37.7610206 ], [ -104.7913308, 37.7621 ], [ -104.7888314, 37.763168800000102 ], [ -104.7863587, 37.764199 ], [ -104.7838491, 37.765265500000098 ], [ -104.781221, 37.766369 ], [ -104.7790249, 37.7672963 ], [ -104.7766515, 37.7683135 ], [ -104.7748373, 37.7690791 ], [ -104.7726457, 37.770006400000099 ], [ -104.7704269, 37.7709337 ], [ -104.7678079, 37.772033500000099 ], [ -104.7654663, 37.7730182 ], [ -104.7632065, 37.773977800000097 ], [ -104.760833, 37.7749841 ], [ -104.7583277, 37.776044300000102 ], [ -104.7557633, 37.7771261 ], [ -104.7535399, 37.7780569 ], [ -104.751121, 37.779088300000097 ], [ -104.7486748, 37.7801161 ], [ -104.7463968, 37.7810828 ], [ -104.7443826, 37.7819201 ], [ -104.7426912, 37.7823729 ], [ -104.7405132, 37.7829442 ], [ -104.7380761, 37.783587500000102 ], [ -104.7351389, 37.7843708 ], [ -104.7323971, 37.7850895 ], [ -104.7296508, 37.785822600000103 ], [ -104.7268955, 37.7865485 ], [ -104.7241083, 37.7872887 ], [ -104.7212892, 37.7880181 ], [ -104.7188794, 37.7886649000001 ], [ -104.7164304, 37.7893045000001 ], [ -104.7139341, 37.789965800000097 ], [ -104.7113914, 37.790627 ], [ -104.7091694, 37.7912148 ], [ -104.7069241, 37.791813600000097 ], [ -104.7042884, 37.792504200000103 ], [ -104.701476, 37.793260900000099 ], [ -104.6988589, 37.793940500000097 ], [ -104.6962882, 37.794605400000101 ], [ -104.6939686, 37.795450200000097 ], [ -104.6915885, 37.7963245 ], [ -104.6891294, 37.797224400000097 ], [ -104.6865541, 37.7981574 ], [ -104.6835883, 37.799230000000101 ], [ -104.6810735, 37.800144600000102 ], [ -104.6781728, 37.801187700000099 ], [ -104.6757788, 37.8020582 ], [ -104.6732964, 37.8029691 ], [ -104.6708327, 37.803858 ], [ -104.668197, 37.8048129 ], [ -104.6654894, 37.805792600000103 ], [ -104.6634074, 37.8065488 ], [ -104.6612598, 37.8073384 ], [ -104.6586938, 37.8082676000001 ], [ -104.6561046, 37.809204200000103 ], [ -104.6537803, 37.810056200000098 ], [ -104.6510748, 37.8110331 ], [ -104.6485925, 37.811929200000101 ], [ -104.6459335, 37.8129024 ], [ -104.645213, 37.8145623 ], [ -104.6441717, 37.816916300000102 ], [ -104.6432141, 37.8191526 ], [ -104.6422239, 37.821433 ], [ -104.641257, 37.8236619 ], [ -104.6403366, 37.825776900000101 ], [ -104.6394441, 37.827844 ], [ -104.6384772, 37.830072700000102 ], [ -104.6376126, 37.832070100000102 ], [ -104.6367108, 37.8341591000001 ], [ -104.635967, 37.8358369 ], [ -104.6351728, 37.8376564000001 ], [ -104.6340702, 37.840302500000099 ], [ -104.6331863, 37.842299200000099 ], [ -104.6320884, 37.844794900000103 ], [ -104.6311427, 37.846975400000098 ], [ -104.6304868, 37.8484878 ], [ -104.6296409, 37.850454200000101 ], [ -104.6287569, 37.8524769 ], [ -104.6278111, 37.854649600000101 ], [ -104.6268749, 37.856886 ], [ -104.6259053, 37.8590624 ], [ -104.6249643, 37.861249900000097 ], [ -104.6239711, 37.8635462 ], [ -104.622954, 37.8658799 ], [ -104.6220415, 37.867980900000099 ], [ -104.6211053, 37.8701569 ], [ -104.6201215, 37.8723404 ], [ -104.6192423, 37.87446 ], [ -104.6185056, 37.8761519 ], [ -104.6176834, 37.8780238 ], [ -104.616809, 37.8800345000001 ], [ -104.6158014, 37.882352700000098 ], [ -104.615003, 37.8840856 ], [ -104.6148747, 37.8857361 ], [ -104.6146465, 37.8875252 ], [ -104.6142363, 37.891689900000102 ], [ -104.6139477, 37.894341600000097 ], [ -104.6136281, 37.897185700000101 ], [ -104.613312, 37.900252000000101 ], [ -104.6130544, 37.902551000000102 ], [ -104.6127932, 37.9049773 ], [ -104.6125459, 37.9074821 ], [ -104.6109036, 37.909377 ], [ -104.6096221, 37.910859700000103 ], [ -104.6079145, 37.912852100000102 ], [ -104.6062963, 37.9147088 ], [ -104.6043516, 37.9169748 ], [ -104.6030186, 37.9185225 ], [ -104.6017439, 37.919994200000097 ], [ -104.6003421, 37.9216502 ], [ -104.5990503, 37.9231273 ], [ -104.59714, 37.9253578 ], [ -104.5958241, 37.9268538 ], [ -104.5941578, 37.9287996 ], [ -104.5930515, 37.9300787 ], [ -104.5918077, 37.931534 ], [ -104.5903922, 37.933173500000102 ], [ -104.5903819, 37.9355798 ], [ -104.5903716, 37.9378831000001 ], [ -104.5903647, 37.940308200000104 ], [ -104.5903613, 37.9423864 ], [ -104.5903141, 37.945084800000103 ], [ -104.5903243, 37.9470633 ], [ -104.590309, 37.9494582 ], [ -104.5902938, 37.9518531 ], [ -104.5902836, 37.9541117 ], [ -104.5902887, 37.9562421 ], [ -104.5902633, 37.958660800000096 ], [ -104.5902582, 37.9609913 ], [ -104.5902532, 37.9633137000001 ], [ -104.5902278, 37.965632 ], [ -104.5902227, 37.9678181 ], [ -104.5902176, 37.970124300000101 ], [ -104.5902125, 37.9724824 ], [ -104.5902024, 37.9746203 ], [ -104.5901973, 37.976846200000097 ], [ -104.5901922, 37.979108 ], [ -104.5901719, 37.9814699 ], [ -104.5901516, 37.9837636 ], [ -104.5901465, 37.986233400000103 ], [ -104.5901567, 37.9883549 ], [ -104.5901313, 37.9905924 ], [ -104.590111, 37.9929018 ], [ -104.5901008, 37.9955234 ], [ -104.590111, 37.9976286 ], [ -104.5901211, 37.9998938 ], [ -104.5900986, 38.0023632 ], [ -104.5900986, 38.0048262 ], [ -104.5900831, 38.0067041 ], [ -104.5900675, 38.009183300000103 ], [ -104.5900571, 38.011552100000102 ], [ -104.5900415, 38.0136180000001 ], [ -104.5900519, 38.0156143 ], [ -104.5900415, 38.0174264 ], [ -104.5900363, 38.019709 ], [ -104.5900104, 38.022159100000103 ], [ -104.5900208, 38.024318800000103 ], [ -104.5900104, 38.026638 ], [ -104.5899792, 38.029038800000102 ], [ -104.589974, 38.0307198 ], [ -104.589974, 38.0326952 ], [ -104.5899688, 38.034421000000101 ], [ -104.5899636, 38.036821700000097 ], [ -104.5882606, 38.038846 ], [ -104.5865084, 38.0408551 ], [ -104.5848268, 38.0428032 ], [ -104.5834417, 38.044420300000098 ], [ -104.5818989, 38.0462383 ], [ -104.580131, 38.048280900000101 ], [ -104.5785394, 38.050143100000099 ], [ -104.5765425, 38.052460500000102 ], [ -104.5751686, 38.0540685 ], [ -104.5738023, 38.0556586000001 ], [ -104.5725223, 38.0571601 ], [ -104.5716064, 38.0582093 ], [ -104.5716026, 38.059902900000097 ], [ -104.5715989, 38.0620929 ], [ -104.5716026, 38.064300500000101 ], [ -104.5715989, 38.0664431000001 ], [ -104.5715689, 38.0688871 ], [ -104.5715876, 38.0710768000001 ], [ -104.5715726, 38.073228 ], [ -104.5715801, 38.0756186 ], [ -104.5715651, 38.0779027 ], [ -104.5715689, 38.080269400000098 ], [ -104.5715614, 38.0825711 ], [ -104.5715465, 38.084940500000101 ], [ -104.5715411, 38.0872942 ], [ -104.5715357, 38.089545300000097 ], [ -104.5715194, 38.0917366 ], [ -104.5715194, 38.0941029 ], [ -104.5715303, 38.0960206 ], [ -104.5715194, 38.098015200000098 ], [ -104.571514, 38.100364200000101 ], [ -104.5715031, 38.1026619 ], [ -104.5715086, 38.104968 ], [ -104.5714923, 38.1071716000001 ], [ -104.5714868, 38.109311100000099 ], [ -104.5714706, 38.1116213 ], [ -104.5714923, 38.113944300000099 ], [ -104.5714923, 38.116297 ], [ -104.5714651, 38.1185814 ], [ -104.571476, 38.1208486 ], [ -104.5714651, 38.1231542 ], [ -104.5714776, 38.1254686 ], [ -104.5714554, 38.127843 ], [ -104.571461, 38.129842100000097 ], [ -104.5714499, 38.1318803 ], [ -104.5714443, 38.1340757 ], [ -104.5714332, 38.136332 ], [ -104.5714277, 38.138579600000099 ], [ -104.571461, 38.1408314 ], [ -104.5714388, 38.143078800000097 ], [ -104.5714499, 38.145444 ], [ -104.5714443, 38.1476782 ], [ -104.5714332, 38.1499472 ], [ -104.571411, 38.1522991000001 ], [ -104.5714332, 38.1544545 ], [ -104.5714166, 38.1566448 ], [ -104.571411, 38.1588917 ], [ -104.5714055, 38.161190900000101 ], [ -104.5714055, 38.1633985 ], [ -104.5714055, 38.1654794 ], [ -104.5713944, 38.1677261 ], [ -104.5713828, 38.1700289 ], [ -104.5713771, 38.1723390000001 ], [ -104.5713771, 38.1743236 ], [ -104.5713658, 38.176455200000099 ], [ -104.5713715, 38.1786448 ], [ -104.5713431, 38.180718300000102 ], [ -104.5713374, 38.1823325 ], [ -104.571646708, 38.18313993 ], [ -104.57157065, 38.194393428000097 ], [ -104.571513607, 38.198099379 ], [ -104.571722765, 38.199593661 ], [ -104.571646708, 38.208517620000102 ], [ -104.571917662, 38.210359054 ], [ -104.574803095, 38.210321703 ], [ -104.575055034, 38.210930524 ], [ -104.576305422, 38.211333365 ] ] ] } },
{ "type": "Feature", "properties": { "objectid": "69895", "id": "201652", "type": "AC; OVERHEAD", "status": "NOT AVAILABLE", "naics_code": "221121", "naics_desc": "ELECTRIC BULK POWER TRANSMISSION AND CONTROL", "source": "Regional Map", "sourcedate": "2014-06-17 20:00:00-06:00", "val_method": "IMAGERY/OTHER", "val_date": "2014-06-17 20:00:00-06:00", "owner": "TRI-STATE G & T ASSN, INC", "voltage": 345.0, "volt_class": "345", "inferred": "N", "sub_1": "CRAIG", "sub_2": "TAP203975", "shape_lengt": 198972.70758830899, "globalid": "35d306b9-b4e9-4b20-b508-0c2d265a195e" }, "geometry": { "type": "MultiLineString", "coordinates": [ [ [ -107.591734929, 40.472360787000099 ], [ -107.5902551, 40.473251800000099 ], [ -107.5902633, 40.479518400000103 ], [ -107.580685, 40.4798759 ], [ -107.5677554, 40.47984 ], [ -107.5587543, 40.477280800000102 ], [ -107.505936098, 40.433189571000099 ], [ -107.500357, 40.4284358 ], [ -107.443263, 40.4019221 ], [ -107.440023036, 40.396108505 ], [ -107.4355888, 40.388178400000101 ], [ -107.434267475, 40.384811566 ], [ -107.433012065, 40.3829778570001 ], [ -107.436264922, 40.381725633 ], [ -107.4466208, 40.377869700000097 ], [ -107.4565988, 40.3678302000001 ], [ -107.4974484, 40.3465602 ], [ -107.524405187, 40.325606192000102 ], [ -107.5260975, 40.3242851 ], [ -107.5302247, 40.3226893 ], [ -107.5612756, 40.323989100000098 ], [ -107.6046311, 40.3126134 ], [ -107.6379792, 40.282083100000101 ], [ -107.6515268, 40.2313477000001 ], [ -107.6606777, 40.2152364 ], [ -107.6962294, 40.193085300000099 ], [ -107.7274322, 40.168004300000099 ], [ -107.742026, 40.1627510000001 ], [ -107.7498186, 40.1572302000001 ], [ -107.7566442, 40.1423425 ], [ -107.7714655, 40.1224746 ], [ -107.7923413, 40.106892200000097 ], [ -107.7963756, 40.099488700000101 ], [ -107.8072988, 40.085951200000103 ], [ -107.8225085, 40.070788100000101 ], [ -107.8463694, 40.046844700000101 ], [ -107.8864402, 40.0252498 ], [ -107.9151857, 40.018660700000098 ], [ -107.9190662, 40.017785800000098 ], [ -107.9508264, 40.014487600000102 ], [ -107.9623682, 40.015487500000098 ], [ -107.9711558, 40.014720000000104 ], [ -107.9745367, 40.013022400000096 ], [ -107.9791871, 40.007735 ], [ -107.97989, 40.0021131 ], [ -107.9859893, 39.954017100000101 ], [ -107.96847873, 39.8985405540001 ], [ -107.9620808, 39.8782402000001 ], [ -107.9654717, 39.857468100000098 ], [ -107.962060666, 39.815286053000101 ], [ -107.9592484, 39.7801044 ], [ -107.9548285, 39.7608569000001 ], [ -107.9526389, 39.7277779 ], [ -107.930916709, 39.692385098 ], [ -107.9264841, 39.685133300000103 ], [ -107.922236473, 39.681226179000099 ], [ -107.916398, 39.6757386 ], [ -107.899939309, 39.663191261000101 ], [ -107.8941841, 39.658387800000099 ], [ -107.886648, 39.6518192 ], [ -107.885309, 39.646932 ], [ -107.8834035, 39.644998800000103 ], [ -107.865809299, 39.638887412 ], [ -107.8651683, 39.6386669 ], [ -107.860291387, 39.635697952 ], [ -107.8589969, 39.634919 ], [ -107.856634833, 39.633779929000099 ], [ -107.8525182, 39.6318426 ], [ -107.8290247, 39.6185039000001 ], [ -107.8124429, 39.6127602 ], [ -107.8091844, 39.610473500000097 ], [ -107.8059142, 39.6089823 ], [ -107.8024337, 39.608707900000098 ], [ -107.7944418, 39.6056268 ], [ -107.7909269, 39.6046282 ], [ -107.7742796, 39.5952172 ], [ -107.7698893, 39.593742200000101 ], [ -107.753762154, 39.586122496 ], [ -107.7466295, 39.5827454000001 ], [ -107.7435459, 39.581279000000102 ], [ -107.7339584, 39.575905400000103 ], [ -107.7276381, 39.572695800000098 ], [ -107.6970502, 39.5714003000001 ], [ -107.6939929, 39.569839300000098 ], [ -107.688893, 39.565233600000099 ], [ -107.677874, 39.525510500000102 ], [ -107.678028643, 39.525296612 ] ] ] } },
{ "type": "Feature", "properties": { "objectid": "69998", "id": "201757", "type": "AC; OVERHEAD", "status": "NOT AVAILABLE", "naics_code": "221121", "naics_desc": "ELECTRIC BULK POWER TRANSMISSION AND CONTROL", "source": "Regional Map", "sourcedate": "2014-06-30 20:00:00-06:00", "val_method": "IMAGERY/OTHER", "val_date": "2014-06-30 20:00:00-06:00", "owner": "TRI-STATE G & T ASSN, INC", "voltage": 115.0, "volt_class": "100-161", "inferred": "N", "sub_1": "UNKNOWN203899", "sub_2": "BAYFIELD", "shape_lengt": 24257.105990832999, "globalid": "df7b0fb1-e3c2-47aa-bc00-0c31af7cd761" }, "geometry": { "type": "MultiLineString", "coordinates": [ [ [ -107.827284922, 37.242481394 ], [ -107.771669648, 37.250936823000103 ], [ -107.741465309, 37.255598350000099 ], [ -107.726938324, 37.252374663000097 ], [ -107.718895242, 37.250573575 ], [ -107.713713824, 37.249408143 ], [ -107.688127414, 37.243569052000097 ], [ -107.665580694, 37.238455483 ], [ -107.651007757, 37.235152976000101 ], [ -107.63306177, 37.231074065 ], [ -107.620598037, 37.228256955000099 ], [ -107.619457174, 37.224759569000099 ], [ -107.619447, 37.224499 ] ] ] } },
{ "type": "Feature", "properties": { "objectid": "70284", "id": "202045", "type": "AC; OVERHEAD", "status": "NOT AVAILABLE", "naics_code": "221121", "naics_desc": "ELECTRIC BULK POWER TRANSMISSION AND CONTROL", "source": "IMAGERY", "sourcedate": "2019-04-28 20:00:00-06:00", "val_method": "IMAGERY", "val_date": "2019-04-28 20:00:00-06:00", "owner": "TRI-STATE G & T ASSN, INC", "voltage": 69.0, "volt_class": "UNDER 100", "inferred": "N", "sub_1": "TAP204046", "sub_2": "UNKNOWN202846", "shape_lengt": 2236.3296993446002, "globalid": "d805c22d-b15d-4711-8083-0e22c9f833d8" }, "geometry": { "type": "MultiLineString", "coordinates": [ [ [ -104.637050082, 37.422889667 ], [ -104.640099613, 37.426601683000101 ], [ -104.641396046, 37.426867647 ], [ -104.647806186, 37.426887666 ], [ -104.65245894, 37.426901965000098 ], [ -104.654147904, 37.426913404000103 ], [ -104.654147904, 37.427062115000098 ], [ -104.654212764, 37.427237369000103 ] ] ] } },
{ "type": "Feature", "properties": { "objectid": "73468", "id": "205060", "type": "AC; OVERHEAD", "status": "NOT AVAILABLE", "naics_code": "221121", "naics_desc": "ELECTRIC BULK POWER TRANSMISSION AND CONTROL", "source": "Regional Map", "sourcedate": "2015-08-12 20:00:00-06:00", "val_method": "IMAGERY/OTHER", "val_date": "2015-08-12 20:00:00-06:00", "owner": "TRI-STATE G & T ASSN, INC", "voltage": 115.0, "volt_class": "100-161", "inferred": "N", "sub_1": "HORSETOOTH TAP", "sub_2": "MASONVILLE", "shape_lengt": 7545.7596996387001, "globalid": "e7da82f1-7650-4fb1-87d1-9402faa3df6e" }, "geometry": { "type": "MultiLineString", "coordinates": [ [ [ -105.149968446, 40.5014340990001 ], [ -105.149849901, 40.501336771000098 ], [ -105.149787906, 40.5008988700001 ], [ -105.149765522, 40.499120166000097 ], [ -105.149740899, 40.497336308000101 ], [ -105.149718515, 40.495547296 ], [ -105.149697219, 40.493911545000103 ], [ -105.149673927, 40.492132947000101 ], [ -105.149652536, 40.490514273 ], [ -105.149631144, 40.489044689 ], [ -105.149613318, 40.487580496000099 ], [ -105.149595492, 40.486772465000101 ], [ -105.15146722, 40.486734503 ], [ -105.153485121, 40.486701965000101 ], [ -105.156626059, 40.486682984 ], [ -105.159046827, 40.486653157 ], [ -105.161456899, 40.4866396 ], [ -105.163635234, 40.488282770000097 ], [ -105.164622793, 40.489041977 ], [ -105.166002524, 40.490102142000097 ], [ -105.168594421, 40.490235 ], [ -105.170715713, 40.490343456000097 ], [ -105.172551789, 40.490443777 ], [ -105.174673081, 40.490552232 ], [ -105.176188289, 40.490647130000099 ], [ -105.177746279, 40.490042491000096 ], [ -105.179047576, 40.489554437 ], [ -105.181136781, 40.48876541 ], [ -105.18240599, 40.488510533000102 ], [ -105.183889112, 40.488193292000098 ], [ -105.185265278, 40.487905875000102 ], [ -105.186637878, 40.487602188 ], [ -105.187600481, 40.48742594 ], [ -105.188359868, 40.4868755030001 ], [ -105.18913708, 40.486314214000103 ], [ -105.190873331, 40.48508316 ], [ -105.191593114, 40.484596464 ], [ -105.192613146, 40.483518549 ], [ -105.192894797, 40.483420929 ], [ -105.193040757, 40.483316290000097 ] ] ] } },
{ "type": "Feature", "properties": { "objectid": "74538", "id": "206818", "type": "AC; OVERHEAD", "status": "NOT AVAILABLE", "naics_code": "221121", "naics_desc": "ELECTRIC BULK POWER TRANSMISSION AND CONTROL", "source": "IMAGERY", "sourcedate": "2016-01-18 18:00:00-07:00", "val_method": "IMAGERY", "val_date": "2016-01-18 18:00:00-07:00", "owner": "TRI-STATE G & T ASSN, INC", "voltage": 115.0, "volt_class": "100-161", "inferred": "Y", "sub_1": "NOT AVAILABLE", "sub_2": "UNKNOWN201518", "shape_lengt": 130.0548632064, "globalid": "f4af8455-53ae-490b-b64d-99aca90039ec" }, "geometry": { "type": "MultiLineString", "coordinates": [ [ [ -108.507084437, 38.2380832630001 ], [ -108.507283598, 38.238477302 ], [ -108.507076585, 38.238568673 ], [ -108.506775453, 38.238764659 ] ] ] } },
{ "type": "Feature", "properties": { "objectid": "77552", "id": "209722", "type": "AC; OVERHEAD", "status": "NOT AVAILABLE", "naics_code": "221121", "naics_desc": "ELECTRIC BULK POWER TRANSMISSION AND CONTROL", "source": "IMAGERY", "sourcedate": "2018-04-04 20:00:00-06:00", "val_method": "IMAGERY", "val_date": "2018-04-04 20:00:00-06:00", "owner": "TRI-STATE G & T ASSN, INC", "voltage": 115.0, "volt_class": "100-161", "inferred": "Y", "sub_1": "TAP208056", "sub_2": "UNKNOWN208055", "shape_lengt": 513.87491013639999, "globalid": "3bd6c116-4014-406c-9200-9e0a8621356d" }, "geometry": { "type": "MultiLineString", "coordinates": [ [ [ -108.878973, 37.748118 ], [ -108.881525, 37.745599 ], [ -108.881617728, 37.746015148 ] ] ] } },
{ "type": "Feature", "properties": { "objectid": "69961", "id": "201720", "type": "AC; OVERHEAD", "status": "NOT AVAILABLE", "naics_code": "221121", "naics_desc": "ELECTRIC BULK POWER TRANSMISSION AND CONTROL", "source": "Company Map", "sourcedate": "2014-07-08 20:00:00-06:00", "val_method": "IMAGERY/OTHER", "val_date": "2014-07-08 20:00:00-06:00", "owner": "TRI-STATE G & T ASSN, INC", "voltage": 115.0, "volt_class": "100-161", "inferred": "N", "sub_1": "ARIKAREE", "sub_2": "JOES", "shape_lengt": 29578.3941063165, "globalid": "468d6958-f36d-4fc0-a331-9f20d3ece4a3" }, "geometry": { "type": "MultiLineString", "coordinates": [ [ [ -102.97231, 39.655228000000101 ], [ -102.972188002, 39.655314357000101 ], [ -102.965196654, 39.655418661 ], [ -102.960572594, 39.655440619000103 ], [ -102.945256513, 39.655380234000098 ], [ -102.927166709, 39.655253971 ], [ -102.912528014, 39.655149667 ], [ -102.911037762, 39.655149667 ], [ -102.902146164, 39.653683906 ], [ -102.897297497, 39.655676675000102 ], [ -102.881132899, 39.655583351000097 ], [ -102.863164312, 39.655369254 ], [ -102.831897544, 39.655017915 ], [ -102.815697294, 39.654787347 ], [ -102.802334939, 39.654644615000102 ], [ -102.79981078, 39.6546610830001 ], [ -102.784779915, 39.654880672000097 ], [ -102.767716887, 39.655155156 ], [ -102.749890907, 39.655413172000102 ], [ -102.732749445, 39.655572372 ], [ -102.714973378, 39.655715102 ], [ -102.708969589, 39.65574804 ], [ -102.708242288, 39.655627268 ], [ -102.707800204, 39.65558884 ], [ -102.707618, 39.655446 ] ] ] } },
{ "type": "Feature", "properties": { "objectid": "70077", "id": "201836", "type": "AC; OVERHEAD", "status": "NOT AVAILABLE", "naics_code": "221121", "naics_desc": "ELECTRIC BULK POWER TRANSMISSION AND CONTROL", "source": "Regional Map", "sourcedate": "2014-07-08 20:00:00-06:00", "val_method": "IMAGERY/OTHER", "val_date": "2014-07-08 20:00:00-06:00", "owner": "TRI-STATE G & T ASSN, INC", "voltage": 230.0, "volt_class": "220-287", "inferred": "N", "sub_1": "WALSENBURG", "sub_2": "GLADSTONE", "shape_lengt": 235134.79131042, "globalid": "2dbc3711-40a8-4cc4-bad1-9f28d6b6c346" }, "geometry": { "type": "MultiLineString", "coordinates": [ [ [ -104.80024729, 37.618341319 ], [ -104.799221602, 37.618915776 ], [ -104.7988888, 37.618468 ], [ -104.7999188, 37.6175671 ], [ -104.801137, 37.6170462 ], [ -104.8024544, 37.6160604 ], [ -104.7999754, 37.6126669000001 ], [ -104.798911, 37.610102 ], [ -104.7971242, 37.6103553 ], [ -104.7945137, 37.610756100000103 ], [ -104.7918324, 37.611152 ], [ -104.7893173, 37.6115294 ], [ -104.7868768, 37.6118884 ], [ -104.7848471, 37.612194600000102 ], [ -104.7837685, 37.6123838 ], [ -104.7813665, 37.6119349 ], [ -104.7795533, 37.611611100000097 ], [ -104.7772322, 37.611197500000102 ], [ -104.7746642, 37.6107455000001 ], [ -104.7716814, 37.610218100000097 ], [ -104.7698521, 37.609900600000103 ], [ -104.7674541, 37.609472600000103 ], [ -104.7657988, 37.609176 ], [ -104.7635141, 37.608776900000102 ], [ -104.7613286, 37.608387300000103 ], [ -104.758625, 37.6079112 ], [ -104.7560348, 37.607452700000103 ], [ -104.7533029, 37.6069702 ], [ -104.7507815, 37.606522900000101 ], [ -104.7495693, 37.6046408 ], [ -104.7482803, 37.602631900000098 ], [ -104.747056, 37.600727300000102 ], [ -104.7457644, 37.5987249 ], [ -104.7444558, 37.5966969 ], [ -104.7431798, 37.594720500000101 ], [ -104.7417584, 37.592489800000102 ], [ -104.7406554, 37.5907875 ], [ -104.7393944, 37.5888348 ], [ -104.7379705, 37.586601900000097 ], [ -104.736702, 37.5846491 ], [ -104.7354485, 37.5826982 ], [ -104.7341976, 37.5807354 ], [ -104.7328589, 37.578766600000101 ], [ -104.7316155, 37.576734100000103 ], [ -104.7304648, 37.5749459 ], [ -104.7290434, 37.572748400000101 ], [ -104.7276019, 37.5705051 ], [ -104.7264161, 37.5686692 ], [ -104.7253031, 37.566934500000102 ], [ -104.7239819, 37.564883800000104 ], [ -104.7228789, 37.563172800000103 ], [ -104.7217458, 37.5614161 ], [ -104.7202241, 37.559037400000101 ], [ -104.7190158, 37.5570878 ], [ -104.7174063, 37.5556271 ], [ -104.7160601, 37.5543711 ], [ -104.7148618, 37.5532363 ], [ -104.7135206, 37.551980200000102 ], [ -104.7120741, 37.5506188 ], [ -104.7108157, 37.5494581 ], [ -104.7095773, 37.548297300000101 ], [ -104.7081609, 37.546959700000102 ], [ -104.7062807, 37.5452066 ], [ -104.7050172, 37.544016 ], [ -104.703671, 37.542755800000101 ], [ -104.7025228, 37.541714200000101 ], [ -104.701327, 37.539965 ], [ -104.7001187, 37.538271300000098 ], [ -104.6988878, 37.536516 ], [ -104.6976143, 37.534699100000097 ], [ -104.6961854, 37.532691300000103 ], [ -104.6948693, 37.530824500000101 ], [ -104.6935331, 37.5289378 ], [ -104.6922445, 37.5271127 ], [ -104.6910287, 37.525391 ], [ -104.6899808, 37.5239118000001 ], [ -104.6890984, 37.5226115 ], [ -104.6877131, 37.521169900000103 ], [ -104.6865393, 37.5199136 ], [ -104.6846606, 37.5179174 ], [ -104.68311, 37.516234100000098 ], [ -104.681439, 37.5144756 ], [ -104.6798473, 37.512790300000098 ], [ -104.6782352, 37.5110744 ], [ -104.6766154, 37.50933 ], [ -104.6748598, 37.5074636 ], [ -104.6733297, 37.5058310000001 ], [ -104.6719969, 37.504405700000099 ], [ -104.6706334, 37.5029479 ], [ -104.6693058, 37.501585600000098 ], [ -104.668419, 37.4998816 ], [ -104.6676116, 37.498383 ], [ -104.6667146, 37.496695300000098 ], [ -104.6657637, 37.4949302 ], [ -104.663352, 37.4949079 ], [ -104.6606967, 37.494879400000102 ], [ -104.6581107, 37.494855 ], [ -104.6552888, 37.494832600000102 ], [ -104.6524952, 37.494800100000099 ], [ -104.6496938, 37.4947716 ], [ -104.6468489, 37.494747200000099 ], [ -104.6440527, 37.4947167 ], [ -104.641259, 37.494692300000096 ], [ -104.6385064, 37.494663800000097 ], [ -104.6356512, 37.4946374 ], [ -104.6329242, 37.494604900000098 ], [ -104.6302561, 37.4945744 ], [ -104.6274471, 37.4945479 ], [ -104.6246252, 37.494523500000099 ], [ -104.6220443, 37.494501200000101 ], [ -104.619243, 37.494468600000097 ], [ -104.6168696, 37.4944483 ], [ -104.6147014, 37.494432000000103 ], [ -104.6123998, 37.494430000000101 ], [ -104.6110081, 37.4926222 ], [ -104.6095087, 37.4907371 ], [ -104.6080786, 37.488906800000102 ], [ -104.6066305, 37.4870704000001 ], [ -104.6050005, 37.4850224 ], [ -104.6038317, 37.483533700000102 ], [ -104.6024195, 37.481739800000099 ], [ -104.6009381, 37.4798504 ], [ -104.5994131, 37.4779405 ], [ -104.5979035, 37.4760326 ], [ -104.5964683, 37.474220300000098 ], [ -104.5950151, 37.472359100000098 ], [ -104.593772, 37.470805100000099 ], [ -104.5923265, 37.468958 ], [ -104.5897891, 37.4689479 ], [ -104.5870672, 37.4689418 ], [ -104.5844171, 37.468931600000097 ], [ -104.5817234, 37.468927500000099 ], [ -104.5791015, 37.468923500000102 ], [ -104.5765257, 37.4689072 ], [ -104.573873, 37.4689072 ], [ -104.5712254, 37.4688929000001 ], [ -104.5685676, 37.4688889 ], [ -104.5660072, 37.4688746 ], [ -104.5634519, 37.468870600000102 ], [ -104.5606582, 37.4688624 ], [ -104.5580081, 37.4688482 ], [ -104.5552532, 37.468856200000097 ], [ -104.5532882, 37.468860300000102 ], [ -104.5507334, 37.468860300000102 ], [ -104.5476728, 37.4688561 ], [ -104.5447407, 37.4688582 ], [ -104.5425422, 37.4688624 ], [ -104.5402652, 37.4688624 ], [ -104.5378545, 37.4688561 ], [ -104.5351686, 37.4688624 ], [ -104.5324749, 37.4688665 ], [ -104.5297131, 37.4688624 ], [ -104.5269225, 37.4688624 ], [ -104.5240978, 37.468860300000102 ], [ -104.5216294, 37.468833200000098 ], [ -104.5194441, 37.4690766 ], [ -104.5169338, 37.4693303 ], [ -104.5145833, 37.469567400000102 ], [ -104.5122329, 37.4698253 ], [ -104.5100554, 37.4685670000001 ], [ -104.5077207, 37.4672568 ], [ -104.5055301, 37.4660297 ], [ -104.5033605, 37.4648026 ], [ -104.501183, 37.463588000000101 ], [ -104.4990081, 37.462348400000103 ], [ -104.4967756, 37.461096300000101 ], [ -104.4945719, 37.459860800000101 ], [ -104.4923525, 37.4586149 ], [ -104.4901645, 37.457377300000097 ], [ -104.4879425, 37.4561293000001 ], [ -104.485744, 37.4548958 ], [ -104.4835246, 37.4536477 ], [ -104.4813288, 37.452412100000103 ], [ -104.479057, 37.4511515 ], [ -104.4769555, 37.449980400000101 ], [ -104.4747151, 37.448690600000099 ], [ -104.472438, 37.447415400000096 ], [ -104.4703234, 37.446227500000099 ], [ -104.468104, 37.4449793 ], [ -104.4656435, 37.4436042 ], [ -104.4634529, 37.442368400000099 ], [ -104.461113, 37.4410515000001 ], [ -104.4595513, 37.440210900000103 ], [ -104.4582411, 37.4391062 ], [ -104.4563492, 37.437583200000098 ], [ -104.4543709, 37.4359791 ], [ -104.4522877, 37.4342958 ], [ -104.4502282, 37.4326375 ], [ -104.448221, 37.431016600000099 ], [ -104.4463291, 37.4294935 ], [ -104.4441542, 37.4277373 ], [ -104.4416309, 37.425706300000101 ], [ -104.4396682, 37.4241019 ], [ -104.4377869, 37.4226015 ], [ -104.4359343, 37.421094900000099 ], [ -104.434066, 37.4195986 ], [ -104.4322344, 37.418108500000102 ], [ -104.4301093, 37.4163853 ], [ -104.4284271, 37.4150388 ], [ -104.4263465, 37.413359200000102 ], [ -104.4244756, 37.4118337 ], [ -104.4225313, 37.4102727000001 ], [ -104.4208505, 37.4089031 ], [ -104.4187823, 37.407243300000097 ], [ -104.4170651, 37.405853700000101 ], [ -104.4153345, 37.4044406 ], [ -104.4134083, 37.402842500000098 ], [ -104.4115063, 37.401346400000101 ], [ -104.4093176, 37.3995779 ], [ -104.4074798, 37.3980966 ], [ -104.4056716, 37.396651500000097 ], [ -104.4042196, 37.3952298 ], [ -104.4024702, 37.3935314 ], [ -104.4007664, 37.3918648000001 ], [ -104.3989447, 37.390085500000097 ], [ -104.3970909, 37.3882826 ], [ -104.3952746, 37.3865287 ], [ -104.3935091, 37.384817300000101 ], [ -104.3917866, 37.3831357 ], [ -104.3901283, 37.381517900000098 ], [ -104.3881807, 37.3796318 ], [ -104.3867287, 37.378211900000103 ], [ -104.3853062, 37.376830300000101 ], [ -104.3835381, 37.3751059 ], [ -104.3817727, 37.373387900000097 ], [ -104.3802269, 37.3718742 ], [ -104.3786785, 37.370366800000099 ], [ -104.3771515, 37.368882900000102 ], [ -104.3757531, 37.3675224 ], [ -104.3746306, 37.366370500000102 ], [ -104.3736046, 37.365723300000099 ], [ -104.3716302, 37.3643627000001 ], [ -104.3697201, 37.3630554000001 ], [ -104.3676145, 37.3616075 ], [ -104.3656562, 37.360266 ], [ -104.3633442, 37.358694500000098 ], [ -104.3614208, 37.3573701 ], [ -104.3594598, 37.356030700000098 ], [ -104.3573836, 37.354601800000097 ], [ -104.355586, 37.353390100000098 ], [ -104.3534884, 37.3519378 ], [ -104.3513881, 37.3505088000001 ], [ -104.3493061, 37.3490736 ], [ -104.3469968, 37.3475147 ], [ -104.3451805, 37.3462348 ], [ -104.3431632, 37.344859 ], [ -104.3411781, 37.343500200000101 ], [ -104.3392734, 37.3421967 ], [ -104.3376607, 37.341089200000098 ], [ -104.335989, 37.3399518 ], [ -104.3347192, 37.3390828 ], [ -104.3335753, 37.3383416 ], [ -104.3319706, 37.3373192 ], [ -104.3299802, 37.3360604000001 ], [ -104.3277888, 37.3346653 ], [ -104.3261359, 37.333442600000097 ], [ -104.3245553, 37.332277400000102 ], [ -104.3228434, 37.3310228 ], [ -104.3211236, 37.3297553 ], [ -104.3192537, 37.3284793 ], [ -104.3175927, 37.327333300000099 ], [ -104.3155165, 37.325918800000103 ], [ -104.3128263, 37.324081 ], [ -104.3108433, 37.3227134 ], [ -104.3087601, 37.32129 ], [ -104.3065665, 37.3197769000001 ], [ -104.3044056, 37.3182976 ], [ -104.3023173, 37.316870100000102 ], [ -104.3001088, 37.3153488 ], [ -104.2979453, 37.313855500000102 ], [ -104.2957367, 37.312338200000099 ], [ -104.2935532, 37.3108587 ], [ -104.2916429, 37.3095527 ], [ -104.2897327, 37.308254700000099 ], [ -104.2877522, 37.3068868 ], [ -104.2856665, 37.3054451 ], [ -104.2836158, 37.3040393 ], [ -104.2818585, 37.302828900000101 ], [ -104.2795371, 37.301245600000101 ], [ -104.2775015, 37.2998477 ], [ -104.2754408, 37.2984079 ], [ -104.273706, 37.2972273 ], [ -104.2712142, 37.295516200000101 ], [ -104.2687925, 37.2938569 ], [ -104.2670001, 37.292612400000102 ], [ -104.264967, 37.2912283000001 ], [ -104.2628612, 37.2897724 ], [ -104.2603267, 37.2880352 ], [ -104.2583538, 37.286679 ], [ -104.2559847, 37.2850514 ], [ -104.2539416, 37.283653200000103 ], [ -104.2518385, 37.2821957 ], [ -104.2496653, 37.2807119 ], [ -104.2476196, 37.2793071 ], [ -104.2474353, 37.277270300000097 ], [ -104.2472143, 37.274832800000098 ], [ -104.2470338, 37.2728041 ], [ -104.2468307, 37.270312400000101 ], [ -104.2466527, 37.2681379 ], [ -104.246377, 37.2659513 ], [ -104.246214, 37.2641018 ], [ -104.246026, 37.261881200000097 ], [ -104.2458305, 37.2596326 ], [ -104.2455998, 37.2572802 ], [ -104.2453918, 37.254925700000101 ], [ -104.2451235, 37.2520383 ], [ -104.2449706, 37.250326200000103 ], [ -104.2447776, 37.2480793 ], [ -104.2445899, 37.2460854 ], [ -104.2443797, 37.2438595 ], [ -104.2441772, 37.2416702 ], [ -104.2439876, 37.239589000000102 ], [ -104.243762, 37.23712 ], [ -104.2435698, 37.234983600000099 ], [ -104.2433725, 37.2327696 ], [ -104.24317, 37.230582 ], [ -104.242947, 37.228198400000103 ], [ -104.2427215, 37.2257312 ], [ -104.2425369, 37.2235985 ], [ -104.2423191, 37.2212413 ], [ -104.2421192, 37.2189411 ], [ -104.2419449, 37.2167164 ], [ -104.2413759, 37.2149917 ], [ -104.2406813, 37.212724 ], [ -104.2400047, 37.210507300000103 ], [ -104.2394152, 37.2085314 ], [ -104.2387335, 37.2063451000001 ], [ -104.2380953, 37.204234400000097 ], [ -104.2374391, 37.202080700000103 ], [ -104.236742, 37.1997595 ], [ -104.2360731, 37.1975976 ], [ -104.2354067, 37.1953579 ], [ -104.2347352, 37.193167200000097 ], [ -104.2341457, 37.190886600000098 ], [ -104.2333794, 37.188742800000099 ], [ -104.2327489, 37.1865805 ], [ -104.2320312, 37.184256800000099 ], [ -104.2313623, 37.1820964 ], [ -104.2307062, 37.1798788 ], [ -104.2300065, 37.177608 ], [ -104.2292914, 37.1755434 ], [ -104.2293709, 37.1735298 ], [ -104.2293785, 37.171193500000101 ], [ -104.2293811, 37.169000100000098 ], [ -104.229399, 37.1665758 ], [ -104.229398, 37.164464700000103 ], [ -104.2293954, 37.1622429 ], [ -104.2293954, 37.1599395000001 ], [ -104.229398, 37.1577468 ], [ -104.2294006, 37.155545700000097 ], [ -104.2294032, 37.1533737 ], [ -104.2294216, 37.151201700000101 ], [ -104.2294163, 37.148933500000098 ], [ -104.2294216, 37.1464335 ], [ -104.2294059, 37.1444012 ], [ -104.2294321, 37.142084800000099 ], [ -104.2294242, 37.1401673 ], [ -104.2294294, 37.1377254000001 ], [ -104.2294714, 37.1355529 ], [ -104.2294845, 37.133349000000102 ], [ -104.2294321, 37.1312746 ], [ -104.2294661, 37.129127 ], [ -104.2291176, 37.1271925 ], [ -104.2287848, 37.1251304 ], [ -104.2284311, 37.123007700000102 ], [ -104.2281717, 37.1214073 ], [ -104.2278599, 37.119420300000101 ], [ -104.2274721, 37.117268200000098 ], [ -104.2271838, 37.115439900000098 ], [ -104.2268222, 37.113296100000099 ], [ -104.2264344, 37.1112023 ], [ -104.2261619, 37.109173300000101 ], [ -104.2257872, 37.107094000000103 ], [ -104.2254151, 37.1048203 ], [ -104.225009, 37.1025759 ], [ -104.2246552, 37.100364800000101 ], [ -104.2243093, 37.098053300000103 ], [ -104.2232874, 37.096145100000101 ], [ -104.2221135, 37.093864800000098 ], [ -104.2209475, 37.0917204 ], [ -104.2197788, 37.0894922 ], [ -104.2188748, 37.0877511 ], [ -104.2176825, 37.0854685 ], [ -104.2166501, 37.0835182000001 ], [ -104.2155391, 37.0813922 ], [ -104.2144496, 37.079237200000101 ], [ -104.2133138, 37.0771661 ], [ -104.212269, 37.075135600000102 ], [ -104.2115269, 37.0737506 ], [ -104.2105357, 37.071824800000101 ], [ -104.20929, 37.0694991 ], [ -104.2082104, 37.0674214 ], [ -104.2071308, 37.0653672 ], [ -104.2059118, 37.0630435 ], [ -104.2047438, 37.060813800000098 ], [ -104.2036776, 37.058791400000104 ], [ -104.2026944, 37.0569208000001 ], [ -104.2017354, 37.055095000000101 ], [ -104.2008165, 37.053326900000101 ], [ -104.1998467, 37.051475400000101 ], [ -104.1989252, 37.049713600000103 ], [ -104.1981081, 37.048157000000103 ], [ -104.197291, 37.046583300000101 ], [ -104.1962703, 37.044646100000101 ], [ -104.1942477, 37.0445948 ], [ -104.1916759, 37.0445499 ], [ -104.1889086, 37.0444986 ], [ -104.186168, 37.044443000000101 ], [ -104.1833605, 37.044387400000097 ], [ -104.1806253, 37.0443297 ], [ -104.1777481, 37.0442783 ], [ -104.1753156, 37.044229200000103 ], [ -104.1756987, 37.042105800000101 ], [ -104.1760711, 37.0399589 ], [ -104.1764274, 37.0380301000001 ], [ -104.1767863, 37.036045600000101 ], [ -104.1772043, 37.033626900000101 ], [ -104.1777454, 37.030639300000097 ], [ -104.1783053, 37.0276345 ], [ -104.1788357, 37.0250402 ], [ -104.1792456, 37.0224393 ], [ -104.1796609, 37.020043800000103 ], [ -104.1800145, 37.018065200000102 ], [ -104.1804779, 37.0155326 ], [ -104.1810619, 37.0122469 ], [ -104.1813406, 37.0105741 ], [ -104.1824336, 37.0088477 ], [ -104.1835748, 37.006986600000097 ], [ -104.1849062, 37.004853700000098 ], [ -104.1862189, 37.002731400000101 ], [ -104.1875075, 37.0005898 ], [ -104.1887827, 36.9985038 ], [ -104.1904901, 36.9957831 ], [ -104.195692416, 36.987465730000103 ], [ -104.199483407, 36.981437729 ], [ -104.201907741, 36.977421961000097 ], [ -104.203535847, 36.965487331000098 ], [ -104.195264592, 36.952743598 ], [ -104.191687513, 36.9472922 ], [ -104.183784661, 36.940843092000101 ], [ -104.169511993, 36.929092723 ], [ -104.160539584, 36.921482990000101 ], [ -104.154621359, 36.918100643000102 ], [ -104.141037962, 36.910328276 ], [ -104.1398971, 36.906061689000097 ], [ -104.138185805, 36.899951217000101 ], [ -104.136213064, 36.892680733000098 ], [ -104.134478002, 36.88597987 ], [ -104.127276306, 36.8790502740001 ], [ -104.113823633, 36.865949813 ], [ -104.098766622, 36.853056311000103 ], [ -104.100192701, 36.840160634 ], [ -104.100014441, 36.837602162 ], [ -104.101084, 36.828851351 ], [ -104.102296167, 36.816674645 ], [ -104.103734129, 36.802621460000097 ], [ -104.104161952, 36.799167236000102 ], [ -104.103698477, 36.789488869 ], [ -104.103175582, 36.775516365 ], [ -104.103128045, 36.77368871 ], [ -104.095771858, 36.761636521000099 ], [ -104.087108432, 36.747601806 ], [ -104.079894853, 36.735888376 ], [ -104.063079012, 36.723296826000102 ], [ -104.062520464, 36.722953911 ], [ -104.06244916, 36.7098172 ], [ -104.062223365, 36.696897402 ], [ -104.062104525, 36.68358469 ], [ -104.062104525, 36.679400764 ], [ -104.052050672, 36.668449045 ], [ -104.039192199, 36.654120814000102 ], [ -104.039287271, 36.643699474000101 ], [ -104.009648609, 36.643737615000099 ], [ -104.009553537, 36.625561265 ], [ -104.009387161, 36.611301369 ], [ -104.009339625, 36.598450896 ], [ -104.009208901, 36.585312009000098 ], [ -104.009125714, 36.574089227000101 ], [ -104.009743681, 36.570023429000102 ], [ -104.011870914, 36.555925097000099 ], [ -104.012500766, 36.551591037 ], [ -104.00911383, 36.544230216000102 ], [ -104.009256437, 36.530986610000099 ], [ -104.008971221, 36.527271882 ], [ -104.013285108, 36.516785647000098 ], [ -104.018276383, 36.504349307 ], [ -104.035139759, 36.498522071 ], [ -104.0561863, 36.491213523 ], [ -104.062342205, 36.489082928000101 ], [ -104.06238974, 36.474883832 ], [ -104.062401625, 36.469006594000099 ], [ -104.062484812, 36.461198257 ], [ -104.062496696, 36.447347756 ], [ -104.062579884, 36.433035840000102 ], [ -104.06268684, 36.422297781 ], [ -104.062116409, 36.420174855 ], [ -104.061629165, 36.418262258 ], [ -104.061759889, 36.407120449 ], [ -104.061759889, 36.3926767560001 ], [ -104.061759889, 36.39058172 ], [ -104.058420489, 36.3799908760001 ], [ -104.054166022, 36.366680915000103 ], [ -104.049614455, 36.352124426 ], [ -104.044140691, 36.334653046 ], [ -104.044216748, 36.332784299 ], [ -104.044292806, 36.324588855000101 ], [ -104.044055126, 36.3229477470001 ], [ -104.042472499, 36.322596871 ] ] ] } },
{ "type": "Feature", "properties": { "objectid": "69940", "id": "201699", "type": "AC; OVERHEAD", "status": "NOT AVAILABLE", "naics_code": "221121", "naics_desc": "ELECTRIC BULK POWER TRANSMISSION AND CONTROL", "source": "Regional Map", "sourcedate": "2014-07-13 20:00:00-06:00", "val_method": "IMAGERY/OTHER", "val_date": "2014-07-13 20:00:00-06:00", "owner": "TRI-STATE G & T ASSN, INC", "voltage": 230.0, "volt_class": "220-287", "inferred": "N", "sub_1": "STORY", "sub_2": "NORTH YUMA", "shape_lengt": 95205.530093482404, "globalid": "4ea8b3d2-557e-4071-82a4-9fe76f1f89fc" }, "geometry": { "type": "MultiLineString", "coordinates": [ [ [ -103.589002921, 40.254822693000101 ], [ -103.588847495, 40.255625353 ], [ -103.5866484, 40.255594400000099 ], [ -103.5845352, 40.255514 ], [ -103.581944, 40.2554922 ], [ -103.5796547, 40.2554618 ], [ -103.5770236, 40.2554444 ], [ -103.5743641, 40.255418400000103 ], [ -103.571568, 40.2553923 ], [ -103.5686123, 40.2553619 ], [ -103.5659756, 40.2553445 ], [ -103.5635325, 40.2552836 ], [ -103.5607306, 40.2552575 ], [ -103.5579173, 40.2552141 ], [ -103.5549788, 40.255188 ], [ -103.552194, 40.2551837 ], [ -103.549785, 40.2551228 ], [ -103.5468863, 40.255092400000102 ], [ -103.5438737, 40.255048900000098 ], [ -103.5409238, 40.2549968000001 ], [ -103.5382643, 40.254970700000101 ], [ -103.5355509, 40.2549653 ], [ -103.5324142, 40.254915400000101 ], [ -103.5298191, 40.2548836 ], [ -103.5266646, 40.25482 ], [ -103.5238247, 40.254714900000103 ], [ -103.5223153, 40.2555943 ], [ -103.5200986, 40.2566993 ], [ -103.5181294, 40.2575943000001 ], [ -103.5157153, 40.2588152000001 ], [ -103.5135488, 40.259814500000097 ], [ -103.5115203, 40.2607956 ], [ -103.5089872, 40.262103700000097 ], [ -103.5066448, 40.2621026 ], [ -103.5039018, 40.262124200000102 ], [ -103.5008782, 40.2621364 ], [ -103.4985593, 40.2621255 ], [ -103.4960166, 40.2621836000001 ], [ -103.4933454, 40.262209 ], [ -103.4920026, 40.2622272 ], [ -103.490598, 40.2622236 ], [ -103.48826, 40.262252600000103 ], [ -103.4852841, 40.2622672 ], [ -103.4822417, 40.262251 ], [ -103.4792579, 40.262283 ], [ -103.4763904, 40.2622805 ], [ -103.4738142, 40.262291800000099 ], [ -103.4716662, 40.2623089 ], [ -103.4689036, 40.2623371 ], [ -103.4666886, 40.262346400000098 ], [ -103.4643154, 40.262346400000098 ], [ -103.4615467, 40.2623743 ], [ -103.4582972, 40.262397500000098 ], [ -103.4557354, 40.262411400000097 ], [ -103.4527172, 40.262397500000098 ], [ -103.4499302, 40.2624486 ], [ -103.4473683, 40.2624532 ], [ -103.4447639, 40.262467200000103 ], [ -103.4428167, 40.2624764 ], [ -103.439695, 40.2624764 ], [ -103.4370601, 40.2625043 ], [ -103.4342914, 40.2625229000001 ], [ -103.4312957, 40.2625436000001 ], [ -103.4285368, 40.2625563 ], [ -103.4261515, 40.262561 ], [ -103.4234192, 40.2625842 ], [ -103.4204193, 40.262602700000102 ], [ -103.4178331, 40.2626213 ], [ -103.4156916, 40.262609800000099 ], [ -103.4132327, 40.2625981 ], [ -103.4107257, 40.2626445000001 ], [ -103.40775, 40.262663100000097 ], [ -103.404598, 40.2626724 ], [ -103.4022795, 40.262691000000103 ], [ -103.3993891, 40.2627095 ], [ -103.3969855, 40.262704900000102 ], [ -103.3944175, 40.262728100000103 ], [ -103.3917766, 40.2627374 ], [ -103.3895607, 40.2627644 ], [ -103.3873133, 40.262747800000099 ], [ -103.3842571, 40.262782200000103 ], [ -103.3819444, 40.2627953 ], [ -103.3790764, 40.2627953 ], [ -103.3765557, 40.2628021 ], [ -103.3745535, 40.262814300000102 ], [ -103.3718037, 40.262833300000104 ], [ -103.3690539, 40.262847500000099 ], [ -103.3668951, 40.262847500000099 ], [ -103.3641702, 40.2628665 ], [ -103.3614515, 40.262890200000101 ], [ -103.3584716, 40.2628950000001 ], [ -103.3552365, 40.2629045 ], [ -103.353028, 40.262914000000102 ], [ -103.3508008, 40.262914000000102 ], [ -103.3483247, 40.2629709 ], [ -103.3463277, 40.262966200000101 ], [ -103.3440631, 40.2630137 ], [ -103.3412076, 40.2630374 ], [ -103.3382712, 40.2630754 ], [ -103.3356769, 40.2631039 ], [ -103.3330204, 40.2631229 ], [ -103.3305008, 40.263175100000097 ], [ -103.3277448, 40.2632036 ], [ -103.3248706, 40.263251 ], [ -103.3221332, 40.2632748 ], [ -103.3193648, 40.2632938 ], [ -103.3176477, 40.2633127 ], [ -103.315265, 40.263308 ], [ -103.312229, 40.2633792 ], [ -103.3097778, 40.263402900000102 ], [ -103.3070902, 40.2634362000001 ], [ -103.3040605, 40.263469400000098 ], [ -103.3029842, 40.263469400000098 ], [ -103.3000291, 40.263516900000099 ], [ -103.2976215, 40.2635501 ], [ -103.2952885, 40.2635501 ], [ -103.2931484, 40.263531100000101 ], [ -103.290268, 40.2635691 ], [ -103.2874435, 40.2635596000001 ], [ -103.2845382, 40.2635928 ], [ -103.2819066, 40.263564400000099 ], [ -103.2788768, 40.2636118 ], [ -103.2761324, 40.2636214 ], [ -103.2733026, 40.2636356 ], [ -103.2702025, 40.263654 ], [ -103.2675833, 40.2636350000001 ], [ -103.2649393, 40.263630200000101 ], [ -103.2623201, 40.263672900000103 ], [ -103.2601116, 40.263663500000099 ], [ -103.2566215, 40.2636682 ], [ -103.2539916, 40.263698700000099 ], [ -103.2511167, 40.2637084 ], [ -103.2486743, 40.2637182 ], [ -103.2467217, 40.263732700000098 ], [ -103.2435224, 40.263723 ], [ -103.2407556, 40.263723 ], [ -103.2381605, 40.2637279 ], [ -103.2350312, 40.263742400000098 ], [ -103.2326779, 40.2637521 ], [ -103.2303754, 40.263761800000097 ], [ -103.227386, 40.2637764 ], [ -103.2246446, 40.263791 ], [ -103.2220241, 40.2637958 ], [ -103.2195627, 40.2637958 ], [ -103.2167895, 40.263810400000096 ], [ -103.2142326, 40.263815200000103 ], [ -103.2108998, 40.2638249 ], [ -103.2083747, 40.2638055 ], [ -103.2058178, 40.2638492 ], [ -103.2033054, 40.263868600000102 ], [ -103.2003605, 40.263868600000102 ], [ -103.1977337, 40.2638638 ], [ -103.1949733, 40.2638735 ], [ -103.1919839, 40.263888000000101 ], [ -103.1893379, 40.263888000000101 ], [ -103.1865012, 40.2639026 ], [ -103.1838107, 40.2639026 ], [ -103.1811457, 40.2639171000001 ], [ -103.1785697, 40.2639026 ], [ -103.175504, 40.2638929 ], [ -103.1733987, 40.264485 ], [ -103.1704665, 40.264485 ], [ -103.1675662, 40.264504400000099 ], [ -103.1651301, 40.264519 ], [ -103.1623061, 40.264543200000098 ], [ -103.1593739, 40.264562700000099 ], [ -103.1567471, 40.2645821 ], [ -103.1540884, 40.2645869 ], [ -103.1513789, 40.2646306 ], [ -103.1486057, 40.2646306 ], [ -103.145292, 40.264669400000102 ], [ -103.1427335, 40.264670000000102 ], [ -103.1399634, 40.264684800000097 ], [ -103.1376159, 40.2646799 ], [ -103.1349563, 40.2648188000001 ], [ -103.1323877, 40.2649181 ], [ -103.1299102, 40.265012300000102 ], [ -103.127166, 40.265111600000097 ], [ -103.1248446, 40.2652009 ], [ -103.1220874, 40.2653249 ], [ -103.1190962, 40.2654391 ], [ -103.116287, 40.2655582 ], [ -103.1134778, 40.265657400000102 ], [ -103.1107727, 40.2657566 ], [ -103.1084317, 40.2658757 ], [ -103.1057721, 40.2659452 ], [ -103.1033011, 40.2660494 ], [ -103.1007325, 40.2661437 ], [ -103.0990678, 40.266213100000101 ], [ -103.0963822, 40.2663173 ], [ -103.093612, 40.266426500000101 ], [ -103.0909878, 40.266532 ], [ -103.0884343, 40.2666319000001 ], [ -103.0859207, 40.2667309 ], [ -103.083248, 40.2668252 ], [ -103.0806275, 40.266964100000102 ], [ -103.0779158, 40.266909500000097 ], [ -103.0752042, 40.266909500000097 ], [ -103.072369, 40.2668897 ], [ -103.0697744, 40.266879700000104 ], [ -103.0670303, 40.266909500000097 ], [ -103.0643576, 40.2668847 ], [ -103.061568, 40.266845000000103 ], [ -103.0587913, 40.26685 ], [ -103.055657, 40.2668301 ], [ -103.053121, 40.266815200000103 ], [ -103.0505134, 40.2667954 ], [ -103.0476977, 40.2667408 ], [ -103.0449926, 40.2667656 ], [ -103.0420143, 40.2667259 ], [ -103.0393092, 40.266721000000103 ], [ -103.0366301, 40.266716 ], [ -103.0339379, 40.2667259 ], [ -103.0312198, 40.2667011 ], [ -103.0285212, 40.266711 ], [ -103.0258225, 40.2666912 ], [ -103.0230459, 40.2666713 ], [ -103.0203472, 40.266666400000098 ], [ -103.0176681, 40.266656500000103 ], [ -103.0150085, 40.2666465 ], [ -103.0123814, 40.266641600000099 ], [ -103.009741, 40.2666334 ], [ -103.0069693, 40.266608 ], [ -103.0045346, 40.266603200000098 ], [ -103.0018327, 40.2666064000001 ], [ -102.999016, 40.2665869 ], [ -102.9965908, 40.266574 ], [ -102.9938336, 40.2665512 ], [ -102.991285, 40.266541500000102 ], [ -102.988647, 40.2665447 ], [ -102.9859579, 40.2665480000001 ], [ -102.9841709, 40.266525300000097 ], [ -102.981435, 40.266505800000097 ], [ -102.9786524, 40.2665123 ], [ -102.975891, 40.266541500000102 ], [ -102.9731934, 40.266499300000099 ], [ -102.9704958, 40.2664895 ], [ -102.9677046, 40.2664928 ], [ -102.9656283, 40.2664928 ], [ -102.9628116, 40.2664733 ], [ -102.9594885, 40.2664928 ], [ -102.9569824, 40.2664863 ], [ -102.9545646, 40.2664807 ], [ -102.9520649, 40.2664807 ], [ -102.9495718, 40.2664655 ], [ -102.9467065, 40.266455300000104 ], [ -102.9446019, 40.2659595000001 ], [ -102.9419094, 40.2659392 ], [ -102.9393565, 40.2659493 ], [ -102.9365642, 40.2659747000001 ], [ -102.9335726, 40.265984800000098 ], [ -102.9308601, 40.2659899000001 ], [ -102.9278618, 40.265984800000098 ], [ -102.9253953, 40.2660051 ], [ -102.9228956, 40.2659798 ], [ -102.9200834, 40.266 ], [ -102.9172446, 40.2659899000001 ], [ -102.9146252, 40.266 ], [ -102.9119393, 40.2660102 ], [ -102.9092468, 40.266035600000102 ], [ -102.9064745, 40.265929 ], [ -102.9037488, 40.2658631 ], [ -102.9007106, 40.265787 ], [ -102.8977056, 40.265721 ], [ -102.8949599, 40.2656449 ], [ -102.892161, 40.265579000000102 ], [ -102.8893491, 40.2654811 ], [ -102.8867578, 40.265442200000102 ], [ -102.8839626, 40.2653320000001 ], [ -102.8813288, 40.2652736000001 ], [ -102.878627, 40.2652023 ], [ -102.8759847, 40.265144 ], [ -102.8732806, 40.265040300000102 ], [ -102.8706026, 40.2650248 ], [ -102.8677819, 40.2649366 ], [ -102.8651651, 40.2648743 ], [ -102.8623104, 40.264801700000099 ], [ -102.8598771, 40.2647499 ], [ -102.8570292, 40.264677300000102 ], [ -102.8543988, 40.2645995 ], [ -102.8517955, 40.264537200000099 ], [ -102.8491515, 40.264464600000103 ], [ -102.8463852, 40.264392 ], [ -102.8438431, 40.2643142 ], [ -102.8403087, 40.2642312 ], [ -102.8375424, 40.264143 ], [ -102.8346537, 40.2640808 ], [ -102.8323496, 40.264013400000103 ], [ -102.8295356, 40.2639511 ], [ -102.8268509, 40.2638837000001 ], [ -102.8242952, 40.2638007 ], [ -102.8199452, 40.2636555 ], [ -102.8175051, 40.2636244 ], [ -102.8148951, 40.2635466 ], [ -102.8123598, 40.2634844 ], [ -102.8096411, 40.2634325000001 ], [ -102.8070175, 40.2633651 ], [ -102.8044006, 40.2632769 ], [ -102.8016683, 40.2632198 ], [ -102.7988272, 40.263126500000098 ], [ -102.796088, 40.2630539 ], [ -102.7934508, 40.2629709 ], [ -102.7907049, 40.262908600000102 ], [ -102.7880269, 40.262919000000103 ], [ -102.7854101, 40.262929400000097 ], [ -102.7827661, 40.262976100000103 ], [ -102.7801356, 40.2629864 ], [ -102.7774305, 40.2629864 ], [ -102.7748409, 40.263007200000096 ], [ -102.7720528, 40.2629689 ], [ -102.7696678, 40.2629811 ], [ -102.7670334, 40.2629966000001 ], [ -102.7648418, 40.2629743 ], [ -102.7623726, 40.2630063 ], [ -102.7591583, 40.2630231 ], [ -102.756217, 40.2629472 ], [ -102.7534605, 40.2630014000001 ], [ -102.7508248, 40.262996 ], [ -102.7481038, 40.262996 ], [ -102.7454538, 40.262985200000102 ], [ -102.742864, 40.263002700000101 ], [ -102.7400121, 40.263018900000098 ], [ -102.738331823, 40.262754348 ], [ -102.738062026, 40.262853273000097 ] ] ] } },
{ "type": "Feature", "properties": { "objectid": "80059", "id": "209791", "type": "AC; OVERHEAD", "status": "NOT AVAILABLE", "naics_code": "221121", "naics_desc": "ELECTRIC BULK POWER TRANSMISSION AND CONTROL", "source": "IMAGERY", "sourcedate": "2018-04-10 20:00:00-06:00", "val_method": "IMAGERY", "val_date": "2018-04-10 20:00:00-06:00", "owner": "TRI-STATE G & T ASSN, INC", "voltage": 69.0, "volt_class": "UNDER 100", "inferred": "Y", "sub_1": "UNKNOWN208111", "sub_2": "STRATTON", "shape_lengt": 27107.132717013101, "globalid": "acba565a-8f60-4e59-a588-f5e0699248a2" }, "geometry": { "type": "MultiLineString", "coordinates": [ [ [ -102.616993268, 39.127424633 ], [ -102.614068, 39.127233 ], [ -102.614037, 39.129100000000101 ], [ -102.61400653, 39.139238839 ], [ -102.613962, 39.148964 ], [ -102.613951, 39.161337000000103 ], [ -102.614018, 39.173292 ], [ -102.614037, 39.209813000000104 ], [ -102.613919, 39.272377 ], [ -102.595513, 39.272506 ], [ -102.595438, 39.281589 ], [ -102.595283999, 39.2972571990001 ], [ -102.59517, 39.299492 ] ] ] } },
{ "type": "Feature", "properties": { "objectid": "70009", "id": "201768", "type": "AC; OVERHEAD", "status": "NOT AVAILABLE", "naics_code": "221121", "naics_desc": "ELECTRIC BULK POWER TRANSMISSION AND CONTROL", "source": "IMAGERY", "sourcedate": "2014-06-30 20:00:00-06:00", "val_method": "IMAGERY", "val_date": "2014-06-30 20:00:00-06:00", "owner": "TRI-STATE G & T ASSN, INC", "voltage": 115.0, "volt_class": "100-161", "inferred": "Y", "sub_1": "CASCADE", "sub_2": "TAP203985", "shape_lengt": 32680.507539373699, "globalid": "8e87a8e3-3f3a-4519-a1f9-fd44a62d6791" }, "geometry": { "type": "MultiLineString", "coordinates": [ [ [ -107.803732647, 37.633193851 ], [ -107.803240312, 37.634078934000101 ], [ -107.802679388, 37.635317444000101 ], [ -107.801548032, 37.638114367000099 ], [ -107.801818987, 37.639322695 ], [ -107.802993125, 37.6409224760001 ], [ -107.803373413, 37.643007787 ], [ -107.803511266, 37.643613796000103 ], [ -107.803558803, 37.644953773 ], [ -107.803535035, 37.64631631 ], [ -107.803054921, 37.648469216000102 ], [ -107.803016893, 37.648751499000099 ], [ -107.803116718, 37.649903198000104 ], [ -107.803525527, 37.651100045000099 ], [ -107.803729932, 37.652311925 ], [ -107.803715672, 37.652575375 ], [ -107.803349644, 37.653753360000103 ], [ -107.801909305, 37.658747358 ], [ -107.801652612, 37.659684400000103 ], [ -107.801329367, 37.663944221000101 ], [ -107.801143977, 37.666239606 ], [ -107.800293083, 37.669302517000098 ], [ -107.800687631, 37.670950568000102 ], [ -107.800782704, 37.671439708 ], [ -107.801210527, 37.673354849000098 ], [ -107.801490989, 37.674461018 ], [ -107.801700147, 37.675401624000102 ], [ -107.796832467, 37.678667319 ], [ -107.793785413, 37.681699621000099 ], [ -107.792031336, 37.682790617000101 ], [ -107.791185196, 37.683689736000098 ], [ -107.78621769, 37.689103033 ], [ -107.781074301, 37.694275202 ], [ -107.778887647, 37.696449286000103 ], [ -107.776453806, 37.698856502000098 ], [ -107.768947881, 37.6988414570001 ], [ -107.766523548, 37.6998456950001 ], [ -107.76541596, 37.702042182000099 ], [ -107.764227562, 37.703159206000102 ], [ -107.763143742, 37.704058079 ], [ -107.761142478, 37.705457139 ], [ -107.758271307, 37.707333793 ], [ -107.754739387, 37.707777564 ], [ -107.752856964, 37.708811767 ], [ -107.753598524, 37.7110117490001 ], [ -107.754268781, 37.713204145000098 ], [ -107.752704848, 37.715749949 ], [ -107.749130145, 37.715471683 ], [ -107.745726572, 37.716464414 ], [ -107.744433594, 37.717020939000101 ], [ -107.739214147, 37.719352284 ], [ -107.737431549, 37.720160717 ], [ -107.736960943, 37.722977003 ], [ -107.736262164, 37.724078671 ], [ -107.735734515, 37.724950971 ], [ -107.735682226, 37.726906088000099 ], [ -107.733020213, 37.729425104 ], [ -107.727477522, 37.734297467 ], [ -107.726001973, 37.7347886680001 ], [ -107.718574159, 37.737349167 ], [ -107.7163464, 37.738117600000102 ], [ -107.708482717, 37.737615592000097 ], [ -107.706893, 37.737507100000101 ], [ -107.7025452, 37.738511500000101 ], [ -107.7019988, 37.745056400000102 ], [ -107.6989856, 37.7479262 ], [ -107.698078, 37.7483915 ], [ -107.6944426, 37.7497639 ], [ -107.6887035, 37.7558089 ], [ -107.6820222, 37.7666414 ], [ -107.6778825, 37.7701745 ], [ -107.675640761, 37.772346123 ], [ -107.674232509, 37.772177036000102 ], [ -107.672794547, 37.773637746000098 ], [ -107.672022088, 37.774257717000097 ], [ -107.671885422, 37.778991871000102 ], [ -107.671160498, 37.781433974 ], [ -107.670916877, 37.784251686000097 ], [ -107.670940645, 37.78729939 ], [ -107.670673256, 37.790924538000098 ], [ -107.670572241, 37.793215991000103 ], [ -107.670370214, 37.795037832 ], [ -107.671338758, 37.798014663000103 ], [ -107.671635858, 37.799390350000103 ], [ -107.671713104, 37.800601685000103 ], [ -107.670429634, 37.80198202 ], [ -107.667933997, 37.804681578 ] ] ] } },
{ "type": "Feature", "properties": { "objectid": "69964", "id": "201723", "type": "AC; OVERHEAD", "status": "NOT AVAILABLE", "naics_code": "221121", "naics_desc": "ELECTRIC BULK POWER TRANSMISSION AND CONTROL", "source": "Regional Map", "sourcedate": "2014-07-08 20:00:00-06:00", "val_method": "IMAGERY/OTHER", "val_date": "2014-07-08 20:00:00-06:00", "owner": "TRI-STATE G & T ASSN, INC", "voltage": 115.0, "volt_class": "100-161", "inferred": "N", "sub_1": "SAGEBRUSH", "sub_2": "HELL CREEK", "shape_lengt": 31041.5427216875, "globalid": "b7ecdea7-76d4-42d3-8673-fdac212ee065" }, "geometry": { "type": "MultiLineString", "coordinates": [ [ [ -102.869298, 39.534828 ], [ -102.8692307, 39.535002290000101 ], [ -102.868303749, 39.535020621000101 ], [ -102.859771046, 39.534951881 ], [ -102.845932145, 39.534837313 ], [ -102.83038789, 39.534690667000099 ], [ -102.823238484, 39.534822649 ], [ -102.803368459, 39.535467889000103 ], [ -102.798177533, 39.535643862 ], [ -102.781967776, 39.535526547000103 ], [ -102.762497053, 39.535379902 ], [ -102.740820662, 39.535247921000099 ], [ -102.718954127, 39.534903304000103 ], [ -102.703191207, 39.534426703000101 ], [ -102.694263957, 39.534829981 ], [ -102.686021224, 39.535291915000101 ], [ -102.683549355, 39.535027954 ], [ -102.670457955, 39.533715462 ], [ -102.667139946, 39.533385502 ], [ -102.649047766, 39.534390042 ], [ -102.648448812, 39.533957432000101 ], [ -102.629672114, 39.534250727 ], [ -102.608889398, 39.534126077000103 ], [ -102.59180498, 39.5340600850001 ], [ -102.591821617, 39.534435869 ], [ -102.591882, 39.53457 ] ] ] } },
{ "type": "Feature", "properties": { "objectid": "70030", "id": "201789", "type": "AC; OVERHEAD", "status": "NOT AVAILABLE", "naics_code": "221121", "naics_desc": "ELECTRIC BULK POWER TRANSMISSION AND CONTROL", "source": "Regional Map", "sourcedate": "2014-07-02 20:00:00-06:00", "val_method": "IMAGERY/OTHER", "val_date": "2014-07-02 20:00:00-06:00", "owner": "TRI-STATE G & T ASSN, INC", "voltage": 115.0, "volt_class": "100-161", "inferred": "N", "sub_1": "UNKNOWN203922", "sub_2": "SKITO", "shape_lengt": 30434.713290021598, "globalid": "6e950454-5c33-4d1a-a928-55aac02280fb" }, "geometry": { "type": "MultiLineString", "coordinates": [ [ [ -106.871227845, 38.734550311000099 ], [ -106.870164228, 38.734490055 ], [ -106.868525178, 38.734425053000102 ], [ -106.867476448, 38.7289954190001 ], [ -106.866218745, 38.722085518 ], [ -106.864964984, 38.715029361000099 ], [ -106.86372905, 38.708074516000103 ], [ -106.863509196, 38.707425362 ], [ -106.862463405, 38.701016975000101 ], [ -106.861993988, 38.699083217000101 ], [ -106.861185877, 38.693949463 ], [ -106.861108631, 38.693513518 ], [ -106.864691653, 38.6874656580001 ], [ -106.86882728, 38.68042 ], [ -106.872891603, 38.673545292 ], [ -106.87705694, 38.666479705 ], [ -106.87830476, 38.664331592 ], [ -106.883884291, 38.659390221000102 ], [ -106.884258636, 38.659056144 ], [ -106.89142468, 38.652657346000098 ], [ -106.892785396, 38.651506522 ], [ -106.899434487, 38.645585057000098 ], [ -106.900694189, 38.644373788 ], [ -106.906166766, 38.639519224 ], [ -106.914010196, 38.632427072 ], [ -106.921829859, 38.625385281 ], [ -106.929156337, 38.618848841 ], [ -106.936601655, 38.612195731 ], [ -106.943672626, 38.605927407 ], [ -106.946180147, 38.603666033 ], [ -106.947124925, 38.59892481 ], [ -106.948652016, 38.59194475 ], [ -106.950220703, 38.5848850510001 ], [ -106.951706201, 38.577815368000103 ], [ -106.952377646, 38.574758745000103 ], [ -106.952520255, 38.5737321 ], [ -106.9538865, 38.571129823 ], [ -106.954801966, 38.569208978000098 ], [ -106.957018343, 38.56477504 ], [ -106.958735579, 38.561415854000103 ], [ -106.957386747, 38.55769873 ], [ -106.9548614, 38.550635665000101 ], [ -106.954035463, 38.548321431 ], [ -106.95399981, 38.548237783 ], [ -106.953838, 38.548185 ] ] ] } },
{ "type": "Feature", "properties": { "objectid": "74397", "id": "206676", "type": "AC; OVERHEAD", "status": "NOT AVAILABLE", "naics_code": "221121", "naics_desc": "ELECTRIC BULK POWER TRANSMISSION AND CONTROL", "source": "Regional Map", "sourcedate": "2016-01-06 18:00:00-07:00", "val_method": "IMAGERY", "val_date": "2016-01-06 18:00:00-07:00", "owner": "TRI-STATE G & T ASSN, INC", "voltage": 230.0, "volt_class": "220-287", "inferred": "N", "sub_1": "NOT AVAILABLE", "sub_2": "CRAIG", "shape_lengt": 1403.1432014709001, "globalid": "dae9d27d-ad10-45c6-aacb-5678d2b710a1" }, "geometry": { "type": "MultiLineString", "coordinates": [ [ [ -107.5909569, 40.463495784 ], [ -107.592452, 40.464863900000097 ], [ -107.5924686, 40.466161800000101 ], [ -107.592617, 40.467633 ], [ -107.5926335, 40.4693331 ], [ -107.5926748, 40.470923400000103 ], [ -107.592711855, 40.471617554 ], [ -107.591734929, 40.472360787000099 ] ] ] } },
{ "type": "Feature", "properties": { "objectid": "70017", "id": "201776", "type": "AC; OVERHEAD", "status": "NOT AVAILABLE", "naics_code": "221121", "naics_desc": "ELECTRIC BULK POWER TRANSMISSION AND CONTROL", "source": "Regional Map", "sourcedate": "2014-06-30 20:00:00-06:00", "val_method": "IMAGERY/OTHER", "val_date": "2014-06-30 20:00:00-06:00", "owner": "TRI-STATE G & T ASSN, INC", "voltage": 115.0, "volt_class": "100-161", "inferred": "N", "sub_1": "UNKNOWN203905", "sub_2": "UNKNOWN201518", "shape_lengt": 40859.591130576096, "globalid": "b467fb1d-b764-4148-a3aa-596e5c7ff842" }, "geometry": { "type": "MultiLineString", "coordinates": [ [ [ -108.297216824, 38.114223467000102 ], [ -108.297501506, 38.114230163000101 ], [ -108.297531216, 38.116109509000097 ], [ -108.303211761, 38.116132884000102 ], [ -108.306759131, 38.116156258 ], [ -108.306913623, 38.124486506 ], [ -108.306901739, 38.127506103 ], [ -108.306973043, 38.132353089 ], [ -108.307019391, 38.138032581000097 ], [ -108.312014229, 38.141764765 ], [ -108.311999969, 38.143797617000097 ], [ -108.312074838, 38.144840658000099 ], [ -108.314869952, 38.144649996 ], [ -108.320902263, 38.144394844 ], [ -108.320880872, 38.144703269 ], [ -108.322870251, 38.145252824000103 ], [ -108.322859556, 38.146374351000098 ], [ -108.325604757, 38.148880902 ], [ -108.329448038, 38.152396657000097 ], [ -108.335505305, 38.152562067000098 ], [ -108.341373618, 38.152719066 ], [ -108.349078006, 38.152926528000101 ], [ -108.355181622, 38.153086331000097 ], [ -108.362839663, 38.153293792000099 ], [ -108.371638566, 38.153548913000101 ], [ -108.375103937, 38.153644232 ], [ -108.375745672, 38.152800369 ], [ -108.380498078, 38.152859243000101 ], [ -108.382690674, 38.152859243000101 ], [ -108.38362832, 38.153248936000097 ], [ -108.395967463, 38.15326015 ], [ -108.403479331, 38.153389111 ], [ -108.410231812, 38.153512467 ], [ -108.417394291, 38.153464807 ], [ -108.427765445, 38.153512467 ], [ -108.435901223, 38.153554519000103 ], [ -108.446090552, 38.153498449 ], [ -108.455178237, 38.153512467 ], [ -108.461577764, 38.153560127 ], [ -108.469000502, 38.153579751 ], [ -108.481599904, 38.153509663000101 ], [ -108.484783624, 38.153453593000101 ], [ -108.489846202, 38.153464807 ], [ -108.49590347, 38.153445183 ], [ -108.5060108, 38.1534592 ], [ -108.509208781, 38.153478825 ], [ -108.50918739, 38.155718805 ], [ -108.509087564, 38.162564476 ], [ -108.509158868, 38.167795011000102 ], [ -108.509076869, 38.1719404890001 ], [ -108.509069738, 38.173190534000099 ], [ -108.509237303, 38.189282234000103 ], [ -108.510050168, 38.189786618 ], [ -108.513447799, 38.192280469 ], [ -108.512720499, 38.194889112000098 ], [ -108.511921895, 38.197293129000101 ], [ -108.511002074, 38.2001033190001 ], [ -108.509657995, 38.204748438 ], [ -108.509575996, 38.206457364000102 ], [ -108.509351389, 38.209824672 ], [ -108.509404866, 38.215211479000097 ], [ -108.50929078, 38.219578339000101 ], [ -108.509401302, 38.222608936 ], [ -108.509387041, 38.22625837 ], [ -108.509543909, 38.228879799 ], [ -108.508353134, 38.231652362 ], [ -108.507814789, 38.2329237860001 ], [ -108.507144533, 38.232822968 ], [ -108.506328102, 38.235088513 ], [ -108.504884198, 38.236701516 ], [ -108.506400752, 38.238390867000099 ], [ -108.506775453, 38.238764659 ] ] ] } },
{ "type": "Feature", "properties": { "objectid": "70266", "id": "202027", "type": "AC; OVERHEAD", "status": "NOT AVAILABLE", "naics_code": "221121", "naics_desc": "ELECTRIC BULK POWER TRANSMISSION AND CONTROL", "source": "IMAGERY", "sourcedate": "2014-06-29 20:00:00-06:00", "val_method": "IMAGERY", "val_date": "2014-06-29 20:00:00-06:00", "owner": "TRI-STATE G & T ASSN, INC", "voltage": 115.0, "volt_class": "100-161", "inferred": "N", "sub_1": "LUDLOW", "sub_2": "TAP204043", "shape_lengt": 33639.500381206002, "globalid": "c9b0a6b8-3d40-4f40-a8cf-5a63d59a71a4" }, "geometry": { "type": "MultiLineString", "coordinates": [ [ [ -104.584348, 37.368478 ], [ -104.580746759, 37.36845642 ], [ -104.570487017, 37.3683667110001 ], [ -104.560106335, 37.368280205000097 ], [ -104.55222508, 37.368203312 ], [ -104.546927909, 37.368164865 ], [ -104.539445756, 37.368103990000101 ], [ -104.531854756, 37.368039912 ], [ -104.523937219, 37.36797263 ], [ -104.513177592, 37.367879716000097 ], [ -104.499733098, 37.367773987000099 ], [ -104.489553983, 37.367674665 ], [ -104.479326492, 37.367572139000103 ], [ -104.471501676, 37.367517672000098 ], [ -104.46116937, 37.36741835 ], [ -104.453594496, 37.36732864 ], [ -104.440403976, 37.367053100000099 ], [ -104.432708162, 37.366892902000103 ], [ -104.42516957, 37.366735908000102 ], [ -104.417473756, 37.366569301 ], [ -104.408524197, 37.366502017000101 ], [ -104.400308341, 37.366386674000097 ], [ -104.39228599, 37.366271330000103 ], [ -104.379063218, 37.366095111 ], [ -104.368214902, 37.365934911000103 ], [ -104.360063548, 37.365816362 ], [ -104.348296088, 37.3656561620001 ], [ -104.340584149, 37.365668978 ], [ -104.329610861, 37.365704222 ], [ -104.320854807, 37.365739466 ], [ -104.309821049, 37.365768302 ], [ -104.300254697, 37.365797138000097 ], [ -104.287088365, 37.365835586 ], [ -104.282190295, 37.365848402 ] ] ] } },
{ "type": "Feature", "properties": { "objectid": "70010", "id": "201769", "type": "AC; OVERHEAD", "status": "NOT AVAILABLE", "naics_code": "221121", "naics_desc": "ELECTRIC BULK POWER TRANSMISSION AND CONTROL", "source": "IMAGERY", "sourcedate": "2014-06-30 20:00:00-06:00", "val_method": "IMAGERY", "val_date": "2014-06-30 20:00:00-06:00", "owner": "TRI-STATE G & T ASSN, INC", "voltage": 115.0, "volt_class": "100-161", "inferred": "Y", "sub_1": "BURRO BRIDGE", "sub_2": "TAP203985", "shape_lengt": 9572.2077013638009, "globalid": "35324700-9d55-4876-85b7-5b2b3a66068e" }, "geometry": { "type": "MultiLineString", "coordinates": [ [ [ -107.726458, 37.846042 ], [ -107.726384512, 37.845880728 ], [ -107.725596603, 37.844368893000102 ], [ -107.724947738, 37.843130123 ], [ -107.724879999, 37.840568053 ], [ -107.724680348, 37.836671285000101 ], [ -107.723172271, 37.832396992 ], [ -107.721528715, 37.828426577000101 ], [ -107.721464542, 37.828237907000101 ], [ -107.719945768, 37.826052674 ], [ -107.719143599, 37.825224746000103 ], [ -107.718081171, 37.824568593 ], [ -107.715560578, 37.822985917 ], [ -107.711760079, 37.821825641 ], [ -107.707553147, 37.820713224 ], [ -107.706201938, 37.820366823 ], [ -107.701549357, 37.818733362000103 ], [ -107.7003158, 37.818305276 ], [ -107.698797026, 37.817513875 ], [ -107.696037564, 37.816009908000098 ], [ -107.694055316, 37.814903036 ], [ -107.691762894, 37.813235656000103 ], [ -107.688914303, 37.812258306 ], [ -107.686810838, 37.811407691 ], [ -107.684393635, 37.810531716000099 ], [ -107.679060102, 37.809362794 ], [ -107.674710562, 37.808638899000101 ], [ -107.672985007, 37.807669938000103 ], [ -107.671291539, 37.80666153 ], [ -107.669312856, 37.805534799 ], [ -107.667933997, 37.804681578 ] ] ] } },
{ "type": "Feature", "properties": { "objectid": "70194", "id": "201954", "type": "AC; OVERHEAD", "status": "NOT AVAILABLE", "naics_code": "221121", "naics_desc": "ELECTRIC BULK POWER TRANSMISSION AND CONTROL", "source": "Regional Map", "sourcedate": "2015-07-08 20:00:00-06:00", "val_method": "IMAGERY/OTHER", "val_date": "2015-07-08 20:00:00-06:00", "owner": "TRI-STATE G & T ASSN, INC", "voltage": 230.0, "volt_class": "220-287", "inferred": "N", "sub_1": "MCBRYDE", "sub_2": "UNKNOWN203883", "shape_lengt": 16705.1146568517, "globalid": "e665fd25-6f93-47a4-816b-5d0c93715e8b" }, "geometry": { "type": "MultiLineString", "coordinates": [ [ [ -108.330964041, 39.949971372 ], [ -108.331109967, 39.9503801460001 ], [ -108.331756456, 39.950766421 ], [ -108.33255506, 39.951159981 ], [ -108.33473696, 39.947749048 ], [ -108.335844548, 39.946156493 ], [ -108.338378214, 39.945580685 ], [ -108.348227661, 39.943230030000102 ], [ -108.356194686, 39.9413494470001 ], [ -108.358457396, 39.94081369 ], [ -108.360705847, 39.940248772000103 ], [ -108.364000088, 39.939301157 ], [ -108.372908324, 39.936917481000101 ], [ -108.381992443, 39.934504563000097 ], [ -108.389640977, 39.932437842000098 ], [ -108.393358288, 39.931446378 ], [ -108.399271759, 39.931151122000102 ], [ -108.40831785, 39.930688189000101 ], [ -108.416484526, 39.930283575 ], [ -108.421043222, 39.930072155000097 ], [ -108.423638685, 39.930713705000102 ], [ -108.426728522, 39.931479184000104 ], [ -108.429480853, 39.932160817000103 ], [ -108.434034796, 39.933290783000103 ], [ -108.438854942, 39.932324845 ], [ -108.443637057, 39.931398991 ], [ -108.448585549, 39.929379564 ], [ -108.453657635, 39.9272762350001 ], [ -108.458796271, 39.925205651 ], [ -108.463982442, 39.923054802 ], [ -108.466440051, 39.922121531000101 ], [ -108.468027751, 39.921417924 ], [ -108.467927926, 39.920783577000101 ] ] ] } },
{ "type": "Feature", "properties": { "objectid": "69944", "id": "201703", "type": "AC; OVERHEAD", "status": "NOT AVAILABLE", "naics_code": "221121", "naics_desc": "ELECTRIC BULK POWER TRANSMISSION AND CONTROL", "source": "Regional Map", "sourcedate": "2014-07-13 20:00:00-06:00", "val_method": "IMAGERY/OTHER", "val_date": "2014-07-13 20:00:00-06:00", "owner": "TRI-STATE G & T ASSN, INC", "voltage": 115.0, "volt_class": "100-161", "inferred": "N", "sub_1": "NORTH YUMA", "sub_2": "YUMA", "shape_lengt": 17933.1818947885, "globalid": "fedb1ea4-e0f6-4eb6-9ddb-643e703115c4" }, "geometry": { "type": "MultiLineString", "coordinates": [ [ [ -102.738062026, 40.262853273000097 ], [ -102.737821032, 40.262274477 ], [ -102.737407769, 40.262272871 ], [ -102.737407769, 40.26140228 ], [ -102.737476696, 40.253924711 ], [ -102.737462435, 40.245951959 ], [ -102.737384002, 40.238838274 ], [ -102.737298436, 40.231272020000098 ], [ -102.737277046, 40.223236713000098 ], [ -102.737341219, 40.215848398 ], [ -102.737248524, 40.20789839 ], [ -102.737241393, 40.199800402 ], [ -102.737277046, 40.191783149000102 ], [ -102.737234263, 40.1845003540001 ], [ -102.737269915, 40.17704244 ], [ -102.737398262, 40.169970556000102 ], [ -102.73754087, 40.1634755420001 ], [ -102.73717722, 40.162609130000099 ], [ -102.737269915, 40.155317753000098 ], [ -102.737412523, 40.147322496000101 ], [ -102.737433914, 40.140890726000102 ], [ -102.737348349, 40.140574572 ], [ -102.737073516, 40.140274238000103 ] ] ] } },
{ "type": "Feature", "properties": { "objectid": "70076", "id": "201835", "type": "AC; OVERHEAD", "status": "NOT AVAILABLE", "naics_code": "221121", "naics_desc": "ELECTRIC BULK POWER TRANSMISSION AND CONTROL", "source": "Regional Map", "sourcedate": "2014-07-08 20:00:00-06:00", "val_method": "IMAGERY/OTHER", "val_date": "2014-07-08 20:00:00-06:00", "owner": "TRI-STATE G & T ASSN, INC", "voltage": 115.0, "volt_class": "100-161", "inferred": "N", "sub_1": "TAP203991", "sub_2": "STEM BEACH", "shape_lengt": 26032.022963602001, "globalid": "dc9d0a68-4cd6-437a-90c1-7435da209875" }, "geometry": { "type": "MultiLineString", "coordinates": [ [ [ -104.691706305, 38.285589084 ], [ -104.69167303, 38.281648778 ], [ -104.691668277, 38.277775427000101 ], [ -104.693503164, 38.276383508 ], [ -104.699245506, 38.272054581000098 ], [ -104.701294306, 38.2704946100001 ], [ -104.703409656, 38.268893554 ], [ -104.712750468, 38.263414614000098 ], [ -104.714580602, 38.262257564 ], [ -104.716386968, 38.261294585 ], [ -104.716524823, 38.257278306 ], [ -104.716596126, 38.255180497 ], [ -104.716772009, 38.250600192 ], [ -104.716895603, 38.246736385000098 ], [ -104.717109515, 38.241565655 ], [ -104.717275891, 38.237454943 ], [ -104.71744702, 38.233045283 ], [ -104.717613396, 38.229374719000099 ], [ -104.717537338, 38.22547244 ], [ -104.717480295, 38.223224334000101 ], [ -104.717451774, 38.221039646000101 ], [ -104.717404237, 38.218425404000101 ], [ -104.717375716, 38.215893233 ], [ -104.717332934, 38.214627115 ], [ -104.71744702, 38.210044255000099 ], [ -104.717532585, 38.205479783 ], [ -104.717584874, 38.203204911 ], [ -104.717670439, 38.198654954000098 ], [ -104.71769896, 38.196518094 ], [ -104.71775125, 38.19445589 ], [ -104.71773699, 38.187809368 ], [ -104.717679947, 38.182141226000098 ], [ -104.717770265, 38.172922546 ], [ -104.717789279, 38.162226371 ], [ -104.717789279, 38.156238518000102 ], [ -104.714385705, 38.152881816 ], [ -104.705943322, 38.144597802000099 ], [ -104.69651219, 38.135288378 ], [ -104.686272947, 38.125282228 ], [ -104.683192618, 38.12225319 ], [ -104.682184856, 38.121280879 ], [ -104.681569, 38.120981 ] ] ] } },
{ "type": "Feature", "properties": { "objectid": "74519", "id": "206798", "type": "AC; OVERHEAD", "status": "NOT AVAILABLE", "naics_code": "221121", "naics_desc": "ELECTRIC BULK POWER TRANSMISSION AND CONTROL", "source": "IMAGERY", "sourcedate": "2016-01-17 18:00:00-07:00", "val_method": "IMAGERY", "val_date": "2016-01-17 18:00:00-07:00", "owner": "TRI-STATE G & T ASSN, INC", "voltage": 230.0, "volt_class": "220-287", "inferred": "Y", "sub_1": "NOT AVAILABLE", "sub_2": "LINCOLN", "shape_lengt": 260.71469701220002, "globalid": "b82e531a-4744-4664-a6e0-76be49a763e8" }, "geometry": { "type": "MultiLineString", "coordinates": [ [ [ -103.700249515, 39.203835188 ], [ -103.700876221, 39.2035236460001 ], [ -103.701132216, 39.2035236460001 ], [ -103.701371306, 39.203535722 ], [ -103.701371306, 39.203777227 ], [ -103.701791525, 39.203784472 ], [ -103.70199922, 39.203777227 ], [ -103.702134247, 39.203846564000102 ] ] ] } },
{ "type": "Feature", "properties": { "objectid": "68492", "id": "200193", "type": "AC; OVERHEAD", "status": "NOT AVAILABLE", "naics_code": "221121", "naics_desc": "ELECTRIC BULK POWER TRANSMISSION AND CONTROL", "source": "IMAGERY", "sourcedate": "2014-06-29 20:00:00-06:00", "val_method": "IMAGERY", "val_date": "2014-06-29 20:00:00-06:00", "owner": "TRI-STATE G & T ASSN, INC", "voltage": 230.0, "volt_class": "220-287", "inferred": "Y", "sub_1": "BEARS EARS", "sub_2": "CRAIG", "shape_lengt": 1422.7414771126, "globalid": "9238f8ca-f739-4d9c-bd34-79dc839daba4" }, "geometry": { "type": "MultiLineString", "coordinates": [ [ [ -107.593586486, 40.4802842510001 ], [ -107.592699975, 40.479304899000098 ], [ -107.592569251, 40.478861964 ], [ -107.592058239, 40.473537488 ], [ -107.59041825, 40.473257240000102 ], [ -107.590430134, 40.472949871 ], [ -107.591734929, 40.472360787000099 ] ] ] } },
{ "type": "Feature", "properties": { "objectid": "69984", "id": "201743", "type": "AC; OVERHEAD", "status": "NOT AVAILABLE", "naics_code": "221121", "naics_desc": "ELECTRIC BULK POWER TRANSMISSION AND CONTROL", "source": "Regional Map", "sourcedate": "2014-06-30 20:00:00-06:00", "val_method": "IMAGERY/OTHER", "val_date": "2014-06-30 20:00:00-06:00", "owner": "TRI-STATE G & T ASSN, INC", "voltage": 115.0, "volt_class": "100-161", "inferred": "N", "sub_1": "UNKNOWN201518", "sub_2": "CAHONE", "shape_lengt": 88683.516622008305, "globalid": "2428907f-6aae-4f95-8958-7bd755434234" }, "geometry": { "type": "MultiLineString", "coordinates": [ [ [ -108.506775453, 38.238764659 ], [ -108.505409907, 38.236602157 ], [ -108.506664559, 38.235167263 ], [ -108.506939079, 38.234464364000097 ], [ -108.508507766, 38.230353251000103 ], [ -108.508994622, 38.22943265 ], [ -108.508992632, 38.228420835000101 ], [ -108.508935589, 38.227454607 ], [ -108.508974806, 38.226250306000097 ], [ -108.508632548, 38.224819123 ], [ -108.508985502, 38.2224888370001 ], [ -108.508932024, 38.214769236000102 ], [ -108.508981937, 38.212169707 ], [ -108.508827445, 38.208569992 ], [ -108.508946284, 38.203765426000103 ], [ -108.508898748, 38.200001861 ], [ -108.508756141, 38.194958565 ], [ -108.508821503, 38.193305409000097 ], [ -108.508833387, 38.183838734000098 ], [ -108.508827048, 38.140649425 ], [ -108.510523488, 38.139607259000101 ], [ -108.544045242, 38.117449515 ], [ -108.544856325, 38.1164233800001 ], [ -108.578278016, 38.075200352 ], [ -108.579285778, 38.0739785660001 ], [ -108.579371342, 38.072449901 ], [ -108.579954, 38.066393 ], [ -108.592301, 38.05822 ], [ -108.624266904, 38.018247936000101 ], [ -108.625659707, 38.017390337 ], [ -108.767781, 37.931244 ], [ -108.769689582, 37.92880538 ], [ -108.772728792, 37.924765446 ], [ -108.773578497, 37.920298452000097 ], [ -108.774233305, 37.917122643 ], [ -108.774609844, 37.915721013000102 ], [ -108.775084199, 37.9126748750001 ], [ -108.775055676, 37.910293371000101 ], [ -108.774870287, 37.906284019000097 ], [ -108.774737186, 37.904930016 ], [ -108.768457687, 37.898981110000101 ], [ -108.765371416, 37.896011167 ], [ -108.735244322, 37.777675941 ], [ -108.734256, 37.775633 ], [ -108.732875, 37.768652 ], [ -108.732385036, 37.766606368000097 ], [ -108.735508147, 37.760512887000097 ], [ -108.736977008, 37.757389853000099 ], [ -108.738018045, 37.756014324 ], [ -108.739572471, 37.754142661000103 ], [ -108.741290895, 37.751476023000102 ], [ -108.742278, 37.748151 ], [ -108.741576111, 37.736945949000102 ], [ -108.741098374, 37.729840568 ], [ -108.740630145, 37.723516581000098 ], [ -108.740195191, 37.716900632 ], [ -108.738847547, 37.713685507 ], [ -108.738890329, 37.710678957 ], [ -108.739957511, 37.710618036 ], [ -108.741359, 37.710485 ] ] ] } },
{ "type": "Feature", "properties": { "objectid": "70207", "id": "201967", "type": "AC; OVERHEAD", "status": "NOT AVAILABLE", "naics_code": "221121", "naics_desc": "ELECTRIC BULK POWER TRANSMISSION AND CONTROL", "source": "IMAGERY", "sourcedate": "2014-07-09 20:00:00-06:00", "val_method": "IMAGERY", "val_date": "2014-07-09 20:00:00-06:00", "owner": "TRI-STATE G & T ASSN, INC", "voltage": 230.0, "volt_class": "220-287", "inferred": "N", "sub_1": "LAMAR", "sub_2": "LAMAR HVDC TIE", "shape_lengt": 930.70083568339999, "globalid": "7b66f5f0-3e2a-4844-a2b5-1c6067c52090" }, "geometry": { "type": "MultiLineString", "coordinates": [ [ [ -102.525020463, 38.20685201 ], [ -102.524936116, 38.207290352 ], [ -102.52500231, 38.207906299000101 ], [ -102.528235349, 38.207722884000098 ], [ -102.529911095, 38.207613383000101 ], [ -102.52995987, 38.206890667 ], [ -102.528818714, 38.206703459 ] ] ] } },
{ "type": "Feature", "properties": { "objectid": "69941", "id": "201700", "type": "AC; OVERHEAD", "status": "NOT AVAILABLE", "naics_code": "221121", "naics_desc": "ELECTRIC BULK POWER TRANSMISSION AND CONTROL", "source": "Regional Map", "sourcedate": "2014-07-13 20:00:00-06:00", "val_method": "IMAGERY/OTHER", "val_date": "2014-07-13 20:00:00-06:00", "owner": "TRI-STATE G & T ASSN, INC", "voltage": 230.0, "volt_class": "220-287", "inferred": "N", "sub_1": "NORTH YUMA", "sub_2": "WRAY", "shape_lengt": 64665.588914385698, "globalid": "6e4ec2ad-b6c1-4c8b-a3d9-1d3c16521e01" }, "geometry": { "type": "MultiLineString", "coordinates": [ [ [ -102.738062026, 40.262853273000097 ], [ -102.7375007, 40.2629935000001 ], [ -102.7349816, 40.262991800000101 ], [ -102.7326537, 40.2629984000001 ], [ -102.7303733, 40.262988500000098 ], [ -102.7280213, 40.2629455000001 ], [ -102.7248304, 40.263507800000099 ], [ -102.7216207, 40.263534 ], [ -102.7187233, 40.2635626000001 ], [ -102.7153732, 40.263593500000098 ], [ -102.7120074, 40.263622100000099 ], [ -102.7090027, 40.2636319000001 ], [ -102.7060214, 40.263595300000098 ], [ -102.7027962, 40.2635524 ], [ -102.7005701, 40.2635167 ], [ -102.6983283, 40.2634928 ], [ -102.6958711, 40.2630354 ], [ -102.6932204, 40.2630402 ], [ -102.6902886, 40.263037800000099 ], [ -102.6875098, 40.2630354 ], [ -102.6848123, 40.263044900000097 ], [ -102.6821084, 40.263044900000097 ], [ -102.6799291, 40.2630354 ], [ -102.6772815, 40.2630306 ], [ -102.6743747, 40.263025900000102 ], [ -102.6716958, 40.2630306 ], [ -102.668992, 40.2630329 ], [ -102.666792, 40.263018300000098 ], [ -102.6644508, 40.2630324 ], [ -102.6617524, 40.263004200000097 ], [ -102.6587828, 40.2630794 ], [ -102.6555668, 40.2631358 ], [ -102.6529172, 40.2631651 ], [ -102.6502468, 40.263215000000102 ], [ -102.6475371, 40.263261500000098 ], [ -102.6447468, 40.2633047 ], [ -102.6418759, 40.263357900000102 ], [ -102.6393449, 40.2633995 ], [ -102.6362496, 40.263439300000101 ], [ -102.6335901, 40.263487500000103 ], [ -102.6309697, 40.263535800000099 ], [ -102.6283515, 40.263577300000101 ], [ -102.6258596, 40.2636155000001 ], [ -102.6231085, 40.263670400000102 ], [ -102.6202704, 40.2637119 ], [ -102.6169029, 40.2637635 ], [ -102.6137118, 40.2638183 ], [ -102.612113, 40.2638283000001 ], [ -102.6104968, 40.2638715 ], [ -102.6072861, 40.2639131 ], [ -102.6047093, 40.2639629 ], [ -102.6022958, 40.264011100000097 ], [ -102.599719, 40.264011100000097 ], [ -102.5971749, 40.2640277 ], [ -102.5943389, 40.264051000000102 ], [ -102.5916357, 40.264069300000102 ], [ -102.5889217, 40.2640926 ], [ -102.5863035, 40.264107500000101 ], [ -102.5839924, 40.264115800000098 ], [ -102.5812, 40.264145800000101 ], [ -102.5784121, 40.2641523 ], [ -102.5756648, 40.264175700000102 ], [ -102.5731127, 40.264193200000101 ], [ -102.5703464, 40.264222400000101 ], [ -102.5676565, 40.264234100000103 ], [ -102.5656516, 40.264257400000098 ], [ -102.563, 40.2642749 ], [ -102.5602757, 40.264283700000099 ], [ -102.5577044, 40.264292500000103 ], [ -102.5548539, 40.264315800000098 ], [ -102.5522559, 40.264324600000101 ], [ -102.549501, 40.2643421000001 ], [ -102.5467766, 40.264359 ], [ -102.5441184, 40.2643864 ], [ -102.5414049, 40.264407500000097 ], [ -102.5386775, 40.2644244 ], [ -102.5358644, 40.264437100000102 ], [ -102.5333058, 40.2644497000001 ], [ -102.5308052, 40.264468700000101 ], [ -102.5283462, 40.264487700000103 ], [ -102.525226, 40.2645025 ], [ -102.5218044, 40.264523600000103 ], [ -102.5190576, 40.2645384 ], [ -102.5176939, 40.2645384 ], [ -102.5163358, 40.264551 ], [ -102.5133816, 40.2645806 ], [ -102.5110774, 40.264591100000104 ], [ -102.5090582, 40.264618600000098 ], [ -102.5074096, 40.263844 ], [ -102.5056172, 40.263039800000101 ], [ -102.50297, 40.2618282 ], [ -102.5010918, 40.260983800000098 ], [ -102.4983617, 40.2597342 ], [ -102.4959469, 40.258640800000101 ], [ -102.4935501, 40.257545 ], [ -102.4911796, 40.256467300000097 ], [ -102.4887933, 40.255374700000097 ], [ -102.4867865, 40.2544582 ], [ -102.4845059, 40.2534282 ], [ -102.4818068, 40.2522011 ], [ -102.4801168, 40.2514308 ], [ -102.4776113, 40.2502978 ], [ -102.4752646, 40.2492201 ], [ -102.4723409, 40.247909 ], [ -102.4700838, 40.246870300000097 ], [ -102.4670272, 40.2454747 ], [ -102.4645875, 40.2443684 ], [ -102.4620897, 40.2432219 ], [ -102.459816, 40.2421789 ], [ -102.4577414, 40.2412351 ], [ -102.4554871, 40.240215200000101 ], [ -102.453194, 40.239174300000101 ], [ -102.4510558, 40.2382072 ], [ -102.4486299, 40.2370965 ], [ -102.4463036, 40.2360344 ], [ -102.444265, 40.2351116 ], [ -102.4416566, 40.233916400000098 ], [ -102.4393082, 40.232845800000099 ], [ -102.437004, 40.2318279 ], [ -102.4356044, 40.2307446 ], [ -102.4338756, 40.2294437 ], [ -102.4320942, 40.2281069000001 ], [ -102.4306061, 40.226979200000102 ], [ -102.4289353, 40.2257247000001 ], [ -102.4265786, 40.223957 ], [ -102.4243409, 40.2222716 ], [ -102.4224798, 40.2208819 ], [ -102.4207193, 40.219545 ], [ -102.4186874, 40.2180269 ], [ -102.4166156, 40.216451200000101 ], [ -102.4140791, 40.2145565000001 ], [ -102.4121041, 40.213069400000101 ], [ -102.4102895, 40.211702700000103 ], [ -102.4078747, 40.209892400000101 ], [ -102.4056646, 40.2082215 ], [ -102.4033936, 40.2065209 ], [ -102.4014297, 40.2050147 ], [ -102.3989877, 40.2031982 ], [ -102.3971964, 40.2018685 ], [ -102.3956405, 40.200689800000099 ], [ -102.3936802, 40.199204700000102 ], [ -102.3920415, 40.1979882 ], [ -102.3904531, 40.1967973000001 ], [ -102.3887643, 40.1955169 ], [ -102.3871549, 40.194329100000097 ], [ -102.3847011, 40.192451500000097 ], [ -102.3829371, 40.1911391 ], [ -102.3806422, 40.189402 ], [ -102.3782846, 40.187652 ], [ -102.3762196, 40.186033000000101 ], [ -102.3746144, 40.184809900000097 ], [ -102.3727709, 40.183407900000098 ], [ -102.370848, 40.1819101 ], [ -102.3697654, 40.181098900000102 ], [ -102.3687245, 40.1802877000001 ], [ -102.3666093, 40.1786685000001 ], [ -102.3641639, 40.1768224 ], [ -102.3627719, 40.175755600000102 ], [ -102.3606192, 40.174088400000102 ], [ -102.3581194, 40.172168800000101 ], [ -102.3566605, 40.1710604 ], [ -102.3551682, 40.169920100000098 ], [ -102.353446, 40.1686072 ], [ -102.3514646, 40.1670835 ], [ -102.3497298, 40.1657355 ], [ -102.3483462, 40.1646813 ], [ -102.3466072, 40.1632342 ], [ -102.3449059, 40.161937200000096 ], [ -102.3431544, 40.1606754 ], [ -102.3413611, 40.159285700000098 ], [ -102.3396765, 40.1579854 ], [ -102.3375571, 40.1563657 ], [ -102.3357346, 40.1549535 ], [ -102.334305, 40.1538800000001 ], [ -102.3320811, 40.152167500000097 ], [ -102.3297444, 40.1503942000001 ], [ -102.3284067, 40.149368600000102 ], [ -102.3261202, 40.1476176 ], [ -102.3242684, 40.1461829 ], [ -102.3220069, 40.1444734 ], [ -102.3204519, 40.143271900000101 ], [ -102.3185624, 40.141859500000102 ], [ -102.3166688, 40.140363900000096 ], [ -102.3149716, 40.1390697000001 ], [ -102.3137928, 40.1381749 ], [ -102.3126349, 40.137270500000099 ], [ -102.3108166, 40.1358772 ], [ -102.3087892, 40.134320800000097 ], [ -102.3075351, 40.133349200000097 ], [ -102.3052945, 40.131649 ], [ -102.3035054, 40.130258700000098 ], [ -102.3019838, 40.129108100000103 ], [ -102.3001822, 40.1277209 ], [ -102.2984934, 40.1264424 ], [ -102.2961859, 40.1246589 ], [ -102.2945181, 40.1233804 ], [ -102.2928961, 40.1221018 ], [ -102.2913704, 40.1209542 ], [ -102.2893096, 40.119368700000102 ], [ -102.2872028, 40.1177608 ], [ -102.2853969, 40.1163671 ], [ -102.2830393, 40.114570500000099 ], [ -102.2816013, 40.113458 ], [ -102.2800045, 40.1122304 ], [ -102.2783784, 40.1109676 ], [ -102.2762925, 40.109356300000101 ], [ -102.2743111, 40.1078249 ], [ -102.2724509, 40.106376500000103 ], [ -102.2708792, 40.105193600000099 ], [ -102.2689939, 40.1037548 ], [ -102.2672884, 40.1024055 ], [ -102.265725, 40.1011681 ], [ -102.2639066, 40.099812400000097 ], [ -102.2619754, 40.0983319 ], [ -102.2600776, 40.096893000000101 ], [ -102.258023, 40.095259 ], [ -102.2563734, 40.0939114 ], [ -102.2563261, 40.092582100000101 ], [ -102.2570618, 40.090455500000097 ], [ -102.2576846, 40.0881753 ], [ -102.2580107, 40.0869216 ], [ -102.2583075, 40.085911000000102 ], [ -102.2589638, 40.085997400000103 ], [ -102.258901417, 40.085596442 ], [ -102.259372281, 40.085347055 ] ] ] } },
{ "type": "Feature", "properties": { "objectid": "70004", "id": "201763", "type": "AC; OVERHEAD", "status": "NOT AVAILABLE", "naics_code": "221121", "naics_desc": "ELECTRIC BULK POWER TRANSMISSION AND CONTROL", "source": "IMAGERY", "sourcedate": "2014-06-30 20:00:00-06:00", "val_method": "IMAGERY", "val_date": "2014-06-30 20:00:00-06:00", "owner": "TRI-STATE G & T ASSN, INC", "voltage": 115.0, "volt_class": "100-161", "inferred": "Y", "sub_1": "ROCKWOOD", "sub_2": "TAP203984", "shape_lengt": 582.34016340580001, "globalid": "6009cb8e-a167-416e-8ffc-20800e3dea93" }, "geometry": { "type": "MultiLineString", "coordinates": [ [ [ -107.807959, 37.4923420000001 ], [ -107.806944291, 37.492321707 ], [ -107.806939538, 37.491427816 ], [ -107.805965051, 37.4905565460001 ], [ -107.8047517, 37.49141 ] ] ] } },
{ "type": "Feature", "properties": { "objectid": "70020", "id": "201779", "type": "AC; OVERHEAD", "status": "NOT AVAILABLE", "naics_code": "221121", "naics_desc": "ELECTRIC BULK POWER TRANSMISSION AND CONTROL", "source": "Regional Map", "sourcedate": "2014-06-30 20:00:00-06:00", "val_method": "IMAGERY/OTHER", "val_date": "2014-06-30 20:00:00-06:00", "owner": "TRI-STATE G & T ASSN, INC", "voltage": 115.0, "volt_class": "100-161", "inferred": "N", "sub_1": "NORTH MESA", "sub_2": "TAP203988", "shape_lengt": 6712.0960277881004, "globalid": "73fd4cd8-2410-45ee-8128-20e8279a01b6" }, "geometry": { "type": "MultiLineString", "coordinates": [ [ [ -107.917121, 38.516886 ], [ -107.917246897, 38.515592416000104 ], [ -107.917180346, 38.503838164000101 ], [ -107.917189854, 38.501970698 ], [ -107.917275419, 38.496784692000098 ], [ -107.917227882, 38.496498223000103 ], [ -107.918872626, 38.493521856 ], [ -107.919728273, 38.492219656 ], [ -107.922485358, 38.487717585 ], [ -107.924752823, 38.483818043 ], [ -107.925598963, 38.4823854300001 ], [ -107.925855656, 38.474399482 ], [ -107.925886679, 38.47115304 ] ] ] } },
{ "type": "Feature", "properties": { "objectid": "73793", "id": "205899", "type": "AC; OVERHEAD", "status": "NOT AVAILABLE", "naics_code": "221121", "naics_desc": "ELECTRIC BULK POWER TRANSMISSION AND CONTROL", "source": "Regional Map", "sourcedate": "2015-09-13 20:00:00-06:00", "val_method": "IMAGERY/OTHER", "val_date": "2015-09-13 20:00:00-06:00", "owner": "TRI-STATE G & T ASSN, INC", "voltage": 115.0, "volt_class": "100-161", "inferred": "N", "sub_1": "UNKNOWN205922", "sub_2": "EMPIRE", "shape_lengt": 20108.222250556501, "globalid": "00e9b7d8-4a1e-45b6-97be-222c414d7519" }, "geometry": { "type": "MultiLineString", "coordinates": [ [ [ -108.59202824, 37.357495817 ], [ -108.592178386, 37.357682247000099 ], [ -108.592059546, 37.358315136 ], [ -108.591001871, 37.359519499 ], [ -108.590924625, 37.362424060000102 ], [ -108.590817669, 37.3639683910001 ], [ -108.591186073, 37.364601226 ], [ -108.591197957, 37.368327293 ], [ -108.591096943, 37.373460367000099 ], [ -108.591120711, 37.382710346000103 ], [ -108.591132595, 37.385845353 ], [ -108.602493686, 37.38586896 ], [ -108.609142776, 37.385840632 ], [ -108.609148718, 37.387894369 ], [ -108.609166544, 37.394782237000101 ], [ -108.609148718, 37.400324175 ], [ -108.609178428, 37.406540666000097 ], [ -108.60930321, 37.412119491 ], [ -108.609760744, 37.413592005 ], [ -108.609772628, 37.416772914 ], [ -108.609921177, 37.427805941 ], [ -108.609885876, 37.43161035 ], [ -108.609879057, 37.433989186000098 ], [ -108.609879057, 37.438427997000097 ], [ -108.609896883, 37.446529281 ], [ -108.609921839, 37.449815401000102 ], [ -108.609957491, 37.456760782 ], [ -108.610021664, 37.460244551000102 ], [ -108.61003236, 37.464512017000096 ], [ -108.610028795, 37.466020287 ], [ -108.610003839, 37.469945043 ], [ -108.610003839, 37.471509795 ], [ -108.609896883, 37.472010621 ], [ -108.609911144, 37.473285781000101 ], [ -108.609991954, 37.479097289 ], [ -108.609942042, 37.482101894 ], [ -108.609970563, 37.483635271 ], [ -108.610205866, 37.484891372 ], [ -108.610312823, 37.485841921 ], [ -108.610203, 37.486188 ] ] ] } },
{ "type": "Feature", "properties": { "objectid": "68496", "id": "200197", "type": "AC; OVERHEAD", "status": "NOT AVAILABLE", "naics_code": "221121", "naics_desc": "ELECTRIC BULK POWER TRANSMISSION AND CONTROL", "source": "Regional Map", "sourcedate": "2014-06-29 20:00:00-06:00", "val_method": "IMAGERY/OTHER", "val_date": "2014-06-29 20:00:00-06:00", "owner": "TRI-STATE G & T ASSN, INC", "voltage": 345.0, "volt_class": "345", "inferred": "N", "sub_1": "RIFLE UTE", "sub_2": "GRAND JUNCTION", "shape_lengt": 117726.423499739, "globalid": "085035b7-ac51-4bfc-853e-2428bf09f768" }, "geometry": { "type": "MultiLineString", "coordinates": [ [ [ -107.741773096, 39.520390381 ], [ -107.742404677, 39.520356011 ], [ -107.743791732, 39.520081659 ], [ -107.745309193, 39.517685603000103 ], [ -107.747739502, 39.513890154000102 ], [ -107.748166288, 39.513131039 ], [ -107.760448242, 39.5099938870001 ], [ -107.785687892, 39.503417298000102 ], [ -107.786351781, 39.5002980020001 ], [ -107.788639828, 39.489923738000101 ], [ -107.78978978, 39.48453473 ], [ -107.789991317, 39.477205375 ], [ -107.790192855, 39.471138172 ], [ -107.815408795, 39.46503383 ], [ -107.830488567, 39.461418562000098 ], [ -107.844359113, 39.458031939000101 ], [ -107.860007933, 39.454233232 ], [ -107.868828178, 39.452063758000101 ], [ -107.87932, 39.448585134 ], [ -107.888080969, 39.445637323 ], [ -107.916497804, 39.445646477 ], [ -107.920492995, 39.445628167 ], [ -107.937196926, 39.446305626 ], [ -107.955845103, 39.447120399 ], [ -107.971636185, 39.447724606000101 ], [ -107.976745762, 39.441581588000098 ], [ -107.983455787, 39.433670855000102 ], [ -107.996366063, 39.4336159160001 ], [ -108.000942158, 39.422792128 ], [ -108.026798277, 39.422325075000103 ], [ -108.048019026, 39.421912966 ], [ -108.060727765, 39.421665699000101 ], [ -108.066513087, 39.417581094000099 ], [ -108.07602093, 39.411664402 ], [ -108.080964534, 39.408568472000098 ], [ -108.083797919, 39.400855527 ], [ -108.088409579, 39.388203353 ], [ -108.099233347, 39.381945129 ], [ -108.105243917, 39.378408023000098 ], [ -108.10332338, 39.366759963 ], [ -108.10121316, 39.354752454 ], [ -108.100430719, 39.352002352 ], [ -108.103074421, 39.350003877000098 ], [ -108.1169094, 39.339928124 ], [ -108.129855243, 39.330501994 ], [ -108.141129507, 39.322285186 ], [ -108.14916731, 39.316387930000097 ], [ -108.159018953, 39.3091968250001 ], [ -108.162433242, 39.296023445000102 ], [ -108.16545631, 39.284490117000097 ], [ -108.180927302, 39.263730845000097 ], [ -108.191834056, 39.249162645000098 ], [ -108.198046163, 39.239724288 ], [ -108.202586692, 39.2326446860001 ], [ -108.205289671, 39.228411276 ], [ -108.214548556, 39.22035699 ], [ -108.220879215, 39.214745077 ], [ -108.228288695, 39.203088131000101 ], [ -108.234654919, 39.192926915 ], [ -108.24004902, 39.184500994000103 ], [ -108.252271697, 39.1757340240001 ], [ -108.26384234, 39.167342809 ], [ -108.265561339, 39.154308245 ], [ -108.267387035, 39.139303557 ], [ -108.268347303, 39.132075894 ], [ -108.269912185, 39.119687829 ], [ -108.272769281, 39.097646957 ], [ -108.273895522, 39.089108407 ], [ -108.293563244, 39.0840013440001 ], [ -108.305928183, 39.0808264980001 ], [ -108.312531511, 39.073362745 ], [ -108.323094464, 39.061479853 ], [ -108.324766043, 39.059620380000098 ], [ -108.35577916, 39.059740051 ], [ -108.385357801, 39.059868927 ], [ -108.401563814, 39.0530474 ], [ -108.413478257, 39.048011384000098 ], [ -108.413608664, 39.047422136000101 ], [ -108.414607626, 39.046989006 ] ] ] } },
{ "type": "Feature", "properties": { "objectid": "70005", "id": "201764", "type": "AC; OVERHEAD", "status": "NOT AVAILABLE", "naics_code": "221121", "naics_desc": "ELECTRIC BULK POWER TRANSMISSION AND CONTROL", "source": "IMAGERY", "sourcedate": "2014-06-30 20:00:00-06:00", "val_method": "IMAGERY", "val_date": "2014-06-30 20:00:00-06:00", "owner": "TRI-STATE G & T ASSN, INC", "voltage": 115.0, "volt_class": "100-161", "inferred": "Y", "sub_1": "TAP203982", "sub_2": "TAP203984", "shape_lengt": 29448.666070641899, "globalid": "d8f85770-5426-4895-ba0b-2afdd5cdcba8" }, "geometry": { "type": "MultiLineString", "coordinates": [ [ [ -107.837488453, 37.307025587000098 ], [ -107.836718965, 37.308578146000102 ], [ -107.835711797, 37.310726154000101 ], [ -107.83568803, 37.314504516 ], [ -107.835973245, 37.316609824000103 ], [ -107.836002955, 37.316907539000098 ], [ -107.836341648, 37.318077125000102 ], [ -107.837197295, 37.320031120000102 ], [ -107.837907364, 37.32164484 ], [ -107.843430446, 37.3212431850001 ], [ -107.849122876, 37.320813176000101 ], [ -107.849168629, 37.328018577000101 ], [ -107.851118792, 37.329733709 ], [ -107.851835396, 37.332662101 ], [ -107.853015476, 37.333109996000097 ], [ -107.85317591, 37.3354996690001 ], [ -107.853143823, 37.33710975 ], [ -107.852557942, 37.350807269 ], [ -107.852177655, 37.360684409 ], [ -107.851797367, 37.370265580000101 ], [ -107.851388558, 37.380049503000102 ], [ -107.851217429, 37.382353639 ], [ -107.850742069, 37.383569892 ], [ -107.848311794, 37.388668874000103 ], [ -107.845150654, 37.395344241 ], [ -107.842227193, 37.401546984 ], [ -107.840982642, 37.4041992780001 ], [ -107.839870302, 37.4065243840001 ], [ -107.838323007, 37.409945358000101 ], [ -107.836661625, 37.413790936000098 ], [ -107.835524328, 37.416452708000101 ], [ -107.834440508, 37.417658969000101 ], [ -107.8328433, 37.41944284 ], [ -107.82837611, 37.422398878 ], [ -107.825744995, 37.424236432 ], [ -107.824240483, 37.425247209000098 ], [ -107.822835795, 37.426558084000099 ], [ -107.820889198, 37.4285625750001 ], [ -107.817470175, 37.432070305 ], [ -107.816129661, 37.433545258 ], [ -107.814789148, 37.434615359000098 ], [ -107.81300655, 37.435416509 ], [ -107.812293511, 37.436166695000097 ], [ -107.809872743, 37.4388446560001 ], [ -107.809106225, 37.440729928 ], [ -107.808696228, 37.443617190000097 ], [ -107.8083611, 37.444958881 ], [ -107.807519714, 37.448397912000097 ], [ -107.805901115, 37.452091511 ], [ -107.804671122, 37.454958523000101 ], [ -107.804396602, 37.455765116000102 ], [ -107.804007995, 37.456645282000103 ], [ -107.802193311, 37.45939043 ], [ -107.800685233, 37.461657224000099 ], [ -107.800588973, 37.463677755 ], [ -107.800706625, 37.465440721 ], [ -107.801070274, 37.466651852 ], [ -107.801918791, 37.467384747 ], [ -107.803344869, 37.472265811 ], [ -107.805876159, 37.476147799 ], [ -107.806949282, 37.477749201000101 ], [ -107.808838836, 37.480872686000097 ], [ -107.809063443, 37.482802165000102 ], [ -107.809220312, 37.484539219000098 ], [ -107.806856587, 37.486361102 ], [ -107.80572642, 37.489130619 ], [ -107.804977729, 37.490847725 ], [ -107.8047517, 37.49141 ] ] ] } },
{ "type": "Feature", "properties": { "objectid": "73411", "id": "204960", "type": "AC; OVERHEAD", "status": "NOT AVAILABLE", "naics_code": "221121", "naics_desc": "ELECTRIC BULK POWER TRANSMISSION AND CONTROL", "source": "Regional Map", "sourcedate": "2015-07-08 20:00:00-06:00", "val_method": "IMAGERY/OTHER", "val_date": "2015-07-08 20:00:00-06:00", "owner": "TRI-STATE G & T ASSN, INC", "voltage": 115.0, "volt_class": "100-161", "inferred": "N", "sub_1": "UNKNOWN203963", "sub_2": "UNKNOWN205178", "shape_lengt": 43128.072968653003, "globalid": "af9179b7-a3b9-47a9-bb59-2ad1fd07b886" }, "geometry": { "type": "MultiLineString", "coordinates": [ [ [ -102.352667389, 39.128280705000101 ], [ -102.35358747, 39.128269596000102 ], [ -102.353649887, 39.127455074000103 ], [ -102.353652739, 39.126906361000103 ], [ -102.353668426, 39.126356538 ], [ -102.353695522, 39.124940473 ], [ -102.353709782, 39.123638333 ], [ -102.353722617, 39.122339487 ], [ -102.353735452, 39.121115851000098 ], [ -102.353759695, 39.119834661 ], [ -102.353771104, 39.118487063 ], [ -102.353796773, 39.117231274000098 ], [ -102.353826721, 39.115894691000101 ], [ -102.35384526, 39.114614512000102 ], [ -102.353859521, 39.113338737 ], [ -102.353873781, 39.111964458 ], [ -102.353898025, 39.110696381 ], [ -102.353919416, 39.109351928000102 ], [ -102.353937955, 39.108063884000103 ], [ -102.353956494, 39.106835574000101 ], [ -102.35396505, 39.105697984000102 ], [ -102.353979311, 39.104331303 ], [ -102.353999276, 39.103209167 ], [ -102.354014963, 39.102120212 ], [ -102.354016389, 39.100804369000102 ], [ -102.354017815, 39.09950953 ], [ -102.354032076, 39.098195852000103 ], [ -102.354010685, 39.096931954000098 ], [ -102.354016389, 39.095617121 ], [ -102.354020667, 39.094302264000099 ], [ -102.354029224, 39.0930272270001 ], [ -102.354022094, 39.091678010000102 ], [ -102.354036354, 39.090371934000103 ], [ -102.35403778, 39.089076903 ], [ -102.354069154, 39.087863758 ], [ -102.354067728, 39.086651700000097 ], [ -102.354077711, 39.085378739000099 ], [ -102.354094824, 39.084283974000101 ], [ -102.354121919, 39.082820571000099 ], [ -102.354150441, 39.081623924 ], [ -102.354160423, 39.0804969980001 ], [ -102.354174684, 39.079454187000103 ], [ -102.354187519, 39.078433502000102 ], [ -102.354197501, 39.077260029000101 ], [ -102.354244562, 39.07561049 ], [ -102.354244562, 39.074548787 ], [ -102.354267379, 39.073422855 ], [ -102.354293048, 39.072098727 ], [ -102.354317292, 39.070779003 ], [ -102.354345813, 39.069510184000102 ], [ -102.354351518, 39.068240236000101 ], [ -102.354380039, 39.066961406000097 ], [ -102.354402856, 39.0655607570001 ], [ -102.354411413, 39.064184441000101 ], [ -102.354438508, 39.062898894 ], [ -102.354449917, 39.061582320000099 ], [ -102.354477013, 39.060257970000102 ], [ -102.354498404, 39.058980657000099 ], [ -102.354524549, 39.057629681 ], [ -102.354534056, 39.05629529 ], [ -102.354567331, 39.055027319 ], [ -102.354581592, 39.053667039 ], [ -102.354614867, 39.052424861000098 ], [ -102.354583968, 39.051101446000096 ], [ -102.354564954, 39.049825998000102 ], [ -102.354541186, 39.048561602000099 ], [ -102.354517418, 39.047238116000102 ], [ -102.354474636, 39.0458776850001 ], [ -102.354465129, 39.0445135370001 ], [ -102.354441361, 39.043171515 ], [ -102.354415216, 39.041857157 ], [ -102.354391448, 39.040563082000098 ], [ -102.354358173, 39.039235753000099 ], [ -102.354332028, 39.037908399000102 ], [ -102.354310637, 39.036669636000099 ], [ -102.354277362, 39.035362542 ], [ -102.354263101, 39.034014807 ], [ -102.354236956, 39.032726126000099 ], [ -102.354213188, 39.031383880000099 ], [ -102.354177536, 39.029956677 ], [ -102.354149015, 39.0286420730001 ], [ -102.354137131, 39.027314520000097 ], [ -102.354108609, 39.026012793000099 ], [ -102.354075334, 39.024661186000102 ], [ -102.354046812, 39.023390800000101 ], [ -102.354025421, 39.022096387 ], [ -102.35400403, 39.0208555 ], [ -102.353982639, 39.019570273000099 ], [ -102.353958871, 39.0182868690001 ], [ -102.353932726, 39.016959122000102 ], [ -102.353920842, 39.015620269000102 ], [ -102.35389232, 39.014307246 ], [ -102.353882813, 39.013012666000101 ], [ -102.353837654, 39.011706982000099 ], [ -102.353813886, 39.010488075000097 ], [ -102.353794872, 39.009189731 ], [ -102.353771104, 39.008052045 ], [ -102.353747336, 39.007034391 ], [ -102.353730698, 39.005972396 ], [ -102.353704553, 39.00485128 ], [ -102.353697423, 39.003839122 ], [ -102.353264846, 39.003115087 ], [ -102.353191165, 39.002016091 ], [ -102.353203049, 39.001205225 ], [ -102.35316502, 38.999904864 ], [ -102.353055688, 38.998704225 ], [ -102.353048557, 38.997392735000098 ], [ -102.353060441, 38.996101539 ], [ -102.353046181, 38.994784459000101 ], [ -102.353017659, 38.99346366 ], [ -102.353010529, 38.992139141000102 ], [ -102.35297963, 38.9908164450001 ], [ -102.352939225, 38.989778222 ], [ -102.352927341, 38.988749221 ], [ -102.352910703, 38.9876758670001 ], [ -102.352891689, 38.986580326000102 ], [ -102.352884558, 38.985641806 ], [ -102.35286079, 38.9847014260001 ], [ -102.352863167, 38.983434017 ], [ -102.352851283, 38.982125939000099 ], [ -102.352829892, 38.9808326180001 ], [ -102.352810878, 38.979578074000102 ], [ -102.35280137, 38.978314269000101 ], [ -102.352772849, 38.977153913 ], [ -102.352763342, 38.976135815000099 ], [ -102.35273482, 38.975126941 ], [ -102.352725313, 38.973942513 ], [ -102.352713429, 38.972839368 ], [ -102.352703922, 38.971882187000098 ], [ -102.352654009, 38.970416825 ], [ -102.352627864, 38.969141769 ], [ -102.352596966, 38.967879626000098 ], [ -102.35248288, 38.966573109000102 ], [ -102.352449604, 38.9652739590001 ], [ -102.352468619, 38.963963698 ], [ -102.352451981, 38.962638627 ], [ -102.352404445, 38.961322773000099 ], [ -102.352342649, 38.960023527 ], [ -102.352297489, 38.958862872000097 ], [ -102.352278475, 38.957892565000101 ], [ -102.352254707, 38.956953664 ], [ -102.352197664, 38.955510173 ], [ -102.352209548, 38.954292146 ], [ -102.352183403, 38.953135094000103 ], [ -102.352123983, 38.951820911 ], [ -102.352157258, 38.950656425 ], [ -102.352147751, 38.949227593 ], [ -102.35212636, 38.948011307000101 ], [ -102.352104969, 38.946730302 ], [ -102.352116853, 38.945502882 ], [ -102.352095462, 38.944175618 ], [ -102.352062187, 38.941887045 ], [ -102.352071694, 38.940774158000103 ], [ -102.352043172, 38.939735202 ], [ -102.352026535, 38.938570517000102 ], [ -102.352031288, 38.937226484000099 ], [ -102.352036042, 38.935978563 ], [ -102.351981375, 38.934804572000097 ], [ -102.352002767, 38.933613923 ], [ -102.351990883, 38.932456533000099 ], [ -102.351976622, 38.931138269 ], [ -102.351969491, 38.929849564000101 ], [ -102.351936216, 38.928592268 ], [ -102.351895811, 38.927625244000097 ], [ -102.351891057, 38.926308739 ], [ -102.351893434, 38.925153079 ], [ -102.351883927, 38.924075063 ], [ -102.351907695, 38.922612411 ], [ -102.351898188, 38.921299511 ], [ -102.35187442, 38.920029119000098 ], [ -102.351841144, 38.918760554000102 ], [ -102.351831637, 38.917464227 ], [ -102.351843521, 38.916201163 ], [ -102.351848275, 38.9148992410001 ], [ -102.351841144, 38.913737847 ], [ -102.351831637, 38.912411838 ], [ -102.351853028, 38.911119094000099 ], [ -102.351843521, 38.909807831000101 ], [ -102.351807869, 38.908550180000098 ], [ -102.351795985, 38.907286958 ], [ -102.351807869, 38.905923836000099 ], [ -102.35176271, 38.905058231000098 ], [ -102.351691406, 38.903628480000101 ], [ -102.351693783, 38.902244942 ], [ -102.351710421, 38.901225768000103 ], [ -102.351689029, 38.900176984 ], [ -102.351689029, 38.899222521000098 ], [ -102.351705667, 38.898528863 ], [ -102.351689029, 38.8971766720001 ], [ -102.351653377, 38.895793008000098 ], [ -102.351655754, 38.894542508 ], [ -102.351660508, 38.893380782000101 ], [ -102.351655754, 38.892130239 ], [ -102.351658131, 38.890875975 ], [ -102.351631986, 38.8895032880001 ], [ -102.351620102, 38.888213827000101 ], [ -102.351603465, 38.886922492 ], [ -102.351593957, 38.885690337 ], [ -102.351603465, 38.8846006200001 ], [ -102.35157732, 38.883324021000099 ], [ -102.351574943, 38.882038148 ], [ -102.351565436, 38.880768903 ], [ -102.351555929, 38.879451529 ], [ -102.351513146, 38.878145233 ], [ -102.3515179, 38.876857416000099 ], [ -102.35145848, 38.8754326480001 ], [ -102.351448973, 38.874031907000102 ], [ -102.351422828, 38.872662596 ], [ -102.351439466, 38.871370979000098 ], [ -102.351434712, 38.869981261000099 ], [ -102.351389553, 38.868617423 ], [ -102.351363408, 38.867344238 ], [ -102.351318249, 38.866017362 ], [ -102.351218424, 38.864721923 ], [ -102.351142366, 38.862169838 ], [ -102.351142366, 38.860735522 ], [ -102.35109483, 38.859593601 ], [ -102.351080569, 38.858618234000097 ], [ -102.351023526, 38.856419445 ], [ -102.350980744, 38.855086813000099 ], [ -102.350964106, 38.852584358 ], [ -102.350954599, 38.851323843 ], [ -102.35096886, 38.850022582000101 ], [ -102.350930831, 38.848743511000102 ], [ -102.350914193, 38.847431097 ], [ -102.350892802, 38.846131616 ], [ -102.350880918, 38.8448746890001 ], [ -102.350840513, 38.843652912 ], [ -102.350821498, 38.842688434 ], [ -102.350816745, 38.840287363000101 ], [ -102.350788223, 38.838891484 ], [ -102.350757325, 38.837601104 ], [ -102.35072405, 38.8350295320001 ], [ -102.35061234, 38.8337076070001 ], [ -102.350617094, 38.832381956000098 ], [ -102.350593326, 38.82827524 ], [ -102.350595703, 38.828016017 ], [ -102.350636108, 38.827932695000101 ] ] ] } },
{ "type": "Feature", "properties": { "objectid": "68500", "id": "200201", "type": "AC; OVERHEAD", "status": "NOT AVAILABLE", "naics_code": "221121", "naics_desc": "ELECTRIC BULK POWER TRANSMISSION AND CONTROL", "source": "Regional Map", "sourcedate": "2014-06-29 20:00:00-06:00", "val_method": "IMAGERY/OTHER", "val_date": "2014-06-29 20:00:00-06:00", "owner": "TRI-STATE G & T ASSN, INC", "voltage": 345.0, "volt_class": "345", "inferred": "N", "sub_1": "CRAIG", "sub_2": "AULT", "shape_lengt": 385195.242999201, "globalid": "c8a09b46-fc00-44ed-bb3b-31038a279e96" }, "geometry": { "type": "MultiLineString", "coordinates": [ [ [ -107.591734929, 40.472360787000099 ], [ -107.593400018, 40.472943373000099 ], [ -107.593409525, 40.473905254 ], [ -107.590852091, 40.473926950000099 ], [ -107.590852091, 40.477911737 ], [ -107.590852091, 40.479951047 ], [ -107.587733732, 40.48006675 ], [ -107.580679398, 40.480348777000103 ], [ -107.567702085, 40.480312619000102 ], [ -107.558423068, 40.477673090000103 ], [ -107.554135327, 40.474057129000101 ], [ -107.545911608, 40.467085005000101 ], [ -107.536822735, 40.459511764000098 ], [ -107.525537701, 40.45023754 ], [ -107.515479095, 40.441866490000102 ], [ -107.499934842, 40.428754333 ], [ -107.47152736, 40.430795135 ], [ -107.454528506, 40.435108115 ], [ -107.437501131, 40.437532236 ], [ -107.422356178, 40.442684106000101 ], [ -107.411128188, 40.446431989000097 ], [ -107.391619436, 40.444521897000101 ], [ -107.37324204, 40.442727519000101 ], [ -107.338626364, 40.443762187 ], [ -107.324869461, 40.444167367 ], [ -107.314668247, 40.440911386 ], [ -107.298315882, 40.440795615000098 ], [ -107.283703333, 40.440882444000103 ], [ -107.269908401, 40.440947565 ], [ -107.257710678, 40.441678365 ], [ -107.229331718, 40.450765670000102 ], [ -107.209243027, 40.457189711000098 ], [ -107.195391053, 40.461595033 ], [ -107.194335755, 40.462586009000098 ], [ -107.192234666, 40.463041709 ], [ -107.191160354, 40.461739702 ], [ -107.183342619, 40.4624199 ], [ -107.178426248, 40.4556064430001 ], [ -107.171713509, 40.446428252 ], [ -107.165851682, 40.438071204 ], [ -107.157477643, 40.4264847480001 ], [ -107.151980491, 40.41889644 ], [ -107.135934752, 40.4115026710001 ], [ -107.118133165, 40.403316132 ], [ -107.10935393, 40.399253347000098 ], [ -107.080733625, 40.396537830000099 ], [ -107.065984511, 40.395159457 ], [ -107.027396398, 40.405475994 ], [ -106.993373487, 40.414505523000102 ], [ -106.978583853, 40.418454276 ], [ -106.946438348, 40.4270091120001 ], [ -106.937510541, 40.429363557 ], [ -106.919693242, 40.43410535 ], [ -106.915582025, 40.435253401000097 ], [ -106.887860592, 40.442625050000103 ], [ -106.852581575, 40.451947650000101 ], [ -106.850109882, 40.453437913000101 ], [ -106.844977407, 40.454619822 ], [ -106.842694806, 40.456079194 ], [ -106.831187255, 40.464136001 ], [ -106.822002825, 40.4705478710001 ], [ -106.820918141, 40.472093915000102 ], [ -106.815582231, 40.480053525000102 ], [ -106.807518945, 40.484722183 ], [ -106.802107729, 40.4879513670001 ], [ -106.781928995, 40.500009939 ], [ -106.779984058, 40.501365622 ], [ -106.776945091, 40.503470985 ], [ -106.769908197, 40.5076609750001 ], [ -106.7607913, 40.513072658000098 ], [ -106.752336221, 40.5180937330001 ], [ -106.742834439, 40.522945774 ], [ -106.717191873, 40.524265766 ], [ -106.704075196, 40.526662271000099 ], [ -106.680402295, 40.530862513 ], [ -106.664691665, 40.533608335000103 ], [ -106.651286528, 40.540616898000103 ], [ -106.635956186, 40.548636106000103 ], [ -106.622408442, 40.555588922 ], [ -106.607256359, 40.563398691 ], [ -106.591498193, 40.571586685000099 ], [ -106.57470612, 40.580387435 ], [ -106.558021003, 40.588961411000099 ], [ -106.543498772, 40.596505601 ], [ -106.523533675, 40.610084802000102 ], [ -106.511138677, 40.618456516 ], [ -106.489462286, 40.633140566000101 ], [ -106.468047342, 40.647749253 ], [ -106.446810659, 40.662057256 ], [ -106.427427877, 40.675172483 ], [ -106.410047329, 40.686952911000098 ], [ -106.39291891, 40.698551357 ], [ -106.384348831, 40.704318673 ], [ -106.3652129, 40.731101667000097 ], [ -106.351676872, 40.749905608000098 ], [ -106.337917786, 40.76915768 ], [ -106.328173723, 40.78274193 ], [ -106.309354769, 40.798518575000102 ], [ -106.291557179, 40.813420728 ], [ -106.27518011, 40.827191358 ], [ -106.258450846, 40.841154522000103 ], [ -106.232329714, 40.860397904000102 ], [ -106.213849592, 40.87416641 ], [ -106.210563408, 40.875360765 ], [ -106.19449825, 40.887171103000099 ], [ -106.181405608, 40.896818307 ], [ -106.163657279, 40.909768359 ], [ -106.152148043, 40.918376507000097 ], [ -106.128255154, 40.935964362 ], [ -106.107765406, 40.950995142000103 ], [ -106.087157493, 40.966111727000097 ], [ -106.062508349, 40.984132881 ], [ -106.050361025, 40.9923389040001 ], [ -106.040766056, 40.998314386000096 ], [ -106.024104843, 41.006358136000102 ], [ -105.998226787, 41.016861687000102 ], [ -105.981660105, 41.022603158 ], [ -105.958783431, 41.030643943 ], [ -105.932432717, 41.030679598000098 ], [ -105.890082511, 41.030733081 ], [ -105.835679512, 41.030786564 ], [ -105.755138495, 41.030786564 ], [ -105.740840574, 41.030519148000103 ], [ -105.737839192, 41.030786564 ], [ -105.677811556, 41.030750909000098 ], [ -105.63238907, 41.030715254 ], [ -105.623219494, 41.030697426000103 ], [ -105.607338166, 41.031303565 ], [ -105.584154265, 41.030875703 ], [ -105.560308641, 41.032961503000102 ], [ -105.520652588, 41.03440548 ], [ -105.493734684, 41.035403767000098 ], [ -105.48603035, 41.034601574000099 ], [ -105.479575856, 41.03584419 ], [ -105.473150405, 41.036072891000103 ], [ -105.44049838, 41.0372251800001 ], [ -105.413467169, 41.026572331000096 ], [ -105.389689498, 41.010180643000098 ], [ -105.367136279, 40.994577037000099 ], [ -105.364325872, 40.992614223 ], [ -105.343148702, 40.972023167 ], [ -105.340256666, 40.970913761000098 ], [ -105.334962373, 40.965982844 ], [ -105.316432349, 40.95803977 ], [ -105.284538318, 40.944317663 ], [ -105.272013935, 40.937358636000098 ], [ -105.252620965, 40.926636778 ], [ -105.232808183, 40.915728124000097 ], [ -105.220272138, 40.899326508 ], [ -105.210138349, 40.891675142000103 ], [ -105.209100481, 40.888677822 ], [ -105.203048195, 40.883123606 ], [ -105.196331207, 40.875946516000099 ], [ -105.187725066, 40.872313588 ], [ -105.173369837, 40.867534046000102 ], [ -105.114537887, 40.847989006 ], [ -105.100485855, 40.845095568 ], [ -105.061186812, 40.836935039 ], [ -105.058213145, 40.834641087000101 ], [ -105.036931021, 40.814362637 ], [ -105.000599338, 40.779660943000103 ], [ -104.980592526, 40.770039924000102 ], [ -104.948177307, 40.769828748000101 ], [ -104.944813793, 40.7683240960001 ], [ -104.942844481, 40.765591877000098 ], [ -104.943262742, 40.749301827000103 ], [ -104.943280169, 40.737603268 ], [ -104.931394589, 40.720051571 ], [ -104.914245893, 40.694580835000103 ], [ -104.9045039, 40.6802558730001 ], [ -104.887564334, 40.666126120000101 ], [ -104.873221471, 40.6542278410001 ], [ -104.855985638, 40.636270644 ], [ -104.835787122, 40.615305655 ], [ -104.824511506, 40.610529743 ], [ -104.81778092, 40.608751407000099 ], [ -104.815466614, 40.608082122 ], [ -104.814229259, 40.608042430000097 ], [ -104.813195224, 40.607539759000097 ] ] ] } },
{ "type": "Feature", "properties": { "objectid": "77550", "id": "209720", "type": "AC; OVERHEAD", "status": "NOT AVAILABLE", "naics_code": "221121", "naics_desc": "ELECTRIC BULK POWER TRANSMISSION AND CONTROL", "source": "IMAGERY", "sourcedate": "2018-04-04 20:00:00-06:00", "val_method": "IMAGERY", "val_date": "2018-04-04 20:00:00-06:00", "owner": "TRI-STATE G & T ASSN, INC", "voltage": 115.0, "volt_class": "100-161", "inferred": "Y", "sub_1": "TAP208059", "sub_2": "TAP208058", "shape_lengt": 12807.6074111159, "globalid": "548cf097-36eb-4365-8493-310c1730d1d5" }, "geometry": { "type": "MultiLineString", "coordinates": [ [ [ -108.824949, 37.711701 ], [ -108.825156, 37.747331 ], [ -108.821949, 37.750969 ], [ -108.821946, 37.758574000000102 ], [ -108.856640877, 37.758748012000098 ], [ -108.87672, 37.758601 ] ] ] } },
{ "type": "Feature", "properties": { "objectid": "70139", "id": "201898", "type": "AC; OVERHEAD", "status": "NOT AVAILABLE", "naics_code": "221121", "naics_desc": "ELECTRIC BULK POWER TRANSMISSION AND CONTROL", "source": "Regional Map", "sourcedate": "2014-07-08 20:00:00-06:00", "val_method": "IMAGERY/OTHER", "val_date": "2014-07-08 20:00:00-06:00", "owner": "TRI-STATE G & T ASSN, INC", "voltage": 115.0, "volt_class": "100-161", "inferred": "N", "sub_1": "SOUTH FORK", "sub_2": "IDALIA", "shape_lengt": 22647.1755989782, "globalid": "8c736f3e-633a-45f9-aeee-3251244c4e79" }, "geometry": { "type": "MultiLineString", "coordinates": [ [ [ -102.240848, 39.568587 ], [ -102.240484742, 39.568582995 ], [ -102.240389669, 39.569213264 ], [ -102.240484742, 39.572225282 ], [ -102.240579813, 39.576241102 ], [ -102.240855521, 39.587385984 ], [ -102.240988622, 39.592038313 ], [ -102.240693899, 39.602199087 ], [ -102.240979115, 39.612980916 ], [ -102.241330881, 39.622281824 ], [ -102.241682647, 39.631186089 ], [ -102.241701662, 39.6323576180001 ], [ -102.242129485, 39.642578363 ], [ -102.242490758, 39.650791936000097 ], [ -102.242909075, 39.6612588 ], [ -102.243346405, 39.671394777 ], [ -102.243774229, 39.681382931 ], [ -102.244192545, 39.690952643000102 ], [ -102.244629876, 39.701296389 ], [ -102.245057699, 39.711382609 ], [ -102.245348857, 39.717479156 ], [ -102.248195072, 39.717483727000101 ], [ -102.254973898, 39.717331213000101 ] ] ] } },
{ "type": "Feature", "properties": { "objectid": "69995", "id": "201754", "type": "AC; OVERHEAD", "status": "NOT AVAILABLE", "naics_code": "221121", "naics_desc": "ELECTRIC BULK POWER TRANSMISSION AND CONTROL", "source": "Regional Map", "sourcedate": "2014-06-30 20:00:00-06:00", "val_method": "IMAGERY/OTHER", "val_date": "2014-06-30 20:00:00-06:00", "owner": "TRI-STATE G & T ASSN, INC", "voltage": 115.0, "volt_class": "100-161", "inferred": "N", "sub_1": "TAP203979", "sub_2": "SHENANDOAH", "shape_lengt": 42178.2685763056, "globalid": "ce113cb9-28a5-4f78-9e41-8d1f410b48dd" }, "geometry": { "type": "MultiLineString", "coordinates": [ [ [ -108.311383519, 37.376654732000098 ], [ -108.304423, 37.374995 ], [ -108.304196, 37.374941 ], [ -108.297911, 37.373443000000101 ], [ -108.29231, 37.372107 ], [ -108.285845, 37.370565 ], [ -108.282349, 37.36972 ], [ -108.25413, 37.362903000000102 ], [ -108.252222, 37.362442000000101 ], [ -108.250636, 37.361819 ], [ -108.248725, 37.361069 ], [ -108.248123, 37.361012000000102 ], [ -108.245919, 37.360806 ], [ -108.245726, 37.360788 ], [ -108.237977, 37.36006 ], [ -108.233392, 37.358457 ], [ -108.225825, 37.356891 ], [ -108.2074432, 37.353212900000102 ], [ -108.1965346, 37.351123 ], [ -108.192252126, 37.349737401 ], [ -108.186134249, 37.347781817 ], [ -108.177977081, 37.34527066 ], [ -108.172123029, 37.343422666 ], [ -108.165071072, 37.341166466000097 ], [ -108.154354093, 37.337731014 ], [ -108.141148607, 37.337770699 ], [ -108.134966557, 37.337345508000098 ], [ -108.129447634, 37.337368185000102 ], [ -108.117596923, 37.334675258 ], [ -108.107371941, 37.332407456000098 ], [ -108.099778073, 37.330666870000101 ], [ -108.084946858, 37.327310319 ], [ -108.071883981, 37.324356202 ], [ -108.068076352, 37.320954005 ], [ -108.060261442, 37.3141151230001 ], [ -108.052560619, 37.307389048000097 ], [ -108.045879442, 37.301547196000101 ], [ -108.039119831, 37.295648167 ], [ -108.031604397, 37.288988515 ], [ -108.028516938, 37.286231451 ], [ -108.026698688, 37.2851025000001 ], [ -108.023589837, 37.283264374000098 ], [ -108.023404447, 37.277953978 ], [ -108.023304622, 37.275752551 ], [ -108.020124467, 37.271406244 ], [ -108.01691579, 37.267059686 ], [ -108.013728505, 37.2626958540001 ], [ -108.010662437, 37.258479322 ], [ -108.008045583, 37.2548357760001 ], [ -108.000287716, 37.252440702 ], [ -107.991826432, 37.249756750000103 ], [ -107.991184658, 37.249516649 ], [ -107.991412, 37.249281 ] ] ] } },
{ "type": "Feature", "properties": { "objectid": "69865", "id": "201619", "type": "AC; OVERHEAD", "status": "NOT AVAILABLE", "naics_code": "221121", "naics_desc": "ELECTRIC BULK POWER TRANSMISSION AND CONTROL", "source": "Regional Map", "sourcedate": "2014-07-08 20:00:00-06:00", "val_method": "IMAGERY", "val_date": "2014-07-08 20:00:00-06:00", "owner": "TRI-STATE G & T ASSN, INC", "voltage": 230.0, "volt_class": "220-287", "inferred": "N", "sub_1": "UNKNOWN201471", "sub_2": "UNKNOWN201361", "shape_lengt": 167464.300701145, "globalid": "ef5cc863-79f0-4ceb-b051-8e73ddd454b6" }, "geometry": { "type": "MultiLineString", "coordinates": [ [ [ -104.888452576, 42.110419849 ], [ -104.888261363, 42.111088017 ], [ -104.888237595, 42.111581716 ], [ -104.888434869, 42.112736604000098 ], [ -104.888734346, 42.114365754000097 ], [ -104.888933997, 42.115629903000098 ], [ -104.889133648, 42.1165978330001 ], [ -104.890930506, 42.117782601 ], [ -104.89281293, 42.118977925000102 ], [ -104.894916395, 42.120374204 ], [ -104.897026991, 42.121765164000102 ], [ -104.898895154, 42.123008011 ], [ -104.899936192, 42.1249383420001 ], [ -104.900898794, 42.126725829000101 ], [ -104.901797223, 42.128412789 ], [ -104.90265287, 42.130025672 ], [ -104.90374382, 42.132077411000097 ], [ -104.904627989, 42.133736557000098 ], [ -104.904639873, 42.135585483 ], [ -104.90464225, 42.13765643 ], [ -104.90467196, 42.139295514 ], [ -104.90467196, 42.141207724 ], [ -104.904648192, 42.14257796 ], [ -104.904666017, 42.145877858000098 ], [ -104.90467196, 42.1480762260001 ], [ -104.904683844, 42.150816371000097 ], [ -104.904689786, 42.152596079 ], [ -104.90470167, 42.154384547000099 ], [ -104.904695727, 42.1563095160001 ], [ -104.904707612, 42.158115499000097 ], [ -104.904885872, 42.1593268 ], [ -104.905111667, 42.161093055 ], [ -104.905295869, 42.162608208 ], [ -104.905551375, 42.164717908 ], [ -104.905884127, 42.167527798 ], [ -104.906098038, 42.169170512 ], [ -104.906264414, 42.170799972000097 ], [ -104.90651992, 42.172570311000101 ], [ -104.906733831, 42.174221702000096 ], [ -104.906923975, 42.176132858000102 ], [ -104.907197307, 42.178365402 ], [ -104.907500349, 42.180773995 ], [ -104.907696435, 42.182539652000102 ], [ -104.908005418, 42.18474115 ], [ -104.90815991, 42.186097234 ], [ -104.908403532, 42.188060863 ], [ -104.908403532, 42.189659018 ], [ -104.908451067, 42.191217511 ], [ -104.908427299, 42.196781985 ], [ -104.908409473, 42.1988641350001 ], [ -104.908397589, 42.201258742 ], [ -104.908433242, 42.203992181 ], [ -104.908474836, 42.206118107000101 ], [ -104.908486719, 42.208318784 ], [ -104.908397589, 42.211043115000102 ], [ -104.908451067, 42.212565873000102 ], [ -104.908480777, 42.214352645000098 ], [ -104.908468893, 42.216473822000097 ], [ -104.908498603, 42.219193401 ], [ -104.908504546, 42.220680759000103 ], [ -104.908522372, 42.223122942 ], [ -104.908528313, 42.224905016 ], [ -104.908516429, 42.226709040000102 ], [ -104.908540197, 42.228724205 ], [ -104.908528313, 42.230976891000097 ], [ -104.908540197, 42.2331855 ], [ -104.908528313, 42.235442425 ], [ -104.908540197, 42.237769658 ], [ -104.908563966, 42.23992524 ], [ -104.908552082, 42.242049957000098 ], [ -104.908552082, 42.244376946 ], [ -104.908569907, 42.246312372 ], [ -104.908605559, 42.2487711570001 ], [ -104.908623386, 42.251159474000097 ], [ -104.908599617, 42.253055108000098 ], [ -104.908614472, 42.254954205 ], [ -104.908626356, 42.257830448 ], [ -104.908635863, 42.260242169 ], [ -104.908635863, 42.262938754000103 ], [ -104.908628733, 42.264384626 ], [ -104.908621602, 42.265672161 ], [ -104.908621602, 42.267323758 ], [ -104.908628733, 42.268970034000098 ], [ -104.908635863, 42.271428815 ], [ -104.908657255, 42.272805902000101 ], [ -104.908657255, 42.274415103000102 ], [ -104.908664385, 42.275987332 ], [ -104.908678646, 42.278994506000103 ], [ -104.908700037, 42.281321011 ], [ -104.908678646, 42.282692606000097 ], [ -104.908685776, 42.285166678000103 ], [ -104.908692907, 42.287065685000101 ], [ -104.908707168, 42.2887167210001 ], [ -104.908707168, 42.290499580000102 ], [ -104.908721429, 42.292488093 ], [ -104.909320381, 42.293701214000102 ], [ -104.910981762, 42.296944879000101 ], [ -104.911930105, 42.299012298 ], [ -104.912949751, 42.301074375 ], [ -104.913905223, 42.302983451 ], [ -104.914803653, 42.304802820000099 ], [ -104.915837559, 42.306869981 ], [ -104.918126415, 42.311515573000101 ], [ -104.920001708, 42.313023603 ], [ -104.921377873, 42.314136147 ], [ -104.923010733, 42.315454302 ], [ -104.924636463, 42.316782975000102 ], [ -104.926362018, 42.318185432000099 ], [ -104.928123224, 42.319614219000101 ], [ -104.930105474, 42.32123804 ], [ -104.93223746, 42.322972531000097 ], [ -104.933984406, 42.324385394 ], [ -104.935574483, 42.325692791000101 ], [ -104.937128909, 42.326947444 ], [ -104.938362467, 42.328096643 ], [ -104.941164711, 42.330658543 ], [ -104.943232524, 42.332603619 ], [ -104.944573038, 42.333847593 ], [ -104.946362767, 42.335513214000102 ], [ -104.947817366, 42.336852004 ], [ -104.95006344, 42.338944466 ], [ -104.952011225, 42.340743471000103 ], [ -104.954067155, 42.342671546000098 ], [ -104.956174186, 42.344598684000097 ], [ -104.958049478, 42.34633253 ], [ -104.959846337, 42.3480189 ], [ -104.961586153, 42.3496314490001 ], [ -104.963104927, 42.351138565 ], [ -104.964744917, 42.352719418 ], [ -104.966192387, 42.3540525720001 ], [ -104.968174635, 42.355844119 ], [ -104.971205052, 42.358626184000101 ], [ -104.972752347, 42.360027708000104 ], [ -104.974356685, 42.361524038 ], [ -104.975968154, 42.363015064000102 ], [ -104.977558231, 42.364521859 ], [ -104.979390741, 42.366239351000097 ], [ -104.981109166, 42.36783036 ], [ -104.983305327, 42.36986911 ], [ -104.984966708, 42.371370473000098 ], [ -104.98702026, 42.373303755000101 ], [ -104.988317992, 42.374494247 ], [ -104.989957982, 42.375990232 ], [ -104.991569451, 42.377470379 ], [ -104.99336631, 42.379150647000102 ], [ -104.994920735, 42.380588583000097 ], [ -104.998364714, 42.383754033000102 ], [ -104.999584011, 42.384881126 ], [ -105.001166958, 42.386361064 ], [ -105.003498597, 42.388509808 ], [ -105.006058407, 42.390869129000102 ], [ -105.008354393, 42.392996655 ], [ -105.009552299, 42.394097253 ], [ -105.011163767, 42.3955927700001 ], [ -105.012525673, 42.396856561 ], [ -105.014265488, 42.398457325 ], [ -105.016105129, 42.3987100740001 ], [ -105.019057111, 42.399104991000101 ], [ -105.021802312, 42.399473579000102 ], [ -105.024190994, 42.39980004 ], [ -105.026194634, 42.400073845000101 ], [ -105.028005753, 42.400331853000097 ], [ -105.030729563, 42.400695168 ], [ -105.033303634, 42.401042684000103 ], [ -105.036084487, 42.401437587 ], [ -105.039143425, 42.40187461 ], [ -105.044740782, 42.402664403000102 ], [ -105.049411189, 42.4033172910001 ], [ -105.051985261, 42.403675323000101 ], [ -105.054423855, 42.4040122930001 ], [ -105.055992541, 42.40596563 ], [ -105.057939138, 42.408266381 ], [ -105.059507824, 42.4101353510001 ], [ -105.060734252, 42.411646280000099 ], [ -105.062039113, 42.413167702000102 ], [ -105.062994586, 42.414341645 ], [ -105.064370752, 42.4159735490001 ], [ -105.066723781, 42.418763479000098 ], [ -105.068841507, 42.4213269460001 ], [ -105.070595583, 42.423442912 ], [ -105.071572447, 42.424611400000103 ], [ -105.073176786, 42.4265114620001 ], [ -105.074652777, 42.428269363 ], [ -105.075772248, 42.429606177 ], [ -105.076991545, 42.431027169000103 ], [ -105.07852458, 42.43289546 ], [ -105.079886484, 42.434526881000103 ], [ -105.081148563, 42.436042484 ], [ -105.082895509, 42.438115856 ], [ -105.08435724, 42.439894480000099 ], [ -105.085719144, 42.441520456 ], [ -105.087016876, 42.443051676 ], [ -105.087965218, 42.4442145370001 ], [ -105.089548165, 42.44606665 ], [ -105.091302241, 42.448134429 ], [ -105.093441359, 42.44931824 ], [ -105.095437868, 42.450433633 ], [ -105.097669681, 42.451680535 ], [ -105.099038717, 42.452432873000099 ], [ -105.100400621, 42.453200986000098 ], [ -105.102133307, 42.454163743 ], [ -105.104144077, 42.455268528 ], [ -105.1047359, 42.456157602000097 ], [ -105.106432933, 42.458856315 ], [ -105.107580926, 42.460760599 ], [ -105.10892857, 42.462927836000098 ], [ -105.11020491, 42.465042398 ], [ -105.111424207, 42.466988573 ], [ -105.112672026, 42.468982024000098 ], [ -105.113984018, 42.471096382 ], [ -105.115267488, 42.473258001 ], [ -105.118169558, 42.475009331000102 ], [ -105.120251633, 42.476360925000101 ], [ -105.122098404, 42.477523167000101 ], [ -105.123788306, 42.478548657 ], [ -105.125749164, 42.479779223 ], [ -105.127752804, 42.481025541000101 ], [ -105.130034529, 42.48242959 ], [ -105.132273473, 42.483817832000099 ], [ -105.134006158, 42.484901061000102 ], [ -105.136537447, 42.486483803 ], [ -105.138918998, 42.487987634 ], [ -105.140758639, 42.489102338000102 ], [ -105.144017228, 42.4911266330001 ], [ -105.146341736, 42.492998389 ], [ -105.149243805, 42.495332749 ], [ -105.150755448, 42.496547212 ], [ -105.153522041, 42.49875001 ], [ -105.155497159, 42.500321888 ], [ -105.156802021, 42.501378545000101 ], [ -105.158998182, 42.503144859 ], [ -105.160880605, 42.504648289 ], [ -105.163083896, 42.506419767000096 ], [ -105.165108927, 42.5080492720001 ], [ -105.16715535, 42.509678735000101 ], [ -105.169009251, 42.511171496 ], [ -105.170777589, 42.512580125000099 ], [ -105.172332015, 42.513831045000103 ], [ -105.175319649, 42.516222439 ], [ -105.177679808, 42.518130234000097 ], [ -105.179155799, 42.519302211000102 ], [ -105.181095266, 42.52085255 ], [ -105.182535605, 42.522029731 ], [ -105.18498133, 42.523974134000099 ], [ -105.187655226, 42.5261076520001 ], [ -105.189245303, 42.527395084 ], [ -105.191141987, 42.52891895 ], [ -105.193245454, 42.530610922 ], [ -105.195085095, 42.532166235 ], [ -105.197067343, 42.53375829 ], [ -105.199163679, 42.535402844 ], [ -105.20100332, 42.536889736 ], [ -105.203470435, 42.538907230000099 ], [ -105.20536712, 42.540415053 ], [ -105.207655975, 42.542227545000102 ], [ -105.210044657, 42.544160812 ], [ -105.211449344, 42.545306035000102 ], [ -105.213638374, 42.546277881 ], [ -105.216861311, 42.547738250000101 ], [ -105.218993298, 42.548689046 ], [ -105.220783027, 42.549519011 ], [ -105.223335707, 42.550674642 ], [ -105.225638823, 42.551725195000103 ], [ -105.228391154, 42.552954321000101 ], [ -105.230280708, 42.553815745000101 ], [ -105.232833389, 42.554966042 ], [ -105.234730073, 42.555827439 ], [ -105.237061711, 42.556883159 ], [ -105.238944135, 42.557734024000098 ], [ -105.241396989, 42.558842232000103 ], [ -105.243906887, 42.559981933000103 ], [ -105.24613157, 42.560985063 ], [ -105.249297464, 42.562429331 ], [ -105.251358147, 42.563358898 ], [ -105.253739697, 42.564435496 ], [ -105.256270986, 42.565585598 ], [ -105.259123144, 42.566866965 ], [ -105.261012697, 42.5677071920001 ], [ -105.26233895, 42.568326852 ], [ -105.265462061, 42.569718437 ], [ -105.267194747, 42.5705061150001 ], [ -105.269305343, 42.571493322 ], [ -105.270909681, 42.572223215000101 ], [ -105.272706539, 42.573037114 ], [ -105.274432094, 42.573819498 ], [ -105.277605119, 42.575252968 ], [ -105.27997954, 42.576329362000102 ], [ -105.282204222, 42.577332228 ], [ -105.284735511, 42.578487343000099 ], [ -105.289028006, 42.580414237000099 ], [ -105.29108869, 42.581348785 ], [ -105.293420328, 42.582404073000099 ], [ -105.295145883, 42.583170589000098 ], [ -105.296586222, 42.583832095 ], [ -105.298126387, 42.584514594 ], [ -105.299873333, 42.585323084 ], [ -105.302575751, 42.586551547 ], [ -105.306518858, 42.588325952 ], [ -105.309912924, 42.589853580000103 ], [ -105.312429952, 42.590992714 ], [ -105.315816888, 42.592520277000098 ], [ -105.318091484, 42.593549129 ], [ -105.320608512, 42.594682947000102 ], [ -105.323261018, 42.5958797320001 ], [ -105.325428657, 42.596845542 ], [ -105.329471589, 42.598672142000098 ], [ -105.331154362, 42.599706141000098 ], [ -105.333186523, 42.600960564 ], [ -105.335411206, 42.602319932 ], [ -105.337700062, 42.603731753 ], [ -105.340074481, 42.605154039000098 ], [ -105.34186421, 42.606240412 ], [ -105.34368246, 42.607368751000102 ], [ -105.345579145, 42.608533805 ], [ -105.347062266, 42.609252769000101 ], [ -105.348766429, 42.610024202 ], [ -105.350976851, 42.611016032000101 ], [ -105.35350814, 42.612128541000097 ], [ -105.356117863, 42.6133144960001 ], [ -105.358870194, 42.6145581500001 ], [ -105.361130529, 42.6155656500001 ], [ -105.363319559, 42.616546897 ], [ -105.365786675, 42.617643565 ], [ -105.367954314, 42.618614285 ], [ -105.370471343, 42.6197476460001 ], [ -105.372318113, 42.620566173 ], [ -105.37462123, 42.621589315000101 ], [ -105.377259475, 42.622775090000097 ], [ -105.380275631, 42.624123489 ], [ -105.383085005, 42.625387913 ], [ -105.385651946, 42.626531644000103 ], [ -105.388140453, 42.627643876 ], [ -105.390358005, 42.628651164000097 ], [ -105.392668252, 42.629668927000097 ], [ -105.395577452, 42.6309594700001 ], [ -105.396511534, 42.631966703 ], [ -105.39773796, 42.633204739000099 ], [ -105.39954908, 42.635072238000099 ], [ -105.401281766, 42.636850507000098 ], [ -105.402914625, 42.638529062 ], [ -105.404447659, 42.640071195000097 ], [ -105.405923651, 42.641592308 ], [ -105.407713379, 42.64342284 ], [ -105.409125196, 42.644859955000101 ], [ -105.410315971, 42.646097734000101 ], [ -105.412590567, 42.648431615 ], [ -105.413474735, 42.649354655 ], [ -105.415157508, 42.651064338 ], [ -105.417132627, 42.65306765 ], [ -105.418394706, 42.654326243000099 ], [ -105.42011313, 42.656177376000102 ], [ -105.421446514, 42.657629927000102 ], [ -105.423635544, 42.659827042000103 ], [ -105.425903008, 42.662134191000099 ], [ -105.427614302, 42.663911686000098 ], [ -105.429418291, 42.665741562 ], [ -105.431101064, 42.667482253000102 ], [ -105.432684011, 42.669097067000102 ], [ -105.434516521, 42.670973975 ], [ -105.436163642, 42.672677821 ], [ -105.437996153, 42.674549378 ], [ -105.43994988, 42.676530965 ], [ -105.441311785, 42.677946345000102 ], [ -105.442721226, 42.6793765460001 ], [ -105.444450346, 42.681167526000102 ], [ -105.445763527, 42.682517280000098 ], [ -105.44708146, 42.6838547730001 ], [ -105.448597857, 42.6853957820001 ], [ -105.450565846, 42.687408471 ], [ -105.451858823, 42.688743239000097 ], [ -105.453536842, 42.690458827 ], [ -105.455661699, 42.692635565 ], [ -105.457078269, 42.694089011000102 ], [ -105.458957879, 42.696017461000103 ], [ -105.460512304, 42.697605332000101 ], [ -105.460326914, 42.698656030000102 ], [ -105.461585429, 42.69994252 ], [ -105.463339505, 42.701747755 ], [ -105.465082886, 42.703524117 ], [ -105.46670505, 42.705189956 ], [ -105.468564894, 42.707089351 ], [ -105.470299956, 42.7088708 ], [ -105.472058785, 42.710665296000101 ], [ -105.473579936, 42.712197781 ], [ -105.475309056, 42.713974717 ], [ -105.476200355, 42.714878447 ], [ -105.477531362, 42.7162231020001 ], [ -105.478517732, 42.718615468 ], [ -105.479242656, 42.720492626000102 ], [ -105.482427563, 42.72219948 ], [ -105.484376537, 42.7232384120001 ], [ -105.486533481, 42.725438445000101 ], [ -105.48804869, 42.727044769 ], [ -105.489682738, 42.727498723000103 ], [ -105.492451706, 42.7283062280001 ], [ -105.494370971, 42.728878023 ], [ -105.496765593, 42.729554567 ], [ -105.498803697, 42.730174363000103 ], [ -105.50119832, 42.730877081000102 ], [ -105.504164279, 42.731748067000098 ], [ -105.507872082, 42.732826993 ], [ -105.510545979, 42.733591657 ], [ -105.513761786, 42.734539618 ], [ -105.516143337, 42.735241413 ], [ -105.518860016, 42.735571360000101 ], [ -105.521612347, 42.735901304 ], [ -105.524350418, 42.736231247 ], [ -105.527802716, 42.736654583000103 ], [ -105.530227049, 42.736951353000102 ], [ -105.533245582, 42.737313586 ], [ -105.535277743, 42.737562347 ], [ -105.537470339, 42.737824199 ], [ -105.539609456, 42.73808605 ], [ -105.54006699, 42.7371521090001 ], [ -105.542830016, 42.737466334 ], [ -105.545474204, 42.737789285000098 ], [ -105.548320419, 42.738125328000102 ], [ -105.551208227, 42.738478825000101 ], [ -105.55401879, 42.738819228000096 ], [ -105.55700167, 42.739172721 ], [ -105.559711219, 42.7394913 ], [ -105.562884244, 42.739884065000098 ], [ -105.564714378, 42.740106632 ], [ -105.568012184, 42.740499393 ], [ -105.569842317, 42.740717594 ], [ -105.571446656, 42.740913973 ], [ -105.57450084, 42.741276183 ], [ -105.577697633, 42.741660209 ], [ -105.582243257, 42.742205698000099 ], [ -105.585481644, 42.742598446 ], [ -105.586967142, 42.742489349 ], [ -105.589944081, 42.742266792000102 ], [ -105.593717246, 42.741978775000099 ], [ -105.59581477, 42.74181731 ], [ -105.599017505, 42.744038503000098 ], [ -105.602095457, 42.746181072000098 ], [ -105.603170958, 42.746931608000097 ], [ -105.604585152, 42.747267601 ], [ -105.608043392, 42.748131574000098 ], [ -105.610990621, 42.748873360000097 ], [ -105.613367418, 42.749471145 ], [ -105.616688992, 42.750313271 ], [ -105.619374773, 42.750950312 ], [ -105.621193023, 42.752237464000103 ], [ -105.623344025, 42.7537427440001 ], [ -105.625489084, 42.755221809 ], [ -105.627622259, 42.756674661 ], [ -105.630106013, 42.75842851 ], [ -105.632565998, 42.760138682 ], [ -105.634818013, 42.761687395000102 ], [ -105.636945247, 42.763161909000097 ], [ -105.63933987, 42.7648283280001 ], [ -105.64103928, 42.766014861 ], [ -105.642524779, 42.767022523 ], [ -105.64229304, 42.768392220000102 ], [ -105.642031593, 42.769569961000101 ], [ -105.642304925, 42.771367063000099 ], [ -105.642584199, 42.7730158150001 ], [ -105.643017964, 42.775462691 ], [ -105.64333289, 42.777508222000101 ], [ -105.64235246, 42.778812268000102 ], [ -105.641122468, 42.780369236000098 ], [ -105.639684505, 42.782292496 ], [ -105.638199007, 42.784285471 ], [ -105.636802639, 42.786138836000099 ], [ -105.635149576, 42.788296520000102 ], [ -105.634251147, 42.789493068000098 ], [ -105.633029473, 42.791104709000102 ], [ -105.631237368, 42.79220702 ], [ -105.62921709, 42.793445352 ], [ -105.626982901, 42.794816209 ], [ -105.624506278, 42.796350974000099 ], [ -105.623237068, 42.797174151 ], [ -105.625708937, 42.798496094 ], [ -105.628841557, 42.800121452 ], [ -105.630557604, 42.801028286000097 ], [ -105.632749011, 42.802182736000098 ], [ -105.635277924, 42.803518522000097 ], [ -105.637497852, 42.804662463000099 ], [ -105.639437319, 42.805687806 ], [ -105.641576436, 42.806789857000098 ], [ -105.643967495, 42.808052309000097 ], [ -105.646848173, 42.80955536 ], [ -105.648896972, 42.810632931 ], [ -105.65122148, 42.811860432000103 ], [ -105.653783667, 42.813216933 ], [ -105.656364869, 42.814573403 ], [ -105.659107693, 42.815996097 ], [ -105.661416752, 42.817205186000102 ], [ -105.663890998, 42.818476142000101 ], [ -105.666037245, 42.819676465 ], [ -105.668204885, 42.819642470000097 ], [ -105.671192519, 42.819595399 ], [ -105.674853975, 42.819548327000099 ], [ -105.678276563, 42.819498641 ], [ -105.681078807, 42.819462030000103 ], [ -105.684330266, 42.819417574000099 ], [ -105.687588855, 42.819354812 ], [ -105.690159361, 42.820291001 ], [ -105.692651433, 42.821180106 ], [ -105.694537422, 42.821852156 ], [ -105.697237464, 42.822831017 ], [ -105.700408111, 42.823950195000101 ], [ -105.702875227, 42.824863653000101 ], [ -105.705085648, 42.824828788 ], [ -105.707628821, 42.824807869 ], [ -105.710124458, 42.824790437 ], [ -105.712467981, 42.824783464000099 ], [ -105.716441985, 42.824755573000097 ], [ -105.719679183, 42.824727680000102 ], [ -105.723344204, 42.824706762000098 ], [ -105.726885633, 42.824678870000099 ], [ -105.730588682, 42.824654465 ], [ -105.733958982, 42.8246300590001 ], [ -105.737139136, 42.824602168000098 ], [ -105.740514189, 42.824577763 ], [ -105.742696088, 42.82457079 ], [ -105.746075894, 42.824539412 ], [ -105.748761675, 42.824518493 ], [ -105.751105196, 42.82451152 ], [ -105.753900311, 42.824483628 ], [ -105.75650528, 42.824462709 ], [ -105.759286133, 42.824448763000099 ], [ -105.762337941, 42.824420872000097 ], [ -105.765294677, 42.824403439 ], [ -105.768070776, 42.824386007 ], [ -105.770119575, 42.824372061000098 ], [ -105.772791095, 42.824344169 ], [ -105.774649751, 42.824902003 ], [ -105.777145387, 42.825644613000101 ], [ -105.778538191, 42.826069953000101 ], [ -105.778832914, 42.827492381000098 ], [ -105.779156158, 42.8290925740001 ], [ -105.779431867, 42.83042778 ], [ -105.779769372, 42.832052299000097 ], [ -105.780292268, 42.83449597 ], [ -105.780560251, 42.835277244 ], [ -105.780678497, 42.836195763 ], [ -105.779993979, 42.836575715 ], [ -105.779523374, 42.836826692000102 ], [ -105.779020616, 42.837370405000101 ] ] ] } },
{ "type": "Feature", "properties": { "objectid": "69630", "id": "201379", "type": "AC; OVERHEAD", "status": "NOT AVAILABLE", "naics_code": "221121", "naics_desc": "ELECTRIC BULK POWER TRANSMISSION AND CONTROL", "source": "Regional Map", "sourcedate": "2014-06-30 20:00:00-06:00", "val_method": "IMAGERY/OTHER", "val_date": "2014-06-30 20:00:00-06:00", "owner": "TRI-STATE G & T ASSN, INC", "voltage": 230.0, "volt_class": "220-287", "inferred": "N", "sub_1": "HAYDEN", "sub_2": "CRAIG", "shape_lengt": 52793.696958540997, "globalid": "21a19199-fee3-4053-91b8-8f586586988d" }, "geometry": { "type": "MultiLineString", "coordinates": [ [ [ -107.185877241, 40.480566557 ], [ -107.187217528, 40.480442233000097 ], [ -107.1873679, 40.479269300000098 ], [ -107.188362611, 40.476840137000103 ], [ -107.188531011, 40.467326433 ], [ -107.192679411, 40.463097432 ], [ -107.195428204, 40.461520569000101 ], [ -107.197226011, 40.460961031000103 ], [ -107.201690111, 40.459527530000102 ], [ -107.205578411, 40.45828013 ], [ -107.209198411, 40.457123729000102 ], [ -107.212325011, 40.45611913 ], [ -107.215890311, 40.454996729000101 ], [ -107.220809911, 40.453432628 ], [ -107.224495811, 40.452236728000102 ], [ -107.229280711, 40.450709927 ], [ -107.232770111, 40.4496047270001 ], [ -107.235418611, 40.448746826 ], [ -107.239676211, 40.447374026 ], [ -107.243475111, 40.446172826000101 ], [ -107.247920811, 40.4447399250001 ], [ -107.252120611, 40.443395225000103 ], [ -107.257692911, 40.441618124000101 ], [ -107.264725411, 40.441191424000102 ], [ -107.269862311, 40.440883724000102 ], [ -107.274700811, 40.440857524000101 ], [ -107.277567211, 40.440848824 ], [ -107.283655411, 40.440816824000102 ], [ -107.287194411, 40.440787724000103 ], [ -107.290867211, 40.440773224 ], [ -107.294165511, 40.440744124 ], [ -107.298189911, 40.440723724000101 ], [ -107.303181211, 40.4407528240001 ], [ -107.309071711, 40.4407996240001 ], [ -107.314724211, 40.440828724 ], [ -107.316547211, 40.441439524 ], [ -107.319585611, 40.442402324 ], [ -107.324852111, 40.444089325 ], [ -107.329702011, 40.443952625000101 ], [ -107.334238611, 40.443821725000099 ], [ -107.338572511, 40.443687925000098 ], [ -107.342325611, 40.4435774250001 ], [ -107.347355211, 40.4434290250001 ], [ -107.350813011, 40.443339125000101 ], [ -107.355306711, 40.443191125 ], [ -107.359724911, 40.443049125000101 ], [ -107.364710911, 40.442910125 ], [ -107.368890911, 40.442771224000097 ], [ -107.373281411, 40.442656325 ], [ -107.379990211, 40.443324025 ], [ -107.383630411, 40.443674525000098 ], [ -107.388525011, 40.444154825000098 ], [ -107.391653111, 40.444450925000098 ], [ -107.397691011, 40.445052125000103 ], [ -107.40086681, 40.445360226 ], [ -107.405737611, 40.445834526000098 ], [ -107.411108511, 40.446372326000102 ], [ -107.415026611, 40.4450400260001 ], [ -107.422239511, 40.4426261240001 ], [ -107.425474811, 40.441529424000102 ], [ -107.430087611, 40.439982623 ], [ -107.432497211, 40.439185024 ], [ -107.437510911, 40.437468823000103 ], [ -107.441393311, 40.436918922000103 ], [ -107.445680511, 40.436308622000098 ], [ -107.449971811, 40.435707322 ], [ -107.454497211, 40.435042622 ], [ -107.457835711, 40.434199622 ], [ -107.460465811, 40.433533921 ], [ -107.465397611, 40.432271321 ], [ -107.471490511, 40.43072842 ], [ -107.479270411, 40.430174120000103 ], [ -107.483000611, 40.429906220000099 ], [ -107.487208211, 40.42960752 ], [ -107.492038811, 40.429262520000101 ], [ -107.496278711, 40.4289730200001 ], [ -107.500022629, 40.428656021 ], [ -107.502141888, 40.430497657 ], [ -107.506301918, 40.434008574000103 ], [ -107.510051311, 40.437214622000099 ], [ -107.515557011, 40.441832425 ], [ -107.519458311, 40.445071425 ], [ -107.521489211, 40.446764726 ], [ -107.525559411, 40.4501914270001 ], [ -107.529669184, 40.453534926 ], [ -107.532231688, 40.455649911000101 ], [ -107.536894984, 40.45951433 ], [ -107.538944987, 40.461175962 ], [ -107.542610984, 40.464253209 ], [ -107.545976867, 40.467035257000099 ], [ -107.54846088, 40.469170892000101 ], [ -107.551711335, 40.471896538000102 ], [ -107.554128311, 40.473983035000103 ], [ -107.556313611, 40.4758430360001 ], [ -107.558441211, 40.477593137 ], [ -107.562919011, 40.478888437000101 ], [ -107.567660811, 40.480227638 ], [ -107.570439811, 40.480246438 ], [ -107.573379711, 40.480243338 ], [ -107.577032011, 40.480260338 ], [ -107.580668711, 40.480276038000099 ], [ -107.584181711, 40.4801317370001 ], [ -107.587756611, 40.479996938000099 ], [ -107.590783111, 40.479874637000101 ], [ -107.590787211, 40.477886136000102 ], [ -107.590784173, 40.473004714000098 ], [ -107.591734929, 40.472360787000099 ] ] ] } },
{ "type": "Feature", "properties": { "objectid": "70114", "id": "201873", "type": "AC; OVERHEAD", "status": "NOT AVAILABLE", "naics_code": "221121", "naics_desc": "ELECTRIC BULK POWER TRANSMISSION AND CONTROL", "source": "Regional Map", "sourcedate": "2014-07-09 20:00:00-06:00", "val_method": "IMAGERY/OTHER", "val_date": "2014-07-09 20:00:00-06:00", "owner": "TRI-STATE G & T ASSN, INC", "voltage": 230.0, "volt_class": "220-287", "inferred": "N", "sub_1": "CIPRES", "sub_2": "ERIE", "shape_lengt": 10280.833706367799, "globalid": "b0a8a732-95e6-4ab4-939e-968c4924a182" }, "geometry": { "type": "MultiLineString", "coordinates": [ [ [ -104.866868859, 40.025484717 ], [ -104.867011637, 40.0255043290001 ], [ -104.868072282, 40.025488404 ], [ -104.876471289, 40.0254861290001 ], [ -104.892101108, 40.0254533680001 ], [ -104.908465357, 40.025682694000103 ], [ -104.923653092, 40.0257536760001 ], [ -104.936452146, 40.025742756 ], [ -104.939518214, 40.025731836 ], [ -104.95383604, 40.0257209150001 ], [ -104.957329932, 40.025742756 ], [ -104.957265759, 40.026507171 ], [ -104.956944891, 40.027140537 ] ] ] } },
{ "type": "Feature", "properties": { "objectid": "73463", "id": "205055", "type": "AC; OVERHEAD", "status": "NOT AVAILABLE", "naics_code": "221121", "naics_desc": "ELECTRIC BULK POWER TRANSMISSION AND CONTROL", "source": "Regional Map", "sourcedate": "2015-08-12 20:00:00-06:00", "val_method": "IMAGERY/OTHER", "val_date": "2015-08-12 20:00:00-06:00", "owner": "TRI-STATE G & T ASSN, INC", "voltage": 115.0, "volt_class": "100-161", "inferred": "N", "sub_1": "TAP205138", "sub_2": "RICHARD LAKE", "shape_lengt": 16545.034602483101, "globalid": "046c7b51-97ee-496e-8153-9a04ccb68809" }, "geometry": { "type": "MultiLineString", "coordinates": [ [ [ -105.075116371, 40.6834198 ], [ -105.075119936, 40.6831575530001 ], [ -105.075020111, 40.682508690000098 ], [ -105.075030806, 40.681378573000103 ], [ -105.07500585, 40.680261955 ], [ -105.07591141, 40.678869536 ], [ -105.074663591, 40.677631205000097 ], [ -105.074613679, 40.675773665000101 ], [ -105.074959503, 40.67411887 ], [ -105.074945242, 40.673012946 ], [ -105.074945242, 40.671909708 ], [ -105.074955937, 40.670809156000097 ], [ -105.074952372, 40.669716698000101 ], [ -105.074959503, 40.668607997 ], [ -105.075291066, 40.668178033000103 ], [ -105.076064713, 40.667193701 ], [ -105.076738535, 40.66632023 ], [ -105.077415923, 40.665452155 ], [ -105.077127142, 40.664724695000103 ], [ -105.076759926, 40.6638025130001 ], [ -105.076310712, 40.662658556 ], [ -105.075882888, 40.661547034000101 ], [ -105.075476456, 40.660538264 ], [ -105.075080719, 40.659515955000103 ], [ -105.074677852, 40.658490927000102 ], [ -105.074246463, 40.657373926 ], [ -105.072888124, 40.6569520030001 ], [ -105.07155474, 40.656520160000099 ], [ -105.070223734, 40.656087413000101 ], [ -105.068897481, 40.655661875000099 ], [ -105.067561721, 40.655229123 ], [ -105.066235468, 40.654785548000099 ], [ -105.06492823, 40.655445499000102 ], [ -105.063625745, 40.656105444000097 ], [ -105.061876422, 40.6564263980001 ], [ -105.060198403, 40.656264118 ], [ -105.059000497, 40.655802519000098 ], [ -105.057797838, 40.655373374000099 ], [ -105.056604686, 40.654926194 ], [ -105.055411533, 40.654486224 ], [ -105.054223135, 40.654042645000096 ], [ -105.052730506, 40.6540354320001 ], [ -105.051242631, 40.654002975 ], [ -105.049750002, 40.653988549000097 ], [ -105.048271634, 40.653974124000101 ], [ -105.046779006, 40.653945273 ], [ -105.045310145, 40.653974124000101 ], [ -105.043817516, 40.654002975 ], [ -105.042267844, 40.6536820090001 ], [ -105.041412197, 40.653692828 ], [ -105.040043162, 40.653671190000097 ], [ -105.038678881, 40.6536675830001 ], [ -105.037019876, 40.6536495510001 ], [ -105.035375132, 40.653642339 ], [ -105.033735142, 40.653627913 ], [ -105.032142688, 40.6536207 ], [ -105.030645306, 40.653613488000097 ], [ -105.02907662, 40.653599062000097 ], [ -105.028895983, 40.653404318000099 ], [ -105.026942256, 40.653393499 ], [ -105.026314781, 40.653588243000101 ], [ -105.024741341, 40.653555786 ], [ -105.023172655, 40.653537754000098 ], [ -105.021508897, 40.653519722 ], [ -105.019773835, 40.653505296 ], [ -105.018328742, 40.653490871 ], [ -105.016878896, 40.653487265000102 ], [ -105.015424296, 40.653487265000102 ], [ -105.013983957, 40.653480052000099 ], [ -105.01253411, 40.653476445000102 ], [ -105.011084264, 40.65346202 ], [ -105.010304675, 40.652859752 ], [ -105.010314182, 40.6516588060001 ], [ -105.01033795, 40.650461444 ], [ -105.010356964, 40.648751922 ], [ -105.010371225, 40.647659102 ], [ -105.010380732, 40.646562659 ], [ -105.010394993, 40.645480624000101 ], [ -105.010409254, 40.644387751000103 ], [ -105.010414007, 40.643287647000101 ], [ -105.010442529, 40.642205559 ], [ -105.010452036, 40.641109026 ], [ -105.010437775, 40.640016081 ], [ -105.010594644, 40.638915905 ], [ -105.010585137, 40.6377363510001 ], [ -105.01058989, 40.636531525000102 ], [ -105.010618412, 40.634349076 ], [ -105.010623165, 40.633136975000099 ], [ -105.010632673, 40.631921244000097 ], [ -105.010651687, 40.630644161000099 ], [ -105.010656441, 40.629377877 ], [ -105.010680209, 40.627180763000098 ], [ -105.010694469, 40.624774317 ], [ -105.010684962, 40.623399681000102 ], [ -105.010703977, 40.6219781120001 ], [ -105.01077528, 40.6205637300001 ], [ -105.010764585, 40.619136838 ], [ -105.011499015, 40.619144957000103 ], [ -105.01150258, 40.618785035 ], [ -105.011362773, 40.618548832000101 ] ] ] } },
{ "type": "Feature", "properties": { "objectid": "68493", "id": "200194", "type": "AC; OVERHEAD", "status": "NOT AVAILABLE", "naics_code": "221121", "naics_desc": "ELECTRIC BULK POWER TRANSMISSION AND CONTROL", "source": "Regional Map", "sourcedate": "2014-06-29 20:00:00-06:00", "val_method": "IMAGERY/OTHER", "val_date": "2014-06-29 20:00:00-06:00", "owner": "TRI-STATE G & T ASSN, INC", "voltage": 345.0, "volt_class": "345", "inferred": "N", "sub_1": "CRAIG", "sub_2": "MEEKER", "shape_lengt": 90793.910392981197, "globalid": "e1adc1b7-9fde-46cf-9c2f-9da3d37f79b4" }, "geometry": { "type": "MultiLineString", "coordinates": [ [ [ -107.591734929, 40.472360787000099 ], [ -107.593977553, 40.472885961 ], [ -107.594005433, 40.474218442 ], [ -107.604765127, 40.473831841 ], [ -107.610384564, 40.474306808 ], [ -107.62002618, 40.480911816000102 ], [ -107.637726561, 40.4847058450001 ], [ -107.680881622, 40.484832542 ], [ -107.697856093, 40.465878404000101 ], [ -107.715658234, 40.445880188 ], [ -107.734317084, 40.424936452 ], [ -107.752903333, 40.404118880000098 ], [ -107.755792913, 40.400879029000102 ], [ -107.76115098, 40.394852270000101 ], [ -107.782496124, 40.370817281 ], [ -107.809983443, 40.339878836 ], [ -107.83340502, 40.3135766400001 ], [ -107.827814625, 40.302005300000097 ], [ -107.822224229, 40.2904762800001 ], [ -107.835278165, 40.27020436 ], [ -107.850394011, 40.246767766 ], [ -107.858294152, 40.228574 ], [ -107.867239946, 40.207856407000101 ], [ -107.870320017, 40.200574346000103 ], [ -107.871361806, 40.198706137 ], [ -107.889932822, 40.173809081000101 ], [ -107.909772103, 40.147015945000099 ], [ -107.917676109, 40.136351135 ], [ -107.942860219, 40.115241652000101 ], [ -107.963401575, 40.097954357 ], [ -107.965530447, 40.095338362000099 ], [ -107.966504293, 40.0718418700001 ], [ -107.967387549, 40.047782491000099 ], [ -107.96915406, 40.029697699 ], [ -107.968565223, 40.024807219 ], [ -107.969448478, 40.022032323000097 ], [ -107.973751519, 40.014418122000102 ], [ -107.980772269, 40.011642803 ], [ -107.982106182, 40.009366858000099 ], [ -107.982150209, 40.009067146000099 ], [ -107.98047293, 40.008878481000103 ], [ -107.980316515, 40.008499483 ] ] ] } },
{ "type": "Feature", "properties": { "objectid": "73610", "id": "205358", "type": "AC", "status": "NOT AVAILABLE", "naics_code": "221121", "naics_desc": "ELECTRIC BULK POWER TRANSMISSION AND CONTROL", "source": "Regional Map", "sourcedate": "2014-06-30 20:00:00-06:00", "val_method": "IMAGERY/OTHER", "val_date": "2014-06-30 20:00:00-06:00", "owner": "TRI-STATE G & T ASSN, INC", "voltage": 138.0, "volt_class": "100-161", "inferred": "N", "sub_1": "TAP205934", "sub_2": "VERNAL", "shape_lengt": 45982.071491454699, "globalid": "692f3384-a094-4dd8-a8cb-9f027a938532" }, "geometry": { "type": "MultiLineString", "coordinates": [ [ [ -109.129415921, 40.249905916 ], [ -109.129845146, 40.250095100000102 ], [ -109.137109921, 40.253214935000102 ], [ -109.143320986, 40.255942651000097 ], [ -109.149284331, 40.258519202000102 ], [ -109.155795357, 40.261391118000098 ], [ -109.164834865, 40.265290753 ], [ -109.17689128, 40.270487216 ], [ -109.187257221, 40.275246454000097 ], [ -109.189414277, 40.276449659 ], [ -109.200786063, 40.282967475000099 ], [ -109.208625754, 40.287391873 ], [ -109.214979617, 40.290995804 ], [ -109.224885128, 40.296607611000098 ], [ -109.231669099, 40.300449617 ], [ -109.239821595, 40.3051611180001 ], [ -109.245895238, 40.308575260000097 ], [ -109.249792274, 40.3122178140001 ], [ -109.253656726, 40.315810483000099 ], [ -109.257957803, 40.31979052 ], [ -109.259352395, 40.321146958 ], [ -109.260166993, 40.322960468000097 ], [ -109.264793908, 40.326756261000099 ], [ -109.26971408, 40.33081017 ], [ -109.272933371, 40.333512641 ], [ -109.277866576, 40.3376108510001 ], [ -109.280017114, 40.339925609 ], [ -109.284293943, 40.344529422 ], [ -109.290927691, 40.351741740000101 ], [ -109.297815045, 40.359065167 ], [ -109.299336669, 40.360590781 ], [ -109.308519806, 40.366275931000096 ], [ -109.317395949, 40.371584351000102 ], [ -109.324096436, 40.375539969 ], [ -109.328591997, 40.378269272000097 ], [ -109.339366072, 40.384711232 ], [ -109.350911731, 40.3911263050001 ], [ -109.356851406, 40.394287869 ], [ -109.362564171, 40.397337467000099 ], [ -109.370946454, 40.398059185000101 ], [ -109.379982768, 40.398841885 ], [ -109.396747333, 40.399766882000101 ], [ -109.407732394, 40.400000670000097 ], [ -109.421934223, 40.400285281 ], [ -109.431780202, 40.400452281000099 ], [ -109.436972067, 40.400622502 ], [ -109.443596521, 40.4007385620001 ], [ -109.448315936, 40.401562579 ], [ -109.45045974, 40.402030679 ], [ -109.457521083, 40.401686375000097 ], [ -109.46384073, 40.401419441 ], [ -109.463967733, 40.398556608 ], [ -109.464424942, 40.397631964 ] ] ] } },
{ "type": "Feature", "properties": { "objectid": "69960", "id": "201719", "type": "AC; OVERHEAD", "status": "NOT AVAILABLE", "naics_code": "221121", "naics_desc": "ELECTRIC BULK POWER TRANSMISSION AND CONTROL", "source": "Company Map", "sourcedate": "2014-07-08 20:00:00-06:00", "val_method": "IMAGERY/OTHER", "val_date": "2014-07-08 20:00:00-06:00", "owner": "TRI-STATE G & T ASSN, INC", "voltage": 115.0, "volt_class": "100-161", "inferred": "N", "sub_1": "ANTON", "sub_2": "ARIKAREE", "shape_lengt": 30187.140747775698, "globalid": "605ad54a-0832-48b8-8cb0-da097f425fc2" }, "geometry": { "type": "MultiLineString", "coordinates": [ [ [ -103.177771116, 39.740999339 ], [ -103.1775932, 39.740975094000099 ], [ -103.177643113, 39.741378084000097 ], [ -103.175878341, 39.741378084000097 ], [ -103.171603671, 39.741400015000103 ], [ -103.155755187, 39.741524293 ], [ -103.13815738, 39.741670501 ], [ -103.114845753, 39.741867882000101 ], [ -103.092171106, 39.7420214 ], [ -103.080115991, 39.7421237450001 ], [ -103.074097939, 39.737605794000103 ], [ -103.062556212, 39.729007710000097 ], [ -103.04893241, 39.718865565 ], [ -103.043104503, 39.7145362360001 ], [ -103.039235077, 39.709365549 ], [ -103.037200538, 39.706637435000097 ], [ -103.031809962, 39.699564315 ], [ -103.024270761, 39.689600738 ], [ -103.019222444, 39.680843016 ], [ -103.013964969, 39.671030413 ], [ -103.008783551, 39.6613701140001 ], [ -103.005189833, 39.654643700000101 ], [ -102.996747449, 39.654350913 ], [ -102.989227263, 39.654102044000098 ], [ -102.973074548, 39.6535237860001 ], [ -102.972245046, 39.654993211 ], [ -102.972173742, 39.655196329 ], [ -102.97231, 39.655228000000101 ] ] ] } },
{ "type": "Feature", "properties": { "objectid": "70029", "id": "201788", "type": "AC; OVERHEAD", "status": "NOT AVAILABLE", "naics_code": "221121", "naics_desc": "ELECTRIC BULK POWER TRANSMISSION AND CONTROL", "source": "Regional Map", "sourcedate": "2014-07-02 20:00:00-06:00", "val_method": "IMAGERY/OTHER", "val_date": "2014-07-02 20:00:00-06:00", "owner": "TRI-STATE G & T ASSN, INC", "voltage": 115.0, "volt_class": "100-161", "inferred": "N", "sub_1": "CRESTED BUTTE", "sub_2": "UNKNOWN203922", "shape_lengt": 23785.115315125298, "globalid": "22f79705-6b49-4ad2-9f4a-de64ffc88ced" }, "geometry": { "type": "MultiLineString", "coordinates": [ [ [ -106.975352392, 38.861332 ], [ -106.975516956, 38.86098581 ], [ -106.974486615, 38.860308435 ], [ -106.970347422, 38.85729626 ], [ -106.966626546, 38.854618046 ], [ -106.963370334, 38.852179434 ], [ -106.959127751, 38.849065106000097 ], [ -106.956049798, 38.846843809000099 ], [ -106.954665314, 38.845816436000099 ], [ -106.953322423, 38.844872349000099 ], [ -106.951795331, 38.843761644 ], [ -106.947356662, 38.840521987 ], [ -106.94568102, 38.839304763 ], [ -106.942900167, 38.837768163000099 ], [ -106.936393685, 38.835416914000099 ], [ -106.935722239, 38.835125317000099 ], [ -106.932697765, 38.830214270000099 ], [ -106.931717336, 38.82859878 ], [ -106.928562137, 38.823502111 ], [ -106.919571902, 38.817645814000102 ], [ -106.91121746, 38.812214999 ], [ -106.905697348, 38.808506251 ], [ -106.902203456, 38.806140145 ], [ -106.899398835, 38.804297213 ], [ -106.892506123, 38.804366671 ], [ -106.890765119, 38.80293119 ], [ -106.88712862, 38.799884171 ], [ -106.882250243, 38.795892284 ], [ -106.881727347, 38.794229704 ], [ -106.879998228, 38.788741526 ], [ -106.877972008, 38.78223853 ], [ -106.875577385, 38.77677259 ], [ -106.874674201, 38.774850147000102 ], [ -106.873331311, 38.773131486000104 ], [ -106.871459583, 38.770643754 ], [ -106.871061469, 38.769087141 ], [ -106.869504667, 38.762471154 ], [ -106.869356117, 38.761929061 ], [ -106.872006246, 38.757124174000097 ], [ -106.872368708, 38.756410595 ], [ -106.871215962, 38.750066843000099 ], [ -106.869968143, 38.743022718000098 ], [ -106.868827655, 38.7359908070001 ], [ -106.868539714, 38.7345003 ], [ -106.870259301, 38.734550311000099 ], [ -106.871227845, 38.734550311000099 ] ] ] } },
{ "type": "Feature", "properties": { "objectid": "69985", "id": "201744", "type": "AC; OVERHEAD", "status": "NOT AVAILABLE", "naics_code": "221121", "naics_desc": "ELECTRIC BULK POWER TRANSMISSION AND CONTROL", "source": "Regional Map", "sourcedate": "2014-06-30 20:00:00-06:00", "val_method": "IMAGERY/OTHER", "val_date": "2014-06-30 20:00:00-06:00", "owner": "TRI-STATE G & T ASSN, INC", "voltage": 115.0, "volt_class": "100-161", "inferred": "N", "sub_1": "TAP203977", "sub_2": "CAHONE", "shape_lengt": 37189.675452793701, "globalid": "88e95919-5593-44b0-b2f7-e27e9a54195b" }, "geometry": { "type": "MultiLineString", "coordinates": [ [ [ -108.609633768, 37.508756231000099 ], [ -108.60967, 37.510127 ], [ -108.609797, 37.51464 ], [ -108.6098, 37.514773 ], [ -108.609829, 37.515772 ], [ -108.610173, 37.527994 ], [ -108.610342, 37.533965000000101 ], [ -108.610415, 37.536547 ], [ -108.610524, 37.540429000000103 ], [ -108.610647, 37.544796 ], [ -108.610814, 37.550714 ], [ -108.610962, 37.555985 ], [ -108.611386, 37.556291 ], [ -108.614221, 37.5583320000001 ], [ -108.61762, 37.560779 ], [ -108.61946, 37.562104 ], [ -108.625, 37.566093000000102 ], [ -108.625651, 37.566406 ], [ -108.634915, 37.570852000000102 ], [ -108.642823, 37.574648 ], [ -108.648636, 37.577439 ], [ -108.660865, 37.583309 ], [ -108.661806, 37.583761 ], [ -108.665591, 37.585578 ], [ -108.671163, 37.588252 ], [ -108.679233, 37.5921260000001 ], [ -108.683101, 37.593983 ], [ -108.690021, 37.597312 ], [ -108.701606, 37.602871 ], [ -108.709647, 37.60673 ], [ -108.715753, 37.60966 ], [ -108.718871, 37.611156000000101 ], [ -108.721908, 37.612613000000103 ], [ -108.73629, 37.619516 ], [ -108.746134, 37.62424 ], [ -108.74612, 37.624989 ], [ -108.744902675, 37.693430148 ], [ -108.743837871, 37.69493849 ], [ -108.741237654, 37.698658433 ], [ -108.738827582, 37.699339212 ], [ -108.738822828, 37.7007722110001 ], [ -108.738865611, 37.703829936 ], [ -108.73890364, 37.707192159 ], [ -108.738856104, 37.710321072000099 ], [ -108.741359, 37.710485 ] ] ] } },
{ "type": "Feature", "properties": { "objectid": "70187", "id": "201947", "type": "AC; OVERHEAD", "status": "NOT AVAILABLE", "naics_code": "221121", "naics_desc": "ELECTRIC BULK POWER TRANSMISSION AND CONTROL", "source": "Regional Map", "sourcedate": "2015-07-08 20:00:00-06:00", "val_method": "IMAGERY/OTHER", "val_date": "2015-07-08 20:00:00-06:00", "owner": "TRI-STATE G & T ASSN, INC", "voltage": 115.0, "volt_class": "100-161", "inferred": "N", "sub_1": "SMOKY HILLS", "sub_2": "WAANIBE", "shape_lengt": 6183.9914365367003, "globalid": "4799234d-e8c2-4662-8960-ecbff3376ada" }, "geometry": { "type": "MultiLineString", "coordinates": [ [ [ -102.240162284, 39.128915879 ], [ -102.239941242, 39.128769301 ], [ -102.238497338, 39.128702926000102 ], [ -102.236322568, 39.128572941000101 ], [ -102.234190581, 39.128448488000103 ], [ -102.232044333, 39.128329565000101 ], [ -102.230311648, 39.128003218000103 ], [ -102.224867593, 39.127981093000102 ], [ -102.216810251, 39.127939607 ], [ -102.208446301, 39.127875997 ], [ -102.195754204, 39.1278252930001 ], [ -102.187375994, 39.1277838090001 ], [ -102.185522092, 39.127723886000098 ], [ -102.185039016, 39.127699079 ], [ -102.184909, 39.127503 ] ] ] } },
{ "type": "Feature", "properties": { "objectid": "70001", "id": "201760", "type": "AC; OVERHEAD", "status": "NOT AVAILABLE", "naics_code": "221121", "naics_desc": "ELECTRIC BULK POWER TRANSMISSION AND CONTROL", "source": "Regional Map", "sourcedate": "2014-06-30 20:00:00-06:00", "val_method": "IMAGERY/OTHER", "val_date": "2014-06-30 20:00:00-06:00", "owner": "TRI-STATE G & T ASSN, INC", "voltage": 115.0, "volt_class": "100-161", "inferred": "N", "sub_1": "TAP203982", "sub_2": "HERMOSA", "shape_lengt": 54.062991155900001, "globalid": "44719f4f-919e-438b-a83e-eecba71e233b" }, "geometry": { "type": "MultiLineString", "coordinates": [ [ [ -107.837488453, 37.307025587000098 ], [ -107.837158672, 37.307309162 ] ] ] } },
{ "type": "Feature", "properties": { "objectid": "70216", "id": "201976", "type": "AC; OVERHEAD", "status": "NOT AVAILABLE", "naics_code": "221121", "naics_desc": "ELECTRIC BULK POWER TRANSMISSION AND CONTROL", "source": "Regional Map", "sourcedate": "2014-07-09 20:00:00-06:00", "val_method": "IMAGERY/OTHER", "val_date": "2014-07-09 20:00:00-06:00", "owner": "TRI-STATE G & T ASSN, INC", "voltage": 115.0, "volt_class": "100-161", "inferred": "N", "sub_1": "TAP204022", "sub_2": "TAP203980", "shape_lengt": 647.58193156849995, "globalid": "fce83ad8-2998-4db9-88c3-ef42cdcf1e4c" }, "geometry": { "type": "MultiLineString", "coordinates": [ [ [ -108.037690711, 37.006680381 ], [ -108.03792188, 37.011322086000099 ] ] ] } },
{ "type": "Feature", "properties": { "objectid": "69989", "id": "201748", "type": "AC; OVERHEAD", "status": "NOT AVAILABLE", "naics_code": "221121", "naics_desc": "ELECTRIC BULK POWER TRANSMISSION AND CONTROL", "source": "Regional Map", "sourcedate": "2014-06-30 20:00:00-06:00", "val_method": "IMAGERY/OTHER", "val_date": "2014-06-30 20:00:00-06:00", "owner": "TRI-STATE G & T ASSN, INC", "voltage": 115.0, "volt_class": "100-161", "inferred": "N", "sub_1": "UNKNOWN201499", "sub_2": "TAP203978", "shape_lengt": 371.98574505580001, "globalid": "1dd6bfea-143f-4198-a44a-a4fb6f0edf14" }, "geometry": { "type": "MultiLineString", "coordinates": [ [ [ -108.574752644, 37.429719128 ], [ -108.574594261, 37.429855022 ], [ -108.574843718, 37.432315418 ] ] ] } },
{ "type": "Feature", "properties": { "objectid": "69903", "id": "201660", "type": "AC; OVERHEAD", "status": "NOT AVAILABLE", "naics_code": "221121", "naics_desc": "ELECTRIC BULK POWER TRANSMISSION AND CONTROL", "source": "Regional Map", "sourcedate": "2014-06-22 20:00:00-06:00", "val_method": "IMAGERY/OTHER", "val_date": "2014-06-22 20:00:00-06:00", "owner": "TRI-STATE G & T ASSN, INC", "voltage": 138.0, "volt_class": "100-161", "inferred": "N", "sub_1": "MEEKER", "sub_2": "UNKNOWN201521", "shape_lengt": 81137.6327750528, "globalid": "5fc53db4-4a74-4e51-b204-a794a96da716" }, "geometry": { "type": "MultiLineString", "coordinates": [ [ [ -107.980473, 40.006527 ], [ -107.973799295, 40.006097836 ], [ -107.973956163, 40.002558557 ], [ -107.97614757, 39.937358608000103 ], [ -107.969254858, 39.918585298 ], [ -107.968898338, 39.915303997000102 ], [ -107.962956345, 39.899442158000099 ], [ -107.960817228, 39.897254030000099 ], [ -107.958202751, 39.885582834 ], [ -107.955825953, 39.884032604 ], [ -107.952973797, 39.874730486 ], [ -107.954399875, 39.832034009 ], [ -107.9500028, 39.81660931 ], [ -107.945605725, 39.7501248720001 ], [ -107.939544892, 39.722708752000102 ], [ -107.943347768, 39.7145732050001 ], [ -107.930988422, 39.694733075 ], [ -107.928730465, 39.692629869 ], [ -107.922431951, 39.6843993190001 ], [ -107.900565417, 39.665190888 ], [ -107.899614697, 39.664641997 ], [ -107.899020499, 39.663361235 ], [ -107.891771267, 39.657597512000102 ], [ -107.890820547, 39.656225126 ], [ -107.886423473, 39.652565296 ], [ -107.877867003, 39.650277804 ], [ -107.865151137, 39.641218594000101 ], [ -107.85362367, 39.635910627000101 ], [ -107.844354161, 39.628405563000101 ], [ -107.82831078, 39.619343488 ], [ -107.823557185, 39.615864801 ], [ -107.806444244, 39.606068609 ], [ -107.753085145, 39.569435059000099 ], [ -107.745669538, 39.553988215 ], [ -107.745065832, 39.522002502000099 ], [ -107.743815637, 39.521991501000102 ], [ -107.743804301, 39.521827859 ] ] ] } },
{ "type": "Feature", "properties": { "objectid": "69959", "id": "201718", "type": "AC; OVERHEAD", "status": "NOT AVAILABLE", "naics_code": "221121", "naics_desc": "ELECTRIC BULK POWER TRANSMISSION AND CONTROL", "source": "Company Map", "sourcedate": "2014-07-08 20:00:00-06:00", "val_method": "IMAGERY/OTHER", "val_date": "2014-07-08 20:00:00-06:00", "owner": "TRI-STATE G & T ASSN, INC", "voltage": 115.0, "volt_class": "100-161", "inferred": "N", "sub_1": "LAST CHANCE", "sub_2": "ANTON", "shape_lengt": 50600.131139844299, "globalid": "e5efe8c2-6e71-4492-bc82-a9d1ff0ba587" }, "geometry": { "type": "MultiLineString", "coordinates": [ [ [ -103.630439292, 39.739487901000103 ], [ -103.630131837, 39.7394773440001 ], [ -103.628810337, 39.7396454880001 ], [ -103.619322163, 39.739630867000102 ], [ -103.603768401, 39.739608935 ], [ -103.599832425, 39.739535829 ], [ -103.59386191, 39.737357225 ], [ -103.581455029, 39.739587003 ], [ -103.562012827, 39.7396454880001 ], [ -103.540688202, 39.739601624 ], [ -103.517927991, 39.739543139 ], [ -103.496023427, 39.7394773440001 ], [ -103.473767097, 39.739367683000097 ], [ -103.45478124, 39.739353063000102 ], [ -103.433180907, 39.739228781000101 ], [ -103.424710001, 39.7390825680001 ], [ -103.411903817, 39.737985956 ], [ -103.405733652, 39.737415712 ], [ -103.389989746, 39.737371847000098 ], [ -103.382441039, 39.737342603 ], [ -103.369644362, 39.738797451 ], [ -103.3510483, 39.738972907000097 ], [ -103.328402176, 39.739214160000103 ], [ -103.307391287, 39.739535829 ], [ -103.285524753, 39.739820942 ], [ -103.263325466, 39.740142609 ], [ -103.241449425, 39.7405227570001 ], [ -103.226656238, 39.740610484000101 ], [ -103.224849872, 39.740398478 ], [ -103.223024492, 39.740179162000103 ], [ -103.219364224, 39.739806322 ], [ -103.217272642, 39.739535829 ], [ -103.20419075, 39.739791700000097 ], [ -103.183788323, 39.739989087 ], [ -103.180120924, 39.740018329 ], [ -103.178883801, 39.740448738 ], [ -103.177750069, 39.740799643000102 ], [ -103.177771116, 39.740999339 ] ] ] } },
{ "type": "Feature", "properties": { "objectid": "70208", "id": "201968", "type": "AC; OVERHEAD", "status": "NOT AVAILABLE", "naics_code": "221121", "naics_desc": "ELECTRIC BULK POWER TRANSMISSION AND CONTROL", "source": "Regional Map", "sourcedate": "2014-07-09 20:00:00-06:00", "val_method": "IMAGERY/OTHER", "val_date": "2014-07-09 20:00:00-06:00", "owner": "TRI-STATE G & T ASSN, INC", "voltage": 115.0, "volt_class": "100-161", "inferred": "N", "sub_1": "TAP204019", "sub_2": "WILLOW CREEK", "shape_lengt": 6115.0000162934002, "globalid": "28e40536-3753-4253-991c-aa31c4df1a3b" }, "geometry": { "type": "MultiLineString", "coordinates": [ [ [ -102.595176379, 38.035478042000101 ], [ -102.595301979, 38.042336912000103 ], [ -102.595411235, 38.056112404 ], [ -102.595524061, 38.067499728 ], [ -102.595612053, 38.075274268000101 ], [ -102.595636155, 38.077519373 ], [ -102.595642071, 38.078070368 ], [ -102.595467, 38.078715 ] ] ] } },
{ "type": "Feature", "properties": { "objectid": "68501", "id": "200202", "type": "AC; OVERHEAD", "status": "NOT AVAILABLE", "naics_code": "221121", "naics_desc": "ELECTRIC BULK POWER TRANSMISSION AND CONTROL", "source": "Regional Map", "sourcedate": "2014-06-29 20:00:00-06:00", "val_method": "IMAGERY/OTHER", "val_date": "2014-06-29 20:00:00-06:00", "owner": "TRI-STATE G & T ASSN, INC", "voltage": 345.0, "volt_class": "345", "inferred": "N", "sub_1": "AULT", "sub_2": "LARAMIE RIVER", "shape_lengt": 237707.01010383101, "globalid": "061d82d7-a5a0-4412-a12e-acb027ac97a4" }, "geometry": { "type": "MultiLineString", "coordinates": [ [ [ -104.813195224, 40.607539759000097 ], [ -104.813448142, 40.608737570000102 ], [ -104.815446967, 40.608369170000103 ], [ -104.817780853, 40.60925508 ], [ -104.825059806, 40.611316310000099 ], [ -104.835238787, 40.615596448000097 ], [ -104.84984291, 40.630785215000103 ], [ -104.863453397, 40.644901006 ], [ -104.872731174, 40.654578681 ], [ -104.887000234, 40.666454706 ], [ -104.88678071, 40.689814940000097 ], [ -104.886861587, 40.696428973 ], [ -104.88740462, 40.711397915000099 ], [ -104.877895765, 40.711494252000101 ], [ -104.877710903, 40.726494831 ], [ -104.877583809, 40.743785525000099 ], [ -104.877445163, 40.757063476 ], [ -104.875169046, 40.765823547 ], [ -104.876890576, 40.7717737850001 ], [ -104.877271855, 40.784005102 ], [ -104.877422055, 40.790566039 ], [ -104.886734495, 40.797852293000098 ], [ -104.88674297, 40.820012290000101 ], [ -104.886826926, 40.829279856 ], [ -104.887023342, 40.847837335000101 ], [ -104.887173543, 40.851149688000099 ], [ -104.887416174, 40.8693253490001 ], [ -104.88746239, 40.896265082000099 ], [ -104.886561186, 40.898561964000102 ], [ -104.886468755, 40.913790983000098 ], [ -104.886295447, 40.955504362 ], [ -104.886122138, 40.97950445 ], [ -104.897479616, 40.987729298 ], [ -104.911506043, 40.997889013000098 ], [ -104.919397353, 40.997880293 ], [ -104.925486256, 41.007768162 ], [ -104.925520917, 41.02088866 ], [ -104.925601795, 41.037623309 ], [ -104.925671118, 41.054318854 ], [ -104.925821319, 41.067560741000101 ], [ -104.935549697, 41.080364503000098 ], [ -104.944989229, 41.092948084 ], [ -104.953978159, 41.104702193 ], [ -104.964665511, 41.119065470000102 ], [ -104.978518631, 41.137941869 ], [ -104.986155754, 41.1483916110001 ], [ -104.980124622, 41.1737477120001 ], [ -104.973365593, 41.193069170000101 ], [ -104.963602553, 41.221032575 ], [ -104.963706538, 41.245040095 ], [ -104.963706538, 41.254274082000101 ], [ -104.963810523, 41.283279245000102 ], [ -104.963856738, 41.3083227320001 ], [ -104.963879847, 41.3361934590001 ], [ -104.963637214, 41.364884724 ], [ -104.963383029, 41.393277313 ], [ -104.963198166, 41.422454572 ], [ -104.963024858, 41.444378717000099 ], [ -104.962366286, 41.473169431 ], [ -104.962077439, 41.4924888400001 ], [ -104.961927238, 41.5117159710001 ], [ -104.961707714, 41.534734289 ], [ -104.961499744, 41.554286072 ], [ -104.961511298, 41.588411851 ], [ -104.96154596, 41.619911187000099 ], [ -104.961985008, 41.634990174000102 ], [ -104.962504933, 41.652422473000101 ], [ -104.963013305, 41.668218850000102 ], [ -104.9564738, 41.686582658000098 ], [ -104.966063532, 41.700895545 ], [ -104.962158316, 41.70482909 ], [ -104.962204532, 41.736168081000102 ], [ -104.966410149, 41.757106837 ], [ -104.968120126, 41.765432167 ], [ -104.96341769, 41.786051238 ], [ -104.963521676, 41.807955504000098 ], [ -104.963544784, 41.829507918 ], [ -104.963336813, 41.860114855000099 ], [ -104.963094182, 41.890234094 ], [ -104.962816888, 41.919341885 ], [ -104.962712904, 41.934419402000103 ], [ -104.941003136, 41.948591081000103 ], [ -104.925035653, 41.96355 ], [ -104.911170981, 41.976504112 ], [ -104.902840623, 41.984294209 ], [ -104.89351663, 41.992993598000098 ], [ -104.884897425, 42.009993908000098 ], [ -104.873794133, 42.032036029 ], [ -104.863765352, 42.051839951 ], [ -104.856648153, 42.065856848000102 ], [ -104.874325612, 42.078352779 ], [ -104.881627673, 42.083395053 ], [ -104.882771508, 42.097259241000103 ], [ -104.883326095, 42.103877313 ], [ -104.887762791, 42.105874602 ], [ -104.88749593, 42.106727668000097 ], [ -104.887240409, 42.107528076 ] ] ] } },
{ "type": "Feature", "properties": { "objectid": "68509", "id": "200210", "type": "AC; OVERHEAD", "status": "NOT AVAILABLE", "naics_code": "221121", "naics_desc": "ELECTRIC BULK POWER TRANSMISSION AND CONTROL", "source": "Regional Map", "sourcedate": "2014-06-29 20:00:00-06:00", "val_method": "IMAGERY/OTHER", "val_date": "2014-06-29 20:00:00-06:00", "owner": "TRI-STATE G & T ASSN, INC", "voltage": 345.0, "volt_class": "345", "inferred": "N", "sub_1": "LARAMIE RIVER", "sub_2": "UNKNOWN202177", "shape_lengt": 265209.310245589, "globalid": "d42e1fe4-c533-4e36-97b4-b4d98eece254" }, "geometry": { "type": "MultiLineString", "coordinates": [ [ [ -104.887240409, 42.107528076 ], [ -104.887112355, 42.105989042 ], [ -104.882580939, 42.103905160000103 ], [ -104.882119623, 42.102024842 ], [ -104.88075903, 42.095984917000102 ], [ -104.87936924, 42.089645410000102 ], [ -104.878534198, 42.085753862000097 ], [ -104.860811459, 42.078026393000101 ], [ -104.845231798, 42.071255958000101 ], [ -104.844011353, 42.065048369000102 ], [ -104.84265076, 42.058250536000102 ], [ -104.841237613, 42.050901296000099 ], [ -104.839993809, 42.044713399 ], [ -104.838095987, 42.035085620000103 ], [ -104.838189418, 42.0322447140001 ], [ -104.834300343, 42.023851369000099 ], [ -104.834837572, 42.018341956 ], [ -104.833622966, 42.0123200990001 ], [ -104.832420038, 42.006293333 ], [ -104.831474047, 42.001502753000103 ], [ -104.815135258, 41.996425386000098 ], [ -104.800717648, 41.9919248510001 ], [ -104.781143802, 41.985805002000099 ], [ -104.765610857, 41.980978153000102 ], [ -104.744361088, 41.974344979000101 ], [ -104.731467576, 41.970311776000102 ], [ -104.725914257, 41.966074250000098 ], [ -104.717236829, 41.959904151 ], [ -104.708255751, 41.953703055000098 ], [ -104.696430858, 41.945512169 ], [ -104.679408853, 41.933753844000101 ], [ -104.663613133, 41.922844942 ], [ -104.654176577, 41.916223097 ], [ -104.642958988, 41.909248561 ], [ -104.631110738, 41.901812562 ], [ -104.617195321, 41.893158594000099 ], [ -104.602882822, 41.884216522 ], [ -104.590444788, 41.876586299 ], [ -104.578555661, 41.869550903000103 ], [ -104.56266067, 41.860153225 ], [ -104.553533605, 41.854773182 ], [ -104.538386065, 41.847757136 ], [ -104.521340701, 41.839861533 ], [ -104.50551308, 41.832539802 ], [ -104.489303323, 41.822612884000101 ], [ -104.47051474, 41.811090062000098 ], [ -104.451191378, 41.799263950000103 ], [ -104.422871839, 41.7819593460001 ], [ -104.409252791, 41.773602198000098 ], [ -104.388479582, 41.758604461000097 ], [ -104.36799159, 41.743886961 ], [ -104.347432294, 41.729059659 ], [ -104.331008624, 41.717280512000102 ], [ -104.309272813, 41.713625699 ], [ -104.296877815, 41.711549814000101 ], [ -104.282272396, 41.699323802 ], [ -104.265872495, 41.685560102000103 ], [ -104.250958092, 41.673045093 ], [ -104.247820719, 41.659684189000103 ], [ -104.245170591, 41.648416261000101 ], [ -104.241890611, 41.634650556000103 ], [ -104.240036709, 41.626762814000102 ], [ -104.213167015, 41.621672576 ], [ -104.180699964, 41.6154713600001 ], [ -104.155850549, 41.603289297000103 ], [ -104.134851545, 41.592980285000102 ], [ -104.106627078, 41.579104956 ], [ -104.086685749, 41.579211632000103 ], [ -104.06251372, 41.57927386 ], [ -104.043915282, 41.579309419 ], [ -104.016926748, 41.571228203 ], [ -103.980930154, 41.560487243000097 ], [ -103.954761616, 41.552608219 ], [ -103.935141154, 41.546907333 ], [ -103.915021565, 41.541428317000097 ], [ -103.892715322, 41.535335035000102 ], [ -103.877824687, 41.531216185000098 ], [ -103.859689725, 41.526278556000101 ], [ -103.83740725, 41.518697897 ], [ -103.801291816, 41.513465656 ], [ -103.777713987, 41.510066253 ], [ -103.74672055, 41.5055720020001 ], [ -103.733172806, 41.503631814000101 ], [ -103.703688636, 41.49714333 ], [ -103.681917172, 41.492390037000099 ], [ -103.671518684, 41.4805676 ], [ -103.640097424, 41.468725196 ], [ -103.608165152, 41.450057888000103 ], [ -103.561425435, 41.431456487 ], [ -103.545786109, 41.425254835 ], [ -103.521233793, 41.414605503000097 ], [ -103.510640207, 41.409563013 ], [ -103.47290162, 41.391242148000103 ], [ -103.472818432, 41.3767528280001 ], [ -103.47278278, 41.366505817000103 ], [ -103.472735244, 41.358897548000101 ], [ -103.472675824, 41.348415768000102 ], [ -103.472616404, 41.334479079000097 ], [ -103.4725451, 41.322476147 ], [ -103.471879597, 41.309560486000102 ], [ -103.451130156, 41.300392117000101 ], [ -103.423262208, 41.288079299000103 ], [ -103.399244672, 41.277461088 ], [ -103.369178187, 41.264125597 ], [ -103.327299019, 41.248500048 ], [ -103.308771884, 41.241592882000099 ], [ -103.283066821, 41.232030659 ], [ -103.261521154, 41.223977646 ], [ -103.233867118, 41.224478195000103 ], [ -103.193105044, 41.225193258 ], [ -103.151118921, 41.2125891170001 ], [ -103.124379951, 41.204533710000099 ], [ -103.087777274, 41.193571041 ], [ -103.079030659, 41.190906102 ], [ -103.051127059, 41.191192275 ], [ -103.049539047, 41.191218965000097 ], [ -103.048811885, 41.191355609 ] ] ] } },
{ "type": "Feature", "properties": { "objectid": "77551", "id": "209721", "type": "AC; OVERHEAD", "status": "NOT AVAILABLE", "naics_code": "221121", "naics_desc": "ELECTRIC BULK POWER TRANSMISSION AND CONTROL", "source": "IMAGERY", "sourcedate": "2018-04-04 20:00:00-06:00", "val_method": "IMAGERY", "val_date": "2018-04-04 20:00:00-06:00", "owner": "TRI-STATE G & T ASSN, INC", "voltage": 115.0, "volt_class": "100-161", "inferred": "Y", "sub_1": "TAP208059", "sub_2": "TAP208056", "shape_lengt": 8624.9457808685002, "globalid": "da834f27-8043-4638-9d98-049a8b3c60f1" }, "geometry": { "type": "MultiLineString", "coordinates": [ [ [ -108.824949, 37.711701 ], [ -108.843902, 37.711525 ], [ -108.845105, 37.711882000000102 ], [ -108.85227, 37.716909 ], [ -108.853385, 37.717893000000103 ], [ -108.878973, 37.748118 ] ] ] } },
{ "type": "Feature", "properties": { "objectid": "69976", "id": "201735", "type": "AC; OVERHEAD", "status": "NOT AVAILABLE", "naics_code": "221121", "naics_desc": "ELECTRIC BULK POWER TRANSMISSION AND CONTROL", "source": "Regional Map", "sourcedate": "2014-06-23 20:00:00-06:00", "val_method": "IMAGERY/OTHER", "val_date": "2014-06-23 20:00:00-06:00", "owner": "TRI-STATE G & T ASSN, INC", "voltage": 115.0, "volt_class": "100-161", "inferred": "N", "sub_1": "MONTROSE", "sub_2": "GRAND JUNCTION", "shape_lengt": 104917.648039224, "globalid": "33e2fc50-aa7a-4e61-9a17-05cd380c1150" }, "geometry": { "type": "MultiLineString", "coordinates": [ [ [ -107.952096487, 38.438374327000098 ], [ -107.950857661, 38.438349088 ], [ -107.951009773, 38.439602907 ], [ -107.952307504, 38.4396755120001 ], [ -107.953569583, 38.439725777 ], [ -107.954382448, 38.440326158000097 ], [ -108.019481737, 38.487308913 ], [ -108.053707617, 38.522350863 ], [ -108.109704961, 38.596173235 ], [ -108.162755077, 38.678975032 ], [ -108.172642553, 38.713849368000098 ], [ -108.219417924, 38.819185129000097 ], [ -108.250791648, 38.830813669000101 ], [ -108.294334574, 38.863096978000101 ], [ -108.329796389, 38.908609304 ], [ -108.34890584, 38.939156499 ], [ -108.383702152, 38.961263572000099 ], [ -108.414505445, 38.991049152000102 ], [ -108.414908311, 39.04512264 ], [ -108.415411004, 39.045823171000102 ], [ -108.415396604, 39.0465236470001 ], [ -108.415411467, 39.047056774 ], [ -108.414607626, 39.046989006 ] ] ] } },
{ "type": "Feature", "properties": { "objectid": "78848", "id": "211086", "type": "AC; OVERHEAD", "status": "IN SERVICE", "naics_code": "221121", "naics_desc": "ELECTRIC BULK POWER TRANSMISSION AND CONTROL", "source": "IMAGERY", "sourcedate": "2018-12-09 18:00:00-07:00", "val_method": "IMAGERY/OTHER", "val_date": "2018-12-09 18:00:00-07:00", "owner": "TRI-STATE G & T ASSN, INC", "voltage": 34.5, "volt_class": "UNDER 100", "inferred": "Y", "sub_1": "UNKNOWN209010", "sub_2": "UNKNOWN209071", "shape_lengt": 12169.183627684901, "globalid": "a9afbac1-c46d-4b0e-9e61-076cdfcfa9ea" }, "geometry": { "type": "MultiLineString", "coordinates": [ [ [ -108.583718365, 38.2464090020001 ], [ -108.584136459, 38.246468587 ], [ -108.586124, 38.2463890000001 ], [ -108.58722, 38.247365 ], [ -108.588682, 38.248622 ], [ -108.589815, 38.249597000000101 ], [ -108.591082, 38.250687 ], [ -108.591992, 38.251463000000101 ], [ -108.593324, 38.252611 ], [ -108.594481, 38.253521 ], [ -108.595668, 38.254622 ], [ -108.596596, 38.255422000000102 ], [ -108.597429, 38.256139 ], [ -108.599329, 38.25756 ], [ -108.600284, 38.258596 ], [ -108.601513, 38.259654 ], [ -108.603595, 38.261436 ], [ -108.604353, 38.262908 ], [ -108.605046, 38.264285 ], [ -108.605906, 38.2659120000001 ], [ -108.606465, 38.26698 ], [ -108.607283, 38.268616000000101 ], [ -108.607726, 38.269473 ], [ -108.608229, 38.270451 ], [ -108.608937, 38.271822 ], [ -108.610688, 38.275249 ], [ -108.611384, 38.2765810000001 ], [ -108.611902, 38.277613 ], [ -108.612506, 38.278747000000102 ], [ -108.61341, 38.280516 ], [ -108.613886, 38.281459 ], [ -108.614757, 38.283146 ], [ -108.615575, 38.284722 ], [ -108.6162, 38.285936 ], [ -108.616884, 38.287280000000102 ], [ -108.617636, 38.28874 ], [ -108.618359, 38.290147 ], [ -108.619043, 38.2914740000001 ], [ -108.619781, 38.292901 ], [ -108.620426, 38.294157 ], [ -108.621045, 38.295349 ], [ -108.621685, 38.296601000000102 ], [ -108.622428, 38.298055 ], [ -108.623016, 38.299205 ], [ -108.623568, 38.3002520000001 ], [ -108.624151, 38.301398 ], [ -108.624636, 38.3023430000001 ], [ -108.62516, 38.303362 ], [ -108.625612, 38.304235 ], [ -108.626702, 38.306362 ], [ -108.626951, 38.306845000000102 ], [ -108.628079, 38.309029000000102 ], [ -108.628895, 38.310621 ], [ -108.629438, 38.311678 ], [ -108.630109, 38.3129980000001 ], [ -108.63074, 38.3142 ], [ -108.631356, 38.315413 ], [ -108.631917, 38.31651 ], [ -108.632527, 38.317686 ], [ -108.633217, 38.319018 ], [ -108.633905226, 38.320350695000101 ] ] ] } },
{ "type": "Feature", "properties": { "objectid": "69987", "id": "201746", "type": "AC; OVERHEAD", "status": "NOT AVAILABLE", "naics_code": "221121", "naics_desc": "ELECTRIC BULK POWER TRANSMISSION AND CONTROL", "source": "Regional Map", "sourcedate": "2014-06-30 20:00:00-06:00", "val_method": "IMAGERY/OTHER", "val_date": "2014-06-30 20:00:00-06:00", "owner": "TRI-STATE G & T ASSN, INC", "voltage": 115.0, "volt_class": "100-161", "inferred": "N", "sub_1": "EMPIRE", "sub_2": "TAP203977", "shape_lengt": 3263.0655589926, "globalid": "d3f6d076-efe5-4b9c-abf3-110d9b5bbaee" }, "geometry": { "type": "MultiLineString", "coordinates": [ [ [ -108.610203, 37.486188 ], [ -108.609100798, 37.486413999 ], [ -108.609136, 37.487339 ], [ -108.609247, 37.491303000000102 ], [ -108.609237, 37.4916640000001 ], [ -108.609431, 37.498059 ], [ -108.609447, 37.498584000000101 ], [ -108.609476, 37.4995410000001 ], [ -108.609471, 37.499684 ], [ -108.609402, 37.499991000000101 ], [ -108.609622, 37.508311 ], [ -108.609633768, 37.508756231000099 ] ] ] } },
{ "type": "Feature", "properties": { "objectid": "70324", "id": "202085", "type": "AC; OVERHEAD", "status": "NOT AVAILABLE", "naics_code": "221121", "naics_desc": "ELECTRIC BULK POWER TRANSMISSION AND CONTROL", "source": "IMAGERY", "sourcedate": "2019-04-28 20:00:00-06:00", "val_method": "IMAGERY", "val_date": "2019-04-28 20:00:00-06:00", "owner": "TRI-STATE G & T ASSN, INC", "voltage": 69.0, "volt_class": "UNDER 100", "inferred": "N", "sub_1": "J.M. SHAFER", "sub_2": "FORT LUPTON", "shape_lengt": 468.76317470919997, "globalid": "0c7d2b26-535c-49da-93fc-3613c7242fd1" }, "geometry": { "type": "MultiLineString", "coordinates": [ [ [ -104.773260305, 40.098152272 ], [ -104.772231917, 40.098459911000099 ], [ -104.772223309, 40.09975926 ], [ -104.772506265, 40.100814348 ] ] ] } },
{ "type": "Feature", "properties": { "objectid": "74856", "id": "207170", "type": "AC; OVERHEAD", "status": "NOT AVAILABLE", "naics_code": "221121", "naics_desc": "ELECTRIC BULK POWER TRANSMISSION AND CONTROL", "source": "IMAGERY", "sourcedate": "2016-05-17 20:00:00-06:00", "val_method": "IMAGERY", "val_date": "2016-05-17 20:00:00-06:00", "owner": "TRI-STATE G & T ASSN, INC", "voltage": 46.0, "volt_class": "UNDER 100", "inferred": "Y", "sub_1": "NOT AVAILABLE", "sub_2": "UNKNOWN201407", "shape_lengt": 46.790486368800003, "globalid": "7b1d273b-28b0-43a9-b989-3c3325b39881" }, "geometry": { "type": "MultiLineString", "coordinates": [ [ [ -107.782854966, 37.523753861 ], [ -107.78290196, 37.523637862 ], [ -107.783142682, 37.5237289230001 ] ] ] } },
{ "type": "Feature", "properties": { "objectid": "69945", "id": "201704", "type": "AC; OVERHEAD", "status": "NOT AVAILABLE", "naics_code": "221121", "naics_desc": "ELECTRIC BULK POWER TRANSMISSION AND CONTROL", "source": "Regional Map", "sourcedate": "2014-07-13 20:00:00-06:00", "val_method": "IMAGERY/OTHER", "val_date": "2014-07-13 20:00:00-06:00", "owner": "TRI-STATE G & T ASSN, INC", "voltage": 115.0, "volt_class": "100-161", "inferred": "N", "sub_1": "NORTH YUMA", "sub_2": "RED WILLOW", "shape_lengt": 10839.991983710799, "globalid": "1472217c-ae16-4ad5-999d-429a74856c26" }, "geometry": { "type": "MultiLineString", "coordinates": [ [ [ -102.738062026, 40.262853273000097 ], [ -102.737815087, 40.262399335000097 ], [ -102.737362313, 40.262391216 ], [ -102.737267241, 40.271669554 ], [ -102.737162662, 40.2815631120001 ], [ -102.737077098, 40.289562488000101 ], [ -102.73706759, 40.295291288 ], [ -102.737134141, 40.300881837000098 ], [ -102.737172169, 40.311764317 ], [ -102.737124634, 40.320376256 ], [ -102.737069967, 40.326395988000101 ], [ -102.737041445, 40.3288910650001 ], [ -102.737020055, 40.335326743 ], [ -102.737105619, 40.335696341000101 ], [ -102.737258669, 40.335717642000098 ] ] ] } },
{ "type": "Feature", "properties": { "objectid": "70341", "id": "202102", "type": "AC; OVERHEAD", "status": "NOT AVAILABLE", "naics_code": "221121", "naics_desc": "ELECTRIC BULK POWER TRANSMISSION AND CONTROL", "source": "Regional Map", "sourcedate": "2014-07-08 20:00:00-06:00", "val_method": "IMAGERY/OTHER", "val_date": "2014-07-08 20:00:00-06:00", "owner": "TRI-STATE G & T ASSN, INC", "voltage": 230.0, "volt_class": "220-287", "inferred": "N", "sub_1": "HENRY LAKE", "sub_2": "UNKNOWN204085", "shape_lengt": 7317.1340648135001, "globalid": "a8f29134-a72e-4763-8b19-4dfae6b3f712" }, "geometry": { "type": "MultiLineString", "coordinates": [ [ [ -104.754969833, 40.016444277000097 ], [ -104.755132817, 40.017048936 ], [ -104.7550116, 40.017889899000103 ], [ -104.755065079, 40.019593636 ], [ -104.755246903, 40.023429621 ], [ -104.755378816, 40.025671046000099 ], [ -104.757450195, 40.025660126 ], [ -104.759453857, 40.025849215 ], [ -104.778107921, 40.025829368000103 ], [ -104.792785972, 40.025760432 ], [ -104.798482054, 40.025625692000098 ], [ -104.801379199, 40.025566156 ], [ -104.801421735, 40.02189366 ], [ -104.80139966, 40.020301690000103 ], [ -104.800647828, 40.020374154000102 ] ] ] } },
{ "type": "Feature", "properties": { "objectid": "70079", "id": "201838", "type": "AC; OVERHEAD", "status": "NOT AVAILABLE", "naics_code": "221121", "naics_desc": "ELECTRIC BULK POWER TRANSMISSION AND CONTROL", "source": "Regional Map", "sourcedate": "2014-07-08 20:00:00-06:00", "val_method": "IMAGERY/OTHER", "val_date": "2014-07-08 20:00:00-06:00", "owner": "TRI-STATE G & T ASSN, INC", "voltage": 115.0, "volt_class": "100-161", "inferred": "N", "sub_1": "TAP203993", "sub_2": "WALSENBURG", "shape_lengt": 45375.856563307701, "globalid": "b09b0ecd-b273-4682-bc5b-4fa11f5e5156" }, "geometry": { "type": "MultiLineString", "coordinates": [ [ [ -104.584918335, 37.368446608 ], [ -104.586686672, 37.370432821000101 ], [ -104.593856281, 37.378306317000103 ], [ -104.601271888, 37.386470762 ], [ -104.608188369, 37.394198119000102 ], [ -104.615675279, 37.402394819000101 ], [ -104.6174864, 37.404394292000099 ], [ -104.620887597, 37.410783187 ], [ -104.625365483, 37.419130975 ], [ -104.629572414, 37.426922915 ], [ -104.633772215, 37.434731028 ], [ -104.638464012, 37.4435007370001 ], [ -104.643006072, 37.451952428 ], [ -104.647476827, 37.460250347 ], [ -104.652018887, 37.468643552000103 ], [ -104.65643973, 37.476871714 ], [ -104.660924746, 37.485178182 ], [ -104.665409763, 37.4935007 ], [ -104.669673737, 37.501409344 ], [ -104.677039432, 37.509260588000103 ], [ -104.682415747, 37.514973150000102 ], [ -104.689424922, 37.52246669 ], [ -104.696027665, 37.529518413000098 ], [ -104.702815798, 37.536756056000101 ], [ -104.706081518, 37.540216306 ], [ -104.709168978, 37.543546362 ], [ -104.714081817, 37.5487362040001 ], [ -104.719194308, 37.556706827 ], [ -104.723650803, 37.563636618 ], [ -104.728741903, 37.571583041 ], [ -104.733718917, 37.579285627000097 ], [ -104.739088101, 37.587654151 ], [ -104.74379416, 37.594982194000103 ], [ -104.74925604, 37.603382849000099 ], [ -104.750924552, 37.60602657 ], [ -104.761498923, 37.607885028 ], [ -104.775766837, 37.610398674000102 ], [ -104.784501567, 37.611963305000103 ], [ -104.789343103, 37.611178169 ], [ -104.798605482, 37.609833817 ], [ -104.798983393, 37.610088003 ], [ -104.800022648, 37.612663235000099 ], [ -104.802405387, 37.615927453 ], [ -104.803365019, 37.617610105 ], [ -104.801653724, 37.618462006000101 ], [ -104.801368509, 37.618111363 ], [ -104.80024729, 37.618341319 ] ] ] } },
{ "type": "Feature", "properties": { "objectid": "70267", "id": "202028", "type": "AC; OVERHEAD", "status": "NOT AVAILABLE", "naics_code": "221121", "naics_desc": "ELECTRIC BULK POWER TRANSMISSION AND CONTROL", "source": "IMAGERY", "sourcedate": "2014-06-29 20:00:00-06:00", "val_method": "IMAGERY", "val_date": "2014-06-29 20:00:00-06:00", "owner": "TRI-STATE G & T ASSN, INC", "voltage": 115.0, "volt_class": "100-161", "inferred": "N", "sub_1": "TAP204043", "sub_2": "UNKNOWN202883", "shape_lengt": 24967.678793946201, "globalid": "3f40397f-7cda-4dbf-af16-c4b57ae63956" }, "geometry": { "type": "MultiLineString", "coordinates": [ [ [ -104.282190295, 37.365848402 ], [ -104.269165448, 37.365881790000103 ], [ -104.248729745, 37.36592146 ], [ -104.245692198, 37.372783959000103 ], [ -104.242105611, 37.380784692000098 ], [ -104.238668762, 37.38850697 ], [ -104.23354201, 37.400006761 ], [ -104.23008377, 37.407727059 ], [ -104.226668312, 37.415491868000103 ], [ -104.22316729, 37.423272861 ], [ -104.218696534, 37.433317866 ], [ -104.21497447, 37.441617851 ], [ -104.208535726, 37.455979293 ], [ -104.204956269, 37.459556487 ], [ -104.196998752, 37.4673725150001 ], [ -104.18713742, 37.477072082000099 ], [ -104.175928444, 37.488116964 ], [ -104.168020839, 37.4958451460001 ], [ -104.1620234, 37.49584975 ] ] ] } },
{ "type": "Feature", "properties": { "objectid": "74518", "id": "206797", "type": "AC; OVERHEAD", "status": "NOT AVAILABLE", "naics_code": "221121", "naics_desc": "ELECTRIC BULK POWER TRANSMISSION AND CONTROL", "source": "IMAGERY", "sourcedate": "2016-01-17 18:00:00-07:00", "val_method": "IMAGERY", "val_date": "2016-01-17 18:00:00-07:00", "owner": "TRI-STATE G & T ASSN, INC", "voltage": 230.0, "volt_class": "220-287", "inferred": "Y", "sub_1": "NOT AVAILABLE", "sub_2": "LINCOLN", "shape_lengt": 261.5843148033, "globalid": "3f673c47-8c72-44e7-a2b0-c60ccfb9e579" }, "geometry": { "type": "MultiLineString", "coordinates": [ [ [ -103.700249515, 39.203835188 ], [ -103.700881051, 39.204163635 ], [ -103.701144291, 39.20415639 ], [ -103.701376136, 39.20415639 ], [ -103.701364061, 39.2039173000001 ], [ -103.701726319, 39.203931790000098 ], [ -103.702134247, 39.203846564000102 ] ] ] } },
{ "type": "Feature", "properties": { "objectid": "68510", "id": "200211", "type": "AC; OVERHEAD", "status": "NOT AVAILABLE", "naics_code": "221121", "naics_desc": "ELECTRIC BULK POWER TRANSMISSION AND CONTROL", "source": "IMAGERY", "sourcedate": "2017-09-20 20:00:00-06:00", "val_method": "IMAGERY", "val_date": "2017-09-20 20:00:00-06:00", "owner": "TRI-STATE G & T ASSN, INC", "voltage": 230.0, "volt_class": "220-287", "inferred": "Y", "sub_1": "LARAMIE RIVER", "sub_2": "UNKNOWN202179", "shape_lengt": 124145.64214116101, "globalid": "701420fb-c5b8-454e-9e1f-c8097fc7c0fc" }, "geometry": { "type": "MultiLineString", "coordinates": [ [ [ -104.887240409, 42.107528076 ], [ -104.886733566, 42.106033488 ], [ -104.874791027, 42.102659616 ], [ -104.860060985, 42.101714738 ], [ -104.856623064, 42.101507917 ], [ -104.836017401, 42.100181815 ], [ -104.825506873, 42.099512670000102 ], [ -104.822724836, 42.099313953 ], [ -104.809126192, 42.089916766 ], [ -104.803742484, 42.086205365000097 ], [ -104.794795145, 42.082120545000102 ], [ -104.780305593, 42.075471502 ], [ -104.771795509, 42.071580739000098 ], [ -104.75657902, 42.064605979000099 ], [ -104.749626658, 42.061404392 ], [ -104.742854666, 42.052861981 ], [ -104.737296056, 42.0457918110001 ], [ -104.718067747, 42.040397334 ], [ -104.711082592, 42.038428581000097 ], [ -104.711022469, 42.02152727 ], [ -104.711000607, 42.011087055000097 ], [ -104.696866325, 41.994605003000103 ], [ -104.686656411, 41.9826083560001 ], [ -104.679009906, 41.973673387000098 ], [ -104.66579386, 41.958185577000101 ], [ -104.660043952, 41.951385356000102 ], [ -104.650916245, 41.940604322000098 ], [ -104.644417535, 41.933013412 ], [ -104.642428023, 41.930707907000098 ], [ -104.619122308, 41.9155512990001 ], [ -104.608699232, 41.908779073 ], [ -104.592378673, 41.89816984 ], [ -104.568887124, 41.882854942000101 ], [ -104.555474314, 41.874085063000102 ], [ -104.541810082, 41.865175587000103 ], [ -104.50377979, 41.849649211 ], [ -104.479277089, 41.839571740000103 ], [ -104.460562556, 41.824959644 ], [ -104.44548271, 41.813155131 ], [ -104.421023733, 41.813481027000101 ], [ -104.399811379, 41.813501395000102 ], [ -104.382884128, 41.813493247000103 ], [ -104.361988784, 41.8131347630001 ], [ -104.341301136, 41.812812939 ], [ -104.318536525, 41.812711095000097 ], [ -104.295394781, 41.812605178000098 ], [ -104.279527875, 41.806388347 ], [ -104.276346842, 41.805129427000097 ], [ -104.239409688, 41.805369805000097 ], [ -104.210938894, 41.805512402 ], [ -104.186042663, 41.8056672210001 ], [ -104.165393275, 41.805728334 ], [ -104.141398883, 41.805769076 ], [ -104.134216962, 41.805769076 ], [ -104.125384402, 41.804730152 ], [ -104.097908364, 41.799608625000097 ], [ -104.088037322, 41.797770969 ], [ -104.050132742, 41.797982852000104 ], [ -103.997388805, 41.798243630000101 ], [ -103.970589277, 41.798373786000099 ], [ -103.964358585, 41.798353068 ], [ -103.962725722, 41.798480747 ], [ -103.961970289, 41.798331136000101 ] ] ] } },
{ "type": "Feature", "properties": { "objectid": "70212", "id": "201972", "type": "AC; OVERHEAD", "status": "NOT AVAILABLE", "naics_code": "221121", "naics_desc": "ELECTRIC BULK POWER TRANSMISSION AND CONTROL", "source": "IMAGERY", "sourcedate": "2014-07-09 20:00:00-06:00", "val_method": "IMAGERY", "val_date": "2014-07-09 20:00:00-06:00", "owner": "TRI-STATE G & T ASSN, INC", "voltage": 115.0, "volt_class": "100-161", "inferred": "N", "sub_1": "DURANGO", "sub_2": "HESPERUS", "shape_lengt": 17070.761909419201, "globalid": "da1e5c47-41c9-4ce8-8836-d56ddf654930" }, "geometry": { "type": "MultiLineString", "coordinates": [ [ [ -107.898981977, 37.243391807000101 ], [ -107.899881228, 37.243172630000103 ], [ -107.903726562, 37.243043243 ], [ -107.907675326, 37.243225561 ], [ -107.911753376, 37.243354947 ], [ -107.915698446, 37.243493156 ], [ -107.921176478, 37.2437137000001 ], [ -107.92491469, 37.241431770000098 ], [ -107.926687755, 37.240334891 ], [ -107.931744684, 37.237794068 ], [ -107.935904, 37.235732528 ], [ -107.940041152, 37.233647403000099 ], [ -107.942412626, 37.232409241 ], [ -107.950206725, 37.2283122790001 ], [ -107.960206073, 37.228597574 ], [ -107.965953758, 37.227232857 ], [ -107.97358902, 37.225347506 ], [ -107.978989481, 37.224000377 ], [ -107.987300724, 37.2219737570001 ], [ -107.990551342, 37.219144044000103 ], [ -107.992209897, 37.217740915 ], [ -107.995663681, 37.214796317 ], [ -107.997695318, 37.213045977 ], [ -108.000196078, 37.208992093000099 ], [ -108.002497369, 37.205143937000102 ], [ -108.005947457, 37.1995596450001 ], [ -108.009050322, 37.194531074000103 ], [ -108.010176957, 37.192709642000104 ], [ -108.012496717, 37.188884198 ], [ -108.012548431, 37.185497047000098 ], [ -108.012544737, 37.184340496000097 ], [ -108.014384293, 37.184190408000099 ], [ -108.015592303, 37.184408780000098 ] ] ] } },
{ "type": "Feature", "properties": { "objectid": "73196", "id": "205353", "type": "AC; OVERHEAD", "status": "NOT AVAILABLE", "naics_code": "221121", "naics_desc": "ELECTRIC BULK POWER TRANSMISSION AND CONTROL", "source": "IMAGERY", "sourcedate": "2019-02-24 18:00:00-07:00", "val_method": "IMAGERY", "val_date": "2019-02-24 18:00:00-07:00", "owner": "TRI-STATE G & T ASSN, INC", "voltage": 115.0, "volt_class": "100-161", "inferred": "N", "sub_1": "UNKNOWN203883", "sub_2": "UNKNOWN203884", "shape_lengt": 4674.5724670481004, "globalid": "bd97c4dd-8e32-4660-b823-bfc55a4b85a1" }, "geometry": { "type": "MultiLineString", "coordinates": [ [ [ -108.467927926, 39.920783577000101 ], [ -108.468053896, 39.920400779 ], [ -108.470606576, 39.919810172 ], [ -108.473316125, 39.919192217 ], [ -108.47558359, 39.918760191 ], [ -108.479405479, 39.917403943000103 ], [ -108.481893986, 39.916583618000097 ], [ -108.486307699, 39.915205451000098 ], [ -108.488232905, 39.914532763000103 ], [ -108.490293588, 39.913570208000102 ], [ -108.492504009, 39.912552947000101 ], [ -108.494417331, 39.911654171000102 ], [ -108.497084098, 39.913098040000101 ], [ -108.502493688, 39.912693322 ], [ -108.505217498, 39.91279906 ], [ -108.505881813, 39.912892491 ], [ -108.506392824, 39.912892491 ] ] ] } },
{ "type": "Feature", "properties": { "objectid": "70275", "id": "202036", "type": "AC; OVERHEAD", "status": "NOT AVAILABLE", "naics_code": "221121", "naics_desc": "ELECTRIC BULK POWER TRANSMISSION AND CONTROL", "source": "IMAGERY", "sourcedate": "2019-04-28 20:00:00-06:00", "val_method": "IMAGERY", "val_date": "2019-04-28 20:00:00-06:00", "owner": "TRI-STATE G & T ASSN, INC", "voltage": 138.0, "volt_class": "100-161", "inferred": "N", "sub_1": "WALSENBURG", "sub_2": "TAP204049", "shape_lengt": 58669.2962314592, "globalid": "c369f4df-0d6b-41fc-86fa-c10e3d50dcd8" }, "geometry": { "type": "MultiLineString", "coordinates": [ [ [ -104.80024729, 37.618341319 ], [ -104.801227366, 37.618165842000103 ], [ -104.801729146, 37.618782304 ], [ -104.800684626, 37.622383637 ], [ -104.800961116, 37.626885059000102 ], [ -104.801345131, 37.633077109 ], [ -104.806982467, 37.637500845 ], [ -104.813305909, 37.642491930000098 ], [ -104.821672309, 37.648962407000099 ], [ -104.823157165, 37.660503268000099 ], [ -104.824677864, 37.671904542 ], [ -104.82588623, 37.68100647 ], [ -104.826546735, 37.686104035 ], [ -104.827821664, 37.695564802 ], [ -104.828594814, 37.701305501 ], [ -104.835066741, 37.703217618 ], [ -104.841410664, 37.705077024 ], [ -104.852716056, 37.707142975000103 ], [ -104.862234501, 37.708848355 ], [ -104.866443302, 37.713474151000099 ], [ -104.873591095, 37.719339018 ], [ -104.876571049, 37.721793376 ], [ -104.882950813, 37.724757937 ], [ -104.887359302, 37.726859788000098 ], [ -104.904542679, 37.727370055000101 ], [ -104.918751223, 37.714835101000098 ], [ -104.9354021, 37.715053822000101 ], [ -104.948878456, 37.715300896 ], [ -104.953594156, 37.715985408000101 ], [ -104.967700296, 37.715867948 ], [ -104.977669317, 37.71297594 ], [ -104.984182206, 37.71110458 ], [ -104.99133, 37.709034688 ], [ -104.995641205, 37.7077992070001 ], [ -105.008759147, 37.708382519000097 ], [ -105.023377306, 37.708463534 ], [ -105.034349886, 37.708346062 ], [ -105.051799514, 37.708329859000102 ], [ -105.065496038, 37.7082042850001 ], [ -105.078736864, 37.708293402 ], [ -105.101936472, 37.708613412 ], [ -105.119206893, 37.708836203 ], [ -105.140655393, 37.708860507000097 ], [ -105.147967033, 37.709164312 ], [ -105.155872615, 37.699599948000099 ], [ -105.162462308, 37.691610469000103 ], [ -105.168437576, 37.695763323 ], [ -105.176655491, 37.7014918530001 ], [ -105.187648551, 37.700065839 ], [ -105.193060598, 37.702374996000103 ], [ -105.198918102, 37.699377129 ], [ -105.201948583, 37.698601886000098 ] ] ] } },
{ "type": "Feature", "properties": { "objectid": "70000", "id": "201759", "type": "AC; OVERHEAD", "status": "NOT AVAILABLE", "naics_code": "221121", "naics_desc": "ELECTRIC BULK POWER TRANSMISSION AND CONTROL", "source": "Regional Map", "sourcedate": "2014-06-30 20:00:00-06:00", "val_method": "IMAGERY/OTHER", "val_date": "2014-06-30 20:00:00-06:00", "owner": "TRI-STATE G & T ASSN, INC", "voltage": 115.0, "volt_class": "100-161", "inferred": "N", "sub_1": "HESPERUS", "sub_2": "BODO", "shape_lengt": 19925.604036132201, "globalid": "8fca717c-2450-4158-a49a-cbf1b403d698" }, "geometry": { "type": "MultiLineString", "coordinates": [ [ [ -108.015592303, 37.184408780000098 ], [ -108.014387986, 37.184016777000103 ], [ -108.013095127, 37.183869631 ], [ -108.012051873, 37.1838598840001 ], [ -108.01207564, 37.185681501 ], [ -108.012049756, 37.188945995 ], [ -108.009922079, 37.1924212690001 ], [ -108.007979094, 37.19559331 ], [ -108.004772802, 37.200792461 ], [ -107.999841465, 37.208859706000098 ], [ -107.997395016, 37.212887338 ], [ -107.993851212, 37.215956559000098 ], [ -107.990218277, 37.219062563000101 ], [ -107.988193246, 37.220805731 ], [ -107.986186041, 37.222534664000101 ], [ -107.979401473, 37.224206779 ], [ -107.974940559, 37.225283174 ], [ -107.967468762, 37.227130763 ], [ -107.96451678, 37.227868838000099 ], [ -107.962502445, 37.229498255000102 ], [ -107.95796395, 37.233083416 ], [ -107.953136674, 37.233458102 ], [ -107.95087634, 37.233648284 ], [ -107.948944004, 37.233804402 ], [ -107.938789473, 37.234674437 ], [ -107.933848965, 37.2371055200001 ], [ -107.931599326, 37.238220999000099 ], [ -107.929410295, 37.2393080780001 ], [ -107.926893267, 37.24057679 ], [ -107.923331637, 37.242745187 ], [ -107.918814452, 37.245443852 ], [ -107.916490026, 37.245657100000102 ], [ -107.909623459, 37.246241740000102 ], [ -107.907410995, 37.246405909 ], [ -107.903261107, 37.243594306 ], [ -107.898521457, 37.243705562000102 ], [ -107.895586112, 37.243838008000097 ], [ -107.890811721, 37.244734380000097 ], [ -107.886061097, 37.245635472000103 ], [ -107.882436481, 37.246321335000097 ], [ -107.879855459, 37.249786816 ], [ -107.879421694, 37.249926346000102 ] ] ] } },
{ "type": "Feature", "properties": { "objectid": "69899", "id": "201656", "type": "AC; OVERHEAD", "status": "NOT AVAILABLE", "naics_code": "221121", "naics_desc": "ELECTRIC BULK POWER TRANSMISSION AND CONTROL", "source": "Regional Map", "sourcedate": "2014-07-14 20:00:00-06:00", "val_method": "IMAGERY/OTHER", "val_date": "2014-07-14 20:00:00-06:00", "owner": "TRI-STATE G & T ASSN, INC", "voltage": 138.0, "volt_class": "100-161", "inferred": "N", "sub_1": "UNKNOWN203872", "sub_2": "MT. HARRIS", "shape_lengt": 80320.547558799299, "globalid": "e2744e9c-d0d6-4be2-a7f3-cf983bb853d0" }, "geometry": { "type": "MultiLineString", "coordinates": [ [ [ -107.791675618, 40.294246890000103 ], [ -107.79162278, 40.294578233 ], [ -107.788509725, 40.294056085000101 ], [ -107.782498012, 40.292967903 ], [ -107.78043614, 40.292967903 ], [ -107.759618962, 40.292951134000099 ], [ -107.758470968, 40.294501143 ], [ -107.753761344, 40.300632849000102 ], [ -107.751814747, 40.301592662000097 ], [ -107.748450391, 40.303108396 ], [ -107.675877263, 40.324702003 ], [ -107.670957292, 40.325647883 ], [ -107.639733306, 40.331648120000096 ], [ -107.637323234, 40.333835904000097 ], [ -107.572677077, 40.393511080000103 ], [ -107.547268762, 40.415449737000102 ], [ -107.546688824, 40.415536598000102 ], [ -107.537298451, 40.416822375 ], [ -107.531044744, 40.4164196790001 ], [ -107.514407163, 40.412981388 ], [ -107.509415889, 40.419676846000101 ], [ -107.508748361, 40.428523845 ], [ -107.471713107, 40.431129122000101 ], [ -107.454628687, 40.435498162 ], [ -107.437993131, 40.437859793 ], [ -107.411198481, 40.446814678000102 ], [ -107.373242395, 40.443084963 ], [ -107.324777122, 40.444555552000097 ], [ -107.314680486, 40.441261604 ], [ -107.269880235, 40.441305018 ], [ -107.25631823, 40.442601995000103 ], [ -107.255505365, 40.4410336810001 ], [ -107.194617563, 40.460459863 ], [ -107.189669071, 40.462819778 ], [ -107.184745381, 40.469057867000103 ], [ -107.18459693, 40.477994166 ], [ -107.184842928, 40.479743309000099 ], [ -107.18486432, 40.480521595 ], [ -107.18454369, 40.480536737000101 ] ] ] } },
{ "type": "Feature", "properties": { "objectid": "70134", "id": "201893", "type": "AC; OVERHEAD", "status": "NOT AVAILABLE", "naics_code": "221121", "naics_desc": "ELECTRIC BULK POWER TRANSMISSION AND CONTROL", "source": "Regional Map", "sourcedate": "2014-07-08 20:00:00-06:00", "val_method": "IMAGERY/OTHER", "val_date": "2014-07-08 20:00:00-06:00", "owner": "TRI-STATE G & T ASSN, INC", "voltage": 115.0, "volt_class": "100-161", "inferred": "N", "sub_1": "UNKNOWN201500", "sub_2": "UNKNOWN203966", "shape_lengt": 3990.7083222256001, "globalid": "bbfa284f-99fc-41f9-a2c0-d0195b1d4c01" }, "geometry": { "type": "MultiLineString", "coordinates": [ [ [ -102.242156413, 39.358291652 ], [ -102.241625911, 39.358018468000097 ], [ -102.241526787, 39.356616994 ], [ -102.241555309, 39.355508809000099 ], [ -102.241599993, 39.354282065000099 ], [ -102.241638021, 39.351973707000099 ], [ -102.241714079, 39.347165608000097 ], [ -102.241885208, 39.338261665000097 ], [ -102.24198028, 39.332489305 ], [ -102.242008802, 39.330792434 ] ] ] } },
{ "type": "Feature", "properties": { "objectid": "69986", "id": "201745", "type": "AC; OVERHEAD", "status": "NOT AVAILABLE", "naics_code": "221121", "naics_desc": "ELECTRIC BULK POWER TRANSMISSION AND CONTROL", "source": "Regional Map", "sourcedate": "2014-06-30 20:00:00-06:00", "val_method": "IMAGERY/OTHER", "val_date": "2014-06-30 20:00:00-06:00", "owner": "TRI-STATE G & T ASSN, INC", "voltage": 115.0, "volt_class": "100-161", "inferred": "N", "sub_1": "UNKNOWN201268", "sub_2": "TAP203977", "shape_lengt": 2509.7850297502, "globalid": "37c53fd2-dc14-4bc7-bfb3-87ead45495ee" }, "geometry": { "type": "MultiLineString", "coordinates": [ [ [ -108.589259578, 37.512305992 ], [ -108.591414709, 37.513080211 ], [ -108.592994091, 37.513665597 ], [ -108.594331039, 37.512924673 ], [ -108.597849888, 37.510987488000097 ], [ -108.601311693, 37.5091181270001 ], [ -108.603586288, 37.509030455000101 ], [ -108.608060609, 37.5088268310001 ], [ -108.609633768, 37.508756231000099 ] ] ] } },
{ "type": "Feature", "properties": { "objectid": "68502", "id": "200203", "type": "AC; OVERHEAD", "status": "NOT AVAILABLE", "naics_code": "221121", "naics_desc": "ELECTRIC BULK POWER TRANSMISSION AND CONTROL", "source": "Company Map", "sourcedate": "2014-06-29 20:00:00-06:00", "val_method": "IMAGERY/OTHER", "val_date": "2014-06-29 20:00:00-06:00", "owner": "TRI-STATE G & T ASSN, INC", "voltage": 345.0, "volt_class": "345", "inferred": "N", "sub_1": "LARAMIE RIVER", "sub_2": "STORY 345KV", "shape_lengt": 370980.67067311401, "globalid": "341ec509-0622-4b72-8dca-8d73746032c8" }, "geometry": { "type": "MultiLineString", "coordinates": [ [ [ -104.887240409, 42.107528076 ], [ -104.887276147, 42.105919549000099 ], [ -104.882659219, 42.103834340000098 ], [ -104.882334041, 42.102013297 ], [ -104.881999695, 42.100543954 ], [ -104.87986054, 42.09156857 ], [ -104.878594896, 42.0857170250001 ], [ -104.866437577, 42.080429444 ], [ -104.856425319, 42.076067630000097 ], [ -104.845290024, 42.07122474 ], [ -104.844071915, 42.065044887 ], [ -104.841712944, 42.053062815 ], [ -104.840072953, 42.044705790000101 ], [ -104.838171515, 42.035081055 ], [ -104.838254704, 42.032238809 ], [ -104.834362698, 42.023843733 ], [ -104.834903419, 42.018343518000101 ], [ -104.833673427, 42.012326286000103 ], [ -104.831534309, 42.001469106000101 ], [ -104.822466828, 41.998643021000099 ], [ -104.81162269, 41.9953001310001 ], [ -104.8007429, 41.99187757 ], [ -104.789268912, 41.988286997 ], [ -104.778632744, 41.984961230000103 ], [ -104.765643547, 41.98094181 ], [ -104.753801155, 41.977235769000103 ], [ -104.741275433, 41.973339556 ], [ -104.731512738, 41.97027366 ], [ -104.72594509, 41.966019153 ], [ -104.71729949, 41.959868835000101 ], [ -104.705789849, 41.951910538000099 ], [ -104.690198059, 41.941162388000102 ], [ -104.679448994, 41.93372778 ], [ -104.672229472, 41.928745843000101 ], [ -104.663678944, 41.92283509 ], [ -104.65594128, 41.917478245 ], [ -104.654274199, 41.916242244 ], [ -104.654273714, 41.910928722 ], [ -104.654387801, 41.8991688240001 ], [ -104.654601712, 41.889402642 ], [ -104.654587452, 41.883096291000101 ], [ -104.654844146, 41.867221493 ], [ -104.654943971, 41.856218317000099 ], [ -104.655072318, 41.850121147 ], [ -104.655200665, 41.847507896 ], [ -104.653888674, 41.845638189000098 ], [ -104.653959978, 41.841611756000098 ], [ -104.653902935, 41.834057528000102 ], [ -104.653817369, 41.816002394000101 ], [ -104.653788848, 41.796049749000098 ], [ -104.653689022, 41.776548195 ], [ -104.653603458, 41.755561984000103 ], [ -104.653503632, 41.737846535000102 ], [ -104.653532154, 41.720062333 ], [ -104.653603458, 41.701570484000101 ], [ -104.653589197, 41.684425908 ], [ -104.653803108, 41.660106853000102 ], [ -104.660248983, 41.648556613 ], [ -104.643834821, 41.634382362000103 ], [ -104.643792038, 41.622848830000102 ], [ -104.634009141, 41.610033744000098 ], [ -104.634009141, 41.588257186000099 ], [ -104.633923576, 41.573653607 ], [ -104.633923576, 41.559302828 ], [ -104.633852272, 41.5437214230001 ], [ -104.633880794, 41.529887110000097 ], [ -104.633852272, 41.511671692 ], [ -104.63380949, 41.493921142 ], [ -104.633823751, 41.480257810000097 ], [ -104.633838012, 41.469498179 ], [ -104.633923576, 41.458223759000099 ], [ -104.634108967, 41.442414898 ], [ -104.634111759, 41.4348639520001 ], [ -104.634200646, 41.423945215 ], [ -104.634319163, 41.413491274000101 ], [ -104.634371014, 41.404324639 ], [ -104.634511753, 41.389455274 ], [ -104.634593233, 41.379140294000102 ], [ -104.63471175, 41.3669725170001 ], [ -104.63482286, 41.357043170000097 ], [ -104.634926561, 41.34659515 ], [ -104.63501545, 41.335494725 ], [ -104.635111745, 41.3269067250001 ], [ -104.635200632, 41.317427463000101 ], [ -104.635326556, 41.309738458 ], [ -104.635333963, 41.301241664 ], [ -104.636045064, 41.294608164000103 ], [ -104.635630255, 41.289259693000098 ], [ -104.635770994, 41.277982499000103 ], [ -104.635904325, 41.2665697300001 ], [ -104.636015434, 41.2563132390001 ], [ -104.636059879, 41.250053872000102 ], [ -104.63619321, 41.239688958 ], [ -104.636252468, 41.227311285 ], [ -104.636311727, 41.214585800000101 ], [ -104.646163436, 41.205942869000097 ], [ -104.647830079, 41.204488337 ], [ -104.647822671, 41.193965703000103 ], [ -104.647837486, 41.186691390000099 ], [ -104.647844893, 41.179338216000097 ], [ -104.6478523, 41.172525063000101 ], [ -104.647867116, 41.165543912 ], [ -104.647911559, 41.149259104000102 ], [ -104.647318975, 41.147167439 ], [ -104.646103624, 41.146323561 ], [ -104.635236907, 41.1419097570001 ], [ -104.620976123, 41.141952715000102 ], [ -104.609177701, 41.1419903030001 ], [ -104.584886833, 41.142061901 ], [ -104.564465391, 41.142097698 ], [ -104.5398798, 41.142147817000101 ], [ -104.527653554, 41.142176455 ], [ -104.515275195, 41.142197934000102 ], [ -104.503847554, 41.142205094000097 ], [ -104.491773424, 41.142219413000099 ], [ -104.483606748, 41.142240892000103 ], [ -104.483663791, 41.136992651000099 ], [ -104.483853934, 41.123336666 ], [ -104.484025064, 41.110659191 ], [ -104.484148657, 41.102492741 ], [ -104.484272251, 41.093709092 ], [ -104.484490916, 41.079176955 ], [ -104.480659519, 41.071701829000098 ], [ -104.47291116, 41.056806376 ], [ -104.464069474, 41.039741993000099 ], [ -104.45545596, 41.023146581 ], [ -104.448791421, 41.010370859 ], [ -104.446690332, 40.993459483 ], [ -104.446053351, 40.987998413000099 ], [ -104.438362035, 40.975632191 ], [ -104.429881622, 40.961928312 ], [ -104.421353674, 40.947970258000097 ], [ -104.416181763, 40.939568155000103 ], [ -104.407663321, 40.925856788 ], [ -104.402149152, 40.914355433 ], [ -104.395180382, 40.8998268140001 ], [ -104.388078512, 40.885309379 ], [ -104.379997401, 40.8685097380001 ], [ -104.371526496, 40.8509723190001 ], [ -104.36403483, 40.835458727 ], [ -104.358957991, 40.820049425 ], [ -104.355145609, 40.80863042 ], [ -104.340181293, 40.8014268740001 ], [ -104.320919728, 40.792207209 ], [ -104.307295926, 40.785678539000102 ], [ -104.289935798, 40.777356612000098 ], [ -104.270427046, 40.76804 ], [ -104.264570618, 40.765152593 ], [ -104.258552567, 40.762250659000102 ], [ -104.249406651, 40.756143941000097 ], [ -104.231628207, 40.744310581 ], [ -104.217129745, 40.736250014000099 ], [ -104.187942673, 40.720226828000101 ], [ -104.155228436, 40.702419564 ], [ -104.131013626, 40.691686784000098 ], [ -104.103708979, 40.679510303 ], [ -104.079665297, 40.668809888000098 ], [ -104.062086505, 40.661007022 ], [ -104.039193193, 40.6508518320001 ], [ -104.034753335, 40.642823233000101 ], [ -104.023772532, 40.623083058000098 ], [ -104.015900579, 40.608938117 ], [ -104.005224006, 40.589808818 ], [ -103.996277742, 40.57967168 ], [ -103.984859607, 40.566723657000097 ], [ -103.976170037, 40.556453003000101 ], [ -103.964200486, 40.541557034 ], [ -103.959637034, 40.527777841000102 ], [ -103.955235206, 40.51520285 ], [ -103.94311354, 40.509362626 ], [ -103.921256512, 40.498851833000103 ], [ -103.902308684, 40.490183167000097 ], [ -103.883056626, 40.481940025 ], [ -103.860058736, 40.472090315000102 ], [ -103.832554438, 40.460322283 ], [ -103.816496795, 40.453493419 ], [ -103.807227286, 40.444182188000099 ], [ -103.795828166, 40.433075032 ], [ -103.792205927, 40.429529038 ], [ -103.776680687, 40.425563093 ], [ -103.761269534, 40.421582439000098 ], [ -103.750260209, 40.420916561000098 ], [ -103.734050452, 40.420786280000101 ], [ -103.714094862, 40.420648761000102 ], [ -103.693787506, 40.42048229 ], [ -103.674354811, 40.420323056 ], [ -103.669544174, 40.420294104 ], [ -103.657365464, 40.420388197000101 ], [ -103.635622424, 40.420605482 ], [ -103.617596893, 40.420750091000102 ], [ -103.614079232, 40.421575202 ], [ -103.599647319, 40.4218212850001 ], [ -103.582914666, 40.422096319 ], [ -103.583057274, 40.401567037000099 ], [ -103.583152346, 40.38927253 ], [ -103.583218897, 40.376910595 ], [ -103.583256925, 40.363923413000101 ], [ -103.569414458, 40.363677118 ], [ -103.569498816, 40.354497507000097 ], [ -103.569024663, 40.3517959220001 ], [ -103.560259035, 40.352143694000098 ], [ -103.553765624, 40.344905317 ], [ -103.546302481, 40.336687841000099 ], [ -103.546967984, 40.323569690000099 ], [ -103.545884165, 40.319104588000101 ], [ -103.545827121, 40.308216041 ], [ -103.545751064, 40.296346830000097 ], [ -103.545608456, 40.289842169 ], [ -103.546616218, 40.284620583 ], [ -103.546606712, 40.275438317000102 ], [ -103.546606712, 40.266066188 ], [ -103.546625725, 40.254095249000102 ], [ -103.570041932, 40.25439999 ], [ -103.584267543, 40.254588736000102 ], [ -103.586336206, 40.254715519000101 ], [ -103.587324221, 40.2545232780001 ] ] ] } },
{ "type": "Feature", "properties": { "objectid": "77554", "id": "209724", "type": "AC; OVERHEAD", "status": "NOT AVAILABLE", "naics_code": "221121", "naics_desc": "ELECTRIC BULK POWER TRANSMISSION AND CONTROL", "source": "IMAGERY", "sourcedate": "2018-04-04 20:00:00-06:00", "val_method": "IMAGERY", "val_date": "2018-04-04 20:00:00-06:00", "owner": "TRI-STATE G & T ASSN, INC", "voltage": 115.0, "volt_class": "100-161", "inferred": "Y", "sub_1": "TAP208058", "sub_2": "TAP208057", "shape_lengt": 1234.0857966765, "globalid": "b1721097-7cb8-410d-b16c-94d22e5719fd" }, "geometry": { "type": "MultiLineString", "coordinates": [ [ [ -108.87672, 37.758601 ], [ -108.881121, 37.758583 ], [ -108.88363885, 37.753686961 ] ] ] } },
{ "type": "Feature", "properties": { "objectid": "69990", "id": "201749", "type": "AC; OVERHEAD", "status": "NOT AVAILABLE", "naics_code": "221121", "naics_desc": "ELECTRIC BULK POWER TRANSMISSION AND CONTROL", "source": "Regional Map", "sourcedate": "2014-06-30 20:00:00-06:00", "val_method": "IMAGERY/OTHER", "val_date": "2014-06-30 20:00:00-06:00", "owner": "TRI-STATE G & T ASSN, INC", "voltage": 115.0, "volt_class": "100-161", "inferred": "N", "sub_1": "EAST CORTEZ", "sub_2": "LOST CANYON", "shape_lengt": 16208.360475634399, "globalid": "52fb79a8-b79b-4c1f-b409-954d0c1ca412" }, "geometry": { "type": "MultiLineString", "coordinates": [ [ [ -108.547498, 37.357219 ], [ -108.547332844, 37.357113313000099 ], [ -108.544795613, 37.357108591 ], [ -108.539367602, 37.357110952 ], [ -108.536239143, 37.357108591 ], [ -108.534325821, 37.357127483 ], [ -108.531824242, 37.358253936 ], [ -108.526755722, 37.360554018000101 ], [ -108.523039005, 37.36302641 ], [ -108.519146999, 37.3655506690001 ], [ -108.517361431, 37.366674633000102 ], [ -108.516389914, 37.369130295000097 ], [ -108.51557289, 37.371033379 ], [ -108.51229291, 37.371059351 ], [ -108.509933939, 37.37107824 ], [ -108.503721586, 37.371149073 ], [ -108.498355966, 37.371193934000097 ], [ -108.495572141, 37.37120574 ], [ -108.49154347, 37.373928050000103 ], [ -108.487238497, 37.376853301 ], [ -108.484891409, 37.378446913000097 ], [ -108.482229396, 37.380269492 ], [ -108.479733759, 37.381971627 ], [ -108.479718904, 37.384204883000102 ], [ -108.478429491, 37.385840831000102 ], [ -108.477169789, 37.38746494 ], [ -108.476174505, 37.389700392000101 ], [ -108.474941541, 37.392563658 ], [ -108.473898721, 37.3949240580001 ], [ -108.472799453, 37.397466126 ], [ -108.471673445, 37.400022269 ], [ -108.471159462, 37.401015907 ], [ -108.469977006, 37.403857499 ], [ -108.468957954, 37.406255304000098 ], [ -108.468179553, 37.4082188040001 ], [ -108.467460572, 37.4098424270001 ], [ -108.46596319, 37.413242956 ], [ -108.465214498, 37.415012774 ], [ -108.464489576, 37.416603216 ], [ -108.464572763, 37.417761810000101 ], [ -108.464697545, 37.4185074540001 ], [ -108.464777762, 37.418932184 ], [ -108.464991674, 37.419394665 ], [ -108.46492037, 37.420378609000103 ], [ -108.464985732, 37.420956699 ], [ -108.46509863, 37.422030284000101 ], [ -108.465529424, 37.425243866000102 ], [ -108.465799785, 37.427461677 ], [ -108.467234776, 37.429615721000097 ], [ -108.466964053, 37.430705043 ], [ -108.466751, 37.430731 ] ] ] } },
{ "type": "Feature", "properties": { "objectid": "70270", "id": "202031", "type": "AC; OVERHEAD", "status": "NOT AVAILABLE", "naics_code": "221121", "naics_desc": "ELECTRIC BULK POWER TRANSMISSION AND CONTROL", "source": "IMAGERY", "sourcedate": "2014-06-29 20:00:00-06:00", "val_method": "IMAGERY", "val_date": "2014-06-29 20:00:00-06:00", "owner": "TRI-STATE G & T ASSN, INC", "voltage": 69.0, "volt_class": "UNDER 100", "inferred": "N", "sub_1": "TAP204045", "sub_2": "TAP204046", "shape_lengt": 32624.275640667402, "globalid": "d259ca1d-39f2-4acb-93ab-971333ab7943" }, "geometry": { "type": "MultiLineString", "coordinates": [ [ [ -104.49082993, 37.2261792890001 ], [ -104.490909939, 37.2276624100001 ], [ -104.490559385, 37.231535575000102 ], [ -104.489963442, 37.235067058 ], [ -104.48970362, 37.236482231 ], [ -104.490755283, 37.238614792000099 ], [ -104.491877056, 37.240878622 ], [ -104.493075127, 37.243291768000098 ], [ -104.494196901, 37.245532476 ], [ -104.495912555, 37.249018985000099 ], [ -104.497642643, 37.252475787 ], [ -104.498735548, 37.254745766 ], [ -104.500478009, 37.258256467 ], [ -104.50212149, 37.261581552 ], [ -104.503150469, 37.264010446 ], [ -104.504383596, 37.267737332 ], [ -104.505715702, 37.271756123000102 ], [ -104.508155147, 37.274898475 ], [ -104.510394571, 37.277833953 ], [ -104.51269998, 37.28082182 ], [ -104.514943528, 37.283561825 ], [ -104.517830445, 37.286720090000102 ], [ -104.519777053, 37.289304026 ], [ -104.522136077, 37.292196289000103 ], [ -104.524462108, 37.294499521 ], [ -104.526035478, 37.296110428000098 ], [ -104.527895477, 37.298023131 ], [ -104.530794768, 37.300936383000099 ], [ -104.532632084, 37.302816158 ], [ -104.534560133, 37.304763135 ], [ -104.53758521, 37.307804059 ], [ -104.54012776, 37.3103807110001 ], [ -104.543453741, 37.314521942 ], [ -104.546011258, 37.317725712 ], [ -104.550226222, 37.323028654 ], [ -104.554485091, 37.328326858 ], [ -104.557871331, 37.3325380960001 ], [ -104.561180736, 37.336666189 ], [ -104.564385865, 37.340711152 ], [ -104.569544805, 37.347159951 ], [ -104.574775092, 37.353001788 ], [ -104.579516926, 37.358184457 ], [ -104.585021624, 37.364226089 ], [ -104.589445141, 37.369045959000097 ], [ -104.594060746, 37.374092315 ], [ -104.598643421, 37.379094720000097 ], [ -104.602150402, 37.382928072 ], [ -104.605382972, 37.386442896000098 ], [ -104.611409053, 37.393027297000103 ], [ -104.612391447, 37.392547658000097 ], [ -104.618862075, 37.399441081000099 ], [ -104.623730138, 37.403687568000102 ], [ -104.627643249, 37.407933813000099 ], [ -104.631474036, 37.412088274 ], [ -104.633504683, 37.414804025000102 ], [ -104.6353158, 37.420579573000097 ], [ -104.637050082, 37.422889667 ] ] ] } },
{ "type": "Feature", "properties": { "objectid": "68489", "id": "200190", "type": "AC; OVERHEAD", "status": "NOT AVAILABLE", "naics_code": "221121", "naics_desc": "ELECTRIC BULK POWER TRANSMISSION AND CONTROL", "source": "Regional Map", "sourcedate": "2014-06-29 20:00:00-06:00", "val_method": "IMAGERY/OTHER", "val_date": "2014-06-29 20:00:00-06:00", "owner": "TRI-STATE G & T ASSN, INC", "voltage": 345.0, "volt_class": "345", "inferred": "N", "sub_1": "BONANZA", "sub_2": "BEARS EARS", "shape_lengt": 213120.82506737299, "globalid": "ebd31b58-51cd-416d-84b7-a1eecced70d2" }, "geometry": { "type": "MultiLineString", "coordinates": [ [ [ -109.290506664, 40.085944304000101 ], [ -109.2909692, 40.0855359 ], [ -109.291844, 40.0855486 ], [ -109.2946402, 40.085030500000101 ], [ -109.2949708, 40.071922700000101 ], [ -109.2720171, 40.0684457 ], [ -109.2579379, 40.066310900000097 ], [ -109.2408218, 40.066207700000099 ], [ -109.2279614, 40.0661264 ], [ -109.2203572, 40.067712700000101 ], [ -109.2045037, 40.0710278 ], [ -109.189344476, 40.07418829 ], [ -109.17582153, 40.083953172000101 ], [ -109.149671406, 40.102832131000099 ], [ -109.091281956, 40.1450074790001 ], [ -109.0589926, 40.1682567 ], [ -109.048422693, 40.179172567000101 ], [ -109.0381769, 40.184384400000098 ], [ -108.9944824, 40.206819 ], [ -108.984295033, 40.212000707000101 ], [ -108.9523102, 40.2230398 ], [ -108.938040791, 40.227933276 ], [ -108.923999325, 40.228811991 ], [ -108.898732811, 40.2296700200001 ], [ -108.852898323, 40.231199972000098 ], [ -108.827929698, 40.232047633 ], [ -108.780808867, 40.239769130000099 ], [ -108.751561455, 40.236709579 ], [ -108.711278559, 40.230290275000101 ], [ -108.669844725, 40.234890321000101 ], [ -108.629060833, 40.239355685000099 ], [ -108.589224773, 40.243707065000102 ], [ -108.564445715, 40.261089121000097 ], [ -108.54724932, 40.273177454000098 ], [ -108.523892011, 40.289539755000099 ], [ -108.48948568, 40.313642141000102 ], [ -108.458667573, 40.335207206000099 ], [ -108.432751116, 40.353329332 ], [ -108.416353608, 40.3610988880001 ], [ -108.380525527, 40.369610322 ], [ -108.361514709, 40.374035844 ], [ -108.328218696, 40.393374745000102 ], [ -108.321191193, 40.397468723 ], [ -108.308178802, 40.405893079000101 ], [ -108.295369519, 40.414223595000102 ], [ -108.246553321, 40.445799866000101 ], [ -108.206652367, 40.471591584000102 ], [ -108.162193946, 40.478680262000097 ], [ -108.121184928, 40.485207613 ], [ -108.076271192, 40.486010893000099 ], [ -108.043273069, 40.4865773020001 ], [ -108.019496007, 40.490058042000101 ], [ -107.991656802, 40.484713282 ], [ -107.92689274, 40.484775073 ], [ -107.863726453, 40.484857462 ], [ -107.791460971, 40.484847164 ], [ -107.713021053, 40.484790803000102 ], [ -107.709162001, 40.484795671 ], [ -107.706223719, 40.485187015000101 ], [ -107.661987007, 40.485094329 ], [ -107.637614164, 40.485084031 ], [ -107.617086812, 40.480624613 ], [ -107.614148531, 40.479460791000101 ], [ -107.601948879, 40.479949358 ], [ -107.598292642, 40.479975759000098 ], [ -107.594125124, 40.480248943 ], [ -107.593586486, 40.4802842510001 ] ] ] } },
{ "type": "Feature", "properties": { "objectid": "70214", "id": "201974", "type": "AC; OVERHEAD", "status": "NOT AVAILABLE", "naics_code": "221121", "naics_desc": "ELECTRIC BULK POWER TRANSMISSION AND CONTROL", "source": "Regional Map", "sourcedate": "2014-07-09 20:00:00-06:00", "val_method": "IMAGERY/OTHER", "val_date": "2014-07-09 20:00:00-06:00", "owner": "TRI-STATE G & T ASSN, INC", "voltage": 115.0, "volt_class": "100-161", "inferred": "N", "sub_1": "HESPERUS", "sub_2": "TAP203980", "shape_lengt": 25272.994539693002, "globalid": "7fd1c0b3-e9c1-4456-8ebc-a2075879535b" }, "geometry": { "type": "MultiLineString", "coordinates": [ [ [ -108.015592303, 37.184408780000098 ], [ -108.01442283, 37.183493313 ], [ -108.012832307, 37.183176518 ], [ -108.012933459, 37.182823596 ], [ -108.01645633, 37.182506798000098 ], [ -108.017568999, 37.180719923 ], [ -108.020348928, 37.176192798 ], [ -108.023125369, 37.1717209890001 ], [ -108.025832051, 37.167465714000102 ], [ -108.029065419, 37.16231793 ], [ -108.032040675, 37.157539517 ], [ -108.03399395, 37.154409339 ], [ -108.037523797, 37.148824180000098 ], [ -108.037834229, 37.144247878 ], [ -108.038113268, 37.137980732000102 ], [ -108.038437651, 37.132500029 ], [ -108.038671347, 37.129338225 ], [ -108.038849234, 37.125155653 ], [ -108.039096881, 37.119793615 ], [ -108.039613105, 37.113340866 ], [ -108.040010736, 37.105744274000102 ], [ -108.040345583, 37.100019206000098 ], [ -108.040554862, 37.0958127580001 ], [ -108.041032717, 37.087585584000102 ], [ -108.041534987, 37.079101506 ], [ -108.04125246, 37.073744556000101 ], [ -108.040893198, 37.067466006000103 ], [ -108.040732749, 37.063892344000102 ], [ -108.040380463, 37.057298440000103 ], [ -108.040097935, 37.052243376 ], [ -108.039822384, 37.047302114 ], [ -108.039536369, 37.041400018 ], [ -108.039306161, 37.036611187000098 ], [ -108.039093393, 37.032771551000103 ], [ -108.038880626, 37.028653264000098 ], [ -108.038535315, 37.022482376 ], [ -108.03819698, 37.016455808 ], [ -108.03792188, 37.011322086000099 ] ] ] } },
{ "type": "Feature", "properties": { "objectid": "69963", "id": "201722", "type": "AC; OVERHEAD", "status": "NOT AVAILABLE", "naics_code": "221121", "naics_desc": "ELECTRIC BULK POWER TRANSMISSION AND CONTROL", "source": "Regional Map", "sourcedate": "2014-07-08 20:00:00-06:00", "val_method": "IMAGERY/OTHER", "val_date": "2014-07-08 20:00:00-06:00", "owner": "TRI-STATE G & T ASSN, INC", "voltage": 115.0, "volt_class": "100-161", "inferred": "N", "sub_1": "TAP203968", "sub_2": "SOUTH FORK", "shape_lengt": 39629.033640016904, "globalid": "48a64ff7-b68c-4b24-8932-ad75066abe1a" }, "geometry": { "type": "MultiLineString", "coordinates": [ [ [ -102.591389323, 39.5688907890001 ], [ -102.577044079, 39.569007694 ], [ -102.571415822, 39.569051666000099 ], [ -102.557278632, 39.570136304000101 ], [ -102.551612347, 39.570554031 ], [ -102.535763864, 39.570554031 ], [ -102.50895359, 39.570568688 ], [ -102.483521859, 39.5705760170001 ], [ -102.480859846, 39.570979084000101 ], [ -102.45544713, 39.571023055000097 ], [ -102.431508027, 39.571081683 ], [ -102.425128703, 39.571110997000098 ], [ -102.409451349, 39.574298808 ], [ -102.389885554, 39.578277869 ], [ -102.385730912, 39.579127879000097 ], [ -102.381105664, 39.579609669 ], [ -102.378139422, 39.579972382000101 ], [ -102.375551089, 39.579010637000103 ], [ -102.360477441, 39.573525686 ], [ -102.353568091, 39.570997406000103 ], [ -102.346787088, 39.571068858 ], [ -102.331100226, 39.571255734 ], [ -102.313951634, 39.571426120000098 ], [ -102.299241635, 39.571591010000098 ], [ -102.283383644, 39.571733914 ], [ -102.27420683, 39.571865825 ], [ -102.266641485, 39.5710248870001 ], [ -102.252074094, 39.569436421 ], [ -102.240679728, 39.5681832120001 ], [ -102.240601294, 39.568556978000103 ], [ -102.240848, 39.568587 ] ] ] } },
{ "type": "Feature", "properties": { "objectid": "70268", "id": "202029", "type": "AC; OVERHEAD", "status": "NOT AVAILABLE", "naics_code": "221121", "naics_desc": "ELECTRIC BULK POWER TRANSMISSION AND CONTROL", "source": "IMAGERY", "sourcedate": "2014-06-29 20:00:00-06:00", "val_method": "IMAGERY", "val_date": "2014-06-29 20:00:00-06:00", "owner": "TRI-STATE G & T ASSN, INC", "voltage": 115.0, "volt_class": "100-161", "inferred": "N", "sub_1": "TAP204043", "sub_2": "UNKNOWN204044", "shape_lengt": 7510.1003317966997, "globalid": "59ba2149-03e6-4129-a020-adf066162893" }, "geometry": { "type": "MultiLineString", "coordinates": [ [ [ -104.282190295, 37.365848402 ], [ -104.282500473, 37.360299303 ], [ -104.282839508, 37.354607401000102 ], [ -104.283195666, 37.348798003000098 ], [ -104.283603194, 37.341975334 ], [ -104.283952503, 37.336164959 ], [ -104.284236745, 37.331832752 ], [ -104.28444907, 37.328031313000103 ], [ -104.284897692, 37.320278069 ], [ -104.285284672, 37.314340728 ], [ -104.285264125, 37.3128427 ], [ -104.285527819, 37.312308851000097 ] ] ] } },
{ "type": "Feature", "properties": { "objectid": "73133", "id": "205243", "type": "AC; OVERHEAD", "status": "NOT AVAILABLE", "naics_code": "221121", "naics_desc": "ELECTRIC BULK POWER TRANSMISSION AND CONTROL", "source": "IMAGERY", "sourcedate": "2015-08-12 20:00:00-06:00", "val_method": "IMAGERY", "val_date": "2015-08-12 20:00:00-06:00", "owner": "TRI-STATE G & T ASSN, INC", "voltage": 115.0, "volt_class": "100-161", "inferred": "Y", "sub_1": "UNKNOWN202185", "sub_2": "BARR LAKE", "shape_lengt": 608.59725066939995, "globalid": "5c28d3fd-a7bd-4f87-8a14-b052fc428bb8" }, "geometry": { "type": "MultiLineString", "coordinates": [ [ [ -104.682020074, 39.942219713 ], [ -104.680155604, 39.942729680000099 ], [ -104.68028452, 39.943374258000098 ], [ -104.680311061, 39.944659622000103 ], [ -104.679532173, 39.944229069000102 ] ] ] } },
{ "type": "Feature", "properties": { "objectid": "70186", "id": "201946", "type": "AC; OVERHEAD", "status": "NOT AVAILABLE", "naics_code": "221121", "naics_desc": "ELECTRIC BULK POWER TRANSMISSION AND CONTROL", "source": "Regional Map", "sourcedate": "2015-07-08 20:00:00-06:00", "val_method": "IMAGERY/OTHER", "val_date": "2015-07-08 20:00:00-06:00", "owner": "TRI-STATE G & T ASSN, INC", "voltage": 115.0, "volt_class": "100-161", "inferred": "N", "sub_1": "UNKNOWN203963", "sub_2": "SMOKY HILLS", "shape_lengt": 12582.2754990715, "globalid": "1737ac44-9048-4fa6-adea-b0798e546263" }, "geometry": { "type": "MultiLineString", "coordinates": [ [ [ -102.352667389, 39.128280705000101 ], [ -102.352438622, 39.128253049000101 ], [ -102.351880075, 39.128377503 ], [ -102.340453622, 39.128386721 ], [ -102.315485367, 39.128418987 ], [ -102.295567805, 39.1283037520001 ], [ -102.293595064, 39.128704769000102 ], [ -102.288984077, 39.1286725040001 ], [ -102.274628222, 39.128617191 ], [ -102.253683884, 39.128543441 ], [ -102.242275257, 39.128558191 ], [ -102.240199439, 39.128554448 ], [ -102.240162284, 39.128915879 ] ] ] } },
{ "type": "Feature", "properties": { "objectid": "69942", "id": "201701", "type": "AC; OVERHEAD", "status": "NOT AVAILABLE", "naics_code": "221121", "naics_desc": "ELECTRIC BULK POWER TRANSMISSION AND CONTROL", "source": "Regional Map", "sourcedate": "2014-07-13 20:00:00-06:00", "val_method": "IMAGERY/OTHER", "val_date": "2014-07-13 20:00:00-06:00", "owner": "TRI-STATE G & T ASSN, INC", "voltage": 115.0, "volt_class": "100-161", "inferred": "N", "sub_1": "WRAY", "sub_2": "SANDHIILLS", "shape_lengt": 19874.2732253879, "globalid": "dfb5555f-c94f-4b66-956a-b0fdc8926f9a" }, "geometry": { "type": "MultiLineString", "coordinates": [ [ [ -102.259372281, 40.085347055 ], [ -102.259245396, 40.085204750000102 ], [ -102.259117049, 40.0847333130001 ], [ -102.25657863, 40.084493274000103 ], [ -102.25003293, 40.084340522 ], [ -102.234346068, 40.083920451 ], [ -102.228385061, 40.083800431 ], [ -102.226393305, 40.083749513 ], [ -102.223037267, 40.083731328000098 ], [ -102.221292697, 40.086037144 ], [ -102.219372246, 40.088633821 ], [ -102.21806976, 40.090343064000102 ], [ -102.214133784, 40.095485083 ], [ -102.208583962, 40.10287378 ], [ -102.202694259, 40.110661588 ], [ -102.196868728, 40.118383071 ], [ -102.191335545, 40.125923759 ], [ -102.185709665, 40.133343676000102 ], [ -102.179513355, 40.141177052 ], [ -102.173438261, 40.148802416000102 ], [ -102.167334646, 40.1564541710001 ], [ -102.161359377, 40.164034227 ], [ -102.155961671, 40.170779819000103 ], [ -102.151355438, 40.176549547 ], [ -102.15119296, 40.176731875 ], [ -102.151465686, 40.176790180000097 ] ] ] } },
{ "type": "Feature", "properties": { "objectid": "74604", "id": "206885", "type": "AC", "status": "NOT AVAILABLE", "naics_code": "221121", "naics_desc": "ELECTRIC BULK POWER TRANSMISSION AND CONTROL", "source": "IMAGERY", "sourcedate": "2016-02-14 18:00:00-07:00", "val_method": "IMAGERY", "val_date": "2016-02-14 18:00:00-07:00", "owner": "TRI-STATE G & T ASSN, INC", "voltage": 230.0, "volt_class": "220-287", "inferred": "Y", "sub_1": "NOT AVAILABLE", "sub_2": "LANDSMAN CREEK", "shape_lengt": 689.44856289560005, "globalid": "73448bac-74ad-4cf0-8c13-b1d5c56ac241" }, "geometry": { "type": "MultiLineString", "coordinates": [ [ [ -102.341559234, 39.362551505 ], [ -102.335785211, 39.360819367 ] ] ] } },
{ "type": "Feature", "properties": { "objectid": "70006", "id": "201765", "type": "AC; OVERHEAD", "status": "NOT AVAILABLE", "naics_code": "221121", "naics_desc": "ELECTRIC BULK POWER TRANSMISSION AND CONTROL", "source": "IMAGERY", "sourcedate": "2014-06-30 20:00:00-06:00", "val_method": "IMAGERY", "val_date": "2014-06-30 20:00:00-06:00", "owner": "TRI-STATE G & T ASSN, INC", "voltage": 115.0, "volt_class": "100-161", "inferred": "Y", "sub_1": "TAP205927", "sub_2": "UNKNOWN201407", "shape_lengt": 21932.075527696201, "globalid": "256b36a3-31e1-4d4a-ae78-b245508aa1c9" }, "geometry": { "type": "MultiLineString", "coordinates": [ [ [ -107.846999277, 37.389774554 ], [ -107.844798751, 37.394398323000097 ], [ -107.841023975, 37.402343819000102 ], [ -107.83979998, 37.404959323000099 ], [ -107.838593117, 37.40752343 ], [ -107.837477626, 37.409864820000102 ], [ -107.835193343, 37.414709402 ], [ -107.834254226, 37.416468151000103 ], [ -107.834053511, 37.417140547 ], [ -107.833492512, 37.4182946600001 ], [ -107.833182407, 37.418983114000099 ], [ -107.832800518, 37.419439065000098 ], [ -107.828333327, 37.422395102000102 ], [ -107.825702213, 37.424232657000097 ], [ -107.8241977, 37.425243433000098 ], [ -107.822793013, 37.426554309 ], [ -107.820846416, 37.428558800000097 ], [ -107.817427393, 37.43206653 ], [ -107.816086879, 37.433541483 ], [ -107.814746365, 37.434611584 ], [ -107.812963767, 37.435412735 ], [ -107.812250729, 37.4361629200001 ], [ -107.80982996, 37.438840881 ], [ -107.809063443, 37.440726154000103 ], [ -107.808653446, 37.443613416000098 ], [ -107.808318318, 37.444955106000101 ], [ -107.807476931, 37.448394138 ], [ -107.805858332, 37.452087737000099 ], [ -107.804628339, 37.454954749000102 ], [ -107.80435382, 37.455761342000102 ], [ -107.803965213, 37.4566415090001 ], [ -107.802150529, 37.459386657 ], [ -107.800642451, 37.461653451000103 ], [ -107.800546191, 37.463673981000099 ], [ -107.800663842, 37.465436948 ], [ -107.801027492, 37.466648079 ], [ -107.801876008, 37.467380974 ], [ -107.803302086, 37.472262039 ], [ -107.805833376, 37.476144026 ], [ -107.8069065, 37.477745429 ], [ -107.808796053, 37.480868914 ], [ -107.809020661, 37.482798393 ], [ -107.80917753, 37.484535447 ], [ -107.806813805, 37.48635733 ], [ -107.805683638, 37.489126847000101 ], [ -107.804934947, 37.490843953000102 ], [ -107.804735032, 37.491295218000097 ], [ -107.804672575, 37.491465047000098 ], [ -107.803168492, 37.495023114 ], [ -107.802425835, 37.497145034 ], [ -107.801048733, 37.501638568 ], [ -107.799786376, 37.505511316 ], [ -107.798461738, 37.509484406000098 ], [ -107.79757044, 37.512188022 ], [ -107.793420551, 37.516206500000102 ], [ -107.792456522, 37.517163436 ], [ -107.790512696, 37.524382026000097 ], [ -107.790346826, 37.524434045000099 ], [ -107.7885494, 37.524519300000101 ], [ -107.7840568, 37.523546300000099 ], [ -107.783142682, 37.5237289230001 ] ] ] } },
{ "type": "Feature", "properties": { "objectid": "70012", "id": "201771", "type": "AC; OVERHEAD", "status": "NOT AVAILABLE", "naics_code": "221121", "naics_desc": "ELECTRIC BULK POWER TRANSMISSION AND CONTROL", "source": "IMAGERY", "sourcedate": "2014-06-30 20:00:00-06:00", "val_method": "IMAGERY", "val_date": "2014-06-30 20:00:00-06:00", "owner": "TRI-STATE G & T ASSN, INC", "voltage": 115.0, "volt_class": "100-161", "inferred": "Y", "sub_1": "BURRO BRIDGE", "sub_2": "TAP203986", "shape_lengt": 18157.543326302399, "globalid": "43db8df4-1740-4ca0-8b7f-badca2f29e91" }, "geometry": { "type": "MultiLineString", "coordinates": [ [ [ -107.726458, 37.846042 ], [ -107.7264734, 37.8459544 ], [ -107.7344945, 37.8468966 ], [ -107.741275493, 37.846923790000098 ], [ -107.7524243, 37.846964800000102 ], [ -107.7575742, 37.84727 ], [ -107.7612633, 37.8471426 ], [ -107.7635665, 37.8474472 ], [ -107.7662909, 37.8479078 ], [ -107.7695924, 37.849863200000101 ], [ -107.770959067, 37.8505185060001 ], [ -107.7716739, 37.8508867 ], [ -107.7727317, 37.851536800000098 ], [ -107.7781983, 37.853902500000103 ], [ -107.7801933, 37.8548499 ], [ -107.7827851, 37.855512 ], [ -107.7843051, 37.855605 ], [ -107.7858749, 37.8556809 ], [ -107.8049731, 37.8550587 ], [ -107.8062131, 37.855028 ], [ -107.8189265, 37.8569114 ], [ -107.8232187, 37.856616100000103 ], [ -107.8237953, 37.858092600000099 ], [ -107.8329527, 37.8588493 ], [ -107.8348787, 37.8592745 ], [ -107.8381041, 37.8574774 ], [ -107.843940968, 37.857944576000101 ], [ -107.8476178, 37.8581931 ], [ -107.8530447, 37.858265700000103 ], [ -107.8551945, 37.859007900000101 ], [ -107.8593665, 37.8588924 ], [ -107.8601754, 37.8583412 ], [ -107.862182904, 37.858355563 ], [ -107.8648453, 37.858812300000103 ], [ -107.867769, 37.8592716 ], [ -107.8687412, 37.8602186 ], [ -107.8702833, 37.8603192 ], [ -107.872697, 37.8611531 ], [ -107.8757602, 37.8634285 ], [ -107.8774301, 37.8638643 ], [ -107.8814132, 37.8640550000001 ] ] ] } },
{ "type": "Feature", "properties": { "objectid": "69999", "id": "201758", "type": "AC; OVERHEAD", "status": "NOT AVAILABLE", "naics_code": "221121", "naics_desc": "ELECTRIC BULK POWER TRANSMISSION AND CONTROL", "source": "Regional Map", "sourcedate": "2014-06-30 20:00:00-06:00", "val_method": "IMAGERY/OTHER", "val_date": "2014-06-30 20:00:00-06:00", "owner": "TRI-STATE G & T ASSN, INC", "voltage": 115.0, "volt_class": "100-161", "inferred": "N", "sub_1": "DURANGO", "sub_2": "UNKNOWN203899", "shape_lengt": 8692.2655495474992, "globalid": "c7bb5776-9e55-46c5-a5b6-bb8d1f400131" }, "geometry": { "type": "MultiLineString", "coordinates": [ [ [ -107.898981977, 37.243391807000101 ], [ -107.898869, 37.243295 ], [ -107.895412845, 37.243486579 ], [ -107.891176204, 37.243626121 ], [ -107.883647698, 37.239877314000097 ], [ -107.87852273, 37.237277873 ], [ -107.876942159, 37.236523333 ], [ -107.87428906, 37.235177441000097 ], [ -107.871068499, 37.233535847 ], [ -107.866172297, 37.234560073000097 ], [ -107.86173957, 37.235513326 ], [ -107.856691847, 37.2357333040001 ], [ -107.855503447, 37.237273143 ], [ -107.854766641, 37.238299684 ], [ -107.852309626, 37.238675763000103 ], [ -107.846949949, 37.239487049 ], [ -107.840820782, 37.240407125 ], [ -107.834629226, 37.2413626680001 ], [ -107.829022955, 37.242221227000101 ], [ -107.827284922, 37.242481394 ] ] ] } },
{ "type": "Feature", "properties": { "objectid": "70008", "id": "201767", "type": "AC; OVERHEAD", "status": "NOT AVAILABLE", "naics_code": "221121", "naics_desc": "ELECTRIC BULK POWER TRANSMISSION AND CONTROL", "source": "IMAGERY", "sourcedate": "2014-06-30 20:00:00-06:00", "val_method": "IMAGERY", "val_date": "2014-06-30 20:00:00-06:00", "owner": "TRI-STATE G & T ASSN, INC", "voltage": 115.0, "volt_class": "100-161", "inferred": "Y", "sub_1": "TAP203984", "sub_2": "TAP205926", "shape_lengt": 19956.388860252999, "globalid": "765aea4d-d913-4e2b-9bcb-bbf8e1539815" }, "geometry": { "type": "MultiLineString", "coordinates": [ [ [ -107.8047517, 37.49141 ], [ -107.803224347, 37.495023114 ], [ -107.80248169, 37.497145034 ], [ -107.801104588, 37.501638568 ], [ -107.799842231, 37.505511316 ], [ -107.798517594, 37.509484406000098 ], [ -107.797626295, 37.512188022 ], [ -107.793476406, 37.516206500000102 ], [ -107.792512378, 37.517163436 ], [ -107.790560411, 37.524412257000101 ] ], [ [ -107.790568167, 37.524406393000099 ], [ -107.792519456, 37.528433436 ], [ -107.798107956, 37.534489237000102 ], [ -107.803079466, 37.539838623 ], [ -107.807177556, 37.544493237 ], [ -107.812333447, 37.550058447 ], [ -107.815214456, 37.553169338 ], [ -107.815232056, 37.554212638 ], [ -107.815321513, 37.555015917 ], [ -107.815741193, 37.557361785000097 ], [ -107.815864547, 37.558459781000103 ], [ -107.816101284, 37.5604820880001 ], [ -107.8167455, 37.565635535000098 ], [ -107.817207944, 37.569570087 ], [ -107.817222431, 37.570055678000102 ], [ -107.817280935, 37.570593157000097 ], [ -107.817512981, 37.576102142 ], [ -107.817634384, 37.581591408000101 ], [ -107.817703656, 37.586017685000101 ], [ -107.817674665, 37.586997426 ], [ -107.817718956, 37.587659841 ], [ -107.820869756, 37.588404541 ], [ -107.821635556, 37.589489941000103 ], [ -107.821747956, 37.592285941 ], [ -107.821930656, 37.596416841000099 ], [ -107.818574905, 37.602697884000101 ], [ -107.815709538, 37.608138801 ], [ -107.814350356, 37.610699143 ], [ -107.813103356, 37.612002343 ], [ -107.813070933, 37.618180556 ], [ -107.813082356, 37.618883543 ], [ -107.812399568, 37.621294035000098 ] ] ] } },
{ "type": "Feature", "properties": { "objectid": "73421", "id": "204994", "type": "AC; OVERHEAD", "status": "NOT AVAILABLE", "naics_code": "221121", "naics_desc": "ELECTRIC BULK POWER TRANSMISSION AND CONTROL", "source": "Regional Map", "sourcedate": "2014-07-08 20:00:00-06:00", "val_method": "IMAGERY/OTHER", "val_date": "2014-07-08 20:00:00-06:00", "owner": "TRI-STATE G & T ASSN, INC", "voltage": 115.0, "volt_class": "100-161", "inferred": "N", "sub_1": "TAP205177", "sub_2": "UNKNOWN203963", "shape_lengt": 49733.497136762402, "globalid": "d25d1c02-1726-4338-a048-bc5e7af232b6" }, "geometry": { "type": "MultiLineString", "coordinates": [ [ [ -102.798745244, 39.127409464 ], [ -102.796206282, 39.1274026070001 ], [ -102.780676289, 39.127374949000099 ], [ -102.765139165, 39.127319636 ], [ -102.74756988, 39.127297510000098 ], [ -102.730528244, 39.12733623 ], [ -102.711768182, 39.127386012 ], [ -102.695945843, 39.127446857 ], [ -102.679945244, 39.1274026070001 ], [ -102.661570224, 39.1273694180001 ], [ -102.642667555, 39.12733623 ], [ -102.62637461, 39.127280916000103 ], [ -102.618210312, 39.127303041000097 ], [ -102.609340104, 39.127242197 ], [ -102.592419684, 39.127236665000098 ], [ -102.575107092, 39.127330699 ], [ -102.556546682, 39.1274302630001 ], [ -102.53902731, 39.127574079 ], [ -102.522876972, 39.127645986000097 ], [ -102.507261415, 39.127784269000102 ], [ -102.489906041, 39.127939147 ], [ -102.473456227, 39.128082961000104 ], [ -102.457662409, 39.128221243 ], [ -102.441569115, 39.12837612 ], [ -102.423821569, 39.128519933000099 ], [ -102.407628449, 39.128619496000098 ], [ -102.386294317, 39.12872459 ], [ -102.366229394, 39.1287854340001 ], [ -102.352646592, 39.128787738 ], [ -102.352667389, 39.128280705000101 ] ] ] } },
{ "type": "Feature", "properties": { "objectid": "70218", "id": "201978", "type": "AC; OVERHEAD", "status": "NOT AVAILABLE", "naics_code": "221121", "naics_desc": "ELECTRIC BULK POWER TRANSMISSION AND CONTROL", "source": "Regional Map", "sourcedate": "2014-06-30 20:00:00-06:00", "val_method": "IMAGERY/OTHER", "val_date": "2014-06-30 20:00:00-06:00", "owner": "TRI-STATE G & T ASSN, INC", "voltage": 115.0, "volt_class": "100-161", "inferred": "N", "sub_1": "TAP204022", "sub_2": "UNKNOWN202219", "shape_lengt": 15062.391758944501, "globalid": "bc7eee90-22f0-4b6b-945d-03f763c67e7f" }, "geometry": { "type": "MultiLineString", "coordinates": [ [ [ -108.037690711, 37.006680381 ], [ -108.037474, 37.002739 ], [ -108.033315469, 36.956765873 ], [ -108.074512605, 36.914791807 ], [ -108.077939898, 36.911573941 ], [ -108.078533734, 36.911759741 ] ] ] } },
{ "type": "Feature", "properties": { "objectid": "70143", "id": "201902", "type": "AC; OVERHEAD", "status": "NOT AVAILABLE", "naics_code": "221121", "naics_desc": "ELECTRIC BULK POWER TRANSMISSION AND CONTROL", "source": "Regional Map", "sourcedate": "2014-07-08 20:00:00-06:00", "val_method": "IMAGERY/OTHER", "val_date": "2014-07-08 20:00:00-06:00", "owner": "TRI-STATE G & T ASSN, INC", "voltage": 230.0, "volt_class": "220-287", "inferred": "N", "sub_1": "LANDSMAN CREEK", "sub_2": "UNKNOWN201500", "shape_lengt": 10627.573574275701, "globalid": "5f2b99e2-eaae-440e-b6e8-0821e069be35" }, "geometry": { "type": "MultiLineString", "coordinates": [ [ [ -102.335785211, 39.360819367 ], [ -102.335670997, 39.360062699 ], [ -102.3343833, 39.3600453 ], [ -102.3315786, 39.360069700000103 ], [ -102.3287017, 39.360101100000101 ], [ -102.3257978, 39.360097600000103 ], [ -102.322966, 39.360111500000102 ], [ -102.320549, 39.3601255 ], [ -102.3181546, 39.360136 ], [ -102.3154266, 39.360146400000097 ], [ -102.3125316, 39.360163800000102 ], [ -102.3093977, 39.3601708 ], [ -102.3059121, 39.360195200000099 ], [ -102.3030172, 39.3602092 ], [ -102.299996, 39.3602092 ], [ -102.2968982, 39.360216100000102 ], [ -102.2937192, 39.3602336000001 ], [ -102.2907656, 39.360251 ], [ -102.2876317, 39.360258 ], [ -102.2849127, 39.360268400000102 ], [ -102.2817336, 39.3602859000001 ], [ -102.2787485, 39.360317200000097 ], [ -102.2764534, 39.359097 ], [ -102.273829, 39.359117900000101 ], [ -102.2712813, 39.359097 ], [ -102.2683322, 39.3590935 ], [ -102.2661588, 39.3590691 ], [ -102.262353, 39.3590308 ], [ -102.2594852, 39.3590273 ], [ -102.2564595, 39.359009800000102 ], [ -102.2535555, 39.3589924 ], [ -102.2507598, 39.3589575 ], [ -102.2475357, 39.358936600000099 ], [ -102.2448978, 39.358915700000097 ], [ -102.242578526, 39.358904227 ], [ -102.242156413, 39.358291652 ] ] ] } },
{ "type": "Feature", "properties": { "objectid": "70192", "id": "201952", "type": "AC; OVERHEAD", "status": "NOT AVAILABLE", "naics_code": "221121", "naics_desc": "ELECTRIC BULK POWER TRANSMISSION AND CONTROL", "source": "Regional Map", "sourcedate": "2015-07-08 20:00:00-06:00", "val_method": "IMAGERY/OTHER", "val_date": "2015-07-08 20:00:00-06:00", "owner": "TRI-STATE G & T ASSN, INC", "voltage": 230.0, "volt_class": "220-287", "inferred": "N", "sub_1": "UNKNOWN203882", "sub_2": "UNKNOWN203881", "shape_lengt": 16958.050739932001, "globalid": "458fab50-260f-418b-8d9f-0df43645bb2b" }, "geometry": { "type": "MultiLineString", "coordinates": [ [ [ -108.321217737, 39.9500703960001 ], [ -108.321577624, 39.949582021 ], [ -108.320588876, 39.948988021 ], [ -108.319200826, 39.948160787000099 ], [ -108.315531051, 39.945959638 ], [ -108.313995641, 39.944428996000099 ], [ -108.312721677, 39.943044100000101 ], [ -108.311395424, 39.941630019000101 ], [ -108.3093799, 39.939446883000102 ], [ -108.307892025, 39.937795818 ], [ -108.304488451, 39.934099911 ], [ -108.302339826, 39.933884857000102 ], [ -108.293441097, 39.93302828 ], [ -108.292005512, 39.932897058 ], [ -108.290945461, 39.9293722130001 ], [ -108.289353006, 39.924122883 ], [ -108.286619689, 39.922402182 ], [ -108.28470399, 39.921180895000099 ], [ -108.28232244, 39.919660636000103 ], [ -108.279993178, 39.918184093 ], [ -108.278229595, 39.917072107 ], [ -108.276846299, 39.9162007360001 ], [ -108.272078444, 39.913145379000099 ], [ -108.270405178, 39.91209165 ], [ -108.268498987, 39.910844656 ], [ -108.265741902, 39.909083512 ], [ -108.262476183, 39.906997791 ], [ -108.260897989, 39.906002311000101 ], [ -108.256942998, 39.903486199 ], [ -108.24957968, 39.898789209 ], [ -108.245786312, 39.896338478000096 ], [ -108.242392245, 39.894168486000098 ], [ -108.237058712, 39.891020964000099 ], [ -108.232580826, 39.888387584 ], [ -108.226919296, 39.885017295000097 ], [ -108.221951789, 39.882102809000102 ], [ -108.215501161, 39.878250683 ], [ -108.210623973, 39.878301754000098 ], [ -108.210573456, 39.877781251 ] ] ] } },
{ "type": "Feature", "properties": { "objectid": "70067", "id": "201826", "type": "AC; OVERHEAD", "status": "NOT AVAILABLE", "naics_code": "221121", "naics_desc": "ELECTRIC BULK POWER TRANSMISSION AND CONTROL", "source": "IMAGERY", "sourcedate": "2014-07-07 20:00:00-06:00", "val_method": "IMAGERY", "val_date": "2014-07-07 20:00:00-06:00", "owner": "TRI-STATE G & T ASSN, INC", "voltage": 230.0, "volt_class": "220-287", "inferred": "Y", "sub_1": "BOONE", "sub_2": "LAMAR HVDC TIE", "shape_lengt": 202591.57427465901, "globalid": "7e9d66c4-9e68-4eaf-a080-102c52977ec0" }, "geometry": { "type": "MultiLineString", "coordinates": [ [ [ -104.224042, 38.255807 ], [ -104.2242503, 38.256279200000101 ], [ -104.2239895, 38.256839500000098 ], [ -104.2240007, 38.2589189 ], [ -104.2239876, 38.260885700000102 ], [ -104.2219456, 38.2624737 ], [ -104.2199122, 38.264054900000097 ], [ -104.2178137, 38.265689000000101 ], [ -104.2156239, 38.267404800000101 ], [ -104.2133203, 38.269208600000098 ], [ -104.2109216, 38.271074300000102 ], [ -104.2086695, 38.272821500000099 ], [ -104.206413, 38.2746 ], [ -104.2043208, 38.276221500000098 ], [ -104.2020332, 38.277999900000097 ], [ -104.1996167, 38.2798899000001 ], [ -104.1973691, 38.2816264000001 ], [ -104.1948558, 38.283584500000103 ], [ -104.1932735, 38.284823700000103 ], [ -104.1916389, 38.286078900000099 ], [ -104.1899331, 38.2874283 ], [ -104.1881047, 38.2888370000001 ], [ -104.1861414, 38.290378100000098 ], [ -104.1845467, 38.291608800000098 ], [ -104.1815838, 38.291654100000102 ], [ -104.1787987, 38.291692500000103 ], [ -104.1758848, 38.2917308 ], [ -104.1725266, 38.2917761 ], [ -104.169084, 38.2918145 ], [ -104.1656859, 38.2918633 ], [ -104.1632117, 38.2918947000001 ], [ -104.1600756, 38.291947 ], [ -104.1568152, 38.291988800000098 ], [ -104.1536258, 38.2920306 ], [ -104.1509295, 38.2920585 ], [ -104.1477313, 38.2921178 ], [ -104.1447996, 38.2921492 ], [ -104.1418412, 38.292187500000097 ], [ -104.1386203, 38.2922226 ], [ -104.1355504, 38.2922629 ], [ -104.1326924, 38.292308300000101 ], [ -104.1297637, 38.292353600000098 ], [ -104.1269507, 38.2923889 ], [ -104.1235474, 38.2924301 ], [ -104.1203705, 38.2924702 ], [ -104.1169923, 38.2925257 ], [ -104.1137746, 38.292561 ], [ -104.110679, 38.292596300000099 ], [ -104.1075641, 38.2926416 ], [ -104.1044042, 38.292692 ], [ -104.1013022, 38.2927324 ], [ -104.0980717, 38.292782800000097 ], [ -104.0948026, 38.292818000000103 ], [ -104.0915657, 38.2928634 ], [ -104.088637, 38.292898700000102 ], [ -104.0851882, 38.2929541 ], [ -104.0820925, 38.292989400000103 ], [ -104.0787849, 38.2930348 ], [ -104.0755673, 38.293075100000102 ], [ -104.072401, 38.2931104 ], [ -104.0692797, 38.2931457 ], [ -104.0659785, 38.293191100000101 ], [ -104.0626581, 38.293246500000102 ], [ -104.0595817, 38.2932717 ], [ -104.0566017, 38.2933120000001 ], [ -104.0542896, 38.293342300000099 ], [ -104.0510013, 38.293387600000102 ], [ -104.0481368, 38.293407800000097 ], [ -104.0455422, 38.2934633 ], [ -104.0426199, 38.293483400000099 ], [ -104.0394247, 38.2935363 ], [ -104.0362328, 38.293566600000098 ], [ -104.033317, 38.2937581 ], [ -104.0302277, 38.293957200000101 ], [ -104.0271835, 38.294143700000099 ], [ -104.0237764, 38.294358 ], [ -104.0206036, 38.294557100000098 ], [ -104.0177553, 38.294738500000101 ], [ -104.0145483, 38.2949376 ], [ -104.0115903, 38.2951316 ], [ -104.0084126, 38.295336200000101 ], [ -104.0048712, 38.2955517 ], [ -104.0018856, 38.2957456 ], [ -103.9993051, 38.2959072 ], [ -103.9960793, 38.296122700000097 ], [ -103.9929429, 38.296322 ], [ -103.9896485, 38.2965266 ], [ -103.9866149, 38.2967152 ], [ -103.9833618, 38.2969091000001 ], [ -103.9807949, 38.2970814 ], [ -103.9777476, 38.2972592 ], [ -103.9749269, 38.2974369 ], [ -103.9716403, 38.297646300000103 ], [ -103.968544, 38.2978368 ], [ -103.9650401, 38.298065300000097 ], [ -103.9623904, 38.2982595 ], [ -103.9595368, 38.298236700000103 ], [ -103.9570326, 38.2982557 ], [ -103.9543246, 38.298271 ], [ -103.9516603, 38.298278600000103 ], [ -103.9485641, 38.298297600000097 ], [ -103.9458512, 38.298309000000103 ], [ -103.9435169, 38.2983243 ], [ -103.9418183, 38.2983395 ], [ -103.9401246, 38.298335700000102 ], [ -103.9368828, 38.2983471000001 ], [ -103.9340049, 38.2983624 ], [ -103.9310203, 38.2983928 ], [ -103.9280891, 38.298400500000099 ], [ -103.9249298, 38.298408100000103 ], [ -103.9219534, 38.2984174 ], [ -103.9185854, 38.298433900000099 ], [ -103.9154138, 38.2984615 ], [ -103.9123755, 38.298472500000102 ], [ -103.9091408, 38.298489000000103 ], [ -103.9060674, 38.2985 ], [ -103.9030081, 38.298516500000098 ], [ -103.8997383, 38.2985276 ], [ -103.8967772, 38.2985331 ], [ -103.8937179, 38.2985606 ], [ -103.8904341, 38.2985551 ], [ -103.8873186, 38.2985826 ], [ -103.884126, 38.298593600000103 ], [ -103.8810667, 38.2986102 ], [ -103.8779723, 38.298621200000099 ], [ -103.8751235, 38.2986377 ], [ -103.8723939, 38.2986432000001 ], [ -103.8695381, 38.2985771 ], [ -103.8662893, 38.2985055 ], [ -103.8629704, 38.2984174 ], [ -103.8599813, 38.2983513 ], [ -103.856515, 38.2982742 ], [ -103.8534416, 38.2981971 ], [ -103.850249, 38.298114500000104 ], [ -103.8471827, 38.298031900000097 ], [ -103.8444251, 38.2979549 ], [ -103.8414078, 38.2978943 ], [ -103.838531, 38.2978227 ], [ -103.8355769, 38.297756600000099 ], [ -103.8328456, 38.297691900000103 ], [ -103.8299135, 38.2976968 ], [ -103.8270159, 38.2977046 ], [ -103.8239149, 38.297708500000098 ], [ -103.8206055, 38.2977162 ], [ -103.8173209, 38.2977279 ], [ -103.8142497, 38.2977435 ], [ -103.8112033, 38.297763 ], [ -103.8077996, 38.2977669 ], [ -103.8045746, 38.2977669 ], [ -103.8012999, 38.2977863 ], [ -103.7980997, 38.297790200000101 ], [ -103.794959, 38.2978019 ], [ -103.7916148, 38.2978175000001 ], [ -103.7884841, 38.297825300000099 ], [ -103.7853645, 38.2978275 ], [ -103.7821637, 38.297847400000101 ], [ -103.7789629, 38.297851400000098 ], [ -103.77562, 38.2978673000001 ], [ -103.7724801, 38.2978793 ], [ -103.7693503, 38.2978793 ], [ -103.7661799, 38.297887300000099 ], [ -103.7631516, 38.2978952 ], [ -103.7600471, 38.2979032000001 ], [ -103.757105, 38.297915100000097 ], [ -103.7556289, 38.2979271 ], [ -103.754097, 38.2979231 ], [ -103.7508911, 38.297931 ], [ -103.7483801, 38.297939 ], [ -103.7453873, 38.2979509 ], [ -103.7426329, 38.2979509 ], [ -103.7398125, 38.2979549 ], [ -103.7373066, 38.297966900000098 ], [ -103.7347805, 38.2979709 ], [ -103.7318536, 38.298038500000096 ], [ -103.7285158, 38.298102200000102 ], [ -103.7254215, 38.2981659000001 ], [ -103.7221446, 38.298225600000102 ], [ -103.7189235, 38.298297300000101 ], [ -103.7159205, 38.298345100000098 ], [ -103.7127045, 38.298420700000101 ], [ -103.7094022, 38.298480400000102 ], [ -103.7062166, 38.2985441000001 ], [ -103.7029701, 38.298611800000103 ], [ -103.6997947, 38.298675500000101 ], [ -103.6964265, 38.298747100000099 ], [ -103.6933322, 38.298798900000101 ], [ -103.6901009, 38.2988546 ], [ -103.6867987, 38.2989223000001 ], [ -103.6836689, 38.298986 ], [ -103.680676, 38.299033800000103 ], [ -103.6774093, 38.299113400000103 ], [ -103.6737316, 38.299173100000097 ], [ -103.6710736, 38.299185000000101 ], [ -103.6678981, 38.299193000000102 ], [ -103.664535, 38.299220900000101 ], [ -103.6615827, 38.2992288 ], [ -103.6581891, 38.2992448 ], [ -103.6550593, 38.299252700000103 ], [ -103.651823, 38.2992806 ], [ -103.6486805, 38.2992854 ], [ -103.6455455, 38.2992976 ], [ -103.6423561, 38.2993057 ], [ -103.6406913, 38.299318 ], [ -103.6390396, 38.2993241 ], [ -103.6358372, 38.299344400000102 ], [ -103.6325881, 38.2993485000001 ], [ -103.6293546, 38.299362700000103 ], [ -103.6261184, 38.2993831 ], [ -103.6229446, 38.2993932 ], [ -103.619864, 38.2994014000001 ], [ -103.6167109, 38.2994156 ], [ -103.6135033, 38.299425800000101 ], [ -103.6104746, 38.2994360000001 ], [ -103.6075211, 38.2994462 ], [ -103.6042617, 38.2994645 ], [ -103.6009867, 38.299476700000099 ], [ -103.5977791, 38.2994808 ], [ -103.594517, 38.299495 ], [ -103.5929379, 38.2995031 ], [ -103.591382, 38.299505200000098 ], [ -103.5881174, 38.299519400000101 ], [ -103.584915, 38.2995296 ], [ -103.5817904, 38.2995459 ], [ -103.5787176, 38.2995499 ], [ -103.5756708, 38.299562100000102 ], [ -103.5724088, 38.2995784 ], [ -103.5692219, 38.299592700000098 ], [ -103.5660506, 38.299604900000098 ], [ -103.5627678, 38.299611 ], [ -103.5595862, 38.2996232 ], [ -103.5565575, 38.2996334 ], [ -103.553254, 38.299643500000101 ], [ -103.550036, 38.2996619 ], [ -103.5467529, 38.2996715 ], [ -103.5435928, 38.299692300000103 ], [ -103.540788, 38.299696400000101 ], [ -103.5381582, 38.299692300000103 ], [ -103.5360798, 38.2984148 ], [ -103.5338953, 38.297041700000101 ], [ -103.5317267, 38.2956935 ], [ -103.5296483, 38.2944118 ], [ -103.5271616, 38.2944118 ], [ -103.5244045, 38.2944118 ], [ -103.5213664, 38.2943951 ], [ -103.518217, 38.2944201 ], [ -103.5152902, 38.2944035 ], [ -103.51204, 38.2944035 ], [ -103.5087792, 38.294399300000102 ], [ -103.5056616, 38.2944035 ], [ -103.5024167, 38.2944118 ], [ -103.499315, 38.294407600000099 ], [ -103.4961496, 38.2944118 ], [ -103.4932334, 38.2944035 ], [ -103.4900946, 38.2944035 ], [ -103.4868868, 38.2944035 ], [ -103.4838169, 38.294399300000102 ], [ -103.4807523, 38.294399300000102 ], [ -103.4775127, 38.294407600000099 ], [ -103.4743773, 38.2944093 ], [ -103.4713377, 38.2943942 ], [ -103.4682292, 38.2943942 ], [ -103.4651014, 38.2943942 ], [ -103.462012, 38.2943942 ], [ -103.4587577, 38.294364200000103 ], [ -103.455676, 38.2943852000001 ], [ -103.4525214, 38.294391200000099 ], [ -103.4493132, 38.2943882000001 ], [ -103.4477493, 38.2943882000001 ], [ -103.4462314, 38.2943882000001 ], [ -103.4430193, 38.2943792 ], [ -103.4399222, 38.2943762 ], [ -103.4367561, 38.2943822 ], [ -103.4336897, 38.294364200000103 ], [ -103.4307728, 38.294364200000103 ], [ -103.428105, 38.2943612 ], [ -103.42528, 38.294400300000099 ], [ -103.42216, 38.2944424 ], [ -103.419047, 38.2944627 ], [ -103.4160656, 38.294501 ], [ -103.4127318, 38.2945478 ], [ -103.4094957, 38.2945734 ], [ -103.4063245, 38.294615900000103 ], [ -103.403251, 38.294632900000103 ], [ -103.4001341, 38.294679700000103 ], [ -103.3971798, 38.2947137 ], [ -103.3938569, 38.294739300000103 ], [ -103.3907671, 38.2947648 ], [ -103.3874875, 38.294811600000102 ], [ -103.3843056, 38.2948456 ], [ -103.3810802, 38.2948797 ], [ -103.3777682, 38.294918 ], [ -103.3744507, 38.294947700000101 ], [ -103.3720601, 38.294986000000101 ], [ -103.3707375, 38.2950158 ], [ -103.3693918, 38.295005800000098 ], [ -103.3672757, 38.2950335 ], [ -103.3645639, 38.2950212000001 ], [ -103.3615895, 38.2950458 ], [ -103.3584036, 38.2950193 ], [ -103.3551615, 38.2950367 ], [ -103.3518972, 38.2950324 ], [ -103.3486275, 38.295028 ], [ -103.3453577, 38.295041100000098 ], [ -103.3421433, 38.2950367 ], [ -103.3389345, 38.2950324 ], [ -103.3356536, 38.295049800000101 ], [ -103.3323894, 38.295041100000098 ], [ -103.3290919, 38.2950454 ], [ -103.3257889, 38.2950324 ], [ -103.3225246, 38.2950454 ], [ -103.3192216, 38.2950454 ], [ -103.3159241, 38.295041100000098 ], [ -103.3128649, 38.2950454 ], [ -103.3095508, 38.2950454 ], [ -103.3063143, 38.2950628 ], [ -103.3030833, 38.2950585 ], [ -103.3005007, 38.295023700000101 ], [ -103.2973584, 38.2950846 ], [ -103.2941939, 38.2951063 ], [ -103.2909962, 38.295115000000102 ], [ -103.2877929, 38.295132400000099 ], [ -103.2846839, 38.295141100000102 ], [ -103.2814473, 38.2951803 ], [ -103.278233, 38.2951890000001 ], [ -103.2749299, 38.2952151000001 ], [ -103.2717211, 38.2952325 ], [ -103.2684126, 38.295258600000103 ], [ -103.2651151, 38.2952847 ], [ -103.2622277, 38.2952934 ], [ -103.2594426, 38.2953042 ], [ -103.2566492, 38.295317500000102 ], [ -103.2543375, 38.295317500000102 ], [ -103.2512892, 38.295197400000099 ], [ -103.2485072, 38.295068500000099 ], [ -103.2457309, 38.2949351 ], [ -103.2429376, 38.294797200000097 ], [ -103.2401669, 38.294654900000097 ], [ -103.2372489, 38.294508200000102 ], [ -103.2346086, 38.2943347 ], [ -103.2317133, 38.2944103 ], [ -103.2284384, 38.2944459 ], [ -103.2251181, 38.2944593 ], [ -103.2220245, 38.2944904 ], [ -103.2186589, 38.294526 ], [ -103.2156162, 38.294548200000101 ], [ -103.21233, 38.294579300000102 ], [ -103.2092704, 38.294601600000099 ], [ -103.206324, 38.2946371 ], [ -103.2030151, 38.294668300000097 ], [ -103.1998252, 38.294699400000098 ], [ -103.1967089, 38.294730500000099 ], [ -103.1935388, 38.294752700000103 ], [ -103.1902638, 38.2947794 ], [ -103.1869606, 38.2948017000001 ], [ -103.1839293, 38.2948417 ], [ -103.180864, 38.2948595 ], [ -103.178014, 38.2948906 ], [ -103.175589, 38.294912800000098 ], [ -103.1723423, 38.294948400000102 ], [ -103.1702743, 38.2949662 ], [ -103.1672373, 38.295046200000101 ], [ -103.164359, 38.295135200000097 ], [ -103.16139, 38.295233000000103 ], [ -103.158438, 38.2953086 ], [ -103.1553558, 38.2953975 ], [ -103.1522848, 38.295499800000101 ], [ -103.1492593, 38.295513 ], [ -103.1462066, 38.295553900000101 ], [ -103.1445498, 38.295563000000101 ], [ -103.1428641, 38.295567500000097 ], [ -103.1396202, 38.295599300000099 ], [ -103.1365501, 38.2956266 ], [ -103.1332598, 38.295663 ], [ -103.1304214, 38.2956903 ], [ -103.1272122, 38.295726600000101 ], [ -103.1240957, 38.295735700000101 ], [ -103.1212109, 38.295753900000101 ], [ -103.118442, 38.2957903000001 ], [ -103.1150938, 38.295826700000099 ], [ -103.1124002, 38.2958539 ], [ -103.109052, 38.2958721 ], [ -103.105976, 38.295913 ], [ -103.1027495, 38.2959403 ], [ -103.0994186, 38.2959721 ], [ -103.0961631, 38.296004 ], [ -103.0929076, 38.296022100000101 ], [ -103.0899823, 38.296049400000101 ], [ -103.0871033, 38.296072100000103 ], [ -103.0841432, 38.296113100000099 ], [ -103.0814727, 38.2961403 ], [ -103.0786401, 38.2961403 ], [ -103.0755873, 38.2961494 ], [ -103.0724998, 38.2961267 ], [ -103.0694007, 38.296144900000101 ], [ -103.0663305, 38.296131300000098 ], [ -103.0630924, 38.296104 ], [ -103.0597442, 38.296113100000099 ], [ -103.0569753, 38.296099400000102 ], [ -103.0536676, 38.296090300000103 ], [ -103.05036, 38.296099400000102 ], [ -103.0471797, 38.2960858000001 ], [ -103.0436809, 38.2960585000001 ], [ -103.040773, 38.296072100000103 ], [ -103.0377202, 38.2960585000001 ], [ -103.03633, 38.296042800000102 ], [ -103.0348612, 38.296052100000097 ], [ -103.0317757, 38.296042800000102 ], [ -103.028471, 38.2960335000001 ], [ -103.025421, 38.296019600000101 ], [ -103.0236976, 38.2953689 ], [ -103.020997, 38.2943137 ], [ -103.0183912, 38.2932912 ], [ -103.015584, 38.292189500000099 ], [ -103.0129308, 38.2911623 ], [ -103.0102776, 38.2901211000001 ], [ -103.0074408, 38.2890194 ], [ -103.0045685, 38.2879084 ], [ -103.0015896, 38.286737000000102 ], [ -102.9992325, 38.2858119 ], [ -102.9964371, 38.2847288 ], [ -102.9936063, 38.283636300000097 ], [ -102.9907458, 38.282516 ], [ -102.9880334, 38.2814421 ], [ -102.9851788, 38.280335700000101 ], [ -102.9824071, 38.2792571 ], [ -102.9794815, 38.2781041000001 ], [ -102.9766506, 38.2770116 ], [ -102.9738731, 38.275923700000099 ], [ -102.9710481, 38.274807800000097 ], [ -102.9682409, 38.2737152 ], [ -102.9653449, 38.2725854 ], [ -102.9623719, 38.271437 ], [ -102.9597009, 38.270400100000103 ], [ -102.9569589, 38.269316800000098 ], [ -102.9542998, 38.268270600000101 ], [ -102.9513445, 38.267122100000101 ], [ -102.9488157, 38.266154900000103 ], [ -102.9463283, 38.2651506 ], [ -102.9434264, 38.2651599000001 ], [ -102.9404297, 38.2651645 ], [ -102.9370954, 38.2651599000001 ], [ -102.9339092, 38.2651599000001 ], [ -102.930871, 38.2651552 ], [ -102.927744, 38.2651599000001 ], [ -102.924694, 38.2651459 ], [ -102.9215256, 38.265169200000102 ], [ -102.9184652, 38.2651595 ], [ -102.9153651, 38.265145200000099 ], [ -102.9121924, 38.265154800000097 ], [ -102.9090136, 38.2651595 ], [ -102.9058893, 38.2651405 ], [ -102.9027469, 38.265131 ], [ -102.8995802, 38.265121500000099 ], [ -102.8966073, 38.265107200000102 ], [ -102.89338, 38.2651167000001 ], [ -102.8901892, 38.265112 ], [ -102.8870891, 38.2651167000001 ], [ -102.8839224, 38.2651167000001 ], [ -102.8808284, 38.265112 ], [ -102.8776133, 38.265112 ], [ -102.876033, 38.2651167000001 ], [ -102.8744587, 38.265097700000098 ], [ -102.8713708, 38.265097700000098 ], [ -102.8682586, 38.265107200000102 ], [ -102.8652009, 38.265093 ], [ -102.8619495, 38.2650882 ], [ -102.8587586, 38.265078700000103 ], [ -102.8555737, 38.2650692 ], [ -102.8524616, 38.265073900000097 ], [ -102.8493312, 38.265073900000097 ], [ -102.8462433, 38.265073900000097 ], [ -102.8430342, 38.2650692 ], [ -102.8398312, 38.2650834 ], [ -102.8366706, 38.265054900000102 ], [ -102.8335281, 38.265054900000102 ], [ -102.8303433, 38.265050200000097 ], [ -102.8270374, 38.2650407 ], [ -102.8241916, 38.265050200000097 ], [ -102.8208796, 38.265026400000103 ], [ -102.817713, 38.265031200000102 ], [ -102.8143889, 38.2650169 ], [ -102.8113857, 38.265031200000102 ], [ -102.8080979, 38.2650121 ], [ -102.8049494, 38.2650121 ], [ -102.8016066, 38.2650088 ], [ -102.798814, 38.2650088 ], [ -102.7953823, 38.2650157 ], [ -102.792362, 38.2650088 ], [ -102.7889916, 38.265001900000101 ], [ -102.7859713, 38.265001900000101 ], [ -102.7826884, 38.2649882 ], [ -102.7800183, 38.265001900000101 ], [ -102.7768318, 38.2649882 ], [ -102.7734438, 38.264960700000103 ], [ -102.7702922, 38.2649813 ], [ -102.7674383, 38.26494 ], [ -102.7642955, 38.264967500000097 ], [ -102.7615204, 38.264967500000097 ], [ -102.7587102, 38.2649469 ], [ -102.7555499, 38.264926300000099 ], [ -102.7524246, 38.264926300000099 ], [ -102.749308, 38.2649057 ], [ -102.7461127, 38.2649125 ], [ -102.7430399, 38.2648988 ], [ -102.7414816, 38.2649057 ], [ -102.7399584, 38.2649125 ], [ -102.736798, 38.2648851000001 ], [ -102.7335239, 38.2648713 ], [ -102.7303723, 38.2648713 ], [ -102.7271507, 38.264850700000103 ], [ -102.724183, 38.264850700000103 ], [ -102.7212415, 38.2648576 ], [ -102.7181687, 38.2648644000001 ], [ -102.7151397, 38.264823200000102 ], [ -102.7120057, 38.264850700000103 ], [ -102.7088716, 38.264823200000102 ], [ -102.7056763, 38.264816300000099 ], [ -102.7025422, 38.264788800000098 ], [ -102.6992243, 38.2647957 ], [ -102.6961077, 38.264788800000098 ], [ -102.6929649, 38.2647957 ], [ -102.6899184, 38.2647682 ], [ -102.6875197, 38.2647682 ], [ -102.6843068, 38.264775100000101 ], [ -102.6810904, 38.264764800000101 ], [ -102.6780842, 38.2647449 ], [ -102.6755496, 38.265475400000099 ], [ -102.6729548, 38.266213300000103 ], [ -102.6703726, 38.266958600000102 ], [ -102.667762, 38.267704 ], [ -102.6647527, 38.267704 ], [ -102.6620598, 38.2677189 ], [ -102.6588448, 38.2677189 ], [ -102.6556519, 38.2677387 ], [ -102.6523357, 38.2677487 ], [ -102.6492156, 38.267763600000102 ], [ -102.6460544, 38.267776 ], [ -102.6428077, 38.267781 ], [ -102.6396465, 38.267790900000101 ], [ -102.6366688, 38.2678009 ], [ -102.6345772, 38.267805800000097 ], [ -102.6315931, 38.2678133000001 ], [ -102.6285743, 38.267820700000101 ], [ -102.625353, 38.2678481 ], [ -102.6221981, 38.267858 ], [ -102.6189277, 38.2678615 ], [ -102.6156362, 38.2678562 ], [ -102.6125081, 38.2678808000001 ], [ -102.6093756, 38.2678984 ], [ -102.6061803, 38.2678913 ], [ -102.6028374, 38.2679124000001 ], [ -102.5997406, 38.2679265 ], [ -102.5964872, 38.2679335 ], [ -102.5934621, 38.267947600000099 ], [ -102.5902803, 38.2679616 ], [ -102.5887498, 38.2679616 ], [ -102.5872596, 38.2679546 ], [ -102.5842254, 38.2679651 ], [ -102.5811152, 38.267982700000097 ], [ -102.577911, 38.267982700000097 ], [ -102.5746755, 38.2679932 ], [ -102.5715027, 38.2680073000001 ], [ -102.5684104, 38.2680038 ], [ -102.5651615, 38.2680038 ], [ -102.5622034, 38.2680178 ], [ -102.5590932, 38.2680284 ], [ -102.5558748, 38.268038 ], [ -102.5525349, 38.268038 ], [ -102.5493323, 38.268095500000101 ], [ -102.5463035, 38.2680883 ], [ -102.5432015, 38.2681027 ], [ -102.5404149, 38.268101000000101 ], [ -102.5374968, 38.268106100000097 ], [ -102.5346045, 38.2681137000001 ], [ -102.5317608, 38.2681137000001 ], [ -102.5289397, 38.268129000000101 ], [ -102.5262546, 38.2681188 ], [ -102.5238185, 38.266698900000101 ], [ -102.5214956, 38.265378100000099 ], [ -102.5215636, 38.2630005 ], [ -102.5215571, 38.2603511 ], [ -102.5215538, 38.2577904 ], [ -102.521528, 38.255366900000098 ], [ -102.5215862, 38.252955900000103 ], [ -102.5215765, 38.2503544 ], [ -102.5215603, 38.247821400000099 ], [ -102.5215797, 38.2454203 ], [ -102.5215571, 38.2431107 ], [ -102.5215344, 38.2409611 ], [ -102.5214827, 38.238542100000103 ], [ -102.5214762, 38.236272900000102 ], [ -102.5214212, 38.2342247 ], [ -102.5214309, 38.232351800000103 ], [ -102.5214115, 38.2303239 ], [ -102.5214244, 38.228151 ], [ -102.5214083, 38.2255333 ], [ -102.5213436, 38.223055300000098 ], [ -102.52135, 38.2206738 ], [ -102.5213208, 38.217962500000098 ], [ -102.521314, 38.2159819 ], [ -102.522605, 38.2136151 ], [ -102.5237557, 38.211465100000098 ], [ -102.5249765, 38.209215700000101 ], [ -102.5276942, 38.208804100000101 ], [ -102.5302307, 38.2084007 ], [ -102.5302042, 38.207415700000098 ], [ -102.5301723, 38.206831900000097 ], [ -102.528818714, 38.206703459 ] ] ] } },
{ "type": "Feature", "properties": { "objectid": "70066", "id": "201825", "type": "AC; OVERHEAD", "status": "NOT AVAILABLE", "naics_code": "221121", "naics_desc": "ELECTRIC BULK POWER TRANSMISSION AND CONTROL", "source": "Regional Map", "sourcedate": "2014-07-07 20:00:00-06:00", "val_method": "IMAGERY/OTHER", "val_date": "2014-07-07 20:00:00-06:00", "owner": "TRI-STATE G & T ASSN, INC", "voltage": 115.0, "volt_class": "100-161", "inferred": "N", "sub_1": "UNKNOWN203934", "sub_2": "BOONE", "shape_lengt": 93828.863155204206, "globalid": "e08e6699-d88e-4f44-9777-16c3b34e6ee0" }, "geometry": { "type": "MultiLineString", "coordinates": [ [ [ -103.571400674, 37.983707716 ], [ -103.571173987, 37.983896223 ], [ -103.571266682, 37.984298056 ], [ -103.571815722, 37.987970653 ], [ -103.571569724, 37.989364337 ], [ -103.571352247, 37.990957487000102 ], [ -103.571067031, 37.992893386 ], [ -103.570742598, 37.995197291000103 ], [ -103.570182862, 37.998914294 ], [ -103.569794256, 38.003403664000103 ], [ -103.569362868, 38.011890015000098 ], [ -103.568927913, 38.020119797000099 ], [ -103.568485829, 38.02757917 ], [ -103.575273962, 38.031089531000099 ], [ -103.585092512, 38.036093610000101 ], [ -103.599039558, 38.043220042 ], [ -103.614006251, 38.050884815000103 ], [ -103.622926371, 38.055449607000099 ], [ -103.627803559, 38.0567465620001 ], [ -103.637593587, 38.05940216 ], [ -103.645344323, 38.061490639000098 ], [ -103.649793687, 38.062692049000098 ], [ -103.656510516, 38.064510968 ], [ -103.659469629, 38.067677128000099 ], [ -103.665580375, 38.074239174000098 ], [ -103.673152851, 38.082405826000098 ], [ -103.678172647, 38.087776797000103 ], [ -103.682094362, 38.089937421 ], [ -103.692297953, 38.095588414000098 ], [ -103.703492668, 38.101816906000103 ], [ -103.717568061, 38.109632633 ], [ -103.731023111, 38.117082885000102 ], [ -103.744556595, 38.124594078 ], [ -103.748278659, 38.126675086 ], [ -103.760029545, 38.126546076000103 ], [ -103.774618327, 38.126327321000097 ], [ -103.790973068, 38.126138480000101 ], [ -103.812392766, 38.125854282 ], [ -103.830827205, 38.125607478000099 ], [ -103.847255628, 38.125398069 ], [ -103.852703247, 38.127170556000102 ], [ -103.872231014, 38.1333776600001 ], [ -103.876452206, 38.134708754 ], [ -103.879019147, 38.135875310000102 ], [ -103.885350934, 38.138679456 ], [ -103.887927384, 38.139778651 ], [ -103.889714734, 38.140601168 ], [ -103.903034307, 38.146470676 ], [ -103.923056446, 38.146537967 ], [ -103.944732838, 38.146620212000101 ], [ -103.952165083, 38.146620212000101 ], [ -103.956431434, 38.148536107 ], [ -103.961125609, 38.15060148 ], [ -103.966003985, 38.152764918000102 ], [ -103.968535275, 38.153834933 ], [ -103.972872929, 38.155778673 ], [ -103.980098393, 38.158969846 ], [ -103.983758661, 38.160567716000102 ], [ -103.99177441, 38.16410907 ], [ -103.994091787, 38.165127528 ], [ -104.005625196, 38.170168217 ], [ -104.015132385, 38.174325706 ], [ -104.024223635, 38.178548351000103 ], [ -104.031526344, 38.182999612000103 ], [ -104.041188025, 38.188959113000102 ], [ -104.049940581, 38.194255001 ], [ -104.058954584, 38.199723277 ], [ -104.067695257, 38.205037058000102 ], [ -104.078408671, 38.211484984 ], [ -104.088480349, 38.217614886 ], [ -104.0975738, 38.2231725 ], [ -104.188092913, 38.277938351 ], [ -104.1887161, 38.2796637000001 ], [ -104.191236046, 38.285489824 ], [ -104.192379283, 38.286323541000101 ], [ -104.1961919, 38.283314 ], [ -104.2245177, 38.261261 ], [ -104.224553162, 38.259001828000102 ], [ -104.2245872, 38.256833200000102 ], [ -104.2246585, 38.256261300000098 ], [ -104.224042, 38.255807 ] ] ] } },
{ "type": "Feature", "properties": { "objectid": "70183", "id": "201943", "type": "AC; OVERHEAD", "status": "NOT AVAILABLE", "naics_code": "221121", "naics_desc": "ELECTRIC BULK POWER TRANSMISSION AND CONTROL", "source": "Regional Map", "sourcedate": "2014-06-17 20:00:00-06:00", "val_method": "IMAGERY/OTHER", "val_date": "2014-06-17 20:00:00-06:00", "owner": "TRI-STATE G & T ASSN, INC", "voltage": 138.0, "volt_class": "100-161", "inferred": "N", "sub_1": "RANGELY", "sub_2": "UNKNOWN203886", "shape_lengt": 25247.318602771102, "globalid": "d1b9ad9a-8d50-4442-83ad-16a1d5d61af9" }, "geometry": { "type": "MultiLineString", "coordinates": [ [ [ -108.821560941, 40.074648937000099 ], [ -108.821194039, 40.074395953000099 ], [ -108.818623532, 40.074423234000101 ], [ -108.818574808, 40.068487497 ], [ -108.816325169, 40.068446572 ], [ -108.808667128, 40.068361992000099 ], [ -108.773182139, 40.067877615 ], [ -108.7695189, 40.069741984000103 ], [ -108.727845326, 40.091294927 ], [ -108.72521421, 40.093193201000098 ], [ -108.720754151, 40.0965095990001 ], [ -108.719142683, 40.097641392000099 ], [ -108.716044527, 40.09991583 ], [ -108.714458015, 40.101093926 ], [ -108.711834031, 40.103032832 ], [ -108.710472125, 40.104000900000102 ], [ -108.710005085, 40.1053507190001 ], [ -108.709416828, 40.107008642 ], [ -108.70853979, 40.108595629 ], [ -108.707516578, 40.110629754 ], [ -108.707473796, 40.110916054 ], [ -108.707416753, 40.112756522 ], [ -108.70735971, 40.114207050000097 ], [ -108.707249188, 40.115428522000101 ], [ -108.707103016, 40.117563319000098 ], [ -108.707017451, 40.118582981 ], [ -108.706892669, 40.120611355000101 ], [ -108.706778583, 40.122151679000098 ], [ -108.706682323, 40.124040914 ], [ -108.706578932, 40.125864672 ], [ -108.706429194, 40.12755208 ], [ -108.706368585, 40.129086795 ], [ -108.706026326, 40.133916969 ], [ -108.705676937, 40.139936033 ], [ -108.704098744, 40.141102534 ], [ -108.702615623, 40.142285368 ], [ -108.69584175, 40.147596055000101 ], [ -108.693447093, 40.14800954 ], [ -108.689992419, 40.148614524 ], [ -108.679799524, 40.1503994710001 ], [ -108.666348349, 40.152741546000101 ] ] ] } },
{ "type": "Feature", "properties": { "objectid": "70111", "id": "201870", "type": "AC; OVERHEAD", "status": "NOT AVAILABLE", "naics_code": "221121", "naics_desc": "ELECTRIC BULK POWER TRANSMISSION AND CONTROL", "source": "Regional Map", "sourcedate": "2014-07-09 20:00:00-06:00", "val_method": "IMAGERY/OTHER", "val_date": "2014-07-09 20:00:00-06:00", "owner": "TRI-STATE G & T ASSN, INC", "voltage": 230.0, "volt_class": "220-287", "inferred": "N", "sub_1": "STORY", "sub_2": "HENRY LAKE", "shape_lengt": 145585.11194466599, "globalid": "a1bf4182-1e6d-4eab-b360-19c2f3a45a7d" }, "geometry": { "type": "MultiLineString", "coordinates": [ [ [ -103.589002921, 40.254822693000101 ], [ -103.588988425, 40.2525191470001 ], [ -103.589594509, 40.252510077000103 ], [ -103.589630732, 40.251668974 ], [ -103.589588566, 40.244237815000098 ], [ -103.589606393, 40.236313819 ], [ -103.589576683, 40.233183879000102 ], [ -103.590063926, 40.2303758830001 ], [ -103.590622473, 40.227291036000103 ], [ -103.592143624, 40.218707163 ], [ -103.593320138, 40.212123339000101 ], [ -103.594110423, 40.211415460000097 ], [ -103.597319099, 40.210358167 ], [ -103.603855293, 40.208297984000097 ], [ -103.612578138, 40.205457190000097 ], [ -103.623125176, 40.205457190000097 ], [ -103.637005672, 40.205416347 ], [ -103.651902249, 40.205343737000099 ], [ -103.665687673, 40.205271127000103 ], [ -103.672875108, 40.2020544330001 ], [ -103.679235418, 40.199200669 ], [ -103.680642482, 40.198554380000097 ], [ -103.682211169, 40.198038797 ], [ -103.711997191, 40.184886468000101 ], [ -103.733863727, 40.174463016000097 ], [ -103.756063013, 40.163870858 ], [ -103.762394801, 40.1608483750001 ], [ -103.764790613, 40.159758505000099 ], [ -103.765826896, 40.159228095000103 ], [ -103.771274516, 40.156626846000101 ], [ -103.777473203, 40.153604042 ], [ -103.79895945, 40.143401081 ], [ -103.817279804, 40.13461397 ], [ -103.822090441, 40.132309801000098 ], [ -103.844403814, 40.121616558 ], [ -103.867439733, 40.110623518000097 ], [ -103.888802388, 40.100297748000102 ], [ -103.90983229, 40.090304983000102 ], [ -103.928506786, 40.0813891660001 ], [ -103.944022519, 40.074012686000103 ], [ -103.94496373, 40.073154227 ], [ -103.947530671, 40.0722666570001 ], [ -103.966421456, 40.063179306000102 ], [ -103.979541377, 40.056848730000098 ], [ -103.980615689, 40.056273856000097 ], [ -103.981728031, 40.055735361000103 ], [ -103.984275958, 40.054571034 ], [ -104.005450386, 40.044440542000103 ], [ -104.008604854, 40.044447829 ], [ -104.026335762, 40.044404159000102 ], [ -104.030613996, 40.041063388000097 ], [ -104.042773692, 40.041019717 ], [ -104.045597327, 40.039192775000103 ], [ -104.059639445, 40.030355803000099 ], [ -104.066199405, 40.026198973000099 ], [ -104.072046327, 40.026155293000102 ], [ -104.080003844, 40.022391356000099 ], [ -104.093760747, 40.0158822430001 ], [ -104.094246723, 40.015780336 ], [ -104.094858827, 40.015647423000097 ], [ -104.095645547, 40.015853118000102 ], [ -104.114412739, 40.015787587 ], [ -104.132913729, 40.015751181 ], [ -104.153249606, 40.015678368000103 ], [ -104.177844704, 40.015583712000101 ], [ -104.198712984, 40.015438086000103 ], [ -104.219543236, 40.015408961 ], [ -104.240620674, 40.015387117 ], [ -104.262915032, 40.015365273 ], [ -104.289459104, 40.015372555 ], [ -104.313664407, 40.015387117 ], [ -104.335483407, 40.015365273 ], [ -104.358262631, 40.015357992000098 ], [ -104.376421363, 40.015310663 ], [ -104.390582321, 40.019133237000098 ], [ -104.414640264, 40.025587439 ], [ -104.422440912, 40.02560928 ], [ -104.45206056, 40.025685722000098 ], [ -104.486186615, 40.025718482000102 ], [ -104.519086243, 40.025729403000099 ], [ -104.552684649, 40.025762164000099 ], [ -104.584828455, 40.025729403000099 ], [ -104.617813648, 40.025882287000101 ], [ -104.651996746, 40.026242654 ], [ -104.685823325, 40.026133452000103 ], [ -104.71721131, 40.0260024090001 ], [ -104.748813207, 40.025871366 ], [ -104.750822377, 40.025863837 ], [ -104.753076888, 40.025665586000102 ], [ -104.755244527, 40.025681966 ], [ -104.755158962, 40.023705366000101 ], [ -104.755037746, 40.020773122 ], [ -104.754888007, 40.01782437 ], [ -104.754738269, 40.0169724840001 ], [ -104.754969833, 40.016444277000097 ] ] ] } },
{ "type": "Feature", "properties": { "objectid": "70018", "id": "201777", "type": "AC; OVERHEAD", "status": "NOT AVAILABLE", "naics_code": "221121", "naics_desc": "ELECTRIC BULK POWER TRANSMISSION AND CONTROL", "source": "Regional Map", "sourcedate": "2014-06-30 20:00:00-06:00", "val_method": "IMAGERY/OTHER", "val_date": "2014-06-30 20:00:00-06:00", "owner": "TRI-STATE G & T ASSN, INC", "voltage": 115.0, "volt_class": "100-161", "inferred": "N", "sub_1": "HAPPY CANYON", "sub_2": "MONTROSE", "shape_lengt": 7438.2173636408997, "globalid": "f8e5a83b-eec7-4e7a-9fda-39366880ef10" }, "geometry": { "type": "MultiLineString", "coordinates": [ [ [ -107.890417264, 38.442369336000098 ], [ -107.8903875, 38.4420331 ], [ -107.8916109, 38.441731800000099 ], [ -107.8935748, 38.441228700000103 ], [ -107.8990777, 38.439796300000097 ], [ -107.9020481, 38.4390784 ], [ -107.9035578, 38.4387003 ], [ -107.9049284, 38.4383413 ], [ -107.9077597, 38.4376139 ], [ -107.9093758, 38.437210100000101 ], [ -107.9113805, 38.4367005 ], [ -107.9132135, 38.436245400000097 ], [ -107.9152551, 38.435726300000098 ], [ -107.917309, 38.4351943 ], [ -107.9189046, 38.434809700000102 ], [ -107.9211385, 38.4342296 ], [ -107.923009, 38.433747 ], [ -107.9256268, 38.4330502 ], [ -107.9285192, 38.432327300000097 ], [ -107.9301435, 38.433183 ], [ -107.9320174, 38.4341381 ], [ -107.934415, 38.4353624 ], [ -107.9367196, 38.4365369000001 ], [ -107.9384834, 38.4374514 ], [ -107.9405266, 38.4384966000001 ], [ -107.942011, 38.439260800000099 ], [ -107.9436706, 38.4390812 ], [ -107.9457179, 38.438859100000101 ], [ -107.9476944, 38.438653400000099 ], [ -107.9496125, 38.4384639 ], [ -107.9498869, 38.438460200000101 ], [ -107.952096487, 38.438374327000098 ] ] ] } },
{ "type": "Feature", "properties": { "objectid": "70215", "id": "201975", "type": "AC; OVERHEAD", "status": "NOT AVAILABLE", "naics_code": "221121", "naics_desc": "ELECTRIC BULK POWER TRANSMISSION AND CONTROL", "source": "Regional Map", "sourcedate": "2014-07-09 20:00:00-06:00", "val_method": "IMAGERY/OTHER", "val_date": "2014-07-09 20:00:00-06:00", "owner": "TRI-STATE G & T ASSN, INC", "voltage": 115.0, "volt_class": "100-161", "inferred": "N", "sub_1": "TAP203980", "sub_2": "UNKNOWN203874", "shape_lengt": 96.209675247000007, "globalid": "d3398b43-458d-4b00-a480-411c394605cc" }, "geometry": { "type": "MultiLineString", "coordinates": [ [ [ -108.03792188, 37.011322086000099 ], [ -108.037269174, 37.011336749000101 ], [ -108.037067083, 37.011386023000099 ] ] ] } },
{ "type": "Feature", "properties": { "objectid": "70196", "id": "201956", "type": "AC; OVERHEAD", "status": "NOT AVAILABLE", "naics_code": "221121", "naics_desc": "ELECTRIC BULK POWER TRANSMISSION AND CONTROL", "source": "Regional Map", "sourcedate": "2015-07-08 20:00:00-06:00", "val_method": "IMAGERY/OTHER", "val_date": "2015-07-08 20:00:00-06:00", "owner": "TRI-STATE G & T ASSN, INC", "voltage": 230.0, "volt_class": "220-287", "inferred": "N", "sub_1": "UNKNOWN203882", "sub_2": "MCBRYDE", "shape_lengt": 1186.7093357420999, "globalid": "74b2fa94-47d5-47e7-a1c4-41c7ed97c23e" }, "geometry": { "type": "MultiLineString", "coordinates": [ [ [ -108.321217737, 39.9500703960001 ], [ -108.322729776, 39.949281681000102 ], [ -108.326125625, 39.948475404000099 ], [ -108.329732415, 39.949816917000099 ], [ -108.330281994, 39.949800259 ], [ -108.330964041, 39.949971372 ] ] ] } },
{ "type": "Feature", "properties": { "objectid": "69994", "id": "201753", "type": "AC; OVERHEAD", "status": "NOT AVAILABLE", "naics_code": "221121", "naics_desc": "ELECTRIC BULK POWER TRANSMISSION AND CONTROL", "source": "Regional Map", "sourcedate": "2014-06-30 20:00:00-06:00", "val_method": "IMAGERY/OTHER", "val_date": "2014-06-30 20:00:00-06:00", "owner": "TRI-STATE G & T ASSN, INC", "voltage": 115.0, "volt_class": "100-161", "inferred": "N", "sub_1": "TAP203979", "sub_2": "MANCOS", "shape_lengt": 4633.0621180076996, "globalid": "f72bb230-f0a6-46f5-a6de-434628c92bd8" }, "geometry": { "type": "MultiLineString", "coordinates": [ [ [ -108.311383519, 37.376654732000098 ], [ -108.311516228, 37.367556792000101 ], [ -108.298831261, 37.351588493000101 ], [ -108.298788479, 37.346702393 ], [ -108.298991, 37.3465670000001 ] ] ] } },
{ "type": "Feature", "properties": { "objectid": "69894", "id": "201648", "type": "AC; OVERHEAD", "status": "NOT AVAILABLE", "naics_code": "221121", "naics_desc": "ELECTRIC BULK POWER TRANSMISSION AND CONTROL", "source": "Regional Map", "sourcedate": "2014-06-17 20:00:00-06:00", "val_method": "IMAGERY/OTHER", "val_date": "2014-06-17 20:00:00-06:00", "owner": "TRI-STATE G & T ASSN, INC", "voltage": 230.0, "volt_class": "220-287", "inferred": "N", "sub_1": "UNKNOWN201519", "sub_2": "CRAIG", "shape_lengt": 1424.9496616827, "globalid": "ea53829e-2cd9-4c6c-8b5e-46717cfe3eb6" }, "geometry": { "type": "MultiLineString", "coordinates": [ [ [ -107.580194025, 40.471039420000103 ], [ -107.5807928, 40.4709608000001 ], [ -107.5830965, 40.470956500000099 ], [ -107.5853272, 40.470965900000103 ], [ -107.5877599, 40.4709534 ], [ -107.5900854, 40.470936 ], [ -107.5900862, 40.4717449 ], [ -107.591734929, 40.472360787000099 ] ] ] } },
{ "type": "Feature", "properties": { "objectid": "69947", "id": "201706", "type": "AC; OVERHEAD", "status": "NOT AVAILABLE", "naics_code": "221121", "naics_desc": "ELECTRIC BULK POWER TRANSMISSION AND CONTROL", "source": "Regional Map", "sourcedate": "2014-07-13 20:00:00-06:00", "val_method": "IMAGERY/OTHER", "val_date": "2014-07-13 20:00:00-06:00", "owner": "TRI-STATE G & T ASSN, INC", "voltage": 115.0, "volt_class": "100-161", "inferred": "N", "sub_1": "WAGES", "sub_2": "WAUNETA", "shape_lengt": 25164.847238755399, "globalid": "d033e915-4921-47bf-a208-477cece5d592" }, "geometry": { "type": "MultiLineString", "coordinates": [ [ [ -102.472727866, 40.381207249000099 ], [ -102.472264328, 40.3811371090001 ], [ -102.470795466, 40.38114254 ], [ -102.458060587, 40.381224014 ], [ -102.453768092, 40.381256603 ], [ -102.442423638, 40.381294625000102 ], [ -102.43701167, 40.381327214000102 ], [ -102.429446325, 40.381332645 ], [ -102.416490403, 40.381338077000102 ], [ -102.410408178, 40.3813869620001 ], [ -102.398345932, 40.381382435 ], [ -102.389320044, 40.381405066000099 ], [ -102.378172865, 40.3814095930001 ], [ -102.36912321, 40.381459382000102 ], [ -102.366455255, 40.379164508 ], [ -102.361012389, 40.374511151 ], [ -102.355189236, 40.369540576000098 ], [ -102.353828519, 40.368368047 ], [ -102.351196216, 40.366136110000099 ], [ -102.348504493, 40.363822604000099 ], [ -102.345705814, 40.361413938 ], [ -102.341885113, 40.358063395000102 ], [ -102.33790992, 40.354631180000098 ], [ -102.335129067, 40.352317280000101 ], [ -102.319370901, 40.352312751 ], [ -102.307047207, 40.352299167000098 ], [ -102.296030751, 40.352285582 ], [ -102.286761242, 40.352290110000098 ], [ -102.275584352, 40.352321808000099 ], [ -102.264740216, 40.3523353920001 ], [ -102.264722389, 40.351778415000098 ], [ -102.264591729, 40.351719983000102 ] ] ] } },
{ "type": "Feature", "properties": { "objectid": "68497", "id": "200198", "type": "AC; OVERHEAD", "status": "NOT AVAILABLE", "naics_code": "221121", "naics_desc": "ELECTRIC BULK POWER TRANSMISSION AND CONTROL", "source": "Regional Map", "sourcedate": "2014-06-29 20:00:00-06:00", "val_method": "IMAGERY/OTHER", "val_date": "2014-06-29 20:00:00-06:00", "owner": "TRI-STATE G & T ASSN, INC", "voltage": 345.0, "volt_class": "345", "inferred": "N", "sub_1": "GRAND JUNCTION", "sub_2": "MONTROSE", "shape_lengt": 113934.829199181, "globalid": "c266d12b-1565-4a56-b362-4796b5a91297" }, "geometry": { "type": "MultiLineString", "coordinates": [ [ [ -108.414607626, 39.046989006 ], [ -108.414072177, 39.046362655 ], [ -108.414321533, 39.045496027000098 ], [ -108.414271663, 39.035139241 ], [ -108.414178154, 39.022921222 ], [ -108.414134517, 39.011030476 ], [ -108.411665895, 39.0088652250001 ], [ -108.402184147, 38.998411022 ], [ -108.390651447, 38.985740860000099 ], [ -108.380010194, 38.973998949000098 ], [ -108.368938802, 38.961910937 ], [ -108.357370941, 38.948897931 ], [ -108.348598226, 38.939249616 ], [ -108.338365369, 38.923033799 ], [ -108.329414588, 38.908754162 ], [ -108.31782843, 38.893935771 ], [ -108.306111692, 38.878901738 ], [ -108.294667987, 38.86416955 ], [ -108.292103837, 38.861895678000103 ], [ -108.274392211, 38.848740920000097 ], [ -108.250519503, 38.831145054 ], [ -108.220200808, 38.81976969 ], [ -108.209338786, 38.795431406 ], [ -108.200874718, 38.776165799000097 ], [ -108.194654281, 38.762097323 ], [ -108.187674095, 38.746526210000098 ], [ -108.179874807, 38.728803226 ], [ -108.173048946, 38.713530525000103 ], [ -108.169511369, 38.701043199 ], [ -108.165914437, 38.688581491 ], [ -108.163112866, 38.6787495720001 ], [ -108.154078987, 38.664615557 ], [ -108.145496208, 38.651238968 ], [ -108.138100537, 38.639686554 ], [ -108.128817365, 38.6252480570001 ], [ -108.118335216, 38.608867924 ], [ -108.110037343, 38.595916995 ], [ -108.097406532, 38.579177521000098 ], [ -108.084348363, 38.562044284000102 ], [ -108.074079894, 38.548537148 ], [ -108.065971958, 38.537850324 ], [ -108.062351283, 38.532956695 ], [ -108.054017797, 38.522063231000097 ], [ -108.048224718, 38.516091092000103 ], [ -108.040021814, 38.507824017000097 ], [ -108.039377136, 38.494743847 ], [ -108.038810965, 38.481455927000098 ], [ -108.037893508, 38.463351419 ], [ -108.037026009, 38.4462285500001 ], [ -108.03619658, 38.429853323 ], [ -108.035516748, 38.416032781000098 ], [ -108.034054157, 38.414970398 ], [ -108.033967571, 38.414907505 ], [ -108.027569068, 38.415986454000098 ], [ -108.019366164, 38.417297914000102 ], [ -108.003779458, 38.419734747000099 ], [ -107.983040711, 38.422999231000098 ], [ -107.954585773, 38.427686437 ], [ -107.95455016, 38.4386871560001 ], [ -107.952793243, 38.438659262 ], [ -107.952096487, 38.438374327000098 ] ] ] } },
{ "type": "Feature", "properties": { "objectid": "69946", "id": "201705", "type": "AC; OVERHEAD", "status": "NOT AVAILABLE", "naics_code": "221121", "naics_desc": "ELECTRIC BULK POWER TRANSMISSION AND CONTROL", "source": "Regional Map", "sourcedate": "2014-07-13 20:00:00-06:00", "val_method": "IMAGERY/OTHER", "val_date": "2014-07-13 20:00:00-06:00", "owner": "TRI-STATE G & T ASSN, INC", "voltage": 115.0, "volt_class": "100-161", "inferred": "N", "sub_1": "RED WILLOW", "sub_2": "WAGES", "shape_lengt": 35899.411827849202, "globalid": "8605427e-3301-4807-871a-6df12020c411" }, "geometry": { "type": "MultiLineString", "coordinates": [ [ [ -102.737258669, 40.335717642000098 ], [ -102.737005794, 40.335978973000103 ], [ -102.737012924, 40.336223558 ], [ -102.736984402, 40.341913980000101 ], [ -102.73694162, 40.349723262000097 ], [ -102.736934489, 40.351223062 ], [ -102.729198015, 40.351201326000101 ], [ -102.722431272, 40.351201326000101 ], [ -102.722431272, 40.354809406000101 ], [ -102.722424143, 40.362361840000098 ], [ -102.722359969, 40.369946023000097 ], [ -102.722288665, 40.375970385000102 ], [ -102.722274404, 40.377561943 ], [ -102.722238752, 40.380152898000098 ], [ -102.712569941, 40.380196351 ], [ -102.695129002, 40.380185488000102 ], [ -102.679085621, 40.3802452360001 ], [ -102.662913892, 40.380212646000103 ], [ -102.660760513, 40.380207214000102 ], [ -102.642877491, 40.380228941 ], [ -102.624637949, 40.380283257 ], [ -102.607382401, 40.380326711000102 ], [ -102.585976964, 40.380310416 ], [ -102.569356021, 40.380419049000103 ], [ -102.56278893, 40.380429912000103 ], [ -102.561740762, 40.380641746 ], [ -102.547779455, 40.3806145880001 ], [ -102.541697231, 40.380630883 ], [ -102.529896432, 40.3806254510001 ], [ -102.513446618, 40.380750379000098 ], [ -102.495955767, 40.3808861690001 ], [ -102.484582792, 40.381011095000098 ], [ -102.478393612, 40.381087138 ], [ -102.473108566, 40.381146885000099 ], [ -102.472727866, 40.381207249000099 ] ] ] } },
{ "type": "Feature", "properties": { "objectid": "70140", "id": "201899", "type": "AC; OVERHEAD", "status": "NOT AVAILABLE", "naics_code": "221121", "naics_desc": "ELECTRIC BULK POWER TRANSMISSION AND CONTROL", "source": "Regional Map", "sourcedate": "2014-07-08 20:00:00-06:00", "val_method": "IMAGERY/OTHER", "val_date": "2014-07-08 20:00:00-06:00", "owner": "TRI-STATE G & T ASSN, INC", "voltage": 115.0, "volt_class": "100-161", "inferred": "N", "sub_1": "IDALIA", "sub_2": "VERNON TAP", "shape_lengt": 31681.489351386601, "globalid": "e1745383-58e8-45c0-af63-6fba5c9485cb" }, "geometry": { "type": "MultiLineString", "coordinates": [ [ [ -102.254973898, 39.717331213000101 ], [ -102.255170971, 39.72059167 ], [ -102.255497781, 39.726747728000099 ], [ -102.255806765, 39.733122576 ], [ -102.256068213, 39.738532736 ], [ -102.256430674, 39.745929896000099 ], [ -102.256692122, 39.751320778 ], [ -102.257072409, 39.758369405 ], [ -102.257280379, 39.763841529 ], [ -102.257636899, 39.770706192 ], [ -102.257755739, 39.773734099000102 ], [ -102.257868636, 39.776802973 ], [ -102.258005302, 39.783419767000098 ], [ -102.258141969, 39.790250517000104 ], [ -102.258248924, 39.795779458 ], [ -102.258367764, 39.802303127000101 ], [ -102.258486604, 39.808214525 ], [ -102.25862327, 39.814431216000102 ], [ -102.258641096, 39.816151889 ], [ -102.258759936, 39.822815098 ], [ -102.258855007, 39.828186269000099 ], [ -102.258997616, 39.835309155 ], [ -102.259158049, 39.841176653 ], [ -102.259241237, 39.848229763000099 ], [ -102.259348193, 39.852193967000098 ], [ -102.259395729, 39.854826 ], [ -102.259461091, 39.859277873 ], [ -102.259484859, 39.861070400000102 ], [ -102.259627467, 39.867150049 ], [ -102.259811668, 39.8745197040001 ], [ -102.259900798, 39.881081495 ], [ -102.260007754, 39.887432931 ], [ -102.260162246, 39.894431139000098 ], [ -102.26017413, 39.894586140000101 ], [ -102.257351683, 39.900731194000102 ], [ -102.256252414, 39.902973911000103 ], [ -102.256864439, 39.904282128 ], [ -102.257476465, 39.905389763000102 ], [ -102.258510372, 39.9069076050001 ], [ -102.260477171, 39.909628695 ], [ -102.260483114, 39.913151822 ], [ -102.260702967, 39.919782831000099 ], [ -102.260714851, 39.924927686 ], [ -102.260809924, 39.93142542 ], [ -102.260893111, 39.934254885 ], [ -102.261006209, 39.934542070000099 ] ] ] } },
{ "type": "Feature", "properties": { "objectid": "70271", "id": "202032", "type": "AC; OVERHEAD", "status": "NOT AVAILABLE", "naics_code": "221121", "naics_desc": "ELECTRIC BULK POWER TRANSMISSION AND CONTROL", "source": "IMAGERY", "sourcedate": "2019-04-09 20:00:00-06:00", "val_method": "IMAGERY", "val_date": "2019-04-09 20:00:00-06:00", "owner": "TRI-STATE G & T ASSN, INC", "voltage": 46.0, "volt_class": "UNDER 100", "inferred": "N", "sub_1": "TAP204046", "sub_2": "WALSENBURG", "shape_lengt": 35431.258922649802, "globalid": "14bd9a40-a8c7-44fd-a91e-71f73d3f0c5f" }, "geometry": { "type": "MultiLineString", "coordinates": [ [ [ -104.637050082, 37.422889667 ], [ -104.636336611, 37.423831119000099 ], [ -104.63686897, 37.425544008 ], [ -104.638729481, 37.431497410000098 ], [ -104.641215651, 37.4357943730001 ], [ -104.643899398, 37.440413551000098 ], [ -104.646544726, 37.444971442 ], [ -104.64783995, 37.447232855 ], [ -104.651034102, 37.452774987 ], [ -104.655024048, 37.459662867000098 ], [ -104.658212712, 37.465173586000098 ], [ -104.66076474, 37.469564445000103 ], [ -104.661812993, 37.471367758 ], [ -104.663871081, 37.477835808000101 ], [ -104.665029098, 37.481529097000099 ], [ -104.666401157, 37.485858026000102 ], [ -104.668047627, 37.491053281000099 ], [ -104.669562379, 37.49588241 ], [ -104.671598514, 37.499165516 ], [ -104.674364584, 37.503580501 ], [ -104.677031866, 37.507929921 ], [ -104.678425877, 37.510145894000097 ], [ -104.681115112, 37.513001746 ], [ -104.685165428, 37.517315792 ], [ -104.688974263, 37.521385828000099 ], [ -104.691899491, 37.524493707 ], [ -104.69538452, 37.528215155 ], [ -104.698276819, 37.531300987000101 ], [ -104.701635618, 37.53486107 ], [ -104.706179876, 37.539678661 ], [ -104.710949151, 37.544770086 ], [ -104.715186068, 37.549808949000102 ], [ -104.719401031, 37.556378976000097 ], [ -104.722024407, 37.560477334 ], [ -104.724828895, 37.564862590000097 ], [ -104.727627894, 37.569169286 ], [ -104.730470799, 37.573675824000098 ], [ -104.733330169, 37.578099448 ], [ -104.737424391, 37.584440823000101 ], [ -104.740903932, 37.589790122000103 ], [ -104.745799436, 37.597413296000099 ], [ -104.748658806, 37.601878992 ], [ -104.75082117, 37.605270480000101 ], [ -104.751562082, 37.606392246 ], [ -104.787672234, 37.612763994 ], [ -104.789429292, 37.6129795680001 ], [ -104.799480612, 37.612824917000097 ], [ -104.801085192, 37.614908446000101 ], [ -104.802363219, 37.616553777 ], [ -104.800735348, 37.617404549 ], [ -104.80024729, 37.618341319 ] ] ] } },
{ "type": "Feature", "properties": { "objectid": "70185", "id": "201945", "type": "AC; OVERHEAD", "status": "NOT AVAILABLE", "naics_code": "221121", "naics_desc": "ELECTRIC BULK POWER TRANSMISSION AND CONTROL", "source": "Regional Map", "sourcedate": "2015-07-08 20:00:00-06:00", "val_method": "IMAGERY/OTHER", "val_date": "2015-07-08 20:00:00-06:00", "owner": "TRI-STATE G & T ASSN, INC", "voltage": 115.0, "volt_class": "100-161", "inferred": "N", "sub_1": "UNKNOWN203962", "sub_2": "TAP205177", "shape_lengt": 73318.590309512903, "globalid": "3e0e0eb6-6b98-426d-986c-73ab44e254dd" }, "geometry": { "type": "MultiLineString", "coordinates": [ [ [ -103.454110899, 39.1354502800001 ], [ -103.452014564, 39.135476091 ], [ -103.450008547, 39.135498214 ], [ -103.445131359, 39.132529994 ], [ -103.437915402, 39.128164087000101 ], [ -103.434816058, 39.128186212000102 ], [ -103.422570799, 39.128153024 ], [ -103.411333302, 39.128164087000101 ], [ -103.397291183, 39.128138274 ], [ -103.385963367, 39.128149336 ], [ -103.37436935, 39.128153024 ], [ -103.362608957, 39.128164087000101 ], [ -103.350601377, 39.1281714610001 ], [ -103.33207662, 39.128199118 ], [ -103.315441415, 39.128215712 ], [ -103.297030743, 39.128210181 ], [ -103.279461458, 39.128199118 ], [ -103.264173898, 39.128215712 ], [ -103.244686537, 39.128226775 ], [ -103.225712565, 39.128243369000103 ], [ -103.207686934, 39.128232306 ], [ -103.189490174, 39.128210181 ], [ -103.1706802, 39.128188056 ], [ -103.151164318, 39.1281714610001 ], [ -103.134849982, 39.128138274 ], [ -103.117729911, 39.1281714610001 ], [ -103.099005501, 39.1281714610001 ], [ -103.082684035, 39.128149336 ], [ -103.065970396, 39.128105086000097 ], [ -103.046975032, 39.128044242 ], [ -103.030325568, 39.127939147 ], [ -103.014082535, 39.127883834 ], [ -102.998538281, 39.127800864 ], [ -102.986994177, 39.127601735 ], [ -102.980598215, 39.127734488 ], [ -102.965346307, 39.127800864 ], [ -102.948818059, 39.1277400190001 ], [ -102.928446529, 39.127723425000099 ], [ -102.898712796, 39.127684705 ], [ -102.881164901, 39.12762386 ], [ -102.865142911, 39.127585141 ], [ -102.848229621, 39.127480045 ], [ -102.830082774, 39.127502171000103 ], [ -102.812591923, 39.127446857 ], [ -102.798745244, 39.127409464 ] ] ] } },
{ "type": "Feature", "properties": { "objectid": "70291", "id": "202052", "type": "AC; OVERHEAD", "status": "NOT AVAILABLE", "naics_code": "221121", "naics_desc": "ELECTRIC BULK POWER TRANSMISSION AND CONTROL", "source": "IMAGERY", "sourcedate": "2014-06-29 20:00:00-06:00", "val_method": "IMAGERY", "val_date": "2014-06-29 20:00:00-06:00", "owner": "TRI-STATE G & T ASSN, INC", "voltage": 69.0, "volt_class": "UNDER 100", "inferred": "Y", "sub_1": "MEARS JUNCTION", "sub_2": "KERBER CREEK", "shape_lengt": 20776.981951549398, "globalid": "6b355445-082f-4471-a363-775473708fef" }, "geometry": { "type": "MultiLineString", "coordinates": [ [ [ -106.114167426, 38.442472449 ], [ -106.112876248, 38.440597999 ], [ -106.112317067, 38.440793768 ], [ -106.106826147, 38.431607591 ], [ -106.096561329, 38.417147184 ], [ -106.096435765, 38.41731115 ], [ -106.090743552, 38.418089985 ], [ -106.084611867, 38.4180162010001 ], [ -106.081975033, 38.418237553 ], [ -106.075278312, 38.411022771 ], [ -106.072641478, 38.408202251 ], [ -106.068843181, 38.400387853 ], [ -106.066834165, 38.396271219 ], [ -106.060367668, 38.389743153 ], [ -106.05513583, 38.384182378000098 ], [ -106.051860715, 38.379498845 ], [ -106.048608629, 38.375586498000096 ], [ -106.042244641, 38.37027033 ], [ -106.02768294, 38.351991733 ], [ -106.020321358, 38.342618455 ], [ -106.015491681, 38.335516162 ], [ -106.011663876, 38.329643325 ], [ -106.011167675, 38.329290198000102 ] ] ] } },
{ "type": "Feature", "properties": { "objectid": "73542", "id": "205208", "type": "AC; OVERHEAD", "status": "NOT AVAILABLE", "naics_code": "221121", "naics_desc": "ELECTRIC BULK POWER TRANSMISSION AND CONTROL", "source": "Regional Map", "sourcedate": "2015-08-12 20:00:00-06:00", "val_method": "IMAGERY/OTHER", "val_date": "2015-08-12 20:00:00-06:00", "owner": "TRI-STATE G & T ASSN, INC", "voltage": 115.0, "volt_class": "100-161", "inferred": "N", "sub_1": "HORSETOOTH TAP", "sub_2": "UNKNOWN203891", "shape_lengt": 6555.6975456047003, "globalid": "d4bbdd08-c1e7-4621-8bc2-7f1a27a55cc0" }, "geometry": { "type": "MultiLineString", "coordinates": [ [ [ -105.149968446, 40.5014340990001 ], [ -105.1497797, 40.501471480000099 ], [ -105.149654048, 40.50144678 ], [ -105.149287363, 40.501384622000103 ], [ -105.147293527, 40.500102871 ], [ -105.145380162, 40.498875656000102 ], [ -105.143616531, 40.497751437 ], [ -105.142706273, 40.497173105 ], [ -105.141180407, 40.496189892000103 ], [ -105.138617736, 40.494549271 ], [ -105.13576049, 40.494560153000101 ], [ -105.133281527, 40.494560153000101 ], [ -105.130132284, 40.494565576000099 ], [ -105.12753207, 40.494563768 ], [ -105.12518007, 40.494567378 ], [ -105.12358516, 40.494254668000103 ], [ -105.122103312, 40.494263727 ], [ -105.120491859, 40.494269149 ], [ -105.118785302, 40.494278186 ], [ -105.117078769, 40.494285416 ], [ -105.115239225, 40.494294454000098 ], [ -105.113775073, 40.494292646000098 ], [ -105.112313206, 40.494303492 ], [ -105.110632873, 40.494314336000102 ], [ -105.108805163, 40.494321566000103 ], [ -105.107362517, 40.494326989000101 ], [ -105.105608381, 40.494326989000101 ], [ -105.104082417, 40.494337833 ], [ -105.102492395, 40.494343256 ], [ -105.101132882, 40.494348678000101 ], [ -105.099704435, 40.494352293000098 ], [ -105.098192714, 40.494357716 ], [ -105.096617503, 40.494368557 ], [ -105.09481859, 40.494313552 ], [ -105.094884538, 40.494024619000101 ] ] ] } },
{ "type": "Feature", "properties": { "objectid": "78845", "id": "211083", "type": "AC; OVERHEAD", "status": "IN SERVICE", "naics_code": "221121", "naics_desc": "ELECTRIC BULK POWER TRANSMISSION AND CONTROL", "source": "IMAGERY", "sourcedate": "2018-12-09 18:00:00-07:00", "val_method": "IMAGERY/OTHER", "val_date": "2018-12-09 18:00:00-07:00", "owner": "TRI-STATE G & T ASSN, INC", "voltage": 34.5, "volt_class": "UNDER 100", "inferred": "Y", "sub_1": "TAP209068", "sub_2": "UNKNOWN209069", "shape_lengt": 87.106139981799998, "globalid": "0a640c85-49a7-4cdd-a3a1-85b4392354cc" }, "geometry": { "type": "MultiLineString", "coordinates": [ [ [ -108.715649, 38.240463 ], [ -108.715887, 38.240507 ], [ -108.716353483, 38.240717486000101 ] ] ] } },
{ "type": "Feature", "properties": { "objectid": "78840", "id": "211078", "type": "AC; OVERHEAD", "status": "IN SERVICE", "naics_code": "221121", "naics_desc": "ELECTRIC BULK POWER TRANSMISSION AND CONTROL", "source": "IMAGERY", "sourcedate": "2018-12-09 18:00:00-07:00", "val_method": "IMAGERY/OTHER", "val_date": "2018-12-09 18:00:00-07:00", "owner": "TRI-STATE G & T ASSN, INC", "voltage": 34.5, "volt_class": "UNDER 100", "inferred": "Y", "sub_1": "UNKNOWN201518", "sub_2": "UNKNOWN209010", "shape_lengt": 11026.511662388401, "globalid": "41011478-d1dc-4c22-ac17-510ec4a3643b" }, "geometry": { "type": "MultiLineString", "coordinates": [ [ [ -108.506775453, 38.238764659 ], [ -108.506129, 38.238484 ], [ -108.505005, 38.2373240000001 ], [ -108.504799, 38.2374510000001 ], [ -108.504326, 38.237106 ], [ -108.503423, 38.237867 ], [ -108.502471, 38.2385990000001 ], [ -108.502039, 38.238927 ], [ -108.500097, 38.240408000000102 ], [ -108.499558, 38.240819 ], [ -108.501707, 38.243249 ], [ -108.50489, 38.246847000000102 ], [ -108.505667, 38.247725000000102 ], [ -108.50652, 38.24771 ], [ -108.509979, 38.247662 ], [ -108.511681, 38.247638000000101 ], [ -108.513391, 38.24762 ], [ -108.515009, 38.247769 ], [ -108.51691, 38.247725000000102 ], [ -108.518638, 38.247728000000102 ], [ -108.519997, 38.247704 ], [ -108.522385, 38.247671 ], [ -108.524762, 38.247644 ], [ -108.528679, 38.247594 ], [ -108.532272, 38.247552 ], [ -108.534387, 38.24751 ], [ -108.536742, 38.247481 ], [ -108.540377, 38.247436 ], [ -108.542438, 38.247415 ], [ -108.54394, 38.247219 ], [ -108.546007, 38.246963 ], [ -108.547715, 38.246933 ], [ -108.550073, 38.24691 ], [ -108.552405, 38.246883 ], [ -108.554707, 38.246853 ], [ -108.555894, 38.246844000000102 ], [ -108.558152, 38.246803 ], [ -108.560435, 38.246777000000101 ], [ -108.562394, 38.246763 ], [ -108.565647, 38.246723 ], [ -108.570239, 38.246657 ], [ -108.576124, 38.246581 ], [ -108.580395, 38.246526000000102 ], [ -108.583076, 38.246490000000101 ], [ -108.583380703, 38.24646542 ], [ -108.583718365, 38.2464090020001 ] ] ] } },
{ "type": "Feature", "properties": { "objectid": "68499", "id": "200200", "type": "AC; OVERHEAD", "status": "NOT AVAILABLE", "naics_code": "221121", "naics_desc": "ELECTRIC BULK POWER TRANSMISSION AND CONTROL", "source": "Regional Map", "sourcedate": "2014-06-29 20:00:00-06:00", "val_method": "IMAGERY/OTHER", "val_date": "2014-06-29 20:00:00-06:00", "owner": "TRI-STATE G & T ASSN, INC", "voltage": 345.0, "volt_class": "345", "inferred": "N", "sub_1": "HESPERUS", "sub_2": "WATERFLOW", "shape_lengt": 88741.662414341205, "globalid": "2fb8f237-cc0a-4c54-98b7-518cba71c701" }, "geometry": { "type": "MultiLineString", "coordinates": [ [ [ -108.015592303, 37.184408780000098 ], [ -108.015718851, 37.1840394560001 ], [ -108.015893363, 37.183272377 ], [ -108.016741845, 37.182792949 ], [ -108.019672419, 37.178022476 ], [ -108.023818549, 37.1713720750001 ], [ -108.029059883, 37.163081031 ], [ -108.038020097, 37.148904068 ], [ -108.038531593, 37.137636379000099 ], [ -108.039440252, 37.122859683000101 ], [ -108.040084135, 37.110964268 ], [ -108.040818283, 37.099129377000096 ], [ -108.041504291, 37.087278237000099 ], [ -108.041979681, 37.079093197000098 ], [ -108.040986777, 37.060540368 ], [ -108.040060065, 37.042295209 ], [ -108.039909625, 37.039528516000097 ], [ -108.040246611, 37.030622539 ], [ -108.039139372, 37.025751191 ], [ -108.0384573, 37.013052581000103 ], [ -108.038339721, 37.009405376000103 ], [ -108.037954422, 37.002855494000102 ], [ -108.037322374, 36.996357546000098 ], [ -108.03559963, 36.977873895000101 ], [ -108.033758997, 36.957887406000097 ], [ -108.039295392, 36.952409312 ], [ -108.046237626, 36.945216544000097 ], [ -108.053136381, 36.937258537 ], [ -108.068673071, 36.921664455 ], [ -108.075180509, 36.915140873 ], [ -108.079108162, 36.913402702 ], [ -108.084012045, 36.908517212 ], [ -108.093341114, 36.899335650000097 ], [ -108.103594308, 36.889501017 ], [ -108.117464156, 36.874696853000103 ], [ -108.123089663, 36.866909082000099 ], [ -108.14095457, 36.849275195000097 ], [ -108.173043568, 36.849474883 ], [ -108.181628282, 36.849523597 ], [ -108.199270495, 36.849590243000101 ], [ -108.206435597, 36.849613032 ], [ -108.215320065, 36.852209139 ], [ -108.224311423, 36.852371258000097 ], [ -108.22814071, 36.851114039 ], [ -108.236139805, 36.849774658000101 ], [ -108.24025278, 36.849062477000103 ], [ -108.251071534, 36.849518126000099 ], [ -108.262702828, 36.84853414 ], [ -108.268226981, 36.848096731 ], [ -108.273873242, 36.849920358000098 ], [ -108.289912085, 36.849900207000097 ], [ -108.305418454, 36.849790447 ], [ -108.322980431, 36.849698044 ], [ -108.331375338, 36.848340621 ], [ -108.355532157, 36.848883891000099 ], [ -108.367974689, 36.849184229000102 ], [ -108.379296253, 36.849435747 ], [ -108.384565454, 36.849448095000099 ], [ -108.397538678, 36.849489584 ], [ -108.412843691, 36.849466673 ], [ -108.423912668, 36.849475414 ], [ -108.44207302, 36.836576244000099 ], [ -108.442146614, 36.829700475 ], [ -108.442121358, 36.821102366 ], [ -108.441985887, 36.817327668000097 ], [ -108.442104546, 36.816826071 ] ] ] } },
{ "type": "Feature", "properties": { "objectid": "70136", "id": "201895", "type": "AC; OVERHEAD", "status": "NOT AVAILABLE", "naics_code": "221121", "naics_desc": "ELECTRIC BULK POWER TRANSMISSION AND CONTROL", "source": "Regional Map", "sourcedate": "2014-07-08 20:00:00-06:00", "val_method": "IMAGERY/OTHER", "val_date": "2014-07-08 20:00:00-06:00", "owner": "TRI-STATE G & T ASSN, INC", "voltage": 115.0, "volt_class": "100-161", "inferred": "N", "sub_1": "UNKNOWN203965", "sub_2": "SMOKY HILLS", "shape_lengt": 24831.9479513675, "globalid": "267aae02-f9ab-4a6c-bc31-526d5c030173" }, "geometry": { "type": "MultiLineString", "coordinates": [ [ [ -102.241834535, 39.301691776 ], [ -102.241653898, 39.301460770000098 ], [ -102.241606362, 39.296632643000102 ], [ -102.241529117, 39.28860802 ], [ -102.241451871, 39.2870029850001 ], [ -102.241612304, 39.285425508 ], [ -102.241576652, 39.283346679 ], [ -102.241422161, 39.275679315 ], [ -102.241321147, 39.269473976 ], [ -102.241196365, 39.263456712 ], [ -102.241089409, 39.257305503 ], [ -102.241024047, 39.251158356000097 ], [ -102.240899265, 39.2428478080001 ], [ -102.24079231, 39.235292913000102 ], [ -102.240713875, 39.227427891 ], [ -102.240749527, 39.221147390000098 ], [ -102.240763788, 39.2189929990001 ], [ -102.240728136, 39.210755988000102 ], [ -102.240663962, 39.203203165 ], [ -102.240564137, 39.195074822 ], [ -102.24043579, 39.187161080000102 ], [ -102.24043579, 39.185226720000102 ], [ -102.240400137, 39.183408372 ], [ -102.240335964, 39.179721792000102 ], [ -102.240193356, 39.171596261 ], [ -102.240179095, 39.165382637 ], [ -102.240150574, 39.156835242000099 ], [ -102.240122052, 39.149713464000101 ], [ -102.240136313, 39.141844387 ], [ -102.240150574, 39.134145887000102 ], [ -102.240150574, 39.130218886000101 ], [ -102.240162284, 39.128915879 ] ] ] } },
{ "type": "Feature", "properties": { "objectid": "74398", "id": "206677", "type": "AC; OVERHEAD", "status": "NOT AVAILABLE", "naics_code": "221121", "naics_desc": "ELECTRIC BULK POWER TRANSMISSION AND CONTROL", "source": "Regional Map", "sourcedate": "2016-01-06 18:00:00-07:00", "val_method": "IMAGERY", "val_date": "2016-01-06 18:00:00-07:00", "owner": "TRI-STATE G & T ASSN, INC", "voltage": 230.0, "volt_class": "220-287", "inferred": "N", "sub_1": "NOT AVAILABLE", "sub_2": "CRAIG", "shape_lengt": 1346.0729534212001, "globalid": "98d4f0c4-ae50-41e4-82c7-53c8c991ebd5" }, "geometry": { "type": "MultiLineString", "coordinates": [ [ [ -107.5909569, 40.463495784 ], [ -107.5906722, 40.464888400000099 ], [ -107.5906709, 40.4661775000001 ], [ -107.5907327, 40.4677584 ], [ -107.5907657, 40.469345700000098 ], [ -107.5908152, 40.4709203 ], [ -107.5908177, 40.4717487 ], [ -107.591734929, 40.472360787000099 ] ] ] } },
{ "type": "Feature", "properties": { "objectid": "68498", "id": "200199", "type": "AC; OVERHEAD", "status": "NOT AVAILABLE", "naics_code": "221121", "naics_desc": "ELECTRIC BULK POWER TRANSMISSION AND CONTROL", "source": "Regional Map", "sourcedate": "2014-06-29 20:00:00-06:00", "val_method": "IMAGERY/OTHER", "val_date": "2014-06-29 20:00:00-06:00", "owner": "TRI-STATE G & T ASSN, INC", "voltage": 345.0, "volt_class": "345", "inferred": "N", "sub_1": "MONTROSE", "sub_2": "HESPERUS", "shape_lengt": 222522.15644275301, "globalid": "cbc13a60-b61a-435b-b0d9-5482640f923e" }, "geometry": { "type": "MultiLineString", "coordinates": [ [ [ -107.952096487, 38.438374327000098 ], [ -107.952781372, 38.438296627000099 ], [ -107.954348351, 38.438287328000101 ], [ -107.954429449, 38.436641084 ], [ -107.954431449, 38.427612039000103 ], [ -107.991493247, 38.421549641000098 ], [ -108.013746519, 38.418070314 ], [ -108.02755363, 38.415888880000097 ], [ -108.03406254, 38.414647066 ], [ -108.039499487, 38.4094008920001 ], [ -108.039665682, 38.392552891 ], [ -108.039956375, 38.375588499000102 ], [ -108.040213121, 38.3580416900001 ], [ -108.040512657, 38.325990175000101 ], [ -108.046802913, 38.317261653000102 ], [ -108.077869075, 38.301211858 ], [ -108.092161221, 38.267992951000103 ], [ -108.102773354, 38.264028507 ], [ -108.106111041, 38.263591734 ], [ -108.109191982, 38.264431681000097 ], [ -108.113000369, 38.2639949100001 ], [ -108.114198513, 38.2622477970001 ], [ -108.114925957, 38.260534242000098 ], [ -108.118135271, 38.253881234000097 ], [ -108.119333415, 38.228540464 ], [ -108.120445978, 38.203089985000098 ], [ -108.120659932, 38.186275013000099 ], [ -108.120574351, 38.172450198 ], [ -108.108935237, 38.137691577 ], [ -108.108250583, 38.1249010820001 ], [ -108.108036629, 38.112512361 ], [ -108.10807942, 38.107462008 ], [ -108.109662682, 38.090355552000098 ], [ -108.132769744, 38.072537682000103 ], [ -108.149586551, 38.0720997600001 ], [ -108.166965384, 38.062013186000101 ], [ -108.172336999, 38.059117127 ], [ -108.176652695, 38.051043414 ], [ -108.180187124, 38.044432015 ], [ -108.186346318, 38.032991241 ], [ -108.190496667, 38.025154064 ], [ -108.200247143, 38.018555258 ], [ -108.207581321, 38.013620694000103 ], [ -108.215076585, 38.001301498 ], [ -108.216943295, 37.998165372000102 ], [ -108.218696296, 37.994909632 ], [ -108.220345065, 37.992475201 ], [ -108.233326748, 37.982520074 ], [ -108.249378554, 37.9702255340001 ], [ -108.265686203, 37.957674912000101 ], [ -108.279549126, 37.947057503000103 ], [ -108.298045657, 37.932806394000103 ], [ -108.309454377, 37.924009234 ], [ -108.323393105, 37.913297251000103 ], [ -108.332774031, 37.892556574 ], [ -108.334214334, 37.8892587610001 ], [ -108.337701385, 37.885452259 ], [ -108.338971127, 37.8788483700001 ], [ -108.343453124, 37.868952646 ], [ -108.347309727, 37.8602077 ], [ -108.348399431, 37.85823265 ], [ -108.350019772, 37.85419261 ], [ -108.357050728, 37.838733671000099 ], [ -108.359410173, 37.833450252 ], [ -108.359703919, 37.830553938 ], [ -108.363134115, 37.809602803000097 ], [ -108.364176441, 37.803066987000101 ], [ -108.367995141, 37.793565441000098 ], [ -108.36630847, 37.789589254000099 ], [ -108.36729394, 37.774109290000098 ], [ -108.366280043, 37.753396869 ], [ -108.366962291, 37.750901997 ], [ -108.373036204, 37.745132754 ], [ -108.384918708, 37.732641176000101 ], [ -108.398857436, 37.707734161000097 ], [ -108.396706457, 37.686965669000102 ], [ -108.395739937, 37.677179219 ], [ -108.395569375, 37.673939282 ], [ -108.396649603, 37.645163639 ], [ -108.395683083, 37.6438131 ], [ -108.396355857, 37.625083098000097 ], [ -108.396839117, 37.612203483 ], [ -108.377963558, 37.59682158 ], [ -108.373434182, 37.584064725000097 ], [ -108.371235824, 37.577854447 ], [ -108.357012825, 37.573100643 ], [ -108.354122742, 37.572251986 ], [ -108.350844156, 37.571080372 ], [ -108.331542192, 37.5600242410001 ], [ -108.319394368, 37.553135861 ], [ -108.299249069, 37.529746680000102 ], [ -108.284533334, 37.509792833000098 ], [ -108.277218108, 37.499652281000103 ], [ -108.271286331, 37.493367303000099 ], [ -108.26439751, 37.486209604000102 ], [ -108.257129662, 37.47852484 ], [ -108.25120736, 37.461137212 ], [ -108.248042483, 37.451689643000101 ], [ -108.237117022, 37.434498927 ], [ -108.230256628, 37.423723564 ], [ -108.218279366, 37.410033907000098 ], [ -108.209969193, 37.400700326000099 ], [ -108.203705767, 37.382360971 ], [ -108.198958451, 37.368505611 ], [ -108.194931285, 37.3568169260001 ], [ -108.191340002, 37.34905861 ], [ -108.17297613, 37.343250647 ], [ -108.165225023, 37.339649636 ], [ -108.147211752, 37.334345739000099 ], [ -108.124413261, 37.335845032000101 ], [ -108.113506751, 37.333441629000099 ], [ -108.112350717, 37.3304655210001 ], [ -108.112379144, 37.324377318000103 ], [ -108.112587609, 37.306509211 ], [ -108.104921783, 37.302084861 ], [ -108.099387985, 37.296620015 ], [ -108.090139719, 37.292541851000102 ], [ -108.078020322, 37.291132157 ], [ -108.063304587, 37.285108620000102 ], [ -108.062262262, 37.27119007 ], [ -108.056899026, 37.253799577000102 ], [ -108.041671606, 37.245427179 ], [ -108.030168128, 37.239022799 ], [ -108.015945129, 37.233462842 ], [ -108.013130852, 37.219889394000099 ], [ -108.016039886, 37.212433899000096 ], [ -108.015787584, 37.196637456000097 ], [ -108.015367112, 37.186756608 ], [ -108.015281832, 37.185095812 ], [ -108.015592303, 37.184408780000098 ] ] ] } },
{ "type": "Feature", "properties": { "objectid": "70011", "id": "201770", "type": "AC; OVERHEAD", "status": "NOT AVAILABLE", "naics_code": "221121", "naics_desc": "ELECTRIC BULK POWER TRANSMISSION AND CONTROL", "source": "IMAGERY", "sourcedate": "2014-06-30 20:00:00-06:00", "val_method": "IMAGERY", "val_date": "2014-06-30 20:00:00-06:00", "owner": "TRI-STATE G & T ASSN, INC", "voltage": 115.0, "volt_class": "100-161", "inferred": "Y", "sub_1": "TAP203985", "sub_2": "SILVERTON", "shape_lengt": 3168.9302851911002, "globalid": "a04a1caf-f19e-478b-a94b-5d6f8f8a979b" }, "geometry": { "type": "MultiLineString", "coordinates": [ [ [ -107.667933997, 37.804681578 ], [ -107.666383136, 37.806354785 ], [ -107.664771667, 37.808101189000098 ], [ -107.662375856, 37.810675652 ], [ -107.661805425, 37.811315030000102 ], [ -107.657241974, 37.816280574000103 ], [ -107.647687249, 37.8176211850001 ], [ -107.647941, 37.818051 ] ] ] } },
{ "type": "Feature", "properties": { "objectid": "77553", "id": "209723", "type": "AC; OVERHEAD", "status": "NOT AVAILABLE", "naics_code": "221121", "naics_desc": "ELECTRIC BULK POWER TRANSMISSION AND CONTROL", "source": "IMAGERY", "sourcedate": "2018-04-04 20:00:00-06:00", "val_method": "IMAGERY", "val_date": "2018-04-04 20:00:00-06:00", "owner": "TRI-STATE G & T ASSN, INC", "voltage": 115.0, "volt_class": "100-161", "inferred": "Y", "sub_1": "TAP208056", "sub_2": "TAP208057", "shape_lengt": 940.48572355220006, "globalid": "30f3ad98-5b80-4dbd-96be-5df8bd238bcc" }, "geometry": { "type": "MultiLineString", "coordinates": [ [ [ -108.878973, 37.748118 ], [ -108.88363885, 37.753686961 ] ] ] } },
{ "type": "Feature", "properties": { "objectid": "70031", "id": "201790", "type": "AC; OVERHEAD", "status": "NOT AVAILABLE", "naics_code": "221121", "naics_desc": "ELECTRIC BULK POWER TRANSMISSION AND CONTROL", "source": "IMAGERY", "sourcedate": "2014-06-30 20:00:00-06:00", "val_method": "IMAGERY", "val_date": "2014-06-30 20:00:00-06:00", "owner": "TRI-STATE G & T ASSN, INC", "voltage": 230.0, "volt_class": "220-287", "inferred": "Y", "sub_1": "SAN LUIS VALLEY", "sub_2": "PONCHA", "shape_lengt": 127816.73762936299, "globalid": "b22f58f8-b317-46a5-9296-621ce317f827" }, "geometry": { "type": "MultiLineString", "coordinates": [ [ [ -105.994011, 37.692018 ], [ -105.993876401, 37.693131650000097 ], [ -105.993864518, 37.694711465000097 ], [ -105.993888285, 37.697894502000104 ], [ -105.99199279, 37.699826825 ], [ -105.99193337, 37.703973394000101 ], [ -105.991951196, 37.705581184 ], [ -105.991868007, 37.7112504830001 ], [ -105.991838297, 37.712519669000102 ], [ -105.992034383, 37.715109683 ], [ -105.992283947, 37.718743069 ], [ -105.992402787, 37.720148432 ], [ -105.992379019, 37.724472460000101 ], [ -105.992379019, 37.732015403 ], [ -105.992594119, 37.760687552 ], [ -105.992632148, 37.780061647 ], [ -105.992575104, 37.800257003000098 ], [ -105.992632148, 37.829383287 ], [ -105.992442004, 37.843138793 ], [ -105.991966644, 37.859924241 ], [ -105.991916732, 37.86463977 ], [ -106.010306012, 37.864767364 ], [ -106.010191926, 37.86933811 ], [ -106.010013666, 37.876385058 ], [ -106.009650016, 37.888169740000102 ], [ -106.00952167, 37.892896590000099 ], [ -106.00953593, 37.899344875000097 ], [ -106.006506305, 37.986604298 ], [ -105.996880277, 37.986510633000101 ], [ -105.996523757, 38.027617744000104 ], [ -105.987610767, 38.030706868 ], [ -105.984520931, 38.149398904000101 ], [ -105.951008089, 38.173786839000101 ], [ -105.954454445, 38.20582448 ], [ -105.985471649, 38.22571248 ], [ -106.012567139, 38.28403791 ], [ -106.018509132, 38.296723321000101 ], [ -106.039068428, 38.334393376 ], [ -106.04691186, 38.361980794 ], [ -106.060221924, 38.377633842000101 ], [ -106.076384146, 38.385645402000101 ], [ -106.095992724, 38.415913633000102 ], [ -106.106962174, 38.431550214 ], [ -106.115479566, 38.445737301000101 ], [ -106.120198662, 38.4555871210001 ], [ -106.117771101, 38.469630212 ], [ -106.113313596, 38.487847744000099 ], [ -106.112915978, 38.490788002 ], [ -106.112392624, 38.494458691 ], [ -106.104668034, 38.498179083 ], [ -106.09884488, 38.499481175 ], [ -106.096244408, 38.5055261850001 ], [ -106.091978209, 38.509324363000097 ] ] ] } },
{ "type": "Feature", "properties": { "objectid": "69922", "id": "201681", "type": "AC; OVERHEAD", "status": "NOT AVAILABLE", "naics_code": "221121", "naics_desc": "ELECTRIC BULK POWER TRANSMISSION AND CONTROL", "source": "Regional Map", "sourcedate": "2014-07-09 20:00:00-06:00", "val_method": "IMAGERY/OTHER", "val_date": "2014-07-09 20:00:00-06:00", "owner": "TRI-STATE G & T ASSN, INC", "voltage": 115.0, "volt_class": "100-161", "inferred": "N", "sub_1": "WINDY GAP", "sub_2": "GORE PASS", "shape_lengt": 53657.080938501502, "globalid": "8234027c-550d-48e7-936b-63c5cb7fcb8d" }, "geometry": { "type": "MultiLineString", "coordinates": [ [ [ -105.986691, 40.111898 ], [ -105.987127519, 40.112124065 ], [ -105.987493657, 40.112138770000101 ], [ -105.990315534, 40.112705642 ], [ -105.999015904, 40.112768073 ], [ -106.011542039, 40.112867963 ], [ -106.018661658, 40.110617953 ], [ -106.027172238, 40.107965889000099 ], [ -106.032621207, 40.103475858 ], [ -106.041311587, 40.102324633000102 ], [ -106.051862409, 40.1009087 ], [ -106.054656816, 40.10052912 ], [ -106.063025053, 40.100524126 ], [ -106.075738481, 40.100451706000101 ], [ -106.082890565, 40.100404258 ], [ -106.091648371, 40.106317713000102 ], [ -106.09326658, 40.107498905 ], [ -106.10361013, 40.1080532920001 ], [ -106.105325732, 40.108143192 ], [ -106.111491407, 40.1097614010001 ], [ -106.115209791, 40.1107203400001 ], [ -106.125276149, 40.104007770000102 ], [ -106.134708209, 40.10362819 ], [ -106.138821156, 40.103445892 ], [ -106.140577594, 40.103355354 ], [ -106.149153553, 40.10561965 ], [ -106.163652017, 40.109422618 ], [ -106.169670067, 40.109946145 ], [ -106.185261858, 40.111269489 ], [ -106.208031576, 40.1081355950001 ], [ -106.224402955, 40.1057796260001 ], [ -106.228738234, 40.1032781380001 ], [ -106.234623183, 40.099947525000097 ], [ -106.247942756, 40.099852986 ], [ -106.26869695, 40.099649362 ], [ -106.289175434, 40.099402104 ], [ -106.310785275, 40.099183933000099 ], [ -106.319560411, 40.099118483 ], [ -106.330189449, 40.099009397 ], [ -106.351076743, 40.098754865 ], [ -106.37273412, 40.098522148 ], [ -106.373542231, 40.09852942 ], [ -106.393050983, 40.102092807000098 ], [ -106.398764804, 40.103110884 ], [ -106.405391315, 40.107604782000102 ], [ -106.40902306, 40.110106111 ], [ -106.421553536, 40.111451264 ], [ -106.420754932, 40.114915821000103 ], [ -106.43001018, 40.117344178000103 ], [ -106.43442627, 40.112312876 ], [ -106.435971189, 40.110484666 ], [ -106.436818, 40.1111730000001 ] ] ] } },
{ "type": "Feature", "properties": { "objectid": "73608", "id": "205332", "type": "AC; OVERHEAD", "status": "NOT AVAILABLE", "naics_code": "221121", "naics_desc": "ELECTRIC BULK POWER TRANSMISSION AND CONTROL", "source": "IMAGERY and FAA data", "sourcedate": "2015-09-13 20:00:00-06:00", "val_method": "IMAGERY/OTHER", "val_date": "2015-09-13 20:00:00-06:00", "owner": "TRI-STATE G & T ASSN, INC", "voltage": 115.0, "volt_class": "100-161", "inferred": "Y", "sub_1": "UNKNOWN205930", "sub_2": "UNKNOWN209751", "shape_lengt": 22554.012720421699, "globalid": "47c3cecc-03f3-4209-8025-1b0bb46b6454" }, "geometry": { "type": "MultiLineString", "coordinates": [ [ [ -107.566344168, 37.218170812 ], [ -107.566537739, 37.218099284000097 ], [ -107.568049856, 37.218101044 ], [ -107.56802092, 37.225059819000101 ], [ -107.578314439, 37.2250919250001 ], [ -107.580687075, 37.224427754 ], [ -107.585728155, 37.220115689000103 ], [ -107.587157395, 37.218800088000101 ], [ -107.589058573, 37.217187106 ], [ -107.590830338, 37.217021970000097 ], [ -107.596361092, 37.216397497000102 ], [ -107.602197384, 37.215755276 ], [ -107.602456166, 37.215834539000099 ], [ -107.608386198, 37.217423649000096 ], [ -107.6136833, 37.218805294 ], [ -107.617817639, 37.219901916 ], [ -107.617925161, 37.220196836000099 ], [ -107.618776306, 37.222678843 ], [ -107.619086494, 37.223481697000103 ], [ -107.624440901, 37.221741508 ], [ -107.628451351, 37.2204338700001 ], [ -107.635981245, 37.218696645000101 ], [ -107.63627447, 37.208016009000097 ], [ -107.636512622, 37.201318352 ], [ -107.636689623, 37.194616173 ], [ -107.636806536, 37.189976475 ], [ -107.637409478, 37.169185079 ], [ -107.639881702, 37.1691804270001 ], [ -107.642921959, 37.169101434 ], [ -107.654671192, 37.169058064000097 ], [ -107.65474629, 37.162105836000102 ], [ -107.668541639, 37.162105883 ], [ -107.668486283, 37.160724749000103 ], [ -107.67327205, 37.160038779 ], [ -107.676031544, 37.159622435000102 ], [ -107.678350114, 37.159301254000098 ], [ -107.679023887, 37.159166437000103 ], [ -107.679194807, 37.159263585000097 ] ] ] } },
{ "type": "Feature", "properties": { "objectid": "70144", "id": "201903", "type": "AC; OVERHEAD", "status": "NOT AVAILABLE", "naics_code": "221121", "naics_desc": "ELECTRIC BULK POWER TRANSMISSION AND CONTROL", "source": "Regional Map", "sourcedate": "2014-07-08 20:00:00-06:00", "val_method": "IMAGERY/OTHER", "val_date": "2014-07-08 20:00:00-06:00", "owner": "TRI-STATE G & T ASSN, INC", "voltage": 230.0, "volt_class": "220-287", "inferred": "N", "sub_1": "LINCOLN", "sub_2": "BIG SANDY", "shape_lengt": 17857.098414513301, "globalid": "e695a5e2-0b56-4f12-bf09-211da3e7ca81" }, "geometry": { "type": "MultiLineString", "coordinates": [ [ [ -103.702134247, 39.203846564000102 ], [ -103.7036935, 39.203945100000098 ], [ -103.7051153, 39.2039685 ], [ -103.7051205, 39.2056863 ], [ -103.7050498, 39.2073796 ], [ -103.7023482, 39.207312600000101 ], [ -103.6996021, 39.207239500000099 ], [ -103.6964263, 39.207148200000098 ], [ -103.6954594, 39.2077086 ], [ -103.6931168, 39.209097300000103 ], [ -103.6908241, 39.2104313 ], [ -103.6888981, 39.2115642 ], [ -103.6867154, 39.212845200000103 ], [ -103.6845143, 39.2141405 ], [ -103.6831439, 39.2149262 ], [ -103.6809507, 39.2162316000001 ], [ -103.6784404, 39.2176811 ], [ -103.6765643, 39.219601500000103 ], [ -103.6748716, 39.221296600000102 ], [ -103.6732522, 39.222936800000099 ], [ -103.6714022, 39.224792100000101 ], [ -103.6693925, 39.226822 ], [ -103.6679487, 39.228275300000099 ], [ -103.666366, 39.229852500000099 ], [ -103.6646182, 39.2316 ], [ -103.6632321, 39.2330289000001 ], [ -103.6619403, 39.2343259 ], [ -103.6601637, 39.2361241 ], [ -103.6585286, 39.2377822 ], [ -103.6569197, 39.2393754 ], [ -103.6554078, 39.240893400000097 ], [ -103.6538068, 39.2425372000001 ], [ -103.652004, 39.2443595 ], [ -103.6505078, 39.2458734000001 ], [ -103.6487758, 39.2476003 ], [ -103.6470595, 39.249355600000101 ], [ -103.6452305, 39.2511777 ], [ -103.6441981, 39.252222700000097 ], [ -103.6425342, 39.253906900000104 ], [ -103.6409384, 39.255485400000097 ], [ -103.6398352, 39.2566257 ], [ -103.6398379, 39.25875 ], [ -103.6398064, 39.2609229 ], [ -103.6398107, 39.263195600000103 ], [ -103.6398335, 39.264847 ], [ -103.6398107, 39.267117300000102 ], [ -103.6397918, 39.2688743 ], [ -103.6397766, 39.270933200000101 ], [ -103.6397615, 39.2730655 ], [ -103.6397577, 39.275353100000103 ], [ -103.6397577, 39.2776758 ], [ -103.6397577, 39.279576200000101 ], [ -103.6397539, 39.281854800000097 ], [ -103.6397312, 39.2839779 ], [ -103.6397388, 39.285860500000098 ], [ -103.639735, 39.2878662 ], [ -103.6397047, 39.2899804 ], [ -103.6397084, 39.2920094 ], [ -103.6397009, 39.2939358 ], [ -103.6397047, 39.296096600000098 ], [ -103.6396819, 39.298301400000099 ], [ -103.6396933, 39.3004182 ], [ -103.6410937, 39.3006913 ], [ -103.641254874, 39.301005400000101 ] ] ] } },
{ "type": "Feature", "properties": { "objectid": "68494", "id": "200195", "type": "AC; OVERHEAD", "status": "NOT AVAILABLE", "naics_code": "221121", "naics_desc": "ELECTRIC BULK POWER TRANSMISSION AND CONTROL", "source": "Regional Map", "sourcedate": "2014-06-29 20:00:00-06:00", "val_method": "IMAGERY/OTHER", "val_date": "2014-06-29 20:00:00-06:00", "owner": "TRI-STATE G & T ASSN, INC", "voltage": 345.0, "volt_class": "345", "inferred": "N", "sub_1": "MEEKER", "sub_2": "MCBRYDE", "shape_lengt": 56433.455399189799, "globalid": "3d9d2ea7-6b18-4eb8-9988-252937185247" }, "geometry": { "type": "MultiLineString", "coordinates": [ [ [ -107.980316515, 40.008499483 ], [ -107.980581156, 40.008388837 ], [ -107.982632804, 40.008486647 ], [ -107.983654372, 40.005591451 ], [ -107.995206596, 40.005532763000097 ], [ -108.009397869, 40.00528497 ], [ -108.018711158, 40.005076302000099 ], [ -108.024099925, 40.0049524040001 ], [ -108.026543174, 40.000283273 ], [ -108.028586309, 39.996370347 ], [ -108.03240016, 39.988922126 ], [ -108.036835465, 39.980305438000102 ], [ -108.038589155, 39.976998063 ], [ -108.042505164, 39.971413651 ], [ -108.04447168, 39.966924914000103 ], [ -108.047204374, 39.962651206 ], [ -108.051563061, 39.955832295 ], [ -108.05720722, 39.947048274 ], [ -108.059854783, 39.943151879 ], [ -108.064136852, 39.936304914000097 ], [ -108.068282713, 39.929862005000103 ], [ -108.074761152, 39.923966898000103 ], [ -108.081937663, 39.917359597 ], [ -108.085317349, 39.9142777120001 ], [ -108.09285992, 39.907297254000099 ], [ -108.100598293, 39.900146280000101 ], [ -108.109571059, 39.8919690930001 ], [ -108.118782192, 39.883483904 ], [ -108.134080163, 39.879204985000101 ], [ -108.148952481, 39.875043397000098 ], [ -108.154690284, 39.87342312 ], [ -108.156163043, 39.87232549 ], [ -108.161679507, 39.868366038 ], [ -108.173078496, 39.8682810970001 ], [ -108.179088717, 39.866627988000097 ], [ -108.185694853, 39.864746141000097 ], [ -108.18974707, 39.868124282 ], [ -108.189321417, 39.871463055 ], [ -108.188427546, 39.878584356 ], [ -108.206007017, 39.878512493000102 ], [ -108.215388461, 39.8784741650001 ], [ -108.221835158, 39.882322512 ], [ -108.230505657, 39.8874333380001 ], [ -108.239148363, 39.892543880000098 ], [ -108.247581877, 39.8977653070001 ], [ -108.256914982, 39.903725255 ], [ -108.265532651, 39.909242404000103 ], [ -108.272021267, 39.913367767000103 ], [ -108.279860596, 39.918402998 ], [ -108.289094036, 39.924275511000097 ], [ -108.290307913, 39.928229142000099 ], [ -108.291763518, 39.933051863000102 ], [ -108.302365516, 39.934129568000102 ], [ -108.304016482, 39.934289897 ], [ -108.307122762, 39.937605185000102 ], [ -108.313986684, 39.945031575 ], [ -108.327154787, 39.94841595 ], [ -108.329838004, 39.949071440000097 ], [ -108.330321565, 39.949270891 ], [ -108.330964041, 39.949971372 ] ] ] } },
{ "type": "Feature", "properties": { "objectid": "70019", "id": "201778", "type": "AC; OVERHEAD", "status": "NOT AVAILABLE", "naics_code": "221121", "naics_desc": "ELECTRIC BULK POWER TRANSMISSION AND CONTROL", "source": "Regional Map", "sourcedate": "2014-06-30 20:00:00-06:00", "val_method": "IMAGERY/OTHER", "val_date": "2014-06-30 20:00:00-06:00", "owner": "TRI-STATE G & T ASSN, INC", "voltage": 115.0, "volt_class": "100-161", "inferred": "N", "sub_1": "BULLOCK", "sub_2": "TAP203988", "shape_lengt": 5371.1891068788, "globalid": "d52d8ce1-4715-4b91-93e2-2daa681d5fc5" }, "geometry": { "type": "MultiLineString", "coordinates": [ [ [ -107.879677613, 38.472893275 ], [ -107.879772552, 38.472748158000101 ], [ -107.879234565, 38.471935854 ], [ -107.882482259, 38.470993990000103 ], [ -107.886015368, 38.470935374000099 ], [ -107.887002927, 38.470890713000102 ], [ -107.89379106, 38.470896296 ], [ -107.900818062, 38.471027486 ], [ -107.906304898, 38.4710665630001 ], [ -107.91552806, 38.471063772 ], [ -107.921973934, 38.471097268 ], [ -107.925886679, 38.47115304 ] ] ] } },
{ "type": "Feature", "properties": { "objectid": "78850", "id": "211088", "type": "AC; OVERHEAD", "status": "IN SERVICE", "naics_code": "221121", "naics_desc": "ELECTRIC BULK POWER TRANSMISSION AND CONTROL", "source": "IMAGERY", "sourcedate": "2018-12-09 18:00:00-07:00", "val_method": "IMAGERY/OTHER", "val_date": "2018-12-09 18:00:00-07:00", "owner": "TRI-STATE G & T ASSN, INC", "voltage": 34.5, "volt_class": "UNDER 100", "inferred": "Y", "sub_1": "UNKNOWN209072", "sub_2": "UNKNOWN209073", "shape_lengt": 13596.9828942408, "globalid": "a93ab00d-9cb8-460e-ac4e-2f3c0cc7cb81" }, "geometry": { "type": "MultiLineString", "coordinates": [ [ [ -108.737351151, 38.376582713000097 ], [ -108.737597426, 38.37712285 ], [ -108.737878202, 38.377798617 ], [ -108.738454032, 38.378460108000098 ], [ -108.738987031, 38.379131116 ], [ -108.740186279, 38.380644453000102 ], [ -108.741023849, 38.381667621000098 ], [ -108.742951213, 38.384070877 ], [ -108.744136184, 38.385555660000101 ], [ -108.745373504, 38.387064239 ], [ -108.747048645, 38.388772692 ], [ -108.747890974, 38.389615021000097 ], [ -108.748595294, 38.3903288590001 ], [ -108.749770748, 38.391561420000102 ], [ -108.75064639, 38.392413267000101 ], [ -108.751450648, 38.393231801000098 ], [ -108.755728918, 38.396001494000103 ], [ -108.75784188, 38.397314957000098 ], [ -108.759317146, 38.398247705000102 ], [ -108.76150625, 38.399642069 ], [ -108.765008816, 38.401902557 ], [ -108.76569886, 38.40233086 ], [ -108.768777883, 38.4043914740001 ], [ -108.769782015, 38.404919714000101 ], [ -108.772223342, 38.406485399000097 ], [ -108.774921651, 38.408203370000102 ], [ -108.776439747, 38.409169431000102 ], [ -108.777905495, 38.410092662000103 ], [ -108.77934269, 38.411025411 ], [ -108.782098105, 38.412757658 ], [ -108.783511505, 38.413680889 ], [ -108.785248512, 38.414780200000102 ], [ -108.788041999, 38.416555278 ], [ -108.789379256, 38.417411884 ], [ -108.790892593, 38.418377945 ], [ -108.793985893, 38.420352898 ], [ -108.795451641, 38.421290406 ], [ -108.798149949, 38.423017894000097 ], [ -108.801700105, 38.425268864 ], [ -108.804755333, 38.427215264 ], [ -108.806953955, 38.428623904000098 ], [ -108.809747442, 38.4303942230001 ], [ -108.811122771, 38.431274624 ], [ -108.813968606, 38.433092532 ], [ -108.816428969, 38.433287648 ], [ -108.817937547, 38.433444692000101 ], [ -108.821316382, 38.433720710000102 ], [ -108.824157458, 38.433972933000099 ], [ -108.825894465, 38.434139495000103 ], [ -108.827355454, 38.434072870000101 ], [ -108.827426838, 38.433792094000097 ], [ -108.827817069, 38.432450078000102 ], [ -108.827883694, 38.432164542000102 ] ] ] } },
{ "type": "Feature", "properties": { "objectid": "78841", "id": "211079", "type": "AC; OVERHEAD", "status": "IN SERVICE", "naics_code": "221121", "naics_desc": "ELECTRIC BULK POWER TRANSMISSION AND CONTROL", "source": "IMAGERY", "sourcedate": "2018-12-09 18:00:00-07:00", "val_method": "IMAGERY/OTHER", "val_date": "2018-12-09 18:00:00-07:00", "owner": "TRI-STATE G & T ASSN, INC", "voltage": 34.5, "volt_class": "UNDER 100", "inferred": "Y", "sub_1": "UNKNOWN209010", "sub_2": "UNKNOWN209065", "shape_lengt": 8500.7801362113005, "globalid": "940c4dfc-b253-4efd-b15a-30824d6e9042" }, "geometry": { "type": "MultiLineString", "coordinates": [ [ [ -108.583718365, 38.2464090020001 ], [ -108.584306909, 38.2463387130001 ], [ -108.586632, 38.245872 ], [ -108.587806, 38.245667 ], [ -108.590172, 38.245253 ], [ -108.591376, 38.245037 ], [ -108.592725, 38.244784 ], [ -108.593613, 38.244639 ], [ -108.595369, 38.244313 ], [ -108.5959, 38.244218 ], [ -108.597584, 38.243909 ], [ -108.598831, 38.243685 ], [ -108.600235, 38.243433 ], [ -108.601793, 38.243157 ], [ -108.60363, 38.242836000000104 ], [ -108.605389, 38.242531 ], [ -108.613468, 38.241819 ], [ -108.615922, 38.241646000000102 ], [ -108.618025, 38.241412 ], [ -108.619258, 38.240961 ], [ -108.620928, 38.24035 ], [ -108.623153, 38.239165 ], [ -108.624611, 38.238246000000103 ], [ -108.625714, 38.237577 ], [ -108.627056, 38.236780000000103 ], [ -108.628632, 38.235733 ], [ -108.629715, 38.235076 ], [ -108.63263, 38.232449 ], [ -108.633665, 38.231405 ], [ -108.634911, 38.230117 ], [ -108.637114, 38.227875 ], [ -108.639208, 38.22695 ], [ -108.640518, 38.226376000000101 ], [ -108.642117, 38.225669 ], [ -108.642495, 38.225502 ], [ -108.644351, 38.224684 ], [ -108.646117, 38.223899000000102 ], [ -108.647016, 38.223499000000103 ], [ -108.64956, 38.2224170000001 ], [ -108.650532192, 38.22199841 ] ] ] } },
{ "type": "Feature", "properties": { "objectid": "69962", "id": "201721", "type": "AC; OVERHEAD", "status": "NOT AVAILABLE", "naics_code": "221121", "naics_desc": "ELECTRIC BULK POWER TRANSMISSION AND CONTROL", "source": "Company Map", "sourcedate": "2014-07-08 20:00:00-06:00", "val_method": "IMAGERY/OTHER", "val_date": "2014-07-08 20:00:00-06:00", "owner": "TRI-STATE G & T ASSN, INC", "voltage": 115.0, "volt_class": "100-161", "inferred": "N", "sub_1": "JOES", "sub_2": "LIBERTY", "shape_lengt": 14910.779855446501, "globalid": "aab6ecdb-e92e-4a48-bc6a-315708fd1641" }, "geometry": { "type": "MultiLineString", "coordinates": [ [ [ -102.707618, 39.655446 ], [ -102.707586293, 39.655275930000101 ], [ -102.707336729, 39.654836755000098 ], [ -102.707336729, 39.650098973000098 ], [ -102.707415163, 39.641764522000102 ], [ -102.707465076, 39.633429066000097 ], [ -102.707443684, 39.625109082000101 ], [ -102.707408033, 39.61679359 ], [ -102.70735099, 39.611915874 ], [ -102.696676793, 39.611970806 ], [ -102.680020197, 39.612058695 ], [ -102.650543158, 39.612207009 ], [ -102.631191275, 39.612316871000097 ], [ -102.630528148, 39.612340217 ], [ -102.630713538, 39.6122523270001 ], [ -102.630692147, 39.612002391 ] ] ] } },
{ "type": "Feature", "properties": { "objectid": "70265", "id": "202025", "type": "AC; OVERHEAD", "status": "NOT AVAILABLE", "naics_code": "221121", "naics_desc": "ELECTRIC BULK POWER TRANSMISSION AND CONTROL", "source": "IMAGERY", "sourcedate": "2014-06-29 20:00:00-06:00", "val_method": "IMAGERY", "val_date": "2014-06-29 20:00:00-06:00", "owner": "TRI-STATE G & T ASSN, INC", "voltage": 230.0, "volt_class": "220-287", "inferred": "N", "sub_1": "BURRO CANYON", "sub_2": "UNKNOWN202848", "shape_lengt": 20972.150611060399, "globalid": "87a312e7-def7-4bc4-a9e1-32da2046e289" }, "geometry": { "type": "MultiLineString", "coordinates": [ [ [ -104.654241766, 37.132499985000102 ], [ -104.654343053, 37.132334597000103 ], [ -104.654514024, 37.130086766 ], [ -104.654588629, 37.128907062000103 ], [ -104.657053716, 37.128622046 ], [ -104.659823441, 37.128309767000097 ], [ -104.662664664, 37.128602219000101 ], [ -104.665801199, 37.128909540000102 ], [ -104.66877609, 37.129204468000097 ], [ -104.672972643, 37.129608443000102 ], [ -104.677038638, 37.13000498 ], [ -104.68020315, 37.130309817000096 ], [ -104.683255755, 37.130599783 ], [ -104.685776795, 37.130840181 ], [ -104.691384635, 37.131375498000097 ], [ -104.694117058, 37.130778223 ], [ -104.69725981, 37.1300991580001 ], [ -104.69995493, 37.129511786000101 ], [ -104.703277979, 37.128785621000098 ], [ -104.707564681, 37.127838868 ], [ -104.711347797, 37.127016027 ], [ -104.714257407, 37.126369148 ], [ -104.720468307, 37.127400186 ], [ -104.725889633, 37.127358052 ], [ -104.733371933, 37.126644258 ], [ -104.737347779, 37.127043290000103 ], [ -104.741099809, 37.127417535000099 ], [ -104.745632087, 37.12788348 ], [ -104.749039067, 37.126562469000099 ], [ -104.755691382, 37.126639301000097 ], [ -104.759505583, 37.126696306 ], [ -104.763913519, 37.125134858 ], [ -104.769306868, 37.125722264 ], [ -104.771492184, 37.12595772 ], [ -104.780594043, 37.1274844530001 ], [ -104.786027803, 37.128451037 ], [ -104.789683468, 37.129095419000102 ], [ -104.796071556, 37.130228032 ], [ -104.800902255, 37.131601024000098 ], [ -104.805387905, 37.132872382000102 ], [ -104.809575133, 37.134059459000099 ], [ -104.813006982, 37.135048263000101 ], [ -104.81549072, 37.135078001000103 ], [ -104.820175317, 37.135757021000103 ], [ -104.821704728, 37.135975099000099 ], [ -104.825518929, 37.136111398 ], [ -104.828468951, 37.135385296 ], [ -104.829814957, 37.135058175 ], [ -104.833803237, 37.135043306 ], [ -104.833800129, 37.135174650000103 ], [ -104.834057434, 37.135225945000101 ] ] ] } },
{ "type": "Feature", "properties": { "objectid": "70014", "id": "201773", "type": "AC; OVERHEAD", "status": "NOT AVAILABLE", "naics_code": "221121", "naics_desc": "ELECTRIC BULK POWER TRANSMISSION AND CONTROL", "source": "IMAGERY", "sourcedate": "2014-06-30 20:00:00-06:00", "val_method": "IMAGERY", "val_date": "2014-06-30 20:00:00-06:00", "owner": "TRI-STATE G & T ASSN, INC", "voltage": 115.0, "volt_class": "100-161", "inferred": "Y", "sub_1": "TAP203986", "sub_2": "UNKNOWN203759", "shape_lengt": 4712.9278163417002, "globalid": "9d3ba2eb-107e-41a0-9206-d9caa8d4ca5e" }, "geometry": { "type": "MultiLineString", "coordinates": [ [ [ -107.8814132, 37.8640550000001 ], [ -107.88135217, 37.865684038 ], [ -107.884356441, 37.867462813 ], [ -107.886505066, 37.8704123320001 ], [ -107.88918134, 37.872326079000104 ], [ -107.890231884, 37.872311069 ], [ -107.892689493, 37.870825105 ], [ -107.894224904, 37.871868285 ], [ -107.895460838, 37.874566225000102 ], [ -107.895665243, 37.875016497 ], [ -107.898721804, 37.8779432010001 ], [ -107.903232966, 37.882179210000103 ], [ -107.904421364, 37.886384964000101 ], [ -107.90361, 37.886706000000103 ] ] ] } },
{ "type": "Feature", "properties": { "objectid": "69965", "id": "201724", "type": "AC; OVERHEAD", "status": "NOT AVAILABLE", "naics_code": "221121", "naics_desc": "ELECTRIC BULK POWER TRANSMISSION AND CONTROL", "source": "Regional Map", "sourcedate": "2014-07-08 20:00:00-06:00", "val_method": "IMAGERY/OTHER", "val_date": "2014-07-08 20:00:00-06:00", "owner": "TRI-STATE G & T ASSN, INC", "voltage": 115.0, "volt_class": "100-161", "inferred": "N", "sub_1": "HELL CREEK", "sub_2": "TAP203968", "shape_lengt": 4961.0099789059004, "globalid": "056478bc-9aa9-4028-a19e-de3a295a4484" }, "geometry": { "type": "MultiLineString", "coordinates": [ [ [ -102.591882, 39.53457 ], [ -102.592050978, 39.534778655 ], [ -102.591915501, 39.541547879000099 ], [ -102.591822806, 39.548558361000097 ], [ -102.591722981, 39.555040365 ], [ -102.591523329, 39.563709580000101 ], [ -102.591452025, 39.567134088000103 ], [ -102.591389323, 39.5688907890001 ] ] ] } },
{ "type": "Feature", "properties": { "objectid": "70002", "id": "201761", "type": "AC; OVERHEAD", "status": "NOT AVAILABLE", "naics_code": "221121", "naics_desc": "ELECTRIC BULK POWER TRANSMISSION AND CONTROL", "source": "Regional Map", "sourcedate": "2014-06-30 20:00:00-06:00", "val_method": "IMAGERY/OTHER", "val_date": "2014-06-30 20:00:00-06:00", "owner": "TRI-STATE G & T ASSN, INC", "voltage": 115.0, "volt_class": "100-161", "inferred": "N", "sub_1": "BODO", "sub_2": "DURANGO", "shape_lengt": 2518.8849134154002, "globalid": "51069d9d-b1e1-48e2-be19-de5337723ba5" }, "geometry": { "type": "MultiLineString", "coordinates": [ [ [ -107.879421694, 37.249926346000102 ], [ -107.879421694, 37.249694584 ], [ -107.879846546, 37.249585797000101 ], [ -107.880497194, 37.248729686 ], [ -107.88239269, 37.246258263000101 ], [ -107.887692948, 37.245241291000099 ], [ -107.895673044, 37.243739457000103 ], [ -107.896454417, 37.243595185000103 ], [ -107.898385565, 37.243417801000099 ], [ -107.898981977, 37.243391807000101 ] ] ] } },
{ "type": "Feature", "properties": { "objectid": "74721", "id": "207017", "type": "AC; OVERHEAD", "status": "NOT AVAILABLE", "naics_code": "221121", "naics_desc": "ELECTRIC BULK POWER TRANSMISSION AND CONTROL", "source": "IMAGERY", "sourcedate": "2016-01-18 18:00:00-07:00", "val_method": "IMAGERY", "val_date": "2016-01-18 18:00:00-07:00", "owner": "TRI-STATE G & T ASSN, INC", "voltage": 115.0, "volt_class": "100-161", "inferred": "Y", "sub_1": "NOT AVAILABLE", "sub_2": "UNKNOWN201518", "shape_lengt": 149.06747208030001, "globalid": "5a20fdf7-11cb-4763-82fc-df07f0079aa2" }, "geometry": { "type": "MultiLineString", "coordinates": [ [ [ -108.507084437, 38.2380832630001 ], [ -108.507173667, 38.238207471000102 ], [ -108.507379252, 38.238560107000097 ], [ -108.507356409, 38.238570101 ], [ -108.507053742, 38.238708585 ], [ -108.506775453, 38.238764659 ] ] ] } },
{ "type": "Feature", "properties": { "objectid": "69932", "id": "201691", "type": "AC; OVERHEAD", "status": "NOT AVAILABLE", "naics_code": "221121", "naics_desc": "ELECTRIC BULK POWER TRANSMISSION AND CONTROL", "source": "Regional Map", "sourcedate": "2014-06-23 20:00:00-06:00", "val_method": "IMAGERY/OTHER", "val_date": "2014-06-23 20:00:00-06:00", "owner": "TRI-STATE G & T ASSN, INC", "voltage": 230.0, "volt_class": "220-287", "inferred": "N", "sub_1": "WOLCOTT", "sub_2": "COOLEY MESA", "shape_lengt": 30056.615179390799, "globalid": "6c632aa8-5bed-4c27-9687-e2e6bb05092e" }, "geometry": { "type": "MultiLineString", "coordinates": [ [ [ -106.688393375, 39.695013332 ], [ -106.688809202, 39.694803341000103 ], [ -106.690242411, 39.694984396 ], [ -106.691098057, 39.698925433 ], [ -106.702349816, 39.707642463000099 ], [ -106.730236778, 39.701961067000099 ], [ -106.731377641, 39.700699283000098 ], [ -106.735323125, 39.6981207850001 ], [ -106.743142788, 39.694536329000101 ], [ -106.744854082, 39.695359307 ], [ -106.749108549, 39.693457298000098 ], [ -106.76574613, 39.690951687 ], [ -106.770808707, 39.686342588000102 ], [ -106.789609174, 39.683544056000102 ], [ -106.804701837, 39.677489328 ], [ -106.823597375, 39.671379186 ], [ -106.830157336, 39.673117156000103 ], [ -106.837691783, 39.670665691000103 ], [ -106.839616989, 39.668543457 ], [ -106.840757852, 39.664994058 ], [ -106.855113707, 39.658626639 ], [ -106.870753034, 39.640856972 ], [ -106.869184347, 39.636519088000099 ], [ -106.875768075, 39.630643294 ], [ -106.89119349, 39.635018155000097 ], [ -106.904320542, 39.634901617 ], [ -106.904357, 39.635054 ] ] ] } },
{ "type": "Feature", "properties": { "objectid": "73502", "id": "205132", "type": "AC", "status": "NOT AVAILABLE", "naics_code": "221121", "naics_desc": "ELECTRIC BULK POWER TRANSMISSION AND CONTROL", "source": "Regional Map", "sourcedate": "2015-08-12 20:00:00-06:00", "val_method": "IMAGERY/OTHER", "val_date": "2015-08-12 20:00:00-06:00", "owner": "TRI-STATE G & T ASSN, INC", "voltage": 115.0, "volt_class": "100-161", "inferred": "N", "sub_1": "HIGHLANDS WINDFARM", "sub_2": "UNKNOWN205868", "shape_lengt": 12562.4506810243, "globalid": "fd517dad-ac12-4df0-afc7-e6e0c868253f" }, "geometry": { "type": "MultiLineString", "coordinates": [ [ [ -102.764586789, 40.743323158000102 ], [ -102.764519651, 40.74299913 ], [ -102.764298361, 40.742299568000099 ], [ -102.764062795, 40.729114975000101 ], [ -102.762535181, 40.728536766 ], [ -102.762463797, 40.720399009000097 ], [ -102.76249235, 40.718050481 ], [ -102.762378136, 40.704002143 ], [ -102.759715519, 40.702945663 ], [ -102.759722658, 40.683893318000102 ], [ -102.759701243, 40.671122751 ], [ -102.760407943, 40.670915738000097 ], [ -102.760393666, 40.660729265 ], [ -102.760736308, 40.660729265 ], [ -102.761221718, 40.660750681 ] ] ] } },
{ "type": "Feature", "properties": { "objectid": "70213", "id": "201973", "type": "AC; OVERHEAD", "status": "NOT AVAILABLE", "naics_code": "221121", "naics_desc": "ELECTRIC BULK POWER TRANSMISSION AND CONTROL", "source": "IMAGERY", "sourcedate": "2014-07-09 20:00:00-06:00", "val_method": "IMAGERY", "val_date": "2014-07-09 20:00:00-06:00", "owner": "TRI-STATE G & T ASSN, INC", "voltage": 69.0, "volt_class": "UNDER 100", "inferred": "N", "sub_1": "HESPERUS", "sub_2": "UNKNOWN203904", "shape_lengt": 22196.108477043101, "globalid": "c65a3866-dc92-4c90-8cca-e7b33c76fa63" }, "geometry": { "type": "MultiLineString", "coordinates": [ [ [ -108.015592303, 37.184408780000098 ], [ -108.014433439, 37.1835928140001 ], [ -108.013759765, 37.183595334000103 ], [ -108.011112514, 37.1828015930001 ], [ -108.007728335, 37.181760898 ], [ -108.003572437, 37.180473237000101 ], [ -107.996396079, 37.17824813 ], [ -107.991996645, 37.178497607 ], [ -107.985497123, 37.178880641 ], [ -107.980142529, 37.179175476000097 ], [ -107.975581794, 37.17943503 ], [ -107.967646368, 37.179876017 ], [ -107.961567496, 37.180218727000103 ], [ -107.954761184, 37.180584113000101 ], [ -107.946452549, 37.181047773 ], [ -107.942084743, 37.177708852000102 ], [ -107.938836564, 37.175178734 ], [ -107.932770343, 37.173487741 ], [ -107.924863383, 37.171269988000098 ], [ -107.913246475, 37.1679734800001 ], [ -107.908426391, 37.166645259 ], [ -107.906408535, 37.161876578 ], [ -107.904849282, 37.158206605 ], [ -107.903701192, 37.155529631 ], [ -107.902066032, 37.151566930000101 ], [ -107.899921664, 37.146590573 ], [ -107.898435155, 37.14305348 ], [ -107.897343994, 37.140446564000101 ], [ -107.896439438, 37.1384219830001 ], [ -107.892811724, 37.1358048210001 ], [ -107.888684291, 37.132844648000102 ], [ -107.880925981, 37.132842126000099 ], [ -107.880922818, 37.1273097710001 ], [ -107.878702543, 37.125693359 ], [ -107.875935106, 37.125675706 ], [ -107.871858278, 37.125693359 ], [ -107.866149452, 37.125705967 ], [ -107.862139041, 37.125663098000103 ], [ -107.859371605, 37.125637880000099 ], [ -107.858591072, 37.125713022000099 ] ] ] } },
{ "type": "Feature", "properties": { "objectid": "69893", "id": "201647", "type": "AC; OVERHEAD", "status": "NOT AVAILABLE", "naics_code": "221121", "naics_desc": "ELECTRIC BULK POWER TRANSMISSION AND CONTROL", "source": "Regional Map", "sourcedate": "2014-06-17 20:00:00-06:00", "val_method": "IMAGERY/OTHER", "val_date": "2014-06-17 20:00:00-06:00", "owner": "TRI-STATE G & T ASSN, INC", "voltage": 138.0, "volt_class": "100-161", "inferred": "N", "sub_1": "UNKNOWN203886", "sub_2": "MEEKER", "shape_lengt": 87343.115100158102, "globalid": "2571e080-084b-41de-af58-e9883d73347e" }, "geometry": { "type": "MultiLineString", "coordinates": [ [ [ -108.666348349, 40.152741546000101 ], [ -108.491514906, 40.183388478 ], [ -108.489482744, 40.182881859000098 ], [ -108.485400595, 40.181874057000101 ], [ -108.466671432, 40.177327865000102 ], [ -108.344704892, 40.147646652 ], [ -108.341489085, 40.145471921000102 ], [ -108.26597467, 40.0944720520001 ], [ -108.264227724, 40.0932974770001 ], [ -108.262250229, 40.091939237000098 ], [ -108.260660151, 40.090851898 ], [ -108.256848957, 40.088566247000102 ], [ -108.233190317, 40.079110074 ], [ -108.229917467, 40.0812814720001 ], [ -108.222259426, 40.086380533 ], [ -108.219143445, 40.08502761 ], [ -108.178440198, 40.067427158 ], [ -108.176624919, 40.065801467 ], [ -108.128767857, 40.023648243 ], [ -108.126946636, 40.022501569 ], [ -108.096337647, 40.002899798 ], [ -108.093777837, 40.003874752000101 ], [ -108.04748769, 40.021125762 ], [ -108.045598136, 40.020675269 ], [ -107.985150239, 40.005955244000099 ], [ -107.98279721, 40.005786841 ], [ -107.981691999, 40.00626019 ], [ -107.980473, 40.006527 ] ] ] } },
{ "type": "Feature", "properties": { "objectid": "70016", "id": "201775", "type": "AC; OVERHEAD", "status": "NOT AVAILABLE", "naics_code": "221121", "naics_desc": "ELECTRIC BULK POWER TRANSMISSION AND CONTROL", "source": "Regional Map", "sourcedate": "2014-06-30 20:00:00-06:00", "val_method": "IMAGERY/OTHER", "val_date": "2014-06-30 20:00:00-06:00", "owner": "TRI-STATE G & T ASSN, INC", "voltage": 115.0, "volt_class": "100-161", "inferred": "N", "sub_1": "UNKNOWN203759", "sub_2": "UNKNOWN203905", "shape_lengt": 57728.121135618399, "globalid": "d6230422-5f9f-487a-b418-eabe9d4d6c6f" }, "geometry": { "type": "MultiLineString", "coordinates": [ [ [ -107.90361, 37.886706000000103 ], [ -107.90452434, 37.886599711 ], [ -107.906043113, 37.891675543000098 ], [ -107.907438708, 37.893845426 ], [ -107.910842282, 37.898853240000101 ], [ -107.91421258, 37.903770695 ], [ -107.915572109, 37.905754838000099 ], [ -107.920430275, 37.908336857 ], [ -107.923415539, 37.910154269 ], [ -107.926438826, 37.911463171 ], [ -107.928043201, 37.912284931 ], [ -107.94378675, 37.915623709 ], [ -107.949308488, 37.916794649 ], [ -107.96133021, 37.919319842 ], [ -107.970756588, 37.921292316000098 ], [ -107.979959547, 37.923242239 ], [ -107.990270093, 37.925450838000103 ], [ -107.993295756, 37.9260311 ], [ -107.999228242, 37.930301837000101 ], [ -108.002417904, 37.932521473000101 ], [ -108.008264825, 37.936686858 ], [ -108.014530063, 37.941129425 ], [ -108.019443991, 37.944642725000101 ], [ -108.02121789, 37.945886392 ], [ -108.023547884, 37.947519901000099 ], [ -108.026125269, 37.949372301 ], [ -108.029934086, 37.953226094000101 ], [ -108.03301501, 37.956344121 ], [ -108.035531444, 37.959028658000101 ], [ -108.036292019, 37.960110878000101 ], [ -108.037198173, 37.961525704000103 ], [ -108.044203783, 37.967753894 ], [ -108.046215148, 37.969782217 ], [ -108.048689988, 37.972391316 ], [ -108.050594396, 37.972557603 ], [ -108.053505974, 37.972833964000102 ], [ -108.058509132, 37.9733304760001 ], [ -108.061084986, 37.973583414000103 ], [ -108.064807644, 37.973955795 ], [ -108.07004254, 37.974461667000099 ], [ -108.075559681, 37.975000323000103 ], [ -108.081599717, 37.975597524000101 ], [ -108.087806129, 37.976211114000101 ], [ -108.092776606, 37.976700577 ], [ -108.098905772, 37.977300107000097 ], [ -108.103614802, 37.977761459000099 ], [ -108.105061677, 37.977899631000099 ], [ -108.111588957, 37.978553013000102 ], [ -108.116746607, 37.979047144 ], [ -108.121376836, 37.979530912 ], [ -108.127549816, 37.980087015 ], [ -108.131366881, 37.980482682 ], [ -108.135285625, 37.983920364 ], [ -108.138966691, 37.987121386000098 ], [ -108.142897318, 37.9904814880001 ], [ -108.146584326, 37.993649443 ], [ -108.15020597, 37.996894524 ], [ -108.153884064, 38.0001043440001 ], [ -108.157608247, 38.003305473000097 ], [ -108.161187495, 38.006439011 ], [ -108.164319089, 38.00918167 ], [ -108.166657567, 38.011181474000097 ], [ -108.169414652, 38.013601842 ], [ -108.173140674, 38.016907088 ], [ -108.176681709, 38.019959024000102 ], [ -108.180359803, 38.023186557 ], [ -108.18407652, 38.026416289 ], [ -108.187481282, 38.029365051000099 ], [ -108.189067728, 38.030785117 ], [ -108.192567628, 38.033771589 ], [ -108.19382733, 38.034897168 ], [ -108.195113773, 38.0360157100001 ], [ -108.196557677, 38.0372629330001 ], [ -108.197704482, 38.0393852710001 ], [ -108.199403891, 38.042574512 ], [ -108.201046852, 38.04562557 ], [ -108.202764089, 38.048851972000101 ], [ -108.204519948, 38.0521180040001 ], [ -108.206234213, 38.055294993000103 ], [ -108.207960361, 38.058513952 ], [ -108.209300281, 38.060979541000101 ], [ -108.211160125, 38.061302354000098 ], [ -108.216129709, 38.062339244 ], [ -108.227031189, 38.0644040930001 ], [ -108.228014589, 38.064521049000099 ], [ -108.233739699, 38.067566514000099 ], [ -108.238350686, 38.069921869 ], [ -108.241600956, 38.071704121 ], [ -108.246614434, 38.074387512 ], [ -108.249655327, 38.076889248 ], [ -108.253588927, 38.080123628 ], [ -108.257403687, 38.083250292000102 ], [ -108.260370524, 38.085671085000101 ], [ -108.264845769, 38.089295566 ], [ -108.270543089, 38.093990108000099 ], [ -108.27314477, 38.096133770000101 ], [ -108.276126374, 38.0985864190001 ], [ -108.278635023, 38.100713187 ], [ -108.279077107, 38.100842242000098 ], [ -108.287133889, 38.107659065000099 ], [ -108.290924864, 38.110716753000098 ], [ -108.294113278, 38.113377504 ], [ -108.295111361, 38.114185379 ], [ -108.296633976, 38.114298751 ], [ -108.297216824, 38.114223467000102 ] ] ] } },
{ "type": "Feature", "properties": { "objectid": "77546", "id": "209714", "type": "AC; OVERHEAD", "status": "NOT AVAILABLE", "naics_code": "221121", "naics_desc": "ELECTRIC BULK POWER TRANSMISSION AND CONTROL", "source": "IMAGERY", "sourcedate": "2018-04-02 20:00:00-06:00", "val_method": "IMAGERY", "val_date": "2018-04-02 20:00:00-06:00", "owner": "TRI-STATE G & T ASSN, INC", "voltage": 115.0, "volt_class": "100-161", "inferred": "Y", "sub_1": "EMPIRE", "sub_2": "TAP208053", "shape_lengt": 6026.3753244770996, "globalid": "2cf9e16c-d9d7-4aed-ac7d-ee50e1826c65" }, "geometry": { "type": "MultiLineString", "coordinates": [ [ [ -108.610203, 37.486188 ], [ -108.611211, 37.486309 ], [ -108.615678384, 37.484691512 ], [ -108.62270502, 37.482660641 ], [ -108.631461437, 37.480300216000103 ], [ -108.632703, 37.479899000000103 ], [ -108.636653, 37.482002000000101 ], [ -108.662015, 37.482815000000102 ] ] ] } },
{ "type": "Feature", "properties": { "objectid": "70193", "id": "201953", "type": "AC; OVERHEAD", "status": "NOT AVAILABLE", "naics_code": "221121", "naics_desc": "ELECTRIC BULK POWER TRANSMISSION AND CONTROL", "source": "Regional Map", "sourcedate": "2015-07-08 20:00:00-06:00", "val_method": "IMAGERY/OTHER", "val_date": "2015-07-08 20:00:00-06:00", "owner": "TRI-STATE G & T ASSN, INC", "voltage": 230.0, "volt_class": "220-287", "inferred": "N", "sub_1": "MCBRYDE", "sub_2": "UNKNOWN203887", "shape_lengt": 2078.5526658019999, "globalid": "28735d9d-ba4a-4ee8-88a6-f14ba8d0c378" }, "geometry": { "type": "MultiLineString", "coordinates": [ [ [ -108.330964041, 39.949971372 ], [ -108.329503638, 39.949974009000101 ], [ -108.327614084, 39.949389124 ], [ -108.325788704, 39.948847963 ], [ -108.324117231, 39.949297625 ], [ -108.32244456, 39.949707592 ], [ -108.322780283, 39.951502310000102 ], [ -108.323044702, 39.953133003000097 ], [ -108.321683585, 39.954323844000101 ], [ -108.320254936, 39.955583524000097 ], [ -108.319434941, 39.955931964 ] ] ] } },
{ "type": "Feature", "properties": { "objectid": "69993", "id": "201752", "type": "AC; OVERHEAD", "status": "NOT AVAILABLE", "naics_code": "221121", "naics_desc": "ELECTRIC BULK POWER TRANSMISSION AND CONTROL", "source": "Regional Map", "sourcedate": "2014-06-30 20:00:00-06:00", "val_method": "IMAGERY/OTHER", "val_date": "2014-06-30 20:00:00-06:00", "owner": "TRI-STATE G & T ASSN, INC", "voltage": 115.0, "volt_class": "100-161", "inferred": "N", "sub_1": "EMPIRE", "sub_2": "TAP203979", "shape_lengt": 36932.805090200098, "globalid": "b6c3fae9-7df8-4098-8a30-f172df9214d6" }, "geometry": { "type": "MultiLineString", "coordinates": [ [ [ -108.610203, 37.486188 ], [ -108.609516713, 37.486169688000103 ], [ -108.607760409, 37.48646941 ], [ -108.602740517, 37.485190791 ], [ -108.58099634, 37.479650355 ], [ -108.546951, 37.470974 ], [ -108.537098729, 37.467154862 ], [ -108.382259, 37.393555 ], [ -108.375641, 37.391977 ], [ -108.374078, 37.391604 ], [ -108.34657, 37.385045 ], [ -108.334977, 37.382281 ], [ -108.334408, 37.382145 ], [ -108.331535, 37.38146 ], [ -108.330345, 37.381176 ], [ -108.325406, 37.3799980000001 ], [ -108.316866, 37.377962 ], [ -108.311383519, 37.376654732000098 ] ] ] } },
{ "type": "Feature", "properties": { "objectid": "74720", "id": "207016", "type": "AC; OVERHEAD", "status": "NOT AVAILABLE", "naics_code": "221121", "naics_desc": "ELECTRIC BULK POWER TRANSMISSION AND CONTROL", "source": "IMAGERY", "sourcedate": "2016-01-18 18:00:00-07:00", "val_method": "IMAGERY", "val_date": "2016-01-18 18:00:00-07:00", "owner": "TRI-STATE G & T ASSN, INC", "voltage": 115.0, "volt_class": "100-161", "inferred": "Y", "sub_1": "NOT AVAILABLE", "sub_2": "UNKNOWN201518", "shape_lengt": 170.65199113809999, "globalid": "4fdf58c3-a7b8-438a-a624-f2aeea6ec481" }, "geometry": { "type": "MultiLineString", "coordinates": [ [ [ -108.507084437, 38.2380832630001 ], [ -108.507192227, 38.238196049000102 ], [ -108.507446353, 38.238642912 ], [ -108.507403523, 38.238667183000103 ], [ -108.507152252, 38.238794246000097 ], [ -108.506775453, 38.238764659 ] ] ] } },
{ "type": "Feature", "properties": { "objectid": "70069", "id": "201828", "type": "AC; OVERHEAD", "status": "NOT AVAILABLE", "naics_code": "221121", "naics_desc": "ELECTRIC BULK POWER TRANSMISSION AND CONTROL", "source": "IMAGERY", "sourcedate": "2014-07-07 20:00:00-06:00", "val_method": "IMAGERY", "val_date": "2014-07-07 20:00:00-06:00", "owner": "TRI-STATE G & T ASSN, INC", "voltage": 230.0, "volt_class": "220-287", "inferred": "Y", "sub_1": "LAMAR HVDC TIE", "sub_2": "TAP205667", "shape_lengt": 89613.060554662501, "globalid": "59dce17b-bfb1-49d4-a358-f326a21b5696" }, "geometry": { "type": "MultiLineString", "coordinates": [ [ [ -102.528818714, 38.206703459 ], [ -102.530074837, 38.2064389660001 ], [ -102.5300367, 38.205742900000097 ], [ -102.5256145, 38.2057741 ], [ -102.5256045, 38.201618 ], [ -102.5220808, 38.2016691 ], [ -102.521939314, 38.196557996 ], [ -102.521749308, 38.188987258 ], [ -102.521644729, 38.1840627670001 ], [ -102.521582932, 38.178872636 ], [ -102.521544904, 38.177149983 ], [ -102.521273948, 38.169969336000101 ], [ -102.521216905, 38.166454428000101 ], [ -102.5214736, 38.164525922000102 ], [ -102.521466469, 38.161049997000099 ], [ -102.521459339, 38.159351219 ], [ -102.521195515, 38.157484199000102 ], [ -102.521131341, 38.153974296000101 ], [ -102.521052906, 38.145226839 ], [ -102.527976517, 38.145176371 ], [ -102.5294739, 38.144638031 ], [ -102.530842935, 38.1436062020001 ], [ -102.530928499, 38.142439769000099 ], [ -102.530657544, 38.140499412000104 ], [ -102.530507807, 38.135917496 ], [ -102.534622042, 38.132916943000097 ], [ -102.539870011, 38.128912274000101 ], [ -102.543256947, 38.12882253 ], [ -102.548818652, 38.128811312 ], [ -102.548875695, 38.125524399 ], [ -102.549075347, 38.124548392000101 ], [ -102.548961261, 38.1196681650001 ], [ -102.552177067, 38.119157686000101 ], [ -102.553588884, 38.119107198000101 ], [ -102.555970436, 38.118804274000098 ], [ -102.558323465, 38.1184789100001 ], [ -102.55824503, 38.117025975 ], [ -102.558287812, 38.112392093 ], [ -102.558351986, 38.110680961000099 ], [ -102.558294943, 38.105115297 ], [ -102.558323465, 38.101776817 ], [ -102.558387639, 38.096911902000102 ], [ -102.559293198, 38.096670612 ], [ -102.559371632, 38.093146561 ], [ -102.561189882, 38.093107279 ], [ -102.563264826, 38.092804248 ], [ -102.567628626, 38.092821083 ], [ -102.57424563, 38.09280986 ], [ -102.576541616, 38.092821083 ], [ -102.583964354, 38.092793024000102 ], [ -102.586381557, 38.092624673 ], [ -102.588791629, 38.092652732 ], [ -102.588584847, 38.091586498 ], [ -102.588121372, 38.090553919000101 ], [ -102.588142763, 38.085862236 ], [ -102.5877292, 38.083993336 ], [ -102.587486767, 38.082068263 ], [ -102.587451115, 38.080154365 ], [ -102.587501028, 38.078212352 ], [ -102.587486767, 38.070780591000101 ], [ -102.574295542, 38.070920925 ], [ -102.560455452, 38.070803044000101 ], [ -102.558187987, 38.070774978 ], [ -102.558152336, 38.066991449000099 ], [ -102.558180857, 38.059446262000101 ], [ -102.558166596, 38.055617231 ], [ -102.558130944, 38.053719485 ], [ -102.558123813, 38.051816075 ], [ -102.558116683, 38.044252477 ], [ -102.558088162, 38.03858067 ], [ -102.558116683, 38.0366768660001 ], [ -102.558280682, 38.034778628 ], [ -102.558230769, 38.02748849 ], [ -102.558159466, 38.020220095000099 ], [ -102.55805964, 38.012967833000097 ], [ -102.557831467, 38.012568967 ], [ -102.557845728, 38.005473263 ], [ -102.557859989, 37.998399349000103 ], [ -102.557795816, 37.991010059000097 ], [ -102.557724512, 37.983754908 ], [ -102.557653207, 37.976544004000097 ], [ -102.557574774, 37.969315528 ], [ -102.557489209, 37.961529787000103 ], [ -102.557446426, 37.959719554 ], [ -102.557396514, 37.951910306 ], [ -102.557289558, 37.942896873 ], [ -102.557296689, 37.934720288 ], [ -102.557353732, 37.926919631 ], [ -102.557367992, 37.9172224920001 ], [ -102.557310949, 37.909464984000103 ], [ -102.557253906, 37.900322564000099 ], [ -102.557175472, 37.893035946 ], [ -102.557011473, 37.883930879 ], [ -102.556883126, 37.874937254 ], [ -102.556804691, 37.867755073000097 ], [ -102.557032864, 37.864039877 ], [ -102.556982951, 37.858551177 ], [ -102.556954429, 37.851170342 ], [ -102.556925908, 37.843861967000102 ], [ -102.556883126, 37.836581025 ], [ -102.557161211, 37.827592886 ], [ -102.557104168, 37.823903827 ], [ -102.549752734, 37.823937621 ], [ -102.54732127, 37.823926356000101 ], [ -102.547356922, 37.818924714 ], [ -102.547413965, 37.811185018000103 ], [ -102.547497153, 37.796649773000098 ], [ -102.547509037, 37.783548701 ], [ -102.547473385, 37.772699818 ], [ -102.547449617, 37.760045475 ], [ -102.547413965, 37.747238616000097 ], [ -102.547366429, 37.734626908 ], [ -102.547307009, 37.71941858 ], [ -102.547342661, 37.717594875 ], [ -102.548495408, 37.716570196000099 ], [ -102.557313326, 37.716551395000103 ], [ -102.584313743, 37.716447986 ], [ -102.602317982, 37.716353978 ], [ -102.60228233, 37.707770537 ], [ -102.602199142, 37.704319958 ], [ -102.60892743, 37.704527738 ] ] ] } },
{ "type": "Feature", "properties": { "objectid": "78688", "id": "210932", "type": "AC; OVERHEAD", "status": "IN SERVICE", "naics_code": "221121", "naics_desc": "ELECTRIC BULK POWER TRANSMISSION AND CONTROL", "source": "IMAGERY", "sourcedate": "2018-11-19 18:00:00-07:00", "val_method": "IMAGERY/OTHER", "val_date": "2018-11-19 18:00:00-07:00", "owner": "TRI-STATE G & T ASSN, INC", "voltage": 115.0, "volt_class": "100-161", "inferred": "Y", "sub_1": "UNKNOWN209021", "sub_2": "NOT AVAILABLE", "shape_lengt": 95165.299487510594, "globalid": "e96e82b7-2877-418a-bb75-fa4a671fec83" }, "geometry": { "type": "MultiLineString", "coordinates": [ [ [ -107.925672263, 40.034804079 ], [ -107.925822827, 40.035096927 ], [ -107.926070291, 40.0360620370001 ], [ -107.926353922, 40.037150878 ], [ -107.926614711, 40.038218780000101 ], [ -107.926890729, 40.0393095250001 ], [ -107.927169851, 40.040220304000101 ], [ -107.928024554, 40.039512176000102 ], [ -107.929090552, 40.038596559 ], [ -107.930049951, 40.037772314000101 ], [ -107.930881811, 40.037058476 ], [ -107.931862148, 40.036232327 ], [ -107.93352206, 40.034817975000102 ], [ -107.934561409, 40.033919491000098 ], [ -107.935117251, 40.03312951 ], [ -107.93628985, 40.0319778510001 ], [ -107.937892654, 40.030277964 ], [ -107.939326042, 40.028926430000098 ], [ -107.940373005, 40.027711953 ], [ -107.942908558, 40.026320444000099 ], [ -107.945183323, 40.025136424 ], [ -107.947303899, 40.024022837000103 ], [ -107.948682082, 40.023851515 ], [ -107.949820417, 40.0237201690001 ], [ -107.951512689, 40.0235659800001 ], [ -107.952928944, 40.023470802000098 ], [ -107.954870585, 40.023147195 ], [ -107.956224022, 40.023008234 ], [ -107.957973402, 40.022821685000103 ], [ -107.959627603, 40.022075486000098 ], [ -107.962850345, 40.020533595000103 ], [ -107.964664446, 40.019770264000101 ], [ -107.966349105, 40.018951729 ], [ -107.966885911, 40.017371767 ], [ -107.967108628, 40.016046883000101 ], [ -107.967356092, 40.014828599 ], [ -107.967734903, 40.013395212 ], [ -107.967997595, 40.011881875 ], [ -107.96822983, 40.01051892 ], [ -107.968507752, 40.009034136 ], [ -107.968633387, 40.007793009000103 ], [ -107.968907501, 40.006283479 ], [ -107.969116894, 40.005076616 ], [ -107.969238722, 40.004400849 ], [ -107.969322479, 40.003485233 ], [ -107.969455729, 40.002409716 ], [ -107.969903067, 40.0007593220001 ], [ -107.970281878, 39.998891921 ], [ -107.970569317, 39.997308152000102 ], [ -107.970746348, 39.996162204 ], [ -107.970940512, 39.995117144 ], [ -107.971168941, 39.993906475000102 ], [ -107.971332648, 39.992939462 ], [ -107.97156869, 39.991667878 ], [ -107.971766661, 39.990459111000099 ], [ -107.97199509, 39.989217985000103 ], [ -107.972265396, 39.987660865000102 ], [ -107.972491921, 39.986446388 ], [ -107.972722253, 39.985220490000103 ], [ -107.972933549, 39.984162106 ], [ -107.973154363, 39.982943822 ], [ -107.973413248, 39.981615131000098 ], [ -107.97364358, 39.9800523010001 ], [ -107.97383013, 39.9789996270001 ], [ -107.973847262, 39.977743272 ], [ -107.973872008, 39.976290849000101 ], [ -107.973870105, 39.9751734540001 ], [ -107.973854876, 39.973947556 ], [ -107.973961476, 39.971490048000099 ], [ -107.973921501, 39.969639779 ], [ -107.973950055, 39.968297763000102 ], [ -107.973980512, 39.967258415000103 ], [ -107.974007162, 39.965726042 ], [ -107.974037619, 39.964692404000097 ], [ -107.974064269, 39.963375135 ], [ -107.974035715, 39.962111165000103 ], [ -107.974098533, 39.96115367 ], [ -107.974108051, 39.959937289 ], [ -107.974018583, 39.958823702000103 ], [ -107.973955765, 39.957831942 ], [ -107.973873912, 39.956762137 ], [ -107.973795866, 39.955241185 ], [ -107.973578859, 39.952789388 ], [ -107.973453223, 39.951220848 ], [ -107.973251445, 39.949757003000101 ], [ -107.973171495, 39.948552044 ], [ -107.973099159, 39.947269039 ], [ -107.972830756, 39.946246822 ], [ -107.972661339, 39.944944781000103 ], [ -107.972419585, 39.943943504000103 ], [ -107.972116918, 39.942654788 ], [ -107.97178189, 39.941213787 ], [ -107.971694326, 39.940340048 ], [ -107.971233662, 39.938577344000102 ], [ -107.970910055, 39.937079235000098 ], [ -107.970264746, 39.934351421 ], [ -107.969885935, 39.9327010270001 ], [ -107.9695471, 39.931242893 ], [ -107.969217783, 39.92963057 ], [ -107.96879519, 39.928090583 ], [ -107.968566762, 39.926900853000099 ], [ -107.968151784, 39.925463658000098 ], [ -107.967793913, 39.924051210000101 ], [ -107.967430332, 39.922149545 ], [ -107.967104821, 39.920837986 ], [ -107.966781215, 39.919471224000098 ], [ -107.966573726, 39.9182510360001 ], [ -107.966286287, 39.916688206000103 ], [ -107.965960776, 39.915570811000102 ], [ -107.965680952, 39.914327781 ], [ -107.965233613, 39.912146291000099 ], [ -107.964849092, 39.910688157 ], [ -107.964445536, 39.908834081000101 ], [ -107.964158097, 39.907579629000097 ], [ -107.963903019, 39.906506016 ], [ -107.963583219, 39.90513164 ], [ -107.963305298, 39.903886706 ], [ -107.96305593, 39.902761697000102 ], [ -107.962741842, 39.901406356 ], [ -107.962390538, 39.89977587 ], [ -107.962088346, 39.898652764000097 ], [ -107.961845641, 39.897577248000097 ], [ -107.961593419, 39.896494593000099 ], [ -107.961341196, 39.895152577 ], [ -107.961017589, 39.893484575000102 ], [ -107.960534558, 39.891604801 ], [ -107.960282336, 39.890329409000103 ], [ -107.959925416, 39.888949322 ], [ -107.959585153, 39.887419329000103 ], [ -107.959442386, 39.886579379000104 ], [ -107.95889511, 39.884454520000098 ], [ -107.958642887, 39.883293343 ], [ -107.958309762, 39.8816324800001 ], [ -107.957831491, 39.879826469000101 ], [ -107.957440974, 39.877954309000103 ], [ -107.957072157, 39.876357690000098 ], [ -107.956758068, 39.874861009 ], [ -107.95648681, 39.873587998000097 ], [ -107.956282176, 39.872702838000102 ], [ -107.956305971, 39.871577353000099 ], [ -107.956339283, 39.870204404000098 ], [ -107.956410667, 39.869112232000099 ], [ -107.956479671, 39.867658381000098 ], [ -107.956489189, 39.8669017120001 ], [ -107.956570091, 39.8644365910001 ], [ -107.956641475, 39.863146923000102 ], [ -107.95666289, 39.861840599000097 ], [ -107.956719997, 39.860543793 ], [ -107.95674855, 39.859611044000097 ], [ -107.956800899, 39.858273787 ], [ -107.956855626, 39.8570317080001 ], [ -107.956903215, 39.855665897 ], [ -107.956967461, 39.854159699 ], [ -107.957005532, 39.852929517000099 ], [ -107.957029327, 39.851625573 ], [ -107.957110228, 39.850171722 ], [ -107.957176853, 39.848808291000097 ], [ -107.957226822, 39.847430583000097 ], [ -107.957276791, 39.846057634 ], [ -107.957310103, 39.844698962000102 ], [ -107.957421938, 39.842083934000101 ], [ -107.957467148, 39.841103596 ], [ -107.957503125, 39.839887592 ], [ -107.957548811, 39.838657887000103 ], [ -107.957609725, 39.837281607000101 ], [ -107.957640182, 39.836034769 ], [ -107.957691578, 39.834957349 ], [ -107.957741071, 39.833590587 ], [ -107.957792468, 39.832075346000103 ], [ -107.95784196, 39.830700969000098 ], [ -107.957914296, 39.82933611 ], [ -107.957990439, 39.827948409 ], [ -107.957996149, 39.826863375000102 ], [ -107.958043739, 39.825759305000098 ], [ -107.958085617, 39.824586706 ], [ -107.958137014, 39.823336062000102 ], [ -107.958180796, 39.822112067 ], [ -107.958234096, 39.820954697 ], [ -107.958272167, 39.819911541000103 ], [ -107.958317853, 39.818868386000098 ], [ -107.958367345, 39.817817616000099 ], [ -107.958371152, 39.816875349 ], [ -107.958458717, 39.8154743220001 ], [ -107.958485367, 39.814101849000103 ], [ -107.958546281, 39.812864530000098 ], [ -107.958588159, 39.811625306000103 ], [ -107.958641459, 39.810397504 ], [ -107.958690952, 39.809019321 ], [ -107.958740445, 39.807930479 ], [ -107.95881278, 39.806662702 ], [ -107.958862273, 39.805048476 ], [ -107.958902248, 39.803537042000102 ], [ -107.958957452, 39.802166473000099 ], [ -107.959024077, 39.800792096000102 ], [ -107.959060244, 39.7998003370001 ], [ -107.959113544, 39.7985192350001 ], [ -107.959172555, 39.797171508000098 ], [ -107.958989812, 39.79621782 ], [ -107.958776613, 39.795024283 ], [ -107.958504402, 39.793646099 ], [ -107.95826836, 39.792412586000097 ], [ -107.958032317, 39.791108642 ], [ -107.957881935, 39.790295818000097 ], [ -107.957621146, 39.7889576090001 ], [ -107.957369875, 39.787590847 ], [ -107.957173808, 39.786509620000103 ], [ -107.956903501, 39.785133339 ], [ -107.956642712, 39.783659977000099 ], [ -107.956345755, 39.782017197000101 ], [ -107.955940295, 39.780007028 ], [ -107.955597653, 39.778093942 ], [ -107.955274046, 39.776312201 ], [ -107.955038003, 39.775208132 ], [ -107.954868586, 39.774144037 ], [ -107.954682036, 39.773180831 ], [ -107.954407922, 39.771815972000098 ], [ -107.954173783, 39.77044921 ], [ -107.953922512, 39.769093869000102 ], [ -107.953684566, 39.767867970000097 ], [ -107.953423777, 39.766516436000103 ], [ -107.953197252, 39.765353356 ], [ -107.952892681, 39.763813369 ], [ -107.952557653, 39.761900282 ], [ -107.952254986, 39.760099506000103 ], [ -107.95191044, 39.758392005000097 ], [ -107.95164394, 39.757017628 ], [ -107.95139838, 39.755667998 ], [ -107.951230866, 39.754710503000098 ], [ -107.950918681, 39.75323143 ], [ -107.950684542, 39.752003628000097 ], [ -107.950416138, 39.750522651 ], [ -107.950136314, 39.749018832 ], [ -107.949904078, 39.747792934000103 ], [ -107.94964329, 39.7464452070001 ], [ -107.949390115, 39.7450898660001 ], [ -107.949159783, 39.743860160000096 ], [ -107.948906608, 39.742506723000098 ], [ -107.948664855, 39.741218007 ], [ -107.948461173, 39.7401253580001 ], [ -107.948242263, 39.738971796 ], [ -107.94803287, 39.737841076 ], [ -107.94778731, 39.736535228 ], [ -107.94762741, 39.735579636000097 ], [ -107.947309514, 39.733955892 ], [ -107.94700875, 39.732257909 ], [ -107.946725119, 39.730537082000097 ], [ -107.946462426, 39.729320702 ], [ -107.946241612, 39.728049118000101 ], [ -107.94581902, 39.725799100000103 ], [ -107.945543002, 39.724300991000099 ], [ -107.945352645, 39.723221667000097 ], [ -107.944977642, 39.721457059 ], [ -107.944726371, 39.719947529000102 ], [ -107.944339947, 39.718064900000101 ], [ -107.943945908, 39.716041406 ], [ -107.943715576, 39.714472865000097 ], [ -107.942624831, 39.712805339 ], [ -107.941572158, 39.711019791000098 ], [ -107.940409077, 39.709154294 ], [ -107.939377343, 39.707416336000101 ], [ -107.938326573, 39.70570122 ], [ -107.937587988, 39.70445819 ], [ -107.936600036, 39.702870613000101 ], [ -107.935227563, 39.700622499000097 ], [ -107.934450907, 39.699377565000098 ], [ -107.933796079, 39.698254459 ], [ -107.932387438, 39.696038705 ], [ -107.931567, 39.694698592000101 ], [ -107.930582855, 39.693375612000096 ], [ -107.929495917, 39.691953646000101 ], [ -107.928416594, 39.690535488000101 ], [ -107.927537145, 39.689355275 ], [ -107.926549193, 39.688028487000103 ], [ -107.925896269, 39.687040535000101 ], [ -107.924868342, 39.685786083 ], [ -107.923543458, 39.684691531000098 ], [ -107.922363245, 39.683581751000098 ], [ -107.921348643, 39.682688977 ], [ -107.919820077, 39.68134125 ], [ -107.918479965, 39.680142002 ], [ -107.917351148, 39.679154050000101 ], [ -107.915873979, 39.6778215510001 ], [ -107.914472952, 39.676584232 ], [ -107.913195658, 39.675244119000098 ], [ -107.912588419, 39.67471112 ], [ -107.910882822, 39.673357683000098 ], [ -107.909276209, 39.671926199 ], [ -107.90734028, 39.670104484 ], [ -107.905695597, 39.668836707 ], [ -107.90438023, 39.667694565 ], [ -107.903188596, 39.666674253000103 ], [ -107.901555334, 39.665233251000103 ], [ -107.899922072, 39.663822706000097 ], [ -107.898389699, 39.662524473000097 ], [ -107.89672027, 39.661070146 ], [ -107.8952431, 39.659804273000098 ], [ -107.89400007, 39.658721142 ], [ -107.892583815, 39.6574971470001 ], [ -107.891133295, 39.656191299 ], [ -107.889621862, 39.654925426 ], [ -107.888218931, 39.653735695000101 ], [ -107.886882626, 39.652572615000103 ], [ -107.885498731, 39.651339102000101 ], [ -107.88430329, 39.650320693 ], [ -107.883001249, 39.649587819 ], [ -107.881425094, 39.648696949 ], [ -107.879858457, 39.647806079000098 ], [ -107.878329891, 39.646930437 ], [ -107.876980261, 39.646172817 ], [ -107.875569717, 39.645398064000098 ], [ -107.873963105, 39.644482447 ], [ -107.872388853, 39.643583963 ], [ -107.870542391, 39.642535097000099 ], [ -107.869249868, 39.641798415 ], [ -107.867521428, 39.640827595000097 ], [ -107.865867226, 39.639892943 ], [ -107.864112136, 39.63887263 ], [ -107.862535981, 39.637983664 ], [ -107.861060715, 39.6371727430001 ], [ -107.859242807, 39.636123877 ], [ -107.857523884, 39.635153057 ], [ -107.855858262, 39.634216501 ], [ -107.853829057, 39.633053420000103 ], [ -107.852188181, 39.632101636000101 ], [ -107.85050733, 39.6311384300001 ], [ -107.848961632, 39.630285631 ], [ -107.847019992, 39.6291263580001 ], [ -107.845788383, 39.628431555000098 ], [ -107.844063749, 39.627514035000097 ], [ -107.842360055, 39.626588901 ], [ -107.840157626, 39.625347774 ], [ -107.839085917, 39.624708175000102 ], [ -107.837591615, 39.623857279 ], [ -107.835985003, 39.622916916000101 ], [ -107.833957703, 39.621765257 ], [ -107.832096012, 39.620714487 ], [ -107.830213383, 39.6196675240001 ], [ -107.828545856, 39.618721451 ], [ -107.828589639, 39.617432735000101 ], [ -107.828671492, 39.616043129 ], [ -107.82874002, 39.613324833 ], [ -107.828812356, 39.6119295170001 ], [ -107.828844717, 39.610427602000101 ], [ -107.828966545, 39.607102067 ], [ -107.828995099, 39.60540218 ], [ -107.829052206, 39.603751786 ], [ -107.829094084, 39.602209895000101 ], [ -107.828974159, 39.600746051 ], [ -107.828968449, 39.598008719000099 ], [ -107.828612481, 39.595636872 ], [ -107.82853158, 39.594121155 ], [ -107.828396426, 39.591673166000099 ], [ -107.828287923, 39.590371125 ], [ -107.828179419, 39.5888330410001 ], [ -107.828089952, 39.587447243 ], [ -107.827911016, 39.585229585 ], [ -107.827855813, 39.583895184 ], [ -107.827680684, 39.581675622 ], [ -107.827589313, 39.580636274 ], [ -107.827450353, 39.579454158 ], [ -107.827366596, 39.577782824000103 ], [ -107.827284742, 39.575835473 ], [ -107.827189564, 39.574596250000099 ], [ -107.827046796, 39.572860195 ], [ -107.826926871, 39.571120333000103 ], [ -107.826806946, 39.568927422000101 ], [ -107.826719382, 39.567751017 ], [ -107.826597554, 39.5661177550001 ], [ -107.826513797, 39.564914699 ], [ -107.826405293, 39.563639308000099 ], [ -107.826411004, 39.562259221 ], [ -107.826386258, 39.561153247 ], [ -107.826378643, 39.559276328000102 ], [ -107.826405293, 39.5575973810001 ], [ -107.826365318, 39.555977444000099 ], [ -107.826355801, 39.554342278 ], [ -107.826344379, 39.552847976000102 ], [ -107.826317729, 39.551783881000098 ], [ -107.826304404, 39.549402517 ], [ -107.826256815, 39.547369505000098 ], [ -107.826233972, 39.545570633000096 ], [ -107.826262526, 39.544209581000104 ], [ -107.826260622, 39.542829494 ], [ -107.826233972, 39.541034428 ], [ -107.826253008, 39.539349770000101 ], [ -107.826260622, 39.538007754 ], [ -107.82621684, 39.536229821000099 ], [ -107.826203515, 39.533656196 ], [ -107.826146408, 39.531672677000103 ], [ -107.826150215, 39.531139678 ], [ -107.825702876, 39.530340179000099 ], [ -107.825097542, 39.529243723 ], [ -107.825992219, 39.5288668170001 ], [ -107.827117228, 39.528387117000101 ], [ -107.827088675, 39.527614268 ], [ -107.827062025, 39.52646832 ], [ -107.827050603, 39.525404225000102 ], [ -107.827050603, 39.524473380000103 ], [ -107.827041085, 39.52328936 ], [ -107.827033471, 39.5220901120001 ], [ -107.827046796, 39.520841371000103 ], [ -107.827071542, 39.519670676 ], [ -107.827004917, 39.515964427 ], [ -107.826991592, 39.515197289000099 ], [ -107.825579144, 39.515227746 ], [ -107.823930654, 39.515252493000098 ], [ -107.821619721, 39.515296275 ], [ -107.820355752, 39.515311503000099 ], [ -107.818427436, 39.515366707000098 ], [ -107.816828439, 39.515389549000098 ], [ -107.815600637, 39.515412392 ], [ -107.814180574, 39.515437139 ], [ -107.812621552, 39.515463789000101 ], [ -107.811477507, 39.5153019850001 ], [ -107.810021277, 39.5151877710001 ], [ -107.807607551, 39.5143121300001 ], [ -107.806335967, 39.513862887000101 ], [ -107.804931134, 39.5132994310001 ], [ -107.803473, 39.51275501 ], [ -107.801748367, 39.512168711000101 ], [ -107.800109394, 39.511536726 ], [ -107.79581875, 39.511274034 ], [ -107.794653766, 39.511209312000098 ], [ -107.793058575, 39.511087484 ], [ -107.792203873, 39.511550051 ], [ -107.790226065, 39.512593207000101 ], [ -107.788887856, 39.513278492 ], [ -107.78755155, 39.513982812000101 ], [ -107.786213342, 39.514768986 ], [ -107.784355458, 39.515711253 ], [ -107.78296395, 39.516046281000101 ], [ -107.780824338, 39.516592605 ], [ -107.77919298, 39.516874333 ], [ -107.777217075, 39.517338804000097 ], [ -107.775258303, 39.517548197000103 ], [ -107.773392806, 39.517774721000102 ], [ -107.771209412, 39.518079292 ], [ -107.769814096, 39.518227771000099 ], [ -107.768335023, 39.518395285000103 ], [ -107.766945418, 39.518587545000102 ], [ -107.765622438, 39.518694145 ], [ -107.764390829, 39.518795034 ], [ -107.762708074, 39.519032980000098 ], [ -107.760326709, 39.519324226 ], [ -107.7590951, 39.519457476000099 ], [ -107.75760651, 39.519655447 ], [ -107.756195965, 39.519805829000099 ], [ -107.75510522, 39.519933368000103 ], [ -107.753810793, 39.520062811000102 ], [ -107.752413574, 39.520211289 ], [ -107.751170543, 39.520374996 ], [ -107.749967488, 39.520527282 ], [ -107.748989054, 39.52062246 ], [ -107.748145773, 39.520717639 ], [ -107.746678121, 39.520927031 ], [ -107.745248541, 39.521088834000103 ], [ -107.744205385, 39.521208759 ], [ -107.743984571, 39.521039342 ], [ -107.743078472, 39.521029824 ], [ -107.743078472, 39.521302034 ], [ -107.7437333, 39.521309648 ], [ -107.74379859, 39.521831666 ] ] ] } },
{ "type": "Feature", "properties": { "objectid": "70072", "id": "201831", "type": "AC; OVERHEAD", "status": "NOT AVAILABLE", "naics_code": "221121", "naics_desc": "ELECTRIC BULK POWER TRANSMISSION AND CONTROL", "source": "Regional Map", "sourcedate": "2014-07-07 20:00:00-06:00", "val_method": "IMAGERY/OTHER", "val_date": "2014-07-07 20:00:00-06:00", "owner": "TRI-STATE G & T ASSN, INC", "voltage": 115.0, "volt_class": "100-161", "inferred": "N", "sub_1": "WILLOW CREEK", "sub_2": "LAMAR", "shape_lengt": 33087.670055722097, "globalid": "95ba02de-70ac-478f-a42e-fdb529fb15c9" }, "geometry": { "type": "MultiLineString", "coordinates": [ [ [ -102.595467, 38.078715 ], [ -102.595442062, 38.078130818 ], [ -102.592518602, 38.078085916000099 ], [ -102.5906647, 38.078082173 ], [ -102.584927111, 38.075545127000098 ], [ -102.583339411, 38.074841624 ], [ -102.578733178, 38.073790098000103 ], [ -102.56869834, 38.071454983000102 ], [ -102.567253247, 38.0711518620001 ], [ -102.557921941, 38.071099471 ], [ -102.549246631, 38.071084501 ], [ -102.548191332, 38.070901131 ], [ -102.538080437, 38.070919842000102 ], [ -102.528387858, 38.070897389 ], [ -102.519831388, 38.070863708 ], [ -102.51254627, 38.070811208000102 ], [ -102.512618071, 38.092421655000102 ], [ -102.50130927, 38.092444102000101 ], [ -102.499327022, 38.092444102000101 ], [ -102.4992985, 38.100019552 ], [ -102.494963222, 38.104530781 ], [ -102.494939454, 38.113644033000099 ], [ -102.495093945, 38.1194876610001 ], [ -102.504006935, 38.1233956190001 ], [ -102.504351571, 38.137548526 ], [ -102.50470809, 38.157651406000099 ], [ -102.504933886, 38.175590719000098 ], [ -102.505076494, 38.192666338 ], [ -102.505112146, 38.201174629 ], [ -102.525053475, 38.20202447 ], [ -102.525089127, 38.204718679 ], [ -102.525054069, 38.206411731000102 ], [ -102.525020463, 38.20685201 ] ] ] } },
{ "type": "Feature", "properties": { "objectid": "78844", "id": "211082", "type": "AC; OVERHEAD", "status": "IN SERVICE", "naics_code": "221121", "naics_desc": "ELECTRIC BULK POWER TRANSMISSION AND CONTROL", "source": "IMAGERY", "sourcedate": "2018-12-09 18:00:00-07:00", "val_method": "IMAGERY/OTHER", "val_date": "2018-12-09 18:00:00-07:00", "owner": "TRI-STATE G & T ASSN, INC", "voltage": 34.5, "volt_class": "UNDER 100", "inferred": "Y", "sub_1": "TAP209066", "sub_2": "TAP209068", "shape_lengt": 3920.8459471650999, "globalid": "d088f50c-5f0f-48d6-a058-fdc10bcd4b36" }, "geometry": { "type": "MultiLineString", "coordinates": [ [ [ -108.685162, 38.226611 ], [ -108.686415105, 38.227181744000099 ], [ -108.687992688, 38.2278817810001 ], [ -108.689551, 38.228592 ], [ -108.691111, 38.229302 ], [ -108.692753, 38.230056 ], [ -108.695812, 38.231426 ], [ -108.697207, 38.232058 ], [ -108.698779, 38.232759 ], [ -108.701486, 38.234 ], [ -108.702946, 38.234666 ], [ -108.70457, 38.235386 ], [ -108.706075, 38.236067 ], [ -108.707616, 38.236769 ], [ -108.709204, 38.237488 ], [ -108.712735, 38.239086 ], [ -108.71432, 38.239802 ], [ -108.715649, 38.240463 ] ] ] } }
]
}
