{
"type": "FeatureCollection",
"name": "western_345kV",
"crs": { "type": "name", "properties": { "name": "urn:ogc:def:crs:OGC:1.3:CRS84" } },
"features": [
{ "type": "Feature", "properties": { "objectid": "74543", "id": "206823", "type": "AC; OVERHEAD", "status": "NOT AVAILABLE", "naics_code": "221121", "naics_desc": "ELECTRIC BULK POWER TRANSMISSION AND CONTROL", "source": "IMAGERY", "sourcedate": "2016-01-18T18:00:00-07:00", "val_method": "IMAGERY", "val_date": "2016-01-18T18:00:00-07:00", "owner": "BONNEVILLE POWER ADMINISTRATION", "voltage": 345.0, "volt_class": "345", "inferred": "Y", "sub_1": "NOT AVAILABLE", "sub_2": "HAY CANYON", "shape_lengt": 219.17246758850001, "globalid": "c6b5c157-78e2-4cf7-84be-f60761b10498", "NERC": "WECC", "NERC_Label": "Western Electricity Coordinating Council (WECC)" }, "geometry": { "type": "MultiLineString", "coordinates": [ [ [ -120.578370155, 45.519363566 ], [ -120.578053762, 45.518001961 ] ] ] } },
{ "type": "Feature", "properties": { "objectid": "87899", "id": "307635", "type": "AC; OVERHEAD", "status": "IN SERVICE", "naics_code": "221121", "naics_desc": "ELECTRIC BULK POWER TRANSMISSION AND CONTROL", "source": "Western Electricity Coordinating Council https://www.wecc.biz/Reliability/YEAR%202014%20OC%20MAP-1.pdf", "sourcedate": "2016-12-31T18:00:00-07:00", "val_method": "IMAGERY/OTHER", "val_date": "2016-12-31T18:00:00-07:00", "owner": "SIERRA PACIFIC POWER COMPANY", "voltage": 345.0, "volt_class": "345", "inferred": "N", "sub_1": "VALMY", "sub_2": "TRACY", "shape_lengt": 339429.07645698602, "globalid": "62acb05f-cfe0-44a5-9967-f6b39b3213f5", "NERC": "WECC", "NERC_Label": "Western Electricity Coordinating Council (WECC)" }, "geometry": { "type": "MultiLineString", "coordinates": [ [ [ -117.152361064, 40.878557068000099 ], [ -117.153943851, 40.878729296000103 ], [ -117.158997825, 40.876918288000098 ], [ -117.1664668, 40.8725155220001 ], [ -117.169969163, 40.870537646000102 ], [ -117.184260681, 40.862381091 ], [ -117.202353032, 40.851647699000097 ], [ -117.205279769, 40.849916642 ], [ -117.21339968, 40.848560348 ], [ -117.228765049, 40.846008376 ], [ -117.228737293, 40.8454737180001 ], [ -117.22774783, 40.826413516000102 ], [ -117.227486804, 40.8172254 ], [ -117.227301681, 40.810709072000101 ], [ -117.227102824, 40.808224342000102 ], [ -117.225995953, 40.794393942000099 ], [ -117.23922409, 40.786258208 ], [ -117.26076416, 40.773194967000101 ], [ -117.287301099, 40.75675884 ], [ -117.326883433, 40.732595413000098 ], [ -117.351772952, 40.718784189000097 ], [ -117.378791732, 40.7043468090001 ], [ -117.406274506, 40.689498972000102 ], [ -117.432811446, 40.675115131 ], [ -117.446909751, 40.667423523 ], [ -117.452334922, 40.6650678560001 ], [ -117.472268858, 40.659464226000097 ], [ -117.49808244, 40.65220687 ], [ -117.519608295, 40.646249704000098 ], [ -117.52823953, 40.643722119000103 ], [ -117.570197438, 40.631215255 ], [ -117.592103173, 40.624793318000101 ], [ -117.620618074, 40.618090536000103 ], [ -117.654131976, 40.610114603000099 ], [ -117.672499094, 40.6058457930001 ], [ -117.682721769, 40.600116601 ], [ -117.711461345, 40.587591014000097 ], [ -117.739789019, 40.575702004 ], [ -117.760028419, 40.567220551 ], [ -117.801327454, 40.514320043000097 ], [ -117.808694265, 40.504740333 ], [ -117.818859322, 40.497516289 ], [ -117.828696014, 40.491677092 ], [ -117.836491128, 40.484852798000098 ], [ -117.852366892, 40.477842906 ], [ -117.872697071, 40.466374741 ], [ -117.967602043, 40.421787316000099 ], [ -118.123747938, 40.350577032 ], [ -118.145101385, 40.340700699 ], [ -118.154949618, 40.335864327 ], [ -118.169486816, 40.328880014000099 ], [ -118.206865175, 40.340433963000102 ], [ -118.216804658, 40.338629973 ], [ -118.222139411, 40.3376191790001 ], [ -118.231636672, 40.335955578 ], [ -118.2348656, 40.335871345 ], [ -118.249683575, 40.335450182 ], [ -118.260458369, 40.3351062300001 ], [ -118.271127873, 40.334523619 ], [ -118.273612939, 40.3336492440001 ], [ -118.278329788, 40.331989611 ], [ -118.290158802, 40.327910502000101 ], [ -118.311616781, 40.320672181000099 ], [ -118.332064085, 40.313691199000097 ], [ -118.342368579, 40.310104282 ], [ -118.351332364, 40.307057857000103 ], [ -118.361103383, 40.303653444000098 ], [ -118.366964591, 40.301709068 ], [ -118.375647601, 40.298746877 ], [ -118.386534705, 40.295005531000101 ], [ -118.401857006, 40.289709089 ], [ -118.411222565, 40.286596754000101 ], [ -118.437520368, 40.277630945 ], [ -118.460134766, 40.269850107 ], [ -118.480807524, 40.262740278000102 ], [ -118.502137011, 40.255402019 ], [ -118.519725987, 40.249220180000101 ], [ -118.531904068, 40.238412668000102 ], [ -118.544981586, 40.226505845000098 ], [ -118.55653149, 40.216126636000098 ], [ -118.574049082, 40.200365087000101 ], [ -118.588954025, 40.186902096 ], [ -118.603644818, 40.173553320000103 ], [ -118.614423776, 40.163816566 ], [ -118.6227043, 40.156335541 ], [ -118.633397598, 40.149853889 ], [ -118.650615378, 40.138389645000103 ], [ -118.667990202, 40.125354958000102 ], [ -118.682666717, 40.115432606000098 ], [ -118.700641166, 40.104225344 ], [ -118.715574663, 40.096316015000099 ], [ -118.72421984, 40.092612265000099 ], [ -118.73143615, 40.090077069000102 ], [ -118.758949039, 40.080753015 ], [ -118.762564034, 40.079426348 ], [ -118.811377597, 40.055374001000096 ], [ -118.828328784, 40.046559015000099 ], [ -118.863113385, 40.028470264000099 ], [ -118.866924924, 40.026539927 ], [ -118.908376726, 40.005046871 ], [ -118.961022886, 39.977705636 ], [ -119.001419, 39.957111 ], [ -119.077164, 39.918167 ], [ -119.111275, 39.896388999000102 ], [ -119.174026, 39.856167 ], [ -119.197693001, 39.840499999 ], [ -119.216026001, 39.823029 ], [ -119.220055, 39.817584999000097 ], [ -119.230858, 39.799834999 ], [ -119.242027, 39.780834 ], [ -119.243835001, 39.777778999000098 ], [ -119.249275001, 39.768250000000101 ], [ -119.261971001, 39.743221 ], [ -119.284058, 39.728863000000104 ], [ -119.290611, 39.724277 ], [ -119.297638001, 39.72089 ], [ -119.301582, 39.719333999000099 ], [ -119.31736, 39.713196 ], [ -119.337082, 39.705527999 ], [ -119.345139, 39.702056999 ], [ -119.345886001, 39.700306 ], [ -119.359192, 39.682194 ], [ -119.363083, 39.676971 ], [ -119.368362, 39.6727220000001 ], [ -119.376472, 39.664501 ], [ -119.390053, 39.651137999000099 ], [ -119.419945, 39.620724 ], [ -119.422554, 39.618278999 ], [ -119.431358, 39.614113 ], [ -119.439941001, 39.610306 ], [ -119.447441, 39.607166 ], [ -119.461441, 39.602500999 ], [ -119.463692, 39.601723 ], [ -119.469887, 39.599861 ], [ -119.484001, 39.59547 ], [ -119.486610001, 39.594111999000098 ], [ -119.49897, 39.588196 ], [ -119.501915, 39.585724 ], [ -119.506279, 39.581249 ], [ -119.516891, 39.564888000000103 ], [ -119.51869616, 39.563119999 ] ] ] } },
{ "type": "Feature", "properties": { "objectid": "68472", "id": "200173", "type": "AC; OVERHEAD", "status": "NOT AVAILABLE", "naics_code": "221121", "naics_desc": "ELECTRIC BULK POWER TRANSMISSION AND CONTROL", "source": "http://www.oasis.oati.com/PPW/PPWdocs/Transmission_Network_Diagram.pdf", "sourcedate": "2015-08-28T20:00:00-06:00", "val_method": "IMAGERY/OTHER", "val_date": "2015-08-28T20:00:00-06:00", "owner": "INTERMOUNTAIN POWER AGENCY", "voltage": 345.0, "volt_class": "345", "inferred": "N", "sub_1": "INTERMOUNTAIN", "sub_2": "MONA", "shape_lengt": 105356.805713133, "globalid": "32663002-558d-4119-a4db-f76a4e616245", "NERC": "WECC", "NERC_Label": "Western Electricity Coordinating Council (WECC)" }, "geometry": { "type": "MultiLineString", "coordinates": [ [ [ -112.580690036, 39.501311126000097 ], [ -112.579542632, 39.500340652 ], [ -112.57806394, 39.499722613000102 ], [ -112.564878946, 39.499675072000102 ], [ -112.537153491, 39.49406493 ], [ -112.425327486, 39.487027842 ], [ -112.349359737, 39.488216589 ], [ -112.326748089, 39.4884543370001 ], [ -112.288055675, 39.490831762 ], [ -112.249240037, 39.490974405 ], [ -112.23269094, 39.497125414 ], [ -112.227653879, 39.498570932000099 ], [ -112.223032973, 39.500637222000101 ], [ -112.208796124, 39.505937259000099 ], [ -112.185151079, 39.513816650000102 ], [ -112.156552231, 39.523354229000098 ], [ -112.133129205, 39.531167431 ], [ -112.114424088, 39.543292207 ], [ -112.100381374, 39.552290782 ], [ -112.080371894, 39.575921194 ], [ -112.070186763, 39.587621097000103 ], [ -112.064122864, 39.594069102 ], [ -112.040491696, 39.619342059000097 ], [ -112.014668088, 39.646689316 ], [ -112.007688359, 39.654136071 ], [ -111.973927565, 39.6694971410001 ], [ -111.945189955, 39.682580200000103 ], [ -111.922002826, 39.6891795290001 ], [ -111.90945874, 39.698255246 ], [ -111.909514245, 39.713489089000099 ], [ -111.90956975, 39.725795407000099 ], [ -111.909777894, 39.756834284 ], [ -111.909805645, 39.785118802000099 ], [ -111.908362521, 39.811430453000099 ], [ -111.908196006, 39.821982136 ], [ -111.905656662, 39.822078052000101 ], [ -111.905573404, 39.823399562000098 ], [ -111.904342977, 39.824040492000101 ] ] ] } },
{ "type": "Feature", "properties": { "objectid": "74394", "id": "206673", "type": "AC", "status": "NOT AVAILABLE", "naics_code": "221121", "naics_desc": "ELECTRIC BULK POWER TRANSMISSION AND CONTROL", "source": "IMAGERY", "sourcedate": "2016-01-06T18:00:00-07:00", "val_method": "IMAGERY", "val_date": "2016-01-06T18:00:00-07:00", "owner": "PACIFICORP", "voltage": 345.0, "volt_class": "345", "inferred": "Y", "sub_1": "NOT AVAILABLE", "sub_2": "EMERY", "shape_lengt": 579.76229964929996, "globalid": "73620654-ccca-40a1-9256-f9faa9f7ffc6", "NERC": "WECC", "NERC_Label": "Western Electricity Coordinating Council (WECC)" }, "geometry": { "type": "MultiLineString", "coordinates": [ [ [ -111.028898264, 39.173376085 ], [ -111.028302209, 39.175160681000101 ], [ -111.028287932, 39.175381971 ], [ -111.028273655, 39.17653125 ], [ -111.028556031, 39.177324660000103 ] ] ] } },
{ "type": "Feature", "properties": { "objectid": "91277", "id": "311022", "type": "AC; OVERHEAD", "status": "NOT AVAILABLE", "naics_code": "221121", "naics_desc": "ELECTRIC BULK POWER TRANSMISSION AND CONTROL", "source": "EPE maps", "sourcedate": "2016-11-21T18:00:00-07:00", "val_method": "IMAGERY/OTHER", "val_date": "2016-11-21T18:00:00-07:00", "owner": "EL PASO ELECTRIC CO.", "voltage": 345.0, "volt_class": "345", "inferred": "N", "sub_1": "NOT AVAILABLE", "sub_2": "PICANTE", "shape_lengt": 25084.5193243426, "globalid": "97eed0f9-afb4-47a3-a198-ff771713b913", "NERC": "WECC", "NERC_Label": "Western Electricity Coordinating Council (WECC)" }, "geometry": { "type": "MultiLineString", "coordinates": [ [ [ -106.434814453, 31.984375 ], [ -106.333849162, 31.983457616000099 ], [ -106.333121, 31.983450999000102 ], [ -106.3147, 31.912809 ], [ -106.314478942, 31.8802309820001 ] ] ] } },
{ "type": "Feature", "properties": { "objectid": "89545", "id": "309284", "type": "AC; OVERHEAD", "status": "IN SERVICE", "naics_code": "221121", "naics_desc": "ELECTRIC BULK POWER TRANSMISSION AND CONTROL", "source": "Western Electricity Coordinating Council https://www.wecc.biz/Reliability/YEAR%202014%20OC%20MAP-1.pdf", "sourcedate": "2016-12-31T18:00:00-07:00", "val_method": "IMAGERY/OTHER", "val_date": "2016-12-31T18:00:00-07:00", "owner": "NOT AVAILABLE", "voltage": 345.0, "volt_class": "345", "inferred": "N", "sub_1": "VAIL", "sub_2": "NOT AVAILABLE", "shape_lengt": 45119.669989985399, "globalid": "b8d36fb9-62b2-4964-b432-c070d5fa7c82", "NERC": "WECC", "NERC_Label": "Western Electricity Coordinating Council (WECC)" }, "geometry": { "type": "MultiLineString", "coordinates": [ [ [ -110.813142937, 32.069978542000101 ], [ -110.811842, 32.069148 ], [ -110.816379, 32.064768999 ], [ -110.816386, 32.057078 ], [ -110.81643, 32.042830999 ], [ -110.816424734, 32.04074832 ], [ -110.816424, 32.040458 ], [ -110.816411519, 32.02901567 ], [ -110.816411, 32.02854 ], [ -110.822878001, 32.028572 ], [ -110.832543, 32.028623 ], [ -110.851923, 32.028705000000102 ], [ -110.858544916, 32.028731468 ], [ -110.861430001, 32.028743 ], [ -110.879763001, 32.028831999 ], [ -110.885919, 32.028845000000103 ], [ -110.898173001, 32.028902000000102 ], [ -110.907749001, 32.028953000000101 ], [ -110.910706, 32.028959 ], [ -110.913715001, 32.028964999 ], [ -110.916907, 32.029048 ], [ -110.92468, 32.028394 ], [ -110.924585, 32.020422999000097 ], [ -110.924496, 32.016102000000103 ], [ -110.924573, 32.013379 ], [ -110.924636001, 32.007871000000101 ], [ -110.924731001, 32.0026480000001 ], [ -110.924763, 32.000337999000102 ], [ -110.924716001, 31.998502999 ], [ -110.925242652, 31.998501245 ], [ -110.925307039, 31.998501030000099 ], [ -110.934318, 31.998471000000102 ], [ -110.937188, 31.9984869990001 ], [ -110.943607, 31.9984869990001 ], [ -110.946552, 31.998476 ], [ -110.95222, 31.998471000000102 ], [ -110.955382, 31.998471000000102 ], [ -110.961203001, 31.9984659990001 ], [ -110.961187, 31.994749 ], [ -110.96125, 31.992058 ], [ -110.961275, 31.989791 ], [ -110.96125, 31.987402 ], [ -110.961192, 31.982559 ], [ -110.961208, 31.978048999000102 ], [ -110.961187, 31.975601 ], [ -110.961192, 31.972993999 ], [ -110.961203001, 31.970594000000101 ], [ -110.961192, 31.968421 ], [ -110.961229, 31.965909 ], [ -110.961224, 31.963425 ], [ -110.961256, 31.961135000000102 ], [ -110.970376, 31.961241 ], [ -110.970376, 31.958555 ], [ -110.970355, 31.95653 ], [ -110.970334, 31.9542040000001 ], [ -110.970313, 31.951893 ], [ -110.970297, 31.949969 ], [ -110.970270001, 31.9473990000001 ], [ -110.970408001, 31.945283999 ], [ -110.973094, 31.944946000000101 ], [ -110.975753, 31.944597000000101 ], [ -110.978719, 31.9442 ], [ -110.979306, 31.942725 ], [ -110.982346, 31.942699 ], [ -110.985735001, 31.9426780000001 ], [ -110.987924, 31.942662 ], [ -110.990425, 31.94391 ], [ -110.99281, 31.9438670000001 ], [ -110.994993, 31.9438670000001 ], [ -111.001433001, 31.943809 ], [ -111.003918, 31.943814 ], [ -111.005626001, 31.941536 ], [ -111.007297, 31.939274000000101 ], [ -111.010668, 31.934754999000099 ], [ -111.012351, 31.932490999 ], [ -111.018667, 31.932516 ], [ -111.021823, 31.932516 ], [ -111.024924, 31.932546000000102 ], [ -111.028105, 31.9326 ], [ -111.030865, 31.931808999 ], [ -111.039075, 31.929537 ], [ -111.041823001, 31.928763 ], [ -111.044587, 31.928046999 ], [ -111.047175, 31.926882 ], [ -111.055225, 31.923377000000102 ], [ -111.057964, 31.922165 ], [ -111.060021, 31.9226190000001 ], [ -111.060493123, 31.922123099 ] ] ] } },
{ "type": "Feature", "properties": { "objectid": "83836", "id": "303562", "type": "AC; OVERHEAD", "status": "IN SERVICE", "naics_code": "221121", "naics_desc": "ELECTRIC BULK POWER TRANSMISSION AND CONTROL", "source": "Western Electricity Coordinating Council https://www.wecc.biz/Reliability/YEAR%202014%20OC%20MAP-1.pdf", "sourcedate": "2016-12-31T18:00:00-07:00", "val_method": "IMAGERY/OTHER", "val_date": "2016-12-31T18:00:00-07:00", "owner": "NOT AVAILABLE", "voltage": 345.0, "volt_class": "345", "inferred": "N", "sub_1": "SAN JUAN", "sub_2": "NOT AVAILABLE", "shape_lengt": 180686.40157970999, "globalid": "20432ca7-afda-4c88-a4eb-c2dfc1a735d9", "NERC": "WECC", "NERC_Label": "Western Electricity Coordinating Council (WECC)" }, "geometry": { "type": "MultiLineString", "coordinates": [ [ [ -108.442428794, 36.802125632000099 ], [ -108.44488, 36.8024050000001 ], [ -108.448245, 36.802376 ], [ -108.458867001, 36.795138000000101 ], [ -108.462027001, 36.793049 ], [ -108.462656894, 36.785599298000101 ], [ -108.462703, 36.785054000000102 ], [ -108.463650001, 36.773279000000102 ], [ -108.464438, 36.7640949990001 ], [ -108.465077, 36.755801 ], [ -108.466116, 36.74348 ], [ -108.479352, 36.729508000000102 ], [ -108.483346966, 36.725290165 ], [ -108.486540001, 36.721919 ], [ -108.487206562, 36.7216284880001 ], [ -108.500403, 36.715877 ], [ -108.513388087, 36.710235703000102 ], [ -108.515825, 36.709177000000103 ], [ -108.5223, 36.693449 ], [ -108.528082001, 36.6793890000001 ], [ -108.531788001, 36.671116 ], [ -108.535838, 36.662291 ], [ -108.538227, 36.657141 ], [ -108.538316934, 36.656302232 ], [ -108.538423, 36.655313 ], [ -108.535563421, 36.6285980420001 ], [ -108.535509836, 36.628097438 ], [ -108.535402, 36.627090000000102 ], [ -108.565878, 36.591427000000103 ], [ -108.58985, 36.563313 ], [ -108.598402001, 36.553413 ], [ -108.600394001, 36.544478 ], [ -108.609547, 36.504528999000101 ], [ -108.612716001, 36.490561 ], [ -108.614669001, 36.442997 ], [ -108.615981, 36.410617000000101 ], [ -108.617731001, 36.367247 ], [ -108.618366, 36.351232 ], [ -108.613119, 36.306938999000103 ], [ -108.61748, 36.2439830000001 ], [ -108.618753, 36.223239999 ], [ -108.620973, 36.215264999000098 ], [ -108.621649001, 36.21279 ], [ -108.624622, 36.198164 ], [ -108.628526, 36.14388 ], [ -108.631323001, 36.097968 ], [ -108.635785, 36.051583999000101 ], [ -108.640470001, 36.006753999000097 ], [ -108.64604, 35.945609 ], [ -108.647533, 35.9322230000001 ], [ -108.636271, 35.898262999 ], [ -108.651808, 35.823466 ], [ -108.652569, 35.821231999000098 ], [ -108.676997001, 35.770042999000097 ], [ -108.683019001, 35.75747 ], [ -108.685737, 35.7534 ], [ -108.689072, 35.748447 ], [ -108.695114001, 35.73941 ], [ -108.700864001, 35.730781999 ], [ -108.720249001, 35.7018160000001 ], [ -108.732659, 35.683237999 ], [ -108.753861, 35.651509999 ], [ -108.808063001, 35.629277999000102 ], [ -108.816997001, 35.59574 ], [ -108.817516068, 35.592827394 ] ] ] } },
{ "type": "Feature", "properties": { "objectid": "89535", "id": "309274", "type": "AC; OVERHEAD", "status": "IN SERVICE", "naics_code": "221121", "naics_desc": "ELECTRIC BULK POWER TRANSMISSION AND CONTROL", "source": "Western Electricity Coordinating Council https://www.wecc.biz/Reliability/YEAR%202014%20OC%20MAP-1.pdf", "sourcedate": "2016-12-31T18:00:00-07:00", "val_method": "IMAGERY/OTHER", "val_date": "2016-12-31T18:00:00-07:00", "owner": "SIERRA PACIFIC POWER COMPANY", "voltage": 345.0, "volt_class": "345", "inferred": "N", "sub_1": "TRACY", "sub_2": "VALMY", "shape_lengt": 340564.46346870897, "globalid": "3b5b84f0-75cb-40a5-8698-ce1cd6f431c4", "NERC": "WECC", "NERC_Label": "Western Electricity Coordinating Council (WECC)" }, "geometry": { "type": "MultiLineString", "coordinates": [ [ [ -119.51869616, 39.563119999 ], [ -119.518059, 39.565387999 ], [ -119.507004, 39.582862999 ], [ -119.505943, 39.584251000000101 ], [ -119.501221, 39.587944 ], [ -119.499275, 39.589169 ], [ -119.484558, 39.5962219990001 ], [ -119.464836, 39.602528 ], [ -119.461861001, 39.603221999 ], [ -119.456947001, 39.60511 ], [ -119.445419, 39.6090850000001 ], [ -119.43589, 39.613415 ], [ -119.426888, 39.617416 ], [ -119.422028, 39.620498999000098 ], [ -119.398415, 39.655083 ], [ -119.394218, 39.658085 ], [ -119.374969, 39.669193 ], [ -119.370056, 39.672610999 ], [ -119.357361, 39.686832 ], [ -119.349052, 39.698055000000103 ], [ -119.346222, 39.702805 ], [ -119.337830001, 39.706443999 ], [ -119.318108, 39.714085 ], [ -119.298363001, 39.721722 ], [ -119.291191, 39.725193 ], [ -119.265999, 39.7420270000001 ], [ -119.263054, 39.743584 ], [ -119.262665, 39.745861 ], [ -119.255501, 39.761776 ], [ -119.247139, 39.780056000000101 ], [ -119.24575, 39.783112000000102 ], [ -119.236, 39.804474 ], [ -119.233833, 39.8066940000001 ], [ -119.217163, 39.825889999 ], [ -119.206253001, 39.839722000000101 ], [ -119.170692, 39.8636089990001 ], [ -119.163559, 39.868389 ], [ -119.112083001, 39.899834 ], [ -119.076805001, 39.921527999 ], [ -119.001442, 39.96064 ], [ -118.964055271, 39.979460487 ], [ -118.914104565, 40.005124085 ], [ -118.866573955, 40.030035594 ], [ -118.828742031, 40.049640751 ], [ -118.814915379, 40.056805961000101 ], [ -118.765245449, 40.082620179000102 ], [ -118.759917717, 40.083827518000099 ], [ -118.729879983, 40.0927611010001 ], [ -118.725813246, 40.095405990000103 ], [ -118.71921524, 40.099656779 ], [ -118.706737345, 40.107551831000102 ], [ -118.691289884, 40.117131541 ], [ -118.676356387, 40.126554207 ], [ -118.65621187, 40.139189143000102 ], [ -118.635067981, 40.152323769000098 ], [ -118.624174808, 40.159248001 ], [ -118.619649073, 40.163259771000099 ], [ -118.606271743, 40.174581247 ], [ -118.59670631, 40.187144802 ], [ -118.58434263, 40.203063396000097 ], [ -118.575333991, 40.214527639 ], [ -118.568823786, 40.219167588000097 ], [ -118.553162173, 40.2299751 ], [ -118.536586848, 40.241453620000101 ], [ -118.524737132, 40.249491438000099 ], [ -118.517938889, 40.253097107 ], [ -118.501780092, 40.258514355 ], [ -118.48263495, 40.265095944000102 ], [ -118.459478034, 40.272919611000098 ], [ -118.441446479, 40.279315602 ], [ -118.437563199, 40.280614789 ], [ -118.411308225, 40.289123741 ], [ -118.389935907, 40.29654766 ], [ -118.38433061, 40.298690721000099 ], [ -118.380154061, 40.300347302 ], [ -118.375907319, 40.301863495000099 ], [ -118.366325825, 40.304966074 ], [ -118.361756189, 40.30655246 ], [ -118.351992189, 40.309935816000099 ], [ -118.342810801, 40.313157725 ], [ -118.332337841, 40.316576178000098 ], [ -118.311716718, 40.32377024 ], [ -118.282706329, 40.333578379000102 ], [ -118.278673739, 40.334944784000101 ], [ -118.274009864, 40.335141101 ], [ -118.272503676, 40.335204502000103 ], [ -118.249241353, 40.336124045000098 ], [ -118.231608176, 40.336563534 ], [ -118.222834331, 40.338138615 ], [ -118.208437522, 40.340925321 ], [ -118.206816038, 40.341149942000101 ], [ -118.198168125, 40.338524683000102 ], [ -118.187989981, 40.335365949 ], [ -118.178092612, 40.332200195 ], [ -118.169725476, 40.329588974 ], [ -118.155490112, 40.336229336 ], [ -118.145101385, 40.341227156000102 ], [ -118.124040181, 40.351167472 ], [ -117.967719596, 40.424615889000101 ], [ -117.875671838, 40.468110021 ], [ -117.853123561, 40.480298510000097 ], [ -117.831836903, 40.491976904000097 ], [ -117.821629015, 40.497230754 ], [ -117.809807853, 40.505097253 ], [ -117.808323069, 40.507138829 ], [ -117.800984812, 40.517046906000097 ], [ -117.762144102, 40.570309822000098 ], [ -117.683788972, 40.602700354 ], [ -117.620824026, 40.628743839 ], [ -117.580794572, 40.644789322000101 ], [ -117.553889836, 40.656434935 ], [ -117.541570199, 40.659449314 ], [ -117.472143936, 40.666745376000101 ], [ -117.450193408, 40.668993966000102 ], [ -117.445749764, 40.671206865 ], [ -117.432311758, 40.678666475 ], [ -117.354342771, 40.721050625 ], [ -117.291209364, 40.758043749000102 ], [ -117.263673052, 40.7750509460001 ], [ -117.240330539, 40.789309865000099 ], [ -117.228901987, 40.796204949000099 ], [ -117.229518676, 40.809715157 ], [ -117.229568117, 40.810798302000102 ], [ -117.229539184, 40.819343283000102 ], [ -117.229534667, 40.820677517 ], [ -117.22951458, 40.826609821 ], [ -117.230049958, 40.846882829 ], [ -117.213649524, 40.849274187 ], [ -117.205993609, 40.850398483 ], [ -117.203049025, 40.852254461 ], [ -117.184085196, 40.863054955000102 ], [ -117.176483175, 40.867498241000099 ], [ -117.171920559, 40.870179656 ], [ -117.168635475, 40.872018740000101 ], [ -117.164908168, 40.874215817 ], [ -117.159320718, 40.877472823000097 ], [ -117.153943851, 40.879003054000101 ], [ -117.152361064, 40.878557068000099 ] ] ] } },
{ "type": "Feature", "properties": { "objectid": "93416", "id": "313166", "type": "AC; OVERHEAD", "status": "IN SERVICE", "naics_code": "221121", "naics_desc": "ELECTRIC BULK POWER TRANSMISSION AND CONTROL", "source": "IMAGERY, http://www.newmexicocare.org/images/maps/nm_transmission_sys.jpg", "sourcedate": "2019-04-08T20:00:00-06:00", "val_method": "IMAGERY/OTHER", "val_date": "2019-04-08T20:00:00-06:00", "owner": "PUBLIC SERVICE COMPANY OF NEW MEXICO", "voltage": 345.0, "volt_class": "345", "inferred": "N", "sub_1": "LUNA", "sub_2": "LUNA ENERGY FACILITY", "shape_lengt": 678.88544064279995, "globalid": "139d7d3c-8d16-4a8c-b1d9-ce160b6e4956", "NERC": "WECC", "NERC_Label": "Western Electricity Coordinating Council (WECC)" }, "geometry": { "type": "MultiLineString", "coordinates": [ [ [ -107.778978226, 32.302899056000101 ], [ -107.7834, 32.299349 ] ] ] } },
{ "type": "Feature", "properties": { "objectid": "82948", "id": "302672", "type": "AC; OVERHEAD", "status": "IN SERVICE", "naics_code": "221121", "naics_desc": "ELECTRIC BULK POWER TRANSMISSION AND CONTROL", "source": "Open Access Technology International http://www.oatioasis.com/AZPS/AZPSdocs/2014_APS_Ten-Year_Plan_20140131.pdf", "sourcedate": "2016-12-31T18:00:00-07:00", "val_method": "IMAGERY/OTHER", "val_date": "2016-12-31T18:00:00-07:00", "owner": "NOT AVAILABLE", "voltage": 345.0, "volt_class": "345", "inferred": "N", "sub_1": "PREACHER CANYON", "sub_2": "PINNACLE PEAK APS", "shape_lengt": 118696.56966001401, "globalid": "f3d70f38-4a54-4b85-9a70-ce6a1cf6c1f0", "NERC": "WECC", "NERC_Label": "Western Electricity Coordinating Council (WECC)" }, "geometry": { "type": "MultiLineString", "coordinates": [ [ [ -111.181906149, 34.261979940000103 ], [ -111.186039, 34.2570160000001 ], [ -111.228691, 34.214509 ], [ -111.259928001, 34.176262000000101 ], [ -111.28112, 34.141369 ], [ -111.300741, 34.109289 ], [ -111.314888, 34.086444999 ], [ -111.330203, 34.060720000000103 ], [ -111.349886001, 34.0281400000001 ], [ -111.365881001, 34.001785 ], [ -111.382052, 33.975271 ], [ -111.383875, 33.972439999000102 ], [ -111.398052, 33.964734999 ], [ -111.414189, 33.9563360000001 ], [ -111.446431, 33.934307 ], [ -111.477431001, 33.914923 ], [ -111.504095, 33.898638 ], [ -111.519856, 33.892428 ], [ -111.553212001, 33.865844999 ], [ -111.576221, 33.847588999 ], [ -111.615516, 33.816985 ], [ -111.634956, 33.811041 ], [ -111.645563, 33.806863 ], [ -111.656171, 33.802936 ], [ -111.667678, 33.800819 ], [ -111.672813001, 33.799339 ], [ -111.693062, 33.792914000000103 ], [ -111.727688, 33.781845 ], [ -111.760777, 33.771271 ], [ -111.765102013, 33.770110207000101 ], [ -111.832321787, 33.770110207000101 ], [ -111.870587, 33.755495 ], [ -111.885056, 33.744250999 ], [ -111.917948, 33.719399000000102 ], [ -111.926209, 33.712936 ], [ -111.931768, 33.708263 ], [ -111.934423, 33.705826000000101 ], [ -111.9372688, 33.702453782000099 ] ] ] } },
{ "type": "Feature", "properties": { "objectid": "74621", "id": "206909", "type": "AC", "status": "NOT AVAILABLE", "naics_code": "221121", "naics_desc": "ELECTRIC BULK POWER TRANSMISSION AND CONTROL", "source": "IMAGERY", "sourcedate": "2016-02-15T18:00:00-07:00", "val_method": "IMAGERY", "val_date": "2016-02-15T18:00:00-07:00", "owner": "INTERMOUNTAIN POWER AGENCY", "voltage": 345.0, "volt_class": "345", "inferred": "Y", "sub_1": "NOT AVAILABLE", "sub_2": "INTERMOUNTAIN", "shape_lengt": 1174.2435086942, "globalid": "ff0b5a0a-8311-4101-a6ac-d1e90539c7c8", "NERC": "WECC", "NERC_Label": "Western Electricity Coordinating Council (WECC)" }, "geometry": { "type": "MultiLineString", "coordinates": [ [ [ -112.579942533, 39.509260432000097 ], [ -112.57997424, 39.507472746000097 ], [ -112.579934978, 39.506001050000101 ], [ -112.580306174, 39.5046780690001 ], [ -112.580034916, 39.504330668000101 ], [ -112.579963532, 39.502845884000102 ], [ -112.580690036, 39.501311126000097 ] ] ] } },
{ "type": "Feature", "properties": { "objectid": "74438", "id": "206717", "type": "AC", "status": "NOT AVAILABLE", "naics_code": "221121", "naics_desc": "ELECTRIC BULK POWER TRANSMISSION AND CONTROL", "source": "IMAGERY", "sourcedate": "2015-12-17T18:00:00-07:00", "val_method": "IMAGERY", "val_date": "2015-12-17T18:00:00-07:00", "owner": "PACIFICORP", "voltage": 345.0, "volt_class": "345", "inferred": "Y", "sub_1": "NOT AVAILABLE", "sub_2": "CURRENT CREEK", "shape_lengt": 330.99165997590001, "globalid": "29595e59-9b25-469c-aef4-d803654c917e", "NERC": "WECC", "NERC_Label": "Western Electricity Coordinating Council (WECC)" }, "geometry": { "type": "MultiLineString", "coordinates": [ [ [ -111.893973994, 39.821786575 ], [ -111.89424603, 39.8222908380001 ], [ -111.894537972, 39.822304108 ], [ -111.895785359, 39.822078517000101 ], [ -111.8960773, 39.822047553000097 ], [ -111.896148433, 39.821749922 ] ] ] } },
{ "type": "Feature", "properties": { "objectid": "92949", "id": "312696", "type": "AC; OVERHEAD", "status": "IN SERVICE", "naics_code": "221121", "naics_desc": "ELECTRIC BULK POWER TRANSMISSION AND CONTROL", "source": "Western Electricity Coordinating Council https://www.wecc.biz/Reliability/YEAR%202014%20OC%20MAP-1.pdf", "sourcedate": "2016-12-31T18:00:00-07:00", "val_method": "IMAGERY/OTHER", "val_date": "2016-12-31T18:00:00-07:00", "owner": "NAVAJO TRIBAL UTILITY AUTHORITY", "voltage": 345.0, "volt_class": "345", "inferred": "N", "sub_1": "YAH-TA-HEY", "sub_2": "MCKINLEY", "shape_lengt": 241.65129409580001, "globalid": "aea2ec9f-8a6c-4cb3-ae41-a457f3a261ca", "NERC": "WECC", "NERC_Label": "Western Electricity Coordinating Council (WECC)" }, "geometry": { "type": "MultiLineString", "coordinates": [ [ [ -108.815427957, 35.59330993 ], [ -108.817516068, 35.592827394 ] ] ] } },
{ "type": "Feature", "properties": { "objectid": "91525", "id": "311270", "type": "AC; OVERHEAD", "status": "IN SERVICE", "naics_code": "221121", "naics_desc": "ELECTRIC BULK POWER TRANSMISSION AND CONTROL", "source": "Western Electricity Coordinating Council https://www.wecc.biz/Reliability/YEAR%202014%20OC%20MAP-1.pdf", "sourcedate": "2016-12-31T18:00:00-07:00", "val_method": "IMAGERY/OTHER", "val_date": "2016-12-31T18:00:00-07:00", "owner": "NOT AVAILABLE", "voltage": 345.0, "volt_class": "345", "inferred": "N", "sub_1": "NOT AVAILABLE", "sub_2": "NOT AVAILABLE", "shape_lengt": 177566.068676486, "globalid": "ea3ba468-9c16-491a-9967-b177fa4016d2", "NERC": "WECC", "NERC_Label": "Western Electricity Coordinating Council (WECC)" }, "geometry": { "type": "MultiLineString", "coordinates": [ [ [ -106.482924518, 35.348671921000097 ], [ -106.481066472, 35.34881675 ], [ -106.477316441, 35.348017251 ], [ -106.411300674, 35.347979179 ], [ -106.393271, 35.347744 ], [ -106.384713581, 35.353982212000098 ], [ -106.379556, 35.357742 ], [ -106.338089001, 35.359381 ], [ -106.319802, 35.347742 ], [ -106.320288, 35.318874 ], [ -106.31112, 35.3091620000001 ], [ -106.296713, 35.3034940000001 ], [ -106.233698628, 35.297991595 ], [ -106.232329001, 35.297872 ], [ -106.181578, 35.279147999 ], [ -106.151991, 35.268244999 ], [ -106.148613, 35.26696 ], [ -106.136975, 35.259388999000102 ], [ -106.100538001, 35.259368 ], [ -105.839907, 35.145949999 ], [ -105.819521001, 35.133177999 ], [ -105.781978001, 35.118577000000101 ], [ -105.715130001, 35.092531000000101 ], [ -105.603032001, 35.08184 ], [ -105.218137, 35.044310000000102 ], [ -105.020428277, 35.099809969 ], [ -105.019990001, 35.0999330000001 ], [ -105.019146395, 35.1007575470001 ] ] ] } },
{ "type": "Feature", "properties": { "objectid": "78531", "id": "210812", "type": "AC; OVERHEAD", "status": "NOT AVAILABLE", "naics_code": "221121", "naics_desc": "ELECTRIC BULK POWER TRANSMISSION AND CONTROL", "source": "IMAGERY", "sourcedate": "2018-02-28T18:00:00-07:00", "val_method": "IMAGERY/OTHER", "val_date": "2018-02-28T18:00:00-07:00", "owner": "PACIFICORP", "voltage": 345.0, "volt_class": "345", "inferred": "Y", "sub_1": "HARRY ALLEN", "sub_2": "RED BUTTE", "shape_lengt": 207540.17022888499, "globalid": "0917aba0-db3e-471c-9b91-b3c017e4f2b4", "NERC": "WECC", "NERC_Label": "Western Electricity Coordinating Council (WECC)" }, "geometry": { "type": "MultiLineString", "coordinates": [ [ [ -114.90442879, 36.426035901 ], [ -114.903816079, 36.425426165 ], [ -114.903964795, 36.424289972 ], [ -114.904556686, 36.423894387000097 ], [ -114.902635271, 36.422077073 ], [ -114.899458691, 36.419031363 ], [ -114.896273187, 36.415982679 ], [ -114.893028198, 36.412883431000097 ], [ -114.889917052, 36.409900182000101 ], [ -114.886722626, 36.406851497 ], [ -114.884331268, 36.404561266 ], [ -114.883394355, 36.403663019000099 ], [ -114.882469339, 36.402770722000099 ], [ -114.880647862, 36.406213603 ], [ -114.878848395, 36.409640027000101 ], [ -114.877063746, 36.4130112510001 ], [ -114.875261304, 36.416448382 ], [ -114.873444586, 36.419881944 ], [ -114.871631437, 36.423311937 ], [ -114.869818287, 36.4267455 ], [ -114.868008707, 36.430175493 ], [ -114.866195558, 36.433605486 ], [ -114.864343148, 36.437117570000098 ], [ -114.862483599, 36.440629655000102 ], [ -114.860602635, 36.444177431000099 ], [ -114.858750224, 36.44771093 ], [ -114.856812153, 36.451362213 ], [ -114.854934759, 36.454952820000102 ], [ -114.853153732, 36.458329275 ], [ -114.851294183, 36.461823514000102 ], [ -114.84919193, 36.465803162 ], [ -114.84733595, 36.469318816000097 ], [ -114.845401448, 36.473005791 ], [ -114.843438393, 36.476699904 ], [ -114.841500322, 36.480390448 ], [ -114.840647285, 36.481975169000101 ], [ -114.839248162, 36.4846413550001 ], [ -114.837599196, 36.487746552 ], [ -114.835650417, 36.491433526 ], [ -114.833712346, 36.495145486000098 ], [ -114.831742152, 36.498857445 ], [ -114.829789805, 36.502562266 ], [ -114.827642341, 36.506608192 ], [ -114.824627564, 36.509080452 ], [ -114.821583202, 36.511612595 ], [ -114.818801612, 36.513901637000103 ], [ -114.81620562, 36.516066946000102 ], [ -114.812346135, 36.519281598000099 ], [ -114.809064858, 36.521956112 ], [ -114.806352272, 36.524249913000098 ], [ -114.803520714, 36.526596061000099 ], [ -114.800386964, 36.52911829 ], [ -114.79691295, 36.532064062000103 ], [ -114.793424661, 36.5349527280001 ], [ -114.789779326, 36.537991300000101 ], [ -114.785972189, 36.541067943 ], [ -114.782267368, 36.544077961 ], [ -114.778964676, 36.546804823000102 ], [ -114.774836311, 36.550157484000103 ], [ -114.770798366, 36.5534696940001 ], [ -114.767707446, 36.55587057 ], [ -114.762993992, 36.559543407 ], [ -114.759122609, 36.562579599000102 ], [ -114.755555797, 36.565351671 ], [ -114.751767695, 36.568304582000103 ], [ -114.747848722, 36.571357431 ], [ -114.744127245, 36.574262752 ], [ -114.740365317, 36.577184731 ], [ -114.73686513, 36.579918731000099 ], [ -114.733364943, 36.5826479730001 ], [ -114.729838582, 36.585422425 ], [ -114.726526372, 36.587982725000103 ], [ -114.722957181, 36.590752417 ], [ -114.71978298, 36.593229436000101 ], [ -114.716530257, 36.595758803 ], [ -114.712882543, 36.598611777 ], [ -114.709484673, 36.601255358000103 ], [ -114.705394379, 36.6044485950001 ], [ -114.701584862, 36.607425301 ], [ -114.69801805, 36.6101830960001 ], [ -114.69382544, 36.613457234000101 ], [ -114.689958815, 36.616472011 ], [ -114.686713231, 36.618994240000099 ], [ -114.683753181, 36.621292799000102 ], [ -114.680305342, 36.623979211 ], [ -114.67625312, 36.627139135 ], [ -114.672331768, 36.630180086000102 ], [ -114.668436591, 36.633211519 ], [ -114.665119622, 36.635807511000102 ], [ -114.661650368, 36.637018657000098 ], [ -114.65753628, 36.638458231000101 ], [ -114.654245485, 36.639590854000097 ], [ -114.649641228, 36.641196991000101 ], [ -114.645914992, 36.642498556000099 ], [ -114.642167341, 36.643800121 ], [ -114.63855056, 36.645068374000097 ], [ -114.636006917, 36.645941636 ], [ -114.633010273, 36.648824183 ], [ -114.628641194, 36.653408672000097 ], [ -114.626351291, 36.655956131 ], [ -114.623981779, 36.658049356 ], [ -114.621401541, 36.660540620000098 ], [ -114.618268728, 36.66363597 ], [ -114.615252987, 36.666529958000098 ], [ -114.612672748, 36.669039954 ], [ -114.611216389, 36.670416706 ], [ -114.608018017, 36.673507373000099 ], [ -114.606468, 36.674991829000099 ], [ -114.602745152, 36.675446064 ], [ -114.598525923, 36.675975223000101 ], [ -114.594086601, 36.676523114000098 ], [ -114.588584278, 36.677188076 ], [ -114.582838447, 36.677899866000097 ], [ -114.577560899, 36.678541414 ], [ -114.573561764, 36.679042476000099 ], [ -114.568780596, 36.679632513 ], [ -114.564519222, 36.6801523070001 ], [ -114.559508595, 36.680770440000103 ], [ -114.554207633, 36.681426036000097 ], [ -114.549735532, 36.681969244000101 ], [ -114.544635931, 36.682779373000102 ], [ -114.540819426, 36.68504118 ], [ -114.536782828, 36.687401325000103 ], [ -114.532750912, 36.689747422 ], [ -114.529664928, 36.691569043000101 ], [ -114.52562833, 36.693854263 ], [ -114.521722851, 36.696144166000103 ], [ -114.517854834, 36.698434070000097 ], [ -114.513452975, 36.701136062 ], [ -114.510015779, 36.703397868 ], [ -114.506283565, 36.705851670000101 ], [ -114.502232918, 36.708497468000097 ], [ -114.498645871, 36.710885711000103 ], [ -114.494824683, 36.713400390000103 ], [ -114.490610137, 36.716153893000097 ], [ -114.486629733, 36.718776277000103 ], [ -114.482902202, 36.721211348000097 ], [ -114.479202767, 36.723651102000098 ], [ -114.475245777, 36.726236023000098 ], [ -114.471546342, 36.728661728000098 ], [ -114.46751911, 36.731298161 ], [ -114.463342026, 36.734037615 ], [ -114.459502107, 36.736542929000102 ], [ -114.455175173, 36.73937604 ], [ -114.451190086, 36.741993741 ], [ -114.447200316, 36.744597394 ], [ -114.442967039, 36.747374311 ], [ -114.439103706, 36.749907722 ], [ -114.435530707, 36.753031168000099 ], [ -114.431751665, 36.756351294000098 ], [ -114.428042864, 36.759619908 ], [ -114.424455818, 36.762762086000102 ], [ -114.421009256, 36.765810608 ], [ -114.417820249, 36.768601574000101 ], [ -114.41447671, 36.77154239 ], [ -114.410856883, 36.774722031000103 ], [ -114.407255788, 36.777896988000101 ], [ -114.40368279, 36.781039166 ], [ -114.399955258, 36.784321829000099 ], [ -114.396518062, 36.787346936000098 ], [ -114.393216668, 36.790236242 ], [ -114.389742009, 36.793280080000102 ], [ -114.386286082, 36.796319236000102 ], [ -114.382745863, 36.799423951 ], [ -114.378952772, 36.802753443 ], [ -114.375431285, 36.805839427000102 ], [ -114.371933212, 36.808916045 ], [ -114.368594355, 36.811866227 ], [ -114.365096282, 36.8149241140001 ], [ -114.362347462, 36.817326405000102 ], [ -114.359041385, 36.8202391250001 ], [ -114.355566726, 36.823287646 ], [ -114.352157627, 36.826209731 ], [ -114.349169982, 36.828836798000097 ], [ -114.346079315, 36.831566887000101 ], [ -114.343161913, 36.8341237120001 ], [ -114.339677888, 36.837181599000097 ], [ -114.336231326, 36.840211389 ], [ -114.333426312, 36.842674557000102 ], [ -114.33047613, 36.8452126500001 ], [ -114.32809257, 36.847221583000099 ], [ -114.325755839, 36.849211785000101 ], [ -114.322712, 36.851777975000097 ], [ -114.319888255, 36.8541849490001 ], [ -114.317073875, 36.856582558000099 ], [ -114.313927014, 36.8592517700001 ], [ -114.310883175, 36.861822643 ], [ -114.30789553, 36.864337322 ], [ -114.304420872, 36.8673062350001 ], [ -114.30186873, 36.869460336 ], [ -114.298351926, 36.8724386150001 ], [ -114.295916855, 36.874508426 ], [ -114.293266374, 36.876742135 ], [ -114.289679327, 36.879781291 ], [ -114.287586103, 36.8815514 ], [ -114.284111444, 36.884496899000098 ], [ -114.281119116, 36.887058406000101 ], [ -114.276956082, 36.890556479 ], [ -114.273631274, 36.893366176 ], [ -114.271154057, 36.895501546 ], [ -114.268555087, 36.897702476000099 ], [ -114.265131105, 36.900581193 ], [ -114.261966421, 36.903262845 ], [ -114.258756529, 36.90597781 ], [ -114.255789341, 36.908473865000097 ], [ -114.25283405, 36.910988955 ], [ -114.249617019, 36.9137229560001 ], [ -114.246138247, 36.916678246000103 ], [ -114.242209757, 36.919995215 ], [ -114.239156908, 36.922584069 ], [ -114.235942256, 36.925299034 ], [ -114.23274902, 36.927992583 ], [ -114.229472502, 36.930769414000103 ], [ -114.226312578, 36.933424893000101 ], [ -114.223178828, 36.936077992 ], [ -114.219578703, 36.939154635000101 ], [ -114.216659104, 36.941617377 ], [ -114.214153532, 36.943718441 ], [ -114.21058672, 36.946749875000101 ], [ -114.208321473, 36.948667720000103 ], [ -114.206408386, 36.948308421 ], [ -114.204421536, 36.950009736 ], [ -114.202415651, 36.951701533000097 ], [ -114.199098682, 36.954521194 ], [ -114.195610392, 36.957478864 ], [ -114.192269629, 36.960300905 ], [ -114.189059736, 36.963027767 ], [ -114.186187727, 36.965457197 ], [ -114.182870758, 36.968269720000102 ], [ -114.179936883, 36.970746739 ], [ -114.17681265, 36.973392699 ], [ -114.173821668, 36.975943482 ], [ -114.170773578, 36.978513299 ], [ -114.167623172, 36.981280613 ], [ -114.164503699, 36.983926573000097 ], [ -114.161422297, 36.986422628000099 ], [ -114.15792211, 36.9893921950001 ], [ -114.154474271, 36.992307035000103 ], [ -114.151097815, 36.995169527 ], [ -114.148568448, 36.9973158 ], [ -114.146022425, 36.99948111 ], [ -114.142498443, 37.002457816000103 ], [ -114.139455113, 37.005032392 ], [ -114.136387987, 37.007630764 ], [ -114.133349416, 37.010191064 ], [ -114.130277532, 37.012784676 ], [ -114.127160438, 37.0154401550001 ], [ -114.123843469, 37.018250298 ], [ -114.120514603, 37.021055683 ], [ -114.117042969, 37.0240181120001 ], [ -114.113416671, 37.027051925000102 ], [ -114.111603522, 37.028615230000099 ], [ -114.108053366, 37.031606213 ], [ -114.104684049, 37.03444253 ], [ -114.101155308, 37.037431133 ], [ -114.097633706, 37.040407839000103 ], [ -114.094121622, 37.043372648000101 ], [ -114.090799894, 37.046185171 ], [ -114.087820809, 37.048697881000102 ], [ -114.084772719, 37.051270079000098 ], [ -114.081227322, 37.0542682 ], [ -114.077834211, 37.057125932000098 ], [ -114.074607662, 37.059855174 ], [ -114.071364457, 37.062598693 ], [ -114.067957068, 37.06547784 ], [ -114.06454968, 37.068354609 ], [ -114.061177984, 37.071200444000098 ], [ -114.057780114, 37.074072453 ], [ -114.054891448, 37.076504263000103 ], [ -114.052933152, 37.078157988 ], [ -114.05090823, 37.079223987 ], [ -114.047253378, 37.081127555000101 ], [ -114.043234468, 37.08322624 ], [ -114.039063273, 37.085409990000102 ], [ -114.034829148, 37.087663484000103 ], [ -114.020998999, 37.094864962 ], [ -114.011724143, 37.099694460000102 ], [ -114.004669267, 37.110435083 ], [ -113.99121345, 37.130920753 ], [ -113.981257879, 37.14607751 ], [ -113.973938834, 37.1572203160001 ], [ -113.965721478, 37.169730745 ], [ -113.958046363, 37.181415645000101 ], [ -113.956177562, 37.184260782 ], [ -113.949125294, 37.204349138 ], [ -113.94134022, 37.226524886 ], [ -113.938636978, 37.23422506 ], [ -113.928196986, 37.24088412 ], [ -113.910457426, 37.252199148 ], [ -113.892973782, 37.263350942 ], [ -113.873473898, 37.275788777000102 ], [ -113.856830309, 37.286404749 ], [ -113.838151865, 37.291476429000099 ], [ -113.814285014, 37.297956895 ], [ -113.805700086, 37.300287925000099 ], [ -113.794382118, 37.311667919000101 ], [ -113.78265574, 37.323546287 ], [ -113.770731348, 37.335549463000099 ], [ -113.759712148, 37.346743094 ], [ -113.747911047, 37.358662074 ], [ -113.735956228, 37.370711511 ], [ -113.724149267, 37.382622902 ], [ -113.714744212, 37.392216698 ], [ -113.692572311, 37.395568462 ], [ -113.687485107, 37.396340780000102 ], [ -113.670955308, 37.40480575 ], [ -113.655164756, 37.412928218 ], [ -113.649542479, 37.411895784000102 ], [ -113.647636232, 37.411877384 ], [ -113.646054647, 37.411862118 ], [ -113.646054647, 37.412445668 ], [ -113.645211607, 37.41300556 ] ] ] } },
{ "type": "Feature", "properties": { "objectid": "84547", "id": "304273", "type": "AC; OVERHEAD", "status": "IN SERVICE", "naics_code": "221121", "naics_desc": "ELECTRIC BULK POWER TRANSMISSION AND CONTROL", "source": "Western Electricity Coordinating Council https://www.wecc.biz/Reliability/YEAR%202014%20OC%20MAP-1.pdf", "sourcedate": "2016-12-31T18:00:00-07:00", "val_method": "IMAGERY/OTHER", "val_date": "2016-12-31T18:00:00-07:00", "owner": "NOT AVAILABLE", "voltage": 345.0, "volt_class": "345", "inferred": "N", "sub_1": "NOT AVAILABLE", "sub_2": "SPRINGERVILLE", "shape_lengt": 211688.83676625701, "globalid": "e15d466a-f5c9-457b-ad8e-b74bdbd0ad26", "NERC": "WECC", "NERC_Label": "Western Electricity Coordinating Council (WECC)" }, "geometry": { "type": "MultiLineString", "coordinates": [ [ [ -108.817516068, 35.592827394 ], [ -108.822583, 35.573502999 ], [ -108.828657001, 35.5646879990001 ], [ -108.835237, 35.562383000000104 ], [ -108.843729, 35.557506 ], [ -108.846721, 35.555774999 ], [ -108.855047001, 35.557211 ], [ -108.861412, 35.556595999 ], [ -108.86324, 35.536073 ], [ -108.862791, 35.5216530000001 ], [ -108.863147, 35.516121 ], [ -108.863475, 35.510731 ], [ -108.863823001, 35.506464 ], [ -108.864534, 35.50352 ], [ -108.864891001, 35.500305 ], [ -108.865873, 35.481027999 ], [ -108.866140001, 35.464982 ], [ -108.865476001, 35.459474999000101 ], [ -108.864898, 35.455127999000098 ], [ -108.865072, 35.448661000000101 ], [ -108.865185001, 35.4424950000001 ], [ -108.865262001, 35.425668 ], [ -108.86637, 35.423492000000103 ], [ -108.86689, 35.408279 ], [ -108.866868, 35.392128 ], [ -108.867294001, 35.364316 ], [ -108.866081001, 35.356415 ], [ -108.866204, 35.347946999 ], [ -108.865363001, 35.341406 ], [ -108.863747, 35.334694 ], [ -108.881625001, 35.323209 ], [ -108.898199, 35.311288 ], [ -108.916656, 35.297921 ], [ -108.941093096, 35.280247308000099 ], [ -108.970403531, 35.259049061 ], [ -108.994641328, 35.235317445000099 ], [ -108.999884001, 35.231725 ], [ -109.00578, 35.224199 ], [ -109.045313, 35.185704 ], [ -109.045335, 35.139807999 ], [ -109.045276, 35.024417999 ], [ -109.045234, 34.876982999 ], [ -109.045239, 34.832871999000098 ], [ -109.008299, 34.64364 ], [ -108.975499, 34.561282 ], [ -108.981071, 34.4606429990001 ], [ -108.975368001, 34.438389999 ], [ -108.971728, 34.400682000000103 ], [ -108.967888, 34.3595279990001 ], [ -108.964342, 34.324405999000099 ], [ -108.959495407, 34.3000784480001 ], [ -108.983527963, 34.300340189 ], [ -109.022360767, 34.30024501 ], [ -109.04689301, 34.30060193 ], [ -109.075398952, 34.300958849 ], [ -109.093625625, 34.315711507000103 ], [ -109.145212338, 34.316068426000101 ], [ -109.158251785, 34.312975127000101 ], [ -109.161185647, 34.312393114 ] ] ] } },
{ "type": "Feature", "properties": { "objectid": "93266", "id": "313015", "type": "AC; OVERHEAD", "status": "IN SERVICE", "naics_code": "221121", "naics_desc": "ELECTRIC BULK POWER TRANSMISSION AND CONTROL", "source": "Western Electricity Coordinating Council https://www.wecc.biz/Reliability/YEAR%202014%20OC%20MAP-1.pdf", "sourcedate": "2016-12-31T18:00:00-07:00", "val_method": "IMAGERY/OTHER", "val_date": "2016-12-31T18:00:00-07:00", "owner": "TUCSON ELECTRIC POWER COMPANY", "voltage": 345.0, "volt_class": "345", "inferred": "N", "sub_1": "VAIL", "sub_2": "SOUTH", "shape_lengt": 26539.100171187201, "globalid": "4bb22747-97fd-4bfe-a27f-b84d4fd7841b", "NERC": "WECC", "NERC_Label": "Western Electricity Coordinating Council (WECC)" }, "geometry": { "type": "MultiLineString", "coordinates": [ [ [ -110.813142937, 32.069978542000101 ], [ -110.815199, 32.07007 ], [ -110.817253, 32.0700000000001 ], [ -110.817325, 32.063908 ], [ -110.817300001, 32.060887 ], [ -110.817313, 32.057657 ], [ -110.817319001, 32.051526999 ], [ -110.817313, 32.045397 ], [ -110.817325, 32.04237 ], [ -110.817330041, 32.041021157 ], [ -110.817344, 32.037286 ], [ -110.817357001, 32.032292 ], [ -110.817344, 32.029969 ], [ -110.827162, 32.0299440000001 ], [ -110.834263001, 32.029899999000101 ], [ -110.841523, 32.0299440000001 ], [ -110.848491, 32.029976 ], [ -110.851867, 32.0299440000001 ], [ -110.858540607, 32.029968314 ], [ -110.860650001, 32.029976 ], [ -110.864229, 32.029931 ], [ -110.867897, 32.029981999 ], [ -110.871431, 32.029912 ], [ -110.878621, 32.0299440000001 ], [ -110.885418001, 32.029912 ], [ -110.888896, 32.029981999 ], [ -110.892456001, 32.029957 ], [ -110.89962, 32.0300510000001 ], [ -110.903098, 32.030084 ], [ -110.910085001, 32.03016 ], [ -110.913531, 32.030192 ], [ -110.91704, 32.030185000000102 ], [ -110.920226001, 32.030192 ], [ -110.92614, 32.030230000000103 ], [ -110.926058001, 32.025260999000103 ], [ -110.925988, 32.0188190000001 ], [ -110.925963001, 32.015823999000098 ], [ -110.926007, 32.012835 ], [ -110.92609, 32.006965 ], [ -110.926097001, 31.999285999000101 ], [ -110.933663001, 31.999291 ], [ -110.940357, 31.999312 ], [ -110.946881, 31.999307000000101 ], [ -110.95027, 31.9992750000001 ], [ -110.950937801, 31.999269395 ], [ -110.958492001, 31.999205999 ], [ -110.961508898, 31.999158219 ], [ -110.96197073, 31.9991509050001 ], [ -110.964945057, 31.999186596000101 ], [ -110.965434552, 31.998726487000098 ], [ -110.967289776, 31.997752872 ] ] ] } },
{ "type": "Feature", "properties": { "objectid": "68436", "id": "200136", "type": "AC; OVERHEAD", "status": "NOT AVAILABLE", "naics_code": "221121", "naics_desc": "ELECTRIC BULK POWER TRANSMISSION AND CONTROL", "source": "http://www.oasis.oati.com/PPW/PPWdocs/Transmission_Network_Diagram.pdf", "sourcedate": "2014-06-22T20:00:00-06:00", "val_method": "IMAGERY/OTHER", "val_date": "2014-06-22T20:00:00-06:00", "owner": "PACIFICORP", "voltage": 345.0, "volt_class": "345", "inferred": "N", "sub_1": "BORAH", "sub_2": "POPULUS", "shape_lengt": 103195.89704188, "globalid": "347a4588-0047-4523-b6f9-d91e99fac8aa", "NERC": "WECC", "NERC_Label": "Western Electricity Coordinating Council (WECC)" }, "geometry": { "type": "MultiLineString", "coordinates": [ [ [ -112.930460759, 42.750304781000096 ], [ -112.929369458, 42.74916772 ], [ -112.927668699, 42.748998957 ], [ -112.924082746, 42.747257651 ], [ -112.915543363, 42.747234304000102 ], [ -112.910393467, 42.747196089000099 ], [ -112.904079969, 42.747178108000099 ], [ -112.897235467, 42.747146746 ], [ -112.883416743, 42.747097529 ], [ -112.873885803, 42.747051189 ], [ -112.859102077, 42.746987359000101 ], [ -112.82764521, 42.7468507580001 ], [ -112.824139434, 42.746623852 ], [ -112.8202424, 42.746376219000098 ], [ -112.807297478, 42.7401331350001 ], [ -112.794278221, 42.733816187000102 ], [ -112.779284939, 42.726605387000099 ], [ -112.775308135, 42.724644983000097 ], [ -112.767572457, 42.722513534 ], [ -112.758040702, 42.7198257 ], [ -112.740758081, 42.71251297 ], [ -112.729849693, 42.707892172000101 ], [ -112.714911764, 42.701654408 ], [ -112.70359123, 42.696931817 ], [ -112.686796656, 42.689833598000099 ], [ -112.666825118, 42.681368236 ], [ -112.650040801, 42.674316375000103 ], [ -112.630653219, 42.666181673 ], [ -112.617397189, 42.660583089000099 ], [ -112.610751702, 42.656267886000101 ], [ -112.59357293, 42.642534843000099 ], [ -112.581185939, 42.632742635 ], [ -112.56884019, 42.622976804000103 ], [ -112.553069412, 42.619355816 ], [ -112.54384568, 42.617258701 ], [ -112.538404827, 42.615514701 ], [ -112.522210603, 42.610381587000099 ], [ -112.504903635, 42.6049789160001 ], [ -112.491588423, 42.600773997 ], [ -112.474156727, 42.595318633 ], [ -112.459456662, 42.590659407 ], [ -112.442683377, 42.585379802 ], [ -112.42810846, 42.580804683000103 ], [ -112.410305529, 42.575205834 ], [ -112.389193248, 42.568486605 ], [ -112.373824045, 42.553703385000098 ], [ -112.354193018, 42.534769023000102 ], [ -112.344750799, 42.525591318000103 ], [ -112.33493936, 42.516169011 ], [ -112.329155958, 42.514391741000097 ], [ -112.320660984, 42.51182492 ], [ -112.311904857, 42.511589382000103 ], [ -112.302255678, 42.511267055000097 ], [ -112.295877466, 42.508991051000102 ], [ -112.283225313, 42.502772930000098 ], [ -112.263472943, 42.492996082 ], [ -112.247485332, 42.485026459 ], [ -112.233975604, 42.478644788 ], [ -112.230270385, 42.476493962000099 ], [ -112.210187753, 42.466509696000102 ], [ -112.206574404, 42.464713117 ], [ -112.195843025, 42.454501277000098 ], [ -112.185633589, 42.444741978 ], [ -112.174361704, 42.433884538 ], [ -112.16598259, 42.425898706 ], [ -112.16512131, 42.425077794000103 ], [ -112.159105968, 42.425066683000097 ], [ -112.157854634, 42.425281419 ], [ -112.155141723, 42.424741948000097 ] ] ] } },
{ "type": "Feature", "properties": { "objectid": "87336", "id": "307070", "type": "AC; OVERHEAD", "status": "IN SERVICE", "naics_code": "221121", "naics_desc": "ELECTRIC BULK POWER TRANSMISSION AND CONTROL", "source": "Open Access Technology International http://www.oatioasis.com/AZPS/AZPSdocs/2014_APS_Ten-Year_Plan_20140131.pdf", "sourcedate": "2016-12-31T18:00:00-07:00", "val_method": "IMAGERY/OTHER", "val_date": "2016-12-31T18:00:00-07:00", "owner": "NOT AVAILABLE", "voltage": 345.0, "volt_class": "345", "inferred": "N", "sub_1": "NOT AVAILABLE", "sub_2": "PINNACLE PEAK APS", "shape_lengt": 253684.55650370501, "globalid": "64ee0f88-11a0-4779-83d6-da8bb0b7d7c9", "NERC": "WECC", "NERC_Label": "Western Electricity Coordinating Council (WECC)" }, "geometry": { "type": "MultiLineString", "coordinates": [ [ [ -110.304221819, 34.938624772 ], [ -110.301449545, 34.935913961 ], [ -110.306576721, 34.930274067 ], [ -110.306868877, 34.929952696 ], [ -110.307993064, 34.928716091000098 ], [ -110.309341736, 34.927728355 ], [ -110.310567001, 34.926830999000103 ], [ -110.368948, 34.883915000000101 ], [ -110.425304, 34.842505999 ], [ -110.558387, 34.745434 ], [ -110.634046, 34.690009 ], [ -110.700517, 34.637941 ], [ -110.748239, 34.600549999000101 ], [ -110.76557, 34.586913999 ], [ -110.8036, 34.557194999 ], [ -110.815031, 34.555169999 ], [ -110.897321, 34.491856 ], [ -110.95881, 34.444822000000102 ], [ -111.068360001, 34.382788 ], [ -111.099666, 34.347702 ], [ -111.130791, 34.312763999 ], [ -111.141561, 34.300757 ], [ -111.149468001, 34.292896 ], [ -111.185836, 34.256682 ], [ -111.213034, 34.229633 ], [ -111.228363, 34.214299999 ], [ -111.259591, 34.176094999 ], [ -111.280815001, 34.141217 ], [ -111.300541, 34.10888 ], [ -111.314318001, 34.086123 ], [ -111.329699, 34.060767 ], [ -111.349501, 34.028178 ], [ -111.365653, 34.001357 ], [ -111.381867, 33.974629 ], [ -111.383161, 33.972373 ], [ -111.397947, 33.964397 ], [ -111.410744748, 33.957415825000098 ], [ -111.417440001, 33.953799000000103 ], [ -111.421294, 33.95101 ], [ -111.446150001, 33.934007000000101 ], [ -111.477060001, 33.914762 ], [ -111.503886, 33.898386000000102 ], [ -111.519633, 33.8921950000001 ], [ -111.552641, 33.86584 ], [ -111.576050001, 33.847409 ], [ -111.615333, 33.816671 ], [ -111.634854, 33.810670000000101 ], [ -111.645381, 33.806634999 ], [ -111.656079, 33.802651 ], [ -111.667495, 33.8004910000001 ], [ -111.672478, 33.799086999 ], [ -111.692894, 33.792629 ], [ -111.727248, 33.781626000000102 ], [ -111.760651001, 33.770976 ], [ -111.765054423, 33.769991234 ], [ -111.83234558, 33.769872261 ], [ -111.87048834, 33.755333755 ], [ -111.884966767, 33.744061534 ], [ -111.926140959, 33.712843006000099 ], [ -111.934269198, 33.705685587000097 ], [ -111.9372688, 33.702453782000099 ] ] ] } },
{ "type": "Feature", "properties": { "objectid": "87221", "id": "306955", "type": "AC; OVERHEAD", "status": "IN SERVICE", "naics_code": "221121", "naics_desc": "ELECTRIC BULK POWER TRANSMISSION AND CONTROL", "source": "Western Electricity Coordinating Council https://www.wecc.biz/Reliability/YEAR%202014%20OC%20MAP-1.pdf", "sourcedate": "2016-12-31T18:00:00-07:00", "val_method": "IMAGERY/OTHER", "val_date": "2016-12-31T18:00:00-07:00", "owner": "ARIZONA PUBLIC SERVICE COMPANY", "voltage": 345.0, "volt_class": "345", "inferred": "N", "sub_1": "PINNACLE PEAK WALC", "sub_2": "FLAGSTAFF", "shape_lengt": 223076.75793983199, "globalid": "9f2846ba-a5a1-43ab-9e50-dd09af45fe58", "NERC": "WECC", "NERC_Label": "Western Electricity Coordinating Council (WECC)" }, "geometry": { "type": "MultiLineString", "coordinates": [ [ [ -111.940547084, 33.7029170180001 ], [ -111.940522649, 33.703131624 ], [ -111.940251277, 33.705515 ], [ -111.940203001, 33.7059390000001 ], [ -111.938013, 33.709936 ], [ -111.92599, 33.716954139 ], [ -111.913866, 33.724005 ], [ -111.908336001, 33.728129 ], [ -111.888282, 33.743261000000103 ], [ -111.870089, 33.769701999000098 ], [ -111.83922767, 33.813462374 ], [ -111.838967739, 33.813830950000103 ], [ -111.83762, 33.815741999000103 ], [ -111.83292, 33.82867 ], [ -111.811650001, 33.887251 ], [ -111.812628, 33.899031 ], [ -111.812892, 33.92645 ], [ -111.81332, 33.929739 ], [ -111.829673, 33.956332999 ], [ -111.839259001, 33.964846000000101 ], [ -111.8633, 33.985889 ], [ -111.866948, 33.987960999000101 ], [ -111.871839, 33.993312 ], [ -111.875852, 34.0135099990001 ], [ -111.867234, 34.034311000000102 ], [ -111.850254, 34.075871 ], [ -111.840717, 34.099304000000103 ], [ -111.833164, 34.117897 ], [ -111.833636, 34.123532 ], [ -111.830471, 34.131303000000102 ], [ -111.825285, 34.143993999 ], [ -111.821548, 34.15308 ], [ -111.812887, 34.18223 ], [ -111.738279, 34.27397 ], [ -111.730348, 34.284046 ], [ -111.728268, 34.288577 ], [ -111.725162, 34.295452 ], [ -111.71372, 34.320191999 ], [ -111.711907, 34.324038 ], [ -111.71122, 34.32539 ], [ -111.700705001, 34.33761 ], [ -111.69902, 34.339632999000102 ], [ -111.693419, 34.346414 ], [ -111.681821, 34.358392 ], [ -111.674612001, 34.367248999 ], [ -111.670528, 34.371256000000102 ], [ -111.657108, 34.386565 ], [ -111.638524, 34.4076949990001 ], [ -111.628997001, 34.418615999000103 ], [ -111.617176001, 34.431193999000101 ], [ -111.614716, 34.434012 ], [ -111.576549, 34.476923 ], [ -111.517424001, 34.543309999 ], [ -111.453644, 34.614705999000101 ], [ -111.410281, 34.663271000000101 ], [ -111.403328, 34.6811930000001 ], [ -111.376435, 34.750250000000101 ], [ -111.363962, 34.782334 ], [ -111.368098, 34.821476 ], [ -111.375524, 34.890564 ], [ -111.382881, 34.9601720000001 ], [ -111.389307, 35.019825 ], [ -111.392752001, 35.0316 ], [ -111.397023001, 35.046209 ], [ -111.395779, 35.101699999000097 ], [ -111.394205, 35.170930999000099 ], [ -111.393980001, 35.180817999 ], [ -111.39403356, 35.182452514 ] ] ] } },
{ "type": "Feature", "properties": { "objectid": "74408", "id": "206687", "type": "AC", "status": "NOT AVAILABLE", "naics_code": "221121", "naics_desc": "ELECTRIC BULK POWER TRANSMISSION AND CONTROL", "source": "IMAGERY", "sourcedate": "2016-01-06T18:00:00-07:00", "val_method": "IMAGERY", "val_date": "2016-01-06T18:00:00-07:00", "owner": "PACIFICORP", "voltage": 345.0, "volt_class": "345", "inferred": "Y", "sub_1": "NOT AVAILABLE", "sub_2": "HUNTINGTON", "shape_lengt": 1490.1959579956001, "globalid": "0b0d3f60-1640-48d2-9582-de78fb045448", "NERC": "WECC", "NERC_Label": "Western Electricity Coordinating Council (WECC)" }, "geometry": { "type": "MultiLineString", "coordinates": [ [ [ -111.078850681, 39.379130247 ], [ -111.076755566, 39.379477648 ], [ -111.077293324, 39.3800582370001 ], [ -111.078364081, 39.3813288690001 ], [ -111.079453874, 39.382570948000101 ], [ -111.081985621, 39.382923108 ], [ -111.084250868, 39.3833418930001 ], [ -111.085765797, 39.383355784000102 ] ] ] } },
{ "type": "Feature", "properties": { "objectid": "68438", "id": "200138", "type": "AC; OVERHEAD", "status": "NOT AVAILABLE", "naics_code": "221121", "naics_desc": "ELECTRIC BULK POWER TRANSMISSION AND CONTROL", "source": "http://www.oasis.oati.com/PPW/PPWdocs/Transmission_Network_Diagram.pdf", "sourcedate": "2014-06-22T20:00:00-06:00", "val_method": "IMAGERY/OTHER", "val_date": "2014-06-22T20:00:00-06:00", "owner": "PACIFICORP", "voltage": 345.0, "volt_class": "345", "inferred": "N", "sub_1": "KINPORT", "sub_2": "POPULUS", "shape_lengt": 90277.643709357202, "globalid": "64d02212-b7ac-4af5-b3ab-e39291c40225", "NERC": "WECC", "NERC_Label": "Western Electricity Coordinating Council (WECC)" }, "geometry": { "type": "MultiLineString", "coordinates": [ [ [ -112.558736669, 42.892690368 ], [ -112.556806043, 42.892422734 ], [ -112.554234625, 42.892395874 ], [ -112.543395063, 42.879944963000099 ], [ -112.535032665, 42.870313148 ], [ -112.534985331, 42.85962736 ], [ -112.534969553, 42.8521438940001 ], [ -112.534937997, 42.846915339000098 ], [ -112.536152911, 42.843988543000101 ], [ -112.535837349, 42.840888071 ], [ -112.535932018, 42.828253194000098 ], [ -112.535853127, 42.819620191000098 ], [ -112.535805793, 42.804098584 ], [ -112.53574268, 42.794802275 ], [ -112.535032665, 42.784902428000102 ], [ -112.533312851, 42.769013048 ], [ -112.532129494, 42.758379248 ], [ -112.530614795, 42.744731022000103 ], [ -112.522141951, 42.731381124 ], [ -112.511570617, 42.714376703 ], [ -112.499579254, 42.695233911000102 ], [ -112.489717935, 42.679391135000103 ], [ -112.477568791, 42.668799971 ], [ -112.461064888, 42.654250128000101 ], [ -112.446123019, 42.641136109000101 ], [ -112.427921222, 42.625087192000102 ], [ -112.40441945, 42.604660783 ], [ -112.385077513, 42.58750236 ], [ -112.384146604, 42.579428335 ], [ -112.382251205, 42.563701724000097 ], [ -112.371924755, 42.553667871000101 ], [ -112.363795422, 42.545869188 ], [ -112.350669071, 42.53312092 ], [ -112.342763021, 42.525617492 ], [ -112.333974553, 42.517064478000101 ], [ -112.320332454, 42.512912678000099 ], [ -112.312812838, 42.512773824000099 ], [ -112.29981937, 42.512426811000097 ], [ -112.294647603, 42.5097916060001 ], [ -112.282190423, 42.503657651 ], [ -112.266079567, 42.495690137 ], [ -112.246545678, 42.485985321 ], [ -112.226026767, 42.475787139 ], [ -112.208964015, 42.467284185 ], [ -112.20534334, 42.4655302560001 ], [ -112.194980407, 42.455568449000097 ], [ -112.184360422, 42.4453618000001 ], [ -112.173603363, 42.434988530000098 ], [ -112.163897899, 42.425780187 ], [ -112.159121076, 42.425796951 ], [ -112.157864416, 42.425830479000098 ], [ -112.155141723, 42.424741948000097 ] ] ] } },
{ "type": "Feature", "properties": { "objectid": "68479", "id": "200180", "type": "AC; OVERHEAD", "status": "NOT AVAILABLE", "naics_code": "221121", "naics_desc": "ELECTRIC BULK POWER TRANSMISSION AND CONTROL", "source": "Regional Map", "sourcedate": "2014-06-29T20:00:00-06:00", "val_method": "IMAGERY/OTHER", "val_date": "2014-06-29T20:00:00-06:00", "owner": "UTAH MUNICIPAL POWER AGENCY", "voltage": 345.0, "volt_class": "345", "inferred": "N", "sub_1": "BONANZA", "sub_2": "MONA", "shape_lengt": 360192.08204201102, "globalid": "747c6d7b-a885-4a86-b08b-e3752b894c1f", "NERC": "WECC", "NERC_Label": "Western Electricity Coordinating Council (WECC)" }, "geometry": { "type": "MultiLineString", "coordinates": [ [ [ -109.290506664, 40.085944304000101 ], [ -109.291897658, 40.086142957 ], [ -109.295337035, 40.086209723 ], [ -109.295367835, 40.089064914000097 ], [ -109.295122782, 40.095320817000101 ], [ -109.29472348, 40.108388698 ], [ -109.297875113, 40.114038306000097 ], [ -109.303479602, 40.1309298 ], [ -109.306688278, 40.140567738000101 ], [ -109.312765748, 40.15858251 ], [ -109.336569373, 40.176409085000103 ], [ -109.348358288, 40.185261604000097 ], [ -109.362203132, 40.195547234000102 ], [ -109.366160499, 40.198651681000101 ], [ -109.372340172, 40.203099325 ], [ -109.381348234, 40.208880826 ], [ -109.406898805, 40.227374686000097 ], [ -109.423417545, 40.229216536000102 ], [ -109.443192499, 40.231502900000102 ], [ -109.466116708, 40.234015998000103 ], [ -109.483918921, 40.2337982600001 ], [ -109.497205218, 40.233780116 ], [ -109.524514617, 40.234215590000098 ], [ -109.551146631, 40.234587556000101 ], [ -109.57648329, 40.234995809 ], [ -109.613145389, 40.248666317000101 ], [ -109.64671765, 40.2481039480001 ], [ -109.68487713, 40.274802227000102 ], [ -109.709049158, 40.27288908 ], [ -109.719245619, 40.272045828 ], [ -109.753103096, 40.271719405000098 ], [ -109.782884366, 40.271447384 ], [ -109.817645026, 40.271592462 ], [ -109.848008611, 40.271665001 ], [ -109.868318344, 40.271782876 ], [ -109.888176485, 40.270939609 ], [ -109.918563838, 40.269679223 ], [ -109.935284607, 40.273106692000098 ], [ -109.960134023, 40.2699875220001 ], [ -109.97452553, 40.270250480000101 ], [ -110.010724153, 40.265580541000098 ], [ -110.029893684, 40.260338397 ], [ -110.048308578, 40.260387859 ], [ -110.060040242, 40.266334023000098 ], [ -110.067998184, 40.266268079 ], [ -110.089754695, 40.266059258 ], [ -110.111993722, 40.265872417 ], [ -110.129537204, 40.265718547000098 ], [ -110.133692619, 40.265691071 ], [ -110.138193717, 40.266064753000101 ], [ -110.1422447, 40.266414100000098 ], [ -110.1462087, 40.266702200000097 ], [ -110.1505419, 40.2670654 ], [ -110.1546946, 40.2673973 ], [ -110.158954, 40.2677354 ], [ -110.1625486, 40.268054800000101 ], [ -110.167325, 40.2684243 ], [ -110.1714202, 40.2687436 ], [ -110.1754252, 40.2687562 ], [ -110.1795779, 40.268737400000099 ], [ -110.1839604, 40.2687248 ], [ -110.1883593, 40.2686998 ], [ -110.19275, 40.2686810000001 ], [ -110.1971817, 40.2686685 ], [ -110.2010717, 40.2686622 ], [ -110.205602, 40.2686372000001 ], [ -110.2100501, 40.2686247 ], [ -110.2144326, 40.2686121 ], [ -110.21893, 40.2685871 ], [ -110.2232304, 40.2685683 ], [ -110.2269317, 40.2661636 ], [ -110.232449, 40.262414 ], [ -110.2374932, 40.259071 ], [ -110.2392849, 40.257939500000099 ], [ -110.2420424, 40.2561545 ], [ -110.2444881, 40.2546639 ], [ -110.2477298, 40.2525907 ], [ -110.2512505, 40.2503045 ], [ -110.2546892, 40.2482437 ], [ -110.2580623, 40.2461765 ], [ -110.2613943, 40.244046700000098 ], [ -110.2646442, 40.244385000000101 ], [ -110.2691662, 40.2448297 ], [ -110.2736882, 40.245368400000103 ], [ -110.2778819, 40.2457004 ], [ -110.28352, 40.2428126 ], [ -110.286376, 40.2426121 ], [ -110.2899132, 40.2423302 ], [ -110.2944065, 40.2424473 ], [ -110.298159, 40.242551800000101 ], [ -110.3023625, 40.242650200000099 ], [ -110.3077497, 40.2428161 ], [ -110.3130724, 40.242963700000097 ], [ -110.31606, 40.2429883 ], [ -110.3199735, 40.2431235 ], [ -110.3242414, 40.2430682 ], [ -110.3282275, 40.243062000000101 ], [ -110.3326323, 40.2430128 ], [ -110.3370451, 40.2429575 ], [ -110.3412405, 40.242926800000099 ], [ -110.3447756, 40.242908300000103 ], [ -110.348963, 40.2429206 ], [ -110.3537462, 40.242853 ], [ -110.3577967, 40.242859200000098 ], [ -110.3620968, 40.2427916 ], [ -110.3665097, 40.2427608 ], [ -110.3705843, 40.2426748 ], [ -110.3749649, 40.2426625 ], [ -110.3795059, 40.2425843 ], [ -110.3838226, 40.242565500000097 ], [ -110.3879497, 40.2425403 ], [ -110.3920479, 40.242477300000097 ], [ -110.3952555, 40.2424081 ], [ -110.3981622, 40.242433300000101 ], [ -110.4021491, 40.2424081 ], [ -110.4077362, 40.242335400000101 ], [ -110.4143663, 40.2422885 ], [ -110.4172331, 40.2422885 ], [ -110.4206232, 40.242257800000097 ], [ -110.4257366, 40.2421902 ], [ -110.4295532, 40.242167600000101 ], [ -110.434307, 40.242104600000097 ], [ -110.4383722, 40.242063700000102 ], [ -110.4409119, 40.2399645 ], [ -110.4437362, 40.2376450000001 ], [ -110.4469438, 40.235026300000101 ], [ -110.449768, 40.232694 ], [ -110.4516687, 40.231136 ], [ -110.4538992, 40.229269400000099 ], [ -110.4573048, 40.226631500000103 ], [ -110.4600548, 40.2242927 ], [ -110.4633407, 40.2216483 ], [ -110.4655589, 40.21975 ], [ -110.4684903, 40.217335300000101 ], [ -110.4723164, 40.2142279 ], [ -110.4752725, 40.211743700000099 ], [ -110.4783359, 40.2093445 ], [ -110.4813869, 40.2067437 ], [ -110.4843389, 40.204325400000101 ], [ -110.4878187, 40.204193100000097 ], [ -110.4921642, 40.204070300000097 ], [ -110.4960934, 40.2039317 ], [ -110.4998164, 40.2038184 ], [ -110.5066688, 40.2035696 ], [ -110.5119956, 40.2034248000001 ], [ -110.5167782, 40.203289400000102 ], [ -110.5240099, 40.2026249 ], [ -110.5280535, 40.202254100000097 ], [ -110.53264, 40.201852100000103 ], [ -110.539201, 40.2012053 ], [ -110.543068, 40.2008586 ], [ -110.5481831, 40.2003853000001 ], [ -110.5519758, 40.2000652 ], [ -110.5567418, 40.1996319 ], [ -110.5608662, 40.1992552 ], [ -110.5647332, 40.1988985 ], [ -110.5687092, 40.1985084 ], [ -110.5732962, 40.1981117 ], [ -110.5775865, 40.1977184 ], [ -110.5806329, 40.197651700000101 ], [ -110.5866471, 40.1975083 ], [ -110.5907672, 40.1973883000001 ], [ -110.5954372, 40.197275 ], [ -110.5997318, 40.197161600000101 ], [ -110.6041879, 40.197055 ], [ -110.6084189, 40.196918 ], [ -110.6130016, 40.1967913 ], [ -110.6164015, 40.196717900000102 ], [ -110.6230835, 40.197498000000103 ], [ -110.6265532, 40.1979014 ], [ -110.631149, 40.1984715 ], [ -110.6351512, 40.199424900000103 ], [ -110.6377306, 40.200024900000102 ], [ -110.6411829, 40.200805 ], [ -110.6453204, 40.2017517 ], [ -110.6496107, 40.2027617 ], [ -110.6537744, 40.203701700000103 ], [ -110.6585797, 40.204865100000099 ], [ -110.6620669, 40.205625100000098 ], [ -110.6664008, 40.206631700000102 ], [ -110.6702066, 40.207498300000097 ], [ -110.6750206, 40.208615000000101 ], [ -110.6788395, 40.209504900000098 ], [ -110.682593, 40.210368200000097 ], [ -110.6872042, 40.211481300000102 ], [ -110.6909472, 40.2123397 ], [ -110.6938924, 40.213012 ], [ -110.6980148, 40.2139511 ], [ -110.7017944, 40.2148143000001 ], [ -110.7062444, 40.215832400000103 ], [ -110.7105354, 40.2168756 ], [ -110.7147835, 40.217817400000101 ], [ -110.718642, 40.2187232 ], [ -110.7224919, 40.219593 ], [ -110.7273481, 40.2197336 ], [ -110.7309968, 40.2197107 ], [ -110.7347653, 40.219753200000099 ], [ -110.7389107, 40.2197695 ], [ -110.7423281, 40.219821900000099 ], [ -110.7467432, 40.219864400000098 ], [ -110.7501863, 40.219884 ], [ -110.7538349, 40.2199298 ], [ -110.7580745, 40.220008300000103 ], [ -110.7620615, 40.2200246 ], [ -110.7664381, 40.2200867 ], [ -110.7706649, 40.2201325 ], [ -110.774973, 40.2201685 ], [ -110.7794053, 40.2202241 ], [ -110.7837091, 40.2202797 ], [ -110.7879873, 40.2203156 ], [ -110.7923596, 40.2203516000001 ], [ -110.796762, 40.2203974 ], [ -110.8005904, 40.2204333 ], [ -110.8068128, 40.220488900000099 ], [ -110.8103929, 40.2205347 ], [ -110.8128939, 40.2205707 ], [ -110.8163755, 40.220596800000102 ], [ -110.8197928, 40.2206459000001 ], [ -110.8270473, 40.2207178 ], [ -110.8297837, 40.2207178 ], [ -110.8334518, 40.220779300000103 ], [ -110.8377593, 40.220804900000097 ], [ -110.8417406, 40.2208368 ], [ -110.8458055, 40.220881500000097 ], [ -110.8497618, 40.2209262000001 ], [ -110.8534671, 40.220951800000101 ], [ -110.8561938, 40.218665400000098 ], [ -110.8584353, 40.216774900000097 ], [ -110.8609529, 40.214699100000097 ], [ -110.8640126, 40.212139100000101 ], [ -110.8668932, 40.2097262 ], [ -110.8696753, 40.2074197 ], [ -110.8729663, 40.2046744 ], [ -110.8754284, 40.2025182 ], [ -110.8781613, 40.2002303 ], [ -110.8810829, 40.1978106 ], [ -110.8842918, 40.1952467 ], [ -110.8908655, 40.192356700000097 ], [ -110.8940908, 40.190896000000102 ], [ -110.8991873, 40.1887018 ], [ -110.9006892, 40.188068600000101 ], [ -110.9050634, 40.1850403 ], [ -110.9082477, 40.182827100000097 ], [ -110.9131636, 40.179391000000102 ], [ -110.9171194, 40.176701 ], [ -110.9201559, 40.1745376000001 ], [ -110.9237177, 40.172092 ], [ -110.926902, 40.169903400000102 ], [ -110.9295528, 40.168028300000103 ], [ -110.9330654, 40.1668305 ], [ -110.9390564, 40.164704400000097 ], [ -110.9431024, 40.163293300000099 ], [ -110.9470745, 40.1619009 ], [ -110.9511287, 40.160496000000101 ], [ -110.9547808, 40.1591726 ], [ -110.9591222, 40.1576672 ], [ -110.9619864, 40.156281 ], [ -110.9654169, 40.1545498 ], [ -110.9708581, 40.1518212 ], [ -110.9755606, 40.149412400000102 ], [ -110.9791142, 40.147637100000097 ], [ -110.9829468, 40.1456924 ], [ -110.986287, 40.1440236 ], [ -110.9894877, 40.142405000000103 ], [ -110.9935337, 40.140435 ], [ -110.9969642, 40.138722200000103 ], [ -111.0001321, 40.137109800000097 ], [ -111.0036036, 40.1353781 ], [ -111.0070505, 40.1336338 ], [ -111.0097177, 40.1323161 ], [ -111.0106943, 40.1312432 ], [ -111.0132303, 40.128231200000101 ], [ -111.0147239, 40.1263989 ], [ -111.0207467, 40.1193815 ], [ -111.0241894, 40.115361500000098 ], [ -111.0261313, 40.1131291 ], [ -111.0277599, 40.1112561 ], [ -111.0306789, 40.107809600000103 ], [ -111.0325755, 40.1048548 ], [ -111.0346534, 40.101663400000099 ], [ -111.0380178, 40.0965354 ], [ -111.0406358, 40.0946272 ], [ -111.046779, 40.089965500000098 ], [ -111.0509679, 40.0867954 ], [ -111.0536643, 40.084811300000098 ], [ -111.0566535, 40.0832562 ], [ -111.0617783, 40.0804171 ], [ -111.0662228, 40.0781899 ], [ -111.0696779, 40.0764705 ], [ -111.0775074, 40.072501600000102 ], [ -111.0816414, 40.070290100000101 ], [ -111.0829991, 40.0696021 ], [ -111.0928023, 40.0645959 ], [ -111.0999426, 40.0633268 ], [ -111.105401, 40.0623459 ], [ -111.1070733, 40.062059700000098 ], [ -111.115183, 40.060622200000097 ], [ -111.122049, 40.0594162 ], [ -111.1243348, 40.058628200000101 ], [ -111.1269064, 40.0578113 ], [ -111.1320832, 40.0561389000001 ], [ -111.1383651, 40.0541899 ], [ -111.1400711, 40.0535723 ], [ -111.1478782, 40.0511279 ], [ -111.1515045, 40.049937800000102 ], [ -111.1562317, 40.0484389000001 ], [ -111.1625304, 40.0464027 ], [ -111.1643876, 40.045804400000101 ], [ -111.1698039, 40.044089900000102 ], [ -111.1732159, 40.042993 ], [ -111.1771867, 40.041899300000097 ], [ -111.182729, 40.0404195 ], [ -111.1856199, 40.0396603 ], [ -111.1883134, 40.0389204 ], [ -111.1937507, 40.037424400000099 ], [ -111.1980703, 40.0362598 ], [ -111.2007595, 40.0352754 ], [ -111.2099197, 40.0319423 ], [ -111.2115963, 40.0313631000001 ], [ -111.223702, 40.0268554 ], [ -111.2252567, 40.026308400000097 ], [ -111.2334715, 40.023245200000098 ], [ -111.2361817, 40.022267 ], [ -111.240508, 40.020673400000099 ], [ -111.2429325, 40.0198336 ], [ -111.2480043, 40.0179929 ], [ -111.2500632, 40.017246300000103 ], [ -111.2547935, 40.015053900000098 ], [ -111.2638956, 40.010928 ], [ -111.2676079, 40.009244200000097 ], [ -111.2775413, 40.0046963 ], [ -111.2797471, 40.0036806 ], [ -111.2829012, 40.0022689 ], [ -111.2882964, 39.9997808 ], [ -111.2938681, 39.997689900000097 ], [ -111.2969191, 39.9964391 ], [ -111.3000293, 39.9951705 ], [ -111.303506, 39.993864900000098 ], [ -111.3067725, 39.9926255 ], [ -111.310382, 39.9912604 ], [ -111.3138494, 39.9899463 ], [ -111.3172632, 39.988594300000102 ], [ -111.3218035, 39.986887200000098 ], [ -111.3243309, 39.985912600000098 ], [ -111.3272994, 39.9847817 ], [ -111.331758, 39.9830272 ], [ -111.3365406, 39.9812657 ], [ -111.3393348, 39.9807782 ], [ -111.342123, 39.9802817 ], [ -111.3451171, 39.9797436 ], [ -111.347938, 39.979264500000099 ], [ -111.354491, 39.978109000000103 ], [ -111.3582154, 39.977444100000099 ], [ -111.3653886, 39.979088100000098 ], [ -111.368555, 39.9797768 ], [ -111.3747353, 39.9811732000001 ], [ -111.3854921, 39.9837226000001 ], [ -111.3898922, 39.984693300000103 ], [ -111.3968663, 39.9854038 ], [ -111.4053523, 39.9862626 ], [ -111.414758, 39.987230800000098 ], [ -111.4196578, 39.9877337 ], [ -111.4210524, 39.9874194000001 ], [ -111.4245491, 39.9866049 ], [ -111.4367626, 39.9838585 ], [ -111.4399358, 39.9831235 ], [ -111.4450715, 39.9833031000001 ], [ -111.449794, 39.9834221 ], [ -111.4577422, 39.9836453 ], [ -111.4666455, 39.9875537 ], [ -111.4694205, 39.987245200000103 ], [ -111.4792016, 39.9861788 ], [ -111.4849357, 39.9855259 ], [ -111.4896421, 39.9850173 ], [ -111.4928154, 39.9846662 ], [ -111.4952992, 39.981670300000097 ], [ -111.4974704, 39.9791469 ], [ -111.5001683, 39.9759965000001 ], [ -111.5029476, 39.9726393 ], [ -111.5044722, 39.9708047 ], [ -111.5086775, 39.9657832 ], [ -111.5110628, 39.9629834 ], [ -111.5133239, 39.9602263 ], [ -111.5153195, 39.9579909 ], [ -111.5177905, 39.954961 ], [ -111.5192679, 39.9531719 ], [ -111.5202615, 39.9511891000001 ], [ -111.5221286, 39.9474137 ], [ -111.5228652, 39.9458772 ], [ -111.5268478, 39.9377608 ], [ -111.5280169, 39.9354689 ], [ -111.5296379, 39.9322612 ], [ -111.5327978, 39.9258329 ], [ -111.5355332, 39.9202612 ], [ -111.5367224, 39.9179119 ], [ -111.5386973, 39.913864 ], [ -111.5389914, 39.911878600000101 ], [ -111.5396848, 39.9073792 ], [ -111.540147, 39.903869 ], [ -111.5410126, 39.897770100000102 ], [ -111.5416134, 39.8938822000001 ], [ -111.5421345, 39.8903101000001 ], [ -111.5424076, 39.888295 ], [ -111.5436514, 39.887231 ], [ -111.5501013, 39.8818819 ], [ -111.5515762, 39.880630800000098 ], [ -111.55332, 39.8791637 ], [ -111.5560933, 39.876935500000101 ], [ -111.5594296, 39.8741525 ], [ -111.562123, 39.8718887 ], [ -111.5623542, 39.8705407 ], [ -111.5628248, 39.867886500000097 ], [ -111.5638248, 39.8618489 ], [ -111.5645728, 39.857671900000099 ], [ -111.5653501, 39.853214 ], [ -111.5661695, 39.848420400000101 ], [ -111.5668922, 39.8443781 ], [ -111.5675581, 39.8407152 ], [ -111.5678715, 39.8386733 ], [ -111.568894, 39.836146900000102 ], [ -111.579123, 39.811137900000098 ], [ -111.5834933, 39.7975530000001 ], [ -111.5898381, 39.7779359 ], [ -111.5984988, 39.757012900000099 ], [ -111.6035101, 39.7448667 ], [ -111.6235284, 39.7084662 ], [ -111.6712009, 39.711543300000102 ], [ -111.7082908, 39.7139345 ], [ -111.7173526, 39.7209281 ], [ -111.7574954, 39.716657300000101 ], [ -111.7818552, 39.732893 ], [ -111.7844073, 39.734592500000097 ], [ -111.8019884, 39.742377700000098 ], [ -111.8077812, 39.744061100000103 ], [ -111.8207272, 39.747944400000101 ], [ -111.8262781, 39.749577400000099 ], [ -111.8298114, 39.7534699 ], [ -111.8322398, 39.7653554 ], [ -111.8618112, 39.7806343 ], [ -111.8655197, 39.782628600000102 ], [ -111.8691726, 39.7843564 ], [ -111.9006106, 39.8004766 ], [ -111.9025498, 39.813666500000103 ], [ -111.903747, 39.822642200000097 ], [ -111.9038272, 39.823466800000098 ], [ -111.904342977, 39.824040492000101 ] ] ] } },
{ "type": "Feature", "properties": { "objectid": "73158", "id": "205302", "type": "AC; OVERHEAD", "status": "NOT AVAILABLE", "naics_code": "221121", "naics_desc": "ELECTRIC BULK POWER TRANSMISSION AND CONTROL", "source": "IMAGERY", "sourcedate": "2015-09-13T20:00:00-06:00", "val_method": "IMAGERY", "val_date": "2015-09-13T20:00:00-06:00", "owner": "PUBLIC SERVICE CO OF COLORADO", "voltage": 345.0, "volt_class": "345", "inferred": "Y", "sub_1": "RIFLE UTE", "sub_2": "UNKNOWN201522", "shape_lengt": 170.56110536099999, "globalid": "99a43244-b963-4986-8859-f0ca6ec5e4a7", "NERC": "WECC", "NERC_Label": "Western Electricity Coordinating Council (WECC)" }, "geometry": { "type": "MultiLineString", "coordinates": [ [ [ -107.741773096, 39.520390381 ], [ -107.741224168, 39.5208168180001 ], [ -107.741176779, 39.521396619 ] ] ] } },
{ "type": "Feature", "properties": { "objectid": "69770", "id": "201521", "type": "AC; OVERHEAD", "status": "NOT AVAILABLE", "naics_code": "221121", "naics_desc": "ELECTRIC BULK POWER TRANSMISSION AND CONTROL", "source": "Regional Map", "sourcedate": "2014-07-08T20:00:00-06:00", "val_method": "IMAGERY/OTHER", "val_date": "2014-07-08T20:00:00-06:00", "owner": "TRI-STATE G & T ASSN, INC", "voltage": 345.0, "volt_class": "345", "inferred": "N", "sub_1": "UNKNOWN201471", "sub_2": "STEGALL", "shape_lengt": 129584.340493999, "globalid": "825c4030-8436-4fc2-88fb-f36ae0afc72e", "NERC": "WECC", "NERC_Label": "Western Electricity Coordinating Council (WECC)" }, "geometry": { "type": "MultiLineString", "coordinates": [ [ [ -104.888452576, 42.110419849 ], [ -104.888512115, 42.109750602000098 ], [ -104.88885378, 42.109232643 ], [ -104.889192474, 42.108703661 ], [ -104.889245951, 42.108179082 ], [ -104.889260806, 42.107539882 ], [ -104.889263778, 42.106845573 ], [ -104.889043924, 42.10634302 ], [ -104.888143711, 42.10631657 ], [ -104.887204877, 42.1062784370001 ], [ -104.886531928, 42.106247723000102 ], [ -104.886517896, 42.106043875000097 ], [ -104.874770787, 42.102725217 ], [ -104.860053486, 42.101781156000101 ], [ -104.856615552, 42.101574335000102 ], [ -104.83600968, 42.100248221000101 ], [ -104.825498729, 42.09957905 ], [ -104.822685907, 42.099378134 ], [ -104.809065012, 42.089965579000101 ], [ -104.803687853, 42.086258696000101 ], [ -104.794747991, 42.082177293 ], [ -104.780258418, 42.075528247000101 ], [ -104.771748357, 42.071637496 ], [ -104.756531747, 42.064662687000101 ], [ -104.74956048, 42.061452398 ], [ -104.742777168, 42.052895714 ], [ -104.737234528, 42.045845861 ], [ -104.718035938, 42.040459727 ], [ -104.710992924, 42.038474668 ], [ -104.710932638, 42.02152741 ], [ -104.710910816, 42.011106563000098 ], [ -104.696790487, 41.994640789000101 ], [ -104.686580555, 41.9826441270001 ], [ -104.678934084, 41.973709201000098 ], [ -104.66571791, 41.958221251 ], [ -104.659967921, 41.951420938000098 ], [ -104.650840351, 41.9406400720001 ], [ -104.644341852, 41.933049413 ], [ -104.642359312, 41.9307519870001 ], [ -104.619063208, 41.915601642000098 ], [ -104.608640144, 41.908829429 ], [ -104.592319534, 41.898220171 ], [ -104.568827895, 41.882905227 ], [ -104.555415088, 41.874135356000103 ], [ -104.541758292, 41.8652307360001 ], [ -104.503736491, 41.8497078400001 ], [ -104.479221612, 41.839625369 ], [ -104.46049753, 41.825005830000102 ], [ -104.445444858, 41.813222600000103 ], [ -104.421024594, 41.813547979000099 ], [ -104.399811408, 41.813568348 ], [ -104.382883066, 41.8135602 ], [ -104.361986813, 41.8132017 ], [ -104.341299929, 41.812879889 ], [ -104.31853598, 41.812778048 ], [ -104.29537235, 41.812672031 ], [ -104.279485913, 41.806447554 ], [ -104.276324841, 41.8051965350001 ], [ -104.239410382, 41.805436764 ], [ -104.210939571, 41.805579361000099 ], [ -104.186043216, 41.805734181 ], [ -104.165393555, 41.805795295 ], [ -104.141398985, 41.805836037000098 ], [ -104.134209919, 41.805836037000098 ], [ -104.12536647, 41.804795834000103 ], [ -104.097886586, 41.799673595000101 ], [ -104.088026607, 41.797838 ], [ -104.052321079676275, 41.798037590919058 ] ] ] } },
{ "type": "Feature", "properties": { "objectid": "89005", "id": "308743", "type": "AC; OVERHEAD", "status": "IN SERVICE", "naics_code": "221121", "naics_desc": "ELECTRIC BULK POWER TRANSMISSION AND CONTROL", "source": "Western Electricity Coordinating Council https://www.wecc.biz/Reliability/YEAR%202014%20OC%20MAP-1.pdf", "sourcedate": "2016-12-31T18:00:00-07:00", "val_method": "IMAGERY/OTHER", "val_date": "2016-12-31T18:00:00-07:00", "owner": "NOT AVAILABLE", "voltage": 345.0, "volt_class": "345", "inferred": "N", "sub_1": "NOT AVAILABLE", "sub_2": "SPRINGERVILLE", "shape_lengt": 211642.80252052, "globalid": "6ad2e5b9-bdb1-4f0a-b57d-513740c85ed6", "NERC": "WECC", "NERC_Label": "Western Electricity Coordinating Council (WECC)" }, "geometry": { "type": "MultiLineString", "coordinates": [ [ [ -108.817516068, 35.592827394 ], [ -108.818616001, 35.589833 ], [ -108.822931, 35.573625 ], [ -108.828921, 35.564921999 ], [ -108.835412, 35.562668 ], [ -108.846819, 35.556085 ], [ -108.85504, 35.557508 ], [ -108.86177, 35.556852 ], [ -108.863647001, 35.535869 ], [ -108.863165, 35.521662 ], [ -108.8635, 35.516145000000101 ], [ -108.863858001, 35.510318999 ], [ -108.864019, 35.507576 ], [ -108.864372, 35.506014 ], [ -108.8649, 35.503544 ], [ -108.865315, 35.49995 ], [ -108.866176, 35.481308 ], [ -108.866521, 35.464967000000101 ], [ -108.86569436, 35.4595526620001 ], [ -108.865497001, 35.456842000000101 ], [ -108.865460001, 35.453761999 ], [ -108.865517001, 35.442462 ], [ -108.865624, 35.425739999 ], [ -108.866723, 35.423549 ], [ -108.867387001, 35.406856 ], [ -108.867237, 35.392597000000102 ], [ -108.867668, 35.364112999 ], [ -108.866655964, 35.356707763 ], [ -108.866625121, 35.347907905000099 ], [ -108.865980429, 35.341383619 ], [ -108.864614, 35.334915 ], [ -108.882111001, 35.323502 ], [ -108.894447, 35.314724 ], [ -108.916885001, 35.298222000000102 ], [ -108.941386935, 35.280482387000099 ], [ -108.970749001, 35.259224000000103 ], [ -108.994795001, 35.235451 ], [ -109.000143, 35.231925 ], [ -109.006602, 35.22394 ], [ -109.045713001, 35.185829999000099 ], [ -109.04572, 35.140022999000102 ], [ -109.045683, 35.024550999 ], [ -109.045617001, 34.876217 ], [ -109.045607, 34.832845 ], [ -109.008667, 34.643332999000101 ], [ -108.975975001, 34.561085 ], [ -108.981434001, 34.4606390000001 ], [ -108.975745, 34.438359 ], [ -108.97216, 34.401228000000103 ], [ -108.967888, 34.356387999 ], [ -108.964715, 34.324374 ], [ -108.960379, 34.30244 ], [ -108.959579, 34.300161999000103 ], [ -108.983507, 34.300427 ], [ -109.022398, 34.300375 ], [ -109.046869215, 34.300720903000098 ], [ -109.075279979, 34.301077822 ], [ -109.093530445, 34.315854275 ], [ -109.145283723, 34.316163605 ], [ -109.161185647, 34.312393114 ] ] ] } },
{ "type": "Feature", "properties": { "objectid": "68463", "id": "200163", "type": "AC; OVERHEAD", "status": "NOT AVAILABLE", "naics_code": "221121", "naics_desc": "ELECTRIC BULK POWER TRANSMISSION AND CONTROL", "source": "http://www.oasis.oati.com/PPW/PPWdocs/Transmission_Network_Diagram.pdf", "sourcedate": "2014-06-22T20:00:00-06:00", "val_method": "IMAGERY/OTHER", "val_date": "2014-06-22T20:00:00-06:00", "owner": "PACIFICORP", "voltage": 345.0, "volt_class": "345", "inferred": "N", "sub_1": "CAMP WILLIAMS", "sub_2": "MONA", "shape_lengt": 98335.377599092099, "globalid": "0373ff3d-5748-421c-9ef1-5237274272f2", "NERC": "WECC", "NERC_Label": "Western Electricity Coordinating Council (WECC)" }, "geometry": { "type": "MultiLineString", "coordinates": [ [ [ -111.948620614, 40.4674531470001 ], [ -111.9492978, 40.4664853 ], [ -111.94863215, 40.465277781000097 ], [ -111.944653391, 40.453754522 ], [ -111.943747832, 40.451079585000102 ], [ -111.939654987, 40.439119739 ], [ -111.941551671, 40.426023330000099 ], [ -111.944282611, 40.402727891 ], [ -111.945109736, 40.395093094000103 ], [ -111.956375756, 40.382183648000101 ], [ -111.972725743, 40.363366294000102 ], [ -111.982316121, 40.352358095 ], [ -111.987521307, 40.337315362 ], [ -111.995015349, 40.32578649 ], [ -111.996256037, 40.307203521000098 ], [ -111.998269981, 40.27645794 ], [ -111.998555664, 40.272095465000099 ], [ -112.000126441, 40.248104159 ], [ -112.001247311, 40.231835226 ], [ -112.003001388, 40.205090950000098 ], [ -112.003892686, 40.191649491000099 ], [ -112.004776855, 40.178570379000099 ], [ -112.005882066, 40.161832409000098 ], [ -112.007222579, 40.141476485 ], [ -112.003357908, 40.120781859 ], [ -111.99959306, 40.100626347000102 ], [ -111.995749779, 40.079941108000099 ], [ -111.991877976, 40.059271413 ], [ -111.988833299, 40.042700572000101 ], [ -111.985974012, 40.027321456 ], [ -111.981524647, 40.003254944000098 ], [ -111.977453193, 39.981409166 ], [ -111.97392365, 39.962485809 ], [ -111.971064362, 39.946285047000103 ], [ -111.969424373, 39.9371991350001 ], [ -111.949252494, 39.913527458 ], [ -111.933330329, 39.894804142000098 ], [ -111.93062078, 39.891642061 ], [ -111.920039279, 39.885596499 ], [ -111.90659849, 39.870630758000097 ], [ -111.906897967, 39.857254586000103 ], [ -111.907318659, 39.838176443000101 ], [ -111.907710831, 39.825900127000097 ], [ -111.905892581, 39.8255934640001 ], [ -111.905564583, 39.8245310880001 ], [ -111.904342977, 39.824040492000101 ] ] ] } },
{ "type": "Feature", "properties": { "objectid": "92498", "id": "312244", "type": "AC; OVERHEAD", "status": "IN SERVICE", "naics_code": "221121", "naics_desc": "ELECTRIC BULK POWER TRANSMISSION AND CONTROL", "source": "Open Access Technology International http://www.oatioasis.com/AZPS/AZPSdocs/2014_APS_Ten-Year_Plan_20140131.pdf", "sourcedate": "2016-12-31T18:00:00-07:00", "val_method": "IMAGERY/OTHER", "val_date": "2016-12-31T18:00:00-07:00", "owner": "NOT AVAILABLE", "voltage": 345.0, "volt_class": "345", "inferred": "N", "sub_1": "NOT AVAILABLE", "sub_2": "PREACHER CANYON", "shape_lengt": 134884.55532006299, "globalid": "c9dc716e-32cd-4227-a4c3-53f12fd72d1f", "NERC": "WECC", "NERC_Label": "Western Electricity Coordinating Council (WECC)" }, "geometry": { "type": "MultiLineString", "coordinates": [ [ [ -110.304221819, 34.938624772 ], [ -110.30214, 34.936130999 ], [ -110.306704714, 34.930921280000099 ], [ -110.306997126, 34.930587549 ], [ -110.308389, 34.928999 ], [ -110.308934687, 34.928594654000101 ], [ -110.328411001, 34.914163 ], [ -110.369228001, 34.884169 ], [ -110.425262, 34.842992999 ], [ -110.558488, 34.745788 ], [ -110.634216001, 34.690330999 ], [ -110.700802, 34.638146999000099 ], [ -110.729001, 34.61602 ], [ -110.765784, 34.587209999 ], [ -110.803746001, 34.557454 ], [ -110.815224, 34.555487 ], [ -110.898042, 34.491756000000102 ], [ -110.959051, 34.44507 ], [ -111.020202, 34.410427999 ], [ -111.068595001, 34.383004 ], [ -111.103037782, 34.344181146 ], [ -111.14186, 34.30091 ], [ -111.150235, 34.292652 ], [ -111.181906149, 34.261979940000103 ] ] ] } },
{ "type": "Feature", "properties": { "objectid": "68491", "id": "200192", "type": "AC; OVERHEAD", "status": "NOT AVAILABLE", "naics_code": "221121", "naics_desc": "ELECTRIC BULK POWER TRANSMISSION AND CONTROL", "source": "IMAGERY", "sourcedate": "2014-06-29T20:00:00-06:00", "val_method": "IMAGERY", "val_date": "2014-06-29T20:00:00-06:00", "owner": "TRI-STATE G & T ASSN, INC", "voltage": 345.0, "volt_class": "345", "inferred": "Y", "sub_1": "CRAIG", "sub_2": "BEARS EARS", "shape_lengt": 1216.3890991180001, "globalid": "69e9c4c1-971a-47b2-a5a1-59343505139d", "NERC": "WECC", "NERC_Label": "Western Electricity Coordinating Council (WECC)" }, "geometry": { "type": "MultiLineString", "coordinates": [ [ [ -107.591734929, 40.472360787000099 ], [ -107.592676207, 40.472922750000102 ], [ -107.593615042, 40.47928682 ], [ -107.593586486, 40.4802842510001 ] ] ] } },
{ "type": "Feature", "properties": { "objectid": "87461", "id": "307196", "type": "AC; OVERHEAD", "status": "IN SERVICE", "naics_code": "221121", "naics_desc": "ELECTRIC BULK POWER TRANSMISSION AND CONTROL", "source": "Western Electricity Coordinating Council https://www.wecc.biz/Reliability/YEAR%202014%20OC%20MAP-1.pdf", "sourcedate": "2016-12-31T18:00:00-07:00", "val_method": "IMAGERY/OTHER", "val_date": "2016-12-31T18:00:00-07:00", "owner": "NOT AVAILABLE", "voltage": 345.0, "volt_class": "345", "inferred": "N", "sub_1": "NOT AVAILABLE", "sub_2": "NOT AVAILABLE", "shape_lengt": 95998.5088963218, "globalid": "f1eb435f-2837-4b3c-a228-5972a1044b92", "NERC": "WECC", "NERC_Label": "Western Electricity Coordinating Council (WECC)" }, "geometry": { "type": "MultiLineString", "coordinates": [ [ [ -107.778978226, 32.302899056000101 ], [ -107.821556001, 32.287359 ], [ -108.006045, 32.262099 ], [ -108.229805001, 32.283336 ], [ -108.356942, 32.295212 ], [ -108.395551, 32.302123999000102 ], [ -108.594470672, 32.401214410000101 ], [ -108.599319879, 32.403630007000103 ] ] ] } },
{ "type": "Feature", "properties": { "objectid": "86882", "id": "306616", "type": "AC; OVERHEAD", "status": "IN SERVICE", "naics_code": "221121", "naics_desc": "ELECTRIC BULK POWER TRANSMISSION AND CONTROL", "source": "IMAGERY", "sourcedate": "2017-03-19T19:00:00-06:00", "val_method": "IMAGERY", "val_date": "2017-03-19T19:00:00-06:00", "owner": "SOUTHWESTERN PUBLIC SERVICE CO", "voltage": 345.0, "volt_class": "345", "inferred": "N", "sub_1": "NOT AVAILABLE", "sub_2": "TAIBAN MESA", "shape_lengt": 121298.27150739801, "globalid": "2fd840df-ac22-479d-92ed-5a833fee6439", "NERC": "WECC", "NERC_Label": "Western Electricity Coordinating Council (WECC)" }, "geometry": { "type": "MultiLineString", "coordinates": [ [ [ -103.517469890603152, 34.303735468775457 ], [ -103.61843793, 34.30366494 ], [ -103.61755574, 34.3889359 ], [ -103.66872605, 34.405639709000098 ], [ -103.66844052, 34.428351669000101 ], [ -103.668381031, 34.437119979 ], [ -103.66835724, 34.441533880000101 ], [ -103.768270801, 34.441141270000102 ], [ -103.85105225, 34.45076619 ], [ -103.887322408, 34.464365832000098 ], [ -103.9029245, 34.470215899 ], [ -103.916909791, 34.470114780000102 ], [ -104.00370062, 34.5545797 ], [ -104.03502385, 34.585141489000101 ], [ -104.03508096, 34.58655013 ], [ -104.0356901, 34.587387703 ] ] ] } },
{ "type": "Feature", "properties": { "objectid": "68468", "id": "200168", "type": "AC; OVERHEAD", "status": "NOT AVAILABLE", "naics_code": "221121", "naics_desc": "ELECTRIC BULK POWER TRANSMISSION AND CONTROL", "source": "http://www.oasis.oati.com/PPW/PPWdocs/Transmission_Network_Diagram.pdf", "sourcedate": "2014-06-22T20:00:00-06:00", "val_method": "IMAGERY/OTHER", "val_date": "2014-06-22T20:00:00-06:00", "owner": "PACIFICORP", "voltage": 345.0, "volt_class": "345", "inferred": "N", "sub_1": "MONA", "sub_2": "CLOVER", "shape_lengt": 6785.2100491051997, "globalid": "5738f034-c53c-42f0-ace8-5ec1a1177a42", "NERC": "WECC", "NERC_Label": "Western Electricity Coordinating Council (WECC)" }, "geometry": { "type": "MultiLineString", "coordinates": [ [ [ -111.904342977, 39.824040492000101 ], [ -111.904621648, 39.821590106 ], [ -111.907306199, 39.821449771000097 ], [ -111.908206545, 39.799451252 ], [ -111.908320759, 39.797452505000102 ], [ -111.908434974, 39.795496588 ], [ -111.908563464, 39.793483564 ], [ -111.908677679, 39.791477678 ], [ -111.908799031, 39.790335537 ], [ -111.908463527, 39.789964341 ], [ -111.905365469, 39.789892957 ], [ -111.902310241, 39.789885819000098 ], [ -111.898969478, 39.790292707 ], [ -111.894694776, 39.789484483000102 ] ] ] } },
{ "type": "Feature", "properties": { "objectid": "68478", "id": "200179", "type": "AC; OVERHEAD", "status": "NOT AVAILABLE", "naics_code": "221121", "naics_desc": "ELECTRIC BULK POWER TRANSMISSION AND CONTROL", "source": "http://www.oasis.oati.com/PPW/PPWdocs/Transmission_Network_Diagram.pdf", "sourcedate": "2014-06-29T20:00:00-06:00", "val_method": "IMAGERY/OTHER", "val_date": "2014-06-29T20:00:00-06:00", "owner": "PACIFICORP", "voltage": 345.0, "volt_class": "345", "inferred": "N", "sub_1": "HUNTINGTON", "sub_2": "MONA", "shape_lengt": 125173.904988255, "globalid": "1fdeaded-a242-41b8-bf42-5f27a89c6740", "NERC": "WECC", "NERC_Label": "Western Electricity Coordinating Council (WECC)" }, "geometry": { "type": "MultiLineString", "coordinates": [ [ [ -111.085765797, 39.383355784000102 ], [ -111.087046726, 39.383672796 ], [ -111.088215154, 39.384139912000101 ], [ -111.093170901, 39.383408095 ], [ -111.097925194, 39.386179618 ], [ -111.109629621, 39.384124342000099 ], [ -111.11091892, 39.383283529 ], [ -111.114887547, 39.376961543 ], [ -111.117647455, 39.374438818 ], [ -111.119379952, 39.373504452000098 ], [ -111.122099568, 39.372585647000101 ], [ -111.124597587, 39.372118453 ], [ -111.13515373, 39.368863583000099 ], [ -111.13704739, 39.368069309000099 ], [ -111.139746861, 39.366075798 ], [ -111.143655052, 39.364674077000103 ], [ -111.158240257, 39.3650634460001 ], [ -111.171435437, 39.368957026 ], [ -111.188498515, 39.385105276 ], [ -111.21494931, 39.393310332000098 ], [ -111.221637553, 39.40251068 ], [ -111.236222759, 39.422635130000103 ], [ -111.235860143, 39.429995522000098 ], [ -111.236645811, 39.431302572 ], [ -111.266964504, 39.4441850360001 ], [ -111.27187996, 39.447420836 ], [ -111.271738943, 39.455914097000097 ], [ -111.27927329, 39.465806039 ], [ -111.302138219, 39.477033866000099 ], [ -111.315051363, 39.490731849 ], [ -111.317005459, 39.502810578 ], [ -111.326594627, 39.511887675 ], [ -111.385801698, 39.524895076000099 ], [ -111.407095292, 39.538661308 ], [ -111.443538161, 39.562132186 ], [ -111.458344965, 39.568887717000102 ], [ -111.474884266, 39.569136184000101 ], [ -111.513865444, 39.5711860010001 ], [ -111.54567489, 39.572863078000097 ], [ -111.559051377, 39.579539930000102 ], [ -111.566867759, 39.588296499000101 ], [ -111.5802241, 39.603074582 ], [ -111.5860427, 39.609521148 ], [ -111.620645603, 39.647764296 ], [ -111.641797963, 39.671324241 ], [ -111.666107208, 39.691678167000099 ], [ -111.694279646, 39.691991399000102 ], [ -111.726106455, 39.7083163040001 ], [ -111.728271995, 39.708773073 ], [ -111.752708258, 39.713716701000102 ], [ -111.758288509, 39.71639758 ], [ -111.782362157, 39.732542637000101 ], [ -111.787156742, 39.733518657 ], [ -111.808712225, 39.731132807 ], [ -111.817821387, 39.735291791000101 ], [ -111.82883002, 39.74619845 ], [ -111.832697761, 39.765157272000103 ], [ -111.8678225, 39.783164027 ], [ -111.903939113, 39.8016663820001 ], [ -111.90696091, 39.807098572 ], [ -111.90661844, 39.821149084000098 ], [ -111.904402455, 39.821412116 ], [ -111.904120421, 39.823423511 ], [ -111.904342977, 39.824040492000101 ] ] ] } },
{ "type": "Feature", "properties": { "objectid": "68444", "id": "200144", "type": "AC; OVERHEAD", "status": "NOT AVAILABLE", "naics_code": "221121", "naics_desc": "ELECTRIC BULK POWER TRANSMISSION AND CONTROL", "source": "http://www.oasis.oati.com/PPW/PPWdocs/Transmission_Network_Diagram.pdf", "sourcedate": "2014-06-22T20:00:00-06:00", "val_method": "IMAGERY/OTHER", "val_date": "2014-06-22T20:00:00-06:00", "owner": "PACIFICORP", "voltage": 345.0, "volt_class": "345", "inferred": "N", "sub_1": "POPULUS", "sub_2": "BEN LOMOND", "shape_lengt": 185724.295368855, "globalid": "05f8546a-6ed9-42a0-a773-6076d1ef94de", "NERC": "WECC", "NERC_Label": "Western Electricity Coordinating Council (WECC)" }, "geometry": { "type": "MultiLineString", "coordinates": [ [ [ -112.155141723, 42.424741948000097 ], [ -112.15376834, 42.423602175 ], [ -112.153633827, 42.42360045 ], [ -112.151602438, 42.423597905000101 ], [ -112.151605916, 42.421587788000103 ], [ -112.151609481, 42.419513935 ], [ -112.151620178, 42.4174635090001 ], [ -112.151609481, 42.4153683010001 ], [ -112.151609481, 42.413305445 ], [ -112.153446289, 42.4117615440001 ], [ -112.15491513, 42.41053229 ], [ -112.156508904, 42.4091949580001 ], [ -112.158619544, 42.407407529000103 ], [ -112.16061949, 42.405722862000097 ], [ -112.163282775, 42.403493027 ], [ -112.165097544, 42.401952870000102 ], [ -112.166573271, 42.400707834 ], [ -112.168377344, 42.3992123680001 ], [ -112.170124486, 42.397727302000099 ], [ -112.172227835, 42.395952846 ], [ -112.174381176, 42.39414141 ], [ -112.176413458, 42.392432479 ], [ -112.178438544, 42.390710391 ], [ -112.180342224, 42.389101643000103 ], [ -112.182388665, 42.387382126 ], [ -112.184242515, 42.385812724000097 ], [ -112.186452861, 42.383964160000097 ], [ -112.188460174, 42.382276031000103 ], [ -112.190328381, 42.380698517 ], [ -112.192221435, 42.3790999900001 ], [ -112.194103865, 42.377519795000097 ], [ -112.195986347, 42.375928983 ], [ -112.197765375, 42.3744277320001 ], [ -112.199555042, 42.3729159580001 ], [ -112.201573014, 42.371222295 ], [ -112.203608673, 42.369491827 ], [ -112.205594447, 42.367835041 ], [ -112.207750759, 42.366008584 ], [ -112.208077988, 42.364249717000099 ], [ -112.208684091, 42.360956726 ], [ -112.20905129, 42.358917775000101 ], [ -112.209425616, 42.356936733 ], [ -112.209828507, 42.354768334 ], [ -112.210185047, 42.352805389 ], [ -112.210535026, 42.350857656000102 ], [ -112.21054217, 42.349030973 ], [ -112.210538605, 42.346551400000102 ], [ -112.210535039, 42.344498744000099 ], [ -112.210535039, 42.342361544 ], [ -112.210517214, 42.340261352 ], [ -112.210524344, 42.338082127000099 ], [ -112.210524344, 42.335981712 ], [ -112.21052791, 42.334431862 ], [ -112.210517213, 42.333443520000102 ], [ -112.210520778, 42.329492941000098 ], [ -112.210520778, 42.3282961950001 ], [ -112.210506519, 42.325924075 ], [ -112.210517213, 42.323791752 ], [ -112.210517213, 42.319972076000099 ], [ -112.210517213, 42.3189597000001 ], [ -112.210506491, 42.3171071290001 ], [ -112.209971604, 42.314952871000102 ], [ -112.209911114, 42.312879495000097 ], [ -112.209858458, 42.31106494 ], [ -112.210854789, 42.310589096000101 ], [ -112.212479455, 42.3097074880001 ], [ -112.212331842, 42.306943744000101 ], [ -112.212238841, 42.305279776000098 ], [ -112.211333546, 42.302720232000098 ], [ -112.211308682, 42.3010546450001 ], [ -112.211244508, 42.297515836000102 ], [ -112.211230246, 42.296590181000099 ], [ -112.211194595, 42.294870753000097 ], [ -112.211169588, 42.293417400000102 ], [ -112.210858917, 42.291658173 ], [ -112.210548756, 42.289830576 ], [ -112.210231454, 42.287997587000099 ], [ -112.20991943, 42.286158819 ], [ -112.211413565, 42.28214784 ], [ -112.211916918, 42.280531442 ], [ -112.212355339, 42.278780349 ], [ -112.213342467, 42.275824579000101 ], [ -112.213862454, 42.274222326 ], [ -112.21466743, 42.272353710000097 ], [ -112.215391139, 42.270673284000097 ], [ -112.216125587, 42.2689821640001 ], [ -112.216974126, 42.267000771 ], [ -112.217715624, 42.265280713 ], [ -112.21846078, 42.263576228 ], [ -112.219195758, 42.261854648 ], [ -112.219930595, 42.259808623 ], [ -112.22073987, 42.257555276000097 ], [ -112.221492128, 42.255483853 ], [ -112.222219445, 42.253457183000101 ], [ -112.222982394, 42.251340774 ], [ -112.223741777, 42.249226936000099 ], [ -112.224515449, 42.247083920000101 ], [ -112.225275492, 42.244944854 ], [ -112.22463848, 42.242776672 ], [ -112.22570653, 42.240930852000098 ], [ -112.226779693, 42.239080536000102 ], [ -112.227849337, 42.237216887 ], [ -112.228993744, 42.235208191 ], [ -112.230045449, 42.233384217 ], [ -112.231061516, 42.231610327000098 ], [ -112.232155982, 42.229717652 ], [ -112.233243376, 42.227838021 ], [ -112.235468202, 42.223983327 ], [ -112.236163393, 42.222745144 ], [ -112.237645958, 42.220188640000103 ], [ -112.237373615, 42.21773914 ], [ -112.237113363, 42.2152730540001 ], [ -112.236849539, 42.212817364000102 ], [ -112.236592833, 42.2103852380001 ], [ -112.236332563, 42.208085065 ], [ -112.236065179, 42.205674053 ], [ -112.235819189, 42.203434618000102 ], [ -112.235555369, 42.200973238000103 ], [ -112.235291537, 42.198508998000101 ], [ -112.235070486, 42.196517441 ], [ -112.234902931, 42.195011983 ], [ -112.234678341, 42.192909619 ], [ -112.234459785, 42.190777999 ], [ -112.233537871, 42.189494264000103 ], [ -112.231535983, 42.186184567 ], [ -112.230624111, 42.184410917 ], [ -112.229519159, 42.182197599000098 ], [ -112.228649243, 42.180387882 ], [ -112.227661459, 42.178413877 ], [ -112.226638231, 42.17640588 ], [ -112.225607967, 42.174355731 ], [ -112.224631026, 42.172400332000102 ], [ -112.223696923, 42.170577099000099 ], [ -112.222652349, 42.168497599 ], [ -112.221336784, 42.165910589000099 ], [ -112.220224501, 42.163701507 ], [ -112.219134204, 42.1615244380001 ], [ -112.219116465, 42.159659693 ], [ -112.219102203, 42.157849207 ], [ -112.219070105, 42.155972099000103 ], [ -112.218966686, 42.153500195 ], [ -112.218849018, 42.151321986 ], [ -112.218713544, 42.1489643190001 ], [ -112.218588764, 42.146498163 ], [ -112.218474678, 42.144433674 ], [ -112.218374855, 42.142461690000097 ], [ -112.218253794, 42.140162117 ], [ -112.218485217, 42.138005191000097 ], [ -112.2186813, 42.136120224000102 ], [ -112.218873819, 42.134346239000102 ], [ -112.219070461, 42.132471710000097 ], [ -112.218695228, 42.130309116 ], [ -112.218352932, 42.128275604000102 ], [ -112.218010643, 42.1264324650001 ], [ -112.217682702, 42.124584475000098 ], [ -112.217358259, 42.122654077000099 ], [ -112.216930398, 42.120284490000103 ], [ -112.216531122, 42.118060622 ], [ -112.216167474, 42.115952901000099 ], [ -112.215810929, 42.113961329000098 ], [ -112.215429464, 42.111842941000099 ], [ -112.215047995, 42.109674209 ], [ -112.214666512, 42.10753178 ], [ -112.214317117, 42.105566502 ], [ -112.213946356, 42.103503428000103 ], [ -112.213572829, 42.101333837 ], [ -112.213750732, 42.098955195 ], [ -112.213912344, 42.096954535000101 ], [ -112.214090608, 42.094765374000097 ], [ -112.214262935, 42.092571643 ], [ -112.214420395, 42.090463991 ], [ -112.214568939, 42.088627487000103 ], [ -112.214762055, 42.08616687 ], [ -112.214916549, 42.084244138 ], [ -112.215071042, 42.082219949 ], [ -112.215246326, 42.080028168000098 ], [ -112.215397857, 42.078111781000104 ], [ -112.215552346, 42.076005859000098 ], [ -112.215715743, 42.074005763000102 ], [ -112.215876183, 42.071950307000101 ], [ -112.216057414, 42.06962136 ], [ -112.216268351, 42.066882179 ], [ -112.216410954, 42.065126592000098 ], [ -112.216571399, 42.063128129000098 ], [ -112.216722919, 42.061074610000098 ], [ -112.216889288, 42.059016695 ], [ -112.217053341, 42.056932725000102 ], [ -112.216349291, 42.054983482000097 ], [ -112.215624357, 42.053000255 ], [ -112.214902455, 42.051010512000097 ], [ -112.214174531, 42.048974156 ], [ -112.213489047, 42.047109919 ], [ -112.212992775, 42.044951675 ], [ -112.212240012, 42.043053641 ], [ -112.211515084, 42.041200237000098 ], [ -112.21077586, 42.039339849 ], [ -112.208390453, 42.037702803000101 ], [ -112.207617374, 42.035673455000101 ], [ -112.206874625, 42.033669791000101 ], [ -112.206128881, 42.031712345000102 ], [ -112.205371321, 42.029688813000099 ], [ -112.204563199, 42.02752824 ], [ -112.20374318, 42.0253476990001 ], [ -112.202938047, 42.02321572 ], [ -112.202118055, 42.021028478000098 ], [ -112.201318862, 42.018909592 ], [ -112.20047512, 42.016653822000102 ], [ -112.199622443, 42.014373634 ], [ -112.198885616, 42.0124045680001 ], [ -112.198104232, 42.010331707 ], [ -112.197201056, 42.007929897000103 ], [ -112.19649098, 42.006040138000103 ], [ -112.195647216, 42.003803725000097 ], [ -112.194755939, 42.001432615 ], [ -112.193977523, 41.999350556 ], [ -112.193279359, 41.997504778000099 ], [ -112.192233544, 41.994682865000101 ], [ -112.191496683, 41.9927550560001 ], [ -112.190608415, 41.990410131 ], [ -112.189700506, 41.987976347 ], [ -112.188678488, 41.986463674 ], [ -112.187525685, 41.984745468 ], [ -112.186554145, 41.983320993000099 ], [ -112.185217248, 41.9813356330001 ], [ -112.184153637, 41.979763152 ], [ -112.182801884, 41.977753383 ], [ -112.18160158, 41.975964318000102 ], [ -112.180312152, 41.974053729000097 ], [ -112.17909102, 41.972238007 ], [ -112.177973959, 41.9705968640001 ], [ -112.176595481, 41.968536022000102 ], [ -112.175555613, 41.966991904 ], [ -112.17422157, 41.9650036520001 ], [ -112.173107421, 41.963366655000101 ], [ -112.172329095, 41.962211369 ], [ -112.170977289, 41.960200970000102 ], [ -112.169622506, 41.958190499000096 ], [ -112.168549941, 41.956597499 ], [ -112.167221935, 41.954637787000102 ], [ -112.165905832, 41.952673624000099 ], [ -112.164733149, 41.950929357000099 ], [ -112.164650346, 41.948525428 ], [ -112.164549325, 41.94614983 ], [ -112.164448312, 41.943800847 ], [ -112.164353242, 41.941502641 ], [ -112.164264112, 41.939270583 ], [ -112.164169045, 41.937003191 ], [ -112.164097738, 41.934960985 ], [ -112.163993751, 41.9326888800001 ], [ -112.16391948, 41.930697533 ], [ -112.16382738, 41.928458514 ], [ -112.163753099, 41.9263562350001 ], [ -112.163628324, 41.923918220000097 ], [ -112.163580794, 41.922216309000099 ], [ -112.163488681, 41.919914746000103 ], [ -112.163375782, 41.917368001 ], [ -112.163286652, 41.915188179 ], [ -112.163195481, 41.913106865 ], [ -112.165012008, 41.911678507 ], [ -112.166717477, 41.910325303 ], [ -112.168396063, 41.908992084 ], [ -112.170051768, 41.907681328000102 ], [ -112.169343035, 41.905242922000099 ], [ -112.168731025, 41.903084841000101 ], [ -112.168044693, 41.9006987590001 ], [ -112.167414877, 41.898525112000101 ], [ -112.166796932, 41.896324814 ], [ -112.166188289, 41.894190574 ], [ -112.164841986, 41.892599542 ], [ -112.163490436, 41.890976508 ], [ -112.162261031, 41.889477513 ], [ -112.162199275, 41.888144275000101 ], [ -112.162148769, 41.8864390170001 ], [ -112.162041806, 41.884050053000102 ], [ -112.16195862, 41.881855839 ], [ -112.161861141, 41.879603759000098 ], [ -112.16316333, 41.877702017 ], [ -112.164452808, 41.875821593000097 ], [ -112.165766018, 41.873883646 ], [ -112.167061331, 41.871985568000099 ], [ -112.168382688, 41.87004849 ], [ -112.170663468, 41.868683962 ], [ -112.170678524, 41.866874262000103 ], [ -112.170708233, 41.863860852000101 ], [ -112.170732002, 41.861949082000102 ], [ -112.170746826, 41.859785131000102 ], [ -112.171244799, 41.857802657 ], [ -112.171767717, 41.855753478000103 ], [ -112.17227873, 41.853679967000097 ], [ -112.172798668, 41.851637329 ], [ -112.173297806, 41.849587992000103 ], [ -112.173814065, 41.847539178 ], [ -112.174701389, 41.845317429 ], [ -112.175589283, 41.843087533000102 ], [ -112.176572888, 41.840973340000097 ], [ -112.177155769, 41.8394047190001 ], [ -112.177833189, 41.837594009 ], [ -112.178555806, 41.835622139000101 ], [ -112.179097021, 41.833612567000102 ], [ -112.179593211, 41.831726387000103 ], [ -112.18009535, 41.829811862 ], [ -112.182347589, 41.828820682000099 ], [ -112.184651912, 41.827807079 ], [ -112.184591689, 41.825570005 ], [ -112.184535236, 41.823448871 ], [ -112.184463934, 41.821434185 ], [ -112.184416404, 41.81930441 ], [ -112.184362915, 41.817191690000101 ], [ -112.184279731, 41.815263176 ], [ -112.184235173, 41.813080217 ], [ -112.184181695, 41.810883469 ], [ -112.184134154, 41.808912441000103 ], [ -112.184062849, 41.806711143 ], [ -112.184015318, 41.804930807000098 ], [ -112.183976695, 41.803134671000102 ], [ -112.183923211, 41.801282949 ], [ -112.18385191, 41.799081506 ], [ -112.183801404, 41.797083778000101 ], [ -112.183741982, 41.794944028 ], [ -112.183676617, 41.792857399000098 ], [ -112.183611263, 41.790817548000099 ], [ -112.183578584, 41.789047714 ], [ -112.183501333, 41.786296240000098 ], [ -112.183456763, 41.784621278 ], [ -112.183391402, 41.782899949000097 ], [ -112.183346844, 41.781185528 ], [ -112.183320104, 41.779922601000102 ], [ -112.183251768, 41.777753483 ], [ -112.183195317, 41.775641958000101 ], [ -112.183130183, 41.773725475 ], [ -112.183784615, 41.771746691 ], [ -112.184503648, 41.769517417 ], [ -112.185088954, 41.767698107000101 ], [ -112.185656408, 41.765918719000098 ], [ -112.186344009, 41.763789864 ], [ -112.187666086, 41.7617003760001 ], [ -112.188905007, 41.759736830000101 ], [ -112.190286574, 41.757547103 ], [ -112.191492634, 41.755616966 ], [ -112.192808892, 41.753591034000102 ], [ -112.194071752, 41.751531652 ], [ -112.195358024, 41.749483861 ], [ -112.196651275, 41.747438262000102 ], [ -112.196597487, 41.745358107000101 ], [ -112.196541038, 41.743343104000097 ], [ -112.196487561, 41.741259349000103 ], [ -112.196434081, 41.739213119 ], [ -112.196374659, 41.737140227000097 ], [ -112.196315243, 41.7350785100001 ], [ -112.196267707, 41.733021075000103 ], [ -112.196211256, 41.730992305 ], [ -112.196154771, 41.728893464000102 ], [ -112.195955563, 41.726869747000102 ], [ -112.195780344, 41.725249498 ], [ -112.19565277, 41.723274335 ], [ -112.195735919, 41.721068942 ], [ -112.195709167, 41.71872826 ], [ -112.195655685, 41.71630859 ], [ -112.195602209, 41.7139157390001 ], [ -112.19556048, 41.711528348 ], [ -112.194600958, 41.709324007000099 ], [ -112.194592076, 41.707107312000097 ], [ -112.194574249, 41.705077673000098 ], [ -112.194559284, 41.703651993 ], [ -112.193338475, 41.7015683240001 ], [ -112.192120326, 41.699505293000101 ], [ -112.190203707, 41.697598226 ], [ -112.187358277, 41.697582545 ], [ -112.184503061, 41.697558143 ], [ -112.181499334, 41.697538177000098 ], [ -112.178840305, 41.697518368 ], [ -112.176531161, 41.696342492 ], [ -112.173800813, 41.694953766 ], [ -112.171128126, 41.693592956 ], [ -112.169034809, 41.692664855 ], [ -112.166931297, 41.691724178000101 ], [ -112.164807122, 41.690785766 ], [ -112.162615832, 41.6897990780001 ], [ -112.160097402, 41.688570432000098 ], [ -112.157497811, 41.687308021 ], [ -112.155233586, 41.686200722000102 ], [ -112.152975159, 41.685131060000103 ], [ -112.150723141, 41.684068257 ], [ -112.148384993, 41.682961075 ], [ -112.14622258, 41.6819384020001 ], [ -112.144030491, 41.680862483 ], [ -112.142013112, 41.679870583 ], [ -112.140126443, 41.678949669000097 ], [ -112.137623399, 41.677726965 ], [ -112.135325266, 41.676176373 ], [ -112.133572802, 41.674630831000101 ], [ -112.13236635, 41.673158439000098 ], [ -112.131154168, 41.671680425 ], [ -112.129915254, 41.670171317 ], [ -112.128805091, 41.668562447 ], [ -112.126047146, 41.66752603 ], [ -112.12442795, 41.665537431000097 ], [ -112.122894912, 41.663655307 ], [ -112.121370857, 41.661784313000098 ], [ -112.119897246, 41.659959798 ], [ -112.118503754, 41.658248317000101 ], [ -112.11697071, 41.656372632 ], [ -112.115369358, 41.65440813 ], [ -112.113649144, 41.652299246 ], [ -112.111343787, 41.649473414 ], [ -112.110265293, 41.64812805 ], [ -112.108732038, 41.646254034 ], [ -112.10720792, 41.644404658 ], [ -112.10568096, 41.642537623000102 ], [ -112.104165684, 41.640668071 ], [ -112.102733577, 41.638931663000101 ], [ -112.101382155, 41.637282378000101 ], [ -112.100202538, 41.635781186 ], [ -112.099088279, 41.634444286000097 ], [ -112.097766464, 41.632790326000098 ], [ -112.096512546, 41.6312312680001 ], [ -112.095246883, 41.629679006000103 ], [ -112.093990249, 41.628120188 ], [ -112.09233246, 41.626061565 ], [ -112.0908428, 41.624207158 ], [ -112.08964095, 41.622303844 ], [ -112.088479232, 41.620482561000102 ], [ -112.087320218, 41.618665247000102 ], [ -112.086066124, 41.616805696 ], [ -112.084812371, 41.6149443750001 ], [ -112.083567545, 41.613096351 ], [ -112.082322693, 41.611241552000102 ], [ -112.081528243, 41.609129326000101 ], [ -112.080793608, 41.6070244040001 ], [ -112.078255189, 41.607635747000103 ], [ -112.075612191, 41.608325279 ], [ -112.07087761, 41.609448419000103 ], [ -112.069553126, 41.6074012300001 ], [ -112.068408269, 41.605210153 ], [ -112.066501403, 41.606292263 ], [ -112.062625676, 41.608479428000102 ], [ -112.050541746, 41.6095138740001 ], [ -112.046327997, 41.604277499 ], [ -112.040519186, 41.597066725 ], [ -112.036418097, 41.589779896 ], [ -112.032199313, 41.582246737 ], [ -112.030375419, 41.578962606000097 ], [ -112.02716377, 41.573081786 ], [ -112.022897402, 41.565302077000098 ], [ -112.020773167, 41.561411934 ], [ -112.018161617, 41.556634378000098 ], [ -112.01631366, 41.553266152 ], [ -112.014100235, 41.549199522 ], [ -112.009822096, 41.54137934 ], [ -112.005146903, 41.532836434 ], [ -112.000528048, 41.526695294 ], [ -111.99344898, 41.517281005 ], [ -111.986209196, 41.510109123000099 ], [ -111.98615185, 41.502816283000101 ], [ -111.987977835, 41.4973015 ], [ -111.998498581, 41.490625259000097 ], [ -112.005188069, 41.486338659000097 ], [ -112.007856064, 41.4825351060001 ], [ -112.01038461, 41.4787308410001 ], [ -112.013028653, 41.474893532000102 ], [ -112.015551054, 41.471153692 ], [ -112.020731611, 41.4635832230001 ], [ -112.028315575, 41.459144049 ], [ -112.028604902, 41.457085249 ], [ -112.030923438, 41.454649104000097 ], [ -112.028185934, 41.430469366000104 ], [ -112.029466356, 41.425802108 ], [ -112.029120974, 41.422502713 ], [ -112.028734662, 41.418966348 ], [ -112.028214732, 41.414840048 ], [ -112.027950507, 41.412638073 ], [ -112.027852528, 41.410184202 ], [ -112.027757459, 41.407623993000101 ], [ -112.027680213, 41.405478098000103 ], [ -112.027591083, 41.403049106 ], [ -112.027522749, 41.401154867000102 ], [ -112.027451446, 41.399236060000099 ], [ -112.027362314, 41.396795639000104 ], [ -112.027255361, 41.394116761000099 ], [ -112.02718109, 41.39189701 ], [ -112.027080073, 41.388633765000101 ], [ -112.026984992, 41.386393406 ], [ -112.026904783, 41.384394102 ], [ -112.026821597, 41.3818796750001 ], [ -112.026678135, 41.377814349000097 ], [ -112.024462907, 41.376651226 ], [ -112.021579234, 41.375160654000098 ], [ -112.020822837, 41.373400414000102 ], [ -112.019999137, 41.371486209000103 ], [ -112.020444862, 41.369570063 ], [ -112.020891586, 41.367607706000101 ], [ -112.020846936, 41.365000667000103 ], [ -112.020790782, 41.362709454 ], [ -112.022385901, 41.360651657000098 ], [ -112.022394783, 41.356737355000099 ], [ -112.02564234, 41.353617305 ], [ -112.025615378, 41.351278534000102 ], [ -112.025288467, 41.347264931 ], [ -112.025107228, 41.344860428000104 ], [ -112.024896506, 41.342456195000103 ], [ -112.02501518, 41.340239867 ], [ -112.025181607, 41.337973119 ], [ -112.028017631, 41.337523683 ], [ -112.034176016, 41.338240527 ], [ -112.043040944, 41.339273082 ], [ -112.044871091, 41.340589072 ], [ -112.046322117, 41.340595616 ], [ -112.047247788, 41.340060929000103 ] ] ] } },
{ "type": "Feature", "properties": { "objectid": "74985", "id": "207348", "type": "AC; OVERHEAD", "status": "NOT AVAILABLE", "naics_code": "221121", "naics_desc": "ELECTRIC BULK POWER TRANSMISSION AND CONTROL", "source": "Regional Map", "sourcedate": "2015-07-20T20:00:00-06:00", "val_method": "IMAGERY/OTHER", "val_date": "2015-07-20T20:00:00-06:00", "owner": "WAPA-- WESTERN AREA POWER ADMINISTRATION", "voltage": 345.0, "volt_class": "345", "inferred": "N", "sub_1": "TAP203975", "sub_2": "RIFLE UTE", "shape_lengt": 7705.2867729785003, "globalid": "4a29420d-8966-426a-abee-609259ea928d", "NERC": "WECC", "NERC_Label": "Western Electricity Coordinating Council (WECC)" }, "geometry": { "type": "MultiLineString", "coordinates": [ [ [ -107.678028643, 39.525296612 ], [ -107.6796615, 39.5230382 ], [ -107.689457, 39.5200679000001 ], [ -107.698203233, 39.519186663 ], [ -107.7089939, 39.518077700000099 ], [ -107.7124531, 39.517438 ], [ -107.722358168, 39.516451936000102 ], [ -107.7317993, 39.5155089 ], [ -107.735406873, 39.516688944000101 ], [ -107.7388469, 39.520113400000099 ], [ -107.7410867, 39.520081500000103 ], [ -107.741773096, 39.520390381 ] ] ] } },
{ "type": "Feature", "properties": { "objectid": "88537", "id": "308273", "type": "AC; OVERHEAD", "status": "IN SERVICE", "naics_code": "221121", "naics_desc": "ELECTRIC BULK POWER TRANSMISSION AND CONTROL", "source": "Western Electricity Coordinating Council https://www.wecc.biz/Reliability/YEAR%202014%20OC%20MAP-1.pdf", "sourcedate": "2016-12-31T18:00:00-07:00", "val_method": "IMAGERY/OTHER", "val_date": "2016-12-31T18:00:00-07:00", "owner": "ARIZONA PUBLIC SERVICE COMPANY", "voltage": 345.0, "volt_class": "345", "inferred": "N", "sub_1": "PINNACLE PEAK WALC", "sub_2": "NOT AVAILABLE", "shape_lengt": 223093.01979021699, "globalid": "108a4b3b-ded1-433a-bcd8-6c4e59c2d64f", "NERC": "WECC", "NERC_Label": "Western Electricity Coordinating Council (WECC)" }, "geometry": { "type": "MultiLineString", "coordinates": [ [ [ -111.940547084, 33.7029170180001 ], [ -111.940491895, 33.703125217 ], [ -111.939858416, 33.705515 ], [ -111.939772001, 33.705841 ], [ -111.937575, 33.709611 ], [ -111.925652001, 33.7166110000001 ], [ -111.913534, 33.723649000000101 ], [ -111.902262, 33.73215 ], [ -111.896642, 33.736264 ], [ -111.887891, 33.743000000000102 ], [ -111.869967, 33.769563999000098 ], [ -111.837224, 33.8155760000001 ], [ -111.828823, 33.838792 ], [ -111.811201001, 33.887191 ], [ -111.812079001, 33.898347000000101 ], [ -111.811164, 33.927104 ], [ -111.82931755, 33.956934577 ], [ -111.862989, 33.98614 ], [ -111.866785, 33.988398000000103 ], [ -111.871332, 33.993458 ], [ -111.875334, 34.013488999000103 ], [ -111.86687, 34.033807 ], [ -111.849642, 34.076075000000102 ], [ -111.840348, 34.099047 ], [ -111.82959501, 34.12543292 ], [ -111.823887, 34.143414 ], [ -111.812413, 34.182052 ], [ -111.738126001, 34.273396 ], [ -111.72981, 34.283741999 ], [ -111.721102001, 34.3028610000001 ], [ -111.711532, 34.323761999 ], [ -111.700212, 34.337466 ], [ -111.694676001, 34.344238999 ], [ -111.690008, 34.348742999 ], [ -111.681289, 34.358282 ], [ -111.674474001, 34.366085 ], [ -111.670038, 34.3711190000001 ], [ -111.660833, 34.381651 ], [ -111.638463, 34.407070999 ], [ -111.628064, 34.418936 ], [ -111.623606, 34.423276999 ], [ -111.617717, 34.42904 ], [ -111.615602, 34.431123 ], [ -111.613957283, 34.433556268000103 ], [ -111.610013, 34.438583000000101 ], [ -111.603256, 34.446174999 ], [ -111.576736, 34.476 ], [ -111.517057001, 34.5430220000001 ], [ -111.454515001, 34.613074 ], [ -111.40981, 34.66308 ], [ -111.402843, 34.681060000000102 ], [ -111.376155001, 34.749674 ], [ -111.363453, 34.782291 ], [ -111.367569, 34.821209999000097 ], [ -111.374912, 34.889967 ], [ -111.382382, 34.960214999000101 ], [ -111.388818, 35.019907 ], [ -111.392281, 35.031686 ], [ -111.396522, 35.046236999 ], [ -111.395295, 35.1004349990001 ], [ -111.393688001, 35.171252 ], [ -111.393482, 35.180811 ], [ -111.39403356, 35.182452514 ] ] ] } },
{ "type": "Feature", "properties": { "objectid": "86377", "id": "306110", "type": "AC; OVERHEAD", "status": "IN SERVICE", "naics_code": "221121", "naics_desc": "ELECTRIC BULK POWER TRANSMISSION AND CONTROL", "source": "Western Electricity Coordinating Council https://www.wecc.biz/Reliability/YEAR%202014%20OC%20MAP-1.pdf", "sourcedate": "2016-12-31T18:00:00-07:00", "val_method": "IMAGERY/OTHER", "val_date": "2016-12-31T18:00:00-07:00", "owner": "SIERRA PACIFIC POWER COMPANY", "voltage": 345.0, "volt_class": "345", "inferred": "N", "sub_1": "TRACY", "sub_2": "NOT AVAILABLE", "shape_lengt": 38108.141910831, "globalid": "eedb0923-303b-4298-8206-37a67cc71d28", "NERC": "WECC", "NERC_Label": "Western Electricity Coordinating Council (WECC)" }, "geometry": { "type": "MultiLineString", "coordinates": [ [ [ -119.51869616, 39.563119999 ], [ -119.519127738, 39.564646698 ], [ -119.523578044, 39.566731462000099 ], [ -119.525690887, 39.569539227 ], [ -119.529979509, 39.576227178000103 ], [ -119.585478057, 39.556239704000099 ], [ -119.591131656, 39.552794246000097 ], [ -119.601836071, 39.545456543 ], [ -119.609605791, 39.540183101 ], [ -119.614050626, 39.5377465340001 ], [ -119.626531586, 39.531933444000103 ], [ -119.630204656, 39.533036557000102 ], [ -119.638719501, 39.535666141 ], [ -119.641110573, 39.536363786 ], [ -119.646053716, 39.543107686 ], [ -119.648719075, 39.546607835 ], [ -119.651867422, 39.546625724000101 ], [ -119.661586747, 39.546798644 ], [ -119.668324683, 39.546894049000102 ], [ -119.682939446, 39.550459788000097 ], [ -119.693791698, 39.556464304 ], [ -119.703135368, 39.56156844 ], [ -119.708257393, 39.566654687 ], [ -119.715639309, 39.568306377 ], [ -119.719974247, 39.569373714000101 ], [ -119.72504857, 39.570715338000099 ], [ -119.736157221, 39.570959812000098 ], [ -119.739657955, 39.571024924 ], [ -119.741607198, 39.571061179 ], [ -119.749001041, 39.565837788000103 ], [ -119.760157394, 39.565116292 ], [ -119.769155223, 39.564925483 ], [ -119.777163232, 39.56483604 ], [ -119.786465162, 39.564692935 ], [ -119.800930856, 39.5644603860001 ], [ -119.805736853, 39.564418647 ], [ -119.805695114, 39.561139120000099 ], [ -119.80629821, 39.559409523000099 ], [ -119.806574877, 39.558350281000102 ] ] ] } },
{ "type": "Feature", "properties": { "objectid": "68490", "id": "200191", "type": "AC; OVERHEAD", "status": "NOT AVAILABLE", "naics_code": "221121", "naics_desc": "ELECTRIC BULK POWER TRANSMISSION AND CONTROL", "source": "http://www.oasis.oati.com/PPW/PPWdocs/Transmission_Network_Diagram.pdf", "sourcedate": "2014-06-29T20:00:00-06:00", "val_method": "IMAGERY/OTHER", "val_date": "2014-06-29T20:00:00-06:00", "owner": "PACIFICORP", "voltage": 345.0, "volt_class": "345", "inferred": "N", "sub_1": "PINTO", "sub_2": "FOUR CORNERS", "shape_lengt": 204767.84112778801, "globalid": "f99d5946-c328-4873-a430-3dbb6834afaa", "NERC": "WECC", "NERC_Label": "Western Electricity Coordinating Council (WECC)" }, "geometry": { "type": "MultiLineString", "coordinates": [ [ [ -109.317610776, 37.868605904 ], [ -109.316331562, 37.8681294410001 ], [ -109.316331562, 37.867645102 ], [ -109.315970661, 37.867493151000097 ], [ -109.314719536, 37.867474157000103 ], [ -109.314238335, 37.867654598000101 ], [ -109.311880447, 37.867664096000098 ], [ -109.311844357, 37.851318147 ], [ -109.311760146, 37.83539612 ], [ -109.311748116, 37.8215708110001 ], [ -109.311724056, 37.801346037 ], [ -109.311519545, 37.784025123 ], [ -109.312903, 37.779071470000098 ], [ -109.314250365, 37.774497841 ], [ -109.315369158, 37.770323325 ], [ -109.317053365, 37.7642465590001 ], [ -109.318966141, 37.757522544 ], [ -109.322190192, 37.745965702 ], [ -109.324524021, 37.737717865 ], [ -109.328193183, 37.724606953 ], [ -109.330791672, 37.7152813800001 ], [ -109.333991664, 37.703746497 ], [ -109.337227745, 37.69181 ], [ -109.340463826, 37.679919187 ], [ -109.343856297, 37.667312272000103 ], [ -109.346166065, 37.658903298 ], [ -109.34170292, 37.6506362430001 ], [ -109.341293899, 37.639319935000103 ], [ -109.341245779, 37.638252989000101 ], [ -109.337023234, 37.625343629 ], [ -109.332824749, 37.612555914 ], [ -109.328782655, 37.600252094 ], [ -109.325269883, 37.589528671 ], [ -109.322863875, 37.582197726 ], [ -109.320722527, 37.572396583000099 ], [ -109.318352609, 37.561745436 ], [ -109.315417279, 37.548546199 ], [ -109.312903, 37.536975871 ], [ -109.310617293, 37.526710829 ], [ -109.310280451, 37.525031654 ], [ -109.307116551, 37.520881259000099 ], [ -109.305360164, 37.519325993 ], [ -109.290334642, 37.505432126000102 ], [ -109.280193317, 37.496021761000101 ], [ -109.280253467, 37.485340609 ], [ -109.271892588, 37.469387629 ], [ -109.268211395, 37.462283591000102 ], [ -109.266864031, 37.460994479000099 ], [ -109.256157293, 37.457862323 ], [ -109.238509222, 37.452676788000097 ], [ -109.232734802, 37.450929095 ], [ -109.218370933, 37.442266433 ], [ -109.214244628, 37.439859430000098 ], [ -109.208458178, 37.4364398230001 ], [ -109.193769497, 37.42671506 ], [ -109.17724022, 37.415766025 ], [ -109.160674852, 37.404758052 ], [ -109.146756094, 37.394302802 ], [ -109.138599726, 37.388185710000101 ], [ -109.13393207, 37.384696832 ], [ -109.112145664, 37.370701454 ], [ -109.095989318, 37.360270140000097 ], [ -109.081324697, 37.348718470000101 ], [ -109.066515716, 37.337155457 ], [ -109.047183438, 37.322003207000101 ], [ -109.038040607, 37.314799077 ], [ -109.027995523, 37.306876607000099 ], [ -109.014979017, 37.292818867000101 ], [ -109.004621152, 37.281649273 ], [ -108.995514409, 37.271751264 ], [ -108.976290403, 37.257955059 ], [ -108.960699469, 37.246646222 ], [ -108.959364134, 37.244663889 ], [ -108.959147594, 37.222701511 ], [ -108.959051354, 37.207171696 ], [ -108.958906993, 37.196909343000101 ], [ -108.958846842, 37.175028914 ], [ -108.958714512, 37.15446531 ], [ -108.958618271, 37.144521833000098 ], [ -108.948019805, 37.131316178000098 ], [ -108.938504042, 37.119326478000097 ], [ -108.927941665, 37.1062699330001 ], [ -108.912507122, 37.086858433 ], [ -108.911460508, 37.085534086000102 ], [ -108.899598887, 37.0737962910001 ], [ -108.885247047, 37.059570298 ], [ -108.878534284, 37.052907545 ], [ -108.876982408, 37.051304174 ], [ -108.858287723, 37.039042538 ], [ -108.848002038, 37.032253137000097 ], [ -108.837559962, 37.025338273 ], [ -108.817060771, 37.011775628000102 ], [ -108.789403705, 36.993560222 ], [ -108.774931565, 36.984008841 ], [ -108.762612802, 36.975840209000097 ], [ -108.748549683, 36.966430781 ], [ -108.735485058, 36.957827682000101 ], [ -108.726823428, 36.952194288 ], [ -108.721301639, 36.947339237 ], [ -108.707009949, 36.934916589000103 ], [ -108.698480649, 36.927531269 ], [ -108.687352861, 36.914509053000103 ], [ -108.676670184, 36.902032955 ], [ -108.666492769, 36.8900358920001 ], [ -108.654835658, 36.876420262000103 ], [ -108.645295835, 36.865266146000103 ], [ -108.632977073, 36.850924121 ], [ -108.624363562, 36.840883102000099 ], [ -108.616556065, 36.831716994 ], [ -108.611888409, 36.826257246000097 ], [ -108.600002728, 36.812158319 ], [ -108.594108008, 36.805445006000099 ], [ -108.581380223, 36.790561893000103 ], [ -108.57733813, 36.785773637 ], [ -108.572574233, 36.780146812 ], [ -108.567052444, 36.773767959000097 ], [ -108.553975789, 36.7583486 ], [ -108.548490089, 36.751900462 ], [ -108.543894614, 36.746608535000099 ], [ -108.538854026, 36.740670347 ], [ -108.532627931, 36.733215 ], [ -108.522843547, 36.721707561000102 ], [ -108.519030854, 36.7169617220001 ], [ -108.513794286, 36.710721981000098 ], [ -108.503307857, 36.698168231000103 ], [ -108.497898267, 36.691665695 ], [ -108.494333071, 36.687365944000099 ], [ -108.49325358, 36.686012093 ], [ -108.48895286, 36.687185857 ], [ -108.486068139, 36.689019954000102 ], [ -108.485038778, 36.689553464 ], [ -108.485219595, 36.687158655000097 ] ] ] } },
{ "type": "Feature", "properties": { "objectid": "68442", "id": "200142", "type": "AC; OVERHEAD", "status": "NOT AVAILABLE", "naics_code": "221121", "naics_desc": "ELECTRIC BULK POWER TRANSMISSION AND CONTROL", "source": "http://www.oasis.oati.com/PPW/PPWdocs/Transmission_Network_Diagram.pdf", "sourcedate": "2014-06-22T20:00:00-06:00", "val_method": "IMAGERY/OTHER", "val_date": "2014-06-22T20:00:00-06:00", "owner": "PACIFICORP", "voltage": 345.0, "volt_class": "345", "inferred": "N", "sub_1": "POPULUS", "sub_2": "JIM BRIDGER", "shape_lengt": 418256.45613908098, "globalid": "e0e8eb45-20dd-4052-899b-45033b888043", "NERC": "WECC", "NERC_Label": "Western Electricity Coordinating Council (WECC)" }, "geometry": { "type": "MultiLineString", "coordinates": [ [ [ -112.155141723, 42.424741948000097 ], [ -112.152781113, 42.425445802000098 ], [ -112.150507092, 42.425433683000101 ], [ -112.150474254, 42.416088677 ], [ -112.150482463, 42.412900633 ], [ -112.146443408, 42.409033547 ], [ -112.133874721, 42.396927667000099 ], [ -112.115986303, 42.390937514 ], [ -112.100281601, 42.385644120000102 ], [ -112.084609738, 42.380350280000101 ], [ -112.073904599, 42.37674803 ], [ -112.064028616, 42.373467014 ], [ -112.054128004, 42.366783156 ], [ -112.046722347, 42.361853709000101 ], [ -112.039810702, 42.357217088 ], [ -112.03652478, 42.355418189 ], [ -112.024506219, 42.3561787840001 ], [ -112.001862555, 42.35558201 ], [ -111.987817148, 42.355242665 ], [ -111.945680931, 42.349520332000097 ], [ -111.916750877, 42.350152272000102 ], [ -111.902816314, 42.350479942 ], [ -111.88542978, 42.355008633000097 ], [ -111.870038421, 42.358998759 ], [ -111.849912479, 42.364228835000098 ], [ -111.835328692, 42.366252886 ], [ -111.824244381, 42.366872957000098 ], [ -111.805828589, 42.377226084 ], [ -111.789249626, 42.386443026 ], [ -111.766859317, 42.395027133 ], [ -111.733337192, 42.394781554000097 ], [ -111.723535494, 42.397459472 ], [ -111.705737257, 42.402148477 ], [ -111.694257077, 42.403189131 ], [ -111.67143923, 42.405738077000102 ], [ -111.653165951, 42.397751815 ], [ -111.604505823, 42.398488511 ], [ -111.598076922, 42.391413530000101 ], [ -111.558379252, 42.387647679000104 ], [ -111.539298402, 42.383986867 ], [ -111.521325983, 42.386127239000103 ], [ -111.499505724, 42.388092108000102 ], [ -111.490970804, 42.387156464 ], [ -111.475674454, 42.374734471000103 ], [ -111.461898239, 42.363503436 ], [ -111.451352308, 42.358413713000097 ], [ -111.426048408, 42.346114771 ], [ -111.411211265, 42.331004023 ], [ -111.397767579, 42.317587412000101 ], [ -111.38183784, 42.31337218 ], [ -111.349519155, 42.297949048000099 ], [ -111.32332851, 42.285357131000097 ], [ -111.300304812, 42.274379611 ], [ -111.287700366, 42.26829839 ], [ -111.23316929, 42.2654443280001 ], [ -111.194282364, 42.2634098710001 ], [ -111.189486829, 42.252700010000098 ], [ -111.18460753, 42.242267383000097 ], [ -111.178995288, 42.230406507 ], [ -111.173362106, 42.226297319 ], [ -111.160587974, 42.217023524000098 ], [ -111.150222081, 42.209470113000101 ], [ -111.130307001, 42.194996682000102 ], [ -111.103690736, 42.175507384000099 ], [ -111.087838248, 42.163944413000102 ], [ -111.07565047, 42.155049575000099 ], [ -111.067818461, 42.148761894000103 ], [ -111.046416556, 42.131463668 ], [ -111.033600542, 42.1209488820001 ], [ -111.019666082, 42.109883713 ], [ -111.005141452, 42.09787858 ], [ -110.992283556, 42.087498091 ], [ -110.983739546, 42.080442117000104 ], [ -110.950088395, 42.064729160000098 ], [ -110.920051619, 42.050633598 ], [ -110.894411919, 42.038123648000102 ], [ -110.870109166, 42.026207121 ], [ -110.844231786, 42.013714436 ], [ -110.804836371, 41.994485034 ], [ -110.790100228, 41.9869771460001 ], [ -110.791407466, 41.975249821 ], [ -110.792090796, 41.968689527 ], [ -110.785019824, 41.961333243000098 ], [ -110.776671323, 41.959168169000101 ], [ -110.766543791, 41.961746808 ], [ -110.749310242, 41.966347768 ], [ -110.717575208, 41.950259325 ], [ -110.710091592, 41.9462906360001 ], [ -110.683664486, 41.940759169000103 ], [ -110.652857871, 41.934417969 ], [ -110.642964117, 41.936692223000101 ], [ -110.610253775, 41.931655269 ], [ -110.590616316, 41.917735301 ], [ -110.567762215, 41.901432170000099 ], [ -110.540884966, 41.882290221000098 ], [ -110.52188351, 41.868180057000103 ], [ -110.513003796, 41.866254313000098 ], [ -110.498381739, 41.863153176 ], [ -110.479690605, 41.859188033000102 ], [ -110.441890021, 41.852899947 ], [ -110.412113505, 41.848013506 ], [ -110.358854232, 41.840180258 ], [ -110.315425559, 41.834402419000099 ], [ -110.248114493, 41.825063488000097 ], [ -110.200749677, 41.818587828 ], [ -110.124787236, 41.808086516000103 ], [ -110.099973472, 41.804656565000101 ], [ -110.036503478, 41.795854072 ], [ -109.999976857, 41.790722271 ], [ -109.941108342, 41.782470834 ], [ -109.907947267, 41.777848431 ], [ -109.873531243, 41.773012984000097 ], [ -109.818484617, 41.770602215 ], [ -109.759235815, 41.766801523 ], [ -109.724135273, 41.764589077 ], [ -109.700253213, 41.765581851 ], [ -109.666198463, 41.767581534 ], [ -109.624956276, 41.769978235000103 ], [ -109.595902306, 41.771722525 ], [ -109.57789569, 41.7717083430001 ], [ -109.529580155, 41.767241166000098 ], [ -109.51627009, 41.765978955 ], [ -109.496171893, 41.764177780000097 ], [ -109.471529258, 41.758476088000101 ], [ -109.4448711, 41.752206479 ], [ -109.420703826, 41.746546283 ], [ -109.399122506, 41.745382973000098 ], [ -109.364288165, 41.743481908 ], [ -109.319547333, 41.741098405 ], [ -109.307416159, 41.748759351 ], [ -109.262180954, 41.7447729350001 ], [ -109.211317492, 41.740218756 ], [ -109.18264381, 41.739551918000103 ], [ -109.158685694, 41.739012767000098 ], [ -109.11980129, 41.738204031000102 ], [ -109.083008468, 41.736785173 ], [ -109.036746486, 41.735039935 ], [ -108.991606352, 41.741467286 ], [ -108.981870991, 41.74288604 ], [ -108.951980388, 41.739310719000102 ], [ -108.910708131, 41.7367107520001 ], [ -108.881037743, 41.734671017 ], [ -108.867860779, 41.734401421 ], [ -108.850367551, 41.734060878 ], [ -108.838730751, 41.733819659000098 ], [ -108.812463746, 41.733269894 ], [ -108.802222493, 41.733015746 ], [ -108.792869139, 41.732834212 ], [ -108.791397415, 41.7334151210001 ], [ -108.790339686, 41.7349171050001 ] ] ] } },
{ "type": "Feature", "properties": { "objectid": "68465", "id": "200165", "type": "AC; OVERHEAD", "status": "NOT AVAILABLE", "naics_code": "221121", "naics_desc": "ELECTRIC BULK POWER TRANSMISSION AND CONTROL", "source": "http://www.oasis.oati.com/PPW/PPWdocs/Transmission_Network_Diagram.pdf", "sourcedate": "2014-06-22T20:00:00-06:00", "val_method": "IMAGERY/OTHER", "val_date": "2014-06-22T20:00:00-06:00", "owner": "PACIFICORP", "voltage": 345.0, "volt_class": "345", "inferred": "N", "sub_1": "CAMP WILLIAMS", "sub_2": "MONA", "shape_lengt": 98339.3668669279, "globalid": "a908e40a-4ad7-416a-8bef-4843793180e8", "NERC": "WECC", "NERC_Label": "Western Electricity Coordinating Council (WECC)" }, "geometry": { "type": "MultiLineString", "coordinates": [ [ [ -111.948620614, 40.4674531470001 ], [ -111.94783952, 40.465415324000098 ], [ -111.942345679, 40.449050202000102 ], [ -111.938839903, 40.438943316000099 ], [ -111.94118699, 40.4234069500001 ], [ -111.940968175, 40.420746146000099 ], [ -111.941495772, 40.419441233 ], [ -111.944060845, 40.395706628 ], [ -111.957581808, 40.380217431000098 ], [ -111.981949064, 40.352237595000098 ], [ -111.987105905, 40.337217803 ], [ -111.994642343, 40.325711128000101 ], [ -111.996477236, 40.297649938000099 ], [ -111.999343239, 40.2543886610001 ], [ -112.000984706, 40.229610808000103 ], [ -112.006808986, 40.141494239000103 ], [ -111.993177901, 40.068191163 ], [ -111.986830658, 40.033935469 ], [ -111.972438701, 39.956110258000102 ], [ -111.968963188, 39.937313832 ], [ -111.930329253, 39.891857344000101 ], [ -111.919707529, 39.885845006000103 ], [ -111.905535291, 39.869950668000101 ], [ -111.905969074, 39.847220533 ], [ -111.906471328, 39.826741317 ], [ -111.904377496, 39.826658468000097 ], [ -111.904240196, 39.824579669000101 ], [ -111.904342977, 39.824040492000101 ] ] ] } },
{ "type": "Feature", "properties": { "objectid": "69872", "id": "201626", "type": "AC; OVERHEAD", "status": "NOT AVAILABLE", "naics_code": "221121", "naics_desc": "ELECTRIC BULK POWER TRANSMISSION AND CONTROL", "source": "IMAGERY", "sourcedate": "2014-07-08T20:00:00-06:00", "val_method": "IMAGERY", "val_date": "2014-07-08T20:00:00-06:00", "owner": "TRI-STATE G & T ASSN, INC", "voltage": 345.0, "volt_class": "345", "inferred": "N", "sub_1": "UNKNOWN201471", "sub_2": "LARAMIE RIVER", "shape_lengt": 463.35173946499998, "globalid": "fe85f918-bc8c-4422-9d68-48a3f95d4c92", "NERC": "WECC", "NERC_Label": "Western Electricity Coordinating Council (WECC)" }, "geometry": { "type": "MultiLineString", "coordinates": [ [ [ -104.888452576, 42.110419849 ], [ -104.888194218, 42.109737378 ], [ -104.887891177, 42.108935091 ], [ -104.887733714, 42.108293696 ], [ -104.887724801, 42.107967485000103 ], [ -104.887240409, 42.107528076 ] ] ] } },
{ "type": "Feature", "properties": { "objectid": "68495", "id": "200196", "type": "AC; OVERHEAD", "status": "NOT AVAILABLE", "naics_code": "221121", "naics_desc": "ELECTRIC BULK POWER TRANSMISSION AND CONTROL", "source": "Regional Map", "sourcedate": "2014-06-29T20:00:00-06:00", "val_method": "IMAGERY/OTHER", "val_date": "2014-06-29T20:00:00-06:00", "owner": "TRI-STATE G & T ASSN, INC", "voltage": 345.0, "volt_class": "345", "inferred": "N", "sub_1": "MEEKER", "sub_2": "RIFLE UTE", "shape_lengt": 81695.063989632894, "globalid": "8335f9c8-1ada-4489-9857-4e27ab57be8b", "NERC": "WECC", "NERC_Label": "Western Electricity Coordinating Council (WECC)" }, "geometry": { "type": "MultiLineString", "coordinates": [ [ [ -107.980316515, 40.008499483 ], [ -107.980593984, 40.008204781000103 ], [ -107.982314625, 40.008059421 ], [ -107.982580311, 40.006092186 ], [ -107.980758458, 39.999065886 ], [ -107.981770599, 39.991399125 ], [ -107.9832129, 39.979553209000102 ], [ -107.984427469, 39.969528137000097 ], [ -107.985262486, 39.963186568 ], [ -107.9864391, 39.953993158000102 ], [ -107.983681015, 39.945322291 ], [ -107.981555519, 39.938561356 ], [ -107.979683058, 39.9325661660001 ], [ -107.976355643, 39.9221752 ], [ -107.97339513, 39.912685153 ], [ -107.971737748, 39.906804157000103 ], [ -107.968486245, 39.896807248000101 ], [ -107.964247904, 39.883275127 ], [ -107.962868861, 39.87884797 ], [ -107.964159341, 39.869041190000097 ], [ -107.966006499, 39.857611124000101 ], [ -107.964880492, 39.842575309 ], [ -107.963615315, 39.827128117 ], [ -107.962324835, 39.811084621000099 ], [ -107.961173525, 39.797069005 ], [ -107.959794482, 39.779793406000103 ], [ -107.955416971, 39.761219973 ], [ -107.954543999, 39.749042417000098 ], [ -107.953152305, 39.727697324000097 ], [ -107.94215792, 39.709810612000098 ], [ -107.934731334, 39.69776999 ], [ -107.926861936, 39.684919152000099 ], [ -107.916778479, 39.675454733 ], [ -107.901102941, 39.663515252 ], [ -107.893182936, 39.6568726570001 ], [ -107.887514945, 39.651963349 ], [ -107.885718394, 39.646771183 ], [ -107.88368146, 39.644676671000099 ], [ -107.865361703, 39.638324555000104 ], [ -107.859276203, 39.634612389 ], [ -107.853519651, 39.631942624 ], [ -107.839855744, 39.6242055700001 ], [ -107.828848708, 39.617949033000102 ], [ -107.82535682, 39.616428667 ], [ -107.817512726, 39.61210129 ], [ -107.811945948, 39.608767856 ], [ -107.798370604, 39.600657778 ], [ -107.791854945, 39.595851719000102 ], [ -107.781189507, 39.58801313 ], [ -107.775939024, 39.584434773 ], [ -107.771384388, 39.581373035000098 ], [ -107.759896585, 39.573601073000098 ], [ -107.756670385, 39.571484842000103 ], [ -107.753077283, 39.56838352 ], [ -107.746169419, 39.5539771360001 ], [ -107.74581517, 39.537674904 ], [ -107.745764563, 39.526960760000101 ], [ -107.745625393, 39.520461211000097 ], [ -107.743917405, 39.520412413 ], [ -107.742513059, 39.520705200000101 ], [ -107.741773096, 39.520390381 ] ] ] } },
{ "type": "Feature", "properties": { "objectid": "74249", "id": "206524", "type": "AC; OVERHEAD", "status": "NOT AVAILABLE", "naics_code": "221121", "naics_desc": "ELECTRIC BULK POWER TRANSMISSION AND CONTROL", "source": "IMAGERY", "sourcedate": "2015-11-17T18:00:00-07:00", "val_method": "IMAGERY", "val_date": "2015-11-17T18:00:00-07:00", "owner": "BASIN ELECTRIC POWER COOP", "voltage": 345.0, "volt_class": "345", "inferred": "Y", "sub_1": "NOT AVAILABLE", "sub_2": "LARAMIE RIVER", "shape_lengt": 490.42840875889999, "globalid": "a6d269e2-88b2-480f-9d4e-6d814740cdeb", "NERC": "WECC", "NERC_Label": "Western Electricity Coordinating Council (WECC)" }, "geometry": { "type": "MultiLineString", "coordinates": [ [ [ -104.883883183, 42.109059939000097 ], [ -104.884724917, 42.108581072 ], [ -104.885501216, 42.108575124 ], [ -104.88661064, 42.108491843 ], [ -104.886684998, 42.108259845000099 ], [ -104.887240409, 42.107528076 ] ] ] } },
{ "type": "Feature", "properties": { "objectid": "74248", "id": "206523", "type": "AC; OVERHEAD", "status": "NOT AVAILABLE", "naics_code": "221121", "naics_desc": "ELECTRIC BULK POWER TRANSMISSION AND CONTROL", "source": "IMAGERY", "sourcedate": "2015-11-17T18:00:00-07:00", "val_method": "IMAGERY", "val_date": "2015-11-17T18:00:00-07:00", "owner": "BASIN ELECTRIC POWER COOP", "voltage": 345.0, "volt_class": "345", "inferred": "Y", "sub_1": "NOT AVAILABLE", "sub_2": "LARAMIE RIVER", "shape_lengt": 591.17538343700005, "globalid": "0c851fe0-7710-4198-9dd9-6f5334b1eea2", "NERC": "WECC", "NERC_Label": "Western Electricity Coordinating Council (WECC)" }, "geometry": { "type": "MultiLineString", "coordinates": [ [ [ -104.883883183, 42.109059939000097 ], [ -104.884710046, 42.109268142000097 ], [ -104.885444704, 42.109265168 ], [ -104.886164491, 42.109158092 ], [ -104.88703002, 42.109045067000103 ], [ -104.887324478, 42.1082866140001 ], [ -104.887240409, 42.107528076 ] ] ] } },
{ "type": "Feature", "properties": { "objectid": "79612", "id": "212304", "type": "AC", "status": "NOT AVAILABLE", "naics_code": "221121", "naics_desc": "ELECTRIC BULK POWER TRANSMISSION AND CONTROL", "source": "IMAGERY", "sourcedate": "2019-04-21T20:00:00-06:00", "val_method": "IMAGERY", "val_date": "2019-04-21T20:00:00-06:00", "owner": "NORTHERN WASCO COUNTY PUD", "voltage": 345.0, "volt_class": "345", "inferred": "N", "sub_1": "TAP209595", "sub_2": "TAP209586", "shape_lengt": 787.89458138739997, "globalid": "78c1994c-09e2-46b2-9100-6f7ac8698576", "NERC": "WECC", "NERC_Label": "Western Electricity Coordinating Council (WECC)" }, "geometry": { "type": "MultiLineString", "coordinates": [ [ [ -111.674607287, 41.060380598000101 ], [ -111.675451581, 41.060182392000101 ], [ -111.677332545, 41.058308566 ], [ -111.678289088, 41.057377007000099 ], [ -111.679209939, 41.056470433000101 ] ] ] } },
{ "type": "Feature", "properties": { "objectid": "74665", "id": "206957", "type": "AC; OVERHEAD", "status": "NOT AVAILABLE", "naics_code": "221121", "naics_desc": "ELECTRIC BULK POWER TRANSMISSION AND CONTROL", "source": "IMAGERY", "sourcedate": "2015-09-13T20:00:00-06:00", "val_method": "IMAGERY", "val_date": "2015-09-13T20:00:00-06:00", "owner": "PACIFICORP", "voltage": 345.0, "volt_class": "345", "inferred": "Y", "sub_1": "JIM BRIDGER", "sub_2": "NOT AVAILABLE", "shape_lengt": 684.94578312229999, "globalid": "690043c7-3997-4fba-a162-7471e7c3b96c", "NERC": "WECC", "NERC_Label": "Western Electricity Coordinating Council (WECC)" }, "geometry": { "type": "MultiLineString", "coordinates": [ [ [ -108.790339686, 41.7349171050001 ], [ -108.789092507, 41.735270897000099 ], [ -108.787455438, 41.736022806000101 ], [ -108.786416407, 41.738040272 ] ] ] } },
{ "type": "Feature", "properties": { "objectid": "89558", "id": "309297", "type": "AC; OVERHEAD", "status": "IN SERVICE", "naics_code": "221121", "naics_desc": "ELECTRIC BULK POWER TRANSMISSION AND CONTROL", "source": "Western Electricity Coordinating Council https://www.wecc.biz/Reliability/YEAR%202014%20OC%20MAP-1.pdf", "sourcedate": "2016-12-31T18:00:00-07:00", "val_method": "IMAGERY/OTHER", "val_date": "2016-12-31T18:00:00-07:00", "owner": "NOT AVAILABLE", "voltage": 345.0, "volt_class": "345", "inferred": "N", "sub_1": "NOT AVAILABLE", "sub_2": "PEACOCK", "shape_lengt": 294331.95543684199, "globalid": "4ac2e26c-7583-4f1a-9883-7460e2305d06", "NERC": "WECC", "NERC_Label": "Western Electricity Coordinating Council (WECC)" }, "geometry": { "type": "MultiLineString", "coordinates": [ [ [ -112.500284967, 33.412228111 ], [ -112.510383, 33.412237999000098 ], [ -112.520408749, 33.417619338000101 ], [ -112.520736895, 33.417795471 ], [ -112.527838, 33.421607000000101 ], [ -112.531086, 33.423285 ], [ -112.543249001, 33.429793000000103 ], [ -112.570328, 33.444243 ], [ -112.581337001, 33.449722000000101 ], [ -112.65986, 33.531329999 ], [ -112.678385942, 33.551479203 ], [ -112.678824028, 33.551955674000098 ], [ -112.713249001, 33.589397 ], [ -112.716191333, 33.592639938 ], [ -112.74229, 33.621405 ], [ -112.820464001, 33.707441000000102 ], [ -112.856912, 33.747441 ], [ -112.86527, 33.761522 ], [ -112.876519, 33.785006999000103 ], [ -112.900452, 33.8350170000001 ], [ -112.93396, 33.904956 ], [ -112.951952807, 33.942428375000098 ], [ -112.970266, 33.980568 ], [ -112.988973, 34.0168770000001 ], [ -113.009279001, 34.055036 ], [ -113.029083, 34.098389 ], [ -113.043966, 34.132840999 ], [ -113.077148001, 34.207547 ], [ -113.09071, 34.238216000000101 ], [ -113.093782001, 34.2444879990001 ], [ -113.112685, 34.275289 ], [ -113.161240001, 34.354121 ], [ -113.177935, 34.381692 ], [ -113.192573, 34.390702 ], [ -113.225834, 34.411134 ], [ -113.234258, 34.420408999000102 ], [ -113.242012001, 34.426967 ], [ -113.274537, 34.452037 ], [ -113.280219001, 34.455924999000104 ], [ -113.351847001, 34.490878000000102 ], [ -113.403533, 34.516124999 ], [ -113.409695, 34.519214 ], [ -113.434689001, 34.53133 ], [ -113.447502001, 34.541248 ], [ -113.451859, 34.545269 ], [ -113.476806, 34.565684 ], [ -113.481003, 34.567196 ], [ -113.482475, 34.569805 ], [ -113.483154001, 34.573213000000102 ], [ -113.511678, 34.6159660000001 ], [ -113.560112, 34.688805000000102 ], [ -113.580736001, 34.721154 ], [ -113.623542001, 34.7546180000001 ], [ -113.62539, 34.762031 ], [ -113.635635001, 34.799972999 ], [ -113.645524001, 34.839869999 ], [ -113.664888001, 34.914537000000102 ], [ -113.674141, 34.966057 ], [ -113.676613, 34.981082999000101 ], [ -113.677582001, 34.987083 ], [ -113.677851, 34.992503 ], [ -113.698449001, 35.117052000000101 ], [ -113.704692001, 35.159092999000102 ], [ -113.708778, 35.193138 ], [ -113.715267, 35.248776 ], [ -113.715406408, 35.250763598000098 ], [ -113.716586001, 35.251246 ], [ -113.717923554, 35.250824423 ] ] ] } },
{ "type": "Feature", "properties": { "objectid": "74409", "id": "206688", "type": "AC", "status": "NOT AVAILABLE", "naics_code": "221121", "naics_desc": "ELECTRIC BULK POWER TRANSMISSION AND CONTROL", "source": "IMAGERY", "sourcedate": "2016-01-06T18:00:00-07:00", "val_method": "IMAGERY", "val_date": "2016-01-06T18:00:00-07:00", "owner": "PACIFICORP", "voltage": 345.0, "volt_class": "345", "inferred": "Y", "sub_1": "NOT AVAILABLE", "sub_2": "HUNTINGTON", "shape_lengt": 1397.9402422278999, "globalid": "5e163677-a567-41c9-afef-79453b6c3e9c", "NERC": "WECC", "NERC_Label": "Western Electricity Coordinating Council (WECC)" }, "geometry": { "type": "MultiLineString", "coordinates": [ [ [ -111.078850681, 39.379130247 ], [ -111.077112485, 39.379710835 ], [ -111.077412297, 39.380096308000098 ], [ -111.078530643, 39.381362181 ], [ -111.079525258, 39.382480528 ], [ -111.082028451, 39.38287076 ], [ -111.084298457, 39.383146777 ], [ -111.085765797, 39.383355784000102 ] ] ] } },
{ "type": "Feature", "properties": { "objectid": "68440", "id": "200140", "type": "AC; OVERHEAD", "status": "NOT AVAILABLE", "naics_code": "221121", "naics_desc": "ELECTRIC BULK POWER TRANSMISSION AND CONTROL", "source": "Company Map", "sourcedate": "2014-06-22T20:00:00-06:00", "val_method": "IMAGERY/OTHER", "val_date": "2014-06-22T20:00:00-06:00", "owner": "IDAHO POWER CO", "voltage": 345.0, "volt_class": "345", "inferred": "N", "sub_1": "GOSHEN", "sub_2": "3 MILE KNOLL", "shape_lengt": 114609.68290836101, "globalid": "24d6704e-c562-41cb-96f3-79fac2d4460b", "NERC": "WECC", "NERC_Label": "Western Electricity Coordinating Council (WECC)" }, "geometry": { "type": "MultiLineString", "coordinates": [ [ [ -112.121138902, 43.306245975000103 ], [ -112.120812892, 43.305093986 ], [ -112.120868657, 43.304680058 ], [ -112.118035787, 43.304789627 ], [ -112.10913117, 43.304767091 ], [ -112.100027969, 43.304759379000103 ], [ -112.095481667, 43.304751667 ], [ -112.090892976, 43.304751667 ], [ -112.086251297, 43.304504885 ], [ -112.076840771, 43.303980470000099 ], [ -112.067949519, 43.303486898000102 ], [ -112.058581382, 43.302962474 ], [ -112.050495535, 43.302499743 ], [ -112.044666944, 43.296183114 ], [ -112.037704426, 43.288616179 ], [ -112.031134013, 43.281387758000101 ], [ -112.025697526, 43.275423857000099 ], [ -112.017961395, 43.266959206000102 ], [ -112.010892903, 43.259241999 ], [ -112.00175791, 43.249377984 ], [ -111.994572846, 43.241457830000101 ], [ -111.988701864, 43.235088539000103 ], [ -111.982830882, 43.226880821000101 ], [ -111.976917511, 43.218671999 ], [ -111.974278748, 43.214949478000101 ], [ -111.96777192, 43.206005231 ], [ -111.961286288, 43.196565234 ], [ -111.952522204, 43.185137949000101 ], [ -111.946820782, 43.177603579 ], [ -111.934167439, 43.160754135 ], [ -111.927639416, 43.15303894 ], [ -111.92596502, 43.151345796 ], [ -111.918207695, 43.143513428000098 ], [ -111.909348235, 43.134574179 ], [ -111.895317225, 43.120319715 ], [ -111.887983796, 43.11293981 ], [ -111.885588775, 43.108986476 ], [ -111.878891193, 43.098254712 ], [ -111.871928675, 43.0871418340001 ], [ -111.863270567, 43.073193711 ], [ -111.85779169, 43.064437746000102 ], [ -111.855258903, 43.059451474000099 ], [ -111.853234792, 43.055355304 ], [ -111.852874478, 43.035404828 ], [ -111.852567153, 43.019701659000098 ], [ -111.852344606, 43.007884835 ], [ -111.852185645, 42.997088858 ], [ -111.848095033, 42.984275378000099 ], [ -111.847014094, 42.9808564470001 ], [ -111.836533226, 42.973389960000098 ], [ -111.825458902, 42.965496052 ], [ -111.816790195, 42.959307388000099 ], [ -111.800756269, 42.9478202600001 ], [ -111.787890978, 42.9389145170001 ], [ -111.78134176, 42.934538749000097 ], [ -111.778183723, 42.932125737 ], [ -111.770225045, 42.926057874 ], [ -111.767777037, 42.924769734000101 ], [ -111.751944462, 42.916310797000101 ], [ -111.743858615, 42.912003277 ], [ -111.738485713, 42.902836185000098 ], [ -111.73378045, 42.89444411 ], [ -111.73034688, 42.888426889000101 ], [ -111.719844817, 42.870573637 ], [ -111.710201147, 42.853818412000102 ], [ -111.703016083, 42.841573425 ], [ -111.700239554, 42.8367711120001 ], [ -111.695195172, 42.828152433000099 ], [ -111.690097803, 42.819610284000099 ], [ -111.685689269, 42.813562444000098 ], [ -111.678504205, 42.803727610000102 ], [ -111.673544602, 42.796908393000102 ], [ -111.668701573, 42.790321732000102 ], [ -111.659640761, 42.777908596 ], [ -111.650018286, 42.764613826000101 ], [ -111.64234574, 42.753674034 ], [ -111.638710818, 42.748180068000103 ], [ -111.631017077, 42.736474584000099 ], [ -111.62686288, 42.730255146000097 ], [ -111.618649864, 42.729204241 ], [ -111.611125682, 42.728083256 ], [ -111.597666934, 42.716163751000103 ], [ -111.594795027, 42.7136409760001 ], [ -111.59665706, 42.712515627000101 ], [ -111.596635576, 42.710850291 ], [ -111.596281252, 42.710433322 ] ] ] } },
{ "type": "Feature", "properties": { "objectid": "68452", "id": "200152", "type": "AC; OVERHEAD", "status": "NOT AVAILABLE", "naics_code": "221121", "naics_desc": "ELECTRIC BULK POWER TRANSMISSION AND CONTROL", "source": "http://www.oasis.oati.com/PPW/PPWdocs/Transmission_Network_Diagram.pdf", "sourcedate": "2014-06-22T20:00:00-06:00", "val_method": "IMAGERY/OTHER", "val_date": "2014-06-22T20:00:00-06:00", "owner": "PACIFICORP", "voltage": 345.0, "volt_class": "345", "inferred": "N", "sub_1": "TERMINAL", "sub_2": "OQUIRRH", "shape_lengt": 31372.262505987499, "globalid": "eab218dc-53b5-4e5e-a649-7bfe075cd4cb", "NERC": "WECC", "NERC_Label": "Western Electricity Coordinating Council (WECC)" }, "geometry": { "type": "MultiLineString", "coordinates": [ [ [ -112.006095235, 40.758372227000102 ], [ -112.008423955, 40.759093586000098 ], [ -112.007971134, 40.758255883000103 ], [ -112.01699811, 40.758171001 ], [ -112.030261945, 40.757941529 ], [ -112.030271821, 40.740688323 ], [ -112.030285762, 40.728894451 ], [ -112.03026805, 40.717453811 ], [ -112.030279466, 40.666142538 ], [ -112.030215278, 40.6536673210001 ], [ -112.03024117, 40.652490542000102 ], [ -112.030203068, 40.608133307000102 ], [ -112.030287772, 40.602507277 ], [ -112.030213524, 40.595935072 ], [ -112.030260379, 40.584321048 ], [ -112.030250813, 40.570148468000099 ], [ -112.028464734, 40.569015941 ], [ -112.028658001, 40.568057685 ], [ -112.02806805, 40.564560743000101 ] ] ] } },
{ "type": "Feature", "properties": { "objectid": "68441", "id": "200141", "type": "AC; OVERHEAD", "status": "NOT AVAILABLE", "naics_code": "221121", "naics_desc": "ELECTRIC BULK POWER TRANSMISSION AND CONTROL", "source": "Company Map", "sourcedate": "2014-06-22T20:00:00-06:00", "val_method": "IMAGERY/OTHER", "val_date": "2014-06-22T20:00:00-06:00", "owner": "IDAHO POWER CO", "voltage": 345.0, "volt_class": "345", "inferred": "N", "sub_1": "3 MILE KNOLL", "sub_2": "JIM BRIDGER", "shape_lengt": 377718.06756879698, "globalid": "76fc22e0-693a-4073-911f-7d535ac6f2b2", "NERC": "WECC", "NERC_Label": "Western Electricity Coordinating Council (WECC)" }, "geometry": { "type": "MultiLineString", "coordinates": [ [ [ -111.596281252, 42.710433322 ], [ -111.596055536, 42.712192034 ], [ -111.594304675, 42.713210162 ], [ -111.591323914, 42.710566154 ], [ -111.585232897, 42.705187498 ], [ -111.578577864, 42.6991527120001 ], [ -111.570556173, 42.693676356 ], [ -111.561429272, 42.687334710000101 ], [ -111.548891666, 42.678651019 ], [ -111.547097184, 42.677410393000102 ], [ -111.538445643, 42.666706779 ], [ -111.532598721, 42.659488444 ], [ -111.530435835, 42.6568316070001 ], [ -111.520370099, 42.652583926 ], [ -111.511861165, 42.648965303000097 ], [ -111.502496583, 42.637024101000101 ], [ -111.489281591, 42.619825094000099 ], [ -111.479691214, 42.6075109390001 ], [ -111.47434342, 42.600556914 ], [ -111.468425195, 42.5968565310001 ], [ -111.45857337, 42.590636244 ], [ -111.453807891, 42.588930150000103 ], [ -111.441983325, 42.584625335 ], [ -111.434532065, 42.578255063 ], [ -111.428186017, 42.572908083000101 ], [ -111.425726032, 42.570860182 ], [ -111.421542868, 42.562764189 ], [ -111.414994791, 42.550648869 ], [ -111.404846011, 42.541941947000097 ], [ -111.376622396, 42.5228051120001 ], [ -111.366336173, 42.515691640000099 ], [ -111.350462373, 42.503241116 ], [ -111.340239647, 42.4949549950001 ], [ -111.334783837, 42.487038771000101 ], [ -111.330508915, 42.480720878 ], [ -111.320465423, 42.466094853000101 ], [ -111.31598448, 42.456190269000103 ], [ -111.310284584, 42.443598294 ], [ -111.303812112, 42.429179022 ], [ -111.298455583, 42.417253375 ], [ -111.296996272, 42.411460823 ], [ -111.293339411, 42.397008801 ], [ -111.289922907, 42.383136800000102 ], [ -111.288772627, 42.378520573000102 ], [ -111.285991352, 42.366762881000099 ], [ -111.282729363, 42.358783646000099 ], [ -111.275759008, 42.341134395 ], [ -111.262316181, 42.330854691000098 ], [ -111.254161209, 42.323784833 ], [ -111.248924858, 42.318542216 ], [ -111.236821164, 42.306570151000102 ], [ -111.225163846, 42.294938689 ], [ -111.211326146, 42.281196575000102 ], [ -111.20404676, 42.273968696 ], [ -111.193917426, 42.263894013 ], [ -111.188629571, 42.252153008 ], [ -111.184251639, 42.242837430000101 ], [ -111.178500238, 42.230558592000101 ], [ -111.172680162, 42.226299845 ], [ -111.160919835, 42.217781489 ], [ -111.149794736, 42.209707061000103 ], [ -111.129845099, 42.195170489000098 ], [ -111.103955209, 42.176279397 ], [ -111.087456414, 42.164242128000097 ], [ -111.075369887, 42.155435403000098 ], [ -111.066940221, 42.148651352000101 ], [ -111.045187907, 42.131057801000097 ], [ -111.033290232, 42.121278664 ], [ -111.019401026, 42.110097019000101 ], [ -111.005116949, 42.098442068000097 ], [ -110.992189172, 42.088008114 ], [ -110.98341614, 42.080770859 ], [ -110.950635505, 42.065498287 ], [ -110.918828761, 42.050551503000101 ], [ -110.893230734, 42.038018551 ], [ -110.868765818, 42.0261207980001 ], [ -110.843081948, 42.013634051 ], [ -110.804693491, 41.994880194000103 ], [ -110.781481866, 41.983127512000102 ], [ -110.760124423, 41.972304449 ], [ -110.748827641, 41.966585862 ], [ -110.717014666, 41.950448509 ], [ -110.709168724, 41.946477378000097 ], [ -110.68458363, 41.941407763 ], [ -110.65282216, 41.934830708 ], [ -110.643019025, 41.937129561000098 ], [ -110.609969929, 41.932071975 ], [ -110.58972843, 41.917676093000097 ], [ -110.56687734, 41.901360241000098 ], [ -110.541004618, 41.882956783000097 ], [ -110.521861894, 41.868664886 ], [ -110.513380724, 41.866721555 ], [ -110.497517158, 41.863384513 ], [ -110.479593387, 41.859535831000102 ], [ -110.441050414, 41.853180523 ], [ -110.411469327, 41.84829533 ], [ -110.3581959, 41.840506384 ], [ -110.315360836, 41.834699230000098 ], [ -110.249399989, 41.825642088000102 ], [ -110.201517428, 41.819104286 ], [ -110.124053777, 41.808355764 ], [ -110.099159653, 41.804964487 ], [ -110.035877071, 41.796159126000099 ], [ -110.001093969, 41.791269581 ], [ -109.940111947, 41.782756786 ], [ -109.906753819, 41.778083869 ], [ -109.873430029, 41.773423416000099 ], [ -109.81849127, 41.770977823000102 ], [ -109.766333786, 41.767635788000099 ], [ -109.725112549, 41.7649978910001 ], [ -109.701162684, 41.765894276 ], [ -109.665383817, 41.768019939000098 ], [ -109.624488779, 41.770478449000102 ], [ -109.595903456, 41.7721046 ], [ -109.577962518, 41.772091796 ], [ -109.52971942, 41.7675973730001 ], [ -109.516825981, 41.766432101000099 ], [ -109.496155273, 41.764549694 ], [ -109.470746097, 41.758658811 ], [ -109.445645952, 41.752767386000102 ], [ -109.420562975, 41.74691385 ], [ -109.398312778, 41.745761011000099 ], [ -109.364834472, 41.7439036170001 ], [ -109.319733185, 41.7415465710001 ], [ -109.307612321, 41.749181038000103 ], [ -109.259231877, 41.744902774 ], [ -109.211314979, 41.740649846000103 ], [ -109.185030216, 41.739983699000099 ], [ -109.158487929, 41.73939441 ], [ -109.119824777, 41.73857452 ], [ -109.082277569, 41.737126876 ], [ -109.036798579, 41.735422970000101 ], [ -108.991800301, 41.741892447 ], [ -108.981876988, 41.743301554 ], [ -108.951918197, 41.739714676000098 ], [ -108.910679791, 41.737011576 ], [ -108.882145973, 41.7355126510001 ], [ -108.864496897, 41.734743958000102 ], [ -108.852049835, 41.734500536 ], [ -108.838109124, 41.734244302 ], [ -108.813592703, 41.733731831 ], [ -108.800373715, 41.733387890000103 ], [ -108.792893465, 41.733215434000101 ], [ -108.791810957, 41.733605729 ], [ -108.790339686, 41.7349171050001 ] ] ] } },
{ "type": "Feature", "properties": { "objectid": "68429", "id": "200128", "type": "AC; OVERHEAD", "status": "NOT AVAILABLE", "naics_code": "221121", "naics_desc": "ELECTRIC BULK POWER TRANSMISSION AND CONTROL", "source": "Company Map", "sourcedate": "2014-06-11T20:00:00-06:00", "val_method": "IMAGERY/OTHER", "val_date": "2014-06-11T20:00:00-06:00", "owner": "IDAHO POWER CO", "voltage": 345.0, "volt_class": "345", "inferred": "N", "sub_1": "MIDPOINT", "sub_2": "KINPORT", "shape_lengt": 246709.02422148699, "globalid": "fd807d7d-2a39-41a0-ac3c-81b06f0b36ad", "NERC": "WECC", "NERC_Label": "Western Electricity Coordinating Council (WECC)" }, "geometry": { "type": "MultiLineString", "coordinates": [ [ [ -114.420608483, 42.835673530000101 ], [ -114.420879203, 42.8360989500001 ], [ -114.421708256, 42.8360989500001 ], [ -114.421676015, 42.836551530000101 ], [ -114.419124376, 42.836541398000101 ], [ -114.419308027, 42.838908800000098 ], [ -114.40658654, 42.838869524000103 ], [ -114.406597329, 42.838604493 ], [ -114.397231126, 42.837443589 ], [ -114.383862392, 42.835715617000098 ], [ -114.373997544, 42.834463678000098 ], [ -114.364377029, 42.833255098000102 ], [ -114.350210169, 42.8314892000001 ], [ -114.340626474, 42.830263691 ], [ -114.331018687, 42.829026810000101 ], [ -114.316965107, 42.827222128000102 ], [ -114.306877797, 42.825946965000099 ], [ -114.296982484, 42.824677797 ], [ -114.282482088, 42.822852111 ], [ -114.273147717, 42.821652497000102 ], [ -114.259341835, 42.819880341 ], [ -114.250008536, 42.818690197000102 ], [ -114.236819241, 42.81699351 ], [ -114.227768496, 42.815842465000102 ], [ -114.218386829, 42.814620904 ], [ -114.204753108, 42.812892971 ], [ -114.189833357, 42.810977441 ], [ -114.185485032, 42.813097069 ], [ -114.176955281, 42.817436137000101 ], [ -114.165246145, 42.823533864000098 ], [ -114.1575038, 42.827418292000097 ], [ -114.146649254, 42.832889270000102 ], [ -114.135495506, 42.838562973000101 ], [ -114.123434546, 42.844626430000098 ], [ -114.115772003, 42.848483367 ], [ -114.104027358, 42.854539618 ], [ -114.095220048, 42.8589994700001 ], [ -114.084655872, 42.864305883 ], [ -114.073003766, 42.870187748 ], [ -114.065653317, 42.873899367 ], [ -114.053860068, 42.879844623 ], [ -114.042959153, 42.885331512 ], [ -114.031299689, 42.891193519000097 ], [ -114.020661507, 42.896665166 ], [ -114.012346298, 42.900856444000098 ], [ -113.999658968, 42.907224337000102 ], [ -113.996008997, 42.90904508 ], [ -113.981010104, 42.909053596 ], [ -113.966400778, 42.9089903550001 ], [ -113.956692414, 42.908967251 ], [ -113.946393694, 42.9089577230001 ], [ -113.941577124, 42.908935762 ], [ -113.933155759, 42.905570827000098 ], [ -113.923445308, 42.901648494 ], [ -113.912030148, 42.897064613000097 ], [ -113.900094777, 42.892322143000101 ], [ -113.892711857, 42.889237231 ], [ -113.878510371, 42.889270945000099 ], [ -113.865934535, 42.889294287 ], [ -113.852056131, 42.889312673000099 ], [ -113.848448291, 42.889313263000098 ], [ -113.840124652, 42.890104091000097 ], [ -113.830697605, 42.89107391 ], [ -113.817018096, 42.892403137 ], [ -113.807300273, 42.893343032000097 ], [ -113.80233668, 42.893839826 ], [ -113.793084573, 42.893817488 ], [ -113.78347934, 42.893811926000097 ], [ -113.77400529, 42.893801501 ], [ -113.759836318, 42.893763276000101 ], [ -113.74572369, 42.893788445 ], [ -113.736287094, 42.893756346 ], [ -113.725885398, 42.893734849000097 ], [ -113.711482121, 42.893703024 ], [ -113.677343674, 42.893707172000099 ], [ -113.66824453, 42.8936465130001 ], [ -113.644496795, 42.893629846000103 ], [ -113.625029018, 42.89358572 ], [ -113.600507702, 42.893484836 ], [ -113.580621854, 42.893423633000097 ], [ -113.560554196, 42.893363874 ], [ -113.542519971, 42.881712388 ], [ -113.52451616, 42.869861799 ], [ -113.513157836, 42.862574225000103 ], [ -113.498796948, 42.853192306 ], [ -113.482082797, 42.84231021 ], [ -113.464382138, 42.830763725000097 ], [ -113.445900122, 42.81871153 ], [ -113.43149911, 42.8093414840001 ], [ -113.41072292, 42.796123127 ], [ -113.392496797, 42.784515175000102 ], [ -113.374477211, 42.773164452000103 ], [ -113.35174782, 42.758703416000102 ], [ -113.333513228, 42.747173724 ], [ -113.322746779, 42.722043533 ], [ -113.316849482, 42.707945931 ], [ -113.315495503, 42.704462806 ], [ -113.302029939, 42.704413057000103 ], [ -113.279273694, 42.7031885580001 ], [ -113.259862992, 42.702043719000102 ], [ -113.236085134, 42.700665431000097 ], [ -113.212823976, 42.705469750000098 ], [ -113.19165061, 42.709738325 ], [ -113.178567212, 42.7124273700001 ], [ -113.170761098, 42.713762595 ], [ -113.161701846, 42.715325233 ], [ -113.125215863, 42.721585977000103 ], [ -113.106696467, 42.724785820000101 ], [ -113.076454492, 42.729989666000101 ], [ -113.052419523, 42.734224068000103 ], [ -113.0236407, 42.739163367 ], [ -112.997247566, 42.743709827 ], [ -112.970014901, 42.748490949 ], [ -112.949017322, 42.752177346000103 ], [ -112.934153657, 42.752207191 ], [ -112.92467105, 42.752184368 ], [ -112.922308087, 42.7544183420001 ], [ -112.913625991, 42.755503647000097 ], [ -112.907487898, 42.762615339 ], [ -112.899947751, 42.762622130000103 ], [ -112.89522982, 42.762612312 ], [ -112.893343412, 42.760264683000102 ], [ -112.887832007, 42.760286749 ], [ -112.883702336, 42.760301527000102 ], [ -112.876427512, 42.75815965 ], [ -112.872972439, 42.754637882000097 ], [ -112.86062957, 42.754739223 ], [ -112.852708967, 42.754855755000101 ], [ -112.848347412, 42.754887557000103 ], [ -112.837891994, 42.755003943000098 ], [ -112.832559393, 42.7524109350001 ], [ -112.824192613, 42.748400899 ], [ -112.819082736, 42.747396403 ], [ -112.814247626, 42.747409642 ], [ -112.80393227, 42.747393698 ], [ -112.793693049, 42.747386285000097 ], [ -112.787760403, 42.747348618 ], [ -112.775295374, 42.750300856000102 ], [ -112.766084063, 42.752474634000102 ], [ -112.761825917, 42.753475385000101 ], [ -112.760229151, 42.7557108600001 ], [ -112.757698813, 42.759057637000097 ], [ -112.753400779, 42.7654543740001 ], [ -112.749247482, 42.771404807000103 ], [ -112.749091193, 42.776038196000101 ], [ -112.749138832, 42.779067101000102 ], [ -112.736670253, 42.79051215 ], [ -112.722493714, 42.7904936790001 ], [ -112.711665237, 42.790581298000099 ], [ -112.699590895, 42.790592277 ], [ -112.687374143, 42.7906000340001 ], [ -112.67925497, 42.790609794 ], [ -112.666372751, 42.790618852000101 ], [ -112.652834499, 42.790644122000103 ], [ -112.639305838, 42.790686266000101 ], [ -112.634257455, 42.7907106810001 ], [ -112.629693884, 42.794500465 ], [ -112.621974181, 42.794500550000102 ], [ -112.61415928, 42.794523111 ], [ -112.602208748, 42.7945351380001 ], [ -112.599744229, 42.796869668 ], [ -112.596051399, 42.800363848000103 ], [ -112.586927174, 42.807012278000101 ], [ -112.577366563, 42.814024302000099 ], [ -112.568835733, 42.820173023000102 ], [ -112.564827622, 42.823125685 ], [ -112.554820325, 42.830442778000098 ], [ -112.547543272, 42.835745452 ], [ -112.543299233, 42.838817041 ], [ -112.543301728, 42.8410639680001 ], [ -112.543338837, 42.846487232000101 ], [ -112.543331022, 42.851422136 ], [ -112.543368343, 42.857290473 ], [ -112.543304054, 42.864029309 ], [ -112.546323429, 42.869332813 ], [ -112.552187905, 42.879825985 ], [ -112.555501951, 42.885696965000101 ], [ -112.558736724, 42.891479413000098 ], [ -112.558751374, 42.892224416 ], [ -112.558736669, 42.892690368 ] ] ] } },
{ "type": "Feature", "properties": { "objectid": "68473", "id": "200174", "type": "AC", "status": "NOT AVAILABLE", "naics_code": "221121", "naics_desc": "ELECTRIC BULK POWER TRANSMISSION AND CONTROL", "source": "http://www.oasis.oati.com/PPW/PPWdocs/Transmission_Network_Diagram.pdf", "sourcedate": "2014-06-22T20:00:00-06:00", "val_method": "IMAGERY/OTHER", "val_date": "2014-06-22T20:00:00-06:00", "owner": "PACIFICORP", "voltage": 345.0, "volt_class": "345", "inferred": "N", "sub_1": "CURRENT CREEK", "sub_2": "MONA", "shape_lengt": 1050.9384271846, "globalid": "3acc1e5a-f8a6-4575-a6a4-85f1d7056f9d", "NERC": "WECC", "NERC_Label": "Western Electricity Coordinating Council (WECC)" }, "geometry": { "type": "MultiLineString", "coordinates": [ [ [ -111.896148433, 39.821749922 ], [ -111.896291185, 39.822040853 ], [ -111.902225073, 39.822842484 ], [ -111.902321716, 39.823510502 ], [ -111.904342977, 39.824040492000101 ] ] ] } },
{ "type": "Feature", "properties": { "objectid": "91258", "id": "311003", "type": "AC; OVERHEAD", "status": "IN SERVICE", "naics_code": "221121", "naics_desc": "ELECTRIC BULK POWER TRANSMISSION AND CONTROL", "source": "Western Electricity Coordinating Council https://www.wecc.biz/Reliability/YEAR%202014%20OC%20MAP-1.pdf", "sourcedate": "2016-12-31T18:00:00-07:00", "val_method": "IMAGERY/OTHER", "val_date": "2016-12-31T18:00:00-07:00", "owner": "NOT AVAILABLE", "voltage": 345.0, "volt_class": "345", "inferred": "N", "sub_1": "SUBSTATION305429", "sub_2": "WINCHESTER", "shape_lengt": 167862.022712623, "globalid": "6c394ed2-ca6e-49a2-819e-21354e51d74f", "NERC": "WECC", "NERC_Label": "Western Electricity Coordinating Council (WECC)" }, "geometry": { "type": "MultiLineString", "coordinates": [ [ [ -109.172407226, 32.966889954000102 ], [ -109.175867001, 32.965119000000101 ], [ -109.175194, 32.962767 ], [ -109.174306001, 32.9601279990001 ], [ -109.171361001, 32.951335999 ], [ -109.168168, 32.941808 ], [ -109.168136, 32.93034 ], [ -109.168421, 32.92674 ], [ -109.168104001, 32.921347 ], [ -109.172519, 32.902673 ], [ -109.187619, 32.894857999000102 ], [ -109.203142, 32.886811000000101 ], [ -109.216693, 32.873793999 ], [ -109.215197, 32.853915 ], [ -109.217455, 32.837618999 ], [ -109.218618, 32.829911 ], [ -109.218718, 32.813098 ], [ -109.218787001, 32.803364 ], [ -109.216603001, 32.787397 ], [ -109.218866873, 32.772715625 ], [ -109.219025001, 32.757915999 ], [ -109.219152, 32.737153 ], [ -109.244186, 32.725844000000102 ], [ -109.255030434, 32.721040237000103 ], [ -109.269813, 32.714492 ], [ -109.297243001, 32.702748999 ], [ -109.321596, 32.686311 ], [ -109.341280001, 32.672824 ], [ -109.361482001, 32.659082999000098 ], [ -109.392608001, 32.637675000000101 ], [ -109.408617001, 32.626729999000098 ], [ -109.433763, 32.608278 ], [ -109.454642001, 32.59644 ], [ -109.486357, 32.578157 ], [ -109.533204, 32.551854 ], [ -109.588212, 32.520628 ], [ -109.67090813, 32.473523134000096 ], [ -109.671974, 32.472916 ], [ -109.687167, 32.464323 ], [ -109.710726, 32.44611 ], [ -109.764882, 32.413425000000103 ], [ -109.771671, 32.408772 ], [ -109.784164, 32.398613 ], [ -109.804527, 32.385639 ], [ -109.814362, 32.379332999 ], [ -109.83889, 32.367249000000101 ], [ -109.857025, 32.358306999 ], [ -109.892962276, 32.3582875970001 ], [ -109.914444, 32.358276 ], [ -109.924554001, 32.358268999000103 ], [ -109.946871, 32.357387000000102 ], [ -109.957129, 32.3532999990001 ], [ -109.985695, 32.349022 ], [ -110.00196, 32.319365999000098 ], [ -110.010743, 32.310627999000097 ], [ -110.053496001, 32.281341 ], [ -110.056911001, 32.279290999000096 ], [ -110.059982, 32.278236999 ], [ -110.066055001, 32.277691999000098 ], [ -110.097766001, 32.260945 ], [ -110.113098, 32.2528280000001 ], [ -110.163862, 32.222226999 ], [ -110.189741, 32.206559 ], [ -110.202835, 32.197247999000098 ], [ -110.202897585, 32.1968559970001 ], [ -110.203924208, 32.190425715000103 ] ] ] } },
{ "type": "Feature", "properties": { "objectid": "74410", "id": "206689", "type": "AC", "status": "NOT AVAILABLE", "naics_code": "221121", "naics_desc": "ELECTRIC BULK POWER TRANSMISSION AND CONTROL", "source": "IMAGERY", "sourcedate": "2016-01-06T18:00:00-07:00", "val_method": "IMAGERY", "val_date": "2016-01-06T18:00:00-07:00", "owner": "PACIFICORP", "voltage": 345.0, "volt_class": "345", "inferred": "Y", "sub_1": "NOT AVAILABLE", "sub_2": "HUNTINGTON", "shape_lengt": 1204.8950920658999, "globalid": "5596baaf-5ecd-49c3-b6a6-25a95b1d7730", "NERC": "WECC", "NERC_Label": "Western Electricity Coordinating Council (WECC)" }, "geometry": { "type": "MultiLineString", "coordinates": [ [ [ -111.078850681, 39.379130247 ], [ -111.077911984, 39.380243835 ], [ -111.078968464, 39.381338387 ], [ -111.082185496, 39.382651849000098 ], [ -111.084331769, 39.382999251000101 ], [ -111.085765797, 39.383355784000102 ] ] ] } },
{ "type": "Feature", "properties": { "objectid": "68464", "id": "200164", "type": "AC; OVERHEAD", "status": "NOT AVAILABLE", "naics_code": "221121", "naics_desc": "ELECTRIC BULK POWER TRANSMISSION AND CONTROL", "source": "http://www.oasis.oati.com/PPW/PPWdocs/Transmission_Network_Diagram.pdf", "sourcedate": "2014-06-22T20:00:00-06:00", "val_method": "IMAGERY/OTHER", "val_date": "2014-06-22T20:00:00-06:00", "owner": "PACIFICORP", "voltage": 345.0, "volt_class": "345", "inferred": "N", "sub_1": "CAMP WILLIAMS", "sub_2": "MONA", "shape_lengt": 98354.3925249186, "globalid": "f29afd20-8205-4878-a554-29767625a811", "NERC": "WECC", "NERC_Label": "Western Electricity Coordinating Council (WECC)" }, "geometry": { "type": "MultiLineString", "coordinates": [ [ [ -111.948620614, 40.4674531470001 ], [ -111.948612581, 40.466610374 ], [ -111.948529813, 40.465304189000101 ], [ -111.944549065, 40.453775174 ], [ -111.943643478, 40.451100153 ], [ -111.939545661, 40.439125782000097 ], [ -111.941444399, 40.426015186 ], [ -111.944175208, 40.402720867 ], [ -111.945004587, 40.395065263 ], [ -111.956285924, 40.382138258000097 ], [ -111.972635895, 40.36332091 ], [ -111.982216439, 40.352323993 ], [ -111.987419862, 40.337286349000102 ], [ -111.994908827, 40.325765281 ], [ -111.996148376, 40.30719938 ], [ -111.998162318, 40.276453836 ], [ -111.998448001, 40.272091361 ], [ -112.000018784, 40.248099945 ], [ -112.001139655, 40.231831006 ], [ -112.002893726, 40.2050868090001 ], [ -112.003785029, 40.191645285000099 ], [ -112.004669197, 40.178566179 ], [ -112.005774404, 40.161828262 ], [ -112.007114395, 40.141480273000099 ], [ -112.003251192, 40.120793513000102 ], [ -111.99948634, 40.100637979 ], [ -111.995643063, 40.079952763 ], [ -111.991771249, 40.059283012 ], [ -111.988726565, 40.042712134 ], [ -111.985867284, 40.027333058000103 ], [ -111.981417923, 40.003266569000097 ], [ -111.977346479, 39.981420848 ], [ -111.973816879, 39.962497193 ], [ -111.97095756, 39.946296251 ], [ -111.969320908, 39.93722883 ], [ -111.949162232, 39.913572661 ], [ -111.933240149, 39.894849454 ], [ -111.93054115, 39.891699687 ], [ -111.919960622, 39.885654686000102 ], [ -111.906490114, 39.870655863 ], [ -111.906790184, 39.857253174 ], [ -111.907210884, 39.838174727000101 ], [ -111.907600886, 39.825966345 ], [ -111.905243715, 39.825922031000097 ], [ -111.905200933, 39.824574898 ], [ -111.904342977, 39.824040492000101 ] ] ] } },
{ "type": "Feature", "properties": { "objectid": "84663", "id": "304389", "type": "AC; OVERHEAD", "status": "IN SERVICE", "naics_code": "221121", "naics_desc": "ELECTRIC BULK POWER TRANSMISSION AND CONTROL", "source": "Western Electricity Coordinating Council https://www.wecc.biz/Reliability/YEAR%202014%20OC%20MAP-1.pdf", "sourcedate": "2016-12-31T18:00:00-07:00", "val_method": "IMAGERY/OTHER", "val_date": "2017-08-21T20:00:00-06:00", "owner": "NOT AVAILABLE", "voltage": 345.0, "volt_class": "345", "inferred": "N", "sub_1": "SAN JUAN", "sub_2": "OJO", "shape_lengt": 308369.46802452009, "globalid": "12fef0e9-afb9-4c8c-8b0a-3531cc67953f", "NERC": "WECC", "NERC_Label": "Western Electricity Coordinating Council (WECC)" }, "geometry": { "type": "MultiLineString", "coordinates": [ [ [ -108.442428794, 36.802125632000099 ], [ -108.441332, 36.807853000000101 ], [ -108.430200454, 36.807868137000099 ], [ -108.42736, 36.807872 ], [ -108.415815, 36.802685000000103 ], [ -108.40166298, 36.7985071700001 ], [ -108.314065919, 36.772647564000103 ], [ -108.304166, 36.769725 ], [ -108.303336559, 36.76445052 ], [ -108.301058, 36.749961 ], [ -108.291514, 36.734298999 ], [ -108.286384, 36.7317770000001 ], [ -108.284795756, 36.727669650000102 ], [ -108.284832, 36.7253380000001 ], [ -108.283395001, 36.719447000000102 ], [ -108.276252, 36.704579999 ], [ -108.269513, 36.6881470000001 ], [ -108.239227, 36.671033999 ], [ -108.222880001, 36.661797 ], [ -108.22082, 36.660645 ], [ -108.197691, 36.616892 ], [ -108.161138001, 36.5720669990001 ], [ -108.138655001, 36.5416740000001 ], [ -108.123402001, 36.526636000000103 ], [ -108.116603161, 36.523896936 ], [ -108.111303827, 36.521761981000097 ], [ -108.10488, 36.519173999 ], [ -108.078647001, 36.471330000000101 ], [ -108.061355, 36.460038 ], [ -108.000731, 36.426111999000099 ], [ -107.9847, 36.41896 ], [ -107.967350001, 36.4134979990001 ], [ -107.951814, 36.404167 ], [ -107.881679001, 36.372705000000103 ], [ -107.856817001, 36.365738999 ], [ -107.810544, 36.339273999000099 ], [ -107.779503, 36.343906000000104 ], [ -107.732612001, 36.330657 ], [ -107.717267, 36.324371999 ], [ -107.627034, 36.307728 ], [ -107.602172, 36.29575 ], [ -107.581879001, 36.290575999000097 ], [ -107.567294001, 36.293795999000103 ], [ -107.552547, 36.297169999000097 ], [ -107.541328, 36.2983789990001 ], [ -107.538671, 36.29866 ], [ -107.507237, 36.313091 ], [ -107.481054, 36.308698 ], [ -107.463115001, 36.30706 ], [ -107.408721, 36.318985 ], [ -107.385204, 36.318605 ], [ -107.353043, 36.313838 ], [ -107.253271, 36.330426 ], [ -107.188526, 36.322982 ], [ -107.141663, 36.324746999000098 ], [ -107.086344001, 36.296982 ], [ -107.060772466, 36.29878208 ], [ -106.97133, 36.294001 ], [ -106.958159001, 36.278598 ], [ -106.933222, 36.260222 ], [ -106.893891458, 36.227782362 ], [ -106.888326001, 36.223192 ], [ -106.811981, 36.223665 ], [ -106.777745385, 36.2142025220001 ], [ -106.773713001, 36.213088 ], [ -106.763921, 36.204879 ], [ -106.710152, 36.205034 ], [ -106.696297, 36.196383999 ], [ -106.596907, 36.213878999 ], [ -106.569151, 36.218757 ], [ -106.558453077, 36.2229344040001 ], [ -106.499700001, 36.23677 ], [ -106.453616001, 36.233665 ], [ -106.451513693, 36.231851601000102 ], [ -106.448988, 36.229672999000101 ], [ -106.429482, 36.232939 ], [ -106.418037901, 36.238352909000099 ], [ -106.401869, 36.246002 ], [ -106.382631001, 36.235092000000101 ], [ -106.35383, 36.218987999 ], [ -106.342794, 36.216752 ], [ -106.321042001, 36.224724 ], [ -106.2598, 36.223308 ], [ -106.246840001, 36.222938 ], [ -106.250436, 36.209922 ], [ -106.228188, 36.192301 ], [ -106.22318, 36.185049 ], [ -106.171963, 36.152904 ], [ -106.166992, 36.141103 ], [ -106.168289001, 36.1390630000001 ], [ -106.165019757, 36.1306023550001 ], [ -106.160404, 36.118657 ], [ -106.161406, 36.112065 ], [ -106.159297816, 36.1120746490001 ] ] ] } },
{ "type": "Feature", "properties": { "objectid": "68443", "id": "200143", "type": "AC; OVERHEAD", "status": "NOT AVAILABLE", "naics_code": "221121", "naics_desc": "ELECTRIC BULK POWER TRANSMISSION AND CONTROL", "source": "http://www.oasis.oati.com/PPW/PPWdocs/Transmission_Network_Diagram.pdf", "sourcedate": "2014-06-22T20:00:00-06:00", "val_method": "IMAGERY/OTHER", "val_date": "2014-06-22T20:00:00-06:00", "owner": "PACIFICORP", "voltage": 345.0, "volt_class": "345", "inferred": "N", "sub_1": "POPULUS", "sub_2": "JIM BRIDGER", "shape_lengt": 418227.19150666299, "globalid": "018c0bbf-e48f-4c46-878b-0b5f985c8c90", "NERC": "WECC", "NERC_Label": "Western Electricity Coordinating Council (WECC)" }, "geometry": { "type": "MultiLineString", "coordinates": [ [ [ -112.155141723, 42.424741948000097 ], [ -112.152764694, 42.424633775000103 ], [ -112.15084368, 42.424615595 ], [ -112.15084368, 42.416082616 ], [ -112.15083547, 42.412615762 ], [ -112.1468703, 42.408797151 ], [ -112.13419489, 42.396594222 ], [ -112.116281843, 42.390604038 ], [ -112.101357041, 42.385571356000099 ], [ -112.08610386, 42.38039273 ], [ -112.074241187, 42.376426607 ], [ -112.064348785, 42.373133444000104 ], [ -112.054423544, 42.366455617 ], [ -112.045376395, 42.36041455 ], [ -112.040130871, 42.356907698 ], [ -112.036746467, 42.355008633000097 ], [ -112.024537889, 42.355816039 ], [ -112.001862555, 42.355219262 ], [ -111.987896322, 42.354868213 ], [ -111.945744269, 42.349134144000097 ], [ -111.916766712, 42.349742682000098 ], [ -111.902737141, 42.350093759000103 ], [ -111.887567469, 42.354002285 ], [ -111.869405033, 42.358741340000101 ], [ -111.849833306, 42.363819336000098 ], [ -111.835217849, 42.365855101000101 ], [ -111.823975191, 42.366486876000103 ], [ -111.806287796, 42.376430651000099 ], [ -111.788980436, 42.386103848000097 ], [ -111.766732639, 42.394617835000098 ], [ -111.733226348, 42.3944073380001 ], [ -111.723345477, 42.397073579 ], [ -111.705642248, 42.401739226000103 ], [ -111.693607852, 42.402850044 ], [ -111.671502568, 42.405328849 ], [ -111.653324298, 42.397342535000099 ], [ -111.604790848, 42.398090930000102 ], [ -111.598361948, 42.391050989000099 ], [ -111.558474261, 42.387226638000101 ], [ -111.539298402, 42.383554105 ], [ -111.521278478, 42.38572958 ], [ -111.499600733, 42.387717851 ], [ -111.491208325, 42.3867938980001 ], [ -111.476529529, 42.374863148 ], [ -111.462246603, 42.363210935 ], [ -111.426444277, 42.345822188 ], [ -111.410799563, 42.329915347 ], [ -111.398115943, 42.31727128 ], [ -111.382059527, 42.313009188000102 ], [ -111.349598329, 42.297527406 ], [ -111.32366104, 42.28507598 ], [ -111.300653176, 42.274063261 ], [ -111.287874548, 42.267899985 ], [ -111.23334365, 42.265005615000099 ], [ -111.194805894, 42.26299143 ], [ -111.190303536, 42.2531805200001 ], [ -111.18531953, 42.242577442 ], [ -111.179455995, 42.230189425 ], [ -111.174262577, 42.22639036 ], [ -111.161132445, 42.216790886000098 ], [ -111.150410552, 42.209066826 ], [ -111.130411706, 42.194500214000101 ], [ -111.104444619, 42.175491865 ], [ -111.088068601, 42.163540834000102 ], [ -111.076048353, 42.154847758000102 ], [ -111.068446698, 42.148668738 ], [ -111.046709733, 42.1311375330001 ], [ -111.034082189, 42.120778022 ], [ -111.019964271, 42.109681228 ], [ -111.005853452, 42.09787858 ], [ -110.993100263, 42.087544713000099 ], [ -110.984095547, 42.080162349 ], [ -110.952108672, 42.065192341 ], [ -110.919546549, 42.049949695000102 ], [ -110.893817719, 42.037351348000101 ], [ -110.869485257, 42.025478816 ], [ -110.843786136, 42.012963914000103 ], [ -110.80507405, 41.994109661 ], [ -110.790635008, 41.9867563130001 ], [ -110.791763986, 41.977436435000101 ], [ -110.792625575, 41.968556989 ], [ -110.785346634, 41.961023951000101 ], [ -110.776671323, 41.958704215000097 ], [ -110.767014396, 41.9611953880001 ], [ -110.74936651, 41.965901503000097 ], [ -110.718269178, 41.9501128570001 ], [ -110.711095034, 41.946074409000097 ], [ -110.684367833, 41.940515020000099 ], [ -110.652829736, 41.934034268000097 ], [ -110.642945361, 41.936294583 ], [ -110.610497602, 41.931299458000098 ], [ -110.590447513, 41.917100282 ], [ -110.567612167, 41.900783029 ], [ -110.541719606, 41.882325131000101 ], [ -110.521636324, 41.867259672 ], [ -110.512984781, 41.8656454260001 ], [ -110.499199357, 41.862898282000103 ], [ -110.479766663, 41.858763182000096 ], [ -110.441642834, 41.85250338 ], [ -110.411638145, 41.847503595 ], [ -110.358492959, 41.839726949000102 ], [ -110.315498374, 41.834106154 ], [ -110.249540571, 41.824907627000101 ], [ -110.201377151, 41.8182902450001 ], [ -110.124254833, 41.8076188060001 ], [ -110.099326984, 41.80418883 ], [ -110.036047133, 41.795400449 ], [ -110.001098706, 41.790467088000099 ], [ -109.940480868, 41.781988758000097 ], [ -109.907262749, 41.777352140000097 ], [ -109.873626314, 41.772644284000101 ], [ -109.818560675, 41.770176775 ], [ -109.76642325, 41.766872433000103 ], [ -109.725219092, 41.764234511 ], [ -109.701470134, 41.765184743000098 ], [ -109.665380844, 41.767269531000103 ], [ -109.624404859, 41.769694607000098 ], [ -109.595845263, 41.771311273 ], [ -109.577971748, 41.771339635000103 ], [ -109.529351982, 41.766829887 ], [ -109.516916579, 41.765681127 ], [ -109.496228936, 41.763780663 ], [ -109.471129956, 41.757979648000102 ], [ -109.445916891, 41.751993698 ], [ -109.420798897, 41.746163244000101 ], [ -109.398418974, 41.744985740000097 ], [ -109.365162827, 41.743169788 ], [ -109.319376203, 41.740686957 ], [ -109.30724503, 41.748347953000099 ], [ -109.259366826, 41.744091957000101 ], [ -109.211355522, 41.73983568 ], [ -109.182738882, 41.739268154000101 ], [ -109.158894851, 41.73865806 ], [ -109.119858333, 41.737820943 ], [ -109.085651466, 41.736529775000101 ], [ -109.036746486, 41.7346142600001 ], [ -108.991321136, 41.741126780000101 ], [ -108.981851976, 41.742474605 ], [ -108.951999403, 41.738885072000102 ], [ -108.910776231, 41.736274377 ], [ -108.880790556, 41.734273718000097 ], [ -108.866872031, 41.733975742 ], [ -108.852116873, 41.7337203330001 ], [ -108.838122292, 41.733450734 ], [ -108.813570579, 41.732888673 ], [ -108.800483182, 41.732607294 ], [ -108.792686694, 41.732452989000102 ], [ -108.791097791, 41.733192121000101 ], [ -108.790339686, 41.7349171050001 ] ] ] } },
{ "type": "Feature", "properties": { "objectid": "91094", "id": "310837", "type": "AC; OVERHEAD", "status": "IN SERVICE", "naics_code": "221121", "naics_desc": "ELECTRIC BULK POWER TRANSMISSION AND CONTROL", "source": "Western Electricity Coordinating Council https://www.wecc.biz/Reliability/YEAR%202014%20OC%20MAP-1.pdf", "sourcedate": "2016-12-31T18:00:00-07:00", "val_method": "IMAGERY/OTHER", "val_date": "2016-12-31T18:00:00-07:00", "owner": "NOT AVAILABLE", "voltage": 345.0, "volt_class": "345", "inferred": "N", "sub_1": "NOT AVAILABLE", "sub_2": "NOT AVAILABLE", "shape_lengt": 47561.037755608399, "globalid": "afe023af-31d1-45f7-8303-0bf1b8eb3af1", "NERC": "WECC", "NERC_Label": "Western Electricity Coordinating Council (WECC)" }, "geometry": { "type": "MultiLineString", "coordinates": [ [ [ -107.778978226, 32.302899056000101 ], [ -107.777134001, 32.303991000000103 ], [ -107.763722692, 32.313838007000101 ], [ -107.700220825, 32.314194926 ], [ -107.699672089, 32.314497337 ], [ -107.699176006, 32.314770731000102 ], [ -107.636612, 32.34925 ], [ -107.612228001, 32.374067999 ], [ -107.541809, 32.465793 ], [ -107.525804, 32.486566 ], [ -107.513052, 32.503099 ], [ -107.491731, 32.533861999000102 ], [ -107.491763001, 32.536045999000102 ], [ -107.492535694, 32.538068416 ] ] ] } },
{ "type": "Feature", "properties": { "objectid": "69895", "id": "201652", "type": "AC; OVERHEAD", "status": "NOT AVAILABLE", "naics_code": "221121", "naics_desc": "ELECTRIC BULK POWER TRANSMISSION AND CONTROL", "source": "Regional Map", "sourcedate": "2014-06-17T20:00:00-06:00", "val_method": "IMAGERY/OTHER", "val_date": "2014-06-17T20:00:00-06:00", "owner": "TRI-STATE G & T ASSN, INC", "voltage": 345.0, "volt_class": "345", "inferred": "N", "sub_1": "CRAIG", "sub_2": "TAP203975", "shape_lengt": 198972.70758830899, "globalid": "35d306b9-b4e9-4b20-b508-0c2d265a195e", "NERC": "WECC", "NERC_Label": "Western Electricity Coordinating Council (WECC)" }, "geometry": { "type": "MultiLineString", "coordinates": [ [ [ -107.591734929, 40.472360787000099 ], [ -107.5902551, 40.473251800000099 ], [ -107.5902633, 40.479518400000103 ], [ -107.580685, 40.4798759 ], [ -107.5677554, 40.47984 ], [ -107.5587543, 40.477280800000102 ], [ -107.505936098, 40.433189571000099 ], [ -107.500357, 40.4284358 ], [ -107.443263, 40.4019221 ], [ -107.440023036, 40.396108505 ], [ -107.4355888, 40.388178400000101 ], [ -107.434267475, 40.384811566 ], [ -107.433012065, 40.3829778570001 ], [ -107.436264922, 40.381725633 ], [ -107.4466208, 40.377869700000097 ], [ -107.4565988, 40.3678302000001 ], [ -107.4974484, 40.3465602 ], [ -107.524405187, 40.325606192000102 ], [ -107.5260975, 40.3242851 ], [ -107.5302247, 40.3226893 ], [ -107.5612756, 40.323989100000098 ], [ -107.6046311, 40.3126134 ], [ -107.6379792, 40.282083100000101 ], [ -107.6515268, 40.2313477000001 ], [ -107.6606777, 40.2152364 ], [ -107.6962294, 40.193085300000099 ], [ -107.7274322, 40.168004300000099 ], [ -107.742026, 40.1627510000001 ], [ -107.7498186, 40.1572302000001 ], [ -107.7566442, 40.1423425 ], [ -107.7714655, 40.1224746 ], [ -107.7923413, 40.106892200000097 ], [ -107.7963756, 40.099488700000101 ], [ -107.8072988, 40.085951200000103 ], [ -107.8225085, 40.070788100000101 ], [ -107.8463694, 40.046844700000101 ], [ -107.8864402, 40.0252498 ], [ -107.9151857, 40.018660700000098 ], [ -107.9190662, 40.017785800000098 ], [ -107.9508264, 40.014487600000102 ], [ -107.9623682, 40.015487500000098 ], [ -107.9711558, 40.014720000000104 ], [ -107.9745367, 40.013022400000096 ], [ -107.9791871, 40.007735 ], [ -107.97989, 40.0021131 ], [ -107.9859893, 39.954017100000101 ], [ -107.96847873, 39.8985405540001 ], [ -107.9620808, 39.8782402000001 ], [ -107.9654717, 39.857468100000098 ], [ -107.962060666, 39.815286053000101 ], [ -107.9592484, 39.7801044 ], [ -107.9548285, 39.7608569000001 ], [ -107.9526389, 39.7277779 ], [ -107.930916709, 39.692385098 ], [ -107.9264841, 39.685133300000103 ], [ -107.922236473, 39.681226179000099 ], [ -107.916398, 39.6757386 ], [ -107.899939309, 39.663191261000101 ], [ -107.8941841, 39.658387800000099 ], [ -107.886648, 39.6518192 ], [ -107.885309, 39.646932 ], [ -107.8834035, 39.644998800000103 ], [ -107.865809299, 39.638887412 ], [ -107.8651683, 39.6386669 ], [ -107.860291387, 39.635697952 ], [ -107.8589969, 39.634919 ], [ -107.856634833, 39.633779929000099 ], [ -107.8525182, 39.6318426 ], [ -107.8290247, 39.6185039000001 ], [ -107.8124429, 39.6127602 ], [ -107.8091844, 39.610473500000097 ], [ -107.8059142, 39.6089823 ], [ -107.8024337, 39.608707900000098 ], [ -107.7944418, 39.6056268 ], [ -107.7909269, 39.6046282 ], [ -107.7742796, 39.5952172 ], [ -107.7698893, 39.593742200000101 ], [ -107.753762154, 39.586122496 ], [ -107.7466295, 39.5827454000001 ], [ -107.7435459, 39.581279000000102 ], [ -107.7339584, 39.575905400000103 ], [ -107.7276381, 39.572695800000098 ], [ -107.6970502, 39.5714003000001 ], [ -107.6939929, 39.569839300000098 ], [ -107.688893, 39.565233600000099 ], [ -107.677874, 39.525510500000102 ], [ -107.678028643, 39.525296612 ] ] ] } },
{ "type": "Feature", "properties": { "objectid": "92574", "id": "312320", "type": "AC; OVERHEAD", "status": "IN SERVICE", "naics_code": "221121", "naics_desc": "ELECTRIC BULK POWER TRANSMISSION AND CONTROL", "source": "Western Electricity Coordinating Council https://www.wecc.biz/Reliability/YEAR%202014%20OC%20MAP-1.pdf", "sourcedate": "2016-12-31T18:00:00-07:00", "val_method": "IMAGERY/OTHER", "val_date": "2016-12-31T18:00:00-07:00", "owner": "NOT AVAILABLE", "voltage": 345.0, "volt_class": "345", "inferred": "N", "sub_1": "ROBINSON", "sub_2": "NOT AVAILABLE", "shape_lengt": 365716.783881679, "globalid": "06eccee8-5f78-4e88-a2b3-0c767ba99651", "NERC": "WECC", "NERC_Label": "Western Electricity Coordinating Council (WECC)" }, "geometry": { "type": "MultiLineString", "coordinates": [ [ [ -114.973887566, 39.280171465000102 ], [ -114.974017787, 39.280716464000101 ], [ -114.974260498, 39.282757715 ], [ -114.977832685, 39.282203838 ], [ -114.984927276, 39.2822287320001 ], [ -114.99126262, 39.281730866 ], [ -115.048551862, 39.347607099000101 ], [ -115.08858309, 39.403166454 ], [ -115.241363431, 39.421597486 ], [ -115.331735215, 39.433456439000103 ], [ -115.336610041, 39.434440778000102 ], [ -115.381936553, 39.468752058000099 ], [ -115.449996632, 39.470158257 ], [ -115.521009731, 39.471423838000099 ], [ -115.65000514, 39.473767505000097 ], [ -115.777031871, 39.476017425000101 ], [ -115.853042148, 39.477113583000097 ], [ -115.865598663, 39.488088017000102 ], [ -115.870696875, 39.491537384 ], [ -115.949292608, 39.544713991 ], [ -115.950034513, 39.544802551 ], [ -115.969138387, 39.547082942 ], [ -115.969583821, 39.547142658 ], [ -115.990703442, 39.549973986 ], [ -116.013424915, 39.55252239 ], [ -116.018371815, 39.556227211000099 ], [ -116.023747017, 39.556205795 ], [ -116.0456333, 39.556334287 ], [ -116.075464602, 39.5590540090001 ], [ -116.105060338, 39.559910615 ], [ -116.111777507, 39.575862642000097 ], [ -116.114815685, 39.582821264000103 ], [ -116.117600593, 39.589092297 ], [ -116.131734591, 39.621643324 ], [ -116.138887252, 39.637940252000099 ], [ -116.145932836, 39.654237181 ], [ -116.153171155, 39.670705431 ], [ -116.160816365, 39.688480005 ], [ -116.169746481, 39.708738736 ], [ -116.17527159, 39.7215021640001 ], [ -116.184094631, 39.741503914000099 ], [ -116.199470708, 39.7767960790001 ], [ -116.206452046, 39.792322062 ], [ -116.206387801, 39.797611604000103 ], [ -116.20705167, 39.813972778 ], [ -116.207886862, 39.8352808510001 ], [ -116.208400825, 39.849885983 ], [ -116.206494877, 39.852884104 ], [ -116.181439152, 39.890446275 ], [ -116.174971777, 39.900136630000098 ], [ -116.180646793, 39.921466119000101 ], [ -116.186278977, 39.942817022 ], [ -116.196858059, 39.9805505140001 ], [ -116.21116338, 40.014579187 ], [ -116.215953234, 40.0254045450001 ], [ -116.216093622, 40.042460521000102 ], [ -116.216226872, 40.057403536 ], [ -116.216315696, 40.072533802000102 ], [ -116.216503194, 40.091564866000098 ], [ -116.216725848, 40.109775627 ], [ -116.216831316, 40.130306676 ], [ -116.217007095, 40.150017422000097 ], [ -116.217100844, 40.170243788 ], [ -116.217253187, 40.184974113000102 ], [ -116.214417277, 40.190903743 ], [ -116.199792419, 40.221829223 ], [ -116.184616787, 40.253879693 ], [ -116.16980443, 40.285215325 ], [ -116.162187316, 40.301187826 ], [ -116.162128724, 40.304515917000103 ], [ -116.162105286, 40.325199311 ], [ -116.162034975, 40.345120992 ], [ -116.161999818, 40.369085602 ], [ -116.162034975, 40.389886181000101 ], [ -116.161999818, 40.407311793000098 ], [ -116.161425605, 40.4255108340001 ], [ -116.161976381, 40.442995039 ], [ -116.161929507, 40.4535652490001 ], [ -116.161932926, 40.462373904000103 ], [ -116.161892974, 40.465735671000097 ], [ -116.191167503, 40.472924435 ], [ -116.213937259, 40.47851498 ], [ -116.229176346, 40.48229787 ], [ -116.25551698, 40.488674825 ], [ -116.282357299, 40.495408699 ], [ -116.309721102, 40.502499494000098 ], [ -116.340439943, 40.509518904000103 ], [ -116.463814996, 40.509004940000104 ], [ -116.466477612, 40.511067933 ], [ -116.474201344, 40.516985652000102 ], [ -116.482174917, 40.523181769000097 ], [ -116.491083619, 40.529998925 ], [ -116.534993002, 40.563775374 ], [ -116.539097574, 40.566928158 ], [ -116.545313914, 40.571740619 ], [ -116.550524934, 40.575690525 ], [ -116.556955428, 40.581371488000102 ], [ -116.563344281, 40.586963221000097 ], [ -116.566550604, 40.58978883 ], [ -116.569608212, 40.5924240840001 ], [ -116.554034639, 40.608110681 ], [ -116.537283235, 40.625010802000098 ], [ -116.526153305, 40.636247806 ], [ -116.518789993, 40.6436691010001 ], [ -116.518753822, 40.648147832000099 ], [ -116.518645305, 40.654487768000102 ], [ -116.518612422, 40.658927039 ], [ -116.518523637, 40.666125233000102 ], [ -116.518385526, 40.6770491280001 ], [ -116.518270434, 40.6845005260001 ], [ -116.518267145, 40.691327138000098 ], [ -116.518921527, 40.697742707 ], [ -116.516537474, 40.702737708 ], [ -116.514681425, 40.705839361000102 ], [ -116.510657109, 40.710068799000098 ], [ -116.508879377, 40.712276313000103 ], [ -116.506964534, 40.714645392000101 ], [ -116.499314692, 40.721323523000102 ], [ -116.499373155, 40.737302151 ], [ -116.499227867, 40.756213592000101 ], [ -116.498623201, 40.812204126 ], [ -116.49524902, 40.816020052000098 ] ] ] } },
{ "type": "Feature", "properties": { "objectid": "74553", "id": "206833", "type": "AC; OVERHEAD", "status": "NOT AVAILABLE", "naics_code": "221121", "naics_desc": "ELECTRIC BULK POWER TRANSMISSION AND CONTROL", "source": "IMAGERY", "sourcedate": "2019-04-06T20:00:00-06:00", "val_method": "IMAGERY", "val_date": "2019-04-06T20:00:00-06:00", "owner": "PACIFICORP", "voltage": 345.0, "volt_class": "345", "inferred": "N", "sub_1": "NOT AVAILABLE", "sub_2": "DETROIT", "shape_lengt": 1104.2987605077001, "globalid": "8d7fa47d-b830-4666-b328-12f9bfa76b02", "NERC": "WECC", "NERC_Label": "Western Electricity Coordinating Council (WECC)" }, "geometry": { "type": "MultiLineString", "coordinates": [ [ [ -122.251188975, 44.7224529000001 ], [ -122.251433532, 44.722348235 ], [ -122.255032746, 44.722788897 ], [ -122.256445708, 44.724483314 ], [ -122.253855752, 44.725091712 ], [ -122.25375335, 44.724756678000098 ] ] ] } },
{ "type": "Feature", "properties": { "objectid": "68455", "id": "200155", "type": "AC; OVERHEAD", "status": "NOT AVAILABLE", "naics_code": "221121", "naics_desc": "ELECTRIC BULK POWER TRANSMISSION AND CONTROL", "source": "http://www.oasis.oati.com/PPW/PPWdocs/Transmission_Network_Diagram.pdf", "sourcedate": "2014-06-22T20:00:00-06:00", "val_method": "IMAGERY/OTHER", "val_date": "2014-06-22T20:00:00-06:00", "owner": "PACIFICORP", "voltage": 345.0, "volt_class": "345", "inferred": "N", "sub_1": "TERMINAL", "sub_2": "90TH SOUTH", "shape_lengt": 33638.151098758703, "globalid": "9d7c80d6-98a2-4f47-a3bf-1498b39f08af", "NERC": "WECC", "NERC_Label": "Western Electricity Coordinating Council (WECC)" }, "geometry": { "type": "MultiLineString", "coordinates": [ [ [ -112.006095235, 40.758372227000102 ], [ -112.005318825, 40.757568208000102 ], [ -112.005552146, 40.756933563000104 ], [ -112.00462879, 40.756023797000097 ], [ -112.000377064, 40.751762470000102 ], [ -112.000464279, 40.748458928 ], [ -112.000496984, 40.743552865 ], [ -111.994293825, 40.743503307 ], [ -111.981920212, 40.743495048000099 ], [ -111.969535697, 40.743453749 ], [ -111.96334344, 40.743453749 ], [ -111.963256225, 40.736184832 ], [ -111.963310734, 40.730616966000099 ], [ -111.959451475, 40.729898231000099 ], [ -111.959418769, 40.727213233 ], [ -111.959407867, 40.722809602 ], [ -111.959331554, 40.716339950000098 ], [ -111.95936426, 40.712034762 ], [ -111.95936426, 40.709861405 ], [ -111.957816195, 40.70815903 ], [ -111.953869722, 40.705820259 ], [ -111.952474284, 40.705423569000097 ], [ -111.947590249, 40.705167372000098 ], [ -111.941332581, 40.7065309890001 ], [ -111.932033293, 40.706539254000099 ], [ -111.929367192, 40.706414119 ], [ -111.929265182, 40.702824138 ], [ -111.929143554, 40.698645003 ], [ -111.929112167, 40.696589545000101 ], [ -111.929708533, 40.693611845000099 ], [ -111.926722782, 40.689762354 ], [ -111.925224022, 40.687870249000099 ], [ -111.923352533, 40.686195276 ], [ -111.918373669, 40.684323898000102 ], [ -111.915074042, 40.681408132000101 ], [ -111.914155953, 40.679777627000099 ], [ -111.915905815, 40.676058262 ], [ -111.917706681, 40.672252392000097 ], [ -111.91768314, 40.666339324 ], [ -111.917922471, 40.658342308 ], [ -111.918063716, 40.653838915000101 ], [ -111.9198175, 40.647614623 ], [ -111.919495777, 40.638906784 ], [ -111.921037695, 40.634693867000102 ], [ -111.923423156, 40.6282593500001 ], [ -111.922093104, 40.621597886000103 ], [ -111.921825852, 40.620147214 ], [ -111.922352053, 40.613553811 ], [ -111.922795403, 40.60847253 ], [ -111.923022964, 40.605481959 ], [ -111.919872429, 40.598329661 ], [ -111.917345723, 40.5926334910001 ], [ -111.917600747, 40.5912540630001 ], [ -111.917247637, 40.590214259 ], [ -111.916191286, 40.589554883000098 ] ] ] } },
{ "type": "Feature", "properties": { "objectid": "68454", "id": "200154", "type": "AC; OVERHEAD", "status": "NOT AVAILABLE", "naics_code": "221121", "naics_desc": "ELECTRIC BULK POWER TRANSMISSION AND CONTROL", "source": "http://www.oasis.oati.com/PPW/PPWdocs/Transmission_Network_Diagram.pdf", "sourcedate": "2014-06-22T20:00:00-06:00", "val_method": "IMAGERY/OTHER", "val_date": "2014-06-22T20:00:00-06:00", "owner": "PACIFICORP", "voltage": 345.0, "volt_class": "345", "inferred": "N", "sub_1": "TERMINAL", "sub_2": "MIDVALLEY", "shape_lengt": 15540.114475669599, "globalid": "5bf21f2a-595a-4101-9181-8e911688ab92", "NERC": "WECC", "NERC_Label": "Western Electricity Coordinating Council (WECC)" }, "geometry": { "type": "MultiLineString", "coordinates": [ [ [ -112.006095235, 40.758372227000102 ], [ -112.005241051, 40.757576241 ], [ -112.005492048, 40.756976408000099 ], [ -112.004563378, 40.756065087 ], [ -112.000289849, 40.751770729 ], [ -112.000377064, 40.7484506690001 ], [ -112.000431573, 40.743610683 ], [ -111.994272022, 40.743585904 ], [ -111.981920212, 40.7435693850001 ], [ -111.969546599, 40.743519827 ], [ -111.963278029, 40.743503307 ], [ -111.963190813, 40.736201353000098 ], [ -111.963256225, 40.730666533 ], [ -111.959386063, 40.729939537000099 ], [ -111.959331554, 40.727213233 ], [ -111.959320653, 40.722801340000103 ], [ -111.959233438, 40.716339950000098 ], [ -111.959287947, 40.712043026000103 ], [ -111.959287947, 40.709877933 ], [ -111.957750785, 40.70820035 ], [ -111.953847918, 40.705894638000103 ], [ -111.952496088, 40.705497948000101 ], [ -111.947622955, 40.705241751000102 ], [ -111.941321679, 40.706605368 ], [ -111.932011489, 40.706630161000099 ], [ -111.930430719, 40.706721067 ], [ -111.928508392, 40.707245933 ] ] ] } },
{ "type": "Feature", "properties": { "objectid": "89186", "id": "308925", "type": "AC; OVERHEAD", "status": "IN SERVICE", "naics_code": "221121", "naics_desc": "ELECTRIC BULK POWER TRANSMISSION AND CONTROL", "source": "Western Electricity Coordinating Council https://www.wecc.biz/Reliability/YEAR%202014%20OC%20MAP-1.pdf", "sourcedate": "2016-12-31T18:00:00-07:00", "val_method": "IMAGERY/OTHER", "val_date": "2016-12-31T18:00:00-07:00", "owner": "NOT AVAILABLE", "voltage": 345.0, "volt_class": "345", "inferred": "N", "sub_1": "NOT AVAILABLE", "sub_2": "NOT AVAILABLE", "shape_lengt": 107877.370073956, "globalid": "97354807-e6ba-439f-95ca-9ad18311253e", "NERC": "WECC", "NERC_Label": "Western Electricity Coordinating Council (WECC)" }, "geometry": { "type": "MultiLineString", "coordinates": [ [ [ -106.250548708, 31.826091708 ], [ -106.251022, 31.826559999 ], [ -106.258269001, 31.8265910000001 ], [ -106.311026, 31.826539999 ], [ -106.313132, 31.826558999 ], [ -106.313781756, 31.880356870000099 ], [ -106.314390897, 31.912869826000101 ], [ -106.332783001, 31.9834010000001 ], [ -106.323927778, 31.997312138 ], [ -106.333388001, 32.001595000000101 ], [ -106.335111406, 32.00159835 ], [ -106.343268036, 32.001614203 ], [ -106.343269, 32.044712 ], [ -106.276689, 32.092185 ], [ -106.155392, 32.281956 ], [ -106.155539, 32.3477389990001 ], [ -106.155544, 32.355591000000103 ], [ -106.152182, 32.395887999 ], [ -106.141089375, 32.404960209 ], [ -106.138923, 32.406731999 ], [ -106.138427001, 32.426680999 ], [ -106.138721385, 32.427093346 ], [ -106.138991, 32.427471 ], [ -106.13901, 32.470087 ], [ -106.139068, 32.503542 ], [ -106.139094001, 32.518404 ], [ -106.138167155, 32.519401028000097 ] ] ] } },
{ "type": "Feature", "properties": { "objectid": "94204", "id": "313961", "type": "AC; OVERHEAD", "status": "IN SERVICE", "naics_code": "221121", "naics_desc": "ELECTRIC BULK POWER TRANSMISSION AND CONTROL", "source": "IMAGERY", "sourcedate": "2018-09-17T20:00:00-06:00", "val_method": "IMAGERY/OTHER", "val_date": "2022-05-16T20:00:00-06:00", "owner": "DUCAN VALLEY ELECTRIC COOPERATIVE", "voltage": 345.0, "volt_class": "345", "inferred": "N", "sub_1": "MORENCI", "sub_2": "UNKNOWN306192", "shape_lengt": 8544.9520878008007, "globalid": "3d7efdb6-7523-452a-a3a3-9d5de3c15127", "NERC": "WECC", "NERC_Label": "Western Electricity Coordinating Council (WECC)" }, "geometry": { "type": "MultiLineString", "coordinates": [ [ [ -109.3131212, 33.029432810000102 ], [ -109.314348001, 33.025623 ], [ -109.3157, 33.011217 ], [ -109.314628, 33.000631999000099 ], [ -109.295025, 32.993405000000102 ], [ -109.278709, 32.989080000000101 ], [ -109.27513899, 32.988539191 ] ] ] } },
{ "type": "Feature", "properties": { "objectid": "68457", "id": "200157", "type": "AC; OVERHEAD", "status": "NOT AVAILABLE", "naics_code": "221121", "naics_desc": "ELECTRIC BULK POWER TRANSMISSION AND CONTROL", "source": "http://www.oasis.oati.com/PPW/PPWdocs/Transmission_Network_Diagram.pdf", "sourcedate": "2014-06-22T20:00:00-06:00", "val_method": "IMAGERY/OTHER", "val_date": "2014-06-22T20:00:00-06:00", "owner": "PACIFICORP", "voltage": 345.0, "volt_class": "345", "inferred": "N", "sub_1": "OQUIRRH", "sub_2": "CAMP WILLIAMS", "shape_lengt": 17763.546371515898, "globalid": "998a1c60-78be-4ee7-86fa-9efcdbbafe4a", "NERC": "WECC", "NERC_Label": "Western Electricity Coordinating Council (WECC)" }, "geometry": { "type": "MultiLineString", "coordinates": [ [ [ -112.02806805, 40.564560743000101 ], [ -112.028719643, 40.566120898000101 ], [ -112.029471032, 40.5652923970001 ], [ -112.02947387, 40.565289257000103 ], [ -112.030221924, 40.564509794 ], [ -112.030149657, 40.553969597 ], [ -112.013455882, 40.5372953070001 ], [ -111.99226984, 40.516187218 ], [ -111.963193352, 40.487109661 ], [ -111.950277106, 40.471272871 ], [ -111.950030157, 40.468415096000101 ], [ -111.949832458, 40.467784816000098 ], [ -111.948620614, 40.4674531470001 ] ] ] } },
{ "type": "Feature", "properties": { "objectid": "87571", "id": "307307", "type": "AC; OVERHEAD", "status": "IN SERVICE", "naics_code": "221121", "naics_desc": "ELECTRIC BULK POWER TRANSMISSION AND CONTROL", "source": "Western Electricity Coordinating Council https://www.wecc.biz/Reliability/YEAR%202014%20OC%20MAP-1.pdf", "sourcedate": "2016-12-31T18:00:00-07:00", "val_method": "IMAGERY/OTHER", "val_date": "2016-12-31T18:00:00-07:00", "owner": "NOT AVAILABLE", "voltage": 345.0, "volt_class": "345", "inferred": "N", "sub_1": "SAN JUAN", "sub_2": "NOT AVAILABLE", "shape_lengt": 329430.90223408199, "globalid": "360eb694-caf3-4fd9-befc-9f98dd765cf3", "NERC": "WECC", "NERC_Label": "Western Electricity Coordinating Council (WECC)" }, "geometry": { "type": "MultiLineString", "coordinates": [ [ [ -108.442428794, 36.802125632000099 ], [ -108.443949001, 36.799650999 ], [ -108.439471, 36.786593 ], [ -108.447591865, 36.774772133000099 ], [ -108.449655, 36.771769 ], [ -108.449646001, 36.746394000000102 ], [ -108.449393001, 36.739946 ], [ -108.445631062, 36.724323807000097 ], [ -108.441960001, 36.709079 ], [ -108.456246, 36.686050999 ], [ -108.44808, 36.686069999 ], [ -108.441427, 36.683286000000102 ], [ -108.436563, 36.675316000000102 ], [ -108.410879, 36.667539 ], [ -108.270885, 36.599103 ], [ -108.21888055, 36.562789485 ], [ -108.169199, 36.528098 ], [ -108.155693734, 36.518660625 ], [ -108.129466621, 36.500333321 ], [ -108.112479581, 36.488462908 ], [ -108.102876, 36.481751999 ], [ -108.028757, 36.424217 ], [ -107.982001, 36.404495 ], [ -107.966879888, 36.400701083000101 ], [ -107.833705001, 36.350089 ], [ -107.775395001, 36.260276 ], [ -107.587701, 36.081297 ], [ -107.525085, 36.000526 ], [ -107.387476, 35.936261 ], [ -107.377104, 35.930616999 ], [ -107.183028, 35.824887 ], [ -107.152757, 35.777866000000103 ], [ -107.099157001, 35.6945440000001 ], [ -107.076400001, 35.679248 ], [ -106.986564, 35.558683999 ], [ -106.954159, 35.505596 ], [ -106.899825, 35.422889999000098 ], [ -106.855612039, 35.369165476 ], [ -106.856095, 35.355260999000102 ], [ -106.856344001, 35.328498 ], [ -106.855804952, 35.326025795000099 ], [ -106.855457, 35.324429999000102 ], [ -106.839980001, 35.325123 ], [ -106.834377, 35.325958 ], [ -106.739537, 35.326207000000103 ], [ -106.71692, 35.326301999000101 ], [ -106.685142, 35.324928 ], [ -106.675274, 35.323655 ], [ -106.653692, 35.323792 ], [ -106.621396, 35.320818 ], [ -106.617285866, 35.320895253000103 ], [ -106.60772061, 35.321075038000103 ], [ -106.603392538, 35.32203213 ], [ -106.584306713, 35.336922249000096 ], [ -106.543674442, 35.368575029000098 ], [ -106.543595216, 35.368546131000102 ], [ -106.543418839, 35.368481799000101 ], [ -106.527071753, 35.362519301000098 ], [ -106.508381087, 35.355220303000102 ], [ -106.494077553, 35.349985490000101 ], [ -106.488473921, 35.348486429 ], [ -106.482924518, 35.348671921000097 ] ] ] } },
{ "type": "Feature", "properties": { "objectid": "92535", "id": "312281", "type": "AC; OVERHEAD", "status": "IN SERVICE", "naics_code": "221121", "naics_desc": "ELECTRIC BULK POWER TRANSMISSION AND CONTROL", "source": "Western Electricity Coordinating Council https://www.wecc.biz/Reliability/YEAR%202014%20OC%20MAP-1.pdf", "sourcedate": "2016-12-31T18:00:00-07:00", "val_method": "IMAGERY/OTHER", "val_date": "2016-12-31T18:00:00-07:00", "owner": "NOT AVAILABLE", "voltage": 345.0, "volt_class": "345", "inferred": "N", "sub_1": "NOT AVAILABLE", "sub_2": "NOT AVAILABLE", "shape_lengt": 68877.336569898893, "globalid": "e9a3ad24-794a-4758-b022-a187b147c33a", "NERC": "WECC", "NERC_Label": "Western Electricity Coordinating Council (WECC)" }, "geometry": { "type": "MultiLineString", "coordinates": [ [ [ -120.004209343, 39.655895445000098 ], [ -120.00453914, 39.657798027000098 ], [ -120.004775309, 39.660301591000099 ], [ -120.01009889, 39.665947797000101 ], [ -120.01833367, 39.674873039 ], [ -120.020886, 39.683607999000102 ], [ -120.02307, 39.691027 ], [ -120.026135, 39.7013210000001 ], [ -120.027020001, 39.704280999 ], [ -120.026735, 39.714855 ], [ -120.026021, 39.726100999 ], [ -120.025236, 39.738012 ], [ -120.024660001, 39.747192 ], [ -120.023927, 39.75848 ], [ -120.023213, 39.769626000000102 ], [ -120.023004001, 39.7729140000001 ], [ -120.021571, 39.776759 ], [ -120.019868, 39.781295 ], [ -120.017380198, 39.788037531 ], [ -120.01478272, 39.794871248 ], [ -120.014643291, 39.799518897 ], [ -120.014373447, 39.808485581000099 ], [ -120.017742, 39.818368 ], [ -120.021668, 39.829799 ], [ -120.023724001, 39.836881 ], [ -120.023972, 39.843438 ], [ -120.039141909, 39.860976325 ], [ -120.0459, 39.868673000000101 ], [ -120.046741174, 39.871547896 ], [ -120.048203, 39.876544000000102 ], [ -120.043735, 39.883387 ], [ -120.040232, 39.888789 ], [ -120.03809, 39.892081999 ], [ -120.031775001, 39.901732999 ], [ -120.027963, 39.905672999 ], [ -120.019140167, 39.911528456 ], [ -120.013944, 39.914976999 ], [ -120.017757311, 39.923272881000102 ], [ -120.017895741, 39.928331792000101 ], [ -120.002999428, 39.939048136 ], [ -119.9859088, 39.951227348 ], [ -119.979381372, 39.955891560000097 ], [ -119.970249997, 39.962445282 ], [ -119.9639034, 39.966958638000101 ], [ -119.953620295, 39.974317843 ], [ -119.947006539, 39.9790205420001 ], [ -119.944157531, 39.991679563 ], [ -119.940418204, 40.008393877000103 ], [ -119.937779224, 40.019827664 ], [ -119.935048524, 40.032124892000098 ], [ -119.942200373, 40.037715172 ], [ -119.945379599, 40.047082769 ], [ -119.95557422, 40.055991150000096 ], [ -119.963580725, 40.062857852 ], [ -119.972846757, 40.070961459 ], [ -119.972667363, 40.072899445000097 ], [ -119.973907003, 40.073989103 ], [ -119.974143008, 40.074831936000102 ] ] ] } },
{ "type": "Feature", "properties": { "objectid": "88619", "id": "308355", "type": "AC; OVERHEAD", "status": "IN SERVICE", "naics_code": "221121", "naics_desc": "ELECTRIC BULK POWER TRANSMISSION AND CONTROL", "source": "Western Electricity Coordinating Council https://www.wecc.biz/Reliability/YEAR%202014%20OC%20MAP-1.pdf", "sourcedate": "2016-12-31T18:00:00-07:00", "val_method": "IMAGERY/OTHER", "val_date": "2016-12-31T18:00:00-07:00", "owner": "NOT AVAILABLE", "voltage": 345.0, "volt_class": "345", "inferred": "N", "sub_1": "NOT AVAILABLE", "sub_2": "NOT AVAILABLE", "shape_lengt": 114711.553884561, "globalid": "579772d3-f881-4022-a42b-f976cca04819", "NERC": "WECC", "NERC_Label": "Western Electricity Coordinating Council (WECC)" }, "geometry": { "type": "MultiLineString", "coordinates": [ [ [ -108.599319879, 32.403630007000103 ], [ -108.600581, 32.403901 ], [ -108.636200409, 32.421191199000098 ], [ -108.638497001, 32.422306 ], [ -108.716859001, 32.458432999 ], [ -108.941998, 32.458147000000103 ], [ -108.984988, 32.478587 ], [ -109.018966, 32.53456 ], [ -109.046623, 32.582472000000102 ], [ -109.076713, 32.635513 ], [ -109.111069, 32.692857000000103 ], [ -109.11988503, 32.709599237000099 ], [ -109.132846001, 32.734213000000103 ], [ -109.132043, 32.794355000000103 ], [ -109.153895, 32.84305 ], [ -109.155428001, 32.851582999000101 ], [ -109.15556, 32.896957 ], [ -109.163179, 32.931625 ], [ -109.168388073, 32.947141147 ], [ -109.170672356, 32.953779842000102 ], [ -109.174370039, 32.96495855 ], [ -109.17397329, 32.965348950000099 ], [ -109.172407226, 32.966889954000102 ] ] ] } },
{ "type": "Feature", "properties": { "objectid": "87925", "id": "307661", "type": "AC; OVERHEAD", "status": "IN SERVICE", "naics_code": "221121", "naics_desc": "ELECTRIC BULK POWER TRANSMISSION AND CONTROL", "source": "Western Electricity Coordinating Council https://www.wecc.biz/Reliability/YEAR%202014%20OC%20MAP-1.pdf", "sourcedate": "2016-12-31T18:00:00-07:00", "val_method": "IMAGERY/OTHER", "val_date": "2016-12-31T18:00:00-07:00", "owner": "NOT AVAILABLE", "voltage": 345.0, "volt_class": "345", "inferred": "N", "sub_1": "NOT AVAILABLE", "sub_2": "WEST MESA", "shape_lengt": 310905.88547700498, "globalid": "eda29e11-21ca-46ee-b639-fc5cec1b6466", "NERC": "WECC", "NERC_Label": "Western Electricity Coordinating Council (WECC)" }, "geometry": { "type": "MultiLineString", "coordinates": [ [ [ -108.485219595, 36.687158655000097 ], [ -108.487642, 36.685447999000097 ], [ -108.486013954, 36.6838582500001 ], [ -108.485236598, 36.683099179000102 ], [ -108.483986001, 36.681877999 ], [ -108.475207, 36.684331 ], [ -108.470242, 36.685774 ], [ -108.448163001, 36.685794 ], [ -108.443234, 36.683728 ], [ -108.439939, 36.676017000000101 ], [ -108.272013, 36.570599999 ], [ -108.257051, 36.552509 ], [ -108.184258586, 36.50457341 ], [ -108.155931001, 36.485919 ], [ -108.112368, 36.451559 ], [ -108.042642, 36.393485999000099 ], [ -108.026811001, 36.374583 ], [ -107.971659001, 36.352931 ], [ -107.924234001, 36.352059 ], [ -107.895016, 36.339984000000101 ], [ -107.852366262, 36.309628129 ], [ -107.789139, 36.245997999000103 ], [ -107.752398, 36.209385 ], [ -107.738299, 36.191199999 ], [ -107.712944, 36.166624999000099 ], [ -107.692506, 36.1381230000001 ], [ -107.645593001, 36.053711999 ], [ -107.493352, 35.918602999 ], [ -107.4146, 35.881977 ], [ -107.387704001, 35.871803 ], [ -107.284497, 35.833484 ], [ -107.240602001, 35.824529999 ], [ -107.208042, 35.801659 ], [ -107.182532, 35.763082 ], [ -107.120068, 35.702345 ], [ -107.091242001, 35.637223 ], [ -107.002519, 35.536902 ], [ -106.963818001, 35.4947579990001 ], [ -106.953595001, 35.474708999 ], [ -106.903856, 35.38809 ], [ -106.856469, 35.352879999 ], [ -106.856825, 35.325314 ], [ -106.858062, 35.217533000000103 ], [ -106.798599001, 35.217576000000101 ], [ -106.786229, 35.180017999 ], [ -106.763663, 35.161962999 ], [ -106.727474685, 35.132946277 ], [ -106.721987289, 35.128546342 ], [ -106.721860193, 35.128444433 ], [ -106.721488001, 35.128145999 ], [ -106.72218, 35.115208 ], [ -106.723999907, 35.114057879 ] ] ] } },
{ "type": "Feature", "properties": { "objectid": "88841", "id": "308577", "type": "AC; OVERHEAD", "status": "IN SERVICE", "naics_code": "221121", "naics_desc": "ELECTRIC BULK POWER TRANSMISSION AND CONTROL", "source": "Western Electricity Coordinating Council https://www.wecc.biz/Reliability/YEAR%202014%20OC%20MAP-1.pdf", "sourcedate": "2016-12-31T18:00:00-07:00", "val_method": "IMAGERY/OTHER", "val_date": "2016-12-31T18:00:00-07:00", "owner": "MT. WHEELER POWER", "voltage": 345.0, "volt_class": "345", "inferred": "N", "sub_1": "GONDER", "sub_2": "ROBINSON", "shape_lengt": 22117.696195992201, "globalid": "1836edae-1955-453f-b5fc-febf94a3715e", "NERC": "WECC", "NERC_Label": "Western Electricity Coordinating Council (WECC)" }, "geometry": { "type": "MultiLineString", "coordinates": [ [ [ -114.80732376, 39.336550669000097 ], [ -114.810012836, 39.336726482000103 ], [ -114.81250639, 39.335050372000097 ], [ -114.824039942, 39.335036634000097 ], [ -114.854690752, 39.335043503000101 ], [ -114.869150626, 39.335634264000099 ], [ -114.883720788, 39.326106232 ], [ -114.892522469, 39.320241602000102 ], [ -114.902048937, 39.314121167000103 ], [ -114.910973784, 39.308100211000102 ], [ -114.92067079, 39.301525005 ], [ -114.928420816, 39.296257262 ], [ -114.934683367, 39.291932217000102 ], [ -114.940031643, 39.288374595 ], [ -114.943300298, 39.289506780000103 ], [ -114.94982813, 39.291505871 ], [ -114.954333189, 39.292150128000102 ], [ -114.95708549, 39.29093741 ], [ -114.960946291, 39.289336243 ], [ -114.966142978, 39.286981864 ], [ -114.96995167, 39.283301076 ], [ -114.974096702, 39.282803672 ], [ -114.973887566, 39.280171465000102 ] ] ] } },
{ "type": "Feature", "properties": { "objectid": "68474", "id": "200175", "type": "AC; OVERHEAD", "status": "NOT AVAILABLE", "naics_code": "221121", "naics_desc": "ELECTRIC BULK POWER TRANSMISSION AND CONTROL", "source": "http://www.oasis.oati.com/PPW/PPWdocs/Transmission_Network_Diagram.pdf", "sourcedate": "2014-06-29T20:00:00-06:00", "val_method": "IMAGERY/OTHER", "val_date": "2014-06-29T20:00:00-06:00", "owner": "PACIFICORP", "voltage": 345.0, "volt_class": "345", "inferred": "N", "sub_1": "CAMP WILLIAMS", "sub_2": "SPANISH FORK", "shape_lengt": 74179.504004529299, "globalid": "485c90b1-a5f6-4ed5-8414-5c304525e603", "NERC": "WECC", "NERC_Label": "Western Electricity Coordinating Council (WECC)" }, "geometry": { "type": "MultiLineString", "coordinates": [ [ [ -111.948620614, 40.4674531470001 ], [ -111.947729522, 40.4668010030001 ], [ -111.947574767, 40.465944148000098 ], [ -111.944771977, 40.464328521 ], [ -111.936363605, 40.4539928230001 ], [ -111.92710408, 40.442641349 ], [ -111.921008442, 40.43943511 ], [ -111.915248105, 40.426242117000101 ], [ -111.908198142, 40.41004837 ], [ -111.901337325, 40.394335271 ], [ -111.889206229, 40.383962616000098 ], [ -111.866044521, 40.375762897000101 ], [ -111.848411015, 40.369520749000102 ], [ -111.825283696, 40.361293069 ], [ -111.802079, 40.353057832 ], [ -111.785846889, 40.34731157 ], [ -111.782863551, 40.346269721000098 ], [ -111.779656678, 40.341551713000101 ], [ -111.769279475, 40.336020738 ], [ -111.766983939, 40.334683799000103 ], [ -111.762031769, 40.331642820000098 ], [ -111.761988781, 40.321391615 ], [ -111.761988781, 40.307887013 ], [ -111.75981361, 40.303730199 ], [ -111.759418125, 40.289822025 ], [ -111.756185458, 40.285198448000102 ], [ -111.750932376, 40.281407534 ], [ -111.742360652, 40.275189451000102 ], [ -111.733187103, 40.268603432000099 ], [ -111.725750251, 40.256722049000103 ], [ -111.719216139, 40.256702365000102 ], [ -111.71360196, 40.256531772000102 ], [ -111.707291383, 40.249766765 ], [ -111.699063561, 40.240953524000098 ], [ -111.691179638, 40.240894459000103 ], [ -111.688110325, 40.237816442000103 ], [ -111.686958258, 40.236831972000097 ], [ -111.687302159, 40.235420874 ], [ -111.684404796, 40.231659989 ], [ -111.68243344, 40.230512041 ], [ -111.680570304, 40.228850675 ], [ -111.676985139, 40.225214147 ], [ -111.675179661, 40.223494277 ], [ -111.66735592, 40.217211785000103 ], [ -111.665679405, 40.2154654510001 ], [ -111.662653079, 40.2117494170001 ], [ -111.65929145, 40.207278089 ], [ -111.655259216, 40.202235180000102 ], [ -111.64970522, 40.195674897 ], [ -111.647487061, 40.193868902000098 ], [ -111.632948661, 40.181862737000102 ], [ -111.632854088, 40.163672109000103 ], [ -111.632553175, 40.159545856000101 ], [ -111.632450005, 40.15212717 ], [ -111.63232964, 40.144517082 ], [ -111.632166287, 40.134276948 ], [ -111.620310312, 40.127433996 ], [ -111.611833161, 40.115370055 ], [ -111.599229202, 40.097345761 ], [ -111.595815989, 40.09243938 ], [ -111.588602672, 40.092491997 ], [ -111.587527983, 40.092288105000101 ], [ -111.586290203, 40.091883959 ] ] ] } },
{ "type": "Feature", "properties": { "objectid": "68484", "id": "200185", "type": "AC; OVERHEAD", "status": "NOT AVAILABLE", "naics_code": "221121", "naics_desc": "ELECTRIC BULK POWER TRANSMISSION AND CONTROL", "source": "http://www.oasis.oati.com/PPW/PPWdocs/Transmission_Network_Diagram.pdf", "sourcedate": "2014-06-29T20:00:00-06:00", "val_method": "IMAGERY/OTHER", "val_date": "2014-06-29T20:00:00-06:00", "owner": "PACIFICORP", "voltage": 345.0, "volt_class": "345", "inferred": "N", "sub_1": "EMERY", "sub_2": "SIGURD", "shape_lengt": 154648.258612315, "globalid": "85888ba2-00f3-4f7c-9c73-5e7b40c7d405", "NERC": "WECC", "NERC_Label": "Western Electricity Coordinating Council (WECC)" }, "geometry": { "type": "MultiLineString", "coordinates": [ [ [ -111.028556031, 39.177324660000103 ], [ -111.027188429, 39.177852392 ], [ -111.027078217, 39.179500049000097 ], [ -111.003508594, 39.179512254 ], [ -111.003508594, 39.1733974200001 ], [ -111.003603061, 39.167526191 ], [ -111.003886464, 39.147272183 ], [ -111.009585998, 39.138895405 ], [ -111.018702105, 39.125558884 ], [ -111.025944608, 39.114931827000099 ], [ -111.033722427, 39.103399045000103 ], [ -111.041736413, 39.0916810780001 ], [ -111.05174996, 39.076917822 ], [ -111.061228192, 39.062970551 ], [ -111.068612397, 39.052199564 ], [ -111.076673617, 39.040252972000097 ], [ -111.084750582, 39.028365515000097 ], [ -111.093567542, 39.015534112000097 ], [ -111.100321963, 39.005428814 ], [ -111.108351694, 38.9935355000001 ], [ -111.114791223, 38.984234809 ], [ -111.122096705, 38.973353896 ], [ -111.132771524, 38.963952617000103 ], [ -111.145666328, 38.952725757000103 ], [ -111.15903347, 38.94094605 ], [ -111.172321887, 38.929250121000102 ], [ -111.178540993, 38.923677037000097 ], [ -111.202850611, 38.913950649 ], [ -111.223161108, 38.905852477000103 ], [ -111.243849475, 38.898451825000102 ], [ -111.264774011, 38.891025894000101 ], [ -111.299349089, 38.878635359 ], [ -111.309126467, 38.877728351 ], [ -111.317329389, 38.869331846000101 ], [ -111.326917833, 38.859524454 ], [ -111.336380321, 38.849764756000098 ], [ -111.350078097, 38.82332347 ], [ -111.360359302, 38.815300841000102 ], [ -111.389990586, 38.814871470000099 ], [ -111.397107132, 38.8169446960001 ], [ -111.408285777, 38.812442408 ], [ -111.425526084, 38.81165724 ], [ -111.435413675, 38.807301847000097 ], [ -111.439160882, 38.806124006000097 ], [ -111.447190613, 38.805645502000097 ], [ -111.454165459, 38.808712778 ], [ -111.461407962, 38.811068357000103 ], [ -111.470728748, 38.811473214 ], [ -111.484851628, 38.807669919 ], [ -111.518733945, 38.810798451 ], [ -111.528086221, 38.813227569000098 ], [ -111.546334179, 38.813693754 ], [ -111.594921927, 38.823765056000099 ], [ -111.601266988, 38.825065267000099 ], [ -111.612666058, 38.82458689 ], [ -111.61683837, 38.826475846 ], [ -111.621892377, 38.827653351 ], [ -111.631726437, 38.834950997000099 ], [ -111.633946421, 38.838581143 ], [ -111.63758406, 38.853345316000102 ], [ -111.666931298, 38.868853767000097 ], [ -111.671890838, 38.879640409 ], [ -111.688469871, 38.882152971 ], [ -111.749977085, 38.87096804 ], [ -111.812591776, 38.875572330000097 ], [ -111.845643035, 38.887449818 ], [ -111.850106899, 38.888755003 ], [ -111.852738547, 38.888764073000097 ], [ -111.855585169, 38.88800626 ], [ -111.865165879, 38.890473460000102 ], [ -111.874151228, 38.900474466 ], [ -111.901425478, 38.899704801 ], [ -111.917825785, 38.899344093 ], [ -111.930684537, 38.898890894 ], [ -111.946537035, 38.898465469 ], [ -111.965167303, 38.898048026 ], [ -111.970574301, 38.888850975 ], [ -111.976124371, 38.87898926 ], [ -111.982922163, 38.866988956 ], [ -111.989506041, 38.8550143840001 ], [ -111.992035613, 38.850442656 ], [ -111.991495993, 38.8477063180001 ], [ -111.991384359, 38.845796474 ], [ -111.991372475, 38.845296664 ], [ -111.993278603, 38.844292165000098 ] ] ] } },
{ "type": "Feature", "properties": { "objectid": "68505", "id": "200206", "type": "AC; OVERHEAD", "status": "NOT AVAILABLE", "naics_code": "221121", "naics_desc": "ELECTRIC BULK POWER TRANSMISSION AND CONTROL", "source": "Regional Map", "sourcedate": "2014-06-29T20:00:00-06:00", "val_method": "IMAGERY/OTHER", "val_date": "2014-06-29T20:00:00-06:00", "owner": "PUBLIC SERVICE CO OF COLORADO", "voltage": 345.0, "volt_class": "345", "inferred": "N", "sub_1": "DANIELS PARK", "sub_2": "COMANCHE", "shape_lengt": 236955.77413768601, "globalid": "a6f93a8a-2ea9-4c51-9517-6a77adbd4f95", "NERC": "WECC", "NERC_Label": "Western Electricity Coordinating Council (WECC)" }, "geometry": { "type": "MultiLineString", "coordinates": [ [ [ -104.90505142, 39.494246447000101 ], [ -104.904171577, 39.493760058000099 ], [ -104.903845172, 39.49321309 ], [ -104.903665915, 39.492920340000097 ], [ -104.903430789, 39.492310262 ], [ -104.902483802, 39.491225842000098 ], [ -104.900104353, 39.48841179 ], [ -104.896384665, 39.484009328000099 ], [ -104.893170047, 39.480221153000102 ], [ -104.889533547, 39.47594201 ], [ -104.881826782, 39.466869174000102 ], [ -104.875363819, 39.459260886 ], [ -104.868671648, 39.451369220000103 ], [ -104.861865406, 39.44332984 ], [ -104.855424191, 39.435730041 ], [ -104.846306107, 39.424980841 ], [ -104.839978964, 39.417502414000097 ], [ -104.834868578, 39.411480316000102 ], [ -104.829081371, 39.404629181000097 ], [ -104.824142631, 39.395983628000103 ], [ -104.818077312, 39.385741006 ], [ -104.81183382, 39.374995854000097 ], [ -104.806077032, 39.365125081 ], [ -104.799133904, 39.353159528 ], [ -104.79473076, 39.345567543000101 ], [ -104.7888599, 39.335445573000101 ], [ -104.782418686, 39.3243926600001 ], [ -104.778144822, 39.316962285 ], [ -104.773931796, 39.309719411000103 ], [ -104.766395498, 39.305194441 ], [ -104.759399137, 39.3010163800001 ], [ -104.747338019, 39.293742428 ], [ -104.733984096, 39.285720197 ], [ -104.720668196, 39.277738253 ], [ -104.706865592, 39.269431592000103 ], [ -104.693580111, 39.26145368 ], [ -104.678195722, 39.252214653000102 ], [ -104.668568121, 39.246413878000098 ], [ -104.65804316, 39.225910033 ], [ -104.646339466, 39.203096076000101 ], [ -104.63217944, 39.175611681000099 ], [ -104.626384627, 39.164162082000097 ], [ -104.626323789, 39.134904672 ], [ -104.626300975, 39.11013754 ], [ -104.626255347, 39.077280228000099 ], [ -104.626506303, 39.070721099 ], [ -104.626483489, 39.064480209000102 ], [ -104.616969959, 39.055569600000098 ], [ -104.617129658, 39.039428437 ], [ -104.617167682, 39.030378796 ], [ -104.617144868, 39.020778531000097 ], [ -104.626780073, 39.020689906 ], [ -104.626833307, 39.013109197000098 ], [ -104.626938082, 38.996725988 ], [ -104.627001833, 38.981357716 ], [ -104.627041029, 38.973049179 ], [ -104.627119423, 38.953614826 ], [ -104.627197821, 38.940556649 ], [ -104.627156915, 38.93827272 ], [ -104.627077744, 38.936136167 ], [ -104.627093716, 38.929551139000097 ], [ -104.627112731, 38.919373754 ], [ -104.627131746, 38.911798939 ], [ -104.627198296, 38.899288367 ], [ -104.627218146, 38.88852575 ], [ -104.627290593, 38.870202417 ], [ -104.627445271, 38.8577112420001 ], [ -104.627412126, 38.853942813000103 ], [ -104.626826558, 38.845131825000102 ], [ -104.62646196, 38.840028868 ], [ -104.62745632, 38.834650146000101 ], [ -104.627489465, 38.819794153 ], [ -104.627566803, 38.803566078000102 ], [ -104.627588901, 38.795721901 ], [ -104.627622046, 38.780005117 ], [ -104.627622046, 38.773631298000097 ], [ -104.616131667, 38.764818984 ], [ -104.608994374, 38.759296735000099 ], [ -104.609049616, 38.748673174 ], [ -104.621368628, 38.736729472 ], [ -104.627831966, 38.730446594000099 ], [ -104.62780987, 38.713275747000097 ], [ -104.627765676, 38.697687390000098 ], [ -104.627743579, 38.684924480000099 ], [ -104.627721482, 38.676109844000102 ], [ -104.627622046, 38.658744769000101 ], [ -104.627588901, 38.637414386 ], [ -104.62752261, 38.615740978000098 ], [ -104.627511562, 38.607289077000097 ], [ -104.610940794, 38.607293675 ], [ -104.599779733, 38.607293675 ], [ -104.58978609, 38.587528470000102 ], [ -104.580873718, 38.570101111 ], [ -104.573482117, 38.555509032 ], [ -104.57023269, 38.549156087 ], [ -104.562617135, 38.513061123000099 ], [ -104.554985899, 38.497988536 ], [ -104.551461692, 38.490599267 ], [ -104.546463517, 38.479627879000098 ], [ -104.541470991, 38.468622827 ], [ -104.530508214, 38.457654964 ], [ -104.522868746, 38.450074142000098 ], [ -104.511472053, 38.438728130000101 ], [ -104.501299413, 38.428599921000099 ], [ -104.491411959, 38.418721658 ], [ -104.480431124, 38.407771074 ], [ -104.472896729, 38.400255627 ], [ -104.464138223, 38.391491207000101 ], [ -104.453181143, 38.380564431 ], [ -104.444398893, 38.371797647 ], [ -104.433620179, 38.361035734 ], [ -104.424778079, 38.352172958 ], [ -104.416994507, 38.344596187 ], [ -104.406895127, 38.334385868 ], [ -104.403778425, 38.331265523000098 ], [ -104.396827117, 38.324348902 ], [ -104.38673704, 38.3143395210001 ], [ -104.38673704, 38.298935595 ], [ -104.386808405, 38.288779058 ], [ -104.386225751, 38.286576402 ], [ -104.385952664, 38.278057768 ], [ -104.385584262, 38.266115589 ], [ -104.385310916, 38.257250492 ], [ -104.385001951, 38.250345057000096 ], [ -104.384859393, 38.242769244 ], [ -104.385156434, 38.234603508000099 ], [ -104.385382251, 38.227228034000099 ], [ -104.385524867, 38.217751147000101 ], [ -104.385631827, 38.208880372000102 ], [ -104.38569125, 38.201278464 ], [ -104.38569125, 38.19340493 ], [ -104.385655886, 38.18304656 ], [ -104.405964962, 38.182972224 ], [ -104.431788797, 38.1828881530001 ], [ -104.459751901, 38.182813422 ], [ -104.48477958, 38.182701326 ], [ -104.505361827, 38.18264528 ], [ -104.53422747, 38.182860126 ], [ -104.556498437, 38.182981566000102 ], [ -104.57080567, 38.183009379 ], [ -104.570758889, 38.188285832000098 ], [ -104.570593548, 38.198184189000102 ], [ -104.570580618, 38.207508241 ], [ -104.570540751, 38.2104839570001 ], [ -104.570797963, 38.212688497 ], [ -104.575529109, 38.212764946 ], [ -104.577546534, 38.212653913 ], [ -104.577562779, 38.212114621000097 ], [ -104.576305422, 38.211333365 ] ] ] } },
{ "type": "Feature", "properties": { "objectid": "68480", "id": "200181", "type": "AC; OVERHEAD", "status": "NOT AVAILABLE", "naics_code": "221121", "naics_desc": "ELECTRIC BULK POWER TRANSMISSION AND CONTROL", "source": "http://www.oasis.oati.com/PPW/PPWdocs/Transmission_Network_Diagram.pdf", "sourcedate": "2014-06-29T20:00:00-06:00", "val_method": "IMAGERY/OTHER", "val_date": "2014-06-29T20:00:00-06:00", "owner": "PACIFICORP", "voltage": 345.0, "volt_class": "345", "inferred": "N", "sub_1": "HUNTINGTON", "sub_2": "SPANISH FORK", "shape_lengt": 164561.88545444599, "globalid": "50caf4d0-ec65-4780-9d58-776b1228ec5e", "NERC": "WECC", "NERC_Label": "Western Electricity Coordinating Council (WECC)" }, "geometry": { "type": "MultiLineString", "coordinates": [ [ [ -111.085765797, 39.383355784000102 ], [ -111.0858733, 39.3827216 ], [ -111.0861388, 39.3811178 ], [ -111.0876849, 39.3798462 ], [ -111.0894729, 39.3783124 ], [ -111.0888547, 39.376443 ], [ -111.0876629, 39.3741948 ], [ -111.0867247, 39.372047800000097 ], [ -111.0854196, 39.369146700000101 ], [ -111.0846997, 39.36761 ], [ -111.0834411, 39.3666872 ], [ -111.0822568, 39.365793100000097 ], [ -111.0801575, 39.3651109 ], [ -111.0782951, 39.3644502000001 ], [ -111.075448, 39.3635202 ], [ -111.072536, 39.3611107 ], [ -111.0711705, 39.360022700000101 ], [ -111.0696796, 39.358834000000101 ], [ -111.0644825, 39.354618000000102 ], [ -111.0619977, 39.352617700000103 ], [ -111.0596565, 39.350751500000101 ], [ -111.057941, 39.3493645 ], [ -111.0559321, 39.3478518000001 ], [ -111.0540963, 39.346966000000101 ], [ -111.0520354, 39.3459051 ], [ -111.048775, 39.3442529000001 ], [ -111.0472935, 39.343498700000097 ], [ -111.044883, 39.3422703 ], [ -111.0429091, 39.3412502 ], [ -111.0393794, 39.339447 ], [ -111.0368389, 39.3381538 ], [ -111.0346374, 39.3370223000001 ], [ -111.0325381, 39.335955500000097 ], [ -111.0306385, 39.334949600000101 ], [ -111.0264028, 39.3327907 ], [ -111.0237555, 39.3314463 ], [ -111.021417, 39.3301865 ], [ -111.0191348, 39.330605100000099 ], [ -111.0161291, 39.331082600000101 ], [ -111.0130284, 39.331574800000098 ], [ -111.0101509, 39.3320265 ], [ -111.0078242, 39.332390100000097 ], [ -111.0054269, 39.33278 ], [ -111.0030288, 39.3331179 ], [ -111.0011938, 39.334909 ], [ -110.9996597, 39.3363846 ], [ -110.9973247, 39.3386261 ], [ -110.9952857, 39.340586 ], [ -110.9932225, 39.342587100000102 ], [ -110.9911974, 39.3445412 ], [ -110.9892386, 39.346447500000103 ], [ -110.9869496, 39.3486091 ], [ -110.9847193, 39.350804600000103 ], [ -110.9829145, 39.3524442 ], [ -110.9824229, 39.354696400000101 ], [ -110.9817773, 39.3574079 ], [ -110.9812637, 39.3596656 ], [ -110.9805814, 39.362343000000102 ], [ -110.9809556, 39.3647933 ], [ -110.9813151, 39.3675216 ], [ -110.9817113, 39.3703291 ], [ -110.9820561, 39.372960600000098 ], [ -110.9824156, 39.3756942 ], [ -110.9827898, 39.378399300000098 ], [ -110.9831272, 39.380860400000103 ], [ -110.9836228, 39.3845222 ], [ -110.9830159, 39.387300900000099 ], [ -110.9821495, 39.3911338 ], [ -110.9813247, 39.3948182 ], [ -110.9807464, 39.397361600000103 ], [ -110.9801716, 39.3998924 ], [ -110.979586, 39.4024819 ], [ -110.979022, 39.4050251 ], [ -110.978393, 39.407786100000102 ], [ -110.9778105, 39.410414000000102 ], [ -110.9772447, 39.412973500000099 ], [ -110.9765009, 39.4161312 ], [ -110.9760561, 39.4179381000001 ], [ -110.9764927, 39.420631500000098 ], [ -110.9769021, 39.423572100000101 ], [ -110.9772735, 39.4260664 ], [ -110.9768397, 39.4285606 ], [ -110.9763463, 39.431904900000099 ], [ -110.9759396, 39.434602100000099 ], [ -110.9754489, 39.4375022 ], [ -110.9759071, 39.4402410000001 ], [ -110.9763436, 39.4432204 ], [ -110.9766689, 39.4455361 ], [ -110.9771759, 39.449028300000101 ], [ -110.9777236, 39.4526186000001 ], [ -110.9779297, 39.4541364 ], [ -110.9783201, 39.4567154000001 ], [ -110.9789491, 39.461092500000099 ], [ -110.9792581, 39.4631166 ], [ -110.979635, 39.4657162 ], [ -110.9801013, 39.4689269 ], [ -110.9805324, 39.4717042 ], [ -110.9808415, 39.4738829 ], [ -110.9811343, 39.475797800000102 ], [ -110.9817633, 39.4801548 ], [ -110.9820887, 39.4823499 ], [ -110.9824032, 39.484522 ], [ -110.9828342, 39.4874514 ], [ -110.9831948, 39.489968600000097 ], [ -110.9835554, 39.4923684 ], [ -110.9839208, 39.4948726000001 ], [ -110.9843677, 39.497879400000102 ], [ -110.9849988, 39.502135300000099 ], [ -110.9854614, 39.505247600000096 ], [ -110.9858651, 39.507987800000102 ], [ -110.9864178, 39.511780300000098 ], [ -110.9866687, 39.5138459 ], [ -110.9869392, 39.5161654 ], [ -110.9872763, 39.5189021 ], [ -110.9877115, 39.522449100000102 ], [ -110.9879545, 39.524363100000102 ], [ -110.9881662, 39.526667200000098 ], [ -110.9895421, 39.5290225 ], [ -110.9909964, 39.531565300000103 ], [ -110.9915413, 39.5325388 ], [ -110.9927643, 39.5346793 ], [ -110.9941638, 39.53711 ], [ -110.9958298, 39.5399819 ], [ -110.9973037, 39.5425514 ], [ -110.9986757, 39.5449516 ], [ -111.0000791, 39.547397 ], [ -111.0010277, 39.5490232000001 ], [ -111.0024233, 39.5513929 ], [ -111.003858, 39.553783700000103 ], [ -111.0042838, 39.5560771 ], [ -111.004909, 39.5590434000001 ], [ -111.0053018, 39.5610579 ], [ -111.0059951, 39.5643237 ], [ -111.0065402, 39.5671043 ], [ -111.0070972, 39.569730300000103 ], [ -111.0075942, 39.5720287 ], [ -111.008031, 39.5743301 ], [ -111.0086001, 39.576866300000098 ], [ -111.0085721, 39.579439400000098 ], [ -111.0085881, 39.5815985 ], [ -111.0086522, 39.585718800000102 ], [ -111.0086763, 39.5878469 ], [ -111.0086803, 39.5907006 ], [ -111.0087003, 39.5931095 ], [ -111.0087324, 39.5956635000001 ], [ -111.0087644, 39.5991438 ], [ -111.0087925, 39.6014691 ], [ -111.0087484, 39.604066 ], [ -111.0100389, 39.6068264 ], [ -111.0113815, 39.6098029 ], [ -111.0119386, 39.611090400000101 ], [ -111.0149136, 39.6176323 ], [ -111.0159953, 39.6201699000001 ], [ -111.0171795, 39.62278 ], [ -111.0183349, 39.6253647 ], [ -111.0194904, 39.627835800000099 ], [ -111.019896, 39.6292243 ], [ -111.0211457, 39.6331499 ], [ -111.021748, 39.635005400000097 ], [ -111.0225757, 39.637671700000098 ], [ -111.0234402, 39.640322200000099 ], [ -111.0242843, 39.642997700000102 ], [ -111.0253004, 39.6461275 ], [ -111.0261363, 39.6487997 ], [ -111.0269803, 39.651456100000097 ], [ -111.0276974, 39.6536801 ], [ -111.0285824, 39.6564183 ], [ -111.029324, 39.658856700000101 ], [ -111.0302623, 39.661667200000103 ], [ -111.0300124, 39.6641274 ], [ -111.0296477, 39.667082800000102 ], [ -111.029492, 39.668886900000103 ], [ -111.029156, 39.6719997000001 ], [ -111.0286152, 39.6780106 ], [ -111.0283585, 39.680292700000102 ], [ -111.0281574, 39.6823335 ], [ -111.0279186, 39.684080800000103 ], [ -111.0287565, 39.686376100000103 ], [ -111.029921, 39.6899446 ], [ -111.0309724, 39.6931325 ], [ -111.0322794, 39.6971197 ], [ -111.0327486, 39.6984702 ], [ -111.0339173, 39.7021122 ], [ -111.0348976, 39.704974100000101 ], [ -111.0353207, 39.7062471 ], [ -111.03894, 39.70791 ], [ -111.0416084, 39.709128200000102 ], [ -111.042199, 39.7101755 ], [ -111.0432882, 39.712199300000101 ], [ -111.0439542, 39.7134560000001 ], [ -111.0451565, 39.715676200000097 ], [ -111.0474814, 39.7200359 ], [ -111.0489057, 39.7227134 ], [ -111.049534, 39.723831400000101 ], [ -111.0502545, 39.725149100000102 ], [ -111.0529648, 39.730229800000103 ], [ -111.0558343, 39.735497000000102 ], [ -111.057334, 39.7382641 ], [ -111.0581006, 39.7396846 ], [ -111.0587205, 39.740815300000101 ], [ -111.0602454, 39.7437394 ], [ -111.0613962, 39.7444427 ], [ -111.066829, 39.7479889 ], [ -111.0690185, 39.7494069 ], [ -111.072701, 39.751812 ], [ -111.0741607, 39.7527806 ], [ -111.0768801, 39.754540700000099 ], [ -111.0795845, 39.7563031 ], [ -111.0820919, 39.7579421 ], [ -111.0848901, 39.7597719 ], [ -111.0861257, 39.7605681000001 ], [ -111.0885635, 39.7621627 ], [ -111.0956044, 39.7667555 ], [ -111.0975032, 39.768007800000099 ], [ -111.0977243, 39.7697629 ], [ -111.0979938, 39.7720998 ], [ -111.098224, 39.7742784000001 ], [ -111.0984299, 39.7762661 ], [ -111.0986873, 39.778521300000101 ], [ -111.0988569, 39.7801644 ], [ -111.0991264, 39.782636 ], [ -111.101328, 39.7865154 ], [ -111.1021851, 39.7880256 ], [ -111.1032056, 39.789773200000099 ], [ -111.1052679, 39.7934032000001 ], [ -111.1057161, 39.7941687 ], [ -111.1081691, 39.798454600000099 ], [ -111.1086324, 39.7992852 ], [ -111.1094137, 39.8005347000001 ], [ -111.1096681, 39.802761200000099 ], [ -111.1099074, 39.8046736 ], [ -111.1101799, 39.8068418 ], [ -111.1105091, 39.809585700000099 ], [ -111.1107456, 39.811371700000102 ], [ -111.110982, 39.8132686000001 ], [ -111.1114286, 39.8169581000001 ], [ -111.111595, 39.8186161 ], [ -111.1141784, 39.821212300000099 ], [ -111.1154481, 39.8225407 ], [ -111.1173835, 39.824518 ], [ -111.1198354, 39.827046800000097 ], [ -111.1210308, 39.828277500000098 ], [ -111.1225107, 39.829797400000103 ], [ -111.1261668, 39.833533 ], [ -111.1285094, 39.835947100000098 ], [ -111.1303133, 39.8378064 ], [ -111.1323537, 39.839901 ], [ -111.1340482, 39.8416559 ], [ -111.1357734, 39.8434142 ], [ -111.1383305, 39.846036400000102 ], [ -111.1397491, 39.847478500000101 ], [ -111.1415356, 39.849330800000097 ], [ -111.1430286, 39.850880400000101 ], [ -111.1441014, 39.851972900000099 ], [ -111.146063, 39.853936 ], [ -111.1468993, 39.854809900000099 ], [ -111.1501, 39.8581140000001 ], [ -111.151488, 39.859539100000099 ], [ -111.1528891, 39.8609675000001 ], [ -111.1541589, 39.8622917000001 ], [ -111.1556651, 39.8638075000001 ], [ -111.1581259, 39.866348200000097 ], [ -111.1608844, 39.8672926 ], [ -111.1631875, 39.8680689 ], [ -111.1653967, 39.868823200000101 ], [ -111.1703102, 39.8704818000001 ], [ -111.1724155, 39.8711757 ], [ -111.1779049, 39.873064800000101 ], [ -111.1791641, 39.8755106 ], [ -111.1800156, 39.8770532 ], [ -111.1808038, 39.8785981 ], [ -111.1823833, 39.8816126 ], [ -111.1831303, 39.883028700000096 ], [ -111.1840641, 39.884804200000097 ], [ -111.1852227, 39.886982900000099 ], [ -111.1861533, 39.8887681 ], [ -111.1873498, 39.8910559 ], [ -111.1884228, 39.8930814 ], [ -111.1893598, 39.894859100000097 ], [ -111.1900435, 39.8961414 ], [ -111.1906576, 39.897316800000098 ], [ -111.1914236, 39.899533900000101 ], [ -111.1920598, 39.9014086 ], [ -111.1928037, 39.9035236 ], [ -111.1934653, 39.9053739 ], [ -111.1940857, 39.907229 ], [ -111.1948169, 39.9093463 ], [ -111.1961495, 39.9132067 ], [ -111.1968332, 39.9151781 ], [ -111.1978778, 39.9181716 ], [ -111.197403, 39.9202691 ], [ -111.1967478, 39.923238 ], [ -111.1963299, 39.924869300000097 ], [ -111.1958773, 39.927037 ], [ -111.1947472, 39.931670800000099 ], [ -111.1938863, 39.935549400000099 ], [ -111.1933988, 39.937595400000099 ], [ -111.192962, 39.939527300000101 ], [ -111.1924555, 39.9415441 ], [ -111.195224, 39.9472789000001 ], [ -111.1962111, 39.949467 ], [ -111.1974473, 39.952032200000097 ], [ -111.2000459, 39.9527889 ], [ -111.2028413, 39.9536477 ], [ -111.2054763, 39.9544593 ], [ -111.2079388, 39.955221600000101 ], [ -111.210283, 39.955919100000102 ], [ -111.2176266, 39.9581489 ], [ -111.2199301, 39.958874900000097 ], [ -111.2235698, 39.959989800000102 ], [ -111.2245372, 39.9602983 ], [ -111.2283832, 39.961459900000101 ], [ -111.2300306, 39.961983600000103 ], [ -111.2324288, 39.9621858 ], [ -111.2340558, 39.9619499 ], [ -111.2393293, 39.9613224 ], [ -111.2428641, 39.9608687 ], [ -111.2440074, 39.960790900000099 ], [ -111.2466797, 39.960767600000104 ], [ -111.2484149, 39.9607261 ], [ -111.2544393, 39.9606224 ], [ -111.2569526, 39.9605757 ], [ -111.2605584, 39.960516100000099 ], [ -111.2659097, 39.9603969 ], [ -111.2719104, 39.960288 ], [ -111.2742884, 39.9605109 ], [ -111.2771501, 39.9607572 ], [ -111.2788921, 39.9612395 ], [ -111.2819567, 39.962076900000099 ], [ -111.2851905, 39.9629377 ], [ -111.2871862, 39.9634821000001 ], [ -111.2892124, 39.964024000000101 ], [ -111.2907345, 39.9644284 ], [ -111.2925611, 39.9660747 ], [ -111.2946345, 39.967998200000103 ], [ -111.2963326, 39.9695614 ], [ -111.2990793, 39.9721408 ], [ -111.3011363, 39.973933400000099 ], [ -111.3023178, 39.975022200000097 ], [ -111.3060252, 39.9783581 ], [ -111.3065514, 39.978841900000099 ], [ -111.3082975, 39.9804402 ], [ -111.3125263, 39.981972400000103 ], [ -111.3133443, 39.982265600000098 ], [ -111.3157505, 39.9831233 ], [ -111.3202328, 39.9847178 ], [ -111.3262491, 39.986902 ], [ -111.3285392, 39.987723500000101 ], [ -111.3306059, 39.9884699 ], [ -111.3348274, 39.989986 ], [ -111.3377466, 39.991046 ], [ -111.3399994, 39.9918494 ], [ -111.3425769, 39.9927823 ], [ -111.3461354, 39.9940703 ], [ -111.3471164, 39.994407200000097 ], [ -111.3525319, 39.9963507000001 ], [ -111.3564929, 39.997781100000097 ], [ -111.3597131, 39.9989394 ], [ -111.3603795, 39.9992193 ], [ -111.3672969, 39.999742700000098 ], [ -111.3686838, 39.9998541000001 ], [ -111.3722287, 40.0001132 ], [ -111.3827012, 40.0009321 ], [ -111.3851976, 40.0011264 ], [ -111.3897539, 40.0014814 ], [ -111.3920812, 40.001680900000103 ], [ -111.3961098, 40.0020618 ], [ -111.4010552, 40.00386 ], [ -111.4077764, 40.0063707 ], [ -111.4106786, 40.0074512 ], [ -111.4124917, 40.006873400000103 ], [ -111.4149542, 40.0060883 ], [ -111.4171225, 40.0053369 ], [ -111.4202751, 40.0049638 ], [ -111.4229135, 40.0046089 ], [ -111.4262521, 40.0041684 ], [ -111.4317454, 40.0034558 ], [ -111.4356659, 40.0028832 ], [ -111.4408514, 40.002256100000103 ], [ -111.4457358, 40.001600600000103 ], [ -111.4479244, 40.001292200000101 ], [ -111.4512122, 40.002346800000097 ], [ -111.4548553, 40.0034895000001 ], [ -111.456692, 40.0040595 ], [ -111.4588434, 40.0047254 ], [ -111.4636264, 40.0062308 ], [ -111.4654428, 40.0067957 ], [ -111.4713353, 40.008645600000101 ], [ -111.4745893, 40.0096457000001 ], [ -111.4770823, 40.0124593 ], [ -111.4790882, 40.014723500000102 ], [ -111.480519, 40.0163168 ], [ -111.4817266, 40.0176587 ], [ -111.4847168, 40.021015900000101 ], [ -111.4852208, 40.0214149 ], [ -111.4872741, 40.022979500000098 ], [ -111.4896605, 40.024790100000097 ], [ -111.4937374, 40.026240600000101 ], [ -111.4973396, 40.027519 ], [ -111.5060698, 40.0305666 ], [ -111.5068783, 40.0308523 ], [ -111.5076293, 40.031116100000098 ], [ -111.5094711, 40.032427300000101 ], [ -111.5108392, 40.033409 ], [ -111.5178717, 40.038331200000101 ], [ -111.522173, 40.0386008 ], [ -111.5270246, 40.0388929000001 ], [ -111.5281006, 40.0394657000001 ], [ -111.5323995, 40.0419126 ], [ -111.5343974, 40.043041500000101 ], [ -111.5372634, 40.044681400000101 ], [ -111.5396085, 40.046018 ], [ -111.5416479, 40.0487998 ], [ -111.5423815, 40.0497619000001 ], [ -111.5450592, 40.053391400000102 ], [ -111.5482088, 40.0556413 ], [ -111.5500184, 40.0569402 ], [ -111.5534101, 40.0593846 ], [ -111.5547061, 40.060318600000102 ], [ -111.558763, 40.0632176 ], [ -111.5615311, 40.0652145 ], [ -111.5620618, 40.0655925 ], [ -111.5650647, 40.0680965 ], [ -111.5681996, 40.070722000000103 ], [ -111.5695299, 40.071841 ], [ -111.5717063, 40.073658000000101 ], [ -111.5738998, 40.075501200000097 ], [ -111.5755284, 40.0768447 ], [ -111.5748046, 40.078596 ], [ -111.5739414, 40.080689800000101 ], [ -111.5731393, 40.082663700000097 ], [ -111.5727651, 40.083556100000102 ], [ -111.5724815, 40.085069700000098 ], [ -111.5721147, 40.086970500000099 ], [ -111.5718726, 40.088194100000102 ], [ -111.5713273, 40.091032100000099 ], [ -111.5710118, 40.092627800000102 ], [ -111.5726445, 40.0932665 ], [ -111.5767494, 40.0932559 ], [ -111.5803216, 40.093232300000103 ], [ -111.5836131, 40.093191100000098 ], [ -111.5852809, 40.0922765 ], [ -111.5860536, 40.092269100000102 ], [ -111.586290203, 40.091883959 ] ] ] } },
{ "type": "Feature", "properties": { "objectid": "68486", "id": "200187", "type": "AC; OVERHEAD", "status": "NOT AVAILABLE", "naics_code": "221121", "naics_desc": "ELECTRIC BULK POWER TRANSMISSION AND CONTROL", "source": "http://www.oasis.oati.com/PPW/PPWdocs/Transmission_Network_Diagram.pdf", "sourcedate": "2014-06-29T20:00:00-06:00", "val_method": "IMAGERY/OTHER", "val_date": "2014-06-29T20:00:00-06:00", "owner": "PACIFICORP", "voltage": 345.0, "volt_class": "345", "inferred": "N", "sub_1": "SIGURD", "sub_2": "THREE PEAKS", "shape_lengt": 227626.17468713099, "globalid": "84c3895e-ea83-4dcd-8ad2-78bfc7aaa328", "NERC": "WECC", "NERC_Label": "Western Electricity Coordinating Council (WECC)" }, "geometry": { "type": "MultiLineString", "coordinates": [ [ [ -111.993278603, 38.844292165000098 ], [ -111.9921751, 38.8442378 ], [ -111.9921974, 38.842546600000098 ], [ -111.9924829, 38.8397274000001 ], [ -111.9926919, 38.836947800000097 ], [ -111.9929264, 38.8340093 ], [ -111.9928805, 38.8313606 ], [ -111.9930436, 38.827385300000103 ], [ -111.9931864, 38.8240215000001 ], [ -111.9932119, 38.819986200000102 ], [ -111.9932527, 38.816618 ], [ -111.9932455, 38.8138825 ], [ -111.99322, 38.8111019 ], [ -111.9932392, 38.807735300000097 ], [ -111.9932838, 38.8045026 ], [ -111.9933539, 38.8003361 ], [ -111.9933475, 38.7968299 ], [ -111.9932455, 38.792822300000097 ], [ -111.9957903, 38.789812 ], [ -111.9969445, 38.7884324 ], [ -111.9993792, 38.7855046 ], [ -112.0019608, 38.7823764 ], [ -112.0040651, 38.7798807 ], [ -112.0064469, 38.776997100000102 ], [ -112.0089468, 38.7740275 ], [ -112.0115732, 38.770822500000101 ], [ -112.0132625, 38.768808900000103 ], [ -112.0160122, 38.7655054 ], [ -112.0188572, 38.762078700000103 ], [ -112.0215261, 38.758852800000099 ], [ -112.0242112, 38.7556267000001 ], [ -112.0266092, 38.7527313 ], [ -112.0291084, 38.749716200000101 ], [ -112.031004, 38.747449000000103 ], [ -112.0328963, 38.745176700000101 ], [ -112.0348302, 38.742850200000099 ], [ -112.0374484, 38.7396851 ], [ -112.0399362, 38.7367172 ], [ -112.0399239, 38.7338254000001 ], [ -112.0398872, 38.730943100000097 ], [ -112.039875, 38.727936600000099 ], [ -112.0398424, 38.7245163 ], [ -112.0398138, 38.7205264 ], [ -112.0397282, 38.716841600000102 ], [ -112.0397363, 38.713529 ], [ -112.0397086, 38.7107698 ], [ -112.0396887, 38.708034500000103 ], [ -112.0397036, 38.705314600000101 ], [ -112.0430893, 38.7034857 ], [ -112.0465249, 38.701637300000101 ], [ -112.0498707, 38.699851200000097 ], [ -112.0532414, 38.698041600000103 ], [ -112.0568764, 38.696091900000098 ], [ -112.0607308, 38.6940332 ], [ -112.0638173, 38.6923636000001 ], [ -112.067592, 38.690347600000102 ], [ -112.0730619, 38.6873935 ], [ -112.0758193, 38.6859456 ], [ -112.0797236, 38.6838438 ], [ -112.0833287, 38.681917100000099 ], [ -112.0867393, 38.680072 ], [ -112.0900951, 38.678277600000101 ], [ -112.09196, 38.677253800000102 ], [ -112.0969612, 38.674563900000102 ], [ -112.097774, 38.671033000000101 ], [ -112.0985618, 38.667564200000101 ], [ -112.0993496, 38.664068 ], [ -112.1004117, 38.659411400000103 ], [ -112.1010849, 38.656401500000101 ], [ -112.1019625, 38.6525582 ], [ -112.1025857, 38.6497661000001 ], [ -112.1031991, 38.6470401 ], [ -112.1038273, 38.644333500000101 ], [ -112.1037476, 38.6410115 ], [ -112.1036628, 38.6376347 ], [ -112.1035541, 38.6324494 ], [ -112.1034939, 38.6291202 ], [ -112.1052619, 38.6243773 ], [ -112.1059774, 38.622595 ], [ -112.1082816, 38.6174182 ], [ -112.109129, 38.615465200000102 ], [ -112.1111835, 38.6121687 ], [ -112.1127991, 38.6096249 ], [ -112.1148109, 38.6063663 ], [ -112.1169264, 38.6030218000001 ], [ -112.1189444, 38.599820100000102 ], [ -112.1209623, 38.5966183 ], [ -112.1228339, 38.5936498 ], [ -112.1248458, 38.590462000000102 ], [ -112.1267847, 38.587339 ], [ -112.1287051, 38.5843129 ], [ -112.1305828, 38.581334400000102 ], [ -112.1332348, 38.5770975 ], [ -112.1351247, 38.5740567 ], [ -112.1369902, 38.5710873 ], [ -112.1394654, 38.5672264 ], [ -112.1413614, 38.5640183000001 ], [ -112.1432208, 38.5610675 ], [ -112.145149, 38.558015 ], [ -112.1473434, 38.554530800000101 ], [ -112.1492373, 38.5514977 ], [ -112.1512027, 38.5483639 ], [ -112.1531491, 38.545263400000103 ], [ -112.154938, 38.5424278 ], [ -112.156808, 38.539398 ], [ -112.1587639, 38.536297100000098 ], [ -112.1609011, 38.5329014000001 ], [ -112.1628522, 38.5298077 ], [ -112.1647795, 38.526728900000101 ], [ -112.166826, 38.5234521 ], [ -112.1692685, 38.519551900000103 ], [ -112.1715821, 38.515845500000097 ], [ -112.1740485, 38.5119299 ], [ -112.1752891, 38.509905800000098 ], [ -112.1773881, 38.5065163 ], [ -112.1794537, 38.503305800000099 ], [ -112.18161, 38.499811400000098 ], [ -112.1817817, 38.4963168 ], [ -112.1817912, 38.4954805 ], [ -112.1819248, 38.492448700000097 ], [ -112.1821347, 38.4873967 ], [ -112.1822397, 38.4853019 ], [ -112.1823669, 38.4822275000001 ], [ -112.1825395, 38.4782314 ], [ -112.1826748, 38.475152 ], [ -112.1828288, 38.4707355 ], [ -112.1861417, 38.4679261 ], [ -112.1888014, 38.4656318 ], [ -112.192063, 38.462909900000099 ], [ -112.1938127, 38.4613498 ], [ -112.1926042, 38.458763 ], [ -112.1911017, 38.4555074 ], [ -112.1895433, 38.452211400000103 ], [ -112.1880641, 38.4490176 ], [ -112.186599, 38.445926 ], [ -112.1851665, 38.442838 ], [ -112.183706, 38.4396913 ], [ -112.1831694, 38.437447200000101 ], [ -112.1822829, 38.4338982 ], [ -112.181163, 38.4292964 ], [ -112.1802951, 38.425816500000103 ], [ -112.1795159, 38.4226617 ], [ -112.1786713, 38.419137600000099 ], [ -112.1776075, 38.4147944 ], [ -112.1767675, 38.4114286000001 ], [ -112.175946, 38.408035600000098 ], [ -112.1751644, 38.4048302 ], [ -112.1745654, 38.402402600000102 ], [ -112.1738409, 38.3994474 ], [ -112.1729166, 38.395647 ], [ -112.1720324, 38.3920296000001 ], [ -112.1711367, 38.3883764 ], [ -112.1702068, 38.3845977 ], [ -112.1694195, 38.3813421 ], [ -112.1687634, 38.3786588 ], [ -112.1678221, 38.374785700000103 ], [ -112.1669435, 38.371292600000103 ], [ -112.1662532, 38.3684613 ], [ -112.165677, 38.3662741 ], [ -112.1673201, 38.365173700000099 ], [ -112.1712166, 38.3624808000001 ], [ -112.174109, 38.3604723 ], [ -112.1771212, 38.358338500000102 ], [ -112.1806925, 38.3558288 ], [ -112.1836192, 38.353838 ], [ -112.187915, 38.350791200000103 ], [ -112.1906705, 38.348854000000102 ], [ -112.1945955, 38.346160500000103 ], [ -112.1983579, 38.3435383 ], [ -112.2020171, 38.3410018000001 ], [ -112.2056702, 38.338439000000101 ], [ -112.2090557, 38.3360946 ], [ -112.2124492, 38.3337211 ], [ -112.2154342, 38.3315863 ], [ -112.2178364, 38.329943700000101 ], [ -112.2195665, 38.328694300000102 ], [ -112.2215232, 38.327360300000102 ], [ -112.2223028, 38.3243545 ], [ -112.2229897, 38.3214854 ], [ -112.2237991, 38.318263800000103 ], [ -112.224783, 38.3143982 ], [ -112.2255218, 38.311412200000099 ], [ -112.2262718, 38.3084552 ], [ -112.2274301, 38.303886900000101 ], [ -112.2281059, 38.3012123 ], [ -112.228789, 38.2984909 ], [ -112.2297358, 38.2947466 ], [ -112.2306157, 38.2912499 ], [ -112.2314733, 38.2878171 ], [ -112.2345104, 38.285520700000099 ], [ -112.2374768, 38.2833 ], [ -112.2411079, 38.280575 ], [ -112.2452996, 38.2774244 ], [ -112.2484592, 38.275019800000102 ], [ -112.2517227, 38.2725686 ], [ -112.2542548, 38.2707147 ], [ -112.2570171, 38.2686306 ], [ -112.2597199, 38.266587200000103 ], [ -112.2607707, 38.264602 ], [ -112.2620108, 38.2621753 ], [ -112.2634044, 38.2595092 ], [ -112.2651975, 38.256016 ], [ -112.2672856, 38.252045000000102 ], [ -112.2687881, 38.2491254 ], [ -112.2703134, 38.246187900000102 ], [ -112.2720247, 38.2428687 ], [ -112.2735953, 38.239824 ], [ -112.2754247, 38.2363013 ], [ -112.2770362, 38.2332385 ], [ -112.2792373, 38.2290217 ], [ -112.2822769, 38.223162000000102 ], [ -112.2837513, 38.220252000000102 ], [ -112.284532, 38.218734100000098 ], [ -112.2868998, 38.214169 ], [ -112.2885474, 38.211029600000103 ], [ -112.2904539, 38.207322900000101 ], [ -112.2921426, 38.203989900000103 ], [ -112.2957632, 38.2014872 ], [ -112.2988282, 38.199358200000098 ], [ -112.3018423, 38.1972834 ], [ -112.3046386, 38.1953433 ], [ -112.3080159, 38.1938235000001 ], [ -112.3112288, 38.1924289 ], [ -112.3150138, 38.1907963 ], [ -112.3189893, 38.1890765 ], [ -112.322331, 38.187613600000098 ], [ -112.3252608, 38.1863472 ], [ -112.3284491, 38.1849468 ], [ -112.3342205, 38.1824339 ], [ -112.338213, 38.1806984 ], [ -112.3418787, 38.1790923 ], [ -112.3463429, 38.177157900000097 ], [ -112.350091, 38.1755204 ], [ -112.3531152, 38.1742068 ], [ -112.3557082, 38.1730675 ], [ -112.3595551, 38.171406 ], [ -112.3642296, 38.1693506 ], [ -112.3679031, 38.1677324 ], [ -112.368514, 38.1667131 ], [ -112.3695051, 38.164959300000099 ], [ -112.3711035, 38.162183200000101 ], [ -112.3734009, 38.1581834 ], [ -112.374465, 38.1561652 ], [ -112.3757982, 38.1539216 ], [ -112.3786298, 38.148894400000103 ], [ -112.379911, 38.1466369 ], [ -112.3815091, 38.143774700000101 ], [ -112.3828989, 38.1425519000001 ], [ -112.3841236, 38.1414794 ], [ -112.3867771, 38.1390133 ], [ -112.3877977, 38.1380705 ], [ -112.3924359, 38.133831400000098 ], [ -112.3946725, 38.1317749 ], [ -112.3969091, 38.1297457 ], [ -112.3994367, 38.1274261 ], [ -112.4019034, 38.120904100000097 ], [ -112.4034886, 38.116711800000097 ], [ -112.4047828, 38.113281200000102 ], [ -112.4053257, 38.1119725 ], [ -112.4081442, 38.1081864000001 ], [ -112.4113449, 38.1039421 ], [ -112.4123916, 38.1025512 ], [ -112.4153057, 38.101590900000097 ], [ -112.4200785, 38.099981200000101 ], [ -112.4235355, 38.098822600000098 ], [ -112.4271097, 38.097647000000102 ], [ -112.4306578, 38.096461 ], [ -112.4354687, 38.0948384000001 ], [ -112.4397845, 38.0934157 ], [ -112.4433674, 38.0922109 ], [ -112.4480034, 38.0906728 ], [ -112.4517166, 38.0894039 ], [ -112.4561572, 38.088673200000102 ], [ -112.4578455, 38.0883742 ], [ -112.4644576, 38.087259000000103 ], [ -112.4680568, 38.0866523 ], [ -112.4714334, 38.0860669 ], [ -112.4785612, 38.0848662000001 ], [ -112.4826489, 38.084178300000097 ], [ -112.486525, 38.083516 ], [ -112.4941428, 38.082235 ], [ -112.4991009, 38.0813978 ], [ -112.5019011, 38.080908200000103 ], [ -112.5067811, 38.080087 ], [ -112.5116984, 38.079207000000103 ], [ -112.5146448, 38.0800148000001 ], [ -112.5221176, 38.0819729 ], [ -112.5243639, 38.0825319 ], [ -112.5300187, 38.084003100000103 ], [ -112.5375972, 38.0859584 ], [ -112.5400313, 38.0865937 ], [ -112.5448569, 38.087837400000097 ], [ -112.5501582, 38.089204800000097 ], [ -112.5543466, 38.090288 ], [ -112.5601789, 38.0917992 ], [ -112.5626852, 38.090843 ], [ -112.5669373, 38.0891747000001 ], [ -112.572553, 38.0869782 ], [ -112.5767712, 38.0853165 ], [ -112.5806112, 38.0837985000001 ], [ -112.5840393, 38.0824745 ], [ -112.5874843, 38.081127 ], [ -112.5911757, 38.0796959 ], [ -112.5936522, 38.0766597 ], [ -112.5960225, 38.073777200000102 ], [ -112.5983036, 38.071035100000103 ], [ -112.6006272, 38.0682761 ], [ -112.6033246, 38.0679752 ], [ -112.6072667, 38.067550400000101 ], [ -112.610992, 38.067152500000098 ], [ -112.6148279, 38.066741100000101 ], [ -112.6176357, 38.0664301 ], [ -112.621291, 38.0660497000001 ], [ -112.6235955, 38.0657905 ], [ -112.6263513, 38.065489500000098 ], [ -112.6294894, 38.0651383000001 ], [ -112.631624, 38.064912600000099 ], [ -112.6370613, 38.064327300000102 ], [ -112.6419357, 38.063813100000097 ], [ -112.6467943, 38.063273400000099 ], [ -112.6504882, 38.0628774 ], [ -112.6536113, 38.062548300000103 ], [ -112.6564726, 38.062246000000101 ], [ -112.6594529, 38.061924900000101 ], [ -112.6629723, 38.061540700000101 ], [ -112.6664224, 38.061179100000103 ], [ -112.669254, 38.0608862 ], [ -112.672249, 38.0605791 ], [ -112.6753437, 38.060193700000099 ], [ -112.6787453, 38.059867100000098 ], [ -112.6820723, 38.059514400000097 ], [ -112.6851752, 38.059181200000097 ], [ -112.6881454, 38.058861100000101 ], [ -112.6911986, 38.058521400000103 ], [ -112.6943098, 38.0581752 ], [ -112.6974708, 38.057835500000103 ], [ -112.7006733, 38.0574827 ], [ -112.7038715, 38.057136800000102 ], [ -112.7073118, 38.0567736 ], [ -112.7093353, 38.0565511 ], [ -112.7110886, 38.054578300000102 ], [ -112.7127825, 38.052769300000101 ], [ -112.7145061, 38.0509987 ], [ -112.7162211, 38.0490594 ], [ -112.7178467, 38.0473664 ], [ -112.7193382, 38.0458045 ], [ -112.7209598, 38.044069900000103 ], [ -112.722691, 38.0422167 ], [ -112.7245239, 38.040315500000098 ], [ -112.7263446, 38.0384046 ], [ -112.7281409, 38.036452100000098 ], [ -112.7298559, 38.0346084 ], [ -112.7317009, 38.032652600000098 ], [ -112.7334038, 38.0307863 ], [ -112.735196, 38.028872 ], [ -112.7369882, 38.0270313 ], [ -112.7396664, 38.0241117 ], [ -112.742373, 38.0212271 ], [ -112.7450349, 38.0183873 ], [ -112.7476684, 38.0155537 ], [ -112.7503344, 38.0127457 ], [ -112.7529923, 38.009921500000097 ], [ -112.7556176, 38.007033200000102 ], [ -112.7581617, 38.004256100000099 ], [ -112.7609313, 38.0014465 ], [ -112.7635925, 37.9986179 ], [ -112.7658865, 37.9961747 ], [ -112.768196, 37.993729100000103 ], [ -112.770875, 37.9908594 ], [ -112.7734265, 37.9881617 ], [ -112.7759099, 37.985446200000098 ], [ -112.7783438, 37.982829 ], [ -112.7810447, 37.9799965 ], [ -112.783796, 37.9770824 ], [ -112.7864895, 37.9741898 ], [ -112.7892396, 37.9712778 ], [ -112.7919236, 37.968389800000097 ], [ -112.7945882, 37.9655481 ], [ -112.7972861, 37.962715000000102 ], [ -112.7999238, 37.9598942000001 ], [ -112.8025859, 37.9570844 ], [ -112.8051585, 37.9543258 ], [ -112.8077799, 37.951541500000097 ], [ -112.8104501, 37.9486912 ], [ -112.8130084, 37.945958 ], [ -112.8153062, 37.9435408 ], [ -112.8175551, 37.941122 ], [ -112.8198305, 37.9386919 ], [ -112.82211, 37.9362649 ], [ -112.8248637, 37.933327400000103 ], [ -112.8276067, 37.9303917 ], [ -112.8300083, 37.927833200000101 ], [ -112.8325905, 37.9251141 ], [ -112.8356662, 37.9235869 ], [ -112.8396502, 37.921624200000103 ], [ -112.8434561, 37.9197577 ], [ -112.8472111, 37.9179053 ], [ -112.8508695, 37.9161071 ], [ -112.8545304, 37.914296700000101 ], [ -112.8583897, 37.912406 ], [ -112.8622516, 37.9104831000001 ], [ -112.8660778, 37.9086124 ], [ -112.8699397, 37.906701500000104 ], [ -112.8736031, 37.9049130000001 ], [ -112.8774166, 37.9030261 ], [ -112.8810292, 37.9012575 ], [ -112.8848631, 37.8993605000001 ], [ -112.8881576, 37.8977384 ], [ -112.8920348, 37.8958272 ], [ -112.8957796, 37.8939722000001 ], [ -112.8995244, 37.892143200000099 ], [ -112.902847, 37.8905069 ], [ -112.9060235, 37.8889134 ], [ -112.9076324, 37.8868139 ], [ -112.9096208, 37.8845242 ], [ -112.9112095, 37.882527 ], [ -112.9127978, 37.8801557 ], [ -112.9143417, 37.8780134 ], [ -112.9159522, 37.8760336 ], [ -112.9175331, 37.874076000000102 ], [ -112.9197714, 37.8713279 ], [ -112.9219654, 37.868528100000098 ], [ -112.9241521, 37.8658465 ], [ -112.9262131, 37.8632019 ], [ -112.9283398, 37.8605535 ], [ -112.9305329, 37.8577948000001 ], [ -112.932876, 37.8549322000001 ], [ -112.9352517, 37.8520777 ], [ -112.937454, 37.8493911 ], [ -112.9397716, 37.846370100000101 ], [ -112.9421065, 37.8435164 ], [ -112.9443722, 37.840576100000099 ], [ -112.9466725, 37.8377627 ], [ -112.9489613, 37.834949300000098 ], [ -112.9512097, 37.832147500000097 ], [ -112.9534639, 37.8293341 ], [ -112.9557123, 37.826514900000099 ], [ -112.9580256, 37.823684200000102 ], [ -112.9603028, 37.820837600000097 ], [ -112.9625296, 37.8180199 ], [ -112.9646699, 37.815367900000098 ], [ -112.9663779, 37.813242000000102 ], [ -112.9684794, 37.810581 ], [ -112.970594, 37.8079759 ], [ -112.9727312, 37.8053574 ], [ -112.9748728, 37.802626400000101 ], [ -112.9791403, 37.802574600000099 ], [ -112.9821604, 37.802462100000099 ], [ -112.986917, 37.802405200000102 ], [ -112.9932666, 37.8024165 ], [ -112.9974819, 37.802430000000101 ], [ -113.001853, 37.802445 ], [ -113.0056268, 37.802430000000101 ], [ -113.0117204, 37.802423700000098 ], [ -113.0179777, 37.802422200000102 ], [ -113.0219532, 37.8024496 ], [ -113.0259345, 37.802442600000099 ], [ -113.0299391, 37.802432800000098 ], [ -113.0339608, 37.8024622 ], [ -113.0379323, 37.802449900000099 ], [ -113.0415489, 37.802449900000099 ], [ -113.0458802, 37.802456200000101 ], [ -113.0503933, 37.8024324 ], [ -113.0544944, 37.8024443 ], [ -113.058512, 37.802438300000098 ], [ -113.0624818, 37.802438300000098 ], [ -113.0665531, 37.802408500000098 ], [ -113.0707617, 37.802426400000101 ], [ -113.0749302, 37.802432500000101 ], [ -113.0794139, 37.802443600000103 ], [ -113.0837931, 37.802469700000103 ], [ -113.0877615, 37.802464100000101 ], [ -113.0916842, 37.8024595 ], [ -113.0959377, 37.802422200000102 ], [ -113.100473, 37.8024111 ], [ -113.1049495, 37.802424700000103 ], [ -113.1090216, 37.802406500000103 ], [ -113.1130483, 37.802402 ], [ -113.1170657, 37.8024483 ], [ -113.1202534, 37.8024394 ], [ -113.1240751, 37.8023773 ], [ -113.1278835, 37.8023818 ], [ -113.1317673, 37.8023773 ], [ -113.135632, 37.8023616 ], [ -113.139569, 37.8023616 ], [ -113.1431668, 37.8023704 ], [ -113.1468864, 37.802368300000097 ], [ -113.1502685, 37.802359700000103 ], [ -113.1538453, 37.802364 ], [ -113.156850317, 37.802354176000101 ], [ -113.156824286, 37.801032039000098 ], [ -113.157633021, 37.800997683 ], [ -113.159711554, 37.800605639 ] ] ] } },
{ "type": "Feature", "properties": { "objectid": "68431", "id": "200130", "type": "AC; OVERHEAD", "status": "NOT AVAILABLE", "naics_code": "221121", "naics_desc": "ELECTRIC BULK POWER TRANSMISSION AND CONTROL", "source": "Company Map", "sourcedate": "2014-06-15T20:00:00-06:00", "val_method": "IMAGERY/OTHER", "val_date": "2014-06-15T20:00:00-06:00", "owner": "IDAHO POWER CO", "voltage": 345.0, "volt_class": "345", "inferred": "N", "sub_1": "MIDPOINT", "sub_2": "TAP203129", "shape_lengt": 83165.082489230103, "globalid": "3b309502-d527-4132-9371-7b7ddc6e2086", "NERC": "WECC", "NERC_Label": "Western Electricity Coordinating Council (WECC)" }, "geometry": { "type": "MultiLineString", "coordinates": [ [ [ -114.420608483, 42.835673530000101 ], [ -114.419462024, 42.83633875 ], [ -114.418838813, 42.83633875 ], [ -114.41773458, 42.8385700360001 ], [ -114.40882287, 42.83854095 ], [ -114.39713697, 42.837072134 ], [ -114.389304967, 42.836062982 ], [ -114.374474746, 42.834181004000101 ], [ -114.362105034, 42.832626663 ], [ -114.350071458, 42.831102948000101 ], [ -114.33951777, 42.829767279000102 ], [ -114.31765833, 42.826988492000098 ], [ -114.307452159, 42.825658647000097 ], [ -114.293662821, 42.823903802000103 ], [ -114.283062156, 42.8225516360001 ], [ -114.271342305, 42.821083536000103 ], [ -114.260948636, 42.81972648 ], [ -114.250548984, 42.818424389 ], [ -114.237248422, 42.816701902 ], [ -114.225276458, 42.81517784 ], [ -114.215597995, 42.81392293 ], [ -114.203163081, 42.8123308730001 ], [ -114.190561235, 42.810729136000099 ], [ -114.183245746, 42.809773662000097 ], [ -114.146361263, 42.805027720000098 ], [ -114.116086071, 42.80114589 ], [ -114.087923106, 42.797425895 ], [ -114.067883444, 42.794820701 ], [ -114.051041345, 42.792692201000101 ], [ -114.032238616, 42.790236515000103 ], [ -114.015542062, 42.78805005 ], [ -113.996551671, 42.785592734 ], [ -113.976880758, 42.783038078000097 ], [ -113.959835579, 42.780789543 ], [ -113.95766633, 42.780504904 ], [ -113.921728419, 42.775807237 ], [ -113.903334723, 42.77338181 ], [ -113.887974905, 42.771341319 ], [ -113.866598956, 42.768573399 ], [ -113.851841011, 42.766579885 ], [ -113.836365494, 42.764533742 ], [ -113.822868901, 42.762801718 ], [ -113.81233552, 42.761396600000097 ], [ -113.796035964, 42.759181001000101 ], [ -113.78068025, 42.757131187 ], [ -113.76559057, 42.755146117 ], [ -113.751351255, 42.753232277000102 ], [ -113.735817055, 42.751177997000099 ], [ -113.721625505, 42.749267067000098 ], [ -113.705326526, 42.747066502 ], [ -113.687226501, 42.74467373 ] ] ] } },
{ "type": "Feature", "properties": { "objectid": "74490", "id": "206769", "type": "AC", "status": "NOT AVAILABLE", "naics_code": "221121", "naics_desc": "ELECTRIC BULK POWER TRANSMISSION AND CONTROL", "source": "IMAGERY", "sourcedate": "2016-01-11T18:00:00-07:00", "val_method": "IMAGERY", "val_date": "2016-01-11T18:00:00-07:00", "owner": "INTERMOUNTAIN POWER AGENCY", "voltage": 345.0, "volt_class": "345", "inferred": "Y", "sub_1": "NOT AVAILABLE", "sub_2": "MILDFORD WIND", "shape_lengt": 3084.6218995659001, "globalid": "921da35c-0ecb-4105-bb6f-7c5bfffc1d38", "NERC": "WECC", "NERC_Label": "Western Electricity Coordinating Council (WECC)" }, "geometry": { "type": "MultiLineString", "coordinates": [ [ [ -112.923906422, 38.580720692 ], [ -112.938259476, 38.562189257 ] ] ] } },
{ "type": "Feature", "properties": { "objectid": "78944", "id": "211182", "type": "AC; OVERHEAD", "status": "NOT AVAILABLE", "naics_code": "221121", "naics_desc": "ELECTRIC BULK POWER TRANSMISSION AND CONTROL", "source": "IMAGERY and FAA data", "sourcedate": "2018-07-23T20:00:00-06:00", "val_method": "IMAGERY/OTHER", "val_date": "2018-07-23T20:00:00-06:00", "owner": "PUD NO 1 OF KLICKITAT COUNTY", "voltage": 345.0, "volt_class": "345", "inferred": "Y", "sub_1": "TAP209123", "sub_2": "NOT AVAILABLE", "shape_lengt": 352.67651954889999, "globalid": "82a1cd93-3029-4de6-8e47-7e09573b5349", "NERC": "WECC", "NERC_Label": "Western Electricity Coordinating Council (WECC)" }, "geometry": { "type": "MultiLineString", "coordinates": [ [ [ -120.308979266, 45.866678890000102 ], [ -120.308817462, 45.8650227850001 ], [ -120.308646141, 45.864489786 ] ] ] } },
{ "type": "Feature", "properties": { "objectid": "84293", "id": "304019", "type": "AC; OVERHEAD", "status": "IN SERVICE", "naics_code": "221121", "naics_desc": "ELECTRIC BULK POWER TRANSMISSION AND CONTROL", "source": "Western Electricity Coordinating Council https://www.wecc.biz/Reliability/YEAR%202014%20OC%20MAP-1.pdf", "sourcedate": "2016-12-31T18:00:00-07:00", "val_method": "IMAGERY/OTHER", "val_date": "2016-12-31T18:00:00-07:00", "owner": "NOT AVAILABLE", "voltage": 345.0, "volt_class": "345", "inferred": "N", "sub_1": "WEST", "sub_2": "WEST", "shape_lengt": 161389.45495498701, "globalid": "63140ac9-8dd7-4376-95c8-7f6fbed0b011", "NERC": "WECC", "NERC_Label": "Western Electricity Coordinating Council (WECC)" }, "geometry": { "type": "MultiLineString", "coordinates": [ [ [ -106.587450678, 31.804857269 ], [ -106.588833, 31.80578 ], [ -106.589008965, 31.805637925 ], [ -106.590013629, 31.8048267570001 ], [ -106.590427, 31.804493 ], [ -106.597127001, 31.799078999000098 ], [ -106.598946, 31.797764 ], [ -106.603107, 31.7947740000001 ], [ -106.606663367, 31.794842070000101 ], [ -106.632182825, 31.7953305240001 ], [ -106.650744, 31.806893 ], [ -106.673965476, 31.811421932 ], [ -106.700382, 31.816573999000099 ], [ -106.740309001, 31.865052 ], [ -106.749351, 31.897341 ], [ -106.773461001, 31.9178940000001 ], [ -106.761034, 31.92784 ], [ -106.843167, 32.002055999 ], [ -106.921797, 32.072853000000102 ], [ -106.978362001, 32.12375 ], [ -107.014349, 32.155923999 ], [ -107.104169001, 32.176321999 ], [ -107.153902, 32.187630999000099 ], [ -107.269077001, 32.216348 ], [ -107.335703, 32.232982 ], [ -107.396187001, 32.249193 ], [ -107.457747767, 32.263384518000102 ], [ -107.575154001, 32.292514 ], [ -107.579249506, 32.293530595 ], [ -107.664727001, 32.314748000000101 ], [ -107.699074363, 32.314501624000101 ], [ -107.699672089, 32.314497337 ], [ -107.763848, 32.314037 ], [ -107.778978226, 32.302899056000101 ] ] ] } },
{ "type": "Feature", "properties": { "objectid": "90661", "id": "310403", "type": "AC; OVERHEAD", "status": "IN SERVICE", "naics_code": "221121", "naics_desc": "ELECTRIC BULK POWER TRANSMISSION AND CONTROL", "source": "Western Electricity Coordinating Council https://www.wecc.biz/Reliability/YEAR%202014%20OC%20MAP-1.pdf", "sourcedate": "2016-12-31T18:00:00-07:00", "val_method": "IMAGERY/OTHER", "val_date": "2016-12-31T18:00:00-07:00", "owner": "NOT AVAILABLE", "voltage": 345.0, "volt_class": "345", "inferred": "N", "sub_1": "HUMBOLDT", "sub_2": "COYOTE CREEK", "shape_lengt": 61239.850181554597, "globalid": "22878a62-2d27-4c30-835c-803d53ce3a74", "NERC": "WECC", "NERC_Label": "Western Electricity Coordinating Council (WECC)" }, "geometry": { "type": "MultiLineString", "coordinates": [ [ [ -115.939915457, 41.227259311000097 ], [ -115.941666, 41.227585 ], [ -115.962471001, 41.222110999 ], [ -115.996719, 41.213028000000101 ], [ -116.014915, 41.211777 ], [ -116.101135, 41.201693999 ], [ -116.130363001, 41.19289 ], [ -116.222443, 41.192195999 ], [ -116.308304, 41.193222 ], [ -116.359253001, 41.157775999000101 ], [ -116.371696, 41.145363 ], [ -116.419296109, 41.097557674 ], [ -116.42343914, 41.094673519 ] ] ] } },
{ "type": "Feature", "properties": { "objectid": "68511", "id": "200212", "type": "AC; OVERHEAD", "status": "NOT AVAILABLE", "naics_code": "221121", "naics_desc": "ELECTRIC BULK POWER TRANSMISSION AND CONTROL", "source": "Regional Map", "sourcedate": "2014-07-08T20:00:00-06:00", "val_method": "IMAGERY/OTHER", "val_date": "2014-07-08T20:00:00-06:00", "owner": "PUBLIC SERVICE CO OF COLORADO", "voltage": 345.0, "volt_class": "345", "inferred": "N", "sub_1": "SMOKY HILL", "sub_2": "MISSLE SITE", "shape_lengt": 87891.401615263996, "globalid": "2880b311-a0a8-4ca6-8eb9-80bace92ef50", "NERC": "WECC", "NERC_Label": "Western Electricity Coordinating Council (WECC)" }, "geometry": { "type": "MultiLineString", "coordinates": [ [ [ -104.714750262, 39.631247289 ], [ -104.714096432, 39.629965193 ], [ -104.712939201, 39.630133591000103 ], [ -104.712709887, 39.6317600450001 ], [ -104.706127655, 39.631736903 ], [ -104.703312911, 39.631809674000102 ], [ -104.700523031, 39.631805843000102 ], [ -104.697446744, 39.631816910000097 ], [ -104.673934622, 39.631813438 ], [ -104.673859963, 39.637485187 ], [ -104.663599529, 39.637530362000099 ], [ -104.647920905, 39.637559109 ], [ -104.639750955, 39.637567323 ], [ -104.626354797, 39.637555003 ], [ -104.610660174, 39.637513935000101 ], [ -104.595418845, 39.637259312 ], [ -104.58134008, 39.6370046870001 ], [ -104.563805618, 39.637021115 ], [ -104.54817499, 39.636869161 ], [ -104.534568336, 39.636782388 ], [ -104.524912584, 39.636703282 ], [ -104.514550626, 39.636584624000101 ], [ -104.513086855, 39.635378248000102 ], [ -104.510679612, 39.633255034000101 ], [ -104.510775638, 39.626062740000101 ], [ -104.510871596, 39.622111657000097 ], [ -104.496596312, 39.621844203000101 ], [ -104.485599146, 39.621676236 ], [ -104.468125071, 39.621533585000101 ], [ -104.452135416, 39.621499602 ], [ -104.374065832, 39.621871841 ], [ -104.35216552, 39.622062364 ], [ -104.326583765, 39.6222389960001 ], [ -104.301087335, 39.622386874 ], [ -104.297871617, 39.622382766 ], [ -104.293797308, 39.622772998000102 ], [ -104.28985632, 39.622403305 ], [ -104.270929981, 39.622440274 ], [ -104.258568399, 39.622534752 ], [ -104.251043726, 39.628963013 ], [ -104.243689704, 39.635275683 ], [ -104.241556558, 39.637090931000103 ], [ -104.228203575, 39.637157186 ], [ -104.212897739, 39.637267525 ], [ -104.198676249, 39.63729657 ], [ -104.170064852, 39.63731052 ], [ -104.141253805, 39.637395789 ], [ -104.107394256, 39.637479336000098 ], [ -104.10640686, 39.653929446 ], [ -104.106295462, 39.666630069000099 ], [ -104.042145772, 39.666985799 ], [ -104.023308532, 39.667093625000099 ], [ -104.02295147, 39.680098970000103 ], [ -104.022537711, 39.68294804 ], [ -104.022435903, 39.685298511 ], [ -104.020331797, 39.685770963 ] ] ] } },
{ "type": "Feature", "properties": { "objectid": "68461", "id": "200161", "type": "AC; OVERHEAD", "status": "NOT AVAILABLE", "naics_code": "221121", "naics_desc": "ELECTRIC BULK POWER TRANSMISSION AND CONTROL", "source": "http://www.oasis.oati.com/PPW/PPWdocs/Transmission_Network_Diagram.pdf", "sourcedate": "2014-06-22T20:00:00-06:00", "val_method": "IMAGERY/OTHER", "val_date": "2014-06-22T20:00:00-06:00", "owner": "PACIFICORP", "voltage": 345.0, "volt_class": "345", "inferred": "N", "sub_1": "90TH SOUTH", "sub_2": "CAMP WILLIAMS", "shape_lengt": 22815.171346912299, "globalid": "5f91be92-b44c-48a6-8ff2-8113644e1455", "NERC": "WECC", "NERC_Label": "Western Electricity Coordinating Council (WECC)" }, "geometry": { "type": "MultiLineString", "coordinates": [ [ [ -111.916191286, 40.589554883000098 ], [ -111.917200575, 40.588894074 ], [ -111.916977156, 40.587565629 ], [ -111.916777504, 40.586049437 ], [ -111.916767997, 40.581258768 ], [ -111.916767997, 40.578005827 ], [ -111.908886538, 40.572582703000101 ], [ -111.905269052, 40.570091241 ], [ -111.903619555, 40.564920258 ], [ -111.902735387, 40.562135995000098 ], [ -111.902302809, 40.560785351 ], [ -111.901794175, 40.559163819000098 ], [ -111.900986063, 40.557820338000099 ], [ -111.898818425, 40.553807792 ], [ -111.898076864, 40.552496710000099 ], [ -111.898091124, 40.5498311260001 ], [ -111.898167182, 40.544015593 ], [ -111.898095878, 40.54231057 ], [ -111.897064348, 40.537487868 ], [ -111.896037571, 40.53274069 ], [ -111.8953483, 40.529521522 ], [ -111.89396025, 40.5273680970001 ], [ -111.893665527, 40.523758427000097 ], [ -111.895200939, 40.5192921390001 ], [ -111.896237223, 40.516299993000104 ], [ -111.897192695, 40.513278802000102 ], [ -111.897016812, 40.508674477000099 ], [ -111.896902726, 40.507167341000098 ], [ -111.901661074, 40.502052946 ], [ -111.905131198, 40.49832624 ], [ -111.908582308, 40.494621017 ], [ -111.912912832, 40.4900081810001 ], [ -111.915037689, 40.4877522580001 ], [ -111.914647894, 40.480568229 ], [ -111.914605112, 40.479187015 ], [ -111.916682433, 40.4791833990001 ], [ -111.922748019, 40.47916532 ], [ -111.924102794, 40.4791689360001 ], [ -111.931722806, 40.479740227 ], [ -111.933714562, 40.4770066620001 ], [ -111.937151411, 40.472381767000101 ], [ -111.937978536, 40.471228205 ], [ -111.945565273, 40.471199276 ], [ -111.949063919, 40.471195659 ], [ -111.948483981, 40.469275422000102 ], [ -111.948170243, 40.468176053 ], [ -111.948620614, 40.4674531470001 ] ] ] } },
{ "type": "Feature", "properties": { "objectid": "68462", "id": "200162", "type": "AC; OVERHEAD", "status": "NOT AVAILABLE", "naics_code": "221121", "naics_desc": "ELECTRIC BULK POWER TRANSMISSION AND CONTROL", "source": "http://www.oasis.oati.com/PPW/PPWdocs/Transmission_Network_Diagram.pdf", "sourcedate": "2014-06-22T20:00:00-06:00", "val_method": "IMAGERY/OTHER", "val_date": "2014-06-22T20:00:00-06:00", "owner": "PACIFICORP", "voltage": 345.0, "volt_class": "345", "inferred": "N", "sub_1": "90TH SOUTH", "sub_2": "CAMP WILLIAMS", "shape_lengt": 22799.8276254591, "globalid": "f12d29df-b6dc-49ef-97ec-83d09450282c", "NERC": "WECC", "NERC_Label": "Western Electricity Coordinating Council (WECC)" }, "geometry": { "type": "MultiLineString", "coordinates": [ [ [ -111.916191286, 40.589554883000098 ], [ -111.916994395, 40.588892539 ], [ -111.91687004, 40.587574889 ], [ -111.916669715, 40.586053582 ], [ -111.9166602, 40.58125883 ], [ -111.9166602, 40.578042131000103 ], [ -111.908814147, 40.572643375 ], [ -111.905172092, 40.570134993000103 ], [ -111.903514777, 40.564939503000097 ], [ -111.90263062, 40.562155278 ], [ -111.902198007, 40.560804524 ], [ -111.901691754, 40.559190585000103 ], [ -111.900887141, 40.557852920000101 ], [ -111.898719036, 40.553839513000099 ], [ -111.897968976, 40.552513405000099 ], [ -111.897983328, 40.549830552000103 ], [ -111.898059367, 40.5440164870001 ], [ -111.897988356, 40.542318476 ], [ -111.896957962, 40.537501085 ], [ -111.895931187, 40.5327539150001 ], [ -111.895244468, 40.529546667 ], [ -111.89385399, 40.527389477 ], [ -111.893556867, 40.523750405 ], [ -111.895096668, 40.519271347 ], [ -111.896132682, 40.516279979 ], [ -111.897084525, 40.513270263 ], [ -111.896909104, 40.508678021 ], [ -111.896792939, 40.507143419 ], [ -111.901573083, 40.502005594 ], [ -111.905043226, 40.498278866000099 ], [ -111.908494457, 40.494573510000102 ], [ -111.91282515, 40.489960492000101 ], [ -111.914928453, 40.487727449 ], [ -111.914540149, 40.480570886000102 ], [ -111.91449475, 40.479105212 ], [ -111.916682099, 40.479101404000097 ], [ -111.922747997, 40.479083324 ], [ -111.924108283, 40.479086955000099 ], [ -111.931662868, 40.479653341000102 ], [ -111.933620496, 40.476966611000101 ], [ -111.937057167, 40.472341953000097 ], [ -111.93791437, 40.471146444 ], [ -111.94556493, 40.47111727 ], [ -111.948928587, 40.471113794000097 ], [ -111.948378774, 40.469293304000097 ], [ -111.948057112, 40.468166163 ], [ -111.948620614, 40.4674531470001 ] ] ] } },
{ "type": "Feature", "properties": { "objectid": "91000", "id": "310743", "type": "AC; OVERHEAD", "status": "IN SERVICE", "naics_code": "221121", "naics_desc": "ELECTRIC BULK POWER TRANSMISSION AND CONTROL", "source": "Western Electricity Coordinating Council https://www.wecc.biz/Reliability/YEAR%202014%20OC%20MAP-1.pdf", "sourcedate": "2016-12-31T18:00:00-07:00", "val_method": "IMAGERY/OTHER", "val_date": "2016-12-31T18:00:00-07:00", "owner": "NOT AVAILABLE", "voltage": 345.0, "volt_class": "345", "inferred": "N", "sub_1": "SPRINGERVILLE", "sub_2": "VAIL", "shape_lengt": 459009.59281662299, "globalid": "95650ea2-4806-4833-bfbd-84db2daa1ccb", "NERC": "WECC", "NERC_Label": "Western Electricity Coordinating Council (WECC)" }, "geometry": { "type": "MultiLineString", "coordinates": [ [ [ -109.161185647, 34.312393114 ], [ -109.158386365, 34.312528937 ], [ -109.145216048, 34.315776902 ], [ -109.093783998, 34.315419983 ], [ -109.075438353, 34.300679222 ], [ -109.042437001, 34.300318999000098 ], [ -109.026277, 34.3001 ], [ -109.007283, 34.300058 ], [ -108.983500001, 34.300134 ], [ -108.959201001, 34.299848 ], [ -108.959159874, 34.299638835000103 ], [ -108.952621, 34.266383 ], [ -108.940963, 34.256479999000099 ], [ -108.941048001, 34.228653999000102 ], [ -108.940916, 34.208325 ], [ -108.940478, 34.182610999000097 ], [ -108.940135, 34.162195 ], [ -108.939343, 34.052856 ], [ -108.941993, 33.985314000000102 ], [ -108.937927001, 33.9751410000001 ], [ -108.931651, 33.969768999000102 ], [ -108.923742, 33.964086000000101 ], [ -108.907082, 33.91589 ], [ -108.906997001, 33.884636 ], [ -108.901419001, 33.852997000000101 ], [ -108.894028001, 33.810943000000101 ], [ -108.886573, 33.768128 ], [ -108.888027, 33.757596 ], [ -108.883377481, 33.745791486 ], [ -108.882148, 33.742669999 ], [ -108.869992, 33.72425 ], [ -108.87068, 33.717005999 ], [ -108.893626, 33.675909 ], [ -108.904052001, 33.6572770000001 ], [ -108.905099, 33.654041 ], [ -108.901996, 33.630891 ], [ -108.904158, 33.6117569990001 ], [ -108.919136, 33.586861 ], [ -108.93367, 33.571267 ], [ -108.944877, 33.544201999000101 ], [ -108.942627001, 33.523562 ], [ -108.943307001, 33.513337 ], [ -108.953667001, 33.445362 ], [ -108.972773, 33.420362 ], [ -108.982528001, 33.388971999 ], [ -108.989861001, 33.3677119990001 ], [ -108.991918, 33.358888 ], [ -108.99316, 33.328084999000097 ], [ -109.007000001, 33.306568 ], [ -109.013866001, 33.284998 ], [ -109.028818, 33.254511 ], [ -109.036517, 33.252798 ], [ -109.039855, 33.251521999 ], [ -109.043206, 33.248653999 ], [ -109.045573, 33.245201000000101 ], [ -109.046252, 33.236722999 ], [ -109.044811, 33.233334 ], [ -109.041308, 33.225345 ], [ -109.051488542, 33.212912665 ], [ -109.056580589, 33.200501397 ], [ -109.069358294, 33.188975288 ], [ -109.094878013, 33.148714807 ], [ -109.103229923, 33.132010991000101 ], [ -109.118434677, 33.100816257000098 ], [ -109.128963792, 33.087074869 ], [ -109.136066484, 33.069478756 ], [ -109.136387712, 33.05259648 ], [ -109.126857969, 33.022650962 ], [ -109.12910656, 33.0127643020001 ], [ -109.129977443, 33.000293548000101 ], [ -109.143197728, 32.978259738000098 ], [ -109.147766293, 32.976308581000097 ], [ -109.159996723, 32.972834568 ], [ -109.169091, 32.968200999 ], [ -109.172588001, 32.965566 ], [ -109.17397329, 32.965348950000099 ], [ -109.174975, 32.965192000000101 ], [ -109.174859, 32.962847000000103 ], [ -109.172325, 32.9553030000001 ], [ -109.168865001, 32.945002 ], [ -109.167812001, 32.941853 ], [ -109.167793001, 32.93814 ], [ -109.167802, 32.930332999 ], [ -109.168085001, 32.926756 ], [ -109.167773001, 32.921328000000102 ], [ -109.168884001, 32.916572 ], [ -109.172179001, 32.902498 ], [ -109.187714, 32.894457 ], [ -109.202928, 32.886602 ], [ -109.216310001, 32.873669 ], [ -109.214848001, 32.853893 ], [ -109.21707, 32.837802000000103 ], [ -109.218288, 32.829897999 ], [ -109.218356, 32.812959 ], [ -109.218425, 32.803349 ], [ -109.21628, 32.787414 ], [ -109.2186, 32.772668000000102 ], [ -109.218678, 32.757756 ], [ -109.218814, 32.736977 ], [ -109.244067, 32.725563999 ], [ -109.254467946, 32.720952874 ], [ -109.270557, 32.71382 ], [ -109.297067001, 32.702533999 ], [ -109.322008, 32.685662999 ], [ -109.340331, 32.6731 ], [ -109.361168001, 32.658694999 ], [ -109.392444, 32.637468 ], [ -109.408389, 32.626523 ], [ -109.433544001, 32.608005 ], [ -109.486305, 32.577946 ], [ -109.533042, 32.551588999 ], [ -109.588167001, 32.520299000000101 ], [ -109.670897129, 32.473228597000102 ], [ -109.671726, 32.472757000000101 ], [ -109.686918, 32.464117 ], [ -109.710528, 32.445887 ], [ -109.764685, 32.413218 ], [ -109.771436, 32.408539 ], [ -109.783888001, 32.398435 ], [ -109.804298, 32.385308000000101 ], [ -109.814069, 32.379244 ], [ -109.838849, 32.36702 ], [ -109.856880357, 32.358077914 ], [ -109.892961909, 32.358012411000097 ], [ -109.914671, 32.357973000000101 ], [ -109.924563, 32.357977999000099 ], [ -109.946796, 32.357099999000098 ], [ -109.957042001, 32.353018 ], [ -109.985418001, 32.348757 ], [ -110.001687, 32.319222 ], [ -110.010515001, 32.310426 ], [ -110.053312, 32.281133000000104 ], [ -110.056734894, 32.27908189 ], [ -110.059918, 32.2779600000001 ], [ -110.065928, 32.277394999 ], [ -110.098655, 32.260153 ], [ -110.112908, 32.252601 ], [ -110.189540001, 32.206360000000103 ], [ -110.202498, 32.197083 ], [ -110.202897585, 32.1968559970001 ], [ -110.210347001, 32.192623999 ], [ -110.212227025, 32.191473504 ], [ -110.277466, 32.15155 ], [ -110.30428, 32.13077 ], [ -110.351399, 32.094058000000103 ], [ -110.382292, 32.06995 ], [ -110.438492, 32.048595 ], [ -110.477336, 32.049274 ], [ -110.493163001, 32.044756 ], [ -110.507549, 32.042908999000097 ], [ -110.516618, 32.048505999 ], [ -110.583829, 32.048189 ], [ -110.621683, 32.04803 ], [ -110.638113, 32.034247 ], [ -110.689972001, 32.034506999 ], [ -110.718042, 32.034505999 ], [ -110.722707428, 32.034483026 ], [ -110.725759001, 32.0344679990001 ], [ -110.730886365, 32.029328084 ], [ -110.73107, 32.029143999 ], [ -110.746224, 32.038929999000104 ], [ -110.772795001, 32.056051 ], [ -110.794435, 32.069993000000103 ], [ -110.799749761, 32.070052269 ], [ -110.807527001, 32.070139 ], [ -110.808079239, 32.0702473650001 ], [ -110.809596001, 32.070544999 ], [ -110.813142937, 32.069978542000101 ] ] ] } },
{ "type": "Feature", "properties": { "objectid": "92198", "id": "311944", "type": "AC; OVERHEAD", "status": "IN SERVICE", "naics_code": "221121", "naics_desc": "ELECTRIC BULK POWER TRANSMISSION AND CONTROL", "source": "Western Electricity Coordinating Council https://www.wecc.biz/Reliability/YEAR%202014%20OC%20MAP-1.pdf", "sourcedate": "2016-12-31T18:00:00-07:00", "val_method": "IMAGERY/OTHER", "val_date": "2016-12-31T18:00:00-07:00", "owner": "NOT AVAILABLE", "voltage": 345.0, "volt_class": "345", "inferred": "N", "sub_1": "WEST MESA", "sub_2": "NOT AVAILABLE", "shape_lengt": 392109.36919094902, "globalid": "e1eff680-4dee-4afe-9fb3-1b88c3f69c95", "NERC": "WECC", "NERC_Label": "Western Electricity Coordinating Council (WECC)" }, "geometry": { "type": "MultiLineString", "coordinates": [ [ [ -106.723999907, 35.114057879 ], [ -106.721654, 35.112412 ], [ -106.721638, 35.1108410000001 ], [ -106.729372707, 35.106632068000103 ], [ -106.729874907, 35.106358789000097 ], [ -106.737251, 35.102344999 ], [ -106.743283, 35.099061 ], [ -106.745668, 35.097760999 ], [ -106.746063983, 35.097545176 ], [ -106.754328001, 35.093040999 ], [ -106.788463, 35.0744240000001 ], [ -106.785438415, 35.060042863 ], [ -106.811215489, 34.929825298 ], [ -106.863108001, 34.664248 ], [ -106.894772, 34.591593 ], [ -106.913344001, 34.488765999000101 ], [ -106.94038, 34.337842999 ], [ -107.014068, 34.255412 ], [ -107.052976001, 34.182295999000097 ], [ -107.042241, 34.0913830000001 ], [ -107.029038, 33.978469000000104 ], [ -107.029762, 33.892677999000099 ], [ -107.031237, 33.737050000000103 ], [ -107.03144506, 33.71461579 ], [ -107.032638001, 33.585986 ], [ -107.051434, 33.394776 ], [ -107.028218, 33.288382999000099 ], [ -106.991192, 33.118033999 ], [ -106.970764, 33.023825 ], [ -106.950192, 32.928299 ], [ -106.901751, 32.703535 ], [ -106.879295001, 32.598698 ], [ -106.801315, 32.515997999 ], [ -106.786789, 32.490682 ], [ -106.778293, 32.475861 ], [ -106.76634, 32.456055 ], [ -106.743194001, 32.418738 ], [ -106.72786, 32.393987 ], [ -106.720902309, 32.382725819 ], [ -106.713618, 32.370936 ], [ -106.70095, 32.350492 ], [ -106.690583927, 32.3341135840001 ], [ -106.690269001, 32.333616 ], [ -106.701911001, 32.331357999 ], [ -106.707148319, 32.332040551 ], [ -106.708226001, 32.332181 ], [ -106.709939, 32.332751 ], [ -106.712359836, 32.332664494 ] ] ] } },
{ "type": "Feature", "properties": { "objectid": "83133", "id": "302857", "type": "AC; OVERHEAD", "status": "IN SERVICE", "naics_code": "221121", "naics_desc": "ELECTRIC BULK POWER TRANSMISSION AND CONTROL", "source": "Western Electricity Coordinating Council https://www.wecc.biz/Reliability/YEAR%202014%20OC%20MAP-1.pdf", "sourcedate": "2016-12-31T18:00:00-07:00", "val_method": "IMAGERY/OTHER", "val_date": "2016-12-31T18:00:00-07:00", "owner": "NOT AVAILABLE", "voltage": 345.0, "volt_class": "345", "inferred": "N", "sub_1": "WINCHESTER", "sub_2": "VAIL", "shape_lengt": 77668.386355209193, "globalid": "ec68114f-9a5a-4b64-951b-1ea09db029dd", "NERC": "WECC", "NERC_Label": "Western Electricity Coordinating Council (WECC)" }, "geometry": { "type": "MultiLineString", "coordinates": [ [ [ -110.203924208, 32.190425715000103 ], [ -110.205334, 32.190315 ], [ -110.210271001, 32.19232 ], [ -110.211855312, 32.191351310000101 ], [ -110.255884001, 32.164431 ], [ -110.277251, 32.151295 ], [ -110.30426, 32.13032 ], [ -110.351284, 32.093741000000101 ], [ -110.382107, 32.069715 ], [ -110.438402001, 32.04824 ], [ -110.477259, 32.048907 ], [ -110.493086001, 32.044420000000102 ], [ -110.507650001, 32.042598999000099 ], [ -110.516820001, 32.048221 ], [ -110.583847001, 32.047910000000101 ], [ -110.62153, 32.0477259990001 ], [ -110.637979001, 32.0338599990001 ], [ -110.689959, 32.034203 ], [ -110.723053167, 32.034212288 ], [ -110.725588, 32.034212999 ], [ -110.728526001, 32.0312679990001 ], [ -110.73057461, 32.029183898000099 ], [ -110.731008, 32.028743 ], [ -110.746409001, 32.038649 ], [ -110.773006, 32.055866 ], [ -110.794557001, 32.069757 ], [ -110.799286925, 32.069761745 ], [ -110.807515, 32.06977 ], [ -110.809578001, 32.070049 ], [ -110.813142937, 32.069978542000101 ] ] ] } },
{ "type": "Feature", "properties": { "objectid": "68487", "id": "200188", "type": "AC; OVERHEAD", "status": "NOT AVAILABLE", "naics_code": "221121", "naics_desc": "ELECTRIC BULK POWER TRANSMISSION AND CONTROL", "source": "http://www.oasis.oati.com/PPW/PPWdocs/Transmission_Network_Diagram.pdf", "sourcedate": "2014-06-29T20:00:00-06:00", "val_method": "IMAGERY/OTHER", "val_date": "2014-06-29T20:00:00-06:00", "owner": "PACIFICORP", "voltage": 345.0, "volt_class": "345", "inferred": "N", "sub_1": "HUNTINGTON", "sub_2": "PINTO", "shape_lengt": 328317.39923290501, "globalid": "61660579-b0de-4975-a64e-21a2b581c93d", "NERC": "WECC", "NERC_Label": "Western Electricity Coordinating Council (WECC)" }, "geometry": { "type": "MultiLineString", "coordinates": [ [ [ -111.085765797, 39.383355784000102 ], [ -111.0863148, 39.382764700000102 ], [ -111.0865585, 39.3816693 ], [ -111.0885395, 39.379826700000102 ], [ -111.0900101, 39.378424000000102 ], [ -111.0899015, 39.3764889 ], [ -111.0884339, 39.3735665 ], [ -111.0878487, 39.372320600000101 ], [ -111.0872681, 39.371089100000098 ], [ -111.086316, 39.369053300000097 ], [ -111.0853964, 39.3672365 ], [ -111.0838777, 39.366130600000098 ], [ -111.0827491, 39.365297600000098 ], [ -111.0797534, 39.364285000000102 ], [ -111.0781, 39.3637212 ], [ -111.0759357, 39.362985100000103 ], [ -111.0736135, 39.3610712 ], [ -111.0720344, 39.359782100000103 ], [ -111.0703763, 39.358482100000103 ], [ -111.0677011, 39.356295100000096 ], [ -111.0646451, 39.3538387 ], [ -111.062634, 39.352233400000102 ], [ -111.0606276, 39.3506209 ], [ -111.0585748, 39.3489544 ], [ -111.0570189, 39.347668600000098 ], [ -111.0552912, 39.346813800000099 ], [ -111.0531315, 39.3457256 ], [ -111.0508883, 39.344612100000099 ], [ -111.049128, 39.3436819 ], [ -111.0461231, 39.3421481 ], [ -111.0436569, 39.3408802000001 ], [ -111.0419106, 39.340003700000103 ], [ -111.0400574, 39.339037500000103 ], [ -111.03813, 39.3380281 ], [ -111.0360493, 39.3370151 ], [ -111.0323198, 39.3351077 ], [ -111.0310798, 39.3344539 ], [ -111.0284139, 39.333056500000097 ], [ -111.0273689, 39.3325248 ], [ -111.0239611, 39.330787800000103 ], [ -111.0216676, 39.3296051 ], [ -111.0193676, 39.328442300000098 ], [ -111.0168588, 39.3271527 ], [ -111.0140432, 39.3257255 ], [ -111.01174, 39.324544800000098 ], [ -111.0081535, 39.322691 ], [ -111.0059706, 39.3215805 ], [ -111.0039605, 39.3205596 ], [ -111.0015596, 39.3192680000001 ], [ -110.9996448, 39.3182207 ], [ -110.9974711, 39.3170469 ], [ -110.9950906, 39.3157535 ], [ -110.9930668, 39.314674500000102 ], [ -110.9907273, 39.313393400000102 ], [ -110.9881515, 39.312008600000098 ], [ -110.9857938, 39.3107292 ], [ -110.9832225, 39.3093338 ], [ -110.9807876, 39.307996300000099 ], [ -110.9783958, 39.306717900000102 ], [ -110.9759109, 39.3053635 ], [ -110.9735713, 39.3040946 ], [ -110.9713817, 39.3029205 ], [ -110.9691421, 39.301709500000101 ], [ -110.9669275, 39.300509 ], [ -110.9648264, 39.299371700000101 ], [ -110.9633478, 39.2985614 ], [ -110.9607266, 39.297144700000104 ], [ -110.9581054, 39.2957226 ], [ -110.9555591, 39.294351500000097 ], [ -110.953081, 39.293019000000101 ], [ -110.9505961, 39.2916461 ], [ -110.9482338, 39.290368100000101 ], [ -110.9456013, 39.288940700000097 ], [ -110.9429733, 39.287520200000102 ], [ -110.9402909, 39.286072600000097 ], [ -110.9353486, 39.2834072 ], [ -110.9328036, 39.2820064 ], [ -110.9305823, 39.2807977 ], [ -110.9273146, 39.2790271000001 ], [ -110.9253729, 39.2779667 ], [ -110.9226802, 39.276507400000099 ], [ -110.919799, 39.2749484 ], [ -110.9176059, 39.273771200000098 ], [ -110.9150515, 39.272401800000097 ], [ -110.9127862, 39.2711515 ], [ -110.9110832, 39.2702345000001 ], [ -110.9092609, 39.269247 ], [ -110.9065651, 39.267780200000097 ], [ -110.9043877, 39.266598000000101 ], [ -110.8998758, 39.264148400000103 ], [ -110.8974597, 39.2628177 ], [ -110.8951692, 39.2615795 ], [ -110.8924797, 39.2601125 ], [ -110.8907139, 39.259149100000101 ], [ -110.8878076, 39.2575751 ], [ -110.885693, 39.2564268 ], [ -110.8841252, 39.2555826 ], [ -110.8825793, 39.2547481 ], [ -110.8794374, 39.2530182 ], [ -110.8776245, 39.252030400000102 ], [ -110.8754377, 39.2508334 ], [ -110.8731032, 39.249585200000098 ], [ -110.8702, 39.2480061 ], [ -110.8676582, 39.246633700000103 ], [ -110.8653582, 39.2453976 ], [ -110.8633914, 39.244344 ], [ -110.8609344, 39.242981400000097 ], [ -110.858381, 39.2415791 ], [ -110.8554539, 39.239992 ], [ -110.8531374, 39.238749900000101 ], [ -110.8510295, 39.2375886 ], [ -110.8491106, 39.236546700000098 ], [ -110.8477003, 39.235801100000103 ], [ -110.8453164, 39.234491500000097 ], [ -110.843252, 39.2333587 ], [ -110.841068, 39.2321805 ], [ -110.8392535, 39.231200800000103 ], [ -110.8378388, 39.2304332 ], [ -110.8357548, 39.229278500000099 ], [ -110.8340359, 39.228280300000101 ], [ -110.8323626, 39.227309 ], [ -110.8287814, 39.2252249000001 ], [ -110.8265735, 39.2239405 ], [ -110.8242592, 39.2226004 ], [ -110.8219839, 39.221260400000098 ], [ -110.8181789, 39.219063300000101 ], [ -110.8157406, 39.2176575 ], [ -110.813485, 39.2163325000001 ], [ -110.8112554, 39.215037800000097 ], [ -110.8091844, 39.213835700000097 ], [ -110.8070635, 39.2125662 ], [ -110.8048535, 39.2115845000001 ], [ -110.802211, 39.210390700000097 ], [ -110.7994294, 39.2091313 ], [ -110.7966957, 39.207865 ], [ -110.7940163, 39.206645900000098 ], [ -110.7914194, 39.205453700000099 ], [ -110.788979, 39.2043407 ], [ -110.7865452, 39.2032225 ], [ -110.7842178, 39.202170100000103 ], [ -110.7818643, 39.2010923 ], [ -110.7794544, 39.1999927 ], [ -110.7770075, 39.198876100000099 ], [ -110.7746279, 39.197791600000102 ], [ -110.7722853, 39.196722200000103 ], [ -110.7697689, 39.1955703 ], [ -110.7673198, 39.1944503 ], [ -110.7649685, 39.1933708 ], [ -110.7626216, 39.1922929 ], [ -110.7601638, 39.1911729 ], [ -110.7576887, 39.190046100000103 ], [ -110.7552744, 39.1889362 ], [ -110.7529166, 39.187865 ], [ -110.7503784, 39.1867011 ], [ -110.7475643, 39.1854193 ], [ -110.7449119, 39.1842006 ], [ -110.7424739, 39.1830918 ], [ -110.7401613, 39.182030800000099 ], [ -110.7376638, 39.1808923 ], [ -110.735026, 39.1796912 ], [ -110.7316315, 39.1781292000001 ], [ -110.7293614, 39.1770961 ], [ -110.726696, 39.1758652 ], [ -110.7236395, 39.1744762000001 ], [ -110.7206659, 39.173118400000099 ], [ -110.7187592, 39.1722483 ], [ -110.7164956, 39.171210200000097 ], [ -110.714166, 39.170125900000102 ], [ -110.7116578, 39.1696513 ], [ -110.7077235, 39.168866900000097 ], [ -110.7052132, 39.168362600000101 ], [ -110.7023203, 39.167782600000102 ], [ -110.699453, 39.1672042000001 ], [ -110.696862, 39.1666916 ], [ -110.6941306, 39.166136300000097 ], [ -110.6917819, 39.165660000000102 ], [ -110.6884044, 39.164986 ], [ -110.6860536, 39.1645245 ], [ -110.6823892, 39.1637846 ], [ -110.6792753, 39.1631682 ], [ -110.675919, 39.162484300000102 ], [ -110.6726648, 39.1618547 ], [ -110.6701078, 39.161329000000102 ], [ -110.6675487, 39.1608247 ], [ -110.6652701, 39.160355 ], [ -110.6623459, 39.159767800000097 ], [ -110.6597388, 39.1592487 ], [ -110.6569924, 39.1586941 ], [ -110.6542918, 39.1581493 ], [ -110.6516119, 39.1576092 ], [ -110.6488842, 39.157061100000099 ], [ -110.6461732, 39.1565194 ], [ -110.6436617, 39.156013200000103 ], [ -110.6409361, 39.1554731 ], [ -110.6379402, 39.154862100000102 ], [ -110.6351044, 39.1542995 ], [ -110.6325742, 39.1537916 ], [ -110.6294848, 39.1531645 ], [ -110.6268029, 39.152626 ], [ -110.6238299, 39.1520295 ], [ -110.6208028, 39.151426500000099 ], [ -110.6177425, 39.150807400000097 ], [ -110.6152289, 39.1502689000001 ], [ -110.6122164, 39.149932 ], [ -110.6092704, 39.1495885 ], [ -110.6060147, 39.149187100000098 ], [ -110.6033473, 39.148867800000097 ], [ -110.6006841, 39.148555100000102 ], [ -110.5980603, 39.1482245 ], [ -110.5947838, 39.1478231 ], [ -110.5932037, 39.1476231 ], [ -110.5903326, 39.1472813 ], [ -110.5869022, 39.146865300000101 ], [ -110.584372, 39.146562200000098 ], [ -110.5809291, 39.1461348 ], [ -110.5777139, 39.1457445 ], [ -110.5762213, 39.1455549 ], [ -110.5729342, 39.145169000000102 ], [ -110.5707227, 39.1448925 ], [ -110.5678411, 39.144549 ], [ -110.5647582, 39.1441721 ], [ -110.5627796, 39.1439334 ], [ -110.5598577, 39.1435855 ], [ -110.5573068, 39.1432754000001 ], [ -110.553712, 39.1428383 ], [ -110.5511669, 39.142526 ], [ -110.5479028, 39.142129 ], [ -110.5450356, 39.1417833 ], [ -110.5415299, 39.1413617 ], [ -110.5394967, 39.141103 ], [ -110.5365518, 39.1407528 ], [ -110.533978, 39.140431600000099 ], [ -110.5310532, 39.1400703 ], [ -110.5284477, 39.1397401 ], [ -110.5260233, 39.1394635 ], [ -110.5235127, 39.1391647 ], [ -110.5199697, 39.1387297 ], [ -110.517183, 39.138388400000103 ], [ -110.5141058, 39.138018100000103 ], [ -110.5123976, 39.137804000000102 ], [ -110.5087079, 39.137353400000102 ], [ -110.5045825, 39.136853400000099 ], [ -110.5011613, 39.136433800000098 ], [ -110.4977123, 39.1360203 ], [ -110.4951107, 39.1356994000001 ], [ -110.4931296, 39.1354495 ], [ -110.4907945, 39.135196500000099 ], [ -110.4884394, 39.134064000000102 ], [ -110.4858855, 39.132842100000097 ], [ -110.4841869, 39.132021300000098 ], [ -110.4824962, 39.1312251 ], [ -110.4802764, 39.1301729 ], [ -110.4777066, 39.128932400000103 ], [ -110.4759801, 39.1281362 ], [ -110.4732909, 39.126852400000097 ], [ -110.470928, 39.1257291000001 ], [ -110.4689906, 39.1248095 ], [ -110.4673676, 39.124041 ], [ -110.4652353, 39.1230349 ], [ -110.4624984, 39.1217604 ], [ -110.4606088, 39.120121600000097 ], [ -110.4587909, 39.1185969 ], [ -110.456766, 39.1168901 ], [ -110.4554533, 39.115816000000102 ], [ -110.4544866, 39.1142234000001 ], [ -110.453321, 39.112352900000097 ], [ -110.4522867, 39.1107077 ], [ -110.4510058, 39.1086489 ], [ -110.4497646, 39.1066671 ], [ -110.4488178, 39.105179200000102 ], [ -110.4477437, 39.103453600000101 ], [ -110.4463832, 39.1012772 ], [ -110.4453808, 39.099613300000101 ], [ -110.4439288, 39.0980542 ], [ -110.4430496, 39.0970756 ], [ -110.4415539, 39.0953868 ], [ -110.4403127, 39.0939975000001 ], [ -110.4390914, 39.0926112000001 ], [ -110.4371899, 39.090487 ], [ -110.4352685, 39.0883318 ], [ -110.4335102, 39.0863711000001 ], [ -110.4319551, 39.084560000000103 ], [ -110.4306828, 39.0831616 ], [ -110.4292392, 39.0814974 ], [ -110.4278073, 39.079914700000103 ], [ -110.4263404, 39.0782746000001 ], [ -110.4253287, 39.077196200000103 ], [ -110.4243871, 39.075344600000101 ], [ -110.4232665, 39.073205900000097 ], [ -110.4222276, 39.0712273 ], [ -110.421426, 39.0697168 ], [ -110.4205817, 39.068127800000099 ], [ -110.4197334, 39.066523700000097 ], [ -110.4184533, 39.0641068 ], [ -110.416963, 39.061327300000102 ], [ -110.4160136, 39.0594541 ], [ -110.4147062, 39.058487200000101 ], [ -110.412465, 39.056807300000102 ], [ -110.4105389, 39.0553177 ], [ -110.4083755, 39.053707200000098 ], [ -110.4063366, 39.0521722 ], [ -110.4045468, 39.0507974000001 ], [ -110.4025935, 39.049337900000097 ], [ -110.4008464, 39.048020300000097 ], [ -110.3989476, 39.0465668000001 ], [ -110.3970099, 39.0451133 ], [ -110.3950682, 39.0436476 ], [ -110.3929009, 39.042000600000101 ], [ -110.3908154, 39.040414 ], [ -110.3889399, 39.039005600000102 ], [ -110.3876325, 39.0380113000001 ], [ -110.3858932, 39.036711700000097 ], [ -110.3840528, 39.035261 ], [ -110.3815508, 39.0342545 ], [ -110.3787182, 39.033063700000099 ], [ -110.3766481, 39.0321962 ], [ -110.3729128, 39.030657700000098 ], [ -110.369761, 39.0293308 ], [ -110.3673447, 39.0283333 ], [ -110.3650945, 39.027377800000103 ], [ -110.3625486, 39.0263199 ], [ -110.3604764, 39.025446 ], [ -110.3581674, 39.024492700000103 ], [ -110.3566334, 39.0238905 ], [ -110.3549757, 39.0227197 ], [ -110.3531995, 39.0215405000001 ], [ -110.3511489, 39.0201773000001 ], [ -110.3485115, 39.0184001000001 ], [ -110.3458903, 39.0166354 ], [ -110.3436567, 39.015155 ], [ -110.3414768, 39.013691300000097 ], [ -110.3389687, 39.0120184 ], [ -110.3378115, 39.011219600000103 ], [ -110.3354971, 39.0096931 ], [ -110.3341784, 39.008789700000101 ], [ -110.3322515, 39.0075434 ], [ -110.3303246, 39.0063179 ], [ -110.328021, 39.0048331 ], [ -110.3252222, 39.003038800000098 ], [ -110.3234191, 39.001871800000103 ], [ -110.3213738, 39.0005584 ], [ -110.3193716, 38.999265900000097 ], [ -110.3172456, 38.997873 ], [ -110.3144414, 38.9961287 ], [ -110.3119871, 38.994463800000098 ], [ -110.3097911, 38.993049900000102 ], [ -110.3077027, 38.991690300000101 ], [ -110.3047478, 38.989812 ], [ -110.3028856, 38.9886489 ], [ -110.301034, 38.9874106 ], [ -110.2991395, 38.9861681 ], [ -110.2971049, 38.984825100000101 ], [ -110.2956948, 38.983942300000102 ], [ -110.2938971, 38.9827918 ], [ -110.2913997, 38.9811726 ], [ -110.289419, 38.9798797 ], [ -110.2872553, 38.978469700000097 ], [ -110.2857967, 38.9775534 ], [ -110.2837719, 38.9762341 ], [ -110.2817556, 38.9749285 ], [ -110.2794076, 38.9734797 ], [ -110.2779809, 38.971699300000097 ], [ -110.2765595, 38.9700989 ], [ -110.2754644, 38.9688341 ], [ -110.2743115, 38.9674957 ], [ -110.2730217, 38.965981200000101 ], [ -110.2715687, 38.9643643 ], [ -110.2699893, 38.962555000000101 ], [ -110.2683994, 38.9607047000001 ], [ -110.2667569, 38.958833900000101 ], [ -110.2655934, 38.957523900000098 ], [ -110.264093, 38.955788100000099 ], [ -110.2628664, 38.9544003 ], [ -110.2612133, 38.9524843 ], [ -110.2595918, 38.9506583 ], [ -110.2579756, 38.948713600000097 ], [ -110.2563804, 38.9469612 ], [ -110.2550906, 38.9454995 ], [ -110.253327, 38.943444 ], [ -110.2519582, 38.9418594 ], [ -110.2495049, 38.9408521 ], [ -110.2470622, 38.9398161 ], [ -110.2447774, 38.9397833 ], [ -110.2417713, 38.9397260000001 ], [ -110.2394022, 38.9396687 ], [ -110.2367384, 38.9396237 ], [ -110.2343483, 38.9395499 ], [ -110.2321214, 38.9395131 ], [ -110.2293838, 38.9394476 ], [ -110.2269568, 38.939386200000101 ], [ -110.2243825, 38.939328800000098 ], [ -110.2218976, 38.939271500000103 ], [ -110.2191127, 38.9392101 ], [ -110.2164646, 38.939144600000098 ], [ -110.2136533, 38.939079 ], [ -110.2109526, 38.9390258 ], [ -110.2080466, 38.938956200000099 ], [ -110.2054775, 38.9389111 ], [ -110.2032472, 38.9388468000001 ], [ -110.2011754, 38.93881 ], [ -110.1991, 38.9387675 ], [ -110.1959577, 38.9386826 ], [ -110.1928154, 38.938617400000098 ], [ -110.1907909, 38.9385665 ], [ -110.1882748, 38.938524 ], [ -110.1853983, 38.9384588 ], [ -110.1820011, 38.938379500000103 ], [ -110.1795507, 38.9383059 ], [ -110.1776063, 38.938280400000103 ], [ -110.1752177, 38.938229400000097 ], [ -110.1724832, 38.9381671 ], [ -110.1699562, 38.938107600000102 ], [ -110.1668977, 38.9380255 ], [ -110.1650116, 38.937991500000102 ], [ -110.162765, 38.937963200000098 ], [ -110.1607405, 38.937487400000101 ], [ -110.15825, 38.936946400000103 ], [ -110.1563966, 38.9365244 ], [ -110.1536221, 38.936317700000103 ], [ -110.1514119, 38.936133600000097 ], [ -110.1491653, 38.9359495 ], [ -110.1463179, 38.9357144 ], [ -110.1436453, 38.9354878 ], [ -110.1410601, 38.935283900000101 ], [ -110.1387079, 38.93508 ], [ -110.1367781, 38.934924200000097 ], [ -110.133461, 38.9346523 ], [ -110.131138, 38.9344597 ], [ -110.1272747, 38.9341283 ], [ -110.1261715, 38.934049000000101 ], [ -110.1223264, 38.9337346 ], [ -110.1195337, 38.9334939 ], [ -110.117065, 38.933281500000099 ], [ -110.114163, 38.9330492 ], [ -110.1114503, 38.9328198 ], [ -110.109637, 38.9326782 ], [ -110.1068916, 38.9324516 ], [ -110.1045783, 38.932264700000097 ], [ -110.1013825, 38.931992400000098 ], [ -110.0990178, 38.931798500000099 ], [ -110.0971542, 38.931641800000101 ], [ -110.095268, 38.9314713 ], [ -110.0933868, 38.9313185 ], [ -110.090332, 38.9310678 ], [ -110.0884558, 38.9308973 ], [ -110.0865444, 38.930736700000097 ], [ -110.0837742, 38.9305055 ], [ -110.0818276, 38.9303488 ], [ -110.0793571, 38.930137200000097 ], [ -110.0761764, 38.929876700000101 ], [ -110.0741189, 38.9297082000001 ], [ -110.0715477, 38.9294966 ], [ -110.0695557, 38.929330100000101 ], [ -110.0662441, 38.929049900000102 ], [ -110.0625623, 38.9287463000001 ], [ -110.0610311, 38.9286131 ], [ -110.0574651, 38.9283212 ], [ -110.0549544, 38.9281096 ], [ -110.052504, 38.927900000000101 ], [ -110.0497565, 38.9276786 ], [ -110.0476889, 38.9274905 ], [ -110.0462711, 38.927376900000098 ], [ -110.0445209, 38.9272613 ], [ -110.0429771, 38.926015300000103 ], [ -110.0410027, 38.9245478 ], [ -110.0388622, 38.9229119 ], [ -110.036709, 38.92127 ], [ -110.0350041, 38.919969 ], [ -110.0332387, 38.9186112 ], [ -110.0314003, 38.917233800000098 ], [ -110.0286049, 38.915047000000101 ], [ -110.0264492, 38.9134246 ], [ -110.0243892, 38.911855 ], [ -110.0219616, 38.9099816 ], [ -110.0199444, 38.9084374 ], [ -110.0174622, 38.9065325 ], [ -110.0150384, 38.9046962 ], [ -110.0131072, 38.903201 ], [ -110.011043, 38.901644400000102 ], [ -110.0090823, 38.90013 ], [ -110.0068211, 38.898400900000098 ], [ -110.0049441, 38.8969746000001 ], [ -110.0029833, 38.895467800000098 ], [ -110.0011359, 38.8940682 ], [ -109.9996892, 38.892974400000099 ], [ -109.9975085, 38.891298800000101 ], [ -109.9961987, 38.8902576 ], [ -109.994436, 38.888923600000098 ], [ -109.9922275, 38.8872533 ], [ -109.9908132, 38.886201200000102 ], [ -109.989148, 38.8849051 ], [ -109.9869952, 38.8832455 ], [ -109.9851559, 38.8818083 ], [ -109.9830379, 38.8802464 ], [ -109.9812961, 38.8788904 ], [ -109.9794081, 38.8774694 ], [ -109.9771856, 38.8757609 ], [ -109.9756876, 38.874643600000098 ], [ -109.9742594, 38.8735696 ], [ -109.9724201, 38.872105100000098 ], [ -109.9705459, 38.8706243 ], [ -109.9689087, 38.869387500000101 ], [ -109.9675292, 38.868318900000098 ], [ -109.9661915, 38.867282800000098 ], [ -109.9648747, 38.866230400000099 ], [ -109.9640596, 38.8655795 ], [ -109.9610637, 38.8630244 ], [ -109.9594056, 38.8616519 ], [ -109.9576081, 38.8601166 ], [ -109.956138, 38.8588688 ], [ -109.9545704, 38.8574799 ], [ -109.9525082, 38.855776300000102 ], [ -109.9506988, 38.8542159 ], [ -109.9491485, 38.8529025 ], [ -109.947346, 38.8513449000001 ], [ -109.9458264, 38.850034 ], [ -109.9440137, 38.8484524 ], [ -109.9417206, 38.847144200000102 ], [ -109.9396932, 38.845939400000098 ], [ -109.9377783, 38.8448036 ], [ -109.935785, 38.84362 ], [ -109.9340984, 38.842614200000099 ], [ -109.9321051, 38.841441200000098 ], [ -109.929921, 38.840135400000101 ], [ -109.9277574, 38.838827 ], [ -109.9255699, 38.837534500000103 ], [ -109.9233211, 38.836173 ], [ -109.9211676, 38.834883100000098 ], [ -109.9191198, 38.8336462 ], [ -109.9168335, 38.8323165 ], [ -109.9146324, 38.8310132 ], [ -109.9124279, 38.8296622 ], [ -109.9100836, 38.8282978 ], [ -109.9079473, 38.8270502 ], [ -109.9056746, 38.8256965 ], [ -109.9033406, 38.824271000000103 ], [ -109.9011088, 38.8229331000001 ], [ -109.8989008, 38.821627 ], [ -109.8967065, 38.820310300000102 ], [ -109.8948223, 38.819176700000099 ], [ -109.8924235, 38.8177564000001 ], [ -109.8899566, 38.8162857 ], [ -109.8871831, 38.814634300000101 ], [ -109.8848934, 38.8132803 ], [ -109.8824503, 38.8118068 ], [ -109.8801606, 38.8104607000001 ], [ -109.8779833, 38.809138500000103 ], [ -109.8757345, 38.807802900000098 ], [ -109.8734346, 38.8064541 ], [ -109.8709438, 38.804948600000102 ], [ -109.8682486, 38.8033501 ], [ -109.8673076, 38.802780400000103 ], [ -109.8646014, 38.8011441 ], [ -109.863115, 38.800287 ], [ -109.8614619, 38.7992948 ], [ -109.8593623, 38.7980533 ], [ -109.857136, 38.796713000000103 ], [ -109.8551364, 38.7955753 ], [ -109.85317, 38.7943493000001 ], [ -109.851197, 38.7931596 ], [ -109.849284, 38.7920322 ], [ -109.8472377, 38.790816500000098 ], [ -109.8449515, 38.7894553 ], [ -109.8428452, 38.7882292 ], [ -109.8409788, 38.787091400000101 ], [ -109.8384526, 38.7855846 ], [ -109.8365329, 38.784410400000098 ], [ -109.8344866, 38.7831841 ], [ -109.832367, 38.781895500000097 ], [ -109.8302807, 38.780690100000101 ], [ -109.828221, 38.7794430000001 ], [ -109.8258681, 38.778019200000102 ], [ -109.8235085, 38.7766162 ], [ -109.8213555, 38.775337900000103 ], [ -109.8193026, 38.7740803 ], [ -109.8174362, 38.772952700000097 ], [ -109.8157965, 38.7720017 ], [ -109.8138702, 38.7708636 ], [ -109.8116839, 38.769548800000102 ], [ -109.8096042, 38.7683119000001 ], [ -109.8072313, 38.766882700000103 ], [ -109.8048451, 38.7654535 ], [ -109.8028921, 38.7643101 ], [ -109.8008658, 38.7630835000001 ], [ -109.7991127, 38.762054400000103 ], [ -109.7966398, 38.760547200000097 ], [ -109.7943002, 38.7591594 ], [ -109.7922006, 38.7579275000001 ], [ -109.789881, 38.756539700000097 ], [ -109.7879947, 38.7554118 ], [ -109.7859483, 38.7542006 ], [ -109.7838354, 38.7529127 ], [ -109.7824239, 38.752053400000101 ], [ -109.7801551, 38.7507391 ], [ -109.7781764, 38.7495798 ], [ -109.7762987, 38.7484307 ], [ -109.7760933, 38.7462951 ], [ -109.7758423, 38.7441619 ], [ -109.775575, 38.7420313000001 ], [ -109.7752849, 38.7398853 ], [ -109.7731106, 38.738588600000099 ], [ -109.7713796, 38.7375664 ], [ -109.7697888, 38.7365773000001 ], [ -109.7674972, 38.7367603000001 ], [ -109.7651305, 38.736958700000102 ], [ -109.7627932, 38.737149400000099 ], [ -109.7604918, 38.7373477 ], [ -109.758148, 38.7375435000001 ], [ -109.7561855, 38.736358600000102 ], [ -109.7541482, 38.735140600000101 ], [ -109.7520488, 38.7338921 ], [ -109.7501907, 38.7327732 ], [ -109.7483098, 38.7316441 ], [ -109.7466408, 38.7306422 ], [ -109.7437689, 38.7289257 ], [ -109.7416565, 38.727661800000099 ], [ -109.7394105, 38.7263215 ], [ -109.7369949, 38.7248643 ], [ -109.7343903, 38.723307900000101 ], [ -109.7322225, 38.7219981000001 ], [ -109.7302373, 38.720818000000101 ], [ -109.7276555, 38.7192869 ], [ -109.7259278, 38.7182441 ], [ -109.7245033, 38.7174073 ], [ -109.7232613, 38.7167002 ], [ -109.7218498, 38.715512400000101 ], [ -109.7197739, 38.7138142 ], [ -109.7179702, 38.7123893 ], [ -109.7164686, 38.711157800000102 ], [ -109.7146875, 38.7085856 ], [ -109.713488, 38.7068227 ], [ -109.7125005, 38.705320200000102 ], [ -109.7114454, 38.7038141 ], [ -109.7103541, 38.7022306 ], [ -109.7093801, 38.7007913 ], [ -109.7085685, 38.699622900000101 ], [ -109.7077658, 38.697514900000101 ], [ -109.7065935, 38.6947945000001 ], [ -109.7057863, 38.6929785 ], [ -109.7046319, 38.6899481 ], [ -109.7038022, 38.6879525 ], [ -109.7031529, 38.686484700000101 ], [ -109.7026253, 38.6852141 ], [ -109.7020301, 38.6838977 ], [ -109.7010967, 38.6825988000001 ], [ -109.6997214, 38.680926800000101 ], [ -109.6981928, 38.679064600000103 ], [ -109.696583, 38.6770898 ], [ -109.6952618, 38.675551400000103 ], [ -109.6939857, 38.674055300000099 ], [ -109.6929982, 38.67289 ], [ -109.6916905, 38.6713797 ], [ -109.6905767, 38.6701123 ], [ -109.6889173, 38.6681936 ], [ -109.687267, 38.666302900000098 ], [ -109.6857178, 38.6644579 ], [ -109.6841918, 38.6626636 ], [ -109.6827628, 38.6610484 ], [ -109.6816601, 38.6591783000001 ], [ -109.6805178, 38.657328800000101 ], [ -109.6793358, 38.655424100000097 ], [ -109.6782155, 38.653560700000099 ], [ -109.6770247, 38.651683600000098 ], [ -109.6757721, 38.649651300000102 ], [ -109.6748017, 38.6480943 ], [ -109.6735844, 38.646127400000097 ], [ -109.6724377, 38.644239700000099 ], [ -109.6713615, 38.6425035 ], [ -109.6702148, 38.6405847 ], [ -109.6688299, 38.6394168 ], [ -109.6670701, 38.6378941 ], [ -109.6657557, 38.636709 ], [ -109.66419, 38.635361900000099 ], [ -109.6634799, 38.6344041 ], [ -109.6623684, 38.6336393 ], [ -109.6604454, 38.6322921 ], [ -109.6585974, 38.630979400000101 ], [ -109.655982, 38.629132700000099 ], [ -109.6537635, 38.627561500000098 ], [ -109.6518978, 38.6262349 ], [ -109.6500542, 38.624925500000103 ], [ -109.6483032, 38.6236989000001 ], [ -109.6467507, 38.6225927 ], [ -109.6446116, 38.6210352 ], [ -109.6421152, 38.619949700000099 ], [ -109.6398614, 38.6189332000001 ], [ -109.6372063, 38.617754600000097 ], [ -109.6350804, 38.6168276000001 ], [ -109.633003, 38.6158834 ], [ -109.6312785, 38.615077 ], [ -109.629898, 38.614456700000098 ], [ -109.6284999, 38.6138294 ], [ -109.6263431, 38.61283 ], [ -109.622969, 38.6117203 ], [ -109.6200801, 38.6107312 ], [ -109.6190834, 38.6103831 ], [ -109.6167149, 38.6095766 ], [ -109.6156034, 38.6092285 ], [ -109.6142803, 38.6085806 ], [ -109.6127983, 38.6079292 ], [ -109.6115634, 38.6074294000001 ], [ -109.6096668, 38.6066298000001 ], [ -109.6079688, 38.6059681 ], [ -109.6060767, 38.6049616 ], [ -109.6049079, 38.604344700000098 ], [ -109.6031347, 38.6034367 ], [ -109.6026386, 38.6015756 ], [ -109.602269436, 38.600186548000103 ], [ -109.6002227, 38.5978366000001 ], [ -109.5983289, 38.5960362000001 ], [ -109.596366, 38.5942323 ], [ -109.5956326, 38.5930016 ], [ -109.5948388, 38.5917877 ], [ -109.5940458, 38.5905966 ], [ -109.5932313, 38.5893973 ], [ -109.5924565, 38.5881860000001 ], [ -109.591677042, 38.587001760000099 ], [ -109.590065901, 38.584593619 ], [ -109.5889453, 38.582685 ], [ -109.5877709, 38.5816453 ], [ -109.5863921, 38.5803790000001 ], [ -109.5840097, 38.5781183 ], [ -109.5828875, 38.577100200000103 ], [ -109.5762482, 38.5747225 ], [ -109.5722166, 38.573287100000101 ], [ -109.5686576, 38.5714978 ], [ -109.5676891, 38.5707929000001 ], [ -109.5650769, 38.569089500000103 ], [ -109.5624324, 38.5673305 ], [ -109.5605472, 38.5661044 ], [ -109.5584657, 38.5645679 ], [ -109.556533, 38.5630669 ], [ -109.5551999, 38.562054900000099 ], [ -109.5538432, 38.5610142 ], [ -109.5517293, 38.559428700000097 ], [ -109.5500468, 38.55813 ], [ -109.5477274, 38.556372300000099 ], [ -109.5461878, 38.555203300000102 ], [ -109.5448033, 38.554146300000099 ], [ -109.5429534, 38.553523300000101 ], [ -109.5412855, 38.5529236 ], [ -109.5381705, 38.5517943 ], [ -109.536604, 38.551222600000102 ], [ -109.5333876, 38.5501119 ], [ -109.53166, 38.5490478 ], [ -109.5298399, 38.547979 ], [ -109.5272828, 38.546499600000097 ], [ -109.5255195, 38.5454728 ], [ -109.523956, 38.544537 ], [ -109.5224373, 38.5436362 ], [ -109.5205695, 38.542579 ], [ -109.5193252, 38.541836900000099 ], [ -109.5180094, 38.5405183 ], [ -109.5163475, 38.53874 ], [ -109.5143543, 38.5367118 ], [ -109.5127312, 38.5350617 ], [ -109.5112542, 38.533579700000097 ], [ -109.5079864, 38.530165800000098 ], [ -109.5062508, 38.528399700000101 ], [ -109.5049693, 38.5270645 ], [ -109.5035495, 38.5254937 ], [ -109.5022613, 38.5242057 ], [ -109.5002002, 38.522211400000103 ], [ -109.4984812, 38.5205 ], [ -109.4965971, 38.5185415 ], [ -109.4956107, 38.5175646000001 ], [ -109.4935367, 38.515791700000101 ], [ -109.4920859, 38.5140899 ], [ -109.4906661, 38.5127222 ], [ -109.4887469, 38.510761800000097 ], [ -109.4871187, 38.5092165 ], [ -109.485324, 38.5074203 ], [ -109.4838282, 38.505928100000098 ], [ -109.482321, 38.504440400000099 ], [ -109.480691, 38.5027962 ], [ -109.4791296, 38.5012548 ], [ -109.4774397, 38.4996083 ], [ -109.4755328, 38.4976915 ], [ -109.47388, 38.496038300000102 ], [ -109.4720959, 38.494306800000103 ], [ -109.4705116, 38.492716 ], [ -109.4689102, 38.4911163 ], [ -109.4671432, 38.489355600000103 ], [ -109.465381, 38.4876212 ], [ -109.4635249, 38.4857684 ], [ -109.4619632, 38.4842075 ], [ -109.4601981, 38.482473400000103 ], [ -109.4582969, 38.4805894 ], [ -109.4565713, 38.4788569 ], [ -109.455669, 38.4779465 ], [ -109.4540836, 38.476379200000103 ], [ -109.4524252, 38.4744704 ], [ -109.4512564, 38.4731132000001 ], [ -109.4500461, 38.4717221000001 ], [ -109.4488181, 38.4703016 ], [ -109.4475743, 38.4688733 ], [ -109.4460521, 38.467104800000101 ], [ -109.4447924, 38.4656378 ], [ -109.4431616, 38.463787400000101 ], [ -109.4415644, 38.461927700000103 ], [ -109.4400935, 38.4602271 ], [ -109.4386286, 38.458554300000102 ], [ -109.4373354, 38.4570454 ], [ -109.4360718, 38.4555875 ], [ -109.4341212, 38.453419800000098 ], [ -109.4328754, 38.451934000000101 ], [ -109.4315802, 38.4503461 ], [ -109.4301339, 38.448760300000103 ], [ -109.4289572, 38.447350100000101 ], [ -109.4279227, 38.4461131 ], [ -109.426434, 38.4444493 ], [ -109.4249138, 38.442658600000101 ], [ -109.4237687, 38.441344200000103 ], [ -109.422663, 38.4389473 ], [ -109.4217904, 38.4370668 ], [ -109.4208901, 38.4350563 ], [ -109.4203847, 38.433862400000102 ], [ -109.4197094, 38.4322509 ], [ -109.4171212, 38.4309067 ], [ -109.413311, 38.4288079 ], [ -109.4112892, 38.4283068 ], [ -109.4097526, 38.427912300000102 ], [ -109.4063524, 38.4270253 ], [ -109.4033822, 38.4262737 ], [ -109.4018494, 38.4256142 ], [ -109.4004451, 38.4250210000001 ], [ -109.3976661, 38.4239123 ], [ -109.3957693, 38.422023 ], [ -109.3945857, 38.420894100000098 ], [ -109.3939939, 38.4181091 ], [ -109.393516, 38.416182300000102 ], [ -109.3930932, 38.4142468000001 ], [ -109.392461, 38.4114471 ], [ -109.3921375, 38.410151 ], [ -109.3902995, 38.4067866 ], [ -109.3896342, 38.405559400000101 ], [ -109.3884946, 38.403511300000098 ], [ -109.3875426, 38.401725300000102 ], [ -109.3863699, 38.399599200000097 ], [ -109.3855281, 38.3980666 ], [ -109.3842673, 38.3957993000001 ], [ -109.3834439, 38.394183100000099 ], [ -109.3825433, 38.392546600000102 ], [ -109.381628, 38.3909822 ], [ -109.3807825, 38.389414800000097 ], [ -109.3799554, 38.387922300000099 ], [ -109.3789261, 38.3861474 ], [ -109.3778785, 38.3843551 ], [ -109.3768566, 38.3826291 ], [ -109.3760038, 38.3813180000001 ], [ -109.3739452, 38.3777102 ], [ -109.3733644, 38.376733300000097 ], [ -109.3714125, 38.3734682 ], [ -109.3702325, 38.3714278 ], [ -109.3692216, 38.3696007 ], [ -109.3685379, 38.3682576 ], [ -109.3676079, 38.3667042000001 ], [ -109.3664537, 38.3648019 ], [ -109.3656045, 38.3633637 ], [ -109.3636158, 38.360138300000102 ], [ -109.3616529, 38.356737000000102 ], [ -109.3605538, 38.3548057 ], [ -109.3595098, 38.3530358 ], [ -109.3585173, 38.3512398 ], [ -109.3574696, 38.3495073 ], [ -109.3563264, 38.348184000000103 ], [ -109.3545362, 38.345941100000097 ], [ -109.3530328, 38.344165200000099 ], [ -109.3517499, 38.342593900000097 ], [ -109.3497134, 38.3401605 ], [ -109.3482209, 38.3383556 ], [ -109.3465851, 38.3363834 ], [ -109.3451295, 38.3346592 ], [ -109.3436995, 38.3329551 ], [ -109.3422549, 38.3312105 ], [ -109.3405713, 38.3291459000001 ], [ -109.3389281, 38.3272052 ], [ -109.3375019, 38.325477800000101 ], [ -109.3361749, 38.3238571 ], [ -109.3345942, 38.3219393 ], [ -109.3336274, 38.3207886000001 ], [ -109.3299588, 38.3163616 ], [ -109.32922, 38.315476100000097 ], [ -109.3275401, 38.3134226 ], [ -109.3261469, 38.311767 ], [ -109.3247794, 38.3100912 ], [ -109.3233237, 38.3084009 ], [ -109.3220923, 38.306892300000101 ], [ -109.3203903, 38.3047693 ], [ -109.3188611, 38.3028942 ], [ -109.3175966, 38.301420200000102 ], [ -109.3165747, 38.3002143 ], [ -109.3158211, 38.298832500000103 ], [ -109.3142295, 38.296100500000101 ], [ -109.312976, 38.293913700000097 ], [ -109.3119798, 38.292133600000099 ], [ -109.3106528, 38.289785100000103 ], [ -109.3100058, 38.2886512 ], [ -109.3081605, 38.285402300000101 ], [ -109.3073444, 38.284 ], [ -109.3064585, 38.2824447 ], [ -109.3050322, 38.279977600000102 ], [ -109.3035876, 38.2774555 ], [ -109.3028928, 38.2761483 ], [ -109.3017128, 38.274099400000097 ], [ -109.3007571, 38.2723996 ], [ -109.2999484, 38.2708441 ], [ -109.2997095, 38.2688383 ], [ -109.2995734, 38.267170200000102 ], [ -109.2994779, 38.265224900000099 ], [ -109.2992904, 38.2633633 ], [ -109.2991728, 38.261614200000103 ], [ -109.2990662, 38.2600498 ], [ -109.2989816, 38.2588808 ], [ -109.2988199, 38.2563811 ], [ -109.298603, 38.2538323 ], [ -109.2984523, 38.251814500000101 ], [ -109.2982869, 38.2496581 ], [ -109.2981214, 38.247230300000098 ], [ -109.2977869, 38.243806300000102 ], [ -109.297662, 38.241984600000102 ], [ -109.2974487, 38.2395969 ], [ -109.2973017, 38.237783700000101 ], [ -109.2972061, 38.235875200000102 ], [ -109.2970334, 38.233998400000097 ], [ -109.2968606, 38.231905 ], [ -109.2966989, 38.229323500000099 ], [ -109.2965298, 38.2273137 ], [ -109.2964232, 38.225185500000102 ], [ -109.2961475, 38.2222659 ], [ -109.2960151, 38.2204609 ], [ -109.2957688, 38.217255200000103 ], [ -109.2955703, 38.215554100000098 ], [ -109.2959416, 38.2139425 ], [ -109.296482, 38.2117272 ], [ -109.2968643, 38.209991300000098 ], [ -109.2971977, 38.20829 ], [ -109.2977529, 38.205596 ], [ -109.2981735, 38.2036923 ], [ -109.2985537, 38.201963200000101 ], [ -109.3015852, 38.186893300000101 ], [ -109.3021033, 38.1845554000001 ], [ -109.3026921, 38.1816833 ], [ -109.3059794, 38.165823600000103 ], [ -109.3063495, 38.1641332 ], [ -109.3067229, 38.1622311 ], [ -109.3072829, 38.159682900000099 ], [ -109.3077506, 38.157696100000102 ], [ -109.3081877, 38.1553438 ], [ -109.3086715, 38.1529837000001 ], [ -109.3090829, 38.1511824 ], [ -109.3096193, 38.1484624 ], [ -109.3100274, 38.1463945 ], [ -109.3104058, 38.1447795 ], [ -109.3108139, 38.1428875 ], [ -109.3112154, 38.140990300000098 ], [ -109.3116992, 38.1386659 ], [ -109.3121895, 38.136807400000102 ], [ -109.3126832, 38.134956600000102 ], [ -109.3133513, 38.132575100000103 ], [ -109.3139831, 38.1302686000001 ], [ -109.314615, 38.127933600000098 ], [ -109.3155496, 38.1245629000001 ], [ -109.3161387, 38.1224658000001 ], [ -109.3167015, 38.1204982 ], [ -109.3172609, 38.118432100000099 ], [ -109.3176328, 38.1169692 ], [ -109.3183766, 38.1141676 ], [ -109.3187188, 38.1128626 ], [ -109.3193441, 38.1106539 ], [ -109.3201274, 38.1078935 ], [ -109.3206375, 38.1061016 ], [ -109.3212367, 38.103845200000102 ], [ -109.3218805, 38.101601000000102 ], [ -109.322431, 38.0996378 ], [ -109.3230233, 38.097461800000097 ], [ -109.3235769, 38.0953669 ], [ -109.3241628, 38.0932794 ], [ -109.3247454, 38.0911539 ], [ -109.3253731, 38.0887496 ], [ -109.326062, 38.0861882 ], [ -109.3267733, 38.0836343 ], [ -109.3274075, 38.081348900000101 ], [ -109.3280191, 38.078972200000102 ], [ -109.3285921, 38.0770616 ], [ -109.3291393, 38.075029400000098 ], [ -109.329812, 38.072619600000102 ], [ -109.3303078, 38.0706886 ], [ -109.3308743, 38.0686739000001 ], [ -109.33137, 38.066945600000103 ], [ -109.3319366, 38.064915600000099 ], [ -109.3325192, 38.062665100000103 ], [ -109.3330761, 38.060766800000103 ], [ -109.33306, 38.058767100000097 ], [ -109.33306, 38.0564631 ], [ -109.3330469, 38.0540144 ], [ -109.3330532, 38.051748400000101 ], [ -109.3330437, 38.0494227 ], [ -109.3330185, 38.0471689 ], [ -109.3330437, 38.045892 ], [ -109.3330626, 38.0443373 ], [ -109.3307296, 38.042368500000102 ], [ -109.3295741, 38.0413791 ], [ -109.3286736, 38.0406278 ], [ -109.3272284, 38.0393805 ], [ -109.3255093, 38.0378777 ], [ -109.3228552, 38.035618800000101 ], [ -109.3206377, 38.033679300000102 ], [ -109.3192918, 38.0325293000001 ], [ -109.3172421, 38.0307883 ], [ -109.3158284, 38.029583 ], [ -109.3135835, 38.0275989 ], [ -109.3122769, 38.0265126 ], [ -109.3122989, 38.0243548 ], [ -109.3122737, 38.0210957 ], [ -109.3122863, 38.0186947 ], [ -109.3123115, 38.0168591 ], [ -109.3123052, 38.014730800000102 ], [ -109.3122737, 38.012478400000099 ], [ -109.3122895, 38.0101838 ], [ -109.3122832, 38.0080925 ], [ -109.31228, 38.005877100000099 ], [ -109.3122737, 38.0036964 ], [ -109.3122485, 38.001461 ], [ -109.3122296, 37.9998756 ], [ -109.3122359, 37.9975856 ], [ -109.3122202, 37.9955113 ], [ -109.312217, 37.992672700000099 ], [ -109.3122045, 37.9904048000001 ], [ -109.3122202, 37.9880151 ], [ -109.3122202, 37.985682500000102 ], [ -109.3122139, 37.983692500000103 ], [ -109.3122008, 37.9814714 ], [ -109.3122095, 37.9794014 ], [ -109.3122074, 37.977070400000102 ], [ -109.3121725, 37.9746071000001 ], [ -109.3121573, 37.9719532 ], [ -109.3121725, 37.9694623 ], [ -109.3121529, 37.967246 ], [ -109.3121486, 37.965199600000098 ], [ -109.3121486, 37.9627582 ], [ -109.3121507, 37.9605469 ], [ -109.312142, 37.958361200000098 ], [ -109.3121311, 37.9555711 ], [ -109.3121202, 37.953383600000102 ], [ -109.3121137, 37.950364900000103 ], [ -109.3121094, 37.947704900000097 ], [ -109.3120571, 37.9452115 ], [ -109.3120832, 37.942932600000098 ], [ -109.3120789, 37.940299900000099 ], [ -109.3120854, 37.9378423 ], [ -109.3120675, 37.935479100000101 ], [ -109.3120376, 37.9332045 ], [ -109.3120547, 37.9307517 ], [ -109.3120376, 37.928359300000103 ], [ -109.3120376, 37.926148300000101 ], [ -109.3120206, 37.923970800000099 ], [ -109.3120376, 37.921437 ], [ -109.3120206, 37.9190544 ], [ -109.3120334, 37.916614600000102 ], [ -109.3120419, 37.9139965 ], [ -109.3119993, 37.911791800000103 ], [ -109.3120121, 37.910477700000101 ], [ -109.3120078, 37.9074661000001 ], [ -109.3120036, 37.905425900000097 ], [ -109.3120036, 37.9029587 ], [ -109.3119865, 37.9007638 ], [ -109.311989, 37.8978699 ], [ -109.3119844, 37.8955036 ], [ -109.311961, 37.892787300000101 ], [ -109.3119687, 37.891023200000099 ], [ -109.3119704, 37.888649 ], [ -109.3119632, 37.886600400000098 ], [ -109.3119294, 37.883710200000102 ], [ -109.311915, 37.8819242000001 ], [ -109.3119246, 37.880168700000098 ], [ -109.311903, 37.8784189 ], [ -109.3118721, 37.876046400000099 ], [ -109.3118553, 37.874149 ], [ -109.3118384, 37.8725124 ], [ -109.311883964, 37.870584778000101 ], [ -109.3118957, 37.8699018 ], [ -109.3144039, 37.869899100000097 ], [ -109.3155063, 37.8699097 ], [ -109.3163412, 37.8698939000001 ], [ -109.3163113, 37.869461500000099 ], [ -109.317610776, 37.868605904 ] ] ] } },
{ "type": "Feature", "properties": { "objectid": "68496", "id": "200197", "type": "AC; OVERHEAD", "status": "NOT AVAILABLE", "naics_code": "221121", "naics_desc": "ELECTRIC BULK POWER TRANSMISSION AND CONTROL", "source": "Regional Map", "sourcedate": "2014-06-29T20:00:00-06:00", "val_method": "IMAGERY/OTHER", "val_date": "2014-06-29T20:00:00-06:00", "owner": "TRI-STATE G & T ASSN, INC", "voltage": 345.0, "volt_class": "345", "inferred": "N", "sub_1": "RIFLE UTE", "sub_2": "GRAND JUNCTION", "shape_lengt": 117726.423499739, "globalid": "085035b7-ac51-4bfc-853e-2428bf09f768", "NERC": "WECC", "NERC_Label": "Western Electricity Coordinating Council (WECC)" }, "geometry": { "type": "MultiLineString", "coordinates": [ [ [ -107.741773096, 39.520390381 ], [ -107.742404677, 39.520356011 ], [ -107.743791732, 39.520081659 ], [ -107.745309193, 39.517685603000103 ], [ -107.747739502, 39.513890154000102 ], [ -107.748166288, 39.513131039 ], [ -107.760448242, 39.5099938870001 ], [ -107.785687892, 39.503417298000102 ], [ -107.786351781, 39.5002980020001 ], [ -107.788639828, 39.489923738000101 ], [ -107.78978978, 39.48453473 ], [ -107.789991317, 39.477205375 ], [ -107.790192855, 39.471138172 ], [ -107.815408795, 39.46503383 ], [ -107.830488567, 39.461418562000098 ], [ -107.844359113, 39.458031939000101 ], [ -107.860007933, 39.454233232 ], [ -107.868828178, 39.452063758000101 ], [ -107.87932, 39.448585134 ], [ -107.888080969, 39.445637323 ], [ -107.916497804, 39.445646477 ], [ -107.920492995, 39.445628167 ], [ -107.937196926, 39.446305626 ], [ -107.955845103, 39.447120399 ], [ -107.971636185, 39.447724606000101 ], [ -107.976745762, 39.441581588000098 ], [ -107.983455787, 39.433670855000102 ], [ -107.996366063, 39.4336159160001 ], [ -108.000942158, 39.422792128 ], [ -108.026798277, 39.422325075000103 ], [ -108.048019026, 39.421912966 ], [ -108.060727765, 39.421665699000101 ], [ -108.066513087, 39.417581094000099 ], [ -108.07602093, 39.411664402 ], [ -108.080964534, 39.408568472000098 ], [ -108.083797919, 39.400855527 ], [ -108.088409579, 39.388203353 ], [ -108.099233347, 39.381945129 ], [ -108.105243917, 39.378408023000098 ], [ -108.10332338, 39.366759963 ], [ -108.10121316, 39.354752454 ], [ -108.100430719, 39.352002352 ], [ -108.103074421, 39.350003877000098 ], [ -108.1169094, 39.339928124 ], [ -108.129855243, 39.330501994 ], [ -108.141129507, 39.322285186 ], [ -108.14916731, 39.316387930000097 ], [ -108.159018953, 39.3091968250001 ], [ -108.162433242, 39.296023445000102 ], [ -108.16545631, 39.284490117000097 ], [ -108.180927302, 39.263730845000097 ], [ -108.191834056, 39.249162645000098 ], [ -108.198046163, 39.239724288 ], [ -108.202586692, 39.2326446860001 ], [ -108.205289671, 39.228411276 ], [ -108.214548556, 39.22035699 ], [ -108.220879215, 39.214745077 ], [ -108.228288695, 39.203088131000101 ], [ -108.234654919, 39.192926915 ], [ -108.24004902, 39.184500994000103 ], [ -108.252271697, 39.1757340240001 ], [ -108.26384234, 39.167342809 ], [ -108.265561339, 39.154308245 ], [ -108.267387035, 39.139303557 ], [ -108.268347303, 39.132075894 ], [ -108.269912185, 39.119687829 ], [ -108.272769281, 39.097646957 ], [ -108.273895522, 39.089108407 ], [ -108.293563244, 39.0840013440001 ], [ -108.305928183, 39.0808264980001 ], [ -108.312531511, 39.073362745 ], [ -108.323094464, 39.061479853 ], [ -108.324766043, 39.059620380000098 ], [ -108.35577916, 39.059740051 ], [ -108.385357801, 39.059868927 ], [ -108.401563814, 39.0530474 ], [ -108.413478257, 39.048011384000098 ], [ -108.413608664, 39.047422136000101 ], [ -108.414607626, 39.046989006 ] ] ] } },
{ "type": "Feature", "properties": { "objectid": "68425", "id": "200124", "type": "AC; OVERHEAD", "status": "NOT AVAILABLE", "naics_code": "221121", "naics_desc": "ELECTRIC BULK POWER TRANSMISSION AND CONTROL", "source": "http://gis.bpa.gov/ArcGIS/rest/services/BPAPublic/Transmission_Assets/MapServer", "sourcedate": "2014-06-11T20:00:00-06:00", "val_method": "IMAGERY/OTHER", "val_date": "2014-06-11T20:00:00-06:00", "owner": "BONNEVILLE POWER ADMINISTRATION", "voltage": 345.0, "volt_class": "345", "inferred": "N", "sub_1": "MCNARY", "sub_2": "ROSS", "shape_lengt": 402734.77298275998, "globalid": "16bd8f0b-34aa-4ff9-91ab-24f2c3750848", "NERC": "WECC", "NERC_Label": "Western Electricity Coordinating Council (WECC)" }, "geometry": { "type": "MultiLineString", "coordinates": [ [ [ -119.313612667, 45.924189787 ], [ -119.315748703, 45.923804451000102 ], [ -119.315639047, 45.923511549000096 ], [ -119.315408342, 45.922881768 ], [ -119.314900834, 45.921427873 ], [ -119.317231132, 45.921087502 ], [ -119.318925633, 45.920885989000098 ], [ -119.320262943, 45.922924865 ], [ -119.321337492, 45.925289629000098 ], [ -119.323332592, 45.929682306000103 ], [ -119.325934566, 45.935405836 ], [ -119.327336012, 45.938488867 ], [ -119.32802233, 45.9401903 ], [ -119.331619366, 45.939993232000099 ], [ -119.335401929, 45.940208286 ], [ -119.339652028, 45.940441041 ], [ -119.344021575, 45.940680481000101 ], [ -119.34833195, 45.940916499 ], [ -119.352249605, 45.941130845 ], [ -119.356168275, 45.941345039000097 ], [ -119.360478738, 45.941580257000098 ], [ -119.364984648, 45.941826413000101 ], [ -119.369295201, 45.942061647000102 ], [ -119.373605772, 45.942296373 ], [ -119.377916396, 45.942531282000097 ], [ -119.38203165, 45.942755305 ], [ -119.385949564, 45.942968505000103 ], [ -119.390121229, 45.943195199000101 ], [ -119.394467104, 45.943166023000103 ], [ -119.398987113, 45.9431357980001 ], [ -119.403310254, 45.94310676 ], [ -119.407829256, 45.9430758660001 ], [ -119.412152388, 45.943046495 ], [ -119.416672363, 45.943015235000097 ], [ -119.420996471, 45.94298551 ], [ -119.425515453, 45.9429539220001 ], [ -119.429838568, 45.942923888 ], [ -119.434260092, 45.94289264 ], [ -119.438608786, 45.942862077 ], [ -119.443121847, 45.942829922 ], [ -119.447444926, 45.942798883000101 ], [ -119.451964876, 45.942766556 ], [ -119.456287945, 45.942735207000098 ], [ -119.460611012, 45.942703673 ], [ -119.464934087, 45.942672319 ], [ -119.469158712, 45.942641198 ], [ -119.473776081, 45.942607298 ], [ -119.478100111, 45.942575108 ], [ -119.482620009, 45.942541258000098 ], [ -119.486943059, 45.9425090760001 ], [ -119.491363536, 45.942475657 ], [ -119.495392224, 45.942445065000101 ], [ -119.499420988, 45.942414672 ], [ -119.503448705, 45.942383814 ], [ -119.507574845, 45.942352037 ], [ -119.511127972, 45.942305084 ], [ -119.515059548, 45.9422747180001 ], [ -119.519774012, 45.942237623 ], [ -119.523409059, 45.942208767000103 ], [ -119.527635251, 45.942175288 ], [ -119.531465974, 45.942144668 ], [ -119.535101892, 45.942115626 ], [ -119.540311173, 45.942073818 ], [ -119.54434077, 45.942041929 ], [ -119.547878177, 45.942012310000102 ], [ -119.550040348, 45.941994516000101 ], [ -119.554953835, 45.941954355000099 ], [ -119.558883574, 45.941921911000101 ], [ -119.563406011, 45.941884677000097 ], [ -119.567740195, 45.941848655000101 ], [ -119.572250827, 45.941810549000103 ], [ -119.576376771, 45.941776381000103 ], [ -119.580308369, 45.94174329 ], [ -119.584238686, 45.9417094450001 ], [ -119.588170474, 45.941676646000097 ], [ -119.591299897, 45.941649918000103 ], [ -119.595834913, 45.941611335000097 ], [ -119.599961637, 45.9415758210001 ], [ -119.603676655, 45.941541980000103 ], [ -119.607756484, 45.940592821000102 ], [ -119.612230019, 45.939549793 ], [ -119.616330402, 45.93859359 ], [ -119.620429685, 45.937637333 ], [ -119.624531926, 45.936680723 ], [ -119.62863247, 45.935724096000101 ], [ -119.632546274, 45.934811111 ], [ -119.636833044, 45.93381057 ], [ -119.640934362, 45.932853146000099 ], [ -119.644845404, 45.931939386000103 ], [ -119.649132336, 45.930937967 ], [ -119.653232936, 45.929979922 ], [ -119.657518221, 45.9289786410001 ], [ -119.661431625, 45.928063933 ], [ -119.665716682, 45.927062834 ], [ -119.669816124, 45.926104724 ], [ -119.673913428, 45.925147029000101 ], [ -119.678199536, 45.924144621 ], [ -119.682298231, 45.923186404 ], [ -119.686211376, 45.922270398000101 ], [ -119.690681584, 45.921223811000097 ], [ -119.698505852, 45.919392098000102 ], [ -119.702789845, 45.9183885570001 ], [ -119.705955792, 45.9176464170001 ], [ -119.710762648, 45.916519794000102 ], [ -119.71433709, 45.915682192000098 ], [ -119.718062142, 45.914808975 ], [ -119.721971885, 45.913892883000102 ], [ -119.72476508, 45.913237467 ], [ -119.729141599, 45.912210731000101 ], [ -119.734633408, 45.910921998 ], [ -119.73826381, 45.910070277 ], [ -119.743383994, 45.908868919 ], [ -119.746455601, 45.908147785 ], [ -119.749899959, 45.9073390880001 ], [ -119.754089617, 45.906355570000102 ], [ -119.758279062, 45.905371783000099 ], [ -119.762562377, 45.904366283000101 ], [ -119.766656943, 45.903404429 ], [ -119.770939519, 45.902398672000103 ], [ -119.77503353, 45.90143678 ], [ -119.77931648, 45.900431024000099 ], [ -119.783410769, 45.899469300000099 ], [ -119.787693157, 45.89846398 ], [ -119.791786716, 45.897501734000102 ], [ -119.795788257, 45.896561073 ], [ -119.799975596, 45.895576818000102 ], [ -119.803883779, 45.894657616000103 ], [ -119.807891409, 45.893715407000101 ], [ -119.812032939, 45.892740197000101 ], [ -119.816270866, 45.890646597 ], [ -119.822760251, 45.887437283 ], [ -119.82708745, 45.885296537000102 ], [ -119.829970693, 45.8838699820001 ], [ -119.833335785, 45.882205046000102 ], [ -119.837020956, 45.880380869000099 ], [ -119.840544413, 45.8786370360001 ], [ -119.843988493, 45.8769320970001 ], [ -119.847753132, 45.8750684460001 ], [ -119.851116956, 45.873403013 ], [ -119.854800386, 45.871578875000097 ], [ -119.858323119, 45.869834321 ], [ -119.862005857, 45.868009829000101 ], [ -119.865528903, 45.866264625 ], [ -119.869211467, 45.864440517 ], [ -119.872732181, 45.862695436000102 ], [ -119.875773718, 45.861188095 ], [ -119.879053118, 45.859562103 ], [ -119.882975149, 45.857618744 ], [ -119.886657911, 45.855793117000097 ], [ -119.890335671, 45.8539699990001 ], [ -119.893856247, 45.852224275 ], [ -119.897535876, 45.850399653000103 ], [ -119.901056502, 45.848654083 ], [ -119.903776285, 45.847305697000102 ], [ -119.907531465, 45.845441953 ], [ -119.911257599, 45.843597483000103 ], [ -119.914166682, 45.843074361 ], [ -119.919488751, 45.8421220910001 ], [ -119.922718531, 45.841543822000098 ], [ -119.929794699, 45.840277396 ], [ -119.933544959, 45.839605785000103 ], [ -119.939698656, 45.838504056 ], [ -119.941714859, 45.838143147 ], [ -119.94579151, 45.83741294 ], [ -119.949505228, 45.836747563000102 ], [ -119.954444507, 45.835862324000097 ], [ -119.957197673, 45.835368574 ], [ -119.960567853, 45.834763955 ], [ -119.965842973, 45.833818696 ], [ -119.969035356, 45.8332466150001 ], [ -119.975386972, 45.832107174 ], [ -119.979652168, 45.830568941000102 ], [ -119.987377158, 45.827780782 ], [ -119.991210517, 45.826397974 ], [ -119.994347413, 45.825265603 ], [ -119.999487547, 45.823409925000099 ], [ -120.005150543, 45.821366262 ], [ -120.008285746, 45.820233943000098 ], [ -120.012463993, 45.818724024000097 ], [ -120.016121967, 45.817403227000099 ], [ -120.01873394, 45.816459525 ], [ -120.021868233, 45.815326077000101 ], [ -120.02517777, 45.814131128 ], [ -120.029183591, 45.812683593 ], [ -120.033877955, 45.810986414000098 ], [ -120.037193807, 45.809788372000099 ], [ -120.039977892, 45.808780408000104 ], [ -120.04338026, 45.807550718000101 ], [ -120.048000692, 45.8058793800001 ], [ -120.053839932, 45.803637473 ], [ -120.056994912, 45.802420703000102 ], [ -120.060016153, 45.801254944 ], [ -120.063185421, 45.800032629 ], [ -120.06739529, 45.798408596000101 ], [ -120.071512669, 45.7968198780001 ], [ -120.07534146, 45.795341582 ], [ -120.078884879, 45.793973802 ], [ -120.082485613, 45.792583989 ], [ -120.089472454, 45.789892258000101 ], [ -120.093221523, 45.789419637 ], [ -120.096694624, 45.788985375 ], [ -120.10074786, 45.788479175000099 ], [ -120.107342539, 45.787654796 ], [ -120.109619346, 45.787369690000098 ], [ -120.112937453, 45.786953721 ], [ -120.116754913, 45.786474695 ], [ -120.121002015, 45.785949289 ], [ -120.12636069, 45.785055769 ], [ -120.130297433, 45.784373626 ], [ -120.133207802, 45.783868820000102 ], [ -120.135871072, 45.783407115 ], [ -120.140816194, 45.7825496150001 ], [ -120.143479341, 45.782087733 ], [ -120.146333079, 45.781592728000099 ], [ -120.149102531, 45.781112279000098 ], [ -120.152229682, 45.779657769 ], [ -120.155842536, 45.777977617 ], [ -120.159432221, 45.776308289 ], [ -120.162563229, 45.774851132 ], [ -120.165955483, 45.773449892 ], [ -120.169929082, 45.771807732000099 ], [ -120.173018774, 45.77053111 ], [ -120.176675385, 45.769019814 ], [ -120.181313191, 45.7671025490001 ], [ -120.183638923, 45.766140815 ], [ -120.186498526, 45.764207624 ], [ -120.189598825, 45.762111798 ], [ -120.19217991, 45.760366714 ], [ -120.195228932, 45.758361890000103 ], [ -120.198691166, 45.7565663620001 ], [ -120.202153303, 45.754771016000099 ], [ -120.205301567, 45.7531386060001 ], [ -120.208861481, 45.751292209 ], [ -120.212540304, 45.74938361 ], [ -120.215923394, 45.747628523000103 ], [ -120.219779044, 45.745628135 ], [ -120.223845706, 45.743518057000102 ], [ -120.228208151, 45.742560668000102 ], [ -120.232222116, 45.741692413000102 ], [ -120.236055569, 45.7408568540001 ], [ -120.240262039, 45.739939493000101 ], [ -120.24446837, 45.739021955 ], [ -120.248675566, 45.738104623 ], [ -120.253161693, 45.737125592 ], [ -120.257741679, 45.736126187 ], [ -120.261904715, 45.73521751 ], [ -120.266975751, 45.734433970000097 ], [ -120.274049194, 45.73334011 ], [ -120.277490997, 45.732807775 ], [ -120.281887742, 45.732127686000098 ], [ -120.285616283, 45.73155079 ], [ -120.289056888, 45.731018135 ], [ -120.292975879, 45.730411453 ], [ -120.297563804, 45.729700884000103 ], [ -120.301578887, 45.729079133 ], [ -120.3060713, 45.728382993 ], [ -120.310372066, 45.727716607 ], [ -120.31457742, 45.7270645 ], [ -120.319005352, 45.7263779560001 ], [ -120.323019939, 45.725755088 ], [ -120.327225023, 45.725102883 ], [ -120.330282742, 45.724628170000102 ], [ -120.333765391, 45.724087738 ], [ -120.337310523, 45.7232952210001 ], [ -120.340853571, 45.722503361000101 ], [ -120.345142966, 45.721544249 ], [ -120.351456795, 45.720132324000097 ], [ -120.355604109, 45.719189875 ], [ -120.35989239, 45.718230095000102 ], [ -120.36399447, 45.717312841000101 ], [ -120.367911624, 45.716435096000097 ], [ -120.371547393, 45.715621035 ], [ -120.375367333, 45.714764171000098 ], [ -120.379191056, 45.713908747000097 ], [ -120.381699447, 45.713362913 ], [ -120.386512549, 45.713518423 ], [ -120.391108309, 45.713689445 ], [ -120.398912061, 45.713971378 ], [ -120.402596475, 45.712995598000099 ], [ -120.407265629, 45.711755126000099 ], [ -120.409735193, 45.711096491 ], [ -120.413396699, 45.710124627 ], [ -120.416139086, 45.709394544000098 ], [ -120.419232625, 45.708576241000102 ], [ -120.421198422, 45.708639020000099 ], [ -120.426476977, 45.708818673 ], [ -120.430387345, 45.708950181 ], [ -120.435175102, 45.709112914000102 ], [ -120.439380243, 45.709253303 ], [ -120.443290202, 45.709386065 ], [ -120.447590731, 45.709529514 ], [ -120.452183666, 45.709685015 ], [ -120.45619146, 45.709818111 ], [ -120.459188521, 45.709921742000098 ], [ -120.470760373, 45.710308794000099 ], [ -120.474769237, 45.710441833000097 ], [ -120.477914176, 45.710550576000102 ], [ -120.48151307, 45.711882543000101 ], [ -120.485836495, 45.713485177000102 ], [ -120.489386146, 45.714802927 ], [ -120.492759466, 45.716055123 ], [ -120.497429527, 45.717786442 ], [ -120.500521963, 45.718932822000099 ], [ -120.503411179, 45.720003272 ], [ -120.506085484, 45.7209946830001 ], [ -120.512341757, 45.723305082000103 ], [ -120.514813593, 45.724609072000099 ], [ -120.518107548, 45.72633288 ], [ -120.521558125, 45.728138004000101 ], [ -120.525319003, 45.730106285 ], [ -120.530183359, 45.732652084000101 ], [ -120.53363355, 45.734458129000103 ], [ -120.537915892, 45.736697539 ], [ -120.541004426, 45.738310918000103 ], [ -120.543984064, 45.739869929000101 ], [ -120.547442207, 45.741675440000101 ], [ -120.550891566, 45.743480739000098 ], [ -120.553714896, 45.744957435000103 ], [ -120.557006808, 45.746677556000101 ], [ -120.562155924, 45.749373721 ], [ -120.566142358, 45.750649640000098 ], [ -120.569740761, 45.751833918 ], [ -120.572757961, 45.752811141 ], [ -120.575959758, 45.753858962 ], [ -120.579522847, 45.754363368 ], [ -120.583363984, 45.754913408 ], [ -120.5864305, 45.755354277 ], [ -120.590420116, 45.755937088 ], [ -120.593617759, 45.7561063200001 ], [ -120.599282222, 45.756405244000099 ], [ -120.602406862, 45.756570329000098 ], [ -120.607290138, 45.756827769 ], [ -120.612759194, 45.757116030000098 ], [ -120.617642588, 45.757373372000103 ], [ -120.621724992, 45.757588119 ], [ -120.625326775, 45.757777425 ], [ -120.629270292, 45.756303548000098 ], [ -120.634332277, 45.754411077 ], [ -120.638133333, 45.752989708 ], [ -120.642279789, 45.751439372 ], [ -120.646598543, 45.749824241000098 ], [ -120.649794178, 45.748628621000101 ], [ -120.653173379, 45.747351573000103 ], [ -120.657307809, 45.745817411000097 ], [ -120.659898285, 45.744848038 ], [ -120.663352599, 45.743555414000099 ], [ -120.667670126, 45.741939198000097 ], [ -120.671641993, 45.740452454 ], [ -120.674750326, 45.739288434000102 ], [ -120.677696569, 45.738180684 ], [ -120.681312015, 45.736831207000101 ], [ -120.684765345, 45.735537957000098 ], [ -120.688658379, 45.7340795120001 ], [ -120.691656828, 45.732453499 ], [ -120.695370423, 45.730438392000103 ], [ -120.698698084, 45.728633577 ], [ -120.701637469, 45.727038132000096 ], [ -120.705273615, 45.725065050000097 ], [ -120.708754546, 45.723175572000102 ], [ -120.71215813, 45.7213283520001 ], [ -120.713223503, 45.720745535 ], [ -120.715715823, 45.719396637 ], [ -120.719273791, 45.717465133000097 ], [ -120.725769037, 45.713937470000097 ], [ -120.728244301, 45.712593529000102 ], [ -120.731062338, 45.7110625830001 ], [ -120.734421622, 45.710445532 ], [ -120.74341182, 45.708792728 ], [ -120.746898247, 45.708151832 ], [ -120.75368861, 45.706902857 ], [ -120.757890021, 45.706129931000099 ], [ -120.761778534, 45.705414246 ], [ -120.770754106, 45.705083324 ], [ -120.773880913, 45.704967955 ], [ -120.777276351, 45.704842608 ], [ -120.784236457, 45.704584989000097 ], [ -120.788828713, 45.704414932000098 ], [ -120.795276408, 45.704175676 ], [ -120.799086131, 45.704033864000102 ], [ -120.802017149, 45.7039252490001 ], [ -120.807292831, 45.703728663 ], [ -120.81080994, 45.703597585000097 ], [ -120.814648552, 45.703454658 ], [ -120.816121379, 45.702880242 ], [ -120.822258061, 45.70048619 ], [ -120.825847508, 45.699085643 ], [ -120.828839069, 45.697918461 ], [ -120.832001072, 45.69668463 ], [ -120.835760572, 45.695216884 ], [ -120.83883674, 45.694015977 ], [ -120.841913292, 45.692815314 ], [ -120.846355833, 45.691080265 ], [ -120.850627628, 45.689412301000097 ], [ -120.854031291, 45.68808274 ], [ -120.857974498, 45.686542411000097 ], [ -120.863241324, 45.684484668 ], [ -120.866943348, 45.683038078 ], [ -120.870274627, 45.681736231000102 ], [ -120.872495057, 45.6808681750001 ], [ -120.87744857, 45.678932046 ], [ -120.880608422, 45.677696525 ], [ -120.883586107, 45.676532103000099 ], [ -120.887534415, 45.675423302000098 ], [ -120.891619304, 45.674275654 ], [ -120.895523129, 45.673178702 ], [ -120.900334332, 45.671826582000101 ], [ -120.902316659, 45.67126954 ], [ -120.90559927, 45.670346711 ], [ -120.907987508, 45.66967543 ], [ -120.912582799, 45.669454486000099 ], [ -120.915216558, 45.669327973000101 ], [ -120.919509214, 45.669121565000097 ], [ -120.922833893, 45.66896159 ], [ -120.92526479, 45.668844548 ], [ -120.930923052, 45.668571612 ], [ -120.939125525, 45.668175783 ], [ -120.943023214, 45.66793843 ], [ -120.949647784, 45.667534329 ], [ -120.953544362, 45.6672963070001 ], [ -120.957733332, 45.667040479 ], [ -120.961480858, 45.666811469 ], [ -120.966590096, 45.666843449000098 ], [ -120.969484985, 45.667764853 ], [ -120.973225043, 45.668955363000101 ], [ -120.980543144, 45.671283947000099 ], [ -120.988750114, 45.673484511 ], [ -120.992404427, 45.674463946000103 ], [ -120.996515793, 45.6755658390001 ], [ -121.000993158, 45.6767654820001 ], [ -121.005013762, 45.677842404 ], [ -121.00812021, 45.678674836 ], [ -121.012598036, 45.679874021 ], [ -121.014843048, 45.680475121 ], [ -121.019624518, 45.679258336 ], [ -121.02578332, 45.677690572000103 ], [ -121.028632872, 45.67696499 ], [ -121.038162493, 45.674538090000098 ], [ -121.042603657, 45.6734067370001 ], [ -121.046702795, 45.672362585 ], [ -121.049404472, 45.671674029 ], [ -121.054183662, 45.6704559940001 ], [ -121.061902318, 45.668487859 ], [ -121.070834068, 45.666209953000099 ], [ -121.07661023, 45.664736487 ], [ -121.080469343, 45.663751879000102 ], [ -121.084327809, 45.662766812 ], [ -121.089931418, 45.661336279000103 ], [ -121.094157285, 45.6602572910001 ], [ -121.098291563, 45.659201706 ], [ -121.102241833, 45.658192783000104 ], [ -121.106190445, 45.657183896 ], [ -121.112412434, 45.657851025000099 ], [ -121.117631097, 45.658410003 ], [ -121.123043072, 45.6589895810001 ], [ -121.131547916, 45.65990006 ], [ -121.136612087, 45.660441711 ], [ -121.13896705, 45.661027880000098 ], [ -121.149474085, 45.663643675000102 ], [ -121.159978596, 45.666257601 ], [ -121.16282428, 45.666965433 ], [ -121.16900989, 45.668503495 ], [ -121.174539443, 45.669878497000099 ], [ -121.178189301, 45.670785585 ], [ -121.183018362, 45.671986028 ], [ -121.187447201, 45.673086707 ], [ -121.1903805, 45.674444112000103 ], [ -121.196358729, 45.677209510000097 ], [ -121.199839304, 45.678819705000102 ], [ -121.201645183, 45.679654847000101 ], [ -121.206379857, 45.681844514 ], [ -121.21046558, 45.683733676 ], [ -121.213224672, 45.685009169000097 ], [ -121.218765669, 45.686318536 ], [ -121.223901156, 45.687531830000097 ], [ -121.228751699, 45.688677412000096 ], [ -121.234006465, 45.689918159 ], [ -121.238271094, 45.6909251330001 ], [ -121.243277562, 45.692106935 ], [ -121.247357198, 45.693069583000103 ], [ -121.253106267, 45.694425934 ], [ -121.255650721, 45.695026197000097 ], [ -121.260027497, 45.6960584670001 ], [ -121.264148944, 45.697015509 ], [ -121.266462929, 45.697575302000097 ], [ -121.269408319, 45.6982696580001 ], [ -121.272027552, 45.6988870650001 ], [ -121.277634098, 45.7002081300001 ], [ -121.282897449, 45.706271308000098 ], [ -121.285685341, 45.709482451 ], [ -121.288996868, 45.710537262000102 ], [ -121.291757653, 45.711416771000103 ], [ -121.297154745, 45.713135922 ], [ -121.301466101, 45.714508830000099 ], [ -121.304850571, 45.7155867110001 ], [ -121.308413737, 45.716721037000099 ], [ -121.312155128, 45.717911808 ], [ -121.320263605, 45.720492294000103 ], [ -121.322684187, 45.720734519000104 ], [ -121.328303301, 45.721295842000103 ], [ -121.332565699, 45.721721559000102 ], [ -121.336828161, 45.722147118000102 ], [ -121.340937693, 45.722557391000102 ], [ -121.343795017, 45.722229656000103 ], [ -121.346885972, 45.721874783 ], [ -121.354998247, 45.720942853000103 ], [ -121.357702789, 45.720632291000101 ], [ -121.366200994, 45.719655298000099 ], [ -121.372768055, 45.718899618000101 ], [ -121.375733597, 45.718558447000099 ], [ -121.377743178, 45.719703826000099 ], [ -121.384575629, 45.723597301 ], [ -121.387536783, 45.725284546000097 ], [ -121.391403867, 45.727487122000099 ], [ -121.394067407, 45.729004766000102 ], [ -121.398410552, 45.731478136000099 ], [ -121.406465787, 45.734357336000102 ], [ -121.410428713, 45.735773740000099 ], [ -121.414614124, 45.737269462 ], [ -121.418336947, 45.738599272 ], [ -121.424557354, 45.740821065 ], [ -121.431508463, 45.743303103000102 ], [ -121.439038284, 45.745991315 ], [ -121.443662828, 45.747641624 ], [ -121.44638132, 45.748612038 ], [ -121.450031851, 45.749914452 ], [ -121.453931136, 45.75130569 ], [ -121.460779469, 45.754890244000102 ], [ -121.462819233, 45.755957885 ], [ -121.468121961, 45.75873307 ], [ -121.473964451, 45.761777531000099 ], [ -121.477490363, 45.76363379 ], [ -121.481484611, 45.765546376 ], [ -121.484922126, 45.764906975 ], [ -121.491226133, 45.763733740000099 ], [ -121.494978023, 45.763035431 ], [ -121.500313099, 45.762042384 ], [ -121.503815001, 45.761390044 ], [ -121.506654727, 45.760861295 ], [ -121.509172036, 45.7603922710001 ], [ -121.513109359, 45.759658889 ], [ -121.515918452, 45.759135582 ], [ -121.518001055, 45.758748479000097 ], [ -121.525395211, 45.757374576000103 ], [ -121.537680367, 45.756505301 ], [ -121.54118876, 45.756745903000102 ], [ -121.543040644, 45.756872964000102 ], [ -121.549450412, 45.757312211000098 ], [ -121.553134486, 45.75756441 ], [ -121.556721756, 45.757809685 ], [ -121.560421732, 45.758063109 ], [ -121.563813948, 45.758294926000097 ], [ -121.567412685, 45.758540789 ], [ -121.57199206, 45.758853671000097 ], [ -121.574666578, 45.759036113 ], [ -121.577474498, 45.759227612000103 ], [ -121.579950474, 45.759396545000101 ], [ -121.583049934, 45.759608234 ], [ -121.586071811, 45.759814002 ], [ -121.58914019, 45.760023333 ], [ -121.592482248, 45.760250844 ], [ -121.59535206, 45.760446304 ], [ -121.598549893, 45.760663603000097 ], [ -121.603423578, 45.760995387 ], [ -121.605470881, 45.761134597000101 ], [ -121.609202427, 45.761388267 ], [ -121.612279295, 45.761596964 ], [ -121.6188265, 45.7620416500001 ], [ -121.622921265, 45.7623194620001 ], [ -121.625845629, 45.7625177890001 ], [ -121.633449831, 45.763032775 ], [ -121.635594624, 45.76317815 ], [ -121.638129238, 45.763349658 ], [ -121.641288406, 45.763563563 ], [ -121.643394185, 45.7637059 ], [ -121.646069166, 45.76388668 ], [ -121.650982924, 45.764218988 ], [ -121.655873012, 45.764549299000102 ], [ -121.660225568, 45.7648431490001 ], [ -121.665342547, 45.765188250000101 ], [ -121.670396783, 45.765538336000098 ], [ -121.672236994, 45.765663277 ], [ -121.675730253, 45.765912772 ], [ -121.680602748, 45.766229229 ], [ -121.68430556, 45.76647824 ], [ -121.685437659, 45.766556241 ], [ -121.691535869, 45.766831490000101 ], [ -121.696618877, 45.767041334000098 ], [ -121.699772256, 45.76715837 ], [ -121.703288806, 45.767302619000098 ], [ -121.70758642, 45.7674789860001 ], [ -121.71017702, 45.767585061 ], [ -121.715716047, 45.767811567000102 ], [ -121.71829359, 45.76738972 ], [ -121.723968297, 45.766460151 ], [ -121.727976286, 45.764768812000099 ], [ -121.734181115, 45.762150598000098 ], [ -121.737342809, 45.760384222 ], [ -121.739599158, 45.759123670000101 ], [ -121.741169955, 45.758246016 ], [ -121.748219148, 45.754306542000101 ], [ -121.749792496, 45.7534272770001 ], [ -121.754505705, 45.750792735000097 ], [ -121.756167563, 45.749863621 ], [ -121.758386576, 45.748623139000102 ], [ -121.759765467, 45.747852137 ], [ -121.764517081, 45.747406341 ], [ -121.767313309, 45.747144202000101 ], [ -121.775145863, 45.7475202480001 ], [ -121.779346407, 45.747721676 ], [ -121.781870813, 45.7478429660001 ], [ -121.784205549, 45.748107622000099 ], [ -121.79155102, 45.748940393 ], [ -121.798317312, 45.749707197000099 ], [ -121.79962049, 45.749854836 ], [ -121.806050147, 45.750582673 ], [ -121.809164795, 45.750935219 ], [ -121.810784463, 45.7509088380001 ], [ -121.818932777, 45.750775835000098 ], [ -121.823067994, 45.750708091 ], [ -121.826666529, 45.7506494 ], [ -121.829211227, 45.750607507 ], [ -121.832246593, 45.750557624000102 ], [ -121.834980694, 45.749485933000102 ], [ -121.838052549, 45.748281443000103 ], [ -121.842156446, 45.746672776 ], [ -121.846256775, 45.745065181 ], [ -121.849673127, 45.743725405000099 ], [ -121.851381224, 45.743055284 ], [ -121.85622169, 45.741156626000098 ], [ -121.860348275, 45.739537727 ], [ -121.861544034, 45.739068745000097 ], [ -121.8660698, 45.737292696 ], [ -121.86823215, 45.7364444950001 ], [ -121.872603543, 45.734728363 ], [ -121.875240221, 45.73369369 ], [ -121.878102327, 45.732569900000101 ], [ -121.879867718, 45.731876958 ], [ -121.883009822, 45.730643443000098 ], [ -121.886493553, 45.729454416000102 ], [ -121.890452781, 45.728103584000102 ], [ -121.893916352, 45.726859459 ], [ -121.896611285, 45.726001655000097 ], [ -121.900517005, 45.724668219000101 ], [ -121.903504682, 45.723648099000101 ], [ -121.908486808, 45.721947027000098 ], [ -121.911678248, 45.7208570660001 ], [ -121.91380566, 45.720130528 ], [ -121.917251458, 45.719240377000098 ], [ -121.928231059, 45.716403363 ], [ -121.932235928, 45.717318629 ], [ -121.934971392, 45.717943737 ], [ -121.939285371, 45.718928906 ], [ -121.941015725, 45.719324099000097 ], [ -121.943435156, 45.719876636 ], [ -121.947808608, 45.72087544 ], [ -121.950228394, 45.7214280150001 ], [ -121.957094072, 45.71981069 ], [ -121.961375971, 45.718802102 ], [ -121.966369608, 45.717625232 ], [ -121.968028184, 45.717234412 ], [ -121.971286135, 45.716466620000098 ], [ -121.973908089, 45.715848371 ], [ -121.975560595, 45.714609188 ], [ -121.979836159, 45.711403879 ], [ -121.983709279, 45.708499000000103 ], [ -121.985045219, 45.707497303 ], [ -121.987449482, 45.705694014000102 ], [ -121.992590743, 45.7018371240001 ], [ -121.99592921, 45.69933244 ], [ -121.999003016, 45.697025788000097 ], [ -122.000154923, 45.696530112000097 ], [ -122.002956105, 45.695325184000097 ], [ -122.006289927, 45.693890841 ], [ -122.013123877, 45.690949541000101 ], [ -122.015124259, 45.690088615 ], [ -122.020123969, 45.687936188 ], [ -122.023956908, 45.686285728 ], [ -122.025288305, 45.685712470000098 ], [ -122.028291383, 45.685415087000102 ], [ -122.036521989, 45.684599406000103 ], [ -122.038651698, 45.684387998 ], [ -122.040197168, 45.684234623000101 ], [ -122.041944059, 45.684061664000097 ], [ -122.04872173, 45.683388911000101 ], [ -122.052401184, 45.6830238860001 ], [ -122.054434445, 45.682821944000104 ], [ -122.057241637, 45.6825427590001 ], [ -122.065374621, 45.681734766 ], [ -122.066728822, 45.68160013 ], [ -122.068349574, 45.680830165 ], [ -122.071425868, 45.679368783 ], [ -122.076605822, 45.676907519 ], [ -122.078386324, 45.676061372000099 ], [ -122.080328132, 45.675138201 ], [ -122.082928141, 45.673902638000101 ], [ -122.085831463, 45.672522459 ], [ -122.092547491, 45.669329560000101 ], [ -122.094489812, 45.668406103 ], [ -122.096026564, 45.667675094000103 ], [ -122.100072249, 45.665751349000097 ], [ -122.102013867, 45.664828132 ], [ -122.104440765, 45.663673721000102 ], [ -122.109941369, 45.661056844 ], [ -122.112044393, 45.660056049 ], [ -122.114955617, 45.658670805 ], [ -122.121366511, 45.658589975 ], [ -122.125002002, 45.658544088 ], [ -122.129106447, 45.6584918470001 ], [ -122.131725642, 45.658458638000099 ], [ -122.134070899, 45.658428721000099 ], [ -122.137394261, 45.658386474 ], [ -122.140717128, 45.658344154000098 ], [ -122.143766514, 45.658304748 ], [ -122.148339912, 45.6582462040001 ], [ -122.15107669, 45.658211042000097 ], [ -122.153617438, 45.658178135000099 ], [ -122.15733081, 45.6581300940001 ], [ -122.160223873, 45.658092482 ], [ -122.163390377, 45.658051395 ], [ -122.175509007, 45.6578934 ], [ -122.179095539, 45.657851186000102 ], [ -122.181780152, 45.657820826 ], [ -122.183656784, 45.657799642 ], [ -122.187040506, 45.657741487000102 ], [ -122.190949805, 45.657689682000097 ], [ -122.194492456, 45.657655958000099 ], [ -122.199843396, 45.657618335 ], [ -122.20473058, 45.657599 ], [ -122.212648657, 45.657567291000099 ], [ -122.2239875, 45.657520865 ], [ -122.226372451, 45.657510635000101 ], [ -122.234642158, 45.657476102 ], [ -122.23716444, 45.657465212 ], [ -122.240213946, 45.657452128 ], [ -122.24550234, 45.657429525 ], [ -122.250588879, 45.657273168000103 ], [ -122.254397976, 45.657156371 ], [ -122.258401737, 45.657033255 ], [ -122.262698522, 45.656900984000103 ], [ -122.26592096, 45.65680151 ], [ -122.270120365, 45.656672069000102 ], [ -122.272659358, 45.656593575 ], [ -122.28105757, 45.656333744 ], [ -122.287502331, 45.656133991 ], [ -122.291408574, 45.656012501000099 ], [ -122.294728249, 45.655909433 ], [ -122.299024893, 45.655775797 ], [ -122.303226462, 45.655644687000098 ], [ -122.305703607, 45.655765461 ], [ -122.313211925, 45.656130809 ], [ -122.316917616, 45.656310909000098 ], [ -122.321208881, 45.656519384 ], [ -122.324231893, 45.656665982 ], [ -122.327644372, 45.656831862 ], [ -122.330375112, 45.656964046 ], [ -122.334470789, 45.657162564 ], [ -122.337591961, 45.657313525000099 ], [ -122.340712659, 45.6574644230001 ], [ -122.34578168, 45.657709658 ], [ -122.351769881, 45.657173242000098 ], [ -122.356163505, 45.657032234 ], [ -122.358701804, 45.656950828 ], [ -122.36456054, 45.656762511000103 ], [ -122.367879958, 45.656655265 ], [ -122.371535416, 45.656537642 ], [ -122.373936235, 45.65654321 ], [ -122.382484512, 45.656562004000101 ], [ -122.386447396, 45.656548834 ], [ -122.389575905, 45.656538379 ], [ -122.393681055, 45.656524790000098 ], [ -122.396809563, 45.656514138 ], [ -122.401892263, 45.656496464 ], [ -122.40629121, 45.656481251000102 ], [ -122.41166774, 45.656462304 ], [ -122.416554743, 45.656444958000101 ], [ -122.421247458, 45.656427666000098 ], [ -122.426134457, 45.656409935000099 ], [ -122.430338161, 45.656394461 ], [ -122.43512752, 45.656376485000102 ], [ -122.439428817, 45.656360166000098 ], [ -122.443241084, 45.656345679 ], [ -122.4465648, 45.656332975000097 ], [ -122.452723159, 45.656308902 ], [ -122.455362154, 45.656298676000098 ], [ -122.457805856, 45.656289087000097 ], [ -122.465039414, 45.656260191000101 ], [ -122.469467732, 45.656242204000101 ], [ -122.475039412, 45.656219203 ], [ -122.478949286, 45.656203300000101 ], [ -122.48315244, 45.656185591 ], [ -122.487453709, 45.656167492000101 ], [ -122.491559263, 45.6561500500001 ], [ -122.495326128, 45.656133887000102 ], [ -122.498922135, 45.656643366 ], [ -122.502372092, 45.657131577 ], [ -122.50628143, 45.6576846 ], [ -122.509846016, 45.658189068000098 ], [ -122.513391735, 45.658690555000099 ], [ -122.516988363, 45.659199035 ], [ -122.519669084, 45.660379573 ], [ -122.522815114, 45.661764873 ], [ -122.525795516, 45.663077229000102 ], [ -122.52861039, 45.664316644000102 ], [ -122.531359698, 45.665526845 ], [ -122.534406257, 45.6668684630001 ], [ -122.537718664, 45.668326206000103 ], [ -122.541362699, 45.669929534000097 ], [ -122.544394415, 45.671263702 ], [ -122.548140544, 45.6710499920001 ], [ -122.552229939, 45.670816401000103 ], [ -122.556420389, 45.670577065 ], [ -122.560806043, 45.670326358000104 ], [ -122.564904468, 45.6700918720001 ], [ -122.568435881, 45.670283006 ], [ -122.572042985, 45.670477909000098 ], [ -122.575845086, 45.670683543000102 ], [ -122.579257304, 45.6708677660001 ], [ -122.582854782, 45.671061832000099 ], [ -122.586928815, 45.670854588 ], [ -122.590926968, 45.670651275000097 ], [ -122.594730664, 45.670457292 ], [ -122.598436181, 45.670268353 ], [ -122.602337005, 45.67006938 ], [ -122.606335079, 45.6698655060001 ], [ -122.611600901, 45.669596182000099 ], [ -122.614038957, 45.669471683 ], [ -122.617549961, 45.669292015000103 ], [ -122.621923078, 45.669068131000103 ], [ -122.626116989, 45.668495990000103 ], [ -122.629956179, 45.667971777 ], [ -122.633219568, 45.667526440000103 ], [ -122.636098885, 45.667133301 ], [ -122.638210176, 45.666844734000101 ], [ -122.641665628, 45.666372792000097 ], [ -122.645364817, 45.665867310000102 ], [ -122.647434059, 45.664364365 ], [ -122.65135611, 45.661514952000097 ], [ -122.653990355, 45.659601471 ], [ -122.655163054, 45.6597979370001 ], [ -122.656168534, 45.659796031 ], [ -122.657010781, 45.659943527 ], [ -122.656965993, 45.66045811 ], [ -122.658740248, 45.661373102 ] ] ] } },
{ "type": "Feature", "properties": { "objectid": "74395", "id": "206674", "type": "AC", "status": "NOT AVAILABLE", "naics_code": "221121", "naics_desc": "ELECTRIC BULK POWER TRANSMISSION AND CONTROL", "source": "IMAGERY", "sourcedate": "2016-01-06T18:00:00-07:00", "val_method": "IMAGERY", "val_date": "2016-01-06T18:00:00-07:00", "owner": "PACIFICORP", "voltage": 345.0, "volt_class": "345", "inferred": "Y", "sub_1": "NOT AVAILABLE", "sub_2": "EMERY", "shape_lengt": 568.42197685129997, "globalid": "16c277fb-eedc-408b-98ef-2a597937a203", "NERC": "WECC", "NERC_Label": "Western Electricity Coordinating Council (WECC)" }, "geometry": { "type": "MultiLineString", "coordinates": [ [ [ -111.028898264, 39.173376085 ], [ -111.028673405, 39.175353417 ], [ -111.028580606, 39.176731125000103 ], [ -111.028556031, 39.177324660000103 ] ] ] } },
{ "type": "Feature", "properties": { "objectid": "87991", "id": "307727", "type": "AC; OVERHEAD", "status": "IN SERVICE", "naics_code": "221121", "naics_desc": "ELECTRIC BULK POWER TRANSMISSION AND CONTROL", "source": "IMAGERY", "sourcedate": "2016-12-31T18:00:00-07:00", "val_method": "IMAGERY/OTHER", "val_date": "2016-12-31T18:00:00-07:00", "owner": "NOT AVAILABLE", "voltage": 345.0, "volt_class": "345", "inferred": "N", "sub_1": "TAIBAN MESA", "sub_2": "NOT AVAILABLE", "shape_lengt": 138336.793243133, "globalid": "8dd45334-f795-43ce-b707-2b21cadc4f1f", "NERC": "WECC", "NERC_Label": "Western Electricity Coordinating Council (WECC)" }, "geometry": { "type": "MultiLineString", "coordinates": [ [ [ -104.0356901, 34.587387703 ], [ -104.036469372, 34.587871923000101 ], [ -104.038121908, 34.588257396000103 ], [ -104.044161913, 34.594046432 ], [ -104.058628104, 34.608103289 ], [ -104.105152514, 34.619706732 ], [ -104.124568917, 34.641074292 ], [ -104.165091137, 34.669199520000099 ], [ -104.178612001, 34.678501 ], [ -104.267316, 34.731388 ], [ -104.318275, 34.762474 ], [ -104.321739899, 34.765254317 ], [ -104.350026931, 34.788582552 ], [ -104.372736507, 34.807294634000101 ], [ -104.392438444, 34.823560629 ], [ -104.461287434, 34.880250098 ], [ -104.489764824, 34.897953287000099 ], [ -104.511303705, 34.911344894 ], [ -104.537030438, 34.927192105000103 ], [ -104.582047727, 34.954955348000098 ], [ -104.584039069, 34.956183456000097 ], [ -104.6000576, 34.966082014 ], [ -104.617418148, 34.976732483 ], [ -104.634150518, 34.976684893 ], [ -104.647287839, 34.976662367000102 ], [ -104.664813522, 34.976640477000103 ], [ -104.669659888, 34.976655248 ], [ -104.687470154, 34.977165643 ], [ -104.691271343, 34.977294135000101 ], [ -104.708564076, 34.980907346 ], [ -104.735005837, 34.986326569 ], [ -104.822831743, 35.004550859000098 ], [ -104.903409809, 35.012793312 ], [ -104.931594288, 35.057728522 ], [ -104.967124399, 35.1146833 ], [ -105.017854, 35.100520000000103 ], [ -105.019146395, 35.1007575470001 ] ] ] } },
{ "type": "Feature", "properties": { "objectid": "86596", "id": "306329", "type": "AC; OVERHEAD", "status": "IN SERVICE", "naics_code": "221121", "naics_desc": "ELECTRIC BULK POWER TRANSMISSION AND CONTROL", "source": "City of Albuquerque http://www.cabq.gov/planning/documents/EFPwithsecurityCOABernco20102020.pdf", "sourcedate": "2016-12-31T18:00:00-07:00", "val_method": "IMAGERY/OTHER", "val_date": "2016-12-31T18:00:00-07:00", "owner": "NOT AVAILABLE", "voltage": 345.0, "volt_class": "345", "inferred": "N", "sub_1": "NOT AVAILABLE", "sub_2": "RIO PUERCO", "shape_lengt": 44933.452241396997, "globalid": "57ae6a66-03dc-4039-bb4b-2c51a13a9b5c", "NERC": "WECC", "NERC_Label": "Western Electricity Coordinating Council (WECC)" }, "geometry": { "type": "MultiLineString", "coordinates": [ [ [ -106.482924518, 35.348671921000097 ], [ -106.488487, 35.348695 ], [ -106.494025001, 35.350135000000101 ], [ -106.508293, 35.355343 ], [ -106.523646001, 35.361344999 ], [ -106.540398001, 35.367466 ], [ -106.543355937, 35.368530498 ], [ -106.54353334, 35.368594341000097 ], [ -106.543688, 35.368650000000102 ], [ -106.55747, 35.357847 ], [ -106.582484001, 35.3385079990001 ], [ -106.603264, 35.322281999 ], [ -106.607779, 35.321270999 ], [ -106.617277494, 35.321047549000099 ], [ -106.620914, 35.320962000000101 ], [ -106.631693, 35.321937 ], [ -106.637612001, 35.322662 ], [ -106.653691, 35.324136999000103 ], [ -106.675231001, 35.324059999 ], [ -106.685100001, 35.325309 ], [ -106.697819, 35.325891999000099 ], [ -106.716902, 35.326719 ], [ -106.736777001, 35.326635000000103 ], [ -106.781076, 35.326445 ], [ -106.834391, 35.326236 ], [ -106.840016, 35.325394000000102 ], [ -106.855121042, 35.3247059280001 ], [ -106.855189406, 35.326961707000102 ] ] ] } },
{ "type": "Feature", "properties": { "objectid": "74205", "id": "206473", "type": "AC", "status": "NOT AVAILABLE", "naics_code": "221121", "naics_desc": "ELECTRIC BULK POWER TRANSMISSION AND CONTROL", "source": "IMAGERY", "sourcedate": "2019-04-21T20:00:00-06:00", "val_method": "IMAGERY", "val_date": "2019-04-21T20:00:00-06:00", "owner": "PACIFICORP", "voltage": 345.0, "volt_class": "345", "inferred": "N", "sub_1": "TAP206536", "sub_2": "TAP209595", "shape_lengt": 15597.2097389669, "globalid": "0755697d-623f-4c4c-808d-2ebd0625a323", "NERC": "WECC", "NERC_Label": "Western Electricity Coordinating Council (WECC)" }, "geometry": { "type": "MultiLineString", "coordinates": [ [ [ -111.770430295, 41.131095237000103 ], [ -111.768315549, 41.128935877000103 ], [ -111.767673094, 41.128278550000097 ], [ -111.765927165, 41.12647016 ], [ -111.763952212, 41.124275107000102 ], [ -111.762917147, 41.1232340930001 ], [ -111.760722094, 41.1209765790001 ], [ -111.758530015, 41.1187726040001 ], [ -111.755743072, 41.115857764000097 ], [ -111.755100617, 41.115194489 ], [ -111.753402277, 41.11344856 ], [ -111.752170906, 41.112214214000097 ], [ -111.750689691, 41.110658642 ], [ -111.750181082, 41.110108391 ], [ -111.749467243, 41.109492706 ], [ -111.748765302, 41.108918661000097 ], [ -111.747902748, 41.10790739 ], [ -111.7469004, 41.10678012 ], [ -111.745805848, 41.105676645000102 ], [ -111.74522288, 41.105034191000101 ], [ -111.743209261, 41.102981906 ], [ -111.74237645, 41.102110428000103 ], [ -111.740594828, 41.100278243 ], [ -111.738066651, 41.097675708000097 ], [ -111.733828236, 41.093297499000101 ], [ -111.732703941, 41.092176178000102 ], [ -111.730651655, 41.090052509 ], [ -111.728991981, 41.088321452000102 ], [ -111.727599997, 41.086908647 ], [ -111.726752314, 41.086010400000099 ], [ -111.725375201, 41.084582723 ], [ -111.721666216, 41.080769637000103 ], [ -111.719057732, 41.078488329 ], [ -111.717540825, 41.077230189 ], [ -111.715319004, 41.075514003000102 ], [ -111.712160269, 41.072759777 ], [ -111.707594678, 41.069012125 ], [ -111.707130683, 41.068607617 ], [ -111.704664967, 41.066531537000103 ], [ -111.701732281, 41.066112157000099 ], [ -111.698505137, 41.065627342 ], [ -111.693469603, 41.064848069 ], [ -111.692740893, 41.064752890000101 ], [ -111.688285352, 41.064101513 ], [ -111.684716161, 41.063572083000103 ], [ -111.683960682, 41.063444187000101 ], [ -111.681667476, 41.063125934 ], [ -111.679906675, 41.06285527 ], [ -111.677979312, 41.06256676 ], [ -111.676361278, 41.062337737 ], [ -111.675662163, 41.061535115 ], [ -111.674607287, 41.060380598000101 ] ] ] } },
{ "type": "Feature", "properties": { "objectid": "68456", "id": "200156", "type": "AC; OVERHEAD", "status": "NOT AVAILABLE", "naics_code": "221121", "naics_desc": "ELECTRIC BULK POWER TRANSMISSION AND CONTROL", "source": "http://www.oasis.oati.com/PPW/PPWdocs/Transmission_Network_Diagram.pdf", "sourcedate": "2014-06-22T20:00:00-06:00", "val_method": "IMAGERY/OTHER", "val_date": "2014-06-22T20:00:00-06:00", "owner": "PACIFICORP", "voltage": 345.0, "volt_class": "345", "inferred": "N", "sub_1": "MIDVALLEY", "sub_2": "90TH SOUTH", "shape_lengt": 18375.331480483699, "globalid": "c7c327a6-fc14-4744-adf3-2f27c16777fa", "NERC": "WECC", "NERC_Label": "Western Electricity Coordinating Council (WECC)" }, "geometry": { "type": "MultiLineString", "coordinates": [ [ [ -111.928508392, 40.707245933 ], [ -111.928429485, 40.706628263 ], [ -111.929249488, 40.706449809 ], [ -111.92919456, 40.702818190000102 ], [ -111.929080779, 40.698636079 ], [ -111.929053315, 40.696589545000101 ], [ -111.92964968, 40.69361482 ], [ -111.92666393, 40.689792103000102 ], [ -111.925161247, 40.687902975 ], [ -111.923293682, 40.686242878 ], [ -111.91831874, 40.684377452 ], [ -111.91501519, 40.68143491 ], [ -111.914089254, 40.679765726 ], [ -111.915831269, 40.676043384 ], [ -111.917624289, 40.672246441 ], [ -111.917608594, 40.666336348000101 ], [ -111.917840078, 40.658342308 ], [ -111.917977399, 40.653847844 ], [ -111.919739031, 40.647611646 ], [ -111.919405537, 40.638903807000098 ], [ -111.920959226, 40.634681957000097 ], [ -111.923340764, 40.6282593500001 ], [ -111.922006789, 40.621597886000103 ], [ -111.92174352, 40.620147623 ], [ -111.922273583, 40.613547854 ], [ -111.922693394, 40.60847253 ], [ -111.922944494, 40.605484937 ], [ -111.91979396, 40.598329661 ], [ -111.917267254, 40.592636470000102 ], [ -111.917522279, 40.591257042000102 ], [ -111.917008306, 40.590217238 ], [ -111.916191286, 40.589554883000098 ] ] ] } },
{ "type": "Feature", "properties": { "objectid": "92223", "id": "311969", "type": "AC; OVERHEAD", "status": "IN SERVICE", "naics_code": "221121", "naics_desc": "ELECTRIC BULK POWER TRANSMISSION AND CONTROL", "source": "Western Electricity Coordinating Council https://www.wecc.biz/Reliability/YEAR%202014%20OC%20MAP-1.pdf", "sourcedate": "2016-12-31T18:00:00-07:00", "val_method": "IMAGERY/OTHER", "val_date": "2016-12-31T18:00:00-07:00", "owner": "SIERRA PACIFIC POWER COMPANY", "voltage": 345.0, "volt_class": "345", "inferred": "N", "sub_1": "TRACY", "sub_2": "NOT AVAILABLE", "shape_lengt": 28507.891406885999, "globalid": "a23d58c4-fe53-4956-b741-309fafe2beee", "NERC": "WECC", "NERC_Label": "Western Electricity Coordinating Council (WECC)" }, "geometry": { "type": "MultiLineString", "coordinates": [ [ [ -119.51869616, 39.563119999 ], [ -119.518509112, 39.5615060700001 ], [ -119.518719694, 39.559407267 ], [ -119.521712224, 39.559002996000103 ], [ -119.531214245, 39.557266347 ], [ -119.54021979, 39.555639509000102 ], [ -119.543090729, 39.554081201 ], [ -119.553725135, 39.547307470000099 ], [ -119.562232661, 39.542120126 ], [ -119.567314712, 39.539122838 ], [ -119.574867598, 39.534539163 ], [ -119.584217452, 39.528593723 ], [ -119.604398255, 39.515909649 ], [ -119.61423245, 39.509929112000101 ], [ -119.621708121, 39.505310340000101 ], [ -119.63147212, 39.503829244 ], [ -119.633670523, 39.503502827 ], [ -119.63539597, 39.503246634 ], [ -119.664749, 39.486137 ], [ -119.68048866, 39.476671147 ], [ -119.693665, 39.458499999 ], [ -119.696304, 39.456275999000098 ], [ -119.699028, 39.4544980000001 ], [ -119.701279, 39.45314 ], [ -119.707438632, 39.453965056000101 ], [ -119.710693, 39.453999000000103 ], [ -119.715889001, 39.455806999000103 ], [ -119.717473028, 39.455631459000102 ] ] ] } },
{ "type": "Feature", "properties": { "objectid": "68500", "id": "200201", "type": "AC; OVERHEAD", "status": "NOT AVAILABLE", "naics_code": "221121", "naics_desc": "ELECTRIC BULK POWER TRANSMISSION AND CONTROL", "source": "Regional Map", "sourcedate": "2014-06-29T20:00:00-06:00", "val_method": "IMAGERY/OTHER", "val_date": "2014-06-29T20:00:00-06:00", "owner": "TRI-STATE G & T ASSN, INC", "voltage": 345.0, "volt_class": "345", "inferred": "N", "sub_1": "CRAIG", "sub_2": "AULT", "shape_lengt": 385195.242999201, "globalid": "c8a09b46-fc00-44ed-bb3b-31038a279e96", "NERC": "WECC", "NERC_Label": "Western Electricity Coordinating Council (WECC)" }, "geometry": { "type": "MultiLineString", "coordinates": [ [ [ -107.591734929, 40.472360787000099 ], [ -107.593400018, 40.472943373000099 ], [ -107.593409525, 40.473905254 ], [ -107.590852091, 40.473926950000099 ], [ -107.590852091, 40.477911737 ], [ -107.590852091, 40.479951047 ], [ -107.587733732, 40.48006675 ], [ -107.580679398, 40.480348777000103 ], [ -107.567702085, 40.480312619000102 ], [ -107.558423068, 40.477673090000103 ], [ -107.554135327, 40.474057129000101 ], [ -107.545911608, 40.467085005000101 ], [ -107.536822735, 40.459511764000098 ], [ -107.525537701, 40.45023754 ], [ -107.515479095, 40.441866490000102 ], [ -107.499934842, 40.428754333 ], [ -107.47152736, 40.430795135 ], [ -107.454528506, 40.435108115 ], [ -107.437501131, 40.437532236 ], [ -107.422356178, 40.442684106000101 ], [ -107.411128188, 40.446431989000097 ], [ -107.391619436, 40.444521897000101 ], [ -107.37324204, 40.442727519000101 ], [ -107.338626364, 40.443762187 ], [ -107.324869461, 40.444167367 ], [ -107.314668247, 40.440911386 ], [ -107.298315882, 40.440795615000098 ], [ -107.283703333, 40.440882444000103 ], [ -107.269908401, 40.440947565 ], [ -107.257710678, 40.441678365 ], [ -107.229331718, 40.450765670000102 ], [ -107.209243027, 40.457189711000098 ], [ -107.195391053, 40.461595033 ], [ -107.194335755, 40.462586009000098 ], [ -107.192234666, 40.463041709 ], [ -107.191160354, 40.461739702 ], [ -107.183342619, 40.4624199 ], [ -107.178426248, 40.4556064430001 ], [ -107.171713509, 40.446428252 ], [ -107.165851682, 40.438071204 ], [ -107.157477643, 40.4264847480001 ], [ -107.151980491, 40.41889644 ], [ -107.135934752, 40.4115026710001 ], [ -107.118133165, 40.403316132 ], [ -107.10935393, 40.399253347000098 ], [ -107.080733625, 40.396537830000099 ], [ -107.065984511, 40.395159457 ], [ -107.027396398, 40.405475994 ], [ -106.993373487, 40.414505523000102 ], [ -106.978583853, 40.418454276 ], [ -106.946438348, 40.4270091120001 ], [ -106.937510541, 40.429363557 ], [ -106.919693242, 40.43410535 ], [ -106.915582025, 40.435253401000097 ], [ -106.887860592, 40.442625050000103 ], [ -106.852581575, 40.451947650000101 ], [ -106.850109882, 40.453437913000101 ], [ -106.844977407, 40.454619822 ], [ -106.842694806, 40.456079194 ], [ -106.831187255, 40.464136001 ], [ -106.822002825, 40.4705478710001 ], [ -106.820918141, 40.472093915000102 ], [ -106.815582231, 40.480053525000102 ], [ -106.807518945, 40.484722183 ], [ -106.802107729, 40.4879513670001 ], [ -106.781928995, 40.500009939 ], [ -106.779984058, 40.501365622 ], [ -106.776945091, 40.503470985 ], [ -106.769908197, 40.5076609750001 ], [ -106.7607913, 40.513072658000098 ], [ -106.752336221, 40.5180937330001 ], [ -106.742834439, 40.522945774 ], [ -106.717191873, 40.524265766 ], [ -106.704075196, 40.526662271000099 ], [ -106.680402295, 40.530862513 ], [ -106.664691665, 40.533608335000103 ], [ -106.651286528, 40.540616898000103 ], [ -106.635956186, 40.548636106000103 ], [ -106.622408442, 40.555588922 ], [ -106.607256359, 40.563398691 ], [ -106.591498193, 40.571586685000099 ], [ -106.57470612, 40.580387435 ], [ -106.558021003, 40.588961411000099 ], [ -106.543498772, 40.596505601 ], [ -106.523533675, 40.610084802000102 ], [ -106.511138677, 40.618456516 ], [ -106.489462286, 40.633140566000101 ], [ -106.468047342, 40.647749253 ], [ -106.446810659, 40.662057256 ], [ -106.427427877, 40.675172483 ], [ -106.410047329, 40.686952911000098 ], [ -106.39291891, 40.698551357 ], [ -106.384348831, 40.704318673 ], [ -106.3652129, 40.731101667000097 ], [ -106.351676872, 40.749905608000098 ], [ -106.337917786, 40.76915768 ], [ -106.328173723, 40.78274193 ], [ -106.309354769, 40.798518575000102 ], [ -106.291557179, 40.813420728 ], [ -106.27518011, 40.827191358 ], [ -106.258450846, 40.841154522000103 ], [ -106.232329714, 40.860397904000102 ], [ -106.213849592, 40.87416641 ], [ -106.210563408, 40.875360765 ], [ -106.19449825, 40.887171103000099 ], [ -106.181405608, 40.896818307 ], [ -106.163657279, 40.909768359 ], [ -106.152148043, 40.918376507000097 ], [ -106.128255154, 40.935964362 ], [ -106.107765406, 40.950995142000103 ], [ -106.087157493, 40.966111727000097 ], [ -106.062508349, 40.984132881 ], [ -106.050361025, 40.9923389040001 ], [ -106.040766056, 40.998314386000096 ], [ -106.024104843, 41.006358136000102 ], [ -105.998226787, 41.016861687000102 ], [ -105.981660105, 41.022603158 ], [ -105.958783431, 41.030643943 ], [ -105.932432717, 41.030679598000098 ], [ -105.890082511, 41.030733081 ], [ -105.835679512, 41.030786564 ], [ -105.755138495, 41.030786564 ], [ -105.740840574, 41.030519148000103 ], [ -105.737839192, 41.030786564 ], [ -105.677811556, 41.030750909000098 ], [ -105.63238907, 41.030715254 ], [ -105.623219494, 41.030697426000103 ], [ -105.607338166, 41.031303565 ], [ -105.584154265, 41.030875703 ], [ -105.560308641, 41.032961503000102 ], [ -105.520652588, 41.03440548 ], [ -105.493734684, 41.035403767000098 ], [ -105.48603035, 41.034601574000099 ], [ -105.479575856, 41.03584419 ], [ -105.473150405, 41.036072891000103 ], [ -105.44049838, 41.0372251800001 ], [ -105.413467169, 41.026572331000096 ], [ -105.389689498, 41.010180643000098 ], [ -105.367136279, 40.994577037000099 ], [ -105.364325872, 40.992614223 ], [ -105.343148702, 40.972023167 ], [ -105.340256666, 40.970913761000098 ], [ -105.334962373, 40.965982844 ], [ -105.316432349, 40.95803977 ], [ -105.284538318, 40.944317663 ], [ -105.272013935, 40.937358636000098 ], [ -105.252620965, 40.926636778 ], [ -105.232808183, 40.915728124000097 ], [ -105.220272138, 40.899326508 ], [ -105.210138349, 40.891675142000103 ], [ -105.209100481, 40.888677822 ], [ -105.203048195, 40.883123606 ], [ -105.196331207, 40.875946516000099 ], [ -105.187725066, 40.872313588 ], [ -105.173369837, 40.867534046000102 ], [ -105.114537887, 40.847989006 ], [ -105.100485855, 40.845095568 ], [ -105.061186812, 40.836935039 ], [ -105.058213145, 40.834641087000101 ], [ -105.036931021, 40.814362637 ], [ -105.000599338, 40.779660943000103 ], [ -104.980592526, 40.770039924000102 ], [ -104.948177307, 40.769828748000101 ], [ -104.944813793, 40.7683240960001 ], [ -104.942844481, 40.765591877000098 ], [ -104.943262742, 40.749301827000103 ], [ -104.943280169, 40.737603268 ], [ -104.931394589, 40.720051571 ], [ -104.914245893, 40.694580835000103 ], [ -104.9045039, 40.6802558730001 ], [ -104.887564334, 40.666126120000101 ], [ -104.873221471, 40.6542278410001 ], [ -104.855985638, 40.636270644 ], [ -104.835787122, 40.615305655 ], [ -104.824511506, 40.610529743 ], [ -104.81778092, 40.608751407000099 ], [ -104.815466614, 40.608082122 ], [ -104.814229259, 40.608042430000097 ], [ -104.813195224, 40.607539759000097 ] ] ] } },
{ "type": "Feature", "properties": { "objectid": "68426", "id": "200125", "type": "AC; OVERHEAD", "status": "NOT AVAILABLE", "naics_code": "221121", "naics_desc": "ELECTRIC BULK POWER TRANSMISSION AND CONTROL", "source": "http://gis.bpa.gov/ArcGIS/rest/services/BPAPublic/Transmission_Assets/MapServer", "sourcedate": "2014-06-11T20:00:00-06:00", "val_method": "IMAGERY/OTHER", "val_date": "2014-06-11T20:00:00-06:00", "owner": "BONNEVILLE POWER ADMINISTRATION", "voltage": 345.0, "volt_class": "345", "inferred": "N", "sub_1": "ROCKY REACH", "sub_2": "MAPLE VALLEY", "shape_lengt": 306003.14373575401, "globalid": "3a8c582d-9f53-4437-b814-8b04894fbfcf", "NERC": "WECC", "NERC_Label": "Western Electricity Coordinating Council (WECC)" }, "geometry": { "type": "MultiLineString", "coordinates": [ [ [ -120.291632458, 47.53025051 ], [ -120.290812636, 47.530049801000096 ], [ -120.290677869, 47.530028223 ], [ -120.289808981, 47.52964439 ], [ -120.286344641, 47.528117385 ], [ -120.283493596, 47.526947452000101 ], [ -120.275550969, 47.523653335 ], [ -120.27290837, 47.522574307000099 ], [ -120.271526398, 47.522010358 ], [ -120.269702786, 47.521265658000097 ], [ -120.268423255, 47.517972443000097 ], [ -120.267439936, 47.515440008 ], [ -120.26645192, 47.512895331 ], [ -120.264906775, 47.508918691000098 ], [ -120.26382548, 47.506132821 ], [ -120.262386033, 47.50407978 ], [ -120.261084087, 47.502222731000103 ], [ -120.25978223, 47.5003656640001 ], [ -120.256363472, 47.4954875600001 ], [ -120.251688447, 47.491849505000097 ], [ -120.249066459, 47.489809578000099 ], [ -120.245497069, 47.487031409000103 ], [ -120.24215422, 47.484428186000102 ], [ -120.239566932, 47.482414568000102 ], [ -120.236909674, 47.480345135 ], [ -120.232164946, 47.476649861000098 ], [ -120.230881273, 47.474304542 ], [ -120.229581643, 47.471927374000103 ], [ -120.22861511, 47.4701617710001 ], [ -120.226766115, 47.468488173 ], [ -120.223092111, 47.465165709000097 ], [ -120.220340659, 47.462676924 ], [ -120.217915705, 47.460483353 ], [ -120.215171115, 47.457999758 ], [ -120.212815018, 47.455713587 ], [ -120.210152079, 47.453130168 ], [ -120.207755661, 47.450805194000097 ], [ -120.205463565, 47.448580978 ], [ -120.202917241, 47.446109586 ], [ -120.200475249, 47.443738993000103 ], [ -120.198325387, 47.441651565 ], [ -120.196374289, 47.439757838000098 ], [ -120.194045082, 47.4375921050001 ], [ -120.191854152, 47.435555107 ], [ -120.189711498, 47.433562082 ], [ -120.186141446, 47.430240492 ], [ -120.18337976, 47.427672196000103 ], [ -120.180903944, 47.425368722 ], [ -120.177571447, 47.422268439 ], [ -120.174774105, 47.41966383 ], [ -120.170671241, 47.415845960000098 ], [ -120.168172967, 47.413520174 ], [ -120.167407904, 47.412105018 ], [ -120.164836169, 47.407343052 ], [ -120.162861078, 47.40368764 ], [ -120.161289575, 47.4007787090001 ], [ -120.159969616, 47.398333348000101 ], [ -120.15857963, 47.395759388000101 ], [ -120.157141084, 47.393095413 ], [ -120.155904245, 47.390804303 ], [ -120.154272192, 47.387779479000102 ], [ -120.151423161, 47.382500040000103 ], [ -120.151427792, 47.379870241 ], [ -120.151433804, 47.376477588 ], [ -120.151655629, 47.372464657000101 ], [ -120.153792478, 47.370737805 ], [ -120.156297964, 47.368711997 ], [ -120.161800671, 47.364261843000101 ], [ -120.163760187, 47.362676853 ], [ -120.168482862, 47.358856945000099 ], [ -120.17253031, 47.359038037000097 ], [ -120.17633969, 47.359208208 ], [ -120.181398548, 47.357463991 ], [ -120.186791861, 47.355604073000102 ], [ -120.187649105, 47.353260143000099 ], [ -120.18859348, 47.350679706000101 ], [ -120.190811861, 47.34461314 ], [ -120.191269069, 47.343362785000103 ], [ -120.192136345, 47.340989679000103 ], [ -120.193214336, 47.3380416420001 ], [ -120.193674906, 47.336781564 ], [ -120.198434794, 47.334237782000102 ], [ -120.200654967, 47.333051512 ], [ -120.207708526, 47.329281933000097 ], [ -120.210641091, 47.327714233000101 ], [ -120.213365866, 47.326256482000097 ], [ -120.219657015, 47.322892777 ], [ -120.222509615, 47.321367449 ], [ -120.226281155, 47.31935 ], [ -120.232855488, 47.3158329030001 ], [ -120.237482552, 47.3133569620001 ], [ -120.243881274, 47.309932592000102 ], [ -120.249133506, 47.307121036000098 ], [ -120.252591954, 47.3052692260001 ], [ -120.257595766, 47.302589762 ], [ -120.261839076, 47.300317015000097 ], [ -120.263836405, 47.299247538 ], [ -120.266087915, 47.298041203 ], [ -120.270578742, 47.292751521000099 ], [ -120.272412334, 47.290591155000101 ], [ -120.273944169, 47.288786596000101 ], [ -120.276818031, 47.285399672 ], [ -120.27995696, 47.282399450000099 ], [ -120.28318042, 47.279317118000101 ], [ -120.284897973, 47.277675452000103 ], [ -120.286697626, 47.275471122000098 ], [ -120.288341129, 47.273458581000099 ], [ -120.292791842, 47.268006901 ], [ -120.294796576, 47.265550844000103 ], [ -120.296586031, 47.263358282000098 ], [ -120.300155097, 47.2589842900001 ], [ -120.302276586, 47.256384736 ], [ -120.304623228, 47.253508916 ], [ -120.307359156, 47.2501537690001 ], [ -120.310243239, 47.246618576000103 ], [ -120.312880947, 47.243383475 ], [ -120.314932729, 47.24086724 ], [ -120.317522005, 47.237691054 ], [ -120.319962842, 47.234697506 ], [ -120.322191285, 47.231963290000103 ], [ -120.324848225, 47.228703248 ], [ -120.3270359, 47.226018825 ], [ -120.330023347, 47.2223516520001 ], [ -120.332405503, 47.219427447 ], [ -120.335725203, 47.215352403000097 ], [ -120.339229044, 47.211049509000098 ], [ -120.341314882, 47.208487132000101 ], [ -120.344704563, 47.207226160000097 ], [ -120.347899976, 47.206037223000102 ], [ -120.353108085, 47.20409864 ], [ -120.358120735, 47.202232005 ], [ -120.361102754, 47.201121573000101 ], [ -120.364368359, 47.199905438 ], [ -120.36987474, 47.197854534000101 ], [ -120.374640039, 47.196079395 ], [ -120.379544841, 47.194251288 ], [ -120.384485807, 47.192410250000101 ], [ -120.387838012, 47.191160718 ], [ -120.391719854, 47.189713831000098 ], [ -120.399834387, 47.186687953 ], [ -120.404809418, 47.184832668000098 ], [ -120.408443223, 47.183476847000101 ], [ -120.412534623, 47.181950364000102 ], [ -120.417940952, 47.179933639000097 ], [ -120.419794352, 47.177918999 ], [ -120.421888201, 47.175643217000101 ], [ -120.423961097, 47.173389976000102 ], [ -120.427646243, 47.169383721 ], [ -120.429248193, 47.167642015000098 ], [ -120.43218499, 47.164448590000099 ], [ -120.434534215, 47.161893795 ], [ -120.436562642, 47.159686907 ], [ -120.439679492, 47.156295711 ], [ -120.444377223, 47.151185689000101 ], [ -120.446477467, 47.148899566000097 ], [ -120.447749943, 47.147907572000101 ], [ -120.451111289, 47.145286318 ], [ -120.453505117, 47.143417947000103 ], [ -120.456944578, 47.140735121 ], [ -120.459590376, 47.138671011 ], [ -120.46283064, 47.136142201 ], [ -120.466459028, 47.1333099450001 ], [ -120.470092459, 47.132119631000101 ], [ -120.473605394, 47.130967788000099 ], [ -120.483022577, 47.127881385000101 ], [ -120.488709856, 47.126494294 ], [ -120.496824907, 47.128082264 ], [ -120.500310225, 47.128919524 ], [ -120.504099194, 47.12982937 ], [ -120.507698147, 47.130693253000103 ], [ -120.511184782, 47.1315301610001 ], [ -120.514140006, 47.132239988 ], [ -120.519974907, 47.133639706000103 ], [ -120.524370819, 47.134694901 ], [ -120.526645447, 47.1352400580001 ], [ -120.532329693, 47.136603174000101 ], [ -120.535171993, 47.137284947000097 ], [ -120.539833226, 47.138402371 ], [ -120.543963999, 47.139392713 ], [ -120.546916971, 47.140100432000096 ], [ -120.555922555, 47.142257871 ], [ -120.563637267, 47.1441055230001 ], [ -120.566669465, 47.144831651000104 ], [ -120.570802213, 47.145821015000102 ], [ -120.575484348, 47.146941900000101 ], [ -120.57889638, 47.147758490000101 ], [ -120.582232747, 47.1485567080001 ], [ -120.585720654, 47.149391448000102 ], [ -120.588735022, 47.150112046000103 ], [ -120.592868535, 47.151100655 ], [ -120.594764045, 47.151553766000099 ], [ -120.599106496, 47.152592076000097 ], [ -120.603694666, 47.153689327 ], [ -120.609800196, 47.155148535000102 ], [ -120.614123762, 47.156181389 ], [ -120.617632051, 47.157019367 ], [ -120.621234581, 47.157879756 ], [ -120.625596488, 47.158921987 ], [ -120.629958519, 47.159963415 ], [ -120.63325854, 47.16075104 ], [ -120.638493194, 47.162000094000099 ], [ -120.641603686, 47.162742548 ], [ -120.645321589, 47.163629556 ], [ -120.649873734, 47.164715845 ], [ -120.654236184, 47.165756362000103 ], [ -120.658087544, 47.166674549 ], [ -120.663114602, 47.167873356 ], [ -120.665618711, 47.1684698810001 ], [ -120.671917476, 47.169971446 ], [ -120.676622629, 47.171092501 ], [ -120.67939628, 47.171753130000099 ], [ -120.685540618, 47.173216228000101 ], [ -120.688196758, 47.173848738000103 ], [ -120.691449325, 47.174623213000103 ], [ -120.696356499, 47.175791426 ], [ -120.697872655, 47.1763585590001 ], [ -120.708581623, 47.180362026000097 ], [ -120.713157735, 47.182071655000101 ], [ -120.720168733, 47.184690553 ], [ -120.729257148, 47.1880853810001 ], [ -120.732502743, 47.189297222 ], [ -120.736470843, 47.190779350000099 ], [ -120.740333643, 47.192221420000102 ], [ -120.744249338, 47.193682316 ], [ -120.747373086, 47.19484816 ], [ -120.751224491, 47.195476263 ], [ -120.754353867, 47.19598646 ], [ -120.759967128, 47.196901526 ], [ -120.763546595, 47.197484343 ], [ -120.767653689, 47.198153201 ], [ -120.77225012, 47.19890172 ], [ -120.776455294, 47.199586368 ], [ -120.780758875, 47.200286944 ], [ -120.787722637, 47.201419733000101 ], [ -120.790779287, 47.201916898 ], [ -120.79505222, 47.201763417 ], [ -120.800229416, 47.2015719400001 ], [ -120.804150022, 47.201435404000101 ], [ -120.809612756, 47.201238124 ], [ -120.81322762, 47.201108025 ], [ -120.817043496, 47.200969921000102 ], [ -120.82186359, 47.2007935950001 ], [ -120.825678584, 47.200650431 ], [ -120.829394051, 47.200511066 ], [ -120.834542515, 47.200318064000101 ], [ -120.838831438, 47.200156947 ], [ -120.842646895, 47.200013902000101 ], [ -120.846662852, 47.199862805000102 ], [ -120.851542295, 47.199679197000101 ], [ -120.854895215, 47.1995522610001 ], [ -120.858512081, 47.199416576 ], [ -120.862224528, 47.199271462000098 ], [ -120.866641567, 47.199098964 ], [ -120.869552875, 47.198984739 ], [ -120.87356432, 47.19882806 ], [ -120.878587895, 47.198631713 ], [ -120.880306105, 47.198564091 ], [ -120.885916558, 47.198350827000098 ], [ -120.888125924, 47.198280611 ], [ -120.891119198, 47.198185813000102 ], [ -120.896864336, 47.198003295 ], [ -120.898371265, 47.197955455000098 ], [ -120.903634161, 47.19778789 ], [ -120.907872809, 47.197652727 ], [ -120.912094345, 47.197517979 ], [ -120.914986054, 47.198095752 ], [ -120.919443873, 47.198986098 ], [ -120.922192554, 47.199534798000101 ], [ -120.925832534, 47.200261867 ], [ -120.927858852, 47.200666219 ], [ -120.933726335, 47.201837366000099 ], [ -120.936776477, 47.202445733 ], [ -120.93899577, 47.202888785 ], [ -120.941370016, 47.203362332 ], [ -120.945996935, 47.204285196 ], [ -120.949115691, 47.204311133 ], [ -120.951894708, 47.2042529020001 ], [ -120.955814564, 47.204170011 ], [ -120.959935175, 47.204082298000102 ], [ -120.963724179, 47.204002171000099 ], [ -120.967297681, 47.203112346000097 ], [ -120.970628593, 47.202409212000099 ], [ -120.975277295, 47.201427212000098 ], [ -120.979388273, 47.200558699 ], [ -120.983460353, 47.199697536 ], [ -120.98737951, 47.198869576 ], [ -120.9914896, 47.198000654000097 ], [ -120.996003017, 47.197045756000101 ], [ -120.999775348, 47.196247771000102 ], [ -121.003126254, 47.195538872 ], [ -121.006133978, 47.194954906000099 ], [ -121.011700477, 47.193872811000098 ], [ -121.0211243, 47.191020120000097 ], [ -121.024303305, 47.19005745 ], [ -121.026943862, 47.191426351000104 ], [ -121.029504412, 47.192753966000097 ], [ -121.034465534, 47.195325896 ], [ -121.038775213, 47.197559985 ], [ -121.041621234, 47.198602739000101 ], [ -121.046340188, 47.2003319680001 ], [ -121.051441569, 47.20271496 ], [ -121.055904248, 47.204798935 ], [ -121.057845103, 47.205704849 ], [ -121.063588222, 47.208386058 ], [ -121.068827546, 47.210447538 ], [ -121.071353131, 47.2114416000001 ], [ -121.07466248, 47.212743068000101 ], [ -121.07838389, 47.214206741000098 ], [ -121.082396875, 47.215784544 ], [ -121.086334315, 47.217333234000101 ], [ -121.089191895, 47.218456251000099 ], [ -121.092310414, 47.219682118 ], [ -121.097014723, 47.221531527000103 ], [ -121.100761238, 47.223003958 ], [ -121.104978654, 47.224660474000103 ], [ -121.10790616, 47.225810850000101 ], [ -121.111740041, 47.227317 ], [ -121.11426769, 47.228310114000102 ], [ -121.118654044, 47.229071904000101 ], [ -121.121851901, 47.229627099 ], [ -121.125400417, 47.230243482 ], [ -121.129993052, 47.231040917 ], [ -121.132226298, 47.231841992 ], [ -121.137442262, 47.233714498 ], [ -121.14011281, 47.234672515 ], [ -121.146166136, 47.236844307000098 ], [ -121.148837044, 47.237802811000101 ], [ -121.153302691, 47.239404267000097 ], [ -121.156350534, 47.242012004000102 ], [ -121.158832159, 47.244136047 ], [ -121.162028411, 47.246870301000101 ], [ -121.164322583, 47.248832553 ], [ -121.167055237, 47.251170161000097 ], [ -121.170277687, 47.2539259610001 ], [ -121.173173865, 47.256402614000102 ], [ -121.175858073, 47.258697084000097 ], [ -121.178315774, 47.260798224 ], [ -121.182594239, 47.261058638000101 ], [ -121.186928304, 47.261318788 ], [ -121.191440097, 47.2615918710001 ], [ -121.196192455, 47.261879976 ], [ -121.200803296, 47.26215868 ], [ -121.203724382, 47.262326728000097 ], [ -121.208835301, 47.262927998000102 ], [ -121.21258334, 47.264249261 ], [ -121.216695265, 47.265698925 ], [ -121.221433641, 47.267369236 ], [ -121.225045329, 47.268642102000101 ], [ -121.229390911, 47.2701736590001 ], [ -121.234490669, 47.2719699720001 ], [ -121.236068987, 47.271800561000099 ], [ -121.238574765, 47.271530434000098 ], [ -121.240961437, 47.271274160000097 ], [ -121.246336584, 47.270706908000101 ], [ -121.253631116, 47.269909113 ], [ -121.256359549, 47.269577690000098 ], [ -121.261497431, 47.270700906 ], [ -121.264143976, 47.271279205 ], [ -121.268649496, 47.2722635330001 ], [ -121.275405059, 47.273739811 ], [ -121.279820578, 47.275721226 ], [ -121.281264396, 47.277834524000099 ], [ -121.283709843, 47.281414090000098 ], [ -121.28488194, 47.283129771000098 ], [ -121.285742774, 47.284274787000101 ], [ -121.288117757, 47.287374486 ], [ -121.28951465, 47.289197378 ], [ -121.29547623, 47.2914634730001 ], [ -121.30089326, 47.293521719000097 ], [ -121.306626716, 47.2957000930001 ], [ -121.313803776, 47.298425922 ], [ -121.319503383, 47.300590534 ], [ -121.322494147, 47.301725945 ], [ -121.326140176, 47.303110047000096 ], [ -121.333537973, 47.303393576000097 ], [ -121.338516333, 47.303584292 ], [ -121.340114956, 47.304277851000101 ], [ -121.345190018, 47.3064807310001 ], [ -121.350714372, 47.308877774 ], [ -121.358442716, 47.31223069 ], [ -121.360588966, 47.314378307 ], [ -121.364214101, 47.318004136000098 ], [ -121.36574402, 47.319534076 ], [ -121.368916712, 47.322706531 ], [ -121.37072977, 47.324519323000096 ], [ -121.375375313, 47.329163816000097 ], [ -121.376500049, 47.331700854000097 ], [ -121.377534161, 47.334033048 ], [ -121.378587662, 47.337077738000097 ], [ -121.379325576, 47.339212021 ], [ -121.380511656, 47.342639991 ], [ -121.381589081, 47.345783609000101 ], [ -121.382626577, 47.348748929000102 ], [ -121.384471618, 47.354079728 ], [ -121.387886125, 47.358040116 ], [ -121.391252806, 47.3619479480001 ], [ -121.393559141, 47.363420293000097 ], [ -121.396640039, 47.3654166910001 ], [ -121.399242745, 47.367082057000097 ], [ -121.399966204, 47.371609268 ], [ -121.400412191, 47.374402238000101 ], [ -121.402610233, 47.376238021000098 ], [ -121.403901946, 47.377709051000103 ], [ -121.406050082, 47.380156789000097 ], [ -121.406676265, 47.380870005000098 ], [ -121.412820604, 47.383779966000098 ], [ -121.415798941, 47.385190588 ], [ -121.418410214, 47.3864272920001 ], [ -121.421590752, 47.387932592 ], [ -121.423907672, 47.3890297250001 ], [ -121.426472476, 47.390243953 ], [ -121.433424607, 47.393534898 ], [ -121.435073172, 47.393699757 ], [ -121.443209558, 47.390536919000098 ], [ -121.445347045, 47.389706836000101 ], [ -121.448174346, 47.388644125 ], [ -121.453555911, 47.391077606000103 ], [ -121.456141757, 47.392260879 ], [ -121.459743334, 47.391870704 ], [ -121.465813226, 47.390733652000101 ], [ -121.470041327, 47.389940855000098 ], [ -121.475378065, 47.3908519350001 ], [ -121.478980152, 47.391467119 ], [ -121.483443387, 47.392229516 ], [ -121.487900528, 47.392989944000099 ], [ -121.493609301, 47.392379841 ], [ -121.497717128, 47.391940377 ], [ -121.503706148, 47.391299810000099 ], [ -121.509316073, 47.390699453000103 ], [ -121.513163312, 47.390357264 ], [ -121.51780598, 47.389943276 ], [ -121.521808328, 47.389587305000099 ], [ -121.524718747, 47.389328035000098 ], [ -121.53081821, 47.388784147000102 ], [ -121.534896476, 47.389597120000097 ], [ -121.541202572, 47.390852698000103 ], [ -121.545807503, 47.391770106000102 ], [ -121.550009397, 47.393106244000101 ], [ -121.554214077, 47.394442821 ], [ -121.557139083, 47.395372379 ], [ -121.560974569, 47.3965917250001 ], [ -121.567004573, 47.398507395000102 ], [ -121.573223298, 47.400483489000102 ], [ -121.579654374, 47.403835702 ], [ -121.581902855, 47.4050073760001 ], [ -121.585372189, 47.406816035000098 ], [ -121.590086814, 47.410605441 ], [ -121.598638055, 47.413584940000099 ], [ -121.600287691, 47.414405066 ], [ -121.608371878, 47.418419147000101 ], [ -121.61229316, 47.420366103 ], [ -121.615158526, 47.420872630000098 ], [ -121.620627693, 47.4218379920001 ], [ -121.62391669, 47.422418445000098 ], [ -121.625435295, 47.42368457 ], [ -121.630632934, 47.428017025 ], [ -121.631936102, 47.430466636000098 ], [ -121.633519163, 47.4334426140001 ], [ -121.637742808, 47.435294455000097 ], [ -121.641648463, 47.4370067790001 ], [ -121.646908128, 47.439312374000103 ], [ -121.653441131, 47.442175770000098 ], [ -121.657042062, 47.443753929000103 ], [ -121.663367656, 47.446524651000097 ], [ -121.667763796, 47.4473687730001 ], [ -121.675074142, 47.448771656000098 ], [ -121.679117855, 47.449547559000102 ], [ -121.683667906, 47.4504200820001 ], [ -121.68749599, 47.451154089 ], [ -121.691617144, 47.45200141 ], [ -121.700145067, 47.453754369000102 ], [ -121.70528576, 47.454810129000101 ], [ -121.708756548, 47.455523334000098 ], [ -121.713950683, 47.455694901000101 ], [ -121.717470739, 47.455811447 ], [ -121.726158089, 47.456097959 ], [ -121.728935349, 47.456189558000098 ], [ -121.735495387, 47.456405166000103 ], [ -121.738361572, 47.45649919 ], [ -121.74124808, 47.456593703000102 ], [ -121.746596922, 47.456769323000103 ], [ -121.749596261, 47.456867326000101 ], [ -121.754876987, 47.457040631 ], [ -121.757964472, 47.457892325 ], [ -121.761858001, 47.458967143 ], [ -121.765278949, 47.459990096000098 ], [ -121.769365553, 47.461212213000103 ], [ -121.773844645, 47.462550993 ], [ -121.777688048, 47.463699496000103 ], [ -121.782397031, 47.465106339 ], [ -121.79167062, 47.46787723 ], [ -121.793335595, 47.468374711000102 ], [ -121.79607378, 47.469192169000102 ], [ -121.798070141, 47.470854074 ], [ -121.800918896, 47.473226394 ], [ -121.802329489, 47.474397884 ], [ -121.805087123, 47.476691971 ], [ -121.807768977, 47.478923105 ], [ -121.810228844, 47.480968716000099 ], [ -121.814681359, 47.484671957 ], [ -121.81678605, 47.4864219460001 ], [ -121.819512108, 47.488688836000101 ], [ -121.821231783, 47.490118389 ], [ -121.823706384, 47.492175493 ], [ -121.827070895, 47.494357095 ], [ -121.832272667, 47.497730216 ], [ -121.836200986, 47.498547034000097 ], [ -121.839579785, 47.49925012 ], [ -121.842847038, 47.499929502 ], [ -121.845992958, 47.500583522 ], [ -121.853035208, 47.501399402000096 ], [ -121.856244909, 47.501771513000101 ], [ -121.860409726, 47.502253458 ], [ -121.862101745, 47.501355808 ], [ -121.865267824, 47.499676601 ], [ -121.869726612, 47.497311128 ], [ -121.874025242, 47.495029724000098 ], [ -121.876668377, 47.493627372 ], [ -121.87912937, 47.492321124 ], [ -121.883552563, 47.489973028000101 ], [ -121.886356931, 47.487730097000103 ], [ -121.890865375, 47.484122484000103 ], [ -121.895333955, 47.480545866000099 ], [ -121.8991226, 47.4775133690001 ], [ -121.90038682, 47.476501533 ], [ -121.904833864, 47.475059460000097 ], [ -121.908023484, 47.474024727 ], [ -121.913469473, 47.471936022000101 ], [ -121.919358282, 47.469676044 ], [ -121.922988565, 47.467928356000101 ], [ -121.926494771, 47.466240011000103 ], [ -121.931941591, 47.46409742 ], [ -121.936287131, 47.462388185000101 ], [ -121.940132322, 47.460874948 ], [ -121.943278256, 47.459637563000101 ], [ -121.947123562, 47.4581240750001 ], [ -121.953939438, 47.455441272 ], [ -121.959460908, 47.453267368000098 ], [ -121.960788916, 47.452744947 ], [ -121.964032174, 47.451467821000101 ], [ -121.968029868, 47.449892895000097 ], [ -121.975650184, 47.450331967000103 ], [ -121.979342386, 47.450543573000097 ], [ -121.984850016, 47.450859998000098 ], [ -121.987628085, 47.451019866000102 ], [ -121.99178704, 47.451258800000097 ], [ -121.996787456, 47.451545227000103 ], [ -122.002021786, 47.451845603 ], [ -122.007355936, 47.452151137 ], [ -122.011382533, 47.452381262000102 ], [ -122.01506639, 47.452592111000101 ], [ -122.017180316, 47.452712758000096 ], [ -122.022434634, 47.453012757000103 ], [ -122.032500781, 47.453586907 ], [ -122.037558162, 47.453875376 ], [ -122.039153113, 47.453966193 ], [ -122.041952398, 47.454328706000098 ], [ -122.044616368, 47.45434636 ], [ -122.047163806, 47.4543641160001 ], [ -122.053712289, 47.454408138000097 ], [ -122.056542137, 47.454427369 ], [ -122.061492926, 47.454460233000098 ], [ -122.068669221, 47.453915629 ], [ -122.079950348, 47.453869286 ], [ -122.082579483, 47.453933494000097 ], [ -122.086737283, 47.453920943000099 ], [ -122.09130344, 47.453920943000099 ], [ -122.095713963, 47.4537827710001 ], [ -122.100684787, 47.453779449000102 ], [ -122.10485447, 47.4537761650001 ], [ -122.111072999, 47.454603906000102 ], [ -122.115613056, 47.455207708 ], [ -122.118964646, 47.455653138000102 ], [ -122.124734494, 47.456419884000098 ], [ -122.128165349, 47.456876061000102 ], [ -122.131814254, 47.457360484 ], [ -122.136335268, 47.457960898000103 ], [ -122.139862791, 47.45842973 ], [ -122.145987837, 47.458401147000103 ], [ -122.150311469, 47.458380594000097 ], [ -122.154489726, 47.458360766 ], [ -122.159311735, 47.460184603000101 ], [ -122.163547263, 47.461785698 ], [ -122.166239996, 47.46280374 ], [ -122.170456476, 47.467195802 ], [ -122.17300928, 47.469855268000103 ], [ -122.176472317, 47.470220002000097 ], [ -122.180835096, 47.470679275000101 ], [ -122.184389555, 47.469805793 ], [ -122.185206353, 47.469302973 ], [ -122.186191283, 47.469733561000098 ] ] ] } },
{ "type": "Feature", "properties": { "objectid": "92367", "id": "312113", "type": "AC; OVERHEAD", "status": "IN SERVICE", "naics_code": "221121", "naics_desc": "ELECTRIC BULK POWER TRANSMISSION AND CONTROL", "source": "Western Electricity Coordinating Council https://www.wecc.biz/Reliability/YEAR%202014%20OC%20MAP-1.pdf", "sourcedate": "2016-12-31T18:00:00-07:00", "val_method": "IMAGERY/OTHER", "val_date": "2016-12-31T18:00:00-07:00", "owner": "NOT AVAILABLE", "voltage": 345.0, "volt_class": "345", "inferred": "N", "sub_1": "WELPORT LEASE PROJECT", "sub_2": "WELPORT LEASE PROJECT", "shape_lengt": 83655.080234564302, "globalid": "698751a9-24ea-4225-8fc4-8ee47a0fb713", "NERC": "WECC", "NERC_Label": "Western Electricity Coordinating Council (WECC)" }, "geometry": { "type": "MultiLineString", "coordinates": [ [ [ -106.108754122, 35.7641865800001 ], [ -106.108276, 35.762341 ], [ -106.105252, 35.755351 ], [ -106.085181368, 35.694773498000103 ], [ -106.084446, 35.692554 ], [ -106.084831, 35.682652999 ], [ -106.116312, 35.643799000000101 ], [ -106.132045, 35.624303999000098 ], [ -106.141558, 35.624331 ], [ -106.141539, 35.614246 ], [ -106.14827, 35.607814 ], [ -106.159211235, 35.597300328000102 ], [ -106.164801, 35.5919290000001 ], [ -106.20258, 35.555672000000101 ], [ -106.204401001, 35.55271 ], [ -106.207863, 35.545945999 ], [ -106.211408, 35.543334999 ], [ -106.219142, 35.539705999 ], [ -106.230325, 35.528891 ], [ -106.230325971, 35.528604102 ], [ -106.230337, 35.525346 ], [ -106.230271, 35.512907 ], [ -106.230184001, 35.494620999 ], [ -106.229872001, 35.480948999000098 ], [ -106.229727739, 35.466762057 ], [ -106.229682, 35.462263999000101 ], [ -106.229571, 35.441320999 ], [ -106.24861, 35.4371760000001 ], [ -106.280233, 35.430292000000101 ], [ -106.369318056, 35.365537155 ], [ -106.379672, 35.358010999 ], [ -106.384568396, 35.354443504000102 ], [ -106.393408, 35.348003 ], [ -106.414206, 35.348046999000097 ], [ -106.430624001, 35.348076 ], [ -106.460481001, 35.3481120000001 ], [ -106.463206714, 35.348108690000103 ], [ -106.477244911, 35.348091643 ], [ -106.481071085, 35.348919694000102 ], [ -106.482924518, 35.348671921000097 ] ] ] } },
{ "type": "Feature", "properties": { "objectid": "74396", "id": "206675", "type": "AC", "status": "NOT AVAILABLE", "naics_code": "221121", "naics_desc": "ELECTRIC BULK POWER TRANSMISSION AND CONTROL", "source": "IMAGERY", "sourcedate": "2016-01-06T18:00:00-07:00", "val_method": "IMAGERY", "val_date": "2016-01-06T18:00:00-07:00", "owner": "PACIFICORP", "voltage": 345.0, "volt_class": "345", "inferred": "Y", "sub_1": "NOT AVAILABLE", "sub_2": "EMERY", "shape_lengt": 617.06722064979999, "globalid": "beb05929-23a5-4cfb-86a5-907d4718e491", "NERC": "WECC", "NERC_Label": "Western Electricity Coordinating Council (WECC)" }, "geometry": { "type": "MultiLineString", "coordinates": [ [ [ -111.028898264, 39.173376085 ], [ -111.029729886, 39.175346279000102 ], [ -111.029194507, 39.176759679 ], [ -111.028556031, 39.177324660000103 ] ] ] } },
{ "type": "Feature", "properties": { "objectid": "74622", "id": "206910", "type": "AC", "status": "NOT AVAILABLE", "naics_code": "221121", "naics_desc": "ELECTRIC BULK POWER TRANSMISSION AND CONTROL", "source": "IMAGERY", "sourcedate": "2016-02-15T18:00:00-07:00", "val_method": "IMAGERY", "val_date": "2016-02-15T18:00:00-07:00", "owner": "INTERMOUNTAIN POWER AGENCY", "voltage": 345.0, "volt_class": "345", "inferred": "Y", "sub_1": "NOT AVAILABLE", "sub_2": "INTERMOUNTAIN", "shape_lengt": 1193.3254756755, "globalid": "2e53ff0a-772d-49d0-962e-9b1a375b0f78", "NERC": "WECC", "NERC_Label": "Western Electricity Coordinating Council (WECC)" }, "geometry": { "type": "MultiLineString", "coordinates": [ [ [ -112.579942533, 39.509260432000097 ], [ -112.581198472, 39.507476315000098 ], [ -112.581138986, 39.505991532 ], [ -112.580701165, 39.504668551000101 ], [ -112.580882004, 39.504325909000102 ], [ -112.580848691, 39.502845884000102 ], [ -112.580690036, 39.501311126000097 ] ] ] } },
{ "type": "Feature", "properties": { "objectid": "68451", "id": "200151", "type": "AC; OVERHEAD", "status": "NOT AVAILABLE", "naics_code": "221121", "naics_desc": "ELECTRIC BULK POWER TRANSMISSION AND CONTROL", "source": "http://www.oasis.oati.com/PPW/PPWdocs/Transmission_Network_Diagram.pdf", "sourcedate": "2014-06-22T20:00:00-06:00", "val_method": "IMAGERY/OTHER", "val_date": "2014-06-22T20:00:00-06:00", "owner": "PACIFICORP", "voltage": 345.0, "volt_class": "345", "inferred": "N", "sub_1": "SYRACUSE", "sub_2": "TERMINAL", "shape_lengt": 61196.181739794702, "globalid": "ab84da5e-96f4-4f63-b1b3-9d5b9a7f06be", "NERC": "WECC", "NERC_Label": "Western Electricity Coordinating Council (WECC)" }, "geometry": { "type": "MultiLineString", "coordinates": [ [ [ -112.0435657, 41.094735381000099 ], [ -112.044298802, 41.0945433750001 ], [ -112.04413241, 41.094182555 ], [ -112.043030523, 41.093022076000103 ], [ -112.04093183, 41.090886881000102 ], [ -112.03885688, 41.088765923 ], [ -112.036991121, 41.08687065 ], [ -112.034892453, 41.084710200000103 ], [ -112.032881658, 41.082644561 ], [ -112.030880393, 41.080596797 ], [ -112.029102568, 41.078771154 ], [ -112.027084649, 41.076696376 ], [ -112.025221228, 41.074791756 ], [ -112.023357802, 41.072881702000103 ], [ -112.021506307, 41.070996724000103 ], [ -112.019861606, 41.069298064000101 ], [ -112.017986343, 41.067368186000103 ], [ -112.016182371, 41.065490207 ], [ -112.014337885, 41.063583387000101 ], [ -112.012476833, 41.061690924000096 ], [ -112.010675257, 41.059837892000097 ], [ -112.008695394, 41.057805558 ], [ -112.006858111, 41.055911138 ], [ -112.004875828, 41.053885807 ], [ -112.002917367, 41.051883772 ], [ -112.000947012, 41.049860154 ], [ -111.998938594, 41.0478023840001 ], [ -111.996984893, 41.045807339000099 ], [ -111.995064426, 41.043826532 ], [ -111.993279449, 41.042010602000097 ], [ -111.991271093, 41.039940100000102 ], [ -111.989260291, 41.03787484 ], [ -111.987337441, 41.035908131 ], [ -111.985386127, 41.033914528 ], [ -111.983380136, 41.031843762000101 ], [ -111.981447784, 41.02985536 ], [ -111.979513083, 41.027866929 ], [ -111.977590256, 41.0258820130001 ], [ -111.975698302, 41.023936461000098 ], [ -111.973706541, 41.021892245000103 ], [ -111.971752819, 41.019885634 ], [ -111.969803866, 41.017882565 ], [ -111.967883405, 41.015899129 ], [ -111.965941401, 41.013908308000097 ], [ -111.96396378, 41.0119461580001 ], [ -111.961981555, 41.009976927 ], [ -111.960008826, 41.008007625 ], [ -111.958028919, 41.00603463 ], [ -111.95601574, 41.004041849 ], [ -111.954009742, 41.0020580240001 ], [ -111.951980007, 41.000040091000102 ], [ -111.949981157, 40.998038228 ], [ -111.948169997, 40.996220997000101 ], [ -111.946161558, 40.994229699000101 ], [ -111.944250643, 40.992333497000097 ], [ -111.942266025, 40.990351104000098 ], [ -111.940331432, 40.98842797 ], [ -111.93838958, 40.986429297 ], [ -111.936535581, 40.984590159000099 ], [ -111.934567587, 40.982612902 ], [ -111.932594805, 40.980658880000099 ], [ -111.930576947, 40.978651049000099 ], [ -111.928644609, 40.976716685 ], [ -111.926583883, 40.974667378 ], [ -111.924765636, 40.972865698000099 ], [ -111.922726385, 40.970836094 ], [ -111.920741785, 40.968849484 ], [ -111.918987646, 40.967092448000102 ], [ -111.916896055, 40.96503031 ], [ -111.915161059, 40.963296630000102 ], [ -111.913183574, 40.961315163000101 ], [ -111.911591103, 40.959719511000102 ], [ -111.910083962, 40.958215704 ], [ -111.908896923, 40.956060631000099 ], [ -111.907689503, 40.953874289000098 ], [ -111.906486876, 40.951698717000099 ], [ -111.90531511, 40.94953916 ], [ -111.904152825, 40.947442317 ], [ -111.902771929, 40.944939774 ], [ -111.90146002, 40.9425431700001 ], [ -111.900606974, 40.940926875000102 ], [ -111.900924735, 40.938603537000098 ], [ -111.901295495, 40.936298255000104 ], [ -111.901656765, 40.933947889000102 ], [ -111.902037044, 40.931613636000101 ], [ -111.902412593, 40.929271971 ], [ -111.902769117, 40.92690874 ], [ -111.903137508, 40.924561693 ], [ -111.903513037, 40.922227086000099 ], [ -111.905253056, 40.919903276000099 ], [ -111.906440434, 40.917692615000099 ], [ -111.907588462, 40.916101266000098 ], [ -111.908850537, 40.914330322000097 ], [ -111.909751318, 40.913083837 ], [ -111.911298634, 40.9109319780001 ], [ -111.912986159, 40.908578897 ], [ -111.914576242, 40.906367636 ], [ -111.916130683, 40.9041958070001 ], [ -111.917685071, 40.902022182 ], [ -111.919187214, 40.899950826000101 ], [ -111.920663241, 40.897881164000097 ], [ -111.922186748, 40.895754019 ], [ -111.923745922, 40.893581872 ], [ -111.925300345, 40.891416833 ], [ -111.926686021, 40.8894870990001 ], [ -111.928242829, 40.887316525000102 ], [ -111.929837653, 40.885090195 ], [ -111.931420603, 40.882888931 ], [ -111.932932247, 40.880775655 ], [ -111.934408229, 40.878723425 ], [ -111.935865212, 40.876692675000101 ], [ -111.937212871, 40.874814613000098 ], [ -111.93868889, 40.87274597 ], [ -111.939855873, 40.871103298 ], [ -111.94127004, 40.869138863 ], [ -111.942800718, 40.867005347 ], [ -111.944331369, 40.864862814 ], [ -111.945864407, 40.862730981 ], [ -111.947390331, 40.860591865000103 ], [ -111.948890089, 40.858490463000102 ], [ -111.95052147, 40.8565217760001 ], [ -111.952202686, 40.854371022000102 ], [ -111.953913966, 40.852224493000101 ], [ -111.955622858, 40.850090492 ], [ -111.957398331, 40.847880872000097 ], [ -111.959081091, 40.8457754840001 ], [ -111.960854727, 40.843576987000098 ], [ -111.962710557, 40.842199936 ], [ -111.965345429, 40.841104501000103 ], [ -111.967610522, 40.84016588 ], [ -111.970087161, 40.839135534 ], [ -111.972461563, 40.838148343 ], [ -111.975085549, 40.837060428 ], [ -111.977645374, 40.835995868 ], [ -111.980114855, 40.834969066 ], [ -111.982814885, 40.833848736 ], [ -111.985510263, 40.832762561 ], [ -111.986210567, 40.830697622000102 ], [ -111.98687132, 40.828841648 ], [ -111.987529687, 40.826985645 ], [ -111.988047819, 40.825538561 ], [ -111.990379778, 40.825273536000097 ], [ -111.992522517, 40.8250334250001 ], [ -111.994662834, 40.824783425000099 ], [ -111.996593826, 40.824565818 ], [ -111.998565425, 40.824352683 ], [ -112.000704641, 40.824106269 ], [ -112.002848482, 40.823862566000102 ], [ -112.004995907, 40.823618859000099 ], [ -112.007136189, 40.823376952 ], [ -112.009284852, 40.823135936 ], [ -112.01142515, 40.822889529000101 ], [ -112.013573738, 40.822649419000101 ], [ -112.015508853, 40.822430583 ], [ -112.015293167, 40.820961604 ], [ -112.015051925, 40.819329320000101 ], [ -112.014815437, 40.817697006 ], [ -112.014586072, 40.816109571 ], [ -112.01435077, 40.8145194250001 ], [ -112.014121413, 40.812930163 ], [ -112.013890862, 40.811339931000099 ], [ -112.013656747, 40.809730776 ], [ -112.013426196, 40.808146769000103 ], [ -112.013187332, 40.806510580000101 ], [ -112.012954403, 40.804875209 ], [ -112.012711965, 40.803237978 ], [ -112.012479042, 40.8016565450001 ], [ -112.012210468, 40.799799789000097 ], [ -112.011943076, 40.797949245 ], [ -112.011748179, 40.796613268 ], [ -112.011514117, 40.794992431 ], [ -112.011390557, 40.793748493000102 ], [ -112.011256854, 40.792442537000099 ], [ -112.010269514, 40.79139766 ], [ -112.009108428, 40.790174896000103 ], [ -112.007946178, 40.788951236000102 ], [ -112.006720416, 40.787659127 ], [ -112.006523966, 40.786358091000103 ], [ -112.006212777, 40.784286069000103 ], [ -112.006203277, 40.782804243 ], [ -112.006189016, 40.781584044000098 ], [ -112.006181886, 40.780438533 ], [ -112.006170002, 40.779099459000101 ], [ -112.006154553, 40.7777631270001 ], [ -112.006145047, 40.7761091 ], [ -112.006134349, 40.774643049000098 ], [ -112.006120089, 40.773317406 ], [ -112.006109393, 40.7717118200001 ], [ -112.006092782, 40.770379152 ], [ -112.006477633, 40.768843567 ], [ -112.006610844, 40.767243771 ], [ -112.006816438, 40.764762262 ], [ -112.007020367, 40.7622803040001 ], [ -112.007268281, 40.760720683000102 ], [ -112.008692458, 40.7605968230001 ], [ -112.008905419, 40.760030809000099 ], [ -112.006095235, 40.758372227000102 ] ] ] } },
{ "type": "Feature", "properties": { "objectid": "68493", "id": "200194", "type": "AC; OVERHEAD", "status": "NOT AVAILABLE", "naics_code": "221121", "naics_desc": "ELECTRIC BULK POWER TRANSMISSION AND CONTROL", "source": "Regional Map", "sourcedate": "2014-06-29T20:00:00-06:00", "val_method": "IMAGERY/OTHER", "val_date": "2014-06-29T20:00:00-06:00", "owner": "TRI-STATE G & T ASSN, INC", "voltage": 345.0, "volt_class": "345", "inferred": "N", "sub_1": "CRAIG", "sub_2": "MEEKER", "shape_lengt": 90793.910392981197, "globalid": "e1adc1b7-9fde-46cf-9c2f-9da3d37f79b4", "NERC": "WECC", "NERC_Label": "Western Electricity Coordinating Council (WECC)" }, "geometry": { "type": "MultiLineString", "coordinates": [ [ [ -107.591734929, 40.472360787000099 ], [ -107.593977553, 40.472885961 ], [ -107.594005433, 40.474218442 ], [ -107.604765127, 40.473831841 ], [ -107.610384564, 40.474306808 ], [ -107.62002618, 40.480911816000102 ], [ -107.637726561, 40.4847058450001 ], [ -107.680881622, 40.484832542 ], [ -107.697856093, 40.465878404000101 ], [ -107.715658234, 40.445880188 ], [ -107.734317084, 40.424936452 ], [ -107.752903333, 40.404118880000098 ], [ -107.755792913, 40.400879029000102 ], [ -107.76115098, 40.394852270000101 ], [ -107.782496124, 40.370817281 ], [ -107.809983443, 40.339878836 ], [ -107.83340502, 40.3135766400001 ], [ -107.827814625, 40.302005300000097 ], [ -107.822224229, 40.2904762800001 ], [ -107.835278165, 40.27020436 ], [ -107.850394011, 40.246767766 ], [ -107.858294152, 40.228574 ], [ -107.867239946, 40.207856407000101 ], [ -107.870320017, 40.200574346000103 ], [ -107.871361806, 40.198706137 ], [ -107.889932822, 40.173809081000101 ], [ -107.909772103, 40.147015945000099 ], [ -107.917676109, 40.136351135 ], [ -107.942860219, 40.115241652000101 ], [ -107.963401575, 40.097954357 ], [ -107.965530447, 40.095338362000099 ], [ -107.966504293, 40.0718418700001 ], [ -107.967387549, 40.047782491000099 ], [ -107.96915406, 40.029697699 ], [ -107.968565223, 40.024807219 ], [ -107.969448478, 40.022032323000097 ], [ -107.973751519, 40.014418122000102 ], [ -107.980772269, 40.011642803 ], [ -107.982106182, 40.009366858000099 ], [ -107.982150209, 40.009067146000099 ], [ -107.98047293, 40.008878481000103 ], [ -107.980316515, 40.008499483 ] ] ] } },
{ "type": "Feature", "properties": { "objectid": "68471", "id": "200172", "type": "AC; OVERHEAD", "status": "NOT AVAILABLE", "naics_code": "221121", "naics_desc": "ELECTRIC BULK POWER TRANSMISSION AND CONTROL", "source": "http://www.oasis.oati.com/PPW/PPWdocs/Transmission_Network_Diagram.pdf", "sourcedate": "2015-08-28T20:00:00-06:00", "val_method": "IMAGERY/OTHER", "val_date": "2015-08-28T20:00:00-06:00", "owner": "INTERMOUNTAIN POWER AGENCY", "voltage": 345.0, "volt_class": "345", "inferred": "N", "sub_1": "INTERMOUNTAIN", "sub_2": "MONA", "shape_lengt": 105208.906899068, "globalid": "08eb5ecd-d24e-41a6-af10-9def3e7136f9", "NERC": "WECC", "NERC_Label": "Western Electricity Coordinating Council (WECC)" }, "geometry": { "type": "MultiLineString", "coordinates": [ [ [ -112.580690036, 39.501311126000097 ], [ -112.579835525, 39.501889005000102 ], [ -112.579575684, 39.5026508770001 ], [ -112.575314306, 39.5026909750001 ], [ -112.573547392, 39.500325137000097 ], [ -112.56486873, 39.500204838 ], [ -112.534155618, 39.498721133000103 ], [ -112.461660203, 39.495192195000101 ], [ -112.34942135, 39.489547963000099 ], [ -112.329582246, 39.489833254000096 ], [ -112.284851844, 39.494920744000098 ], [ -112.264088558, 39.494730565000097 ], [ -112.249424873, 39.491497427000098 ], [ -112.208088437, 39.506590341 ], [ -112.185789384, 39.516653441000102 ], [ -112.159840891, 39.528331233000102 ], [ -112.130534356, 39.538177159 ], [ -112.122694303, 39.544362254000099 ], [ -112.118684082, 39.547315495000099 ], [ -112.105376806, 39.5577578360001 ], [ -112.051967313, 39.615643632000101 ], [ -112.028461031, 39.641122424 ], [ -112.00220726, 39.659947614 ], [ -111.988858356, 39.669571908000101 ], [ -111.945800508, 39.6887417290001 ], [ -111.909875027, 39.700198361 ], [ -111.90986115, 39.713489089000099 ], [ -111.909958283, 39.725795407000099 ], [ -111.910194179, 39.756844952000101 ], [ -111.910221932, 39.785086812 ], [ -111.908806559, 39.811441112000097 ], [ -111.908556788, 39.822259229000103 ], [ -111.905850929, 39.822323173 ], [ -111.905837053, 39.823410219 ], [ -111.904342977, 39.824040492000101 ] ] ] } },
{ "type": "Feature", "properties": { "objectid": "91488", "id": "311233", "type": "AC; OVERHEAD", "status": "IN SERVICE", "naics_code": "221121", "naics_desc": "ELECTRIC BULK POWER TRANSMISSION AND CONTROL", "source": "Western Electricity Coordinating Council https://www.wecc.biz/Reliability/YEAR%202014%20OC%20MAP-1.pdf", "sourcedate": "2016-12-31T18:00:00-07:00", "val_method": "IMAGERY/OTHER", "val_date": "2016-12-31T18:00:00-07:00", "owner": "NOT AVAILABLE", "voltage": 345.0, "volt_class": "345", "inferred": "N", "sub_1": "WESTWING", "sub_2": "PINAL WEST", "shape_lengt": 118882.504002221, "globalid": "932b6864-1eb8-46b4-80e7-a1ab81a4263b", "NERC": "WECC", "NERC_Label": "Western Electricity Coordinating Council (WECC)" }, "geometry": { "type": "MultiLineString", "coordinates": [ [ [ -112.322180761, 33.706596098 ], [ -112.316330001, 33.704894999 ], [ -112.307183235, 33.704680809 ], [ -112.304968613, 33.704731393 ], [ -112.299688282, 33.704852000000102 ], [ -112.290515111, 33.705061522 ], [ -112.290585, 33.699309 ], [ -112.294262763, 33.693057141 ], [ -112.299890188, 33.683765347000097 ], [ -112.300010011, 33.681395513 ], [ -112.300211415, 33.677412186 ], [ -112.300651614, 33.669393402 ], [ -112.301804852, 33.667726679000097 ], [ -112.307171338, 33.659970736 ], [ -112.30720703, 33.648870551000101 ], [ -112.307110887, 33.6385559020001 ], [ -112.307110108, 33.638472362000101 ], [ -112.307109637, 33.638421832000098 ], [ -112.307068001, 33.6339550000001 ], [ -112.307661, 33.612454 ], [ -112.307320006, 33.594471507 ], [ -112.307302001, 33.593521999000103 ], [ -112.307386502, 33.59319428 ], [ -112.307579963, 33.592443983000102 ], [ -112.309668, 33.584346 ], [ -112.302448686, 33.568600442 ], [ -112.30237554, 33.568440908000099 ], [ -112.302295958, 33.568267337000101 ], [ -112.298449001, 33.559877 ], [ -112.298539906, 33.5362455040001 ], [ -112.298566001, 33.529461999 ], [ -112.3193536, 33.5005248000001 ], [ -112.319318, 33.497930000000103 ], [ -112.319316001, 33.467863000000101 ], [ -112.319467391, 33.467740933000101 ], [ -112.319558565, 33.467667419000101 ], [ -112.320990768, 33.466512627 ], [ -112.325026001, 33.463259 ], [ -112.331389, 33.463306 ], [ -112.331652, 33.433593 ], [ -112.335536, 33.426753 ], [ -112.35138057, 33.408549175000097 ], [ -112.354307, 33.405187 ], [ -112.356739664, 33.402360941 ], [ -112.356854859, 33.402227118 ], [ -112.357020457, 33.40203474 ], [ -112.357178797, 33.401850795 ], [ -112.357739, 33.401199999 ], [ -112.361424, 33.401204 ], [ -112.370621001, 33.400247 ], [ -112.409834, 33.396195 ], [ -112.409840886, 33.395207437000103 ], [ -112.409856, 33.39304 ], [ -112.409889, 33.383556 ], [ -112.412086, 33.379723 ], [ -112.410858, 33.373054 ], [ -112.421974, 33.349223999000102 ], [ -112.409836, 33.294224 ], [ -112.375813, 33.2621 ], [ -112.31922, 33.262132999000102 ], [ -112.270189001, 33.202916000000101 ], [ -112.262969, 33.145803999000101 ], [ -112.231277, 33.110721999000098 ], [ -112.202427, 33.088539 ], [ -112.202477001, 33.069153 ], [ -112.201401, 33.065632999000101 ], [ -112.20141, 33.026403000000101 ], [ -112.199624693, 33.009103178 ], [ -112.198751, 33.000636999000101 ], [ -112.196449058, 32.997320908 ] ] ] } },
{ "type": "Feature", "properties": { "objectid": "68466", "id": "200166", "type": "AC; OVERHEAD", "status": "NOT AVAILABLE", "naics_code": "221121", "naics_desc": "ELECTRIC BULK POWER TRANSMISSION AND CONTROL", "source": "http://www.oasis.oati.com/PPW/PPWdocs/Transmission_Network_Diagram.pdf", "sourcedate": "2014-06-22T20:00:00-06:00", "val_method": "IMAGERY/OTHER", "val_date": "2014-06-22T20:00:00-06:00", "owner": "PACIFICORP", "voltage": 345.0, "volt_class": "345", "inferred": "N", "sub_1": "CAMP WILLIAMS", "sub_2": "MONA", "shape_lengt": 99498.892033686396, "globalid": "a33de6e8-e622-49ff-909a-d94b7e74a164", "NERC": "WECC", "NERC_Label": "Western Electricity Coordinating Council (WECC)" }, "geometry": { "type": "MultiLineString", "coordinates": [ [ [ -111.948620614, 40.4674531470001 ], [ -111.948140291, 40.466702839 ], [ -111.947726474, 40.465325732 ], [ -111.947014258, 40.463273939 ], [ -111.94542655, 40.458598274 ], [ -111.942268438, 40.449328694 ], [ -111.938703242, 40.439009296000101 ], [ -111.940325407, 40.428064118000101 ], [ -111.940984968, 40.423364382 ], [ -111.940824534, 40.4207271390001 ], [ -111.941020619, 40.419066934000099 ], [ -111.942078295, 40.409552766 ], [ -111.942779449, 40.4027160300001 ], [ -111.943242925, 40.3982815090001 ], [ -111.943920313, 40.392298967000102 ], [ -111.944086688, 40.39050229 ], [ -111.945126537, 40.381228506000099 ], [ -111.94588117, 40.374035804000101 ], [ -111.946855657, 40.365656176000101 ], [ -111.947592464, 40.358511618000101 ], [ -111.948103475, 40.353865892 ], [ -111.948840282, 40.347553349000101 ], [ -111.949315642, 40.343056320000102 ], [ -111.944758134, 40.3375761510001 ], [ -111.935435146, 40.326292850000101 ], [ -111.932398788, 40.322632506 ], [ -111.922030009, 40.310109729 ], [ -111.915487875, 40.302197980000102 ], [ -111.907775168, 40.2928440640001 ], [ -111.90539837, 40.289961491 ], [ -111.900222894, 40.283674700000098 ], [ -111.900781441, 40.271008689 ], [ -111.901262743, 40.2602946740001 ], [ -111.901981724, 40.247714989 ], [ -111.9007755, 40.237500779000101 ], [ -111.900823036, 40.228169668000099 ], [ -111.900882456, 40.217321825000099 ], [ -111.900971586, 40.2081830650001 ], [ -111.900971586, 40.205142588000101 ], [ -111.910966018, 40.190151499000102 ], [ -111.918530175, 40.178789105000099 ], [ -111.92721737, 40.165790154 ], [ -111.937396003, 40.150467901000098 ], [ -111.948584777, 40.133711191 ], [ -111.947978694, 40.120744503 ], [ -111.94728348, 40.103276001000097 ], [ -111.946255516, 40.079588202 ], [ -111.945334506, 40.056965504000097 ], [ -111.944312484, 40.040153907 ], [ -111.943605387, 40.029671853 ], [ -111.942476408, 40.012589569 ], [ -111.941751485, 40.001502454 ], [ -111.940420478, 39.982004608000103 ], [ -111.939374687, 39.966795795 ], [ -111.9384002, 39.952039101 ], [ -111.937675278, 39.940340793000097 ], [ -111.927876931, 39.927150465000103 ], [ -111.923087684, 39.920533842 ], [ -111.899685535, 39.910597168 ], [ -111.896337981, 39.909188278 ], [ -111.8961161, 39.9039408 ], [ -111.895540238, 39.900960829 ], [ -111.895205455, 39.8977009930001 ], [ -111.906111621, 39.8730167000001 ], [ -111.90625326, 39.8689748090001 ], [ -111.906433527, 39.860686047000101 ], [ -111.906656715, 39.851944864000103 ], [ -111.906862735, 39.840190453 ], [ -111.907180348, 39.826462893 ], [ -111.904523553, 39.826601335000099 ], [ -111.904527845, 39.824567516000101 ], [ -111.904342977, 39.824040492000101 ] ] ] } },
{ "type": "Feature", "properties": { "objectid": "68512", "id": "200213", "type": "AC; OVERHEAD", "status": "NOT AVAILABLE", "naics_code": "221121", "naics_desc": "ELECTRIC BULK POWER TRANSMISSION AND CONTROL", "source": "Regional Map", "sourcedate": "2014-07-08T20:00:00-06:00", "val_method": "IMAGERY/OTHER", "val_date": "2014-07-08T20:00:00-06:00", "owner": "PUBLIC SERVICE CO OF COLORADO", "voltage": 345.0, "volt_class": "345", "inferred": "N", "sub_1": "MISSLE SITE", "sub_2": "PAWNEE", "shape_lengt": 108636.24752594699, "globalid": "47163bb3-6a69-4df2-a1c1-daab0ace520c", "NERC": "WECC", "NERC_Label": "Western Electricity Coordinating Council (WECC)" }, "geometry": { "type": "MultiLineString", "coordinates": [ [ [ -104.020331797, 39.685770963 ], [ -104.022424235, 39.6868404310001 ], [ -104.022388601, 39.6884330560001 ], [ -104.024042587, 39.688437394000097 ], [ -104.023901411, 39.696258928000098 ], [ -104.023681177, 39.705291697000099 ], [ -104.023517414, 39.711834176 ], [ -104.023291532, 39.720447928 ], [ -104.023093887, 39.72936027 ], [ -104.022772007, 39.740360125000102 ], [ -104.022410597, 39.744498187 ], [ -104.021614368, 39.753225079 ], [ -104.021292488, 39.761838001 ], [ -104.020840726, 39.772897775 ], [ -104.0203212, 39.779724606000102 ], [ -104.020054554, 39.791788152 ], [ -104.019643557, 39.806604362 ], [ -104.019310383, 39.819990423 ], [ -104.019152267, 39.831522206 ], [ -104.019186149, 39.832901207000099 ], [ -104.019140972, 39.839115039 ], [ -104.019028033, 39.853418158000103 ], [ -104.019061914, 39.856205596 ], [ -104.007299171, 39.8558284530001 ], [ -103.999754752, 39.855520668 ], [ -103.999873339, 39.864315836000102 ], [ -104.000020162, 39.873148881000098 ], [ -104.00004275, 39.877447969000102 ], [ -104.000110514, 39.884411748 ], [ -104.000144396, 39.893393846 ], [ -104.000127456, 39.897960270000098 ], [ -103.999907222, 39.903869308 ], [ -103.999647459, 39.910869386 ], [ -103.999461107, 39.917708499000099 ], [ -103.999297343, 39.924417009000102 ], [ -103.999116639, 39.93572341 ], [ -103.99902064, 39.940572769 ], [ -103.998783465, 39.952136236000101 ], [ -103.998647936, 39.958984212000097 ], [ -103.998416408, 39.967627612000101 ], [ -103.998218763, 39.974266317000101 ], [ -103.998032411, 39.979039381000099 ], [ -103.997987235, 39.986027445 ], [ -103.998664877, 39.990042555000102 ], [ -104.000144396, 39.998686353 ], [ -104.000624393, 40.001130472000099 ], [ -104.000545335, 40.008021119 ], [ -104.000438042, 40.014638599000101 ], [ -104.0005171, 40.023482530000102 ], [ -104.000460629, 40.029480182 ], [ -103.980679118, 40.029519098 ], [ -103.980746882, 40.0382184280001 ], [ -103.980780764, 40.04853339 ], [ -103.980735587, 40.055890385 ], [ -103.974862687, 40.0589505230001 ], [ -103.96873567, 40.061854933000099 ], [ -103.963032179, 40.064586349000102 ], [ -103.950518382, 40.070610636 ], [ -103.941353268, 40.074136801000101 ], [ -103.920510116, 40.0741756910001 ], [ -103.901745068, 40.074192976000099 ], [ -103.867298244, 40.073968275 ], [ -103.840486192, 40.073799749 ], [ -103.817480231, 40.073778142 ], [ -103.814521193, 40.073419483000102 ], [ -103.80010435, 40.073562083000098 ], [ -103.788087491, 40.073683076000101 ], [ -103.771445722, 40.073773821 ], [ -103.756735235, 40.073821355000099 ], [ -103.74313721, 40.0739121 ], [ -103.735988082, 40.07398556 ], [ -103.736157492, 40.088075463 ], [ -103.72776602, 40.102620303 ], [ -103.720769362, 40.114657295 ], [ -103.713733175, 40.126553986 ], [ -103.707628746, 40.136808083000098 ], [ -103.69992621, 40.15007351 ], [ -103.693889546, 40.160233430000098 ], [ -103.684933372, 40.17567325 ], [ -103.680579519, 40.182865504000098 ], [ -103.680619048, 40.193538147 ], [ -103.680585166, 40.197868847 ], [ -103.68069246, 40.204066786000098 ], [ -103.679736941, 40.216046944 ], [ -103.678494877, 40.216506676 ] ] ] } },
{ "type": "Feature", "properties": { "objectid": "89805", "id": "309545", "type": "AC; OVERHEAD", "status": "IN SERVICE", "naics_code": "221121", "naics_desc": "ELECTRIC BULK POWER TRANSMISSION AND CONTROL", "source": "Western Electricity Coordinating Council https://www.wecc.biz/Reliability/YEAR%202014%20OC%20MAP-1.pdf", "sourcedate": "2016-12-31T18:00:00-07:00", "val_method": "IMAGERY/OTHER", "val_date": "2016-12-31T18:00:00-07:00", "owner": "ARIZONA PUBLIC SERVICE COMPANY", "voltage": 345.0, "volt_class": "345", "inferred": "N", "sub_1": "CHOLLA", "sub_2": "UNKNOWN309759", "shape_lengt": 2441.2760746916001, "globalid": "a9ac8400-44a4-4c30-b548-dbdd1aadb2ca", "NERC": "WECC", "NERC_Label": "Western Electricity Coordinating Council (WECC)" }, "geometry": { "type": "MultiLineString", "coordinates": [ [ [ -110.290466332, 34.946757682000097 ], [ -110.295172, 34.941136 ], [ -110.300001962, 34.935765989000103 ], [ -110.304221819, 34.938624772 ] ] ] } },
{ "type": "Feature", "properties": { "objectid": "68430", "id": "200129", "type": "AC; OVERHEAD", "status": "NOT AVAILABLE", "naics_code": "221121", "naics_desc": "ELECTRIC BULK POWER TRANSMISSION AND CONTROL", "source": "Company Map", "sourcedate": "2014-06-15T20:00:00-06:00", "val_method": "IMAGERY/OTHER", "val_date": "2014-06-15T20:00:00-06:00", "owner": "IDAHO POWER CO", "voltage": 345.0, "volt_class": "345", "inferred": "N", "sub_1": "TAP203129", "sub_2": "BORAH", "shape_lengt": 90587.206917086602, "globalid": "9f5b0bf5-b469-4eca-9031-e0285bcb3e28", "NERC": "WECC", "NERC_Label": "Western Electricity Coordinating Council (WECC)" }, "geometry": { "type": "MultiLineString", "coordinates": [ [ [ -113.687226501, 42.74467373 ], [ -113.676607596, 42.743266077 ], [ -113.663213125, 42.741455051000102 ], [ -113.647509572, 42.739336808000097 ], [ -113.631754522, 42.7372306010001 ], [ -113.619076467, 42.735493579 ], [ -113.603050394, 42.733382879 ], [ -113.589000306, 42.731469895 ], [ -113.515529405, 42.721594565 ], [ -113.507599116, 42.720525220000098 ], [ -113.496161266, 42.719682691000102 ], [ -113.447150599, 42.717198626 ], [ -113.412202669, 42.715386869 ], [ -113.379821886, 42.713710156000097 ], [ -113.342643319, 42.711760567 ], [ -113.328197904, 42.710720282000104 ], [ -113.233750972, 42.703276016000103 ], [ -113.190844357, 42.712161894000097 ], [ -113.185441348, 42.720947587000097 ], [ -113.16580729, 42.733908794000101 ], [ -112.987157857, 42.770470173 ], [ -112.966958135, 42.774607929000098 ], [ -112.956620462, 42.7747055150001 ], [ -112.946497297, 42.774748014000103 ], [ -112.944073608, 42.774211112 ], [ -112.94404841, 42.772713758000101 ], [ -112.943990114, 42.769712615000103 ], [ -112.944062229, 42.763901627000102 ], [ -112.944016697, 42.755241897000097 ], [ -112.942016486, 42.753872724000097 ], [ -112.937657108, 42.750783975000097 ], [ -112.936242669, 42.749745404000102 ], [ -112.93128435, 42.749724241000102 ], [ -112.930460759, 42.750304781000096 ] ] ] } },
{ "type": "Feature", "properties": { "objectid": "89804", "id": "309544", "type": "AC; OVERHEAD", "status": "IN SERVICE", "naics_code": "221121", "naics_desc": "ELECTRIC BULK POWER TRANSMISSION AND CONTROL", "source": "https://www.wecc.biz/Reliability/Public/Year%202015%20OC%20Map-1%20Final.pdf", "sourcedate": "2016-12-31T18:00:00-07:00", "val_method": "IMAGERY/OTHER", "val_date": "2016-12-31T18:00:00-07:00", "owner": "NAVOPACHE ELECTRIC COOPERATIVE", "voltage": 345.0, "volt_class": "345", "inferred": "N", "sub_1": "NOT AVAILABLE", "sub_2": "SPRINGERVILLE", "shape_lengt": 43465.603533743197, "globalid": "eaea850e-a31d-44f1-a4ea-e26d9b08e267", "NERC": "WECC", "NERC_Label": "Western Electricity Coordinating Council (WECC)" }, "geometry": { "type": "MultiLineString", "coordinates": [ [ [ -109.27745898, 34.577136652 ], [ -109.277719143, 34.577010584 ], [ -109.288664001, 34.571706999000099 ], [ -109.288511, 34.560519 ], [ -109.270519, 34.541639 ], [ -109.270455, 34.537165999 ], [ -109.273099001, 34.530926999 ], [ -109.272454, 34.524402000000102 ], [ -109.267881, 34.519115 ], [ -109.262091, 34.514616 ], [ -109.259628959, 34.509681859000104 ], [ -109.259828, 34.492981 ], [ -109.259136001, 34.489713000000101 ], [ -109.257529871, 34.486805418000102 ], [ -109.243004, 34.467962 ], [ -109.24146098, 34.46502811 ], [ -109.23703, 34.435603999000101 ], [ -109.236078, 34.432384999000099 ], [ -109.234725001, 34.429285999000101 ], [ -109.232938837, 34.4264468430001 ], [ -109.22147, 34.413134 ], [ -109.215813, 34.408582 ], [ -109.202896001, 34.4009 ], [ -109.197355001, 34.396242 ], [ -109.156781, 34.364640000000101 ], [ -109.152303, 34.35921 ], [ -109.149252, 34.353114 ], [ -109.147804001, 34.34641 ], [ -109.147354001, 34.329935 ], [ -109.146165001, 34.326783999 ], [ -109.146022, 34.316358 ], [ -109.158103001, 34.313602999000103 ], [ -109.161185647, 34.312393114 ] ] ] } },
{ "type": "Feature", "properties": { "objectid": "68433", "id": "200132", "type": "AC; OVERHEAD", "status": "NOT AVAILABLE", "naics_code": "221121", "naics_desc": "ELECTRIC BULK POWER TRANSMISSION AND CONTROL", "source": "Company Map", "sourcedate": "2014-06-15T20:00:00-06:00", "val_method": "IMAGERY/OTHER", "val_date": "2014-06-15T20:00:00-06:00", "owner": "IDAHO POWER CO", "voltage": 345.0, "volt_class": "345", "inferred": "N", "sub_1": "MIDPOINT", "sub_2": "ADELAIDE", "shape_lengt": 86667.760139629798, "globalid": "49a067d6-0288-4a37-af11-e3d460077f05", "NERC": "WECC", "NERC_Label": "Western Electricity Coordinating Council (WECC)" }, "geometry": { "type": "MultiLineString", "coordinates": [ [ [ -114.420608483, 42.835673530000101 ], [ -114.419211385, 42.834754149 ], [ -114.416237264, 42.834392301 ], [ -114.409613368, 42.833620252000102 ], [ -114.393185231, 42.829985056000098 ], [ -114.366623848, 42.824145776000101 ], [ -114.340040533, 42.818322033000101 ], [ -114.312821149, 42.812320752000097 ], [ -114.285645631, 42.80633498 ], [ -114.254675629, 42.799463500000101 ], [ -114.22780718, 42.7935408640001 ], [ -114.20490868, 42.7884546700001 ], [ -114.174358278, 42.781670761 ], [ -114.152378119, 42.7768482110001 ], [ -114.096004452, 42.764301188 ], [ -114.075457585, 42.759780674000098 ], [ -114.030185098, 42.749574727 ], [ -114.008560628, 42.744802452 ], [ -113.979038234, 42.7381980010001 ], [ -113.957060939, 42.733300587 ], [ -113.927779811, 42.72669491 ], [ -113.904881312, 42.721570998000097 ], [ -113.879438535, 42.715866523 ], [ -113.839011589, 42.706779175000101 ], [ -113.836624163, 42.706249517000103 ], [ -113.832479065, 42.706228959 ], [ -113.810457902, 42.706116136 ], [ -113.786374998, 42.706100019000097 ], [ -113.761524424, 42.706100019000097 ], [ -113.746697426, 42.706116136 ], [ -113.724983332, 42.706116136 ], [ -113.710616936, 42.706116136 ], [ -113.687104301, 42.706212842000099 ], [ -113.669767224, 42.706115854000103 ], [ -113.668907945, 42.705857096 ], [ -113.668707086, 42.705538114 ] ] ] } },
{ "type": "Feature", "properties": { "objectid": "68453", "id": "200153", "type": "AC; OVERHEAD", "status": "NOT AVAILABLE", "naics_code": "221121", "naics_desc": "ELECTRIC BULK POWER TRANSMISSION AND CONTROL", "source": "http://www.oasis.oati.com/PPW/PPWdocs/Transmission_Network_Diagram.pdf", "sourcedate": "2014-06-22T20:00:00-06:00", "val_method": "IMAGERY/OTHER", "val_date": "2014-06-22T20:00:00-06:00", "owner": "PACIFICORP", "voltage": 345.0, "volt_class": "345", "inferred": "N", "sub_1": "TERMINAL", "sub_2": "OQUIRRH", "shape_lengt": 31287.9723752807, "globalid": "68fd4f92-80e0-4815-8c57-e8381054087d", "NERC": "WECC", "NERC_Label": "Western Electricity Coordinating Council (WECC)" }, "geometry": { "type": "MultiLineString", "coordinates": [ [ [ -112.006095235, 40.758372227000102 ], [ -112.007713527, 40.759054481000099 ], [ -112.007823381, 40.758197425 ], [ -112.016996893, 40.758116961 ], [ -112.030190899, 40.757888701000098 ], [ -112.030200764, 40.740688287000097 ], [ -112.030214716, 40.728894459000102 ], [ -112.030197017, 40.717453838 ], [ -112.030208488, 40.666142638000103 ], [ -112.03014431, 40.653666974 ], [ -112.030170205, 40.652490107000098 ], [ -112.030132151, 40.608133015000099 ], [ -112.030216857, 40.6025072 ], [ -112.030142619, 40.595935221000097 ], [ -112.030189486, 40.584320979 ], [ -112.030179953, 40.57017383 ], [ -112.028394245, 40.569041537 ], [ -112.028379183, 40.568057706 ], [ -112.02806805, 40.564560743000101 ] ] ] } },
{ "type": "Feature", "properties": { "objectid": "68476", "id": "200177", "type": "AC; OVERHEAD", "status": "NOT AVAILABLE", "naics_code": "221121", "naics_desc": "ELECTRIC BULK POWER TRANSMISSION AND CONTROL", "source": "http://www.oasis.oati.com/PPW/PPWdocs/Transmission_Network_Diagram.pdf", "sourcedate": "2014-06-29T20:00:00-06:00", "val_method": "IMAGERY/OTHER", "val_date": "2014-06-29T20:00:00-06:00", "owner": "PACIFICORP", "voltage": 345.0, "volt_class": "345", "inferred": "N", "sub_1": "CAMP WILLIAMS", "sub_2": "STILL MILL", "shape_lengt": 30741.7982828444, "globalid": "3876111b-9f8d-4f62-bf44-e8ceec7bf851", "NERC": "WECC", "NERC_Label": "Western Electricity Coordinating Council (WECC)" }, "geometry": { "type": "MultiLineString", "coordinates": [ [ [ -111.948620614, 40.4674531470001 ], [ -111.947644772, 40.466833809 ], [ -111.94749084, 40.465981515000102 ], [ -111.944704396, 40.464375311 ], [ -111.936287253, 40.454028837000102 ], [ -111.927037621, 40.442689498 ], [ -111.920932665, 40.439478361 ], [ -111.915162847, 40.426263658 ], [ -111.908112886, 40.410069921000101 ], [ -111.901257926, 40.394370243 ], [ -111.889151515, 40.384018701 ], [ -111.866006664, 40.375824959000099 ], [ -111.848373085, 40.369582791 ], [ -111.825245731, 40.361355105 ], [ -111.802041115, 40.353119905 ], [ -111.785809256, 40.347373737000098 ], [ -111.782798014, 40.346322144000098 ], [ -111.779587083, 40.3415981690001 ], [ -111.769226443, 40.3360760260001 ], [ -111.766928483, 40.334737677000099 ], [ -111.761942075, 40.331675675 ], [ -111.760826978, 40.331447362000098 ], [ -111.76081952, 40.330449985 ] ] ] } },
{ "type": "Feature", "properties": { "objectid": "88113", "id": "307849", "type": "AC; OVERHEAD", "status": "IN SERVICE", "naics_code": "221121", "naics_desc": "ELECTRIC BULK POWER TRANSMISSION AND CONTROL", "source": "San Juan Basin Energy http://www.sjbenergyconnect.com/involvement/documents/sj-engineering_feb-2011.pdf", "sourcedate": "2016-12-31T18:00:00-07:00", "val_method": "IMAGERY/OTHER", "val_date": "2016-12-31T18:00:00-07:00", "owner": "NOT AVAILABLE", "voltage": 345.0, "volt_class": "345", "inferred": "N", "sub_1": "SAN JUAN", "sub_2": "WATERFLOW", "shape_lengt": 2044.2598339995, "globalid": "7312df21-abcb-4e8e-95c9-ea23aaa498bf", "NERC": "WECC", "NERC_Label": "Western Electricity Coordinating Council (WECC)" }, "geometry": { "type": "MultiLineString", "coordinates": [ [ [ -108.442428794, 36.802125632000099 ], [ -108.442246847, 36.810374589000098 ], [ -108.442187212, 36.8130782590001 ], [ -108.442104546, 36.81682607 ] ] ] } },
{ "type": "Feature", "properties": { "objectid": "74448", "id": "206727", "type": "AC", "status": "NOT AVAILABLE", "naics_code": "221121", "naics_desc": "ELECTRIC BULK POWER TRANSMISSION AND CONTROL", "source": "IMAGERY", "sourcedate": "2015-12-17T18:00:00-07:00", "val_method": "IMAGERY", "val_date": "2015-12-17T18:00:00-07:00", "owner": "DESERET GENERATION & TRAN COOP", "voltage": 345.0, "volt_class": "345", "inferred": "Y", "sub_1": "NOT AVAILABLE", "sub_2": "BONANZA", "shape_lengt": 365.98156603759998, "globalid": "bbf1b600-1ac0-4f8c-9085-a40244d7c415", "NERC": "WECC", "NERC_Label": "Western Electricity Coordinating Council (WECC)" }, "geometry": { "type": "MultiLineString", "coordinates": [ [ [ -109.28736739, 40.086460829 ], [ -109.288133597, 40.086367616000103 ], [ -109.289211133, 40.086412358000103 ], [ -109.290506664, 40.085944304000101 ] ] ] } },
{ "type": "Feature", "properties": { "objectid": "69934", "id": "201693", "type": "AC; OVERHEAD", "status": "NOT AVAILABLE", "naics_code": "221121", "naics_desc": "ELECTRIC BULK POWER TRANSMISSION AND CONTROL", "source": "Regional Map", "sourcedate": "2014-06-23T20:00:00-06:00", "val_method": "IMAGERY/OTHER", "val_date": "2014-06-23T20:00:00-06:00", "owner": "PUBLIC SERVICE CO OF COLORADO", "voltage": 345.0, "volt_class": "345", "inferred": "N", "sub_1": "TAP203975", "sub_2": "RIFLE PSCO", "shape_lengt": 1046.5644835362, "globalid": "7f9975ef-09f6-494b-903c-a6c386829300", "NERC": "WECC", "NERC_Label": "Western Electricity Coordinating Council (WECC)" }, "geometry": { "type": "MultiLineString", "coordinates": [ [ [ -107.678028645, 39.525296613000101 ], [ -107.677863689, 39.5252306450001 ], [ -107.677154216, 39.522631852000103 ], [ -107.676696386, 39.521010607 ], [ -107.67855573, 39.521135484000098 ], [ -107.6796776, 39.521116 ], [ -107.679823145, 39.520640728 ] ] ] } },
{ "type": "Feature", "properties": { "objectid": "68470", "id": "200170", "type": "AC; OVERHEAD", "status": "NOT AVAILABLE", "naics_code": "221121", "naics_desc": "ELECTRIC BULK POWER TRANSMISSION AND CONTROL", "source": "http://www.oasis.oati.com/PPW/PPWdocs/Transmission_Network_Diagram.pdf", "sourcedate": "2014-06-22T20:00:00-06:00", "val_method": "IMAGERY/OTHER", "val_date": "2014-06-22T20:00:00-06:00", "owner": "PACIFICORP", "voltage": 345.0, "volt_class": "345", "inferred": "N", "sub_1": "CLOVER", "sub_2": "SIGURD", "shape_lengt": 140561.51461730999, "globalid": "6060c257-7bb4-414c-bf6a-a7bf6cfd402d", "NERC": "WECC", "NERC_Label": "Western Electricity Coordinating Council (WECC)" }, "geometry": { "type": "MultiLineString", "coordinates": [ [ [ -111.894694776, 39.789484483000102 ], [ -111.89856259, 39.789393270000097 ], [ -111.899640486, 39.7893575780001 ], [ -111.900582752, 39.789057766 ], [ -111.902774236, 39.788600910000099 ], [ -111.905294085, 39.788101223000098 ], [ -111.907985255, 39.787565844 ], [ -111.908677679, 39.787308862 ], [ -111.909041736, 39.785145932 ], [ -111.909380166, 39.782961570000097 ], [ -111.909236106, 39.758652432000098 ], [ -111.909193323, 39.738422654 ], [ -111.909007931, 39.715740864 ], [ -111.90896515, 39.701863137 ], [ -111.908851062, 39.67674341 ], [ -111.908694195, 39.653031506000097 ], [ -111.908630318, 39.629730176000102 ], [ -111.909787161, 39.624462713000099 ], [ -111.908554021, 39.6218418670001 ], [ -111.908508956, 39.616148822000099 ], [ -111.910308873, 39.605975375000099 ], [ -111.908437511, 39.604175305000098 ], [ -111.908437503, 39.593903261 ], [ -111.934816079, 39.5444592200001 ], [ -111.933071451, 39.534871994000099 ], [ -111.929058807, 39.512771734000097 ], [ -111.929158602, 39.502360311000103 ], [ -111.929358061, 39.488055021 ], [ -111.92948641, 39.472325731000097 ], [ -111.929600924, 39.462916421 ], [ -111.929839097, 39.446724472 ], [ -111.929990835, 39.425496781 ], [ -111.930939232, 39.420436285 ], [ -111.933965543, 39.404269678 ], [ -111.937006984, 39.387844793000099 ], [ -111.938901031, 39.37783381 ], [ -111.942088018, 39.360219058 ], [ -111.937574065, 39.356465814 ], [ -111.930069726, 39.350325771 ], [ -111.92914726, 39.3474589590001 ], [ -111.925679446, 39.336294633000101 ], [ -111.921834797, 39.324028028 ], [ -111.919438857, 39.316447913 ], [ -111.922761943, 39.309217336000103 ], [ -111.924327083, 39.30572463 ], [ -111.926822234, 39.300555456 ], [ -111.919037479, 39.281854805000101 ], [ -111.916941135, 39.257360773000102 ], [ -111.915881059, 39.245373881 ], [ -111.916297235, 39.213499844000097 ], [ -111.916456017, 39.199535252 ], [ -111.9166148, 39.184082203000102 ], [ -111.916884892, 39.161627866000103 ], [ -111.917011755, 39.147510525 ], [ -111.917284196, 39.124473988 ], [ -111.917455327, 39.108735774 ], [ -111.917672093, 39.087610244000103 ], [ -111.917888857, 39.065902889 ], [ -111.91834522, 39.027456492000098 ], [ -111.918333862, 39.0191358430001 ], [ -111.926352213, 38.997115935000103 ], [ -111.934852082, 38.973281998000097 ], [ -111.93914137, 38.961454395 ], [ -111.948770558, 38.934595945000098 ], [ -111.95345111, 38.9214076270001 ], [ -111.95657169, 38.914855530000096 ], [ -111.964314593, 38.901284935 ], [ -111.975289544, 38.881758639 ], [ -111.979830476, 38.873862501000097 ], [ -111.989141204, 38.8571246160001 ], [ -111.992825912, 38.850408274000102 ], [ -111.992932381, 38.847610942000102 ], [ -111.992716891, 38.845287819000099 ], [ -111.993278603, 38.844292165000098 ] ] ] } },
{ "type": "Feature", "properties": { "objectid": "68501", "id": "200202", "type": "AC; OVERHEAD", "status": "NOT AVAILABLE", "naics_code": "221121", "naics_desc": "ELECTRIC BULK POWER TRANSMISSION AND CONTROL", "source": "Regional Map", "sourcedate": "2014-06-29T20:00:00-06:00", "val_method": "IMAGERY/OTHER", "val_date": "2014-06-29T20:00:00-06:00", "owner": "TRI-STATE G & T ASSN, INC", "voltage": 345.0, "volt_class": "345", "inferred": "N", "sub_1": "AULT", "sub_2": "LARAMIE RIVER", "shape_lengt": 237707.01010383101, "globalid": "061d82d7-a5a0-4412-a12e-acb027ac97a4", "NERC": "WECC", "NERC_Label": "Western Electricity Coordinating Council (WECC)" }, "geometry": { "type": "MultiLineString", "coordinates": [ [ [ -104.813195224, 40.607539759000097 ], [ -104.813448142, 40.608737570000102 ], [ -104.815446967, 40.608369170000103 ], [ -104.817780853, 40.60925508 ], [ -104.825059806, 40.611316310000099 ], [ -104.835238787, 40.615596448000097 ], [ -104.84984291, 40.630785215000103 ], [ -104.863453397, 40.644901006 ], [ -104.872731174, 40.654578681 ], [ -104.887000234, 40.666454706 ], [ -104.88678071, 40.689814940000097 ], [ -104.886861587, 40.696428973 ], [ -104.88740462, 40.711397915000099 ], [ -104.877895765, 40.711494252000101 ], [ -104.877710903, 40.726494831 ], [ -104.877583809, 40.743785525000099 ], [ -104.877445163, 40.757063476 ], [ -104.875169046, 40.765823547 ], [ -104.876890576, 40.7717737850001 ], [ -104.877271855, 40.784005102 ], [ -104.877422055, 40.790566039 ], [ -104.886734495, 40.797852293000098 ], [ -104.88674297, 40.820012290000101 ], [ -104.886826926, 40.829279856 ], [ -104.887023342, 40.847837335000101 ], [ -104.887173543, 40.851149688000099 ], [ -104.887416174, 40.8693253490001 ], [ -104.88746239, 40.896265082000099 ], [ -104.886561186, 40.898561964000102 ], [ -104.886468755, 40.913790983000098 ], [ -104.886295447, 40.955504362 ], [ -104.886122138, 40.97950445 ], [ -104.897479616, 40.987729298 ], [ -104.911506043, 40.997889013000098 ], [ -104.919397353, 40.997880293 ], [ -104.925486256, 41.007768162 ], [ -104.925520917, 41.02088866 ], [ -104.925601795, 41.037623309 ], [ -104.925671118, 41.054318854 ], [ -104.925821319, 41.067560741000101 ], [ -104.935549697, 41.080364503000098 ], [ -104.944989229, 41.092948084 ], [ -104.953978159, 41.104702193 ], [ -104.964665511, 41.119065470000102 ], [ -104.978518631, 41.137941869 ], [ -104.986155754, 41.1483916110001 ], [ -104.980124622, 41.1737477120001 ], [ -104.973365593, 41.193069170000101 ], [ -104.963602553, 41.221032575 ], [ -104.963706538, 41.245040095 ], [ -104.963706538, 41.254274082000101 ], [ -104.963810523, 41.283279245000102 ], [ -104.963856738, 41.3083227320001 ], [ -104.963879847, 41.3361934590001 ], [ -104.963637214, 41.364884724 ], [ -104.963383029, 41.393277313 ], [ -104.963198166, 41.422454572 ], [ -104.963024858, 41.444378717000099 ], [ -104.962366286, 41.473169431 ], [ -104.962077439, 41.4924888400001 ], [ -104.961927238, 41.5117159710001 ], [ -104.961707714, 41.534734289 ], [ -104.961499744, 41.554286072 ], [ -104.961511298, 41.588411851 ], [ -104.96154596, 41.619911187000099 ], [ -104.961985008, 41.634990174000102 ], [ -104.962504933, 41.652422473000101 ], [ -104.963013305, 41.668218850000102 ], [ -104.9564738, 41.686582658000098 ], [ -104.966063532, 41.700895545 ], [ -104.962158316, 41.70482909 ], [ -104.962204532, 41.736168081000102 ], [ -104.966410149, 41.757106837 ], [ -104.968120126, 41.765432167 ], [ -104.96341769, 41.786051238 ], [ -104.963521676, 41.807955504000098 ], [ -104.963544784, 41.829507918 ], [ -104.963336813, 41.860114855000099 ], [ -104.963094182, 41.890234094 ], [ -104.962816888, 41.919341885 ], [ -104.962712904, 41.934419402000103 ], [ -104.941003136, 41.948591081000103 ], [ -104.925035653, 41.96355 ], [ -104.911170981, 41.976504112 ], [ -104.902840623, 41.984294209 ], [ -104.89351663, 41.992993598000098 ], [ -104.884897425, 42.009993908000098 ], [ -104.873794133, 42.032036029 ], [ -104.863765352, 42.051839951 ], [ -104.856648153, 42.065856848000102 ], [ -104.874325612, 42.078352779 ], [ -104.881627673, 42.083395053 ], [ -104.882771508, 42.097259241000103 ], [ -104.883326095, 42.103877313 ], [ -104.887762791, 42.105874602 ], [ -104.88749593, 42.106727668000097 ], [ -104.887240409, 42.107528076 ] ] ] } },
{ "type": "Feature", "properties": { "objectid": "68509", "id": "200210", "type": "AC; OVERHEAD", "status": "NOT AVAILABLE", "naics_code": "221121", "naics_desc": "ELECTRIC BULK POWER TRANSMISSION AND CONTROL", "source": "Regional Map", "sourcedate": "2014-06-29T20:00:00-06:00", "val_method": "IMAGERY/OTHER", "val_date": "2014-06-29T20:00:00-06:00", "owner": "TRI-STATE G & T ASSN, INC", "voltage": 345.0, "volt_class": "345", "inferred": "N", "sub_1": "LARAMIE RIVER", "sub_2": "UNKNOWN202177", "shape_lengt": 265209.310245589, "globalid": "d42e1fe4-c533-4e36-97b4-b4d98eece254", "NERC": "WECC", "NERC_Label": "Western Electricity Coordinating Council (WECC)" }, "geometry": { "type": "MultiLineString", "coordinates": [ [ [ -104.887240409, 42.107528076 ], [ -104.887112355, 42.105989042 ], [ -104.882580939, 42.103905160000103 ], [ -104.882119623, 42.102024842 ], [ -104.88075903, 42.095984917000102 ], [ -104.87936924, 42.089645410000102 ], [ -104.878534198, 42.085753862000097 ], [ -104.860811459, 42.078026393000101 ], [ -104.845231798, 42.071255958000101 ], [ -104.844011353, 42.065048369000102 ], [ -104.84265076, 42.058250536000102 ], [ -104.841237613, 42.050901296000099 ], [ -104.839993809, 42.044713399 ], [ -104.838095987, 42.035085620000103 ], [ -104.838189418, 42.0322447140001 ], [ -104.834300343, 42.023851369000099 ], [ -104.834837572, 42.018341956 ], [ -104.833622966, 42.0123200990001 ], [ -104.832420038, 42.006293333 ], [ -104.831474047, 42.001502753000103 ], [ -104.815135258, 41.996425386000098 ], [ -104.800717648, 41.9919248510001 ], [ -104.781143802, 41.985805002000099 ], [ -104.765610857, 41.980978153000102 ], [ -104.744361088, 41.974344979000101 ], [ -104.731467576, 41.970311776000102 ], [ -104.725914257, 41.966074250000098 ], [ -104.717236829, 41.959904151 ], [ -104.708255751, 41.953703055000098 ], [ -104.696430858, 41.945512169 ], [ -104.679408853, 41.933753844000101 ], [ -104.663613133, 41.922844942 ], [ -104.654176577, 41.916223097 ], [ -104.642958988, 41.909248561 ], [ -104.631110738, 41.901812562 ], [ -104.617195321, 41.893158594000099 ], [ -104.602882822, 41.884216522 ], [ -104.590444788, 41.876586299 ], [ -104.578555661, 41.869550903000103 ], [ -104.56266067, 41.860153225 ], [ -104.553533605, 41.854773182 ], [ -104.538386065, 41.847757136 ], [ -104.521340701, 41.839861533 ], [ -104.50551308, 41.832539802 ], [ -104.489303323, 41.822612884000101 ], [ -104.47051474, 41.811090062000098 ], [ -104.451191378, 41.799263950000103 ], [ -104.422871839, 41.7819593460001 ], [ -104.409252791, 41.773602198000098 ], [ -104.388479582, 41.758604461000097 ], [ -104.36799159, 41.743886961 ], [ -104.347432294, 41.729059659 ], [ -104.331008624, 41.717280512000102 ], [ -104.309272813, 41.713625699 ], [ -104.296877815, 41.711549814000101 ], [ -104.282272396, 41.699323802 ], [ -104.265872495, 41.685560102000103 ], [ -104.250958092, 41.673045093 ], [ -104.247820719, 41.659684189000103 ], [ -104.245170591, 41.648416261000101 ], [ -104.241890611, 41.634650556000103 ], [ -104.240036709, 41.626762814000102 ], [ -104.213167015, 41.621672576 ], [ -104.180699964, 41.6154713600001 ], [ -104.155850549, 41.603289297000103 ], [ -104.134851545, 41.592980285000102 ], [ -104.106627078, 41.579104956 ], [ -104.086685749, 41.579211632000103 ], [ -104.06251372, 41.57927386 ], [ -104.0521469421505, 41.579293680602866 ] ] ] } },
{ "type": "Feature", "properties": { "objectid": "74391", "id": "206670", "type": "AC; OVERHEAD", "status": "NOT AVAILABLE", "naics_code": "221121", "naics_desc": "ELECTRIC BULK POWER TRANSMISSION AND CONTROL", "source": "IMAGERY", "sourcedate": "2015-12-07T18:00:00-07:00", "val_method": "IMAGERY", "val_date": "2015-12-07T18:00:00-07:00", "owner": "WAPA-- WESTERN AREA POWER ADMINISTRATION", "voltage": 345.0, "volt_class": "345", "inferred": "Y", "sub_1": "NOT AVAILABLE", "sub_2": "COMANCHE", "shape_lengt": 395.16934017170001, "globalid": "acc08f51-035d-43a2-a9ff-b4eec30c8270", "NERC": "WECC", "NERC_Label": "Western Electricity Coordinating Council (WECC)" }, "geometry": { "type": "MultiLineString", "coordinates": [ [ [ -104.575438511, 38.208924634 ], [ -104.575426217, 38.209527966 ], [ -104.575444063, 38.210284635 ], [ -104.575440494, 38.2109163820001 ], [ -104.576305422, 38.211333365 ] ] ] } },
{ "type": "Feature", "properties": { "objectid": "68504", "id": "200205", "type": "AC; OVERHEAD", "status": "NOT AVAILABLE", "naics_code": "221121", "naics_desc": "ELECTRIC BULK POWER TRANSMISSION AND CONTROL", "source": "Regional Map", "sourcedate": "2014-06-29T20:00:00-06:00", "val_method": "IMAGERY/OTHER", "val_date": "2014-06-29T20:00:00-06:00", "owner": "PUBLIC SERVICE CO OF COLORADO", "voltage": 345.0, "volt_class": "345", "inferred": "N", "sub_1": "DANIELS PARK", "sub_2": "COMANCHE", "shape_lengt": 236939.75148318001, "globalid": "412538f0-5031-4131-8e7c-b82b1df9f293", "NERC": "WECC", "NERC_Label": "Western Electricity Coordinating Council (WECC)" }, "geometry": { "type": "MultiLineString", "coordinates": [ [ [ -104.90505142, 39.494246447000101 ], [ -104.903850823, 39.493760058000099 ], [ -104.903628397, 39.49321309 ], [ -104.903490827, 39.492910688000102 ], [ -104.903320053, 39.492333836 ], [ -104.902395977, 39.491278884000103 ], [ -104.900021165, 39.488462233000099 ], [ -104.896277709, 39.48404143 ], [ -104.893069033, 39.4802578440001 ], [ -104.889438475, 39.475974117000099 ], [ -104.881743594, 39.466915046 ], [ -104.875280167, 39.459296115 ], [ -104.868557577, 39.451398581 ], [ -104.861789358, 39.443365077000102 ], [ -104.855332934, 39.435771155000097 ], [ -104.84623006, 39.4250043380001 ], [ -104.839918126, 39.417555289000099 ], [ -104.834754507, 39.411521445000098 ], [ -104.828997719, 39.404670313000103 ], [ -104.824044336, 39.396017828 ], [ -104.817970845, 39.385752761 ], [ -104.811727354, 39.375042883 ], [ -104.80599338, 39.365166237 ], [ -104.799057856, 39.353177169000098 ], [ -104.794624293, 39.345602828 ], [ -104.788753434, 39.335480864 ], [ -104.782319824, 39.3244338390001 ], [ -104.778038355, 39.317009353000103 ], [ -104.773848144, 39.309772367 ], [ -104.766311846, 39.305253285000099 ], [ -104.75932309, 39.301086998000102 ], [ -104.747246763, 39.293824824000097 ], [ -104.733900443, 39.28579083 ], [ -104.720592148, 39.277803006000099 ], [ -104.706789545, 39.269514016000102 ], [ -104.693496459, 39.261530225000101 ], [ -104.678104465, 39.252291209000099 ], [ -104.668476864, 39.24648455 ], [ -104.657906275, 39.22594538 ], [ -104.646225394, 39.203137327 ], [ -104.632072973, 39.1756352620001 ], [ -104.626278161, 39.164173875000102 ], [ -104.626194508, 39.134916469000103 ], [ -104.626156485, 39.110143441 ], [ -104.626103252, 39.077280228000099 ], [ -104.626346604, 39.070732907 ], [ -104.626384627, 39.064515637 ], [ -104.616848283, 39.055605032000102 ], [ -104.617023193, 39.039422531000099 ], [ -104.617046006, 39.030384704 ], [ -104.617046006, 39.020695815000103 ], [ -104.626696421, 39.020619008 ], [ -104.626696421, 39.013121014 ], [ -104.626830284, 38.996725971000103 ], [ -104.626894036, 38.981357427 ], [ -104.626933232, 38.973048894 ], [ -104.627011626, 38.953614499 ], [ -104.62709002, 38.940557038000101 ], [ -104.627049109, 38.938272842000103 ], [ -104.626977919, 38.936136167 ], [ -104.626989137, 38.929565930000102 ], [ -104.626989137, 38.919366356000097 ], [ -104.627017659, 38.911806336 ], [ -104.627074702, 38.89927357 ], [ -104.627099782, 38.88852575 ], [ -104.627180108, 38.870193814000103 ], [ -104.627345835, 38.85772845 ], [ -104.627268496, 38.853968625 ], [ -104.626705025, 38.845149035000098 ], [ -104.626384621, 38.840037474 ], [ -104.627345835, 38.834658752000102 ], [ -104.62737898, 38.819794153 ], [ -104.627467368, 38.803548858000099 ], [ -104.627467368, 38.795704679 ], [ -104.627500513, 38.780030956000097 ], [ -104.627511562, 38.773682979 ], [ -104.61604328, 38.764870672 ], [ -104.608894938, 38.759331196000097 ], [ -104.608950179, 38.748647324 ], [ -104.62128024, 38.736677764 ], [ -104.627721482, 38.730412119 ], [ -104.62766624, 38.71330161 ], [ -104.627644143, 38.697678767000099 ], [ -104.627633095, 38.684915855 ], [ -104.627599949, 38.676127095 ], [ -104.627489465, 38.658744769000101 ], [ -104.627467368, 38.637405756000099 ], [ -104.627412126, 38.615732346000101 ], [ -104.62737898, 38.607375415 ], [ -104.610941178, 38.607377913 ], [ -104.599706422, 38.607377913 ], [ -104.589685915, 38.587559593 ], [ -104.580773559, 38.570132273000098 ], [ -104.573381961, 38.555540208 ], [ -104.570128243, 38.549178874000098 ], [ -104.562512658, 38.513083783000098 ], [ -104.554885284, 38.498018829 ], [ -104.551360424, 38.490628192 ], [ -104.546361959, 38.479656173000102 ], [ -104.541375284, 38.468664024000098 ], [ -104.530423458, 38.457707125000098 ], [ -104.522784075, 38.450126391 ], [ -104.511387332, 38.4387803380001 ], [ -104.501214639, 38.428652084000099 ], [ -104.491327163, 38.418773806 ], [ -104.480346359, 38.40782326 ], [ -104.472811912, 38.400307767000101 ], [ -104.464053414, 38.391543361000103 ], [ -104.453096378, 38.380616637000102 ], [ -104.444314113, 38.371849845 ], [ -104.433535336, 38.361087878 ], [ -104.424693651, 38.352225524000097 ], [ -104.41690964, 38.34464833 ], [ -104.40677803, 38.334447103000102 ], [ -104.403694648, 38.331318747000097 ], [ -104.396742515, 38.324401312000099 ], [ -104.386629242, 38.314368925 ], [ -104.386629242, 38.298935361000098 ], [ -104.386700546, 38.288787519 ], [ -104.386118231, 38.286586146 ], [ -104.385844899, 38.278059856 ], [ -104.385476496, 38.266117637 ], [ -104.385203164, 38.257253003000102 ], [ -104.384894181, 38.250347169000101 ], [ -104.384751573, 38.242768661000099 ], [ -104.385048673, 38.234601281 ], [ -104.385274468, 38.227226515 ], [ -104.385417076, 38.217750245 ], [ -104.385524032, 38.208879711000101 ], [ -104.385583452, 38.201278203000101 ], [ -104.385583452, 38.193405044 ], [ -104.3855478, 38.1829622220001 ], [ -104.405964488, 38.182887491 ], [ -104.431788391, 38.18280342 ], [ -104.45975141, 38.182728689 ], [ -104.484779086, 38.182616593 ], [ -104.505362151, 38.182560545 ], [ -104.534228354, 38.1827753950001 ], [ -104.556498944, 38.182896833 ], [ -104.570914219, 38.182924856 ], [ -104.570866683, 38.188286567 ], [ -104.570699142, 38.198190572 ], [ -104.570688423, 38.207507015 ], [ -104.570686958, 38.210487148 ], [ -104.570902336, 38.212605467000103 ], [ -104.575525206, 38.212680166 ], [ -104.577323161, 38.212548607 ], [ -104.577327222, 38.212114621000097 ], [ -104.576305422, 38.211333365 ] ] ] } },
{ "type": "Feature", "properties": { "objectid": "73882", "id": "206109", "type": "AC; OVERHEAD", "status": "NOT AVAILABLE", "naics_code": "221121", "naics_desc": "ELECTRIC BULK POWER TRANSMISSION AND CONTROL", "source": "IMAGERY", "sourcedate": "2019-04-06T20:00:00-06:00", "val_method": "IMAGERY", "val_date": "2019-04-06T20:00:00-06:00", "owner": "PUGET SOUND ENERGY INC", "voltage": 345.0, "volt_class": "345", "inferred": "N", "sub_1": "BIG HANAFORD", "sub_2": "UNKNOWN201455", "shape_lengt": 330.23832957259998, "globalid": "b5294afb-561f-4059-b9a2-b8d9a4d18454", "NERC": "WECC", "NERC_Label": "Western Electricity Coordinating Council (WECC)" }, "geometry": { "type": "MultiLineString", "coordinates": [ [ [ -122.864575202, 46.754064587000101 ], [ -122.86541182, 46.755603557 ], [ -122.864842373, 46.755595506000098 ] ] ] } },
{ "type": "Feature", "properties": { "objectid": "74247", "id": "206522", "type": "AC; OVERHEAD", "status": "NOT AVAILABLE", "naics_code": "221121", "naics_desc": "ELECTRIC BULK POWER TRANSMISSION AND CONTROL", "source": "IMAGERY", "sourcedate": "2015-11-17T18:00:00-07:00", "val_method": "IMAGERY", "val_date": "2015-11-17T18:00:00-07:00", "owner": "BASIN ELECTRIC POWER COOP", "voltage": 345.0, "volt_class": "345", "inferred": "Y", "sub_1": "NOT AVAILABLE", "sub_2": "LARAMIE RIVER", "shape_lengt": 759.98713096480003, "globalid": "3d99fe5e-0786-40fa-aa9e-bcceec3eb66e", "NERC": "WECC", "NERC_Label": "Western Electricity Coordinating Council (WECC)" }, "geometry": { "type": "MultiLineString", "coordinates": [ [ [ -104.883883183, 42.109059939000097 ], [ -104.884561329, 42.109946288000103 ], [ -104.885417935, 42.109946288000103 ], [ -104.886542231, 42.109821367000102 ], [ -104.88729771, 42.109205681 ], [ -104.88755945, 42.108277691000097 ], [ -104.887240409, 42.107528076 ] ] ] } },
{ "type": "Feature", "properties": { "objectid": "92491", "id": "312237", "type": "AC; OVERHEAD", "status": "IN SERVICE", "naics_code": "221121", "naics_desc": "ELECTRIC BULK POWER TRANSMISSION AND CONTROL", "source": "http://www.newmexicocare.org/images/maps/nm_transmission_sys.jpg", "sourcedate": "2005-12-12T18:00:00-07:00", "val_method": "IMAGERY/OTHER", "val_date": "2019-04-08T20:00:00-06:00", "owner": "EL PASO ELECTRIC POWER COMPANY", "voltage": 345.0, "volt_class": "345", "inferred": "N", "sub_1": "AFTON", "sub_2": "NOT AVAILABLE", "shape_lengt": 199.46780484690001, "globalid": "931f1cf9-ef6f-4b69-970a-bd67fcb17e7a", "NERC": "WECC", "NERC_Label": "Western Electricity Coordinating Council (WECC)" }, "geometry": { "type": "MultiLineString", "coordinates": [ [ [ -106.848268787, 32.114060258 ], [ -106.846483, 32.114185 ] ] ] } },
{ "type": "Feature", "properties": { "objectid": "90949", "id": "310692", "type": "AC; OVERHEAD", "status": "IN SERVICE", "naics_code": "221121", "naics_desc": "ELECTRIC BULK POWER TRANSMISSION AND CONTROL", "source": "Western Electricity Coordinating Council https://www.wecc.biz/Reliability/YEAR%202014%20OC%20MAP-1.pdf", "sourcedate": "2016-12-31T18:00:00-07:00", "val_method": "IMAGERY/OTHER", "val_date": "2016-12-31T18:00:00-07:00", "owner": "NOT AVAILABLE", "voltage": 345.0, "volt_class": "345", "inferred": "N", "sub_1": "SHIPROCK", "sub_2": "SAN JUAN", "shape_lengt": 4448.1443936794003, "globalid": "605e9b10-94a0-4a0a-a742-06d681c58d9a", "NERC": "WECC", "NERC_Label": "Western Electricity Coordinating Council (WECC)" }, "geometry": { "type": "MultiLineString", "coordinates": [ [ [ -108.477331775, 36.797149224000101 ], [ -108.475638, 36.798311 ], [ -108.473338001, 36.798501 ], [ -108.468298653, 36.798509563 ], [ -108.461034001, 36.800151 ], [ -108.451223001, 36.801251 ], [ -108.447777, 36.804001 ], [ -108.446108954, 36.805259419 ], [ -108.446083, 36.805279 ], [ -108.443562001, 36.804274 ], [ -108.442428794, 36.802125632000099 ] ] ] } },
{ "type": "Feature", "properties": { "objectid": "74491", "id": "206770", "type": "AC", "status": "NOT AVAILABLE", "naics_code": "221121", "naics_desc": "ELECTRIC BULK POWER TRANSMISSION AND CONTROL", "source": "IMAGERY", "sourcedate": "2016-01-11T18:00:00-07:00", "val_method": "IMAGERY", "val_date": "2016-01-11T18:00:00-07:00", "owner": "INTERMOUNTAIN POWER AGENCY", "voltage": 345.0, "volt_class": "345", "inferred": "Y", "sub_1": "NOT AVAILABLE", "sub_2": "MILDFORD WIND", "shape_lengt": 1962.1406549067001, "globalid": "535d81d6-94a5-4936-9e7b-0eaef2c0d785", "NERC": "WECC", "NERC_Label": "Western Electricity Coordinating Council (WECC)" }, "geometry": { "type": "MultiLineString", "coordinates": [ [ [ -112.942207761, 38.548755732000103 ], [ -112.938259476, 38.562189257 ] ] ] } },
{ "type": "Feature", "properties": { "objectid": "68467", "id": "200167", "type": "AC; OVERHEAD", "status": "NOT AVAILABLE", "naics_code": "221121", "naics_desc": "ELECTRIC BULK POWER TRANSMISSION AND CONTROL", "source": "http://www.oasis.oati.com/PPW/PPWdocs/Transmission_Network_Diagram.pdf", "sourcedate": "2014-06-22T20:00:00-06:00", "val_method": "IMAGERY/OTHER", "val_date": "2014-06-22T20:00:00-06:00", "owner": "PACIFICORP", "voltage": 345.0, "volt_class": "345", "inferred": "N", "sub_1": "MONA", "sub_2": "CLOVER", "shape_lengt": 6840.9089481180999, "globalid": "151af9ec-e954-4321-a23a-156bdc0e9358", "NERC": "WECC", "NERC_Label": "Western Electricity Coordinating Council (WECC)" }, "geometry": { "type": "MultiLineString", "coordinates": [ [ [ -111.904342977, 39.824040492000101 ], [ -111.904996479, 39.821921698 ], [ -111.907678663, 39.821714249 ], [ -111.908534911, 39.79981531 ], [ -111.909105982, 39.790042863000103 ], [ -111.908549188, 39.789750189000102 ], [ -111.9053155, 39.789685944 ], [ -111.902295964, 39.789664529 ], [ -111.899040862, 39.790135662000097 ], [ -111.894694776, 39.789484483000102 ] ] ] } },
{ "type": "Feature", "properties": { "objectid": "68514", "id": "200215", "type": "AC; OVERHEAD", "status": "NOT AVAILABLE", "naics_code": "221121", "naics_desc": "ELECTRIC BULK POWER TRANSMISSION AND CONTROL", "source": "IMAGERY", "sourcedate": "2014-07-08T20:00:00-06:00", "val_method": "IMAGERY", "val_date": "2014-07-08T20:00:00-06:00", "owner": "MOUNTAIN VIEW ELEC ASSN, INC", "voltage": 345.0, "volt_class": "345", "inferred": "Y", "sub_1": "LIMON WIND #1", "sub_2": "LIMON WIND #2", "shape_lengt": 9046.2786169521005, "globalid": "87ce9659-8295-401c-8af3-1a5f8e4d3f87", "NERC": "WECC", "NERC_Label": "Western Electricity Coordinating Council (WECC)" }, "geometry": { "type": "MultiLineString", "coordinates": [ [ [ -103.656427164, 39.375196736000099 ], [ -103.655739792, 39.374806574 ], [ -103.63952935, 39.374759204 ], [ -103.639568948, 39.359605702000103 ], [ -103.596292296, 39.359744025 ], [ -103.595013145, 39.3594838590001 ] ] ] } },
{ "type": "Feature", "properties": { "objectid": "84732", "id": "304458", "type": "AC; OVERHEAD", "status": "IN SERVICE", "naics_code": "221121", "naics_desc": "ELECTRIC BULK POWER TRANSMISSION AND CONTROL", "source": "Western Electricity Coordinating Council https://www.wecc.biz/Reliability/YEAR%202014%20OC%20MAP-1.pdf", "sourcedate": "2016-12-31T18:00:00-07:00", "val_method": "IMAGERY/OTHER", "val_date": "2016-12-31T18:00:00-07:00", "owner": "NOT AVAILABLE", "voltage": 345.0, "volt_class": "345", "inferred": "N", "sub_1": "FOUR CORNERS", "sub_2": "UNKNOWN309759", "shape_lengt": 313275.51459747797, "globalid": "58edf91e-700e-4168-a193-3c94913fdbbd", "NERC": "WECC", "NERC_Label": "Western Electricity Coordinating Council (WECC)" }, "geometry": { "type": "MultiLineString", "coordinates": [ [ [ -108.485219595, 36.687158655000097 ], [ -108.487903, 36.685663999 ], [ -108.488008176, 36.685399762 ], [ -108.488996, 36.682918 ], [ -108.508363001, 36.659973 ], [ -108.510220632, 36.657792164000099 ], [ -108.522364, 36.643535999 ], [ -108.533509, 36.630447000000103 ], [ -108.535165133, 36.62850222 ], [ -108.535509836, 36.628097438 ], [ -108.566586, 36.591604999 ], [ -108.591402001, 36.562543 ], [ -108.599997, 36.552506999000101 ], [ -108.622696, 36.525868000000102 ], [ -108.909189741, 36.175836587 ], [ -109.046722, 36.079029 ], [ -109.105369001, 36.028437999000097 ], [ -109.169197001, 35.972363 ], [ -109.181116, 35.961951 ], [ -109.195778001, 35.948555 ], [ -109.232582, 35.915974 ], [ -109.24511, 35.905498999 ], [ -109.296794001, 35.860018 ], [ -109.360222, 35.804195 ], [ -109.421333001, 35.7499729990001 ], [ -109.42411, 35.747501 ], [ -109.449112, 35.725334 ], [ -109.48554, 35.693418999000102 ], [ -109.509108001, 35.672546 ], [ -109.519500493, 35.663356331 ], [ -109.54226, 35.6432310000001 ], [ -109.638682, 35.557624 ], [ -109.795018, 35.418406999000098 ], [ -109.884768754, 35.338266313000098 ], [ -109.943676, 35.285485999000102 ], [ -110.003151, 35.232001 ], [ -110.062637, 35.178536999000102 ], [ -110.127034, 35.120569 ], [ -110.188566001, 35.065037999 ], [ -110.196227, 35.058122 ], [ -110.204021, 35.049562 ], [ -110.236691, 35.010892 ], [ -110.283783, 34.954742000000103 ], [ -110.290466332, 34.946757682000097 ] ] ] } },
{ "type": "Feature", "properties": { "objectid": "75168", "id": "207538", "type": "AC", "status": "NOT AVAILABLE", "naics_code": "221121", "naics_desc": "ELECTRIC BULK POWER TRANSMISSION AND CONTROL", "source": "IMAGERY", "sourcedate": "2019-04-04T20:00:00-06:00", "val_method": "IMAGERY", "val_date": "2019-04-04T20:00:00-06:00", "owner": "PACIFICORP", "voltage": 345.0, "volt_class": "345", "inferred": "N", "sub_1": "TAP206729", "sub_2": "UNKNOWN205955", "shape_lengt": 5265.6066858125996, "globalid": "63894aa7-c15d-4228-ba9a-4066568b035f", "NERC": "WECC", "NERC_Label": "Western Electricity Coordinating Council (WECC)" }, "geometry": { "type": "MultiLineString", "coordinates": [ [ [ -111.449939245, 40.499772403000101 ], [ -111.449969227, 40.50069611 ], [ -111.449999208, 40.501681207 ], [ -111.450013485, 40.5036770990001 ], [ -111.451369044, 40.505645387000101 ], [ -111.451396903, 40.505685839000101 ], [ -111.451608913, 40.505547593000102 ], [ -111.451866847, 40.505653955000099 ], [ -111.452944267, 40.505588282000097 ], [ -111.453894147, 40.505535933 ], [ -111.455007735, 40.505469309 ], [ -111.455907171, 40.505419816 ], [ -111.457277741, 40.505337011 ], [ -111.45773079, 40.504106353000097 ], [ -111.45789069, 40.503654256000097 ], [ -111.458778705, 40.503654256000097 ], [ -111.461267859, 40.503657111 ], [ -111.461918642, 40.503647593 ], [ -111.462659844, 40.503644024 ], [ -111.463480758, 40.503635696000103 ], [ -111.464246944, 40.503634506 ], [ -111.465558027, 40.503639265000103 ], [ -111.46660499, 40.503639265000103 ], [ -111.46761983, 40.503636886 ], [ -111.468644188, 40.503632127000103 ], [ -111.469854144, 40.503630937 ], [ -111.472579817, 40.50361904 ], [ -111.473768358, 40.503609522 ], [ -111.474870048, 40.5036023830001 ], [ -111.476020517, 40.503600004000099 ], [ -111.477254268, 40.503589296 ], [ -111.478234606, 40.503686854000101 ], [ -111.479330348, 40.503683285000101 ], [ -111.481605112, 40.503674957 ], [ -111.484812626, 40.503660680000102 ], [ -111.487873802, 40.503622609 ], [ -111.487859526, 40.503371576000099 ], [ -111.487864285, 40.503120543000101 ], [ -111.488096777, 40.503143615000099 ] ] ] } },
{ "type": "Feature", "properties": { "objectid": "68432", "id": "200131", "type": "AC; OVERHEAD", "status": "NOT AVAILABLE", "naics_code": "221121", "naics_desc": "ELECTRIC BULK POWER TRANSMISSION AND CONTROL", "source": "Company Map", "sourcedate": "2014-06-15T20:00:00-06:00", "val_method": "IMAGERY/OTHER", "val_date": "2014-06-15T20:00:00-06:00", "owner": "IDAHO POWER CO", "voltage": 345.0, "volt_class": "345", "inferred": "N", "sub_1": "TAP203129", "sub_2": "ADELAIDE", "shape_lengt": 7956.4474284803, "globalid": "321bf294-f865-4c50-9337-45fff2e50cc5", "NERC": "WECC", "NERC_Label": "Western Electricity Coordinating Council (WECC)" }, "geometry": { "type": "MultiLineString", "coordinates": [ [ [ -113.687226501, 42.74467373 ], [ -113.687260605, 42.735553318 ], [ -113.687207361, 42.721130787 ], [ -113.687154117, 42.706352771000098 ], [ -113.673869731, 42.706225612 ], [ -113.669769941, 42.706245176 ], [ -113.668744994, 42.706196268 ], [ -113.668707086, 42.705538114 ] ] ] } },
{ "type": "Feature", "properties": { "objectid": "68446", "id": "200146", "type": "AC; OVERHEAD", "status": "NOT AVAILABLE", "naics_code": "221121", "naics_desc": "ELECTRIC BULK POWER TRANSMISSION AND CONTROL", "source": "http://www.oasis.oati.com/PPW/PPWdocs/Transmission_Network_Diagram.pdf", "sourcedate": "2014-06-22T20:00:00-06:00", "val_method": "IMAGERY/OTHER", "val_date": "2014-06-22T20:00:00-06:00", "owner": "PACIFICORP", "voltage": 345.0, "volt_class": "345", "inferred": "N", "sub_1": "POPULUS", "sub_2": "BEN LOMOND", "shape_lengt": 195625.97497301901, "globalid": "71a18907-fbb9-4fa8-8383-4ab6265ac4c2", "NERC": "WECC", "NERC_Label": "Western Electricity Coordinating Council (WECC)" }, "geometry": { "type": "MultiLineString", "coordinates": [ [ [ -112.155141723, 42.424741948000097 ], [ -112.154096409, 42.424341142000102 ], [ -112.151232304, 42.424287391000099 ], [ -112.151224213, 42.413823046000097 ], [ -112.151316813, 42.411662785 ], [ -112.134858192, 42.396019204 ], [ -112.112799644, 42.388653953000102 ], [ -112.095621633, 42.382852542000101 ], [ -112.071321581, 42.374629118 ], [ -112.063962423, 42.371828445000098 ], [ -112.04064307, 42.356209555000099 ], [ -112.031406242, 42.350018 ], [ -112.019890659, 42.342293071 ], [ -112.006182481, 42.333104482000103 ], [ -112.000136503, 42.329058793000101 ], [ -111.988317878, 42.321133585 ], [ -111.979800031, 42.315408715 ], [ -111.972749856, 42.308945092 ], [ -111.959231227, 42.296483939 ], [ -111.951066929, 42.288961227000101 ], [ -111.947837456, 42.285969915000102 ], [ -111.931553423, 42.271024409000098 ], [ -111.922277971, 42.262502631000103 ], [ -111.905848361, 42.2473888150001 ], [ -111.899864773, 42.241861791000098 ], [ -111.885562396, 42.236411271000101 ], [ -111.863651296, 42.2280102120001 ], [ -111.855406781, 42.224824602000098 ], [ -111.864979332, 42.220496929 ], [ -111.872154288, 42.217240529 ], [ -111.87549666, 42.213493260000099 ], [ -111.873672468, 42.198468948 ], [ -111.880975177, 42.191306549 ], [ -111.888747304, 42.183672220000098 ], [ -111.898114857, 42.174495716000102 ], [ -111.909443267, 42.1634086010001 ], [ -111.92054291, 42.156319316000101 ], [ -111.927304898, 42.146129967 ], [ -111.932218926, 42.130045258000102 ], [ -111.93693984, 42.114619839 ], [ -111.94003859, 42.104425986000102 ], [ -111.946004351, 42.084820526 ], [ -111.94904368, 42.074815946000101 ], [ -111.952258298, 42.064227499 ], [ -111.957516962, 42.046884304000102 ], [ -111.961637735, 42.033193027 ], [ -111.96862849, 42.010137359 ], [ -111.97274332, 41.996588311 ], [ -111.977945535, 41.979354754 ], [ -111.985059693, 41.955854493000103 ], [ -111.987895213, 41.946485898 ], [ -111.992434895, 41.931436701 ], [ -111.994574013, 41.924443061 ], [ -112.006857301, 41.906813211 ], [ -112.013605029, 41.897104811000098 ], [ -112.02417227, 41.88189178 ], [ -112.037049757, 41.863237693 ], [ -112.038599429, 41.860885192000097 ], [ -112.040481852, 41.858753884000102 ], [ -112.046530801, 41.850123479 ], [ -112.048741222, 41.846947198000102 ], [ -112.057706502, 41.838800393 ], [ -112.061074424, 41.835724489 ], [ -112.063379917, 41.829366796 ], [ -112.057468822, 41.824955 ], [ -112.061927694, 41.812518512000103 ], [ -112.065597469, 41.802296146000103 ], [ -112.070424744, 41.788829190000101 ], [ -112.074767153, 41.776814631 ], [ -112.080307467, 41.7612857720001 ], [ -112.081481605, 41.757940194000099 ], [ -112.083673013, 41.745832955 ], [ -112.084880426, 41.739031826 ], [ -112.085988012, 41.732762092 ], [ -112.084828136, 41.723857485 ], [ -112.083413941, 41.713136616 ], [ -112.082693772, 41.701239202000103 ], [ -112.076604418, 41.682738388000097 ], [ -112.070106758, 41.662871835 ], [ -112.069056548, 41.659677564 ], [ -112.070222063, 41.641461141 ], [ -112.071605721, 41.628886174000101 ], [ -112.072334947, 41.622526718000103 ], [ -112.072805516, 41.61197982 ], [ -112.07293017, 41.609123218 ], [ -112.07060443, 41.6095997400001 ], [ -112.068203864, 41.6054483 ], [ -112.062676844, 41.608578739 ], [ -112.050469904, 41.609623518 ], [ -112.042107569, 41.599222759 ], [ -112.040396645, 41.597113315000101 ], [ -112.035269669, 41.587999676 ], [ -112.031053789, 41.580477303000102 ], [ -112.024790833, 41.569030870000098 ], [ -112.018034773, 41.556673277000101 ], [ -112.01397345, 41.549238534 ], [ -112.011516389, 41.544758037000101 ], [ -112.005023556, 41.532881597 ], [ -111.998860656, 41.524679238 ], [ -111.993333794, 41.517337104 ], [ -111.986075114, 41.510146494 ], [ -111.985924962, 41.508446388 ], [ -111.986014364, 41.502802495 ], [ -111.987854588, 41.497244965 ], [ -111.998410092, 41.49054683 ], [ -112.005078205, 41.486273997000097 ], [ -112.012906657, 41.474846683000102 ], [ -112.020623172, 41.463516513000101 ], [ -112.028185348, 41.459089871000103 ], [ -112.028472394, 41.457047303 ], [ -112.030782672, 41.45462042 ], [ -112.029022975, 41.438997022000102 ], [ -112.028047599, 41.430462796 ], [ -112.029328175, 41.425796357 ], [ -112.027813609, 41.412644224000097 ], [ -112.027385719, 41.401157691 ], [ -112.026981656, 41.389953638000101 ], [ -112.026542808, 41.377868838 ], [ -112.021463075, 41.3752255200001 ], [ -112.019858263, 41.3714935960001 ], [ -112.020754354, 41.367599638000101 ], [ -112.020653131, 41.362682433 ], [ -112.022248862, 41.36062385 ], [ -112.022257806, 41.356701955000098 ], [ -112.025504848, 41.353582143 ], [ -112.024759241, 41.34245751 ], [ -112.025050514, 41.337888701 ], [ -112.028013875, 41.337419084 ], [ -112.043104582, 41.33917633 ], [ -112.044928762, 41.340488031000099 ], [ -112.046326871, 41.340360063 ], [ -112.047247788, 41.340060929000103 ] ] ] } },
{ "type": "Feature", "properties": { "objectid": "92764", "id": "312510", "type": "AC; OVERHEAD", "status": "IN SERVICE", "naics_code": "221121", "naics_desc": "ELECTRIC BULK POWER TRANSMISSION AND CONTROL", "source": "Western Electricity Coordinating Council https://www.wecc.biz/Reliability/YEAR%202014%20OC%20MAP-1.pdf", "sourcedate": "2016-12-31T18:00:00-07:00", "val_method": "IMAGERY/OTHER", "val_date": "2016-12-31T18:00:00-07:00", "owner": "NOT AVAILABLE", "voltage": 345.0, "volt_class": "345", "inferred": "N", "sub_1": "NOT AVAILABLE", "sub_2": "NOT AVAILABLE", "shape_lengt": 247776.34372509, "globalid": "7bb9a53d-0d26-4674-b708-4ac3ac9f1c9e", "NERC": "WECC", "NERC_Label": "Western Electricity Coordinating Council (WECC)" }, "geometry": { "type": "MultiLineString", "coordinates": [ [ [ -111.486262189, 36.931867778 ], [ -111.490058339, 36.929152223000102 ], [ -111.494247, 36.925783999 ], [ -111.49581, 36.922965 ], [ -111.495763524, 36.912682290000099 ], [ -111.495705, 36.899734000000102 ], [ -111.49493, 36.860598 ], [ -111.4946, 36.844116 ], [ -111.493052432, 36.778436251000102 ], [ -111.491838906, 36.710121927000102 ], [ -111.490339845, 36.638095641000099 ], [ -111.489483239, 36.583201477 ], [ -111.486842038, 36.567925336 ], [ -111.478094001, 36.507919000000101 ], [ -111.467604, 36.440386 ], [ -111.456932214, 36.371762571 ], [ -111.448957001, 36.319432 ], [ -111.448166, 36.313861999 ], [ -111.447807001, 36.307582999 ], [ -111.46447, 36.261917 ], [ -111.46512, 36.259453999000101 ], [ -111.464081, 36.247695999 ], [ -111.457253, 36.1963620000001 ], [ -111.447998001, 36.126945 ], [ -111.443581, 36.093723 ], [ -111.441666, 36.076668 ], [ -111.443665, 36.056946 ], [ -111.445694, 36.035831 ], [ -111.446392, 36.027405999 ], [ -111.445694, 35.9965550000001 ], [ -111.445131, 35.9293410000001 ], [ -111.444916, 35.897888000000101 ], [ -111.45208, 35.888473999 ], [ -111.451752, 35.866859 ], [ -111.451329224, 35.832148150000101 ], [ -111.451327878, 35.832037606 ], [ -111.451322, 35.831555 ], [ -111.451275001, 35.828683999000098 ], [ -111.467667, 35.800335000000103 ], [ -111.469942774, 35.796320709 ], [ -111.48278295, 35.773671624 ], [ -111.486233, 35.767585999000097 ], [ -111.496221, 35.747844 ], [ -111.512722, 35.711352 ], [ -111.515196, 35.705832 ], [ -111.53304, 35.6444479990001 ], [ -111.549235001, 35.588827 ], [ -111.554607, 35.570174000000101 ], [ -111.541669001, 35.541580999000097 ], [ -111.536673001, 35.533872 ], [ -111.503152001, 35.482164 ], [ -111.46653, 35.425499000000102 ], [ -111.459724, 35.414944 ], [ -111.446088001, 35.374623 ], [ -111.427666, 35.319973 ], [ -111.409146, 35.265015 ], [ -111.40537376, 35.25378311 ], [ -111.392693001, 35.216026 ], [ -111.393391, 35.183777 ], [ -111.39403356, 35.182452514 ] ] ] } },
{ "type": "Feature", "properties": { "objectid": "68475", "id": "200176", "type": "AC; OVERHEAD", "status": "NOT AVAILABLE", "naics_code": "221121", "naics_desc": "ELECTRIC BULK POWER TRANSMISSION AND CONTROL", "source": "http://www.oasis.oati.com/PPW/PPWdocs/Transmission_Network_Diagram.pdf", "sourcedate": "2014-06-29T20:00:00-06:00", "val_method": "IMAGERY/OTHER", "val_date": "2014-06-29T20:00:00-06:00", "owner": "PACIFICORP", "voltage": 345.0, "volt_class": "345", "inferred": "N", "sub_1": "STILL MILL", "sub_2": "SPANISH FORK", "shape_lengt": 43577.404713839504, "globalid": "a8c020da-a016-4be4-b723-4bae6f3b0a2b", "NERC": "WECC", "NERC_Label": "Western Electricity Coordinating Council (WECC)" }, "geometry": { "type": "MultiLineString", "coordinates": [ [ [ -111.76081952, 40.330449985 ], [ -111.761935581, 40.3295309740001 ], [ -111.76189895, 40.321391725000097 ], [ -111.76189895, 40.3079001770001 ], [ -111.759724152, 40.303744077 ], [ -111.759328779, 40.289839850000099 ], [ -111.756113086, 40.285240553 ], [ -111.750870559, 40.281457258 ], [ -111.742298921, 40.275239243 ], [ -111.733113293, 40.268644556 ], [ -111.725693499, 40.256790434 ], [ -111.719214174, 40.256770915000097 ], [ -111.713554343, 40.256598935000099 ], [ -111.707218215, 40.249806540000101 ], [ -111.699016945, 40.241021750000101 ], [ -111.69113479, 40.240962698 ], [ -111.688040982, 40.2378601200001 ], [ -111.686861872, 40.236852541000097 ], [ -111.687207699, 40.235433538 ], [ -111.6843363, 40.231706357 ], [ -111.682371393, 40.230562164 ], [ -111.68050023, 40.228893643000099 ], [ -111.676914189, 40.225256228 ], [ -111.675111943, 40.223539438 ], [ -111.667286865, 40.217255877000099 ], [ -111.665604932, 40.215503899 ], [ -111.662575962, 40.211784621 ], [ -111.659214151, 40.2073130530001 ], [ -111.655183153, 40.202271694 ], [ -111.649634176, 40.195717342000101 ], [ -111.647421332, 40.193915676000103 ], [ -111.632858969, 40.181889728 ], [ -111.632764267, 40.163674157000102 ], [ -111.63246337, 40.159548132 ], [ -111.632360179, 40.1521279500001 ], [ -111.632239815, 40.144517915 ], [ -111.632077, 40.134311468000099 ], [ -111.62024049, 40.127479755 ], [ -111.611753989, 40.115402514 ], [ -111.599149945, 40.0973781060001 ], [ -111.595762309, 40.092508496 ], [ -111.588592121, 40.092560799000097 ], [ -111.587499356, 40.092353478000099 ], [ -111.586290203, 40.091883959 ] ] ] } },
{ "type": "Feature", "properties": { "objectid": "68488", "id": "200189", "type": "AC; OVERHEAD", "status": "NOT AVAILABLE", "naics_code": "221121", "naics_desc": "ELECTRIC BULK POWER TRANSMISSION AND CONTROL", "source": "http://www.oasis.oati.com/PPW/PPWdocs/Transmission_Network_Diagram.pdf", "sourcedate": "2014-06-29T20:00:00-06:00", "val_method": "IMAGERY/OTHER", "val_date": "2014-06-29T20:00:00-06:00", "owner": "PACIFICORP", "voltage": 345.0, "volt_class": "345", "inferred": "N", "sub_1": "THREE PEAKS", "sub_2": "RED BUTTE", "shape_lengt": 93377.778344705395, "globalid": "ca24bbd5-9310-4dd6-91fb-4ea813d54204", "NERC": "WECC", "NERC_Label": "Western Electricity Coordinating Council (WECC)" }, "geometry": { "type": "MultiLineString", "coordinates": [ [ [ -113.159711554, 37.800605639 ], [ -113.160363589, 37.801203817 ], [ -113.160841874, 37.801210688 ], [ -113.161459295, 37.802241352000102 ], [ -113.1648486, 37.801619500000101 ], [ -113.16886, 37.80076 ], [ -113.1728227, 37.799959800000103 ], [ -113.1768666, 37.7991489 ], [ -113.1807374, 37.798365 ], [ -113.1846677, 37.797554100000099 ], [ -113.1886467, 37.7967594 ], [ -113.1926203, 37.7959592 ], [ -113.196543, 37.7951634 ], [ -113.200881, 37.7952024000001 ], [ -113.20518, 37.795211000000101 ], [ -113.2094761, 37.7952539 ], [ -113.2134674, 37.7952708 ], [ -113.2181042, 37.7952961 ], [ -113.222163, 37.795329900000098 ], [ -113.226226, 37.7953636 ], [ -113.2302257, 37.7953763 ], [ -113.2342802, 37.795410000000103 ], [ -113.2381829, 37.7953805000001 ], [ -113.2420602, 37.7953341 ], [ -113.2460309, 37.7953172 ], [ -113.2498743, 37.7952974 ], [ -113.2537571, 37.795251300000103 ], [ -113.257706, 37.7952249 ], [ -113.2618639, 37.7952352 ], [ -113.2652241, 37.7952031 ], [ -113.2691711, 37.795170900000102 ], [ -113.2726117, 37.7951548 ], [ -113.27725, 37.7950744 ], [ -113.2816865, 37.795072300000101 ], [ -113.2861573, 37.7950312 ], [ -113.2905252, 37.79499 ], [ -113.2948725, 37.7949591 ], [ -113.299225, 37.794918000000102 ], [ -113.3035414, 37.7949283 ], [ -113.307863, 37.794907700000103 ], [ -113.31202, 37.7948357000001 ], [ -113.3162335, 37.7947996 ], [ -113.3204059, 37.794773900000102 ], [ -113.3245578, 37.7947276 ], [ -113.3287405, 37.7946762 ], [ -113.3329283, 37.794655600000098 ], [ -113.3370904, 37.7946144 ], [ -113.3413246, 37.7945733 ], [ -113.3454918, 37.794557800000099 ], [ -113.3496539, 37.794480700000101 ], [ -113.3538521, 37.7945115 ], [ -113.3570225, 37.7944794 ], [ -113.3613956, 37.7945115 ], [ -113.3658072, 37.7944922 ], [ -113.3699294, 37.794498700000098 ], [ -113.3739617, 37.794518 ], [ -113.3777816, 37.7945501 ], [ -113.3813573, 37.7945501 ], [ -113.3850358, 37.7945501 ], [ -113.3881355, 37.794563 ], [ -113.3920777, 37.7945694000001 ], [ -113.3958976, 37.7945501 ], [ -113.3995247, 37.794627300000101 ], [ -113.4040006, 37.794582300000101 ], [ -113.4082193, 37.794601600000099 ], [ -113.412168, 37.7945951 ], [ -113.4166889, 37.794588700000098 ], [ -113.4211777, 37.794601600000099 ], [ -113.4257051, 37.7946209 ], [ -113.4301553, 37.794608 ], [ -113.4346892, 37.794627300000101 ], [ -113.438985, 37.794640200000103 ], [ -113.4423934, 37.794633700000098 ], [ -113.4457826, 37.794653 ], [ -113.4492038, 37.794640200000103 ], [ -113.4526354, 37.794655600000098 ], [ -113.455357, 37.7923868 ], [ -113.4582946, 37.789989300000101 ], [ -113.4613918, 37.7874169 ], [ -113.4644375, 37.784901100000098 ], [ -113.4673648, 37.782477900000103 ], [ -113.4703128, 37.7800085000001 ], [ -113.4732865, 37.777585300000098 ], [ -113.4762859, 37.7750849 ], [ -113.4792801, 37.772610300000103 ], [ -113.4823104, 37.7700945 ], [ -113.4856082, 37.7673678 ], [ -113.4884584, 37.7649806 ], [ -113.4911131, 37.7627786 ], [ -113.4921986, 37.7596043 ], [ -113.4933171, 37.756545200000097 ], [ -113.4944414, 37.753411200000102 ], [ -113.4955756, 37.7502255 ], [ -113.4967345, 37.746847600000102 ], [ -113.4977552, 37.7438691 ], [ -113.4989733, 37.740624200000099 ], [ -113.500068, 37.737428700000102 ], [ -113.5012121, 37.7342086 ], [ -113.5023463, 37.730998300000103 ], [ -113.503446, 37.727832400000104 ], [ -113.5044964, 37.7246615 ], [ -113.5057095, 37.721431500000101 ], [ -113.5068289, 37.7181965 ], [ -113.5080272, 37.714892500000097 ], [ -113.5091368, 37.7117217 ], [ -113.5110945, 37.709113000000102 ], [ -113.5132889, 37.7062134 ], [ -113.5155574, 37.7032053 ], [ -113.5177518, 37.700281000000103 ], [ -113.5200005, 37.6973025 ], [ -113.5211988, 37.6940231 ], [ -113.5222393, 37.6913405 ], [ -113.5237779, 37.6871784 ], [ -113.5249565, 37.6840964 ], [ -113.5262584, 37.6806493 ], [ -113.5275356, 37.677207300000099 ], [ -113.5288276, 37.673829300000101 ], [ -113.5300456, 37.670466100000098 ], [ -113.5308729, 37.668268 ], [ -113.53422, 37.6661599 ], [ -113.5362418, 37.6648839 ], [ -113.5401684, 37.662412000000103 ], [ -113.5434354, 37.660340900000101 ], [ -113.5473188, 37.6585163 ], [ -113.5489154, 37.6576841 ], [ -113.5524474, 37.656026 ], [ -113.5542289, 37.6552 ], [ -113.5569966, 37.653843800000097 ], [ -113.5598075, 37.6524939 ], [ -113.5620142, 37.651476800000097 ], [ -113.56411, 37.6497262 ], [ -113.5663785, 37.6478153 ], [ -113.5686037, 37.646015400000103 ], [ -113.570866, 37.644135300000102 ], [ -113.5730727, 37.6423662 ], [ -113.5752364, 37.6406032 ], [ -113.5773753, 37.638778600000101 ], [ -113.5797054, 37.6368801 ], [ -113.5812094, 37.6345993 ], [ -113.5826457, 37.632460400000099 ], [ -113.5842792, 37.6299762 ], [ -113.5856045, 37.6279297 ], [ -113.5869606, 37.6259325 ], [ -113.5886619, 37.623399 ], [ -113.5903078, 37.6208779 ], [ -113.5919598, 37.6184184 ], [ -113.5933282, 37.6163411 ], [ -113.5949617, 37.613943200000101 ], [ -113.5966815, 37.6113481 ], [ -113.5980993, 37.6092399 ], [ -113.5994615, 37.6071071000001 ], [ -113.6009101, 37.6049435 ], [ -113.602895, 37.601984700000102 ], [ -113.6047504, 37.599186200000098 ], [ -113.605225, 37.5976143 ], [ -113.6061127, 37.5947356 ], [ -113.6068478, 37.592273100000099 ], [ -113.6076536, 37.5896547 ], [ -113.6082942, 37.5874935000001 ], [ -113.6089408, 37.5853107 ], [ -113.6098305, 37.582441200000098 ], [ -113.6111821, 37.5780324 ], [ -113.610785, 37.576606900000101 ], [ -113.6097998, 37.5731186000001 ], [ -113.608596, 37.568482000000103 ], [ -113.6074784, 37.564580400000096 ], [ -113.607055, 37.562890900000099 ], [ -113.606293, 37.5601546 ], [ -113.6055541, 37.557199 ], [ -113.6047921, 37.5549322 ], [ -113.6040763, 37.552180500000098 ], [ -113.6034567, 37.5500138 ], [ -113.6027793, 37.5476508 ], [ -113.6022906, 37.545745800000098 ], [ -113.6015671, 37.5432135 ], [ -113.6019365, 37.540408 ], [ -113.6022867, 37.537617800000099 ], [ -113.6026562, 37.5348623 ], [ -113.6029443, 37.532855400000102 ], [ -113.6035139, 37.528611500000103 ], [ -113.6042985, 37.526462600000102 ], [ -113.6051466, 37.524058400000101 ], [ -113.6062847, 37.520822500000101 ], [ -113.6071506, 37.5183797 ], [ -113.6084564, 37.514778400000097 ], [ -113.6089719, 37.5132733 ], [ -113.6098617, 37.5108534 ], [ -113.6107764, 37.5083031 ], [ -113.6116812, 37.5057488 ], [ -113.6131375, 37.5017433 ], [ -113.6139942, 37.4993407 ], [ -113.6149457, 37.496715600000101 ], [ -113.6165734, 37.4921298 ], [ -113.6173515, 37.490021 ], [ -113.6193482, 37.484451600000099 ], [ -113.6203781, 37.4814246 ], [ -113.6227433, 37.4747148000001 ], [ -113.6238775, 37.471493800000097 ], [ -113.6256791, 37.466706600000101 ], [ -113.6261337, 37.4653968000001 ], [ -113.6271462, 37.462401800000102 ], [ -113.6296008, 37.459571600000103 ], [ -113.6331379, 37.4549832000001 ], [ -113.6359761, 37.451505100000098 ], [ -113.6365006, 37.4481825 ], [ -113.6368492, 37.446164500000101 ], [ -113.6372131, 37.444128200000101 ], [ -113.6378808, 37.4404102 ], [ -113.6381701, 37.438768600000103 ], [ -113.639069, 37.433627600000101 ], [ -113.6394699, 37.4313317 ], [ -113.641171, 37.4273821 ], [ -113.6424815, 37.4243951 ], [ -113.643490216, 37.422083935 ], [ -113.644039, 37.420988900000097 ], [ -113.6449925, 37.419097900000097 ], [ -113.645733046, 37.417768681 ], [ -113.64589945, 37.4159643610001 ], [ -113.646094793, 37.414142757 ], [ -113.6460443, 37.4135796 ], [ -113.645211607, 37.41300556 ] ] ] } },
{ "type": "Feature", "properties": { "objectid": "68435", "id": "200135", "type": "AC; OVERHEAD", "status": "NOT AVAILABLE", "naics_code": "221121", "naics_desc": "ELECTRIC BULK POWER TRANSMISSION AND CONTROL", "source": "Company Map", "sourcedate": "2014-06-19T20:00:00-06:00", "val_method": "IMAGERY/OTHER", "val_date": "2014-06-19T20:00:00-06:00", "owner": "IDAHO POWER CO", "voltage": 345.0, "volt_class": "345", "inferred": "N", "sub_1": "MIDPOINT (500KV)", "sub_2": "MIDPOINT", "shape_lengt": 794.43602673400005, "globalid": "583f442a-839a-4fab-a4f7-c13205e3b4d0", "NERC": "WECC", "NERC_Label": "Western Electricity Coordinating Council (WECC)" }, "geometry": { "type": "MultiLineString", "coordinates": [ [ [ -114.426563266, 42.834671577000101 ], [ -114.425844262, 42.835021706000099 ], [ -114.425611191, 42.835901404 ], [ -114.423588963, 42.835891350000097 ], [ -114.421491329, 42.835891350000097 ], [ -114.420608483, 42.835673530000101 ] ] ] } },
{ "type": "Feature", "properties": { "objectid": "86879", "id": "306613", "type": "AC; OVERHEAD", "status": "IN SERVICE", "naics_code": "221121", "naics_desc": "ELECTRIC BULK POWER TRANSMISSION AND CONTROL", "source": "Western Electricity Coordinating Council https://www.wecc.biz/Reliability/YEAR%202014%20OC%20MAP-1.pdf", "sourcedate": "2016-12-31T18:00:00-07:00", "val_method": "IMAGERY/OTHER", "val_date": "2016-12-31T18:00:00-07:00", "owner": "SIERRA PACIFIC POWER COMPANY", "voltage": 345.0, "volt_class": "345", "inferred": "N", "sub_1": "VALMY", "sub_2": "NOT AVAILABLE", "shape_lengt": 75764.044984206193, "globalid": "ab3987c4-73c2-4388-a2fd-c14b871b0d29", "NERC": "WECC", "NERC_Label": "Western Electricity Coordinating Council (WECC)" }, "geometry": { "type": "MultiLineString", "coordinates": [ [ [ -117.152361064, 40.878557068000099 ], [ -117.148507008, 40.87369332 ], [ -117.139473028, 40.873742457 ], [ -117.120713489, 40.873813756000096 ], [ -117.071800618, 40.873925066 ], [ -117.037723802, 40.873988672000102 ], [ -116.971859981, 40.874004573 ], [ -116.923312843, 40.874036376 ], [ -116.890057864, 40.873984194000101 ], [ -116.852742191, 40.873988672000102 ], [ -116.844238329, 40.874015664000098 ], [ -116.81893871, 40.873999008000098 ], [ -116.798955996, 40.873875276 ], [ -116.777148236, 40.873906209 ], [ -116.754938348, 40.873875276 ], [ -116.737507606, 40.868183606000102 ], [ -116.712854011, 40.860465824000102 ], [ -116.6743579, 40.848355557 ], [ -116.647229665, 40.839663386 ], [ -116.635165799, 40.833507721000103 ], [ -116.617735056, 40.825155811 ], [ -116.594689977, 40.813633272000096 ], [ -116.557090924, 40.813880736 ], [ -116.534401573, 40.813973535000102 ], [ -116.502588967, 40.814080238 ], [ -116.502122995, 40.8140818010001 ], [ -116.49524902, 40.816020052000098 ] ] ] } },
{ "type": "Feature", "properties": { "objectid": "82614", "id": "302338", "type": "AC; OVERHEAD", "status": "IN SERVICE", "naics_code": "221121", "naics_desc": "ELECTRIC BULK POWER TRANSMISSION AND CONTROL", "source": "Western Electricity Coordinating Council https://www.wecc.biz/Reliability/YEAR%202014%20OC%20MAP-1.pdf", "sourcedate": "2016-12-31T18:00:00-07:00", "val_method": "IMAGERY/OTHER", "val_date": "2016-12-31T18:00:00-07:00", "owner": "NOT AVAILABLE", "voltage": 345.0, "volt_class": "345", "inferred": "N", "sub_1": "COYOTE CREEK", "sub_2": "VALMY", "shape_lengt": 87944.140467921097, "globalid": "00ff8f00-52f5-4c47-afed-c57b103088cd", "NERC": "WECC", "NERC_Label": "Western Electricity Coordinating Council (WECC)" }, "geometry": { "type": "MultiLineString", "coordinates": [ [ [ -116.42343914, 41.094673519 ], [ -116.426204063, 41.093590774000099 ], [ -116.47952667, 41.063432864000099 ], [ -116.511733789, 41.056223719000101 ], [ -116.552580806, 41.046417961 ], [ -116.598763766, 41.034493292 ], [ -116.686597999, 41.011602877 ], [ -116.726053031, 41.001487789000102 ], [ -116.749453841, 40.995301190000099 ], [ -116.815124585, 40.978148845000099 ], [ -116.841415266, 40.963642547000099 ], [ -116.851969529, 40.957892776000101 ], [ -116.884439295, 40.945935216000102 ], [ -116.946985518, 40.927073954 ], [ -116.979192679, 40.91926053 ], [ -117.001778, 40.913193 ], [ -117.121086, 40.880360000000103 ], [ -117.131615001, 40.877529 ], [ -117.140663001, 40.877498999000103 ], [ -117.149696, 40.877498999000103 ], [ -117.152361064, 40.878557068000099 ] ] ] } },
{ "type": "Feature", "properties": { "objectid": "89136", "id": "308875", "type": "AC; OVERHEAD", "status": "IN SERVICE", "naics_code": "221121", "naics_desc": "ELECTRIC BULK POWER TRANSMISSION AND CONTROL", "source": "Western Electricity Coordinating Council https://www.wecc.biz/Reliability/YEAR%202014%20OC%20MAP-1.pdf", "sourcedate": "2016-12-31T18:00:00-07:00", "val_method": "IMAGERY/OTHER", "val_date": "2016-12-31T18:00:00-07:00", "owner": "EL PASO ELECTRIC POWER COMPANY", "voltage": 345.0, "volt_class": "345", "inferred": "N", "sub_1": "NOT AVAILABLE", "sub_2": "NOT AVAILABLE", "shape_lengt": 57659.273641395499, "globalid": "11a0c41d-d4b5-44e7-8ef2-d061d6f3dfbf", "NERC": "WECC", "NERC_Label": "Western Electricity Coordinating Council (WECC)" }, "geometry": { "type": "MultiLineString", "coordinates": [ [ [ -106.712359836, 32.332664494 ], [ -106.709351396, 32.332068849000102 ], [ -106.708241, 32.331849 ], [ -106.702042, 32.330996 ], [ -106.690077, 32.333280000000101 ], [ -106.686398561, 32.327094854000102 ], [ -106.676047, 32.301492 ], [ -106.665067, 32.274466000000103 ], [ -106.652381, 32.243189999 ], [ -106.645649103, 32.226891551000101 ], [ -106.587621, 32.155343000000101 ], [ -106.575989001, 32.141012 ], [ -106.560033001, 32.121371000000103 ], [ -106.541651, 32.098715 ], [ -106.517731, 32.06922 ], [ -106.506044, 32.054796000000103 ], [ -106.491497, 32.03695 ], [ -106.477785, 32.019934999 ], [ -106.471789845, 32.012528484 ], [ -106.462905, 32.001552000000103 ], [ -106.448728028, 31.984106666000098 ], [ -106.439735281, 31.984232188000099 ], [ -106.436795032, 31.984273229 ], [ -106.434814453, 31.984375 ] ] ] } },
{ "type": "Feature", "properties": { "objectid": "91764", "id": "311509", "type": "AC; OVERHEAD", "status": "IN SERVICE", "naics_code": "221121", "naics_desc": "ELECTRIC BULK POWER TRANSMISSION AND CONTROL", "source": "Western Electricity Coordinating Council https://www.wecc.biz/Reliability/YEAR%202014%20OC%20MAP-1.pdf", "sourcedate": "2016-12-31T18:00:00-07:00", "val_method": "IMAGERY/OTHER", "val_date": "2016-12-31T18:00:00-07:00", "owner": "SIERRA PACIFIC POWER COMPANY", "voltage": 345.0, "volt_class": "345", "inferred": "N", "sub_1": "NOT AVAILABLE", "sub_2": "NOT AVAILABLE", "shape_lengt": 30460.388299082999, "globalid": "cbbc809d-e7f9-4a86-9d13-d39b417dd670", "NERC": "WECC", "NERC_Label": "Western Electricity Coordinating Council (WECC)" }, "geometry": { "type": "MultiLineString", "coordinates": [ [ [ -120.004209343, 39.655895445000098 ], [ -120.002741138, 39.655444542 ], [ -120.001575916, 39.648432151000101 ], [ -119.995216331, 39.644002902000103 ], [ -119.993945818, 39.642051507000097 ], [ -119.987200165, 39.631536431 ], [ -119.979233134, 39.630834489000101 ], [ -119.97584978, 39.6361060670001 ], [ -119.945090724, 39.636197319000097 ], [ -119.938316994, 39.631803169000101 ], [ -119.933263018, 39.62869357 ], [ -119.928637227, 39.626707077 ], [ -119.924797611, 39.6256682040001 ], [ -119.921575701, 39.625794554 ], [ -119.918494181, 39.62571734 ], [ -119.915223135, 39.625331273 ], [ -119.912331138, 39.624959244 ], [ -119.907803618, 39.624102876000102 ], [ -119.8973096, 39.621968975000101 ], [ -119.895201945, 39.621467811000102 ], [ -119.887685989, 39.619680648 ], [ -119.884372738, 39.61904235 ], [ -119.882667111, 39.617918776000103 ], [ -119.880076949, 39.618192532000101 ], [ -119.875844245, 39.617399339 ], [ -119.871372882, 39.617350204 ], [ -119.866908536, 39.616479797000103 ], [ -119.859482001, 39.614921488 ], [ -119.857053284, 39.61417743 ], [ -119.85436485, 39.613391257 ], [ -119.850876205, 39.61238748 ], [ -119.848594895, 39.610450124000103 ], [ -119.841680777, 39.604511703000099 ], [ -119.839190437, 39.602263774 ], [ -119.836584685, 39.601549511 ], [ -119.835903802, 39.600201785 ], [ -119.834864929, 39.598559243000103 ], [ -119.828484286, 39.592599764 ], [ -119.826378463, 39.591764454 ], [ -119.825898531, 39.589844451 ], [ -119.82248971, 39.5862121010001 ], [ -119.818968829, 39.582477677 ], [ -119.817632279, 39.581144087 ], [ -119.81511231, 39.579431351 ], [ -119.806738154, 39.574412473 ], [ -119.806850464, 39.569906012 ], [ -119.80693942, 39.563442732000098 ], [ -119.806888123, 39.559345401 ], [ -119.806574877, 39.558350281000102 ] ] ] } },
{ "type": "Feature", "properties": { "objectid": "68427", "id": "200126", "type": "AC; OVERHEAD", "status": "NOT AVAILABLE", "naics_code": "221121", "naics_desc": "ELECTRIC BULK POWER TRANSMISSION AND CONTROL", "source": "http://gis.bpa.gov/ArcGIS/rest/services/BPAPublic/Transmission_Assets/MapServer", "sourcedate": "2014-06-11T20:00:00-06:00", "val_method": "IMAGERY/OTHER", "val_date": "2014-06-11T20:00:00-06:00", "owner": "BONNEVILLE POWER ADMINISTRATION", "voltage": 345.0, "volt_class": "345", "inferred": "N", "sub_1": "CHIEF JOSEPH", "sub_2": "SNOHOMISH", "shape_lengt": 318363.360080668, "globalid": "b6d9d9c0-1d15-4d77-a870-d681056790f9", "NERC": "WECC", "NERC_Label": "Western Electricity Coordinating Council (WECC)" }, "geometry": { "type": "MultiLineString", "coordinates": [ [ [ -119.651647193, 47.986236555000097 ], [ -119.651592425, 47.985910058000101 ], [ -119.652144639, 47.98581469 ], [ -119.65316296, 47.9856440880001 ], [ -119.65463726, 47.985390679 ], [ -119.655668363, 47.98431824 ], [ -119.655921611, 47.981275327 ], [ -119.65613673, 47.978606981 ], [ -119.656336536, 47.976145752 ], [ -119.656481338, 47.974429599000104 ], [ -119.657940881, 47.973542849000097 ], [ -119.65868646, 47.971469328000097 ], [ -119.660193098, 47.969443296000101 ], [ -119.661653958, 47.967484662000103 ], [ -119.663344252, 47.9652197710001 ], [ -119.665172922, 47.962766292 ], [ -119.667089152, 47.960194712 ], [ -119.668550298, 47.95823449 ], [ -119.670467406, 47.955661521000103 ], [ -119.671656833, 47.954068387000099 ], [ -119.673118281, 47.9521082750001 ], [ -119.674574063, 47.9501484150001 ], [ -119.675491501, 47.948922405000097 ], [ -119.678234841, 47.945237966 ], [ -119.679965705, 47.942916356000097 ], [ -119.68324997, 47.938504161 ], [ -119.68457104, 47.936731321000103 ], [ -119.686800207, 47.933731509 ], [ -119.688191569, 47.93203799 ], [ -119.69015437, 47.930734692 ], [ -119.693926261, 47.928233065 ], [ -119.696680698, 47.926407749000099 ], [ -119.699147083, 47.924771791000097 ], [ -119.704218911, 47.9214069410001 ], [ -119.706611845, 47.919819754000102 ], [ -119.711756227, 47.9164061050001 ], [ -119.714225327, 47.914766182000101 ], [ -119.717894657, 47.912333353000101 ], [ -119.720606737, 47.910534369000104 ], [ -119.724079898, 47.908226736000103 ], [ -119.726689731, 47.906494148 ], [ -119.729444368, 47.904664910000101 ], [ -119.732484782, 47.902644736000099 ], [ -119.735394108, 47.900713455000101 ], [ -119.738434215, 47.898693372 ], [ -119.741257565, 47.896819823 ], [ -119.743935253, 47.895039134 ], [ -119.746264864, 47.893496760000097 ], [ -119.752345028, 47.889449669000101 ], [ -119.75552976, 47.88733219 ], [ -119.757992201, 47.885693888 ], [ -119.760669378, 47.883915334 ], [ -119.763354508, 47.882131501000103 ], [ -119.766251894, 47.880206197000099 ], [ -119.76900746, 47.878373184000097 ], [ -119.771754438, 47.876545977 ], [ -119.774214186, 47.874909090000102 ], [ -119.777111342, 47.872981101 ], [ -119.780081773, 47.871003955 ], [ -119.781890238, 47.869799633000099 ], [ -119.783914062, 47.868453567000103 ], [ -119.788694245, 47.865273560000098 ], [ -119.791978208, 47.863089096000103 ], [ -119.794842252, 47.861181561000102 ], [ -119.797807872, 47.85920773 ], [ -119.800556701, 47.857377149000101 ], [ -119.803601301, 47.855350916000098 ], [ -119.807216172, 47.852942924 ], [ -119.809961691, 47.851111901000102 ], [ -119.81307429, 47.849040873 ], [ -119.816467683, 47.84678037 ], [ -119.819505679, 47.844754924 ], [ -119.822831818, 47.842539344 ], [ -119.825801162, 47.840560942000103 ], [ -119.829268811, 47.838248082000099 ], [ -119.833177542, 47.835642849000102 ], [ -119.836203304, 47.833626184000103 ], [ -119.840534299, 47.830738157 ], [ -119.843508505, 47.828753754 ], [ -119.846662244, 47.826650987 ], [ -119.849219711, 47.824944796000104 ], [ -119.853122643, 47.822341367 ], [ -119.855504068, 47.820751666 ], [ -119.858251167, 47.818918094 ], [ -119.860202438, 47.817615929000098 ], [ -119.863600294, 47.815350339000098 ], [ -119.865694158, 47.813952427000103 ], [ -119.868199416, 47.812278551000098 ], [ -119.872118863, 47.8096620970001 ], [ -119.874794017, 47.807871974000101 ], [ -119.878193374, 47.805600981000097 ], [ -119.880643243, 47.803967143000101 ], [ -119.883956775, 47.801752649 ], [ -119.886421344, 47.800107131000097 ], [ -119.889601455, 47.7979837090001 ], [ -119.892342881, 47.796151894 ], [ -119.895518343, 47.794029069 ], [ -119.898693821, 47.791904400000099 ], [ -119.901576806, 47.7899766620001 ], [ -119.904896553, 47.787757621 ], [ -119.908506875, 47.785347223 ], [ -119.910963934, 47.7837041700001 ], [ -119.912980971, 47.782353289000099 ], [ -119.916443186, 47.780038424 ], [ -119.91889905, 47.778395304000099 ], [ -119.921637284, 47.776564198000102 ], [ -119.924883074, 47.774391481000102 ], [ -119.9276228, 47.772557669 ], [ -119.930578169, 47.770578435000097 ], [ -119.933749222, 47.768455631000101 ], [ -119.93612593, 47.766865067 ], [ -119.93822162, 47.765460906 ], [ -119.941682224, 47.763145771 ], [ -119.944275812, 47.761408495000097 ], [ -119.946437366, 47.759962092000102 ], [ -119.95004513, 47.757545288000102 ], [ -119.952494835, 47.755904096000101 ], [ -119.954698901, 47.754433606000099 ], [ -119.958339616, 47.753778032000099 ], [ -119.963052129, 47.7529388 ], [ -119.967569152, 47.75213323 ], [ -119.970712681, 47.751572463 ], [ -119.975073515, 47.750794011 ], [ -119.978218564, 47.750232120000099 ], [ -119.98273193, 47.749424418 ], [ -119.986265612, 47.748794331000099 ], [ -119.990195156, 47.748093529000101 ], [ -119.993332501, 47.747532345000103 ], [ -119.996867452, 47.74690065 ], [ -120.002302186, 47.745930211 ], [ -120.006500942, 47.745178747000097 ], [ -120.0102313, 47.744512663000101 ], [ -120.015142898, 47.743634454000102 ], [ -120.019655319, 47.742827733000098 ], [ -120.023186536, 47.7421954490001 ], [ -120.026685074, 47.741570610000103 ], [ -120.034574317, 47.740159707 ], [ -120.037322005, 47.739667791 ], [ -120.040070212, 47.739175513000099 ], [ -120.043413514, 47.7385781730001 ], [ -120.045961463, 47.738121927000101 ], [ -120.050280583, 47.737348116000099 ], [ -120.054593502, 47.736575223 ], [ -120.059113542, 47.735765110000102 ], [ -120.061272536, 47.735379413 ], [ -120.06480829, 47.734746919 ], [ -120.06814632, 47.734148055000098 ], [ -120.07348212, 47.733190357000097 ], [ -120.07678968, 47.732599263000097 ], [ -120.081498548, 47.731758266 ], [ -120.086200926, 47.730914125 ], [ -120.090122668, 47.730211001 ], [ -120.093063263, 47.729682955 ], [ -120.097392663, 47.728905736000101 ], [ -120.101717976, 47.72812945 ], [ -120.105743375, 47.7274073190001 ], [ -120.109778318, 47.726683217000101 ], [ -120.112510305, 47.726193265000099 ], [ -120.116231327, 47.725522659 ], [ -120.12023204, 47.724866869 ], [ -120.126573097, 47.723849101 ], [ -120.131457276, 47.723062571000099 ], [ -120.133878548, 47.722673748 ], [ -120.137542105, 47.722085552000102 ], [ -120.140298914, 47.721642436000103 ], [ -120.143555866, 47.721119073000096 ], [ -120.148198188, 47.720372698000098 ], [ -120.151952538, 47.719769205 ], [ -120.15609964, 47.719102179000103 ], [ -120.163014299, 47.717992174000102 ], [ -120.167561995, 47.717259178000099 ], [ -120.172100054, 47.716529372 ], [ -120.176641441, 47.715799297 ], [ -120.180994465, 47.715100068 ], [ -120.184410774, 47.714520390000096 ], [ -120.188487827, 47.713828353 ], [ -120.192134235, 47.713210485 ], [ -120.19380812, 47.712926428000102 ], [ -120.19765427, 47.712274221 ], [ -120.200836541, 47.71220534 ], [ -120.205098242, 47.7123339010001 ], [ -120.209940646, 47.712479546 ], [ -120.217536689, 47.708644604 ], [ -120.223151236, 47.709228065 ], [ -120.228646359, 47.709902733 ], [ -120.234100103, 47.710567184000098 ], [ -120.237094266, 47.710932978000102 ], [ -120.240695111, 47.711372526 ], [ -120.245887976, 47.7120070920001 ], [ -120.251481858, 47.712688977 ], [ -120.253482713, 47.712932832 ], [ -120.255178651, 47.713135355000098 ], [ -120.258318683, 47.713630567 ], [ -120.261882447, 47.714187033 ], [ -120.265587806, 47.7147666010001 ], [ -120.267826015, 47.71511773 ], [ -120.271824625, 47.715740686000103 ], [ -120.274509849, 47.716160997 ], [ -120.277796701, 47.716674649 ], [ -120.282267222, 47.717372489000098 ], [ -120.287292682, 47.718155467 ], [ -120.295006903, 47.719361551000098 ], [ -120.301833913, 47.720426120000099 ], [ -120.3062863, 47.721119942 ], [ -120.313604471, 47.7222623440001 ], [ -120.316563948, 47.7226999640001 ], [ -120.318494205, 47.721953509000102 ], [ -120.322857981, 47.720202806 ], [ -120.32417182, 47.719676849 ], [ -120.331951652, 47.71655751 ], [ -120.341093159, 47.712889879 ], [ -120.344494188, 47.711525903000101 ], [ -120.348338696, 47.709977344 ], [ -120.349716697, 47.709528323 ], [ -120.356178286, 47.707887626000101 ], [ -120.359215042, 47.707109473000102 ], [ -120.365291521, 47.705558775 ], [ -120.368519925, 47.704733351000101 ], [ -120.373265106, 47.70352072 ], [ -120.378848386, 47.7020958620001 ], [ -120.3831366, 47.700996062000101 ], [ -120.384960024, 47.700527127 ], [ -120.387160107, 47.700040968000103 ], [ -120.395228591, 47.697978094000099 ], [ -120.400345375, 47.696655175 ], [ -120.404282988, 47.695965739 ], [ -120.409273764, 47.696202366000101 ], [ -120.41675323, 47.696559833 ], [ -120.419693687, 47.696656241 ], [ -120.425227375, 47.696917934000098 ], [ -120.431799392, 47.697412540000101 ], [ -120.440073602, 47.6980288930001 ], [ -120.441684245, 47.698148814 ], [ -120.44834195, 47.698645776 ], [ -120.450561482, 47.698811738000103 ], [ -120.458431738, 47.6993988340001 ], [ -120.463455799, 47.699773232 ], [ -120.466078687, 47.699968299 ], [ -120.471316446, 47.700398720000102 ], [ -120.479787582, 47.701025751 ], [ -120.485651037, 47.701417591000101 ], [ -120.487264295, 47.70154137 ], [ -120.491097139, 47.701825693 ], [ -120.495145688, 47.702126757 ], [ -120.500436925, 47.702520906000103 ], [ -120.505083626, 47.703249639 ], [ -120.508243451, 47.703746049000102 ], [ -120.513581351, 47.704585297000101 ], [ -120.521093031, 47.705767088000101 ], [ -120.522875801, 47.706045667000097 ], [ -120.524848243, 47.706355494 ], [ -120.528944956, 47.706999681000099 ], [ -120.532165206, 47.707505815 ], [ -120.538294272, 47.708469138 ], [ -120.54086158, 47.70887242 ], [ -120.544031129, 47.709370686000099 ], [ -120.547392459, 47.709898269000099 ], [ -120.550363614, 47.710361866 ], [ -120.555148961, 47.711112858 ], [ -120.561435306, 47.712098539000102 ], [ -120.564201072, 47.712534064000103 ], [ -120.570533783, 47.713527301000099 ], [ -120.572429923, 47.713822912000097 ], [ -120.575493774, 47.714302952 ], [ -120.582846596, 47.71545336 ], [ -120.585661285, 47.715892774 ], [ -120.593182527, 47.717071418 ], [ -120.597052127, 47.7177324150001 ], [ -120.598041067, 47.7181055470001 ], [ -120.600957692, 47.719211989 ], [ -120.60408591, 47.720399051000101 ], [ -120.612828198, 47.723707502000103 ], [ -120.616488417, 47.725094474000102 ], [ -120.617889984, 47.725627088000103 ], [ -120.621167028, 47.7268660780001 ], [ -120.625416389, 47.728473917 ], [ -120.630804466, 47.730507595000098 ], [ -120.633215166, 47.7314199670001 ], [ -120.640756762, 47.734271563 ], [ -120.643312773, 47.735237918000102 ], [ -120.646008611, 47.736256068 ], [ -120.648987065, 47.737382378000099 ], [ -120.653534438, 47.739102211 ], [ -120.656597843, 47.740261655 ], [ -120.659707663, 47.741437454 ], [ -120.661739068, 47.742203891 ], [ -120.665636573, 47.743679916000097 ], [ -120.668467817, 47.744751245 ], [ -120.673252443, 47.746560443000099 ], [ -120.675737764, 47.747497158 ], [ -120.678391291, 47.748503817 ], [ -120.68140611, 47.749642569000102 ], [ -120.682611426, 47.750097498000102 ], [ -120.687608283, 47.751985081 ], [ -120.690267234, 47.752989852 ], [ -120.69337244, 47.754165217 ], [ -120.697535865, 47.755736206 ], [ -120.700545662, 47.756877213000102 ], [ -120.70444765, 47.7583517200001 ], [ -120.709052188, 47.760092345 ], [ -120.713486137, 47.761766069 ], [ -120.71567448, 47.762589993000098 ], [ -120.718441363, 47.762864410000098 ], [ -120.727799852, 47.7639435520001 ], [ -120.736113479, 47.764852799 ], [ -120.741220538, 47.765446204000099 ], [ -120.747611091, 47.766264111000098 ], [ -120.751006158, 47.766697651000101 ], [ -120.754964522, 47.767202100000098 ], [ -120.760595721, 47.767920364000098 ], [ -120.765189987, 47.768505871000102 ], [ -120.769685924, 47.769078308000097 ], [ -120.773596389, 47.769575532 ], [ -120.779384439, 47.77031521 ], [ -120.783181321, 47.770797878000103 ], [ -120.786977744, 47.771280803000103 ], [ -120.790671969, 47.771752240000097 ], [ -120.794262088, 47.772204991000102 ], [ -120.798763667, 47.772776942 ], [ -120.805559026, 47.773633643 ], [ -120.808583749, 47.77416621 ], [ -120.814271968, 47.774965864000102 ], [ -120.823758908, 47.773419880000098 ], [ -120.827960746, 47.773182442000099 ], [ -120.832500334, 47.775297306 ], [ -120.835004999, 47.776467902 ], [ -120.838347073, 47.778024165 ], [ -120.841354587, 47.779428555 ], [ -120.84420822, 47.780780165000102 ], [ -120.84802042, 47.782116558 ], [ -120.850646154, 47.78301679 ], [ -120.853338584, 47.783957769 ], [ -120.857086622, 47.784953273 ], [ -120.860546649, 47.785885476 ], [ -120.86426993, 47.786031662 ], [ -120.869138471, 47.786225953 ], [ -120.872461831, 47.786398589 ], [ -120.877603219, 47.786630805000101 ], [ -120.882545838, 47.785901581000097 ], [ -120.888683098, 47.784989098 ], [ -120.892657174, 47.784465237 ], [ -120.895886554, 47.784313774000097 ], [ -120.898825937, 47.784164965000102 ], [ -120.901463173, 47.784027610000102 ], [ -120.90664634, 47.783761684000098 ], [ -120.910348969, 47.783574335 ], [ -120.91467926, 47.782258416 ], [ -120.91818707, 47.782113033 ], [ -120.924069682, 47.781867206000101 ], [ -120.929040425, 47.781658086 ], [ -120.930338898, 47.781604710000103 ], [ -120.936251053, 47.780644901000102 ], [ -120.940715354, 47.779918439 ], [ -120.947044399, 47.778890922000102 ], [ -120.952436386, 47.778013966000103 ], [ -120.953678184, 47.777563501 ], [ -120.960300177, 47.775162120000097 ], [ -120.969006412, 47.772136240000101 ], [ -120.974522677, 47.770009679 ], [ -120.979703482, 47.769431996 ], [ -120.981403965, 47.7692463160001 ], [ -120.986532682, 47.770828396000098 ], [ -120.988182816, 47.771138177000097 ], [ -120.991363025, 47.7717207150001 ], [ -120.995790748, 47.772542781 ], [ -121.00356581, 47.771027615 ], [ -121.00526109, 47.770520561000097 ], [ -121.007589567, 47.769828973000102 ], [ -121.009911991, 47.769133649 ], [ -121.015887343, 47.7673530100001 ], [ -121.018655335, 47.767170627 ], [ -121.021393188, 47.766991298 ], [ -121.024148183, 47.766812066000099 ], [ -121.027053825, 47.765775691 ], [ -121.030279864, 47.764615761000101 ], [ -121.03364185, 47.7634036870001 ], [ -121.035351426, 47.761705507 ], [ -121.037184942, 47.759874146000101 ], [ -121.039847947, 47.757396625000098 ], [ -121.040385402, 47.755865714 ], [ -121.039128974, 47.755023282000103 ], [ -121.040304836, 47.751627694 ], [ -121.041300048, 47.74878549 ], [ -121.042233559, 47.746091869000097 ], [ -121.042819461, 47.744425041000099 ], [ -121.043579126, 47.742237941 ], [ -121.046778546, 47.739784046000104 ], [ -121.049328127, 47.737831040000103 ], [ -121.052996614, 47.735048940000098 ], [ -121.060942305, 47.736859165 ], [ -121.065878483, 47.729461147 ], [ -121.06785849, 47.728104196 ], [ -121.077029958, 47.728802363000099 ], [ -121.079674029, 47.727994331 ], [ -121.085408747, 47.726235802000097 ], [ -121.09088943, 47.725076352 ], [ -121.092916014, 47.723813468000102 ], [ -121.095908542, 47.722522393000098 ], [ -121.108673463, 47.718327602000102 ], [ -121.115251308, 47.716717351000099 ], [ -121.117270592, 47.717459537000103 ], [ -121.120414342, 47.7159361390001 ], [ -121.123121569, 47.714169523000102 ], [ -121.125344648, 47.713643434000097 ], [ -121.129762607, 47.712727176 ], [ -121.135446369, 47.71189351 ], [ -121.137933935, 47.711545740000098 ], [ -121.141150635, 47.710725699000101 ], [ -121.143718866, 47.710086904 ], [ -121.146723609, 47.709328638 ], [ -121.152174204, 47.708231592000097 ], [ -121.160021034, 47.707136683 ], [ -121.161928207, 47.707815236 ], [ -121.164340269, 47.708666678 ], [ -121.169644985, 47.710543944000101 ], [ -121.171894761, 47.711342384 ], [ -121.174231104, 47.712161931 ], [ -121.176558339, 47.713061045000103 ], [ -121.178384957, 47.713545440000097 ], [ -121.181943104, 47.713356008000098 ], [ -121.1840391, 47.713635135000096 ], [ -121.18617743, 47.713277846 ], [ -121.188465338, 47.712890907 ], [ -121.191889044, 47.712350341 ], [ -121.196564513, 47.712838144 ], [ -121.20215525, 47.712338926 ], [ -121.206570317, 47.71194497 ], [ -121.212208721, 47.712799848 ], [ -121.214695282, 47.713412072 ], [ -121.219821955, 47.713357499 ], [ -121.221771619, 47.713340703 ], [ -121.228089289, 47.7132738540001 ], [ -121.231126024, 47.7132421640001 ], [ -121.235509639, 47.713194684 ], [ -121.242687338, 47.7131668930001 ], [ -121.246548123, 47.713152694 ], [ -121.252434024, 47.713130939000102 ], [ -121.257911092, 47.71311202 ], [ -121.262583465, 47.713095157 ], [ -121.266438767, 47.713081648000099 ], [ -121.270498726, 47.713064180000103 ], [ -121.277811705, 47.71308745 ], [ -121.28664382, 47.715796728 ], [ -121.29113306, 47.715959406000103 ], [ -121.293423287, 47.716031117 ], [ -121.299334593, 47.716513336 ], [ -121.305179628, 47.716981926000102 ], [ -121.30891302, 47.717278788 ], [ -121.3136522, 47.717653705 ], [ -121.317684071, 47.717988336000097 ], [ -121.322926467, 47.718399658000102 ], [ -121.326184016, 47.718658246000103 ], [ -121.328975298, 47.718879397000102 ], [ -121.336022888, 47.719443517000101 ], [ -121.345095394, 47.720167341 ], [ -121.348724199, 47.720456653 ], [ -121.350231449, 47.720576380000097 ], [ -121.353090882, 47.719877095000101 ], [ -121.357221898, 47.718868880000102 ], [ -121.361487132, 47.717823376000098 ], [ -121.364165294, 47.717268389 ], [ -121.369627233, 47.716142625 ], [ -121.37435447, 47.717411288 ], [ -121.378793908, 47.7197982590001 ], [ -121.381425781, 47.7212548890001 ], [ -121.389206355, 47.725281602 ], [ -121.391811343, 47.726531360000102 ], [ -121.393456819, 47.7273739930001 ], [ -121.395578604, 47.728448385 ], [ -121.402643552, 47.732026731000097 ], [ -121.404756466, 47.733094692000101 ], [ -121.408253425, 47.734861734 ], [ -121.4117886, 47.736652326000097 ], [ -121.415602887, 47.738589951000101 ], [ -121.420827871, 47.739860001000103 ], [ -121.423855406, 47.740596598000103 ], [ -121.42922793, 47.741905528000103 ], [ -121.433566313, 47.742945056000103 ], [ -121.436034655, 47.744176519000099 ], [ -121.438117549, 47.745199887000098 ], [ -121.443048738, 47.747622320000097 ], [ -121.447677024, 47.749894729000097 ], [ -121.45042906, 47.7512361570001 ], [ -121.453135555, 47.75337841 ], [ -121.457790671, 47.757033797000098 ], [ -121.459371536, 47.758282307000101 ], [ -121.461678777, 47.760096521 ], [ -121.466245802, 47.763684529000102 ], [ -121.470217005, 47.766803173 ], [ -121.473523541, 47.769404075000097 ], [ -121.47563543, 47.771063770000097 ], [ -121.477619088, 47.772623864000103 ], [ -121.480799431, 47.775113662000102 ], [ -121.484789436, 47.778252044 ], [ -121.487987842, 47.780761498000103 ], [ -121.49008108, 47.783984471 ], [ -121.491754991, 47.786559249 ], [ -121.493176368, 47.788748355000102 ], [ -121.495912605, 47.792957814 ], [ -121.497850329, 47.795938259000103 ], [ -121.49948338, 47.79844904 ], [ -121.503889423, 47.805224644000099 ], [ -121.506175772, 47.808740581 ], [ -121.50724042, 47.810369184000102 ], [ -121.510466593, 47.810652858 ], [ -121.515512982, 47.811091013000102 ], [ -121.522644686, 47.811705879 ], [ -121.532059066, 47.812522701 ], [ -121.536074777, 47.812871965 ], [ -121.538719827, 47.813099171 ], [ -121.542150198, 47.813395634000102 ], [ -121.545586854, 47.813127709000099 ], [ -121.549485745, 47.812826655 ], [ -121.555593997, 47.812354840000097 ], [ -121.563698225, 47.811726570000097 ], [ -121.568247493, 47.811373505000098 ], [ -121.57328173, 47.810987344000097 ], [ -121.575786973, 47.813240356 ], [ -121.57798076, 47.815217867000101 ], [ -121.579563283, 47.816645863000097 ], [ -121.583872357, 47.820531227000103 ], [ -121.584932631, 47.821489927000101 ], [ -121.590195544, 47.826230570000099 ], [ -121.592107451, 47.827955759000098 ], [ -121.593508561, 47.82921731 ], [ -121.596853762, 47.832231705 ], [ -121.599349077, 47.834480958 ], [ -121.601760102, 47.836655168 ], [ -121.604815273, 47.839407460000103 ], [ -121.606596995, 47.840099187000099 ], [ -121.609354642, 47.841165622000098 ], [ -121.613098601, 47.842606894 ], [ -121.615389799, 47.843583809 ], [ -121.620364754, 47.845503764 ], [ -121.622361491, 47.846184856 ], [ -121.626412686, 47.847763537 ], [ -121.629591594, 47.8489908130001 ], [ -121.632945181, 47.850286472 ], [ -121.636825036, 47.851787657 ], [ -121.640264762, 47.853116795000098 ], [ -121.643091485, 47.854210339000097 ], [ -121.647416408, 47.8558810910001 ], [ -121.651123231, 47.857314133 ], [ -121.654486487, 47.858614031000101 ], [ -121.657831655, 47.859905821 ], [ -121.661016148, 47.861136222 ], [ -121.664188935, 47.862361246 ], [ -121.666927449, 47.863419071000102 ], [ -121.672205042, 47.865456178000102 ], [ -121.676552543, 47.867130884000098 ], [ -121.679077496, 47.868161483 ], [ -121.682496767, 47.869428954 ], [ -121.685255817, 47.870495375000097 ], [ -121.688169252, 47.871618589 ], [ -121.691774293, 47.873008263 ], [ -121.695595271, 47.873424924000098 ], [ -121.700618678, 47.873973594000098 ], [ -121.705542189, 47.874507427 ], [ -121.710773568, 47.875078249000097 ], [ -121.714272033, 47.875458900000098 ], [ -121.721829843, 47.876280668 ], [ -121.727980981, 47.876949521 ], [ -121.732788171, 47.877472403000098 ], [ -121.738921767, 47.878137463 ], [ -121.742538832, 47.878531256 ], [ -121.745959658, 47.878902676000102 ], [ -121.749979617, 47.879338448 ], [ -121.754400396, 47.87981842 ], [ -121.760433948, 47.8804746100001 ], [ -121.765260297, 47.880998471000098 ], [ -121.769180978, 47.881424757 ], [ -121.773103033, 47.881851254 ], [ -121.776518279, 47.882220357000101 ], [ -121.781143751, 47.88272426 ], [ -121.786768804, 47.883334142000102 ], [ -121.790490326, 47.883739674 ], [ -121.792704475, 47.883978459 ], [ -121.798632156, 47.884623194 ], [ -121.803259356, 47.885123752 ], [ -121.807885229, 47.885626821000102 ], [ -121.810890854, 47.885954139 ], [ -121.814309738, 47.886324254000101 ], [ -121.82033893, 47.886976895 ], [ -121.822227093, 47.887173864 ], [ -121.830252759, 47.889732540000097 ], [ -121.836608138, 47.891751939000102 ], [ -121.840657291, 47.893036998000099 ], [ -121.845452113, 47.894560264000098 ], [ -121.849324079, 47.89578893 ], [ -121.853375778, 47.897075497000102 ], [ -121.857432835, 47.898360995000097 ], [ -121.860934388, 47.899471789000103 ], [ -121.863884263, 47.900407099000098 ], [ -121.868066731, 47.902471131 ], [ -121.871740911, 47.90361483 ], [ -121.874836847, 47.903315323000101 ], [ -121.878071132, 47.9030016130001 ], [ -121.881839521, 47.903123042000097 ], [ -121.887859079, 47.903592665000097 ], [ -121.892028423, 47.90372812 ], [ -121.896608586, 47.903602631000098 ], [ -121.901705583, 47.9037681020001 ], [ -121.905267783, 47.903883097000097 ], [ -121.913209022, 47.904139541000099 ], [ -121.9165674, 47.904247625 ], [ -121.921453261, 47.904404723 ], [ -121.925423929, 47.904533134000097 ], [ -121.930105504, 47.904682927000103 ], [ -121.93285375, 47.904771787000101 ], [ -121.937947798, 47.904934715000103 ], [ -121.942223305, 47.905071568 ], [ -121.945482572, 47.905176005 ], [ -121.948129397, 47.905260385000098 ], [ -121.954497682, 47.905464087 ], [ -121.958338956, 47.906965469000099 ], [ -121.962557061, 47.908615215 ], [ -121.966433067, 47.910130386000098 ], [ -121.969330115, 47.911277752 ], [ -121.972942794, 47.912690308 ], [ -121.977260252, 47.914378394 ], [ -121.980256759, 47.915549816000102 ], [ -121.984134097, 47.917065721 ], [ -121.986065659, 47.917820490000103 ], [ -121.990920059, 47.919717898 ], [ -121.993828586, 47.920854227000099 ], [ -121.996913816, 47.922059352000097 ], [ -121.999735099, 47.923161409 ], [ -122.005023795, 47.925227654 ], [ -122.007668807, 47.926260667000101 ], [ -122.010421036, 47.927335157000101 ], [ -122.014556602, 47.928091018 ], [ -122.018767683, 47.928860099000097 ], [ -122.022211756, 47.929488819 ], [ -122.026285787, 47.930233180000101 ], [ -122.030280808, 47.93096216 ], [ -122.03451261, 47.931734616 ], [ -122.038941144, 47.932542592000097 ], [ -122.043271453, 47.933332574000097 ], [ -122.046226262, 47.933872075000103 ], [ -122.05055899, 47.935284905000103 ], [ -122.054228977, 47.936481050000097 ], [ -122.05725683, 47.937468626000097 ], [ -122.059660814, 47.938252401 ], [ -122.063006311, 47.939342492 ], [ -122.067531982, 47.938975163000102 ], [ -122.07137968, 47.938662611 ], [ -122.075408996, 47.938335291 ], [ -122.080087261, 47.9379554920001 ], [ -122.083934812, 47.937642514000103 ], [ -122.08859157, 47.9372632930001 ], [ -122.092338073, 47.93695847 ], [ -122.096450388, 47.936624163 ], [ -122.099643105, 47.933985883 ], [ -122.100930008, 47.932922840000103 ], [ -122.102217369, 47.931859759000098 ], [ -122.104942304, 47.930041831 ], [ -122.104412675, 47.927354401000102 ], [ -122.104188304, 47.9253905240001 ], [ -122.104189061, 47.924686169 ], [ -122.104190019, 47.924043644 ], [ -122.103874206, 47.923777407 ] ] ] } },
{ "type": "Feature", "properties": { "objectid": "85645", "id": "305377", "type": "AC; OVERHEAD", "status": "IN SERVICE", "naics_code": "221121", "naics_desc": "ELECTRIC BULK POWER TRANSMISSION AND CONTROL", "source": "City of Albuquerque http://www.cabq.gov/planning/documents/EFPwithsecurityCOABernco20102020.pdf", "sourcedate": "2016-12-31T18:00:00-07:00", "val_method": "IMAGERY/OTHER", "val_date": "2016-12-31T18:00:00-07:00", "owner": "NOT AVAILABLE", "voltage": 345.0, "volt_class": "345", "inferred": "N", "sub_1": "RIO PUERCO", "sub_2": "WEST MESA", "shape_lengt": 39030.339449982202, "globalid": "ca467622-a5ae-4a3a-9d5c-d83620d4e9e6", "NERC": "WECC", "NERC_Label": "Western Electricity Coordinating Council (WECC)" }, "geometry": { "type": "MultiLineString", "coordinates": [ [ [ -106.855189406, 35.326961707000102 ], [ -106.855804952, 35.326025795000099 ], [ -106.856427, 35.32508 ], [ -106.857562, 35.232995000000102 ], [ -106.857741, 35.217847 ], [ -106.798314, 35.217868000000102 ], [ -106.785943001, 35.180151 ], [ -106.763198, 35.161973 ], [ -106.727474608, 35.133347893000099 ], [ -106.721764497, 35.128772388000101 ], [ -106.721637786, 35.128670855 ], [ -106.721155001, 35.1282840000001 ], [ -106.721831, 35.116133999 ], [ -106.721657, 35.115187 ], [ -106.723999907, 35.114057879 ] ] ] } },
{ "type": "Feature", "properties": { "objectid": "68469", "id": "200169", "type": "AC; OVERHEAD", "status": "NOT AVAILABLE", "naics_code": "221121", "naics_desc": "ELECTRIC BULK POWER TRANSMISSION AND CONTROL", "source": "http://www.oasis.oati.com/PPW/PPWdocs/Transmission_Network_Diagram.pdf", "sourcedate": "2014-06-22T20:00:00-06:00", "val_method": "IMAGERY/OTHER", "val_date": "2014-06-22T20:00:00-06:00", "owner": "PACIFICORP", "voltage": 345.0, "volt_class": "345", "inferred": "N", "sub_1": "CLOVER", "sub_2": "SIGURD", "shape_lengt": 140161.78830447601, "globalid": "77a5b981-aaef-4d87-9097-d8d05ff37127", "NERC": "WECC", "NERC_Label": "Western Electricity Coordinating Council (WECC)" }, "geometry": { "type": "MultiLineString", "coordinates": [ [ [ -111.894694776, 39.789484483000102 ], [ -111.898512277, 39.789146673000097 ], [ -111.899597655, 39.789050628 ], [ -111.900539922, 39.788929275 ], [ -111.902767097, 39.788458142 ], [ -111.905251255, 39.7879441790001 ], [ -111.90796384, 39.787365970000103 ], [ -111.908385005, 39.786873421 ], [ -111.908699094, 39.784996026 ], [ -111.909027459, 39.782940172000103 ], [ -111.908876781, 39.758653286 ], [ -111.908833999, 39.738423747000098 ], [ -111.908648608, 39.7157420610001 ], [ -111.908605826, 39.701863947 ], [ -111.90849174, 39.676744597 ], [ -111.90833487, 39.653032504000102 ], [ -111.908277827, 39.632343647 ], [ -111.908149481, 39.616130855000101 ], [ -111.909817993, 39.606715587000103 ], [ -111.908078177, 39.605089484000104 ], [ -111.908078177, 39.593848548 ], [ -111.934446366, 39.544423944000101 ], [ -111.932478377, 39.533954072 ], [ -111.92869927, 39.512789553 ], [ -111.928813356, 39.502512976000098 ], [ -111.928998746, 39.488052776000103 ], [ -111.929127094, 39.47232362 ], [ -111.929243566, 39.462253687 ], [ -111.92946188, 39.4457465200001 ], [ -111.929631679, 39.425475563000099 ], [ -111.930755592, 39.419579267000103 ], [ -111.933609846, 39.404230318 ], [ -111.936553042, 39.388296823000097 ], [ -111.93872001, 39.376909956000098 ], [ -111.93124882, 39.360807681 ], [ -111.930812192, 39.3541056400001 ], [ -111.929720622, 39.350391732 ], [ -111.929033337, 39.348359628 ], [ -111.925330085, 39.336359632 ], [ -111.92148576, 39.324094074000101 ], [ -111.918263543, 39.313992806 ], [ -111.921853442, 39.307529163 ], [ -111.924009687, 39.304201093000103 ], [ -111.92626861, 39.300378471 ], [ -111.918681823, 39.281906885000097 ], [ -111.916582621, 39.257379475 ], [ -111.915521612, 39.245382031000098 ], [ -111.915932325, 39.213028182000102 ], [ -111.916080638, 39.199900339000102 ], [ -111.916285995, 39.183011762 ], [ -111.916525578, 39.161625533000098 ], [ -111.916662482, 39.148452696 ], [ -111.916924883, 39.124471629 ], [ -111.917096013, 39.108733488 ], [ -111.917312778, 39.0876080520001 ], [ -111.917529543, 39.065900521000103 ], [ -111.917985892, 39.027455353 ], [ -111.917974483, 39.019097252 ], [ -111.92600621, 38.997040593000101 ], [ -111.934437242, 38.973416033 ], [ -111.938795366, 38.96137902 ], [ -111.948424313, 38.9345212160001 ], [ -111.954128664, 38.918447808000103 ], [ -111.963985783, 38.901172157000097 ], [ -111.974960957, 38.881645435 ], [ -111.979501621, 38.873749752 ], [ -111.988811122, 38.857014044 ], [ -111.992461907, 38.850359528000098 ], [ -111.992051194, 38.845303813 ], [ -111.993278603, 38.844292165000098 ] ] ] } },
{ "type": "Feature", "properties": { "objectid": "91980", "id": "311725", "type": "AC; OVERHEAD", "status": "IN SERVICE", "naics_code": "221121", "naics_desc": "ELECTRIC BULK POWER TRANSMISSION AND CONTROL", "source": "Western Electricity Coordinating Council https://www.wecc.biz/Reliability/YEAR%202014%20OC%20MAP-1.pdf", "sourcedate": "2016-12-31T18:00:00-07:00", "val_method": "IMAGERY/OTHER", "val_date": "2016-12-31T18:00:00-07:00", "owner": "NOT AVAILABLE", "voltage": 345.0, "volt_class": "345", "inferred": "N", "sub_1": "SOUTH", "sub_2": "PINAL WEST", "shape_lengt": 223659.14665175401, "globalid": "0f141970-a66a-48a5-8a1b-c5363d0ac1f3", "NERC": "WECC", "NERC_Label": "Western Electricity Coordinating Council (WECC)" }, "geometry": { "type": "MultiLineString", "coordinates": [ [ [ -110.967289776, 31.997752872 ], [ -110.971028001, 31.995214 ], [ -110.984304, 31.995098 ], [ -110.985182812, 31.9943711600001 ], [ -110.987198045, 31.992704418000098 ], [ -110.988190001, 31.991884 ], [ -110.988259, 31.973425999 ], [ -111.030323, 31.973077 ], [ -111.030305003, 31.9591405090001 ], [ -111.028848, 31.957195000000102 ], [ -111.028650926, 31.943148218 ], [ -111.028642, 31.9425120000001 ], [ -111.041410001, 31.942376 ], [ -111.084496, 31.942199000000102 ], [ -111.097512208, 31.9421779780001 ], [ -111.117393414, 31.942145869 ], [ -111.117932, 31.942144999000099 ], [ -111.132181, 31.952321 ], [ -111.162897, 31.974199 ], [ -111.199149, 32.0 ], [ -111.217169, 31.999829999 ], [ -111.217257001, 32.008662999 ], [ -111.217028, 32.011513999 ], [ -111.263527, 32.040980999 ], [ -111.263525623, 32.041498073000099 ], [ -111.263403, 32.087557000000103 ], [ -111.264277079, 32.087533679 ], [ -111.277871001, 32.087171 ], [ -111.277952458, 32.092112026 ], [ -111.278012204, 32.095736095 ], [ -111.278137, 32.103305999 ], [ -111.302405986, 32.102704008 ], [ -111.302786699, 32.130115399 ], [ -111.30356854, 32.130094040000102 ], [ -111.37037, 32.128268999000099 ], [ -111.396434, 32.152378 ], [ -111.476684, 32.199453 ], [ -111.487149, 32.210413000000102 ], [ -111.572304001, 32.298636999000102 ], [ -111.584002, 32.315352 ], [ -111.605232, 32.345676 ], [ -111.633405001, 32.385732 ], [ -111.696489001, 32.475618 ], [ -111.733361, 32.528023 ], [ -111.733366001, 32.542014999 ], [ -111.771014, 32.593915 ], [ -111.795713916, 32.624678349000099 ], [ -111.796645, 32.625838 ], [ -111.802440832, 32.635358982000099 ], [ -111.81599, 32.653448999 ], [ -111.842293, 32.677301 ], [ -111.879260001, 32.710595 ], [ -111.910560001, 32.738772 ], [ -111.943139, 32.7559800000001 ], [ -111.972045, 32.771355999 ], [ -111.995092, 32.783506 ], [ -111.998338001, 32.78521 ], [ -112.029314, 32.798601 ], [ -112.060035, 32.811836 ], [ -112.101239, 32.829609 ], [ -112.101253, 32.837293 ], [ -112.133576, 32.854557 ], [ -112.152354, 32.854543 ], [ -112.159278, 32.871936 ], [ -112.152286, 32.891324 ], [ -112.152257, 32.898600999000102 ], [ -112.165121, 32.911414999 ], [ -112.165117001, 32.920712 ], [ -112.184476, 32.951300000000103 ], [ -112.196701, 32.970531000000101 ], [ -112.19689, 32.978557999 ], [ -112.197108, 32.987807 ], [ -112.198789, 32.992375 ], [ -112.198777001, 32.994734000000101 ], [ -112.196746001, 32.994734000000101 ], [ -112.196449058, 32.997320908 ] ] ] } },
{ "type": "Feature", "properties": { "objectid": "68437", "id": "200137", "type": "AC; OVERHEAD", "status": "NOT AVAILABLE", "naics_code": "221121", "naics_desc": "ELECTRIC BULK POWER TRANSMISSION AND CONTROL", "source": "http://www.oasis.oati.com/PPW/PPWdocs/Transmission_Network_Diagram.pdf", "sourcedate": "2014-06-22T20:00:00-06:00", "val_method": "IMAGERY/OTHER", "val_date": "2014-06-22T20:00:00-06:00", "owner": "PACIFICORP", "voltage": 345.0, "volt_class": "345", "inferred": "N", "sub_1": "BORAH", "sub_2": "POPULUS", "shape_lengt": 103298.749665989, "globalid": "09e0ceaf-f6dc-42cb-81eb-c5722fb3c523", "NERC": "WECC", "NERC_Label": "Western Electricity Coordinating Council (WECC)" }, "geometry": { "type": "MultiLineString", "coordinates": [ [ [ -112.930460759, 42.750304781000096 ], [ -112.928345156, 42.74973606 ], [ -112.927115894, 42.749714695000101 ], [ -112.923275362, 42.747700994000098 ], [ -112.915325166, 42.747691555000102 ], [ -112.905854801, 42.747653332 ], [ -112.897453577, 42.747637579000099 ], [ -112.884878515, 42.747555481000099 ], [ -112.871806112, 42.747486957 ], [ -112.858389067, 42.747437781 ], [ -112.847895494, 42.747429613000101 ], [ -112.832018597, 42.747307671 ], [ -112.825529836, 42.747281755000103 ], [ -112.81876781, 42.746807602 ], [ -112.807179047, 42.741188754000099 ], [ -112.793523761, 42.734604058000102 ], [ -112.779149376, 42.727675842 ], [ -112.774725819, 42.725465621000097 ], [ -112.765890116, 42.723030225000102 ], [ -112.757494039, 42.720698786000099 ], [ -112.753639178, 42.719064793 ], [ -112.72893101, 42.708604122000096 ], [ -112.714019069, 42.702383191000102 ], [ -112.701895012, 42.697276979 ], [ -112.686327438, 42.690690515 ], [ -112.667761164, 42.682832638 ], [ -112.646647499, 42.673928287000102 ], [ -112.615874677, 42.663060702 ], [ -112.613906903, 42.661118603 ], [ -112.607087308, 42.654314044 ], [ -112.59053011, 42.641212578000101 ], [ -112.57969825, 42.632625197 ], [ -112.568240083, 42.623619666 ], [ -112.54380531, 42.617998695 ], [ -112.539114343, 42.616551765000096 ], [ -112.521656443, 42.611052315 ], [ -112.507669156, 42.606672412000101 ], [ -112.490625592, 42.6013150100001 ], [ -112.47207816, 42.595490788000099 ], [ -112.4560512, 42.590424437000102 ], [ -112.439670264, 42.585250143 ], [ -112.428170778, 42.581611948 ], [ -112.410350757, 42.576016362000097 ], [ -112.388521443, 42.5691387910001 ], [ -112.372248528, 42.553370238000099 ], [ -112.364167488, 42.545586231000101 ], [ -112.35084737, 42.532722417000102 ], [ -112.343177188, 42.525369516000097 ], [ -112.334170459, 42.516714926000098 ], [ -112.328146042, 42.514902259000102 ], [ -112.320410217, 42.51254068 ], [ -112.31282089, 42.5123104050001 ], [ -112.299980182, 42.512020876000101 ], [ -112.294774016, 42.509356772 ], [ -112.282315343, 42.503222039 ], [ -112.266204863, 42.495254655000103 ], [ -112.246671175, 42.485549871 ], [ -112.226152382, 42.475351677 ], [ -112.209088388, 42.466848045000098 ], [ -112.205683542, 42.465203729 ], [ -112.195403342, 42.455319208 ], [ -112.184538391, 42.444962422000103 ], [ -112.173781465, 42.434589213 ], [ -112.164200708, 42.425416967 ], [ -112.159113506, 42.425411379 ], [ -112.157871597, 42.42547424 ], [ -112.155141723, 42.424741948000097 ] ] ] } },
{ "type": "Feature", "properties": { "objectid": "83665", "id": "303389", "type": "AC; OVERHEAD", "status": "IN SERVICE", "naics_code": "221121", "naics_desc": "ELECTRIC BULK POWER TRANSMISSION AND CONTROL", "source": "Western Electricity Coordinating Council https://www.wecc.biz/Reliability/YEAR%202014%20OC%20MAP-1.pdf", "sourcedate": "2016-12-31T18:00:00-07:00", "val_method": "IMAGERY/OTHER", "val_date": "2016-12-31T18:00:00-07:00", "owner": "NOT AVAILABLE", "voltage": 345.0, "volt_class": "345", "inferred": "N", "sub_1": "SAN JUAN", "sub_2": "NOT AVAILABLE", "shape_lengt": 21008.286332388801, "globalid": "db4f56f3-3710-4fa6-a465-c978da17dc4d", "NERC": "WECC", "NERC_Label": "Western Electricity Coordinating Council (WECC)" }, "geometry": { "type": "MultiLineString", "coordinates": [ [ [ -108.442428794, 36.802125632000099 ], [ -108.444288, 36.799576 ], [ -108.439838001, 36.786621999 ], [ -108.447843225, 36.774952645 ], [ -108.449984, 36.771832000000103 ], [ -108.449989, 36.746400000000101 ], [ -108.449727, 36.739918 ], [ -108.445949748, 36.724208425 ], [ -108.442318, 36.709103999 ], [ -108.456666001, 36.686047 ], [ -108.470334001, 36.686042 ], [ -108.483855, 36.682203000000101 ], [ -108.485234649, 36.683564451 ], [ -108.485789587, 36.68411207 ], [ -108.487115, 36.6854200000001 ], [ -108.485219595, 36.687158655000097 ] ] ] } },
{ "type": "Feature", "properties": { "objectid": "74393", "id": "206672", "type": "AC", "status": "NOT AVAILABLE", "naics_code": "221121", "naics_desc": "ELECTRIC BULK POWER TRANSMISSION AND CONTROL", "source": "IMAGERY", "sourcedate": "2016-01-06T18:00:00-07:00", "val_method": "IMAGERY", "val_date": "2016-01-06T18:00:00-07:00", "owner": "PACIFICORP", "voltage": 345.0, "volt_class": "345", "inferred": "Y", "sub_1": "NOT AVAILABLE", "sub_2": "EMERY", "shape_lengt": 649.82408202080001, "globalid": "ea800816-d651-4620-8188-d0be8d756497", "NERC": "WECC", "NERC_Label": "Western Electricity Coordinating Council (WECC)" }, "geometry": { "type": "MultiLineString", "coordinates": [ [ [ -111.028898264, 39.173376085 ], [ -111.027873906, 39.175232065 ], [ -111.027731138, 39.176759679 ], [ -111.027731138, 39.177030937 ], [ -111.028556031, 39.177324660000103 ] ] ] } },
{ "type": "Feature", "properties": { "objectid": "82449", "id": "302173", "type": "AC; OVERHEAD", "status": "IN SERVICE", "naics_code": "221121", "naics_desc": "ELECTRIC BULK POWER TRANSMISSION AND CONTROL", "source": "Western Electricity Coordinating Council https://www.wecc.biz/Reliability/YEAR%202014%20OC%20MAP-1.pdf", "sourcedate": "2016-12-31T18:00:00-07:00", "val_method": "IMAGERY/OTHER", "val_date": "2017-08-21T20:00:00-06:00", "owner": "NOT AVAILABLE", "voltage": 345.0, "volt_class": "345", "inferred": "N", "sub_1": "OJO", "sub_2": "TAOS", "shape_lengt": 74964.515321937506, "globalid": "2a93a412-99d4-4ea1-b6e1-d428e6255f42", "NERC": "WECC", "NERC_Label": "Western Electricity Coordinating Council (WECC)" }, "geometry": { "type": "MultiLineString", "coordinates": [ [ [ -106.159297816, 36.1120746490001 ], [ -106.161106, 36.112301 ], [ -106.160125, 36.118488 ], [ -106.154076835, 36.120831070000101 ], [ -106.146488, 36.123771 ], [ -106.126756, 36.126653 ], [ -106.100788, 36.115120999 ], [ -106.029917, 36.171359 ], [ -105.966276, 36.221857 ], [ -105.919818494, 36.253407807 ], [ -105.857463895, 36.295175448000101 ], [ -105.783017, 36.345043 ], [ -105.777084001, 36.349798 ], [ -105.738028, 36.384558999 ], [ -105.6416, 36.394213 ], [ -105.63356984, 36.39488742 ] ] ] } },
{ "type": "Feature", "properties": { "objectid": "84798", "id": "304524", "type": "AC; OVERHEAD", "status": "IN SERVICE", "naics_code": "221121", "naics_desc": "ELECTRIC BULK POWER TRANSMISSION AND CONTROL", "source": "Western Electricity Coordinating Council https://www.wecc.biz/Reliability/YEAR%202014%20OC%20MAP-1.pdf", "sourcedate": "2016-12-31T18:00:00-07:00", "val_method": "IMAGERY/OTHER", "val_date": "2016-12-31T18:00:00-07:00", "owner": "NOT AVAILABLE", "voltage": 345.0, "volt_class": "345", "inferred": "N", "sub_1": "NOT AVAILABLE", "sub_2": "NOT AVAILABLE", "shape_lengt": 108799.491540947, "globalid": "1431afbb-9fac-4716-97ce-d8b01ce221e3", "NERC": "WECC", "NERC_Label": "Western Electricity Coordinating Council (WECC)" }, "geometry": { "type": "MultiLineString", "coordinates": [ [ [ -106.848268787, 32.114060258 ], [ -106.849838, 32.114166999000098 ], [ -106.849896, 32.115613999000097 ], [ -106.848040639, 32.119334006 ], [ -106.929881217, 32.140953511000099 ], [ -106.985658001, 32.1555010000001 ], [ -107.011731001, 32.155606999 ], [ -107.034797, 32.160837999000101 ], [ -107.116852, 32.179471 ], [ -107.163502, 32.190212 ], [ -107.226228001, 32.205936000000101 ], [ -107.315322, 32.228184 ], [ -107.36168, 32.240329 ], [ -107.396083, 32.249465 ], [ -107.447819823, 32.261383445 ], [ -107.522394, 32.279708 ], [ -107.578116453, 32.293536389 ], [ -107.664666001, 32.315014999 ], [ -107.698579452, 32.314774953 ], [ -107.699176006, 32.314770731000102 ], [ -107.763985001, 32.314311999 ], [ -107.777356, 32.304203 ], [ -107.778978226, 32.302899056000101 ] ] ] } },
{ "type": "Feature", "properties": { "objectid": "68502", "id": "200203", "type": "AC; OVERHEAD", "status": "NOT AVAILABLE", "naics_code": "221121", "naics_desc": "ELECTRIC BULK POWER TRANSMISSION AND CONTROL", "source": "Company Map", "sourcedate": "2014-06-29T20:00:00-06:00", "val_method": "IMAGERY/OTHER", "val_date": "2014-06-29T20:00:00-06:00", "owner": "TRI-STATE G & T ASSN, INC", "voltage": 345.0, "volt_class": "345", "inferred": "N", "sub_1": "LARAMIE RIVER", "sub_2": "STORY 345KV", "shape_lengt": 370980.67067311401, "globalid": "341ec509-0622-4b72-8dca-8d73746032c8", "NERC": "WECC", "NERC_Label": "Western Electricity Coordinating Council (WECC)" }, "geometry": { "type": "MultiLineString", "coordinates": [ [ [ -104.887240409, 42.107528076 ], [ -104.887276147, 42.105919549000099 ], [ -104.882659219, 42.103834340000098 ], [ -104.882334041, 42.102013297 ], [ -104.881999695, 42.100543954 ], [ -104.87986054, 42.09156857 ], [ -104.878594896, 42.0857170250001 ], [ -104.866437577, 42.080429444 ], [ -104.856425319, 42.076067630000097 ], [ -104.845290024, 42.07122474 ], [ -104.844071915, 42.065044887 ], [ -104.841712944, 42.053062815 ], [ -104.840072953, 42.044705790000101 ], [ -104.838171515, 42.035081055 ], [ -104.838254704, 42.032238809 ], [ -104.834362698, 42.023843733 ], [ -104.834903419, 42.018343518000101 ], [ -104.833673427, 42.012326286000103 ], [ -104.831534309, 42.001469106000101 ], [ -104.822466828, 41.998643021000099 ], [ -104.81162269, 41.9953001310001 ], [ -104.8007429, 41.99187757 ], [ -104.789268912, 41.988286997 ], [ -104.778632744, 41.984961230000103 ], [ -104.765643547, 41.98094181 ], [ -104.753801155, 41.977235769000103 ], [ -104.741275433, 41.973339556 ], [ -104.731512738, 41.97027366 ], [ -104.72594509, 41.966019153 ], [ -104.71729949, 41.959868835000101 ], [ -104.705789849, 41.951910538000099 ], [ -104.690198059, 41.941162388000102 ], [ -104.679448994, 41.93372778 ], [ -104.672229472, 41.928745843000101 ], [ -104.663678944, 41.92283509 ], [ -104.65594128, 41.917478245 ], [ -104.654274199, 41.916242244 ], [ -104.654273714, 41.910928722 ], [ -104.654387801, 41.8991688240001 ], [ -104.654601712, 41.889402642 ], [ -104.654587452, 41.883096291000101 ], [ -104.654844146, 41.867221493 ], [ -104.654943971, 41.856218317000099 ], [ -104.655072318, 41.850121147 ], [ -104.655200665, 41.847507896 ], [ -104.653888674, 41.845638189000098 ], [ -104.653959978, 41.841611756000098 ], [ -104.653902935, 41.834057528000102 ], [ -104.653817369, 41.816002394000101 ], [ -104.653788848, 41.796049749000098 ], [ -104.653689022, 41.776548195 ], [ -104.653603458, 41.755561984000103 ], [ -104.653503632, 41.737846535000102 ], [ -104.653532154, 41.720062333 ], [ -104.653603458, 41.701570484000101 ], [ -104.653589197, 41.684425908 ], [ -104.653803108, 41.660106853000102 ], [ -104.660248983, 41.648556613 ], [ -104.643834821, 41.634382362000103 ], [ -104.643792038, 41.622848830000102 ], [ -104.634009141, 41.610033744000098 ], [ -104.634009141, 41.588257186000099 ], [ -104.633923576, 41.573653607 ], [ -104.633923576, 41.559302828 ], [ -104.633852272, 41.5437214230001 ], [ -104.633880794, 41.529887110000097 ], [ -104.633852272, 41.511671692 ], [ -104.63380949, 41.493921142 ], [ -104.633823751, 41.480257810000097 ], [ -104.633838012, 41.469498179 ], [ -104.633923576, 41.458223759000099 ], [ -104.634108967, 41.442414898 ], [ -104.634111759, 41.4348639520001 ], [ -104.634200646, 41.423945215 ], [ -104.634319163, 41.413491274000101 ], [ -104.634371014, 41.404324639 ], [ -104.634511753, 41.389455274 ], [ -104.634593233, 41.379140294000102 ], [ -104.63471175, 41.3669725170001 ], [ -104.63482286, 41.357043170000097 ], [ -104.634926561, 41.34659515 ], [ -104.63501545, 41.335494725 ], [ -104.635111745, 41.3269067250001 ], [ -104.635200632, 41.317427463000101 ], [ -104.635326556, 41.309738458 ], [ -104.635333963, 41.301241664 ], [ -104.636045064, 41.294608164000103 ], [ -104.635630255, 41.289259693000098 ], [ -104.635770994, 41.277982499000103 ], [ -104.635904325, 41.2665697300001 ], [ -104.636015434, 41.2563132390001 ], [ -104.636059879, 41.250053872000102 ], [ -104.63619321, 41.239688958 ], [ -104.636252468, 41.227311285 ], [ -104.636311727, 41.214585800000101 ], [ -104.646163436, 41.205942869000097 ], [ -104.647830079, 41.204488337 ], [ -104.647822671, 41.193965703000103 ], [ -104.647837486, 41.186691390000099 ], [ -104.647844893, 41.179338216000097 ], [ -104.6478523, 41.172525063000101 ], [ -104.647867116, 41.165543912 ], [ -104.647911559, 41.149259104000102 ], [ -104.647318975, 41.147167439 ], [ -104.646103624, 41.146323561 ], [ -104.635236907, 41.1419097570001 ], [ -104.620976123, 41.141952715000102 ], [ -104.609177701, 41.1419903030001 ], [ -104.584886833, 41.142061901 ], [ -104.564465391, 41.142097698 ], [ -104.5398798, 41.142147817000101 ], [ -104.527653554, 41.142176455 ], [ -104.515275195, 41.142197934000102 ], [ -104.503847554, 41.142205094000097 ], [ -104.491773424, 41.142219413000099 ], [ -104.483606748, 41.142240892000103 ], [ -104.483663791, 41.136992651000099 ], [ -104.483853934, 41.123336666 ], [ -104.484025064, 41.110659191 ], [ -104.484148657, 41.102492741 ], [ -104.484272251, 41.093709092 ], [ -104.484490916, 41.079176955 ], [ -104.480659519, 41.071701829000098 ], [ -104.47291116, 41.056806376 ], [ -104.464069474, 41.039741993000099 ], [ -104.45545596, 41.023146581 ], [ -104.448791421, 41.010370859 ], [ -104.446690332, 40.993459483 ], [ -104.446053351, 40.987998413000099 ], [ -104.438362035, 40.975632191 ], [ -104.429881622, 40.961928312 ], [ -104.421353674, 40.947970258000097 ], [ -104.416181763, 40.939568155000103 ], [ -104.407663321, 40.925856788 ], [ -104.402149152, 40.914355433 ], [ -104.395180382, 40.8998268140001 ], [ -104.388078512, 40.885309379 ], [ -104.379997401, 40.8685097380001 ], [ -104.371526496, 40.8509723190001 ], [ -104.36403483, 40.835458727 ], [ -104.358957991, 40.820049425 ], [ -104.355145609, 40.80863042 ], [ -104.340181293, 40.8014268740001 ], [ -104.320919728, 40.792207209 ], [ -104.307295926, 40.785678539000102 ], [ -104.289935798, 40.777356612000098 ], [ -104.270427046, 40.76804 ], [ -104.264570618, 40.765152593 ], [ -104.258552567, 40.762250659000102 ], [ -104.249406651, 40.756143941000097 ], [ -104.231628207, 40.744310581 ], [ -104.217129745, 40.736250014000099 ], [ -104.187942673, 40.720226828000101 ], [ -104.155228436, 40.702419564 ], [ -104.131013626, 40.691686784000098 ], [ -104.103708979, 40.679510303 ], [ -104.079665297, 40.668809888000098 ], [ -104.062086505, 40.661007022 ], [ -104.039193193, 40.6508518320001 ], [ -104.034753335, 40.642823233000101 ], [ -104.023772532, 40.623083058000098 ], [ -104.015900579, 40.608938117 ], [ -104.005224006, 40.589808818 ], [ -103.996277742, 40.57967168 ], [ -103.984859607, 40.566723657000097 ], [ -103.976170037, 40.556453003000101 ], [ -103.964200486, 40.541557034 ], [ -103.959637034, 40.527777841000102 ], [ -103.955235206, 40.51520285 ], [ -103.94311354, 40.509362626 ], [ -103.921256512, 40.498851833000103 ], [ -103.902308684, 40.490183167000097 ], [ -103.883056626, 40.481940025 ], [ -103.860058736, 40.472090315000102 ], [ -103.832554438, 40.460322283 ], [ -103.816496795, 40.453493419 ], [ -103.807227286, 40.444182188000099 ], [ -103.795828166, 40.433075032 ], [ -103.792205927, 40.429529038 ], [ -103.776680687, 40.425563093 ], [ -103.761269534, 40.421582439000098 ], [ -103.750260209, 40.420916561000098 ], [ -103.734050452, 40.420786280000101 ], [ -103.714094862, 40.420648761000102 ], [ -103.693787506, 40.42048229 ], [ -103.674354811, 40.420323056 ], [ -103.669544174, 40.420294104 ], [ -103.657365464, 40.420388197000101 ], [ -103.635622424, 40.420605482 ], [ -103.617596893, 40.420750091000102 ], [ -103.614079232, 40.421575202 ], [ -103.599647319, 40.4218212850001 ], [ -103.582914666, 40.422096319 ], [ -103.583057274, 40.401567037000099 ], [ -103.583152346, 40.38927253 ], [ -103.583218897, 40.376910595 ], [ -103.583256925, 40.363923413000101 ], [ -103.569414458, 40.363677118 ], [ -103.569498816, 40.354497507000097 ], [ -103.569024663, 40.3517959220001 ], [ -103.560259035, 40.352143694000098 ], [ -103.553765624, 40.344905317 ], [ -103.546302481, 40.336687841000099 ], [ -103.546967984, 40.323569690000099 ], [ -103.545884165, 40.319104588000101 ], [ -103.545827121, 40.308216041 ], [ -103.545751064, 40.296346830000097 ], [ -103.545608456, 40.289842169 ], [ -103.546616218, 40.284620583 ], [ -103.546606712, 40.275438317000102 ], [ -103.546606712, 40.266066188 ], [ -103.546625725, 40.254095249000102 ], [ -103.570041932, 40.25439999 ], [ -103.584267543, 40.254588736000102 ], [ -103.586336206, 40.254715519000101 ], [ -103.587324221, 40.2545232780001 ] ] ] } },
{ "type": "Feature", "properties": { "objectid": "68482", "id": "200183", "type": "AC", "status": "NOT AVAILABLE", "naics_code": "221121", "naics_desc": "ELECTRIC BULK POWER TRANSMISSION AND CONTROL", "source": "http://www.oasis.oati.com/PPW/PPWdocs/Transmission_Network_Diagram.pdf", "sourcedate": "2014-06-29T20:00:00-06:00", "val_method": "IMAGERY/OTHER", "val_date": "2014-06-29T20:00:00-06:00", "owner": "PACIFICORP", "voltage": 345.0, "volt_class": "345", "inferred": "N", "sub_1": "EMERY", "sub_2": "HUNTINGTON", "shape_lengt": 40954.573006637598, "globalid": "07e0226c-435d-4936-8bd5-90903bffc078", "NERC": "WECC", "NERC_Label": "Western Electricity Coordinating Council (WECC)" }, "geometry": { "type": "MultiLineString", "coordinates": [ [ [ -111.028556031, 39.177324660000103 ], [ -111.029275508, 39.177939931 ], [ -111.029190304, 39.179899365 ], [ -111.005418331, 39.179987428000103 ], [ -111.0028369, 39.179958300000102 ], [ -111.0028113, 39.1811821000001 ], [ -111.0000646, 39.182407 ], [ -110.9973344, 39.183683100000103 ], [ -110.9946208, 39.1849111000001 ], [ -110.9918658, 39.1861424 ], [ -110.9891482, 39.1873917 ], [ -110.9864221, 39.188629600000098 ], [ -110.9836434, 39.1899082 ], [ -110.9809523, 39.1911188 ], [ -110.978197, 39.192352 ], [ -110.9772317, 39.1944149 ], [ -110.9761729, 39.1965276 ], [ -110.9751374, 39.198653900000103 ], [ -110.9740844, 39.200798200000101 ], [ -110.9727272, 39.203491 ], [ -110.9727623, 39.204919000000103 ], [ -110.9727857, 39.2080014 ], [ -110.9727974, 39.211092800000102 ], [ -110.9728384, 39.214737 ], [ -110.9728618, 39.2165137000001 ], [ -110.9728852, 39.2188343 ], [ -110.972891, 39.221032400000098 ], [ -110.9729144, 39.223511400000099 ], [ -110.9729203, 39.2258317000001 ], [ -110.9729495, 39.228306 ], [ -110.9729612, 39.230925200000101 ], [ -110.9729846, 39.2335579 ], [ -110.9730139, 39.2360728 ], [ -110.9730314, 39.2388276 ], [ -110.9730548, 39.2415642 ], [ -110.9730197, 39.244232800000098 ], [ -110.9741137, 39.246874100000099 ], [ -110.9751725, 39.249483600000097 ], [ -110.9760278, 39.251593 ], [ -110.9769058, 39.253783100000099 ], [ -110.9778931, 39.2562394 ], [ -110.9787792, 39.2585671000001 ], [ -110.9812796, 39.2599393 ], [ -110.9834079, 39.261139200000102 ], [ -110.989093, 39.2643588 ], [ -110.9919369, 39.2659996 ], [ -110.9945922, 39.267502 ], [ -110.9976197, 39.2692196 ], [ -111.0002701, 39.2706912 ], [ -111.0029601, 39.272231900000101 ], [ -111.0029949, 39.2751481 ], [ -111.0030643, 39.278287 ], [ -111.0030842, 39.2809225 ], [ -111.0031189, 39.283385000000102 ], [ -111.0031487, 39.2857706 ], [ -111.0032033, 39.288352 ], [ -111.0032232, 39.2902304 ], [ -111.003243, 39.292162500000103 ], [ -111.0032926, 39.2942675 ], [ -111.0033671, 39.2964914 ], [ -111.0034316, 39.297755000000102 ], [ -111.0035507, 39.3002976000001 ], [ -111.0036053, 39.302678800000102 ], [ -111.0037493, 39.304983100000101 ], [ -111.0038436, 39.3073987000001 ], [ -111.0039279, 39.309691300000097 ], [ -111.004047, 39.3118878000001 ], [ -111.0041711, 39.3146372 ], [ -111.0042814, 39.317363300000103 ], [ -111.0043829, 39.3203435 ], [ -111.0067588, 39.321559400000098 ], [ -111.0095731, 39.3229985 ], [ -111.0122352, 39.3243568 ], [ -111.0152811, 39.3259258 ], [ -111.0180988, 39.3273589 ], [ -111.0211408, 39.3289119 ], [ -111.0239001, 39.330323200000102 ], [ -111.0259142, 39.3313568 ], [ -111.0281352, 39.3324925000001 ], [ -111.0305085, 39.333764200000097 ], [ -111.0326635, 39.3348778000001 ], [ -111.0353155, 39.336178200000099 ], [ -111.0380185, 39.3375791 ], [ -111.0400714, 39.3386316 ], [ -111.0423611, 39.3398026 ], [ -111.0460302, 39.3416812 ], [ -111.0495646, 39.3434663 ], [ -111.0515896, 39.3445259000001 ], [ -111.0548221, 39.346149400000101 ], [ -111.0573347, 39.347428 ], [ -111.0597266, 39.3493782 ], [ -111.0620674, 39.351231400000103 ], [ -111.0650027, 39.3536053 ], [ -111.0686532, 39.356564500000097 ], [ -111.0706782, 39.358202 ], [ -111.0724384, 39.3596420000001 ], [ -111.0741244, 39.3609671 ], [ -111.0761911, 39.3627051 ], [ -111.0796837, 39.3638972 ], [ -111.0830742, 39.3650821 ], [ -111.0858608, 39.3670211 ], [ -111.0869941, 39.369365700000102 ], [ -111.0877836, 39.371164500000098 ], [ -111.0888797, 39.373386900000099 ], [ -111.0903613, 39.376467300000101 ], [ -111.0905974, 39.379388500000097 ], [ -111.0906496, 39.380196 ], [ -111.0908823, 39.3823761 ], [ -111.0883137, 39.3836017 ], [ -111.0870529, 39.383492800000099 ], [ -111.085765797, 39.383355784000102 ] ] ] } },
{ "type": "Feature", "properties": { "objectid": "84595", "id": "304321", "type": "AC; OVERHEAD", "status": "IN SERVICE", "naics_code": "221121", "naics_desc": "ELECTRIC BULK POWER TRANSMISSION AND CONTROL", "source": "Western Electricity Coordinating Council https://www.wecc.biz/Reliability/YEAR%202014%20OC%20MAP-1.pdf", "sourcedate": "2016-12-31T18:00:00-07:00", "val_method": "IMAGERY/OTHER", "val_date": "2016-12-31T18:00:00-07:00", "owner": "NOT AVAILABLE", "voltage": 345.0, "volt_class": "345", "inferred": "N", "sub_1": "NOT AVAILABLE", "sub_2": "NOT AVAILABLE", "shape_lengt": 248829.835338053, "globalid": "1b61313a-a316-4390-b232-95107e3647b8", "NERC": "WECC", "NERC_Label": "Western Electricity Coordinating Council (WECC)" }, "geometry": { "type": "MultiLineString", "coordinates": [ [ [ -119.974143008, 40.074831936000102 ], [ -119.974773394, 40.074745251 ], [ -119.97596454, 40.075748785 ], [ -119.978704851, 40.075993357000101 ], [ -119.996476072, 40.091337188000097 ], [ -120.012077, 40.106786 ], [ -120.038971001, 40.133639000000102 ], [ -120.075460001, 40.1700090000001 ], [ -120.074635, 40.2168599990001 ], [ -120.073956, 40.25381 ], [ -120.116525, 40.272448 ], [ -120.171472, 40.296417 ], [ -120.199395001, 40.3214970000001 ], [ -120.19977, 40.352061 ], [ -120.219448, 40.36695 ], [ -120.236527001, 40.389264 ], [ -120.245069001, 40.396777 ], [ -120.257139001, 40.4015160000001 ], [ -120.26817, 40.4408910000001 ], [ -120.274311, 40.471952 ], [ -120.264498, 40.515778999000098 ], [ -120.260415001, 40.533825 ], [ -120.257160001, 40.548323 ], [ -120.256532001, 40.551185 ], [ -120.253212, 40.562614000000103 ], [ -120.249051, 40.577048 ], [ -120.246902001, 40.584349999 ], [ -120.244061, 40.590711 ], [ -120.239178001, 40.601760999000099 ], [ -120.235195, 40.610651 ], [ -120.239877001, 40.6212439990001 ], [ -120.245630001, 40.634319 ], [ -120.25993, 40.647882 ], [ -120.270166001, 40.657635999 ], [ -120.290796001, 40.659542 ], [ -120.304194001, 40.666402 ], [ -120.322676, 40.675846 ], [ -120.341921, 40.685647000000102 ], [ -120.356854, 40.693456 ], [ -120.368554, 40.699580999 ], [ -120.368604, 40.705749 ], [ -120.368690001, 40.719632999 ], [ -120.368718, 40.73084 ], [ -120.368775, 40.7442530000001 ], [ -120.368811, 40.751656 ], [ -120.368851, 40.763458 ], [ -120.368909, 40.775006 ], [ -120.374593, 40.785376 ], [ -120.376354001, 40.788576 ], [ -120.38163, 40.798194000000102 ], [ -120.384676, 40.803733000000101 ], [ -120.394800001, 40.811519 ], [ -120.397905, 40.813917000000103 ], [ -120.411207, 40.824141999000098 ], [ -120.415977001, 40.827806999000103 ], [ -120.411445, 40.831423 ], [ -120.418101, 40.836443999 ], [ -120.428279, 40.844048 ], [ -120.434968, 40.849057000000101 ], [ -120.45172, 40.861634 ], [ -120.455123, 40.86418 ], [ -120.461731001, 40.869128999000097 ], [ -120.467311, 40.874822000000101 ], [ -120.473421, 40.881051 ], [ -120.477508001, 40.887089000000103 ], [ -120.486395, 40.900242 ], [ -120.495235001, 40.913305 ], [ -120.501873, 40.923126 ], [ -120.506174001, 40.929466999 ], [ -120.509208, 40.9339650000001 ], [ -120.508405, 40.936135999 ], [ -120.506025, 40.942463 ], [ -120.503974, 40.948064 ], [ -120.501223001, 40.955460000000102 ], [ -120.498739, 40.96207 ], [ -120.498606001, 40.963791999000101 ], [ -120.498066, 40.970482999000097 ], [ -120.497375, 40.973750000000102 ], [ -120.494163001, 40.988674999000096 ], [ -120.492580001, 40.995949999000104 ], [ -120.490220001, 41.006712999000101 ], [ -120.490868209, 41.006803191000103 ], [ -120.492218, 41.006991 ], [ -120.492190001, 41.01423 ], [ -120.492151001, 41.025537 ], [ -120.492075001, 41.040516 ], [ -120.492042, 41.051160999000103 ], [ -120.491558, 41.064230000000101 ], [ -120.491302, 41.071184000000102 ], [ -120.492346001, 41.075286 ], [ -120.495261, 41.086719000000102 ], [ -120.495607, 41.088050000000102 ], [ -120.498134, 41.0979150000001 ], [ -120.499219, 41.102169 ], [ -120.501737, 41.112038 ], [ -120.507643, 41.117809000000101 ], [ -120.51321, 41.123243000000102 ], [ -120.520238, 41.132321 ], [ -120.523098, 41.136014 ], [ -120.524112, 41.137304 ], [ -120.524978, 41.139155000000102 ], [ -120.527172, 41.1438 ], [ -120.529542, 41.148773 ], [ -120.531426001, 41.152756000000103 ], [ -120.533087001, 41.155139999 ], [ -120.535295, 41.158062 ], [ -120.537581, 41.161061000000103 ], [ -120.53984, 41.164045 ], [ -120.542485001, 41.167529000000101 ], [ -120.545133, 41.171009 ], [ -120.546504001, 41.172818 ], [ -120.547831001, 41.173999999 ], [ -120.553207, 41.178756999 ], [ -120.557964, 41.182976000000103 ], [ -120.561205001, 41.185853000000101 ], [ -120.563982, 41.188390999 ], [ -120.565842, 41.189953999000103 ], [ -120.569329, 41.196215 ], [ -120.573633, 41.20395 ], [ -120.577264, 41.21052 ], [ -120.58003, 41.215472 ], [ -120.583663, 41.222143000000102 ], [ -120.585762001, 41.226124 ], [ -120.589688, 41.233565 ], [ -120.5908, 41.235673 ], [ -120.596718001, 41.246874999 ], [ -120.598592001, 41.250443999 ], [ -120.602477, 41.257767000000101 ], [ -120.605514001, 41.2635280000001 ], [ -120.60367, 41.269418999 ], [ -120.602566, 41.272936000000101 ], [ -120.599225, 41.283567 ], [ -120.598102001, 41.287151 ], [ -120.596973001, 41.290727000000103 ], [ -120.594696, 41.297983 ], [ -120.593572, 41.301563000000101 ], [ -120.591332, 41.308666000000102 ], [ -120.59019, 41.312302999000103 ], [ -120.587913, 41.319534 ], [ -120.584747001, 41.329557000000101 ], [ -120.586212, 41.3369 ], [ -120.58844, 41.348025 ], [ -120.589064, 41.351170999 ], [ -120.590383001, 41.357792000000103 ], [ -120.591086001, 41.361285000000102 ], [ -120.593943, 41.366378 ], [ -120.597855, 41.373412 ], [ -120.600991001, 41.379032000000102 ], [ -120.603537, 41.383587 ], [ -120.606054, 41.388112 ], [ -120.611089, 41.397164 ], [ -120.614549, 41.4033409990001 ], [ -120.612622, 41.4075289990001 ], [ -120.609443, 41.414477 ], [ -120.607991001, 41.417646 ], [ -120.604807, 41.424566 ], [ -120.602785001, 41.428987 ], [ -120.599430001, 41.436282 ], [ -120.596056001, 41.443578000000102 ], [ -120.595927, 41.449325999000102 ], [ -120.595642, 41.461866 ], [ -120.595470001, 41.469281000000102 ], [ -120.595328, 41.474890999 ], [ -120.595274, 41.4775700000001 ], [ -120.596459, 41.48018 ], [ -120.599804001, 41.487464 ], [ -120.599993844, 41.487891857000101 ], [ -120.602346, 41.493193 ], [ -120.603447001, 41.497009 ], [ -120.60438, 41.500246 ], [ -120.606659, 41.508261 ], [ -120.607226, 41.514467 ], [ -120.610164, 41.516166 ], [ -120.617410001, 41.520201 ], [ -120.621457, 41.51837 ], [ -120.626007, 41.516363 ], [ -120.629964, 41.514534999 ], [ -120.632833, 41.513249999 ], [ -120.632862, 41.512055 ], [ -120.634336001, 41.512080999 ], [ -120.634433707, 41.512992123000103 ] ] ] } },
{ "type": "Feature", "properties": { "objectid": "68428", "id": "200127", "type": "AC; OVERHEAD", "status": "NOT AVAILABLE", "naics_code": "221121", "naics_desc": "ELECTRIC BULK POWER TRANSMISSION AND CONTROL", "source": "http://gis.bpa.gov/ArcGIS/rest/services/BPAPublic/Transmission_Assets/MapServer", "sourcedate": "2014-06-11T20:00:00-06:00", "val_method": "IMAGERY/OTHER", "val_date": "2014-06-11T20:00:00-06:00", "owner": "BONNEVILLE POWER ADMINISTRATION", "voltage": 345.0, "volt_class": "345", "inferred": "N", "sub_1": "CHIEF JOSEPH", "sub_2": "SNOHOMISH", "shape_lengt": 318706.82418764202, "globalid": "398b7783-8390-4cb3-bda9-987048073a3e", "NERC": "WECC", "NERC_Label": "Western Electricity Coordinating Council (WECC)" }, "geometry": { "type": "MultiLineString", "coordinates": [ [ [ -119.651647193, 47.986236555000097 ], [ -119.65123757, 47.9848641 ], [ -119.651786841, 47.984769584 ], [ -119.652791174, 47.984590713 ], [ -119.654202718, 47.98435347 ], [ -119.655133317, 47.984170570000103 ], [ -119.65537215, 47.981687835000102 ], [ -119.655627827, 47.978540431000098 ], [ -119.655827734, 47.976077528000097 ], [ -119.655976624, 47.974292023 ], [ -119.658043866, 47.971510667000103 ], [ -119.659736142, 47.969243324 ], [ -119.660876337, 47.967712743 ], [ -119.66288782, 47.965017647000103 ], [ -119.664714144, 47.962565794 ], [ -119.666450485, 47.96023898 ], [ -119.668092611, 47.958033985 ], [ -119.670011179, 47.955460378 ], [ -119.671200471, 47.953866478000101 ], [ -119.672662169, 47.951906727 ], [ -119.67403163, 47.950067787000101 ], [ -119.675309284, 47.948353090000097 ], [ -119.677959506, 47.944793749 ], [ -119.67959983, 47.942592523 ], [ -119.681477653, 47.940070881000103 ], [ -119.682949245, 47.9380952550001 ], [ -119.684800063, 47.935608245 ], [ -119.68634391, 47.933521797 ], [ -119.687785281, 47.931781216 ], [ -119.689925002, 47.930358643 ], [ -119.693494143, 47.927991760000097 ], [ -119.696278326, 47.926144017000098 ], [ -119.698786543, 47.924479364 ], [ -119.703426041, 47.921404476000099 ], [ -119.706253025, 47.919527007 ], [ -119.708492496, 47.918041167000098 ], [ -119.711689122, 47.91592036 ], [ -119.713866582, 47.914475540000097 ], [ -119.717636773, 47.911972390000102 ], [ -119.719813342, 47.910530657 ], [ -119.723720245, 47.907934682000104 ], [ -119.726329597, 47.906201713 ], [ -119.729086215, 47.904371350000098 ], [ -119.732127909, 47.90235232 ], [ -119.735032326, 47.900423714000098 ], [ -119.73807662, 47.898402334000103 ], [ -119.740900497, 47.896526960000102 ], [ -119.743578436, 47.894745897 ], [ -119.746075897, 47.893088326 ], [ -119.752566741, 47.888772815 ], [ -119.755173478, 47.887038713 ], [ -119.75763561, 47.885401536000103 ], [ -119.759956022, 47.883859103000098 ], [ -119.762996936, 47.881839264000099 ], [ -119.765893732, 47.87991292 ], [ -119.768647666, 47.878081956000102 ], [ -119.771397264, 47.876252175 ], [ -119.773856917, 47.874615924000103 ], [ -119.776753656, 47.872690460000101 ], [ -119.779720779, 47.870713647000102 ], [ -119.781601765, 47.869463553000102 ], [ -119.783918562, 47.867922036 ], [ -119.788335602, 47.864981843000102 ], [ -119.791620705, 47.862795314 ], [ -119.794702243, 47.860744589 ], [ -119.797595379, 47.858817232 ], [ -119.800492291, 47.856889923 ], [ -119.80324238, 47.855058767000102 ], [ -119.80685622, 47.852651434 ], [ -119.809605478, 47.850820806000101 ], [ -119.81271579, 47.848750122000098 ], [ -119.815879748, 47.846641422000097 ], [ -119.81929706, 47.844368217000103 ], [ -119.822474417, 47.842246489 ], [ -119.825441541, 47.840269172 ], [ -119.829057304, 47.837859250000101 ], [ -119.833006077, 47.83522723 ], [ -119.835819996, 47.833350711 ], [ -119.84017512, 47.830446702000103 ], [ -119.843150638, 47.828461798 ], [ -119.846044228, 47.8265317930001 ], [ -119.848861652, 47.824652193000098 ], [ -119.852764765, 47.822049955000097 ], [ -119.855435532, 47.820266679 ], [ -119.857895342, 47.818625808 ], [ -119.859846764, 47.817324225 ], [ -119.863241083, 47.815058365 ], [ -119.865334741, 47.813660621 ], [ -119.867864279, 47.8119724270001 ], [ -119.871763952, 47.809368673 ], [ -119.874439732, 47.8075799060001 ], [ -119.877544397, 47.805505939000099 ], [ -119.880286621, 47.803676001 ], [ -119.883678099, 47.801409358 ], [ -119.886064653, 47.799815264000102 ], [ -119.88902412, 47.797838269000103 ], [ -119.891984407, 47.795859643 ], [ -119.895160838, 47.793737244000098 ], [ -119.898337038, 47.791613085 ], [ -119.901073698, 47.789784175000101 ], [ -119.904540929, 47.787465206 ], [ -119.908147546, 47.785054951000099 ], [ -119.910604747, 47.783413084000102 ], [ -119.912624311, 47.782061871000103 ], [ -119.916085092, 47.779747607 ], [ -119.918541073, 47.778104739000099 ], [ -119.921279692, 47.776272492 ], [ -119.92452633, 47.774100119000103 ], [ -119.927481759, 47.772122583000098 ], [ -119.930223419, 47.770287132000099 ], [ -119.933391876, 47.768163876000102 ], [ -119.935768908, 47.766573403 ], [ -119.937862291, 47.765170928 ], [ -119.941498786, 47.762738408000097 ], [ -119.943860757, 47.761155329000097 ], [ -119.946226694, 47.759571986 ], [ -119.94954221, 47.757350049000102 ], [ -119.952137052, 47.7556117 ], [ -119.954437425, 47.754076705 ], [ -119.958209946, 47.753398269000101 ], [ -119.963138455, 47.7525209900001 ], [ -119.967321951, 47.751774628000099 ], [ -119.970582989, 47.751192028 ], [ -119.974943555, 47.750413443000099 ], [ -119.978088648, 47.749852678000103 ], [ -119.982604662, 47.749045521 ], [ -119.986727924, 47.748308228 ], [ -119.990062206, 47.7477138570001 ], [ -119.993144847, 47.747163432 ], [ -119.996736239, 47.746521657000102 ], [ -120.000862961, 47.745783964 ], [ -120.006159974, 47.744837721000103 ], [ -120.01009886, 47.744136908 ], [ -120.014414987, 47.743362370000099 ], [ -120.018930682, 47.742553781 ], [ -120.023056638, 47.741816079 ], [ -120.026552892, 47.741190351 ], [ -120.034249319, 47.739813666 ], [ -120.036803224, 47.739357471000098 ], [ -120.039941547, 47.738796691000097 ], [ -120.042786709, 47.738287804 ], [ -120.045827993, 47.737741432000099 ], [ -120.050150634, 47.736966937 ], [ -120.054077104, 47.73626505 ], [ -120.058984441, 47.73538625 ], [ -120.061145464, 47.734999773 ], [ -120.064679307, 47.734368668000101 ], [ -120.068016119, 47.733768428000097 ], [ -120.073352536, 47.732813728 ], [ -120.077338042, 47.732099264000098 ], [ -120.081366412, 47.731377707 ], [ -120.086070918, 47.730533449000099 ], [ -120.089901985, 47.729846818 ], [ -120.093238616, 47.729249078000102 ], [ -120.097263054, 47.728526635 ], [ -120.101587618, 47.727749801000101 ], [ -120.105611326, 47.727027801000098 ], [ -120.110123766, 47.726218808000098 ], [ -120.114149226, 47.725496683000102 ], [ -120.116878838, 47.725003432 ], [ -120.120033644, 47.724498574000101 ], [ -120.126553875, 47.723451796000099 ], [ -120.131489728, 47.722657416000096 ], [ -120.134055729, 47.722245737 ], [ -120.137424842, 47.721704154000101 ], [ -120.140971036, 47.721134323000101 ], [ -120.143438003, 47.720737349 ], [ -120.148475262, 47.719927716 ], [ -120.151834377, 47.719387871 ], [ -120.155686858, 47.718768283 ], [ -120.162896036, 47.7176102170001 ], [ -120.167834881, 47.716814205 ], [ -120.17198287, 47.716147760000098 ], [ -120.176129579, 47.715480940000099 ], [ -120.180431478, 47.714791827000099 ], [ -120.183243957, 47.714315673 ], [ -120.185905967, 47.713864833000102 ], [ -120.189547698, 47.713247213 ], [ -120.192304207, 47.712779650000101 ], [ -120.193684659, 47.712545678 ], [ -120.197530904, 47.711893941 ], [ -120.200836541, 47.712156985 ], [ -120.205098242, 47.712285546 ], [ -120.209940646, 47.7124311910001 ], [ -120.217536689, 47.708596246000099 ], [ -120.223151236, 47.709179707 ], [ -120.228646359, 47.709854376000102 ], [ -120.234100103, 47.710518827 ], [ -120.237094266, 47.710884622 ], [ -120.240695111, 47.711324170000097 ], [ -120.245887976, 47.711958737 ], [ -120.251481858, 47.712640623 ], [ -120.253482713, 47.712884478 ], [ -120.255178651, 47.713087001000098 ], [ -120.258318683, 47.713582213000102 ], [ -120.261882447, 47.714138680000097 ], [ -120.265587806, 47.714718248 ], [ -120.267826015, 47.715069378000102 ], [ -120.271824625, 47.715692334 ], [ -120.274509849, 47.716112646000099 ], [ -120.277796701, 47.716626298000101 ], [ -120.282267222, 47.717324139 ], [ -120.287292682, 47.718107118 ], [ -120.295006903, 47.719313203000098 ], [ -120.301833913, 47.720377773000102 ], [ -120.3062863, 47.721071596000101 ], [ -120.313604471, 47.722213998 ], [ -120.316563948, 47.722651618 ], [ -120.318494205, 47.721905163 ], [ -120.322857981, 47.720154458000103 ], [ -120.32417182, 47.719628501 ], [ -120.331951652, 47.716509159 ], [ -120.341093159, 47.712841525 ], [ -120.344494188, 47.711477547000101 ], [ -120.348338696, 47.709928987000097 ], [ -120.349716697, 47.709479966 ], [ -120.356178286, 47.707839267 ], [ -120.359215042, 47.707061113000101 ], [ -120.365291521, 47.705510414000102 ], [ -120.368519925, 47.704684989 ], [ -120.373265106, 47.703472357000102 ], [ -120.378848386, 47.702047498000098 ], [ -120.3831366, 47.700947697000103 ], [ -120.384960024, 47.700478761 ], [ -120.387160107, 47.699992602000101 ], [ -120.395228591, 47.697929726 ], [ -120.400345375, 47.696606806 ], [ -120.404282988, 47.695917369 ], [ -120.409273764, 47.696153996000099 ], [ -120.41675323, 47.696511464 ], [ -120.419693687, 47.696607871 ], [ -120.425227375, 47.696869565 ], [ -120.431799392, 47.697364171000103 ], [ -120.440073602, 47.697980525 ], [ -120.441684245, 47.698100446000097 ], [ -120.44834195, 47.698597408000097 ], [ -120.450561482, 47.698763370000101 ], [ -120.458431738, 47.699350467 ], [ -120.463455799, 47.699724866 ], [ -120.466078687, 47.699919933 ], [ -120.471316446, 47.700350354000101 ], [ -120.479787582, 47.700977386 ], [ -120.485651037, 47.701369226 ], [ -120.487264295, 47.701493005 ], [ -120.491097139, 47.701777329 ], [ -120.495145688, 47.7020783930001 ], [ -120.500436925, 47.702472542000102 ], [ -120.505083626, 47.703201276000101 ], [ -120.508243451, 47.703697687 ], [ -120.513581351, 47.7045369350001 ], [ -120.521093031, 47.705718727 ], [ -120.522875801, 47.705997307000104 ], [ -120.524848243, 47.706307134 ], [ -120.528944956, 47.706951321000098 ], [ -120.532165206, 47.707457456 ], [ -120.538294272, 47.70842078 ], [ -120.54086158, 47.708824062000097 ], [ -120.544031129, 47.709322328 ], [ -120.547392459, 47.709849912 ], [ -120.550363614, 47.710313510000098 ], [ -120.555148961, 47.711064502000099 ], [ -120.561435306, 47.712050184000098 ], [ -120.564201072, 47.712485709000099 ], [ -120.570533783, 47.713478947000098 ], [ -120.572429923, 47.7137745590001 ], [ -120.575493774, 47.7142545990001 ], [ -120.582846596, 47.715405008000097 ], [ -120.585661285, 47.715844422 ], [ -120.593182527, 47.717023068000103 ], [ -120.597052127, 47.7176840650001 ], [ -120.598041067, 47.7180571970001 ], [ -120.600957692, 47.719163641000101 ], [ -120.60408591, 47.720350704000097 ], [ -120.612828198, 47.723659158 ], [ -120.616488417, 47.725046131 ], [ -120.617889984, 47.725578746 ], [ -120.621167028, 47.726817736 ], [ -120.625416389, 47.728425577 ], [ -120.630804466, 47.730459257000099 ], [ -120.633215166, 47.731371630000098 ], [ -120.640756762, 47.734223229000101 ], [ -120.643312773, 47.735189584000103 ], [ -120.646008611, 47.736207735 ], [ -120.648987065, 47.7373340460001 ], [ -120.653534438, 47.739053881000103 ], [ -120.656597843, 47.740213326000102 ], [ -120.659707663, 47.741389126000101 ], [ -120.661739068, 47.742155564 ], [ -120.665636573, 47.743631590000099 ], [ -120.668467817, 47.744702920000101 ], [ -120.673252443, 47.74651212 ], [ -120.675737764, 47.747448836 ], [ -120.678391291, 47.748455495 ], [ -120.68140611, 47.749594249 ], [ -120.682611426, 47.750049178 ], [ -120.687608283, 47.751936763000103 ], [ -120.690267234, 47.752941535 ], [ -120.69337244, 47.754116901 ], [ -120.697535865, 47.755687892 ], [ -120.700545662, 47.756828900000102 ], [ -120.70444765, 47.758303408000103 ], [ -120.709052188, 47.760044035000099 ], [ -120.713486137, 47.761717760000103 ], [ -120.71567448, 47.762541685 ], [ -120.718441363, 47.762816102 ], [ -120.727799852, 47.7638952450001 ], [ -120.736113479, 47.764804493 ], [ -120.741220538, 47.765397898000103 ], [ -120.747611091, 47.766215807 ], [ -120.751006158, 47.766649347 ], [ -120.754964522, 47.767153796000102 ], [ -120.760595721, 47.767872061 ], [ -120.765189987, 47.768457569000098 ], [ -120.769685924, 47.769030006 ], [ -120.773596389, 47.76952723 ], [ -120.779384439, 47.770266909 ], [ -120.783181321, 47.770749577000103 ], [ -120.786977744, 47.7712325030001 ], [ -120.790671969, 47.771703940000101 ], [ -120.794262088, 47.772156692000102 ], [ -120.798763667, 47.772728643 ], [ -120.805559026, 47.7735853450001 ], [ -120.808583749, 47.774117913 ], [ -120.814271968, 47.774917567000102 ], [ -120.823758908, 47.773371582 ], [ -120.827960746, 47.773134144 ], [ -120.832500334, 47.77524901 ], [ -120.835004999, 47.776419607 ], [ -120.838347073, 47.777975871000102 ], [ -120.841354587, 47.7793802630001 ], [ -120.84420822, 47.780731874 ], [ -120.84802042, 47.782068268 ], [ -120.850646154, 47.782968501 ], [ -120.853338584, 47.783909481000101 ], [ -120.857086622, 47.784904985 ], [ -120.860546649, 47.785837190000102 ], [ -120.86426993, 47.785983376 ], [ -120.869138471, 47.786177667000103 ], [ -120.872461831, 47.786350303000098 ], [ -120.877603219, 47.786582519 ], [ -120.882545838, 47.785853295 ], [ -120.888683098, 47.784940810000101 ], [ -120.892657174, 47.784416949 ], [ -120.895886554, 47.784265486 ], [ -120.898825937, 47.784116677 ], [ -120.901463173, 47.7839793220001 ], [ -120.90664634, 47.783713396 ], [ -120.910348969, 47.783526047000102 ], [ -120.91467926, 47.782210126000102 ], [ -120.91818707, 47.782064743 ], [ -120.924069682, 47.781818916000098 ], [ -120.929040425, 47.781609796000097 ], [ -120.930338898, 47.781556420000101 ], [ -120.936251053, 47.78059661 ], [ -120.940715354, 47.779870147000103 ], [ -120.947044399, 47.778842629000103 ], [ -120.952436386, 47.7779656720001 ], [ -120.953678184, 47.7775152070001 ], [ -120.960300177, 47.775113824000101 ], [ -120.969006412, 47.772087941000102 ], [ -120.974522677, 47.769961378000097 ], [ -120.979703482, 47.769383694000098 ], [ -120.981403965, 47.769198014 ], [ -120.986532682, 47.770780096000102 ], [ -120.988182816, 47.771089877000101 ], [ -120.991363025, 47.771672415000097 ], [ -120.995790748, 47.772494482000099 ], [ -121.00356581, 47.770979315 ], [ -121.00526109, 47.770472260000098 ], [ -121.007589567, 47.769780672000103 ], [ -121.009911991, 47.769085347 ], [ -121.015887343, 47.767304706000097 ], [ -121.018655335, 47.767122323000102 ], [ -121.021393188, 47.766942994 ], [ -121.024148183, 47.766763762 ], [ -121.027053825, 47.765727385 ], [ -121.030279864, 47.764567455000098 ], [ -121.03364185, 47.763355379000103 ], [ -121.035351426, 47.761657198000101 ], [ -121.037184942, 47.7598258350001 ], [ -121.039847947, 47.757348312 ], [ -121.040385402, 47.755817400000097 ], [ -121.03858968, 47.755102977 ], [ -121.039810948, 47.751503235 ], [ -121.040701604, 47.748968078000097 ], [ -121.041717778, 47.746029656000097 ], [ -121.042354782, 47.744230158 ], [ -121.043126795, 47.742037006 ], [ -121.046400461, 47.739509622000099 ], [ -121.048948418, 47.737555775 ], [ -121.052837156, 47.734608002000101 ], [ -121.060686484, 47.736412923 ], [ -121.065454465, 47.729220863000101 ], [ -121.067667985, 47.727682527000098 ], [ -121.076937179, 47.728396127 ], [ -121.07907461, 47.727704195000101 ], [ -121.084995775, 47.725785839 ], [ -121.089506013, 47.724312579000099 ], [ -121.092747898, 47.723254355000101 ], [ -121.095835898, 47.722104195 ], [ -121.108165211, 47.717797153 ], [ -121.115056048, 47.716245729 ], [ -121.117405844, 47.716923439 ], [ -121.120101144, 47.715617112000103 ], [ -121.123121569, 47.71412117 ], [ -121.125344648, 47.713595080000097 ], [ -121.129762607, 47.712678822 ], [ -121.135446369, 47.711845154000102 ], [ -121.137933935, 47.711497385 ], [ -121.141150635, 47.710677343 ], [ -121.143718866, 47.710038547000103 ], [ -121.146723609, 47.70928028 ], [ -121.152174204, 47.708183234 ], [ -121.160021034, 47.7070883230001 ], [ -121.161928207, 47.707766877 ], [ -121.164340269, 47.70861832 ], [ -121.169644985, 47.7104955880001 ], [ -121.171894761, 47.711294028 ], [ -121.174231104, 47.712113577 ], [ -121.176558339, 47.713012691000102 ], [ -121.178384957, 47.713497086000103 ], [ -121.181943104, 47.713307654000097 ], [ -121.1840391, 47.713586782 ], [ -121.18617743, 47.713229492 ], [ -121.188465338, 47.712842553 ], [ -121.191889044, 47.712301986000099 ], [ -121.196564513, 47.71278979 ], [ -121.20215525, 47.712290572 ], [ -121.206570317, 47.7118966150001 ], [ -121.212208721, 47.712751494 ], [ -121.214695282, 47.713363718 ], [ -121.219821955, 47.713309145 ], [ -121.221771619, 47.713292349 ], [ -121.228089289, 47.7132255000001 ], [ -121.231126024, 47.713193810000099 ], [ -121.235509639, 47.71314633 ], [ -121.242687338, 47.713118539 ], [ -121.246548123, 47.71310434 ], [ -121.252434024, 47.713082585 ], [ -121.257911092, 47.713063666 ], [ -121.262583465, 47.713046803 ], [ -121.266438767, 47.713033294000098 ], [ -121.270498726, 47.713015826000102 ], [ -121.277811705, 47.713039096 ], [ -121.28664382, 47.7157483760001 ], [ -121.29113306, 47.715911054000102 ], [ -121.293423287, 47.715982766000103 ], [ -121.299334593, 47.716464985000101 ], [ -121.305179628, 47.716933576 ], [ -121.30891302, 47.717230438000101 ], [ -121.3136522, 47.717605355 ], [ -121.317684071, 47.717939986 ], [ -121.322926467, 47.718351309000099 ], [ -121.326184016, 47.7186098970001 ], [ -121.328975298, 47.718831049000102 ], [ -121.336022888, 47.719395169 ], [ -121.345095394, 47.720118993 ], [ -121.348724199, 47.720408306000103 ], [ -121.350231449, 47.7205280330001 ], [ -121.353090882, 47.719828747000101 ], [ -121.357221898, 47.718820531000098 ], [ -121.361487132, 47.717775026 ], [ -121.364165294, 47.717220039 ], [ -121.369627233, 47.716094273000103 ], [ -121.37435447, 47.7173629380001 ], [ -121.378793908, 47.7197499110001 ], [ -121.381425781, 47.7212065430001 ], [ -121.389206355, 47.725233259 ], [ -121.391811343, 47.726483018000103 ], [ -121.393456819, 47.727325652 ], [ -121.395578604, 47.728400045 ], [ -121.402643552, 47.731978395000098 ], [ -121.404756466, 47.733046356 ], [ -121.408253425, 47.7348134000001 ], [ -121.4117886, 47.736603994000099 ], [ -121.415602887, 47.738541621000103 ], [ -121.420827871, 47.739811672 ], [ -121.423855406, 47.74054827 ], [ -121.42922793, 47.741857201000101 ], [ -121.433566313, 47.74289673 ], [ -121.436034655, 47.744128193000101 ], [ -121.438117549, 47.745151563 ], [ -121.443048738, 47.747573998000099 ], [ -121.447677024, 47.749846409 ], [ -121.45042906, 47.751187838000099 ], [ -121.453135555, 47.753330093 ], [ -121.457790671, 47.756985483000101 ], [ -121.459371536, 47.758233995000097 ], [ -121.461678777, 47.760048211 ], [ -121.466245802, 47.763636221000098 ], [ -121.470217005, 47.766754869000103 ], [ -121.473523541, 47.769355773 ], [ -121.47563543, 47.771015470000101 ], [ -121.477619088, 47.772575565000103 ], [ -121.480799431, 47.775065366 ], [ -121.484789436, 47.778203750000102 ], [ -121.487987842, 47.780713207000097 ], [ -121.49008108, 47.783936183 ], [ -121.491754991, 47.786510963000097 ], [ -121.493176368, 47.7887000710001 ], [ -121.495912605, 47.792909534000103 ], [ -121.497850329, 47.795889982000098 ], [ -121.49948338, 47.798400765000103 ], [ -121.503889423, 47.805176375 ], [ -121.506175772, 47.808692316000098 ], [ -121.50724042, 47.81032092 ], [ -121.510466593, 47.810604594 ], [ -121.515512982, 47.811042750000098 ], [ -121.522644686, 47.811657616 ], [ -121.532059066, 47.812474439 ], [ -121.536074777, 47.812823703 ], [ -121.538719827, 47.813050910000101 ], [ -121.542150198, 47.813347373 ], [ -121.545586854, 47.813079448000103 ], [ -121.549485745, 47.812778393 ], [ -121.555593997, 47.812306578000097 ], [ -121.563698225, 47.811678308000097 ], [ -121.568247493, 47.811325242000102 ], [ -121.57328173, 47.8109390810001 ], [ -121.575786973, 47.813192095 ], [ -121.57798076, 47.815169608000097 ], [ -121.579563283, 47.816597605 ], [ -121.583872357, 47.820482973 ], [ -121.584932631, 47.821441673 ], [ -121.590195544, 47.826182321 ], [ -121.592107451, 47.827907512000102 ], [ -121.593508561, 47.829169064 ], [ -121.596853762, 47.832183461 ], [ -121.599349077, 47.834432717 ], [ -121.601760102, 47.836606928 ], [ -121.604815273, 47.839359224000098 ], [ -121.606596995, 47.840050951000102 ], [ -121.609354642, 47.841117387000097 ], [ -121.613098601, 47.842558660000101 ], [ -121.615389799, 47.8435355760001 ], [ -121.620364754, 47.845455533000099 ], [ -121.622361491, 47.846136625 ], [ -121.626412686, 47.847715308 ], [ -121.629591594, 47.848942585 ], [ -121.632945181, 47.850238245000099 ], [ -121.636825036, 47.851739431 ], [ -121.640264762, 47.853068571000101 ], [ -121.643091485, 47.854162116 ], [ -121.647416408, 47.85583287 ], [ -121.651123231, 47.857265913 ], [ -121.654486487, 47.858565812000101 ], [ -121.657831655, 47.859857603000101 ], [ -121.661016148, 47.861088006000102 ], [ -121.664188935, 47.862313031 ], [ -121.666927449, 47.863370857000099 ], [ -121.672205042, 47.865407965 ], [ -121.676552543, 47.867082673 ], [ -121.679077496, 47.868113273000098 ], [ -121.682496767, 47.8693807450001 ], [ -121.685255817, 47.870447167000101 ], [ -121.688169252, 47.871570382000101 ], [ -121.691774293, 47.8729600570001 ], [ -121.695595271, 47.873376719000099 ], [ -121.700618678, 47.8739253890001 ], [ -121.705542189, 47.874459223 ], [ -121.710773568, 47.875030045000102 ], [ -121.714272033, 47.875410697000099 ], [ -121.721829843, 47.876232466 ], [ -121.727980981, 47.876901319000098 ], [ -121.732788171, 47.877424201 ], [ -121.738921767, 47.878089262000103 ], [ -121.742538832, 47.8784830560001 ], [ -121.745959658, 47.8788544760001 ], [ -121.749979617, 47.879290248000103 ], [ -121.754400396, 47.879770221000101 ], [ -121.760433948, 47.880426412000098 ], [ -121.765260297, 47.880950273000103 ], [ -121.769180978, 47.881376559 ], [ -121.773103033, 47.881803057000099 ], [ -121.776518279, 47.88217216 ], [ -121.781143751, 47.882676064000101 ], [ -121.786768804, 47.8832859460001 ], [ -121.790490326, 47.883691478000102 ], [ -121.792704475, 47.883930264000099 ], [ -121.798632156, 47.884574999 ], [ -121.803259356, 47.885075558 ], [ -121.807885229, 47.885578627 ], [ -121.810890854, 47.885905945000097 ], [ -121.814309738, 47.886276061 ], [ -121.82033893, 47.886928703000102 ], [ -121.822227093, 47.887125672000103 ], [ -121.830252759, 47.88968435 ], [ -121.836608138, 47.891703751000101 ], [ -121.840657291, 47.892988812000098 ], [ -121.845452113, 47.894512078 ], [ -121.849324079, 47.895740746000101 ], [ -121.853375778, 47.897027314000098 ], [ -121.857432835, 47.898312813000103 ], [ -121.860934388, 47.899423609000102 ], [ -121.863884263, 47.900358919 ], [ -121.868066731, 47.902422953 ], [ -121.87210421, 47.903111827 ], [ -121.874836847, 47.903267146000097 ], [ -121.878071132, 47.902953435 ], [ -121.881839521, 47.903074864000097 ], [ -121.887062877, 47.902968765 ], [ -121.891845148, 47.903125417000098 ], [ -121.896608586, 47.903554454000101 ], [ -121.901705583, 47.903719925000097 ], [ -121.905267783, 47.903834920000101 ], [ -121.913209022, 47.904091365 ], [ -121.9165674, 47.904199449 ], [ -121.921453261, 47.904356547000098 ], [ -121.925423929, 47.904484958000097 ], [ -121.930105504, 47.904634751000103 ], [ -121.93285375, 47.904723611000101 ], [ -121.937947798, 47.904886539000103 ], [ -121.942223305, 47.905023392 ], [ -121.945482572, 47.905127829 ], [ -121.948129397, 47.905212209000098 ], [ -121.954497682, 47.905415912000102 ], [ -121.958338956, 47.906917295 ], [ -121.962557061, 47.908567043000097 ], [ -121.966433067, 47.910082215 ], [ -121.969330115, 47.911229582 ], [ -121.972942794, 47.912642139000098 ], [ -121.977260252, 47.914330227 ], [ -121.980256759, 47.915501650000103 ], [ -121.984134097, 47.917017557000101 ], [ -121.986065659, 47.917772326 ], [ -121.990920059, 47.919669736000102 ], [ -121.993828586, 47.920806066000097 ], [ -121.996913816, 47.922011192000099 ], [ -121.999735099, 47.92311325 ], [ -122.005023795, 47.925179497 ], [ -122.007668807, 47.926212511000102 ], [ -122.010421036, 47.927287002000099 ], [ -122.014556602, 47.928042864000098 ], [ -122.018767683, 47.928811945000099 ], [ -122.022211756, 47.929440666000097 ], [ -122.026285787, 47.930185028 ], [ -122.030280808, 47.930914009000098 ], [ -122.03451261, 47.931686465 ], [ -122.038941144, 47.932494442000099 ], [ -122.043271453, 47.933284424000099 ], [ -122.046226262, 47.933823926000102 ], [ -122.05055899, 47.935236757 ], [ -122.054228977, 47.9364329040001 ], [ -122.05725683, 47.9374204800001 ], [ -122.059660814, 47.938204257000102 ], [ -122.063006311, 47.939294348 ], [ -122.067531982, 47.938927019000097 ], [ -122.07137968, 47.938614467 ], [ -122.075408996, 47.938287147 ], [ -122.080087261, 47.937907347000099 ], [ -122.083934812, 47.937594369000102 ], [ -122.08859157, 47.937215147000103 ], [ -122.092338073, 47.936910324 ], [ -122.096450388, 47.936576017 ], [ -122.099643105, 47.933937734 ], [ -122.100930008, 47.932874690000098 ], [ -122.102217369, 47.9318116090001 ], [ -122.104523022, 47.929906484000099 ], [ -122.103907018, 47.926738311000101 ], [ -122.103748907, 47.924637602000097 ], [ -122.1037477, 47.925342665000102 ], [ -122.103749903, 47.923995078000097 ], [ -122.103874206, 47.923777407 ] ] ] } },
{ "type": "Feature", "properties": { "objectid": "74276", "id": "206551", "type": "AC; OVERHEAD", "status": "NOT AVAILABLE", "naics_code": "221121", "naics_desc": "ELECTRIC BULK POWER TRANSMISSION AND CONTROL", "source": "IMAGERY", "sourcedate": "2015-11-22T18:00:00-07:00", "val_method": "IMAGERY", "val_date": "2015-11-22T18:00:00-07:00", "owner": "PACIFICORP", "voltage": 345.0, "volt_class": "345", "inferred": "Y", "sub_1": "NOT AVAILABLE", "sub_2": "JIM BRIDGER", "shape_lengt": 639.12568571899999, "globalid": "360a308d-75e7-49bd-b418-993734ea2a00", "NERC": "WECC", "NERC_Label": "Western Electricity Coordinating Council (WECC)" }, "geometry": { "type": "MultiLineString", "coordinates": [ [ [ -108.786416407, 41.738040272 ], [ -108.788590375, 41.736229263 ], [ -108.789335213, 41.73560878 ], [ -108.790339686, 41.7349171050001 ] ] ] } },
{ "type": "Feature", "properties": { "objectid": "68477", "id": "200178", "type": "AC", "status": "NOT AVAILABLE", "naics_code": "221121", "naics_desc": "ELECTRIC BULK POWER TRANSMISSION AND CONTROL", "source": "http://www.oasis.oati.com/PPW/PPWdocs/Transmission_Network_Diagram.pdf", "sourcedate": "2014-06-29T20:00:00-06:00", "val_method": "IMAGERY/OTHER", "val_date": "2014-06-29T20:00:00-06:00", "owner": "PACIFICORP", "voltage": 345.0, "volt_class": "345", "inferred": "N", "sub_1": "STILL MILL", "sub_2": "LAKESIDE 2", "shape_lengt": 617.01771938859997, "globalid": "df44de79-6e73-4994-8261-9ac697e810a9", "NERC": "WECC", "NERC_Label": "Western Electricity Coordinating Council (WECC)" }, "geometry": { "type": "MultiLineString", "coordinates": [ [ [ -111.76081952, 40.330449985 ], [ -111.760529636, 40.330999971 ], [ -111.760512795, 40.331898675 ], [ -111.757380246, 40.331872998000101 ], [ -111.756942363, 40.331962867000101 ] ] ] } },
{ "type": "Feature", "properties": { "objectid": "68489", "id": "200190", "type": "AC; OVERHEAD", "status": "NOT AVAILABLE", "naics_code": "221121", "naics_desc": "ELECTRIC BULK POWER TRANSMISSION AND CONTROL", "source": "Regional Map", "sourcedate": "2014-06-29T20:00:00-06:00", "val_method": "IMAGERY/OTHER", "val_date": "2014-06-29T20:00:00-06:00", "owner": "TRI-STATE G & T ASSN, INC", "voltage": 345.0, "volt_class": "345", "inferred": "N", "sub_1": "BONANZA", "sub_2": "BEARS EARS", "shape_lengt": 213120.82506737299, "globalid": "ebd31b58-51cd-416d-84b7-a1eecced70d2", "NERC": "WECC", "NERC_Label": "Western Electricity Coordinating Council (WECC)" }, "geometry": { "type": "MultiLineString", "coordinates": [ [ [ -109.290506664, 40.085944304000101 ], [ -109.2909692, 40.0855359 ], [ -109.291844, 40.0855486 ], [ -109.2946402, 40.085030500000101 ], [ -109.2949708, 40.071922700000101 ], [ -109.2720171, 40.0684457 ], [ -109.2579379, 40.066310900000097 ], [ -109.2408218, 40.066207700000099 ], [ -109.2279614, 40.0661264 ], [ -109.2203572, 40.067712700000101 ], [ -109.2045037, 40.0710278 ], [ -109.189344476, 40.07418829 ], [ -109.17582153, 40.083953172000101 ], [ -109.149671406, 40.102832131000099 ], [ -109.091281956, 40.1450074790001 ], [ -109.0589926, 40.1682567 ], [ -109.048422693, 40.179172567000101 ], [ -109.0381769, 40.184384400000098 ], [ -108.9944824, 40.206819 ], [ -108.984295033, 40.212000707000101 ], [ -108.9523102, 40.2230398 ], [ -108.938040791, 40.227933276 ], [ -108.923999325, 40.228811991 ], [ -108.898732811, 40.2296700200001 ], [ -108.852898323, 40.231199972000098 ], [ -108.827929698, 40.232047633 ], [ -108.780808867, 40.239769130000099 ], [ -108.751561455, 40.236709579 ], [ -108.711278559, 40.230290275000101 ], [ -108.669844725, 40.234890321000101 ], [ -108.629060833, 40.239355685000099 ], [ -108.589224773, 40.243707065000102 ], [ -108.564445715, 40.261089121000097 ], [ -108.54724932, 40.273177454000098 ], [ -108.523892011, 40.289539755000099 ], [ -108.48948568, 40.313642141000102 ], [ -108.458667573, 40.335207206000099 ], [ -108.432751116, 40.353329332 ], [ -108.416353608, 40.3610988880001 ], [ -108.380525527, 40.369610322 ], [ -108.361514709, 40.374035844 ], [ -108.328218696, 40.393374745000102 ], [ -108.321191193, 40.397468723 ], [ -108.308178802, 40.405893079000101 ], [ -108.295369519, 40.414223595000102 ], [ -108.246553321, 40.445799866000101 ], [ -108.206652367, 40.471591584000102 ], [ -108.162193946, 40.478680262000097 ], [ -108.121184928, 40.485207613 ], [ -108.076271192, 40.486010893000099 ], [ -108.043273069, 40.4865773020001 ], [ -108.019496007, 40.490058042000101 ], [ -107.991656802, 40.484713282 ], [ -107.92689274, 40.484775073 ], [ -107.863726453, 40.484857462 ], [ -107.791460971, 40.484847164 ], [ -107.713021053, 40.484790803000102 ], [ -107.709162001, 40.484795671 ], [ -107.706223719, 40.485187015000101 ], [ -107.661987007, 40.485094329 ], [ -107.637614164, 40.485084031 ], [ -107.617086812, 40.480624613 ], [ -107.614148531, 40.479460791000101 ], [ -107.601948879, 40.479949358 ], [ -107.598292642, 40.479975759000098 ], [ -107.594125124, 40.480248943 ], [ -107.593586486, 40.4802842510001 ] ] ] } },
{ "type": "Feature", "properties": { "objectid": "68445", "id": "200145", "type": "AC; OVERHEAD", "status": "NOT AVAILABLE", "naics_code": "221121", "naics_desc": "ELECTRIC BULK POWER TRANSMISSION AND CONTROL", "source": "http://www.oasis.oati.com/PPW/PPWdocs/Transmission_Network_Diagram.pdf", "sourcedate": "2014-06-22T20:00:00-06:00", "val_method": "IMAGERY/OTHER", "val_date": "2014-06-22T20:00:00-06:00", "owner": "PACIFICORP", "voltage": 345.0, "volt_class": "345", "inferred": "N", "sub_1": "POPULUS", "sub_2": "BEN LOMOND", "shape_lengt": 178132.04805602599, "globalid": "227c61f5-d73f-4f01-9e15-a7961397bc0c", "NERC": "WECC", "NERC_Label": "Western Electricity Coordinating Council (WECC)" }, "geometry": { "type": "MultiLineString", "coordinates": [ [ [ -112.155141723, 42.424741948000097 ], [ -112.153768574, 42.423567295 ], [ -112.151737186, 42.423564749 ], [ -112.151740663, 42.421554631 ], [ -112.151744229, 42.419480777 ], [ -112.151754925, 42.417430350000103 ], [ -112.151744229, 42.415335141000099 ], [ -112.151744229, 42.413272284000101 ], [ -112.153581036, 42.411728382 ], [ -112.155049877, 42.410499127 ], [ -112.156643652, 42.409161795 ], [ -112.158754291, 42.407374365000102 ], [ -112.160754237, 42.405689697000099 ], [ -112.163417522, 42.403459860000098 ], [ -112.165232292, 42.401919703 ], [ -112.166708019, 42.400674666 ], [ -112.168512091, 42.399179200000098 ], [ -112.170259233, 42.397694133000101 ], [ -112.172362582, 42.395919675000101 ], [ -112.174515924, 42.394108238000101 ], [ -112.176548206, 42.392399307000098 ], [ -112.178573291, 42.390677217000103 ], [ -112.180476971, 42.389068469000101 ], [ -112.182523413, 42.387348952 ], [ -112.184377262, 42.385779549000098 ], [ -112.186587608, 42.383930983 ], [ -112.188594921, 42.382242853 ], [ -112.190463128, 42.380665339000103 ], [ -112.192356182, 42.379066811 ], [ -112.194238613, 42.377486614000098 ], [ -112.196121094, 42.375895802000102 ], [ -112.197900122, 42.374394551000101 ], [ -112.199689789, 42.3728827750001 ], [ -112.201707761, 42.371189112 ], [ -112.20374342, 42.369458642 ], [ -112.205729194, 42.367801856 ], [ -112.207885507, 42.365975398 ], [ -112.208212735, 42.364216529 ], [ -112.208818838, 42.360923537000097 ], [ -112.209186037, 42.358884585000098 ], [ -112.209560363, 42.356903542000097 ], [ -112.209963254, 42.354735142 ], [ -112.210319795, 42.352772195 ], [ -112.210669773, 42.350824462 ], [ -112.210676917, 42.348997778000097 ], [ -112.210673352, 42.346518204000098 ], [ -112.210669786, 42.344465547 ], [ -112.210669786, 42.342328346 ], [ -112.210651961, 42.340228152000101 ], [ -112.210659091, 42.338048926000099 ], [ -112.210659091, 42.33594851 ], [ -112.210662657, 42.334398659 ], [ -112.21065196, 42.333410317000101 ], [ -112.210655526, 42.3294597350001 ], [ -112.210655526, 42.328262989 ], [ -112.210641266, 42.325890867000098 ], [ -112.21065196, 42.323758544 ], [ -112.21065196, 42.319938865 ], [ -112.21065196, 42.318926489 ], [ -112.210641238, 42.317073916 ], [ -112.210106351, 42.3149196580001 ], [ -112.210045862, 42.312846281000098 ], [ -112.209993205, 42.311031725000099 ], [ -112.210989536, 42.31055588 ], [ -112.212614202, 42.309674272 ], [ -112.212466589, 42.306910527000099 ], [ -112.212373588, 42.3052465580001 ], [ -112.211468294, 42.302687012 ], [ -112.211443429, 42.301021424000098 ], [ -112.211379255, 42.297482614 ], [ -112.211364994, 42.296556959 ], [ -112.211329342, 42.294837529000098 ], [ -112.211304335, 42.293384175 ], [ -112.210993664, 42.291624948 ], [ -112.210683503, 42.2897973500001 ], [ -112.210366201, 42.28796436 ], [ -112.210054177, 42.286125591 ], [ -112.211548313, 42.282114609000097 ], [ -112.212051666, 42.280498211000101 ], [ -112.212490087, 42.278747117000101 ], [ -112.213477214, 42.275791346000098 ], [ -112.213997201, 42.274189091 ], [ -112.214802177, 42.2723204750001 ], [ -112.215525887, 42.270640047 ], [ -112.216260334, 42.268948926 ], [ -112.217108874, 42.266967533000098 ], [ -112.217850372, 42.265247474 ], [ -112.218595527, 42.263542988 ], [ -112.219330505, 42.261821407000099 ], [ -112.220065342, 42.259775381000097 ], [ -112.220874618, 42.257522033 ], [ -112.221626876, 42.255450609 ], [ -112.222354192, 42.253423938 ], [ -112.223117141, 42.251307527000101 ], [ -112.223876524, 42.249193688 ], [ -112.224650196, 42.247050671000103 ], [ -112.225410239, 42.244911604 ], [ -112.224773228, 42.242743420000103 ], [ -112.225841277, 42.2408976 ], [ -112.22691444, 42.239047283 ], [ -112.227984084, 42.237183633 ], [ -112.229128491, 42.235174935 ], [ -112.230180196, 42.233350961 ], [ -112.231196264, 42.2315770700001 ], [ -112.23229073, 42.229684394000103 ], [ -112.233378123, 42.227804762000098 ], [ -112.235602949, 42.223950066 ], [ -112.23629814, 42.222711882000098 ], [ -112.237780705, 42.220155377 ], [ -112.237508362, 42.217705876 ], [ -112.237248111, 42.215239788000098 ], [ -112.236984286, 42.212784097000103 ], [ -112.23672758, 42.21035197 ], [ -112.23646731, 42.208051795000102 ], [ -112.236199927, 42.205640782 ], [ -112.235953936, 42.203401346000099 ], [ -112.235690116, 42.200939965 ], [ -112.235426284, 42.198475723000101 ], [ -112.235205234, 42.196484165000101 ], [ -112.235037678, 42.194978707000097 ], [ -112.234813089, 42.192876342 ], [ -112.234594532, 42.190744720000097 ], [ -112.233672618, 42.189460984 ], [ -112.231670731, 42.186151286 ], [ -112.230758859, 42.184377635 ], [ -112.229653907, 42.182164315000101 ], [ -112.22878399, 42.1803545980001 ], [ -112.227796206, 42.178380592 ], [ -112.226772978, 42.176372594 ], [ -112.225742714, 42.174322444 ], [ -112.224765773, 42.172367043000101 ], [ -112.22383167, 42.17054381 ], [ -112.222787097, 42.168464308000097 ], [ -112.221471531, 42.165877297000101 ], [ -112.220359249, 42.163668214 ], [ -112.219268952, 42.161491144000102 ], [ -112.219251212, 42.1596263980001 ], [ -112.21923695, 42.1578159110001 ], [ -112.219204852, 42.155938802 ], [ -112.219101433, 42.153466897 ], [ -112.218983765, 42.151288686 ], [ -112.218848291, 42.148931018 ], [ -112.218723511, 42.146464861 ], [ -112.218609425, 42.144400371000103 ], [ -112.218509602, 42.142428386 ], [ -112.218388542, 42.1401288120001 ], [ -112.218619964, 42.137971884000102 ], [ -112.218816047, 42.1360869170001 ], [ -112.219008566, 42.134312931000103 ], [ -112.219205208, 42.132438400000098 ], [ -112.218829976, 42.130275805000103 ], [ -112.218487679, 42.128242293 ], [ -112.21814539, 42.126399152 ], [ -112.217817449, 42.124551162 ], [ -112.217493007, 42.122620762 ], [ -112.217065145, 42.120251174 ], [ -112.216665869, 42.118027305 ], [ -112.216302221, 42.115919583 ], [ -112.215945677, 42.113928010000102 ], [ -112.215564211, 42.11180962 ], [ -112.215182742, 42.109640887000097 ], [ -112.21480126, 42.107498457000098 ], [ -112.214451864, 42.105533179000098 ], [ -112.214081103, 42.103470103000099 ], [ -112.213707576, 42.101300511 ], [ -112.213885479, 42.098921868 ], [ -112.214047092, 42.096921207 ], [ -112.214225355, 42.0947320450001 ], [ -112.214397683, 42.092538313 ], [ -112.214555142, 42.09043066 ], [ -112.214703687, 42.088594155000102 ], [ -112.214896802, 42.086133536 ], [ -112.215051297, 42.084210803000097 ], [ -112.215205789, 42.082186614000101 ], [ -112.215381074, 42.0799948310001 ], [ -112.215532604, 42.078078443 ], [ -112.215687093, 42.0759725200001 ], [ -112.21585049, 42.073972422000097 ], [ -112.21601093, 42.071916965000099 ], [ -112.216192162, 42.0695880170001 ], [ -112.216403099, 42.066848836000098 ], [ -112.216545701, 42.065093247 ], [ -112.216706146, 42.063094784 ], [ -112.216857666, 42.061041263 ], [ -112.217024035, 42.058983347 ], [ -112.217188088, 42.056899376 ], [ -112.216484038, 42.054950132 ], [ -112.215759105, 42.052966904000101 ], [ -112.215037202, 42.050977160000102 ], [ -112.214309278, 42.0489408030001 ], [ -112.213623794, 42.047076565000097 ], [ -112.213127522, 42.0449183200001 ], [ -112.212374759, 42.043020285000097 ], [ -112.211649831, 42.041166879000102 ], [ -112.210910607, 42.039306491 ], [ -112.208525201, 42.037669444000102 ], [ -112.207752121, 42.035640095000097 ], [ -112.207009373, 42.033636430000101 ], [ -112.206263628, 42.031678982000102 ], [ -112.205506068, 42.029655449000103 ], [ -112.204697946, 42.027494876 ], [ -112.203877927, 42.025314333 ], [ -112.203072794, 42.023182353 ], [ -112.202252802, 42.020995110000101 ], [ -112.20145361, 42.018876223000099 ], [ -112.200609867, 42.016620452 ], [ -112.199757191, 42.014340263000101 ], [ -112.199020364, 42.012371196000103 ], [ -112.19823898, 42.010298333 ], [ -112.197335803, 42.007896522000102 ], [ -112.196625727, 42.006006762 ], [ -112.195781963, 42.003770348 ], [ -112.194890686, 42.001399237 ], [ -112.19411227, 41.999317177000101 ], [ -112.193414107, 41.997471398000101 ], [ -112.192368291, 41.994649483000103 ], [ -112.19163143, 41.992721673000098 ], [ -112.190743162, 41.990376747 ], [ -112.189835253, 41.987942961 ], [ -112.188813236, 41.986430288000101 ], [ -112.187660432, 41.984712081 ], [ -112.186688893, 41.983287606 ], [ -112.185351995, 41.981302244000098 ], [ -112.184288385, 41.979729762 ], [ -112.182936631, 41.977719992000097 ], [ -112.181736328, 41.975930927 ], [ -112.180446899, 41.974020336000102 ], [ -112.179225767, 41.972204613 ], [ -112.178108706, 41.970563469 ], [ -112.176730229, 41.968502627000099 ], [ -112.17569036, 41.966958508000097 ], [ -112.174356317, 41.964970255 ], [ -112.173242168, 41.963333257 ], [ -112.172463842, 41.96217797 ], [ -112.171112036, 41.960167570000102 ], [ -112.169757253, 41.9581570980001 ], [ -112.168684689, 41.956564097000097 ], [ -112.167356682, 41.954604384000099 ], [ -112.166040579, 41.95264022 ], [ -112.164867896, 41.950895952000103 ], [ -112.164785093, 41.948492022 ], [ -112.164684072, 41.946116423 ], [ -112.164583059, 41.943767438000101 ], [ -112.16448799, 41.941469231 ], [ -112.16439886, 41.939237172 ], [ -112.164303792, 41.936969779 ], [ -112.164232485, 41.934927572 ], [ -112.164128498, 41.932655465 ], [ -112.164054227, 41.930664118 ], [ -112.163962128, 41.928425098 ], [ -112.163887846, 41.926322818000102 ], [ -112.163763072, 41.923884801 ], [ -112.163715541, 41.922182889 ], [ -112.163623429, 41.919881325000098 ], [ -112.163510529, 41.917334579 ], [ -112.163421399, 41.915154755000103 ], [ -112.163330228, 41.913073440000097 ], [ -112.165146755, 41.911645082000099 ], [ -112.166852224, 41.910291877000098 ], [ -112.16853081, 41.908958657 ], [ -112.170186516, 41.907647901000097 ], [ -112.169477783, 41.905209493 ], [ -112.168865772, 41.903051411 ], [ -112.16817944, 41.900665328000102 ], [ -112.167549624, 41.898491679000102 ], [ -112.166931679, 41.896291381 ], [ -112.166323037, 41.894157140000097 ], [ -112.164976733, 41.892566107 ], [ -112.163625183, 41.890943072 ], [ -112.162395778, 41.889444076000103 ], [ -112.162334023, 41.888110838 ], [ -112.162283517, 41.886405579 ], [ -112.162176553, 41.884016614000103 ], [ -112.162093367, 41.881822399 ], [ -112.161995888, 41.879570317000102 ], [ -112.163298078, 41.877668574 ], [ -112.164587555, 41.875788149000101 ], [ -112.165900766, 41.873850201 ], [ -112.167196078, 41.871952122 ], [ -112.168517435, 41.870015043000102 ], [ -112.170798215, 41.868650514000102 ], [ -112.170813271, 41.866840813000103 ], [ -112.17084298, 41.863827402 ], [ -112.17086675, 41.861915631 ], [ -112.170881574, 41.859751678000102 ], [ -112.171379547, 41.8577692040001 ], [ -112.171902464, 41.855720024 ], [ -112.172413478, 41.8536465110001 ], [ -112.172933415, 41.851603873 ], [ -112.173432554, 41.849554534 ], [ -112.173948813, 41.8475057200001 ], [ -112.174836136, 41.845283969 ], [ -112.17572403, 41.843054072 ], [ -112.176707635, 41.840939877 ], [ -112.177290516, 41.839371255000103 ], [ -112.177967936, 41.837560545 ], [ -112.178690554, 41.8355886740001 ], [ -112.179231768, 41.833579101000097 ], [ -112.179727958, 41.831692920000101 ], [ -112.180230097, 41.829778394000101 ], [ -112.182482336, 41.828787213 ], [ -112.18478666, 41.827773610000101 ], [ -112.184726437, 41.825536535 ], [ -112.184669984, 41.8234154 ], [ -112.184598682, 41.821400713000102 ], [ -112.184551151, 41.819270936000102 ], [ -112.184497663, 41.817158215000099 ], [ -112.184414479, 41.8152297 ], [ -112.18436992, 41.813046740000097 ], [ -112.184316442, 41.810849991000097 ], [ -112.184268901, 41.808878962000101 ], [ -112.184197597, 41.806677663000102 ], [ -112.184150066, 41.804897326000102 ], [ -112.184111442, 41.803101189000103 ], [ -112.184057958, 41.801249466000101 ], [ -112.183986657, 41.7990480220001 ], [ -112.183936152, 41.797050293 ], [ -112.183876729, 41.794910541 ], [ -112.183811364, 41.792823912000102 ], [ -112.18374601, 41.790784059 ], [ -112.183713331, 41.789014225000102 ], [ -112.18363608, 41.786262749000102 ], [ -112.18359151, 41.784587786 ], [ -112.183526149, 41.7828664560001 ], [ -112.183481592, 41.781152035 ], [ -112.183454852, 41.779889106 ], [ -112.183386515, 41.777719988000101 ], [ -112.183330065, 41.775608461 ], [ -112.183264931, 41.773691978 ], [ -112.183919362, 41.771713193 ], [ -112.184638395, 41.769483918 ], [ -112.185223702, 41.767664606 ], [ -112.185791155, 41.765885217000097 ], [ -112.186478756, 41.763756361 ], [ -112.187800833, 41.761666872 ], [ -112.189039754, 41.759703325 ], [ -112.190421322, 41.757513598 ], [ -112.191627381, 41.755583459 ], [ -112.192943639, 41.753557527 ], [ -112.1942065, 41.751498143 ], [ -112.195492771, 41.7494503510001 ], [ -112.196786022, 41.747404751 ], [ -112.196732234, 41.745324595000099 ], [ -112.196675785, 41.743309591000099 ], [ -112.196622308, 41.741225834 ], [ -112.196568828, 41.739179603 ], [ -112.196509406, 41.73710671 ], [ -112.19644999, 41.735044993 ], [ -112.196402454, 41.732987556000097 ], [ -112.196346004, 41.730958786 ], [ -112.196289519, 41.728859944000099 ], [ -112.19609031, 41.726836225000099 ], [ -112.195915091, 41.725215976000101 ], [ -112.195787518, 41.723240811 ], [ -112.195870666, 41.721035417 ], [ -112.195843915, 41.718694734000103 ], [ -112.195790433, 41.716275063000097 ], [ -112.195736957, 41.713882211 ], [ -112.195695227, 41.711494819000102 ], [ -112.194735705, 41.709290476 ], [ -112.194726824, 41.70707378 ], [ -112.194708997, 41.70504414 ], [ -112.194694032, 41.70361846 ], [ -112.193473222, 41.7015347890001 ], [ -112.192255073, 41.699471757 ], [ -112.190338455, 41.697564689 ], [ -112.187493024, 41.697549008000102 ], [ -112.184637809, 41.697524606000101 ], [ -112.181634081, 41.69750464 ], [ -112.178975052, 41.697484831000097 ], [ -112.176665908, 41.696308954000102 ], [ -112.17393556, 41.6949202280001 ], [ -112.171262873, 41.693559416 ], [ -112.169169556, 41.692631315 ], [ -112.167066044, 41.691690638000097 ], [ -112.16494187, 41.690752225 ], [ -112.16275058, 41.689765537 ], [ -112.160232149, 41.688536890000101 ], [ -112.157632559, 41.687274478000099 ], [ -112.155368333, 41.686167179000101 ], [ -112.153109906, 41.685097516 ], [ -112.150857888, 41.684034713000102 ], [ -112.14851974, 41.682927531000097 ], [ -112.146357327, 41.681904857000099 ], [ -112.144165239, 41.680828938 ], [ -112.14214786, 41.679837037 ], [ -112.14026119, 41.678916122 ], [ -112.137758147, 41.6776934170001 ], [ -112.135460014, 41.676142825000099 ], [ -112.133707549, 41.674597282 ], [ -112.132501097, 41.6731248890001 ], [ -112.131288915, 41.6716468750001 ], [ -112.130050002, 41.670137766 ], [ -112.128939838, 41.668528894000097 ], [ -112.126181893, 41.667492477 ], [ -112.124562697, 41.665503877 ], [ -112.12302966, 41.663621753 ], [ -112.121505604, 41.661750757 ], [ -112.120031993, 41.659926242 ], [ -112.118638501, 41.658214759 ], [ -112.117105457, 41.656339073 ], [ -112.115504105, 41.654374570000101 ], [ -112.113783891, 41.652265685 ], [ -112.111478534, 41.6494398520001 ], [ -112.11040004, 41.648094488 ], [ -112.108866786, 41.646220470000102 ], [ -112.107342667, 41.644371093000103 ], [ -112.105815707, 41.642504058 ], [ -112.104300432, 41.640634504 ], [ -112.102868324, 41.638898095000101 ], [ -112.101516902, 41.637248809 ], [ -112.100337285, 41.635747617 ], [ -112.099223026, 41.634410716 ], [ -112.097901211, 41.632756755 ], [ -112.096647293, 41.6311976960001 ], [ -112.095381631, 41.6296454330001 ], [ -112.094124996, 41.628086614 ], [ -112.092467207, 41.6260279910001 ], [ -112.090977547, 41.624173583000101 ], [ -112.089775697, 41.622270268000101 ], [ -112.088613979, 41.620448983000102 ], [ -112.087454966, 41.618631669000102 ], [ -112.086200872, 41.616772116 ], [ -112.084947118, 41.6149107950001 ], [ -112.083702292, 41.613062770000099 ], [ -112.08245744, 41.611207970000102 ], [ -112.08166299, 41.6090957420001 ], [ -112.080879173, 41.606868012000099 ], [ -112.078188639, 41.607564661 ], [ -112.075507611, 41.608261302000102 ], [ -112.072969192, 41.608922394 ], [ -112.073104685, 41.605387601000103 ], [ -112.073266735, 41.6018199580001 ], [ -112.073447483, 41.5982591100001 ], [ -112.073593952, 41.594681752 ], [ -112.073749769, 41.591120509000099 ], [ -112.073852608, 41.5889156100001 ], [ -112.073980379, 41.5861652070001 ], [ -112.074139313, 41.582503261 ], [ -112.074301363, 41.578855094000097 ], [ -112.074469646, 41.575099481 ], [ -112.074644162, 41.571896198 ], [ -112.074756349, 41.568979533000103 ], [ -112.074877888, 41.566097711000097 ], [ -112.075055519, 41.5624462850001 ], [ -112.07465351, 41.560629822000102 ], [ -112.074210989, 41.558517158 ], [ -112.073777816, 41.556614302000099 ], [ -112.073307247, 41.554410557 ], [ -112.072568673, 41.551045329 ], [ -112.071851913, 41.547689254 ], [ -112.071125804, 41.544379653000099 ], [ -112.07041216, 41.5410745470001 ], [ -112.069742145, 41.537979211 ], [ -112.069109526, 41.535123999000099 ], [ -112.068358486, 41.531615462 ], [ -112.067591865, 41.528088070000102 ], [ -112.066831475, 41.524597816 ], [ -112.066840825, 41.522805955000102 ], [ -112.066843941, 41.521042043000101 ], [ -112.066840825, 41.519252416 ], [ -112.066900035, 41.51760041 ], [ -112.066865755, 41.51585269 ], [ -112.066881337, 41.514606623000098 ], [ -112.066881337, 41.512800484 ], [ -112.066884453, 41.5110433 ], [ -112.066871988, 41.509220725 ], [ -112.066865964, 41.507455165000103 ], [ -112.066892703, 41.505664104000097 ], [ -112.066901616, 41.504324670000102 ], [ -112.066860022, 41.502495698000097 ], [ -112.066862993, 41.5007312010001 ], [ -112.066865964, 41.498919928000099 ], [ -112.06688379, 41.497170912000101 ], [ -112.06688379, 41.49536399 ], [ -112.066871906, 41.4935993 ], [ -112.066865964, 41.491787827000103 ], [ -112.066868936, 41.489889511000101 ], [ -112.066871906, 41.488222596000099 ], [ -112.066889732, 41.486600149 ], [ -112.066886762, 41.484775128000102 ], [ -112.066901616, 41.482885508 ], [ -112.066910529, 41.481285186 ], [ -112.064982352, 41.480114411 ], [ -112.063000697, 41.478923582 ], [ -112.061033898, 41.4777305060001 ], [ -112.059090866, 41.4765574400001 ], [ -112.057103269, 41.47536432 ], [ -112.055145383, 41.474168952000099 ], [ -112.055359294, 41.471635678 ], [ -112.055564293, 41.469113436 ], [ -112.05576335, 41.466593322000101 ], [ -112.055965378, 41.464235635000101 ], [ -112.056188202, 41.461546121 ], [ -112.056413998, 41.458803057000097 ], [ -112.056630881, 41.456246916 ], [ -112.056844792, 41.453572657 ], [ -112.057073559, 41.45083371 ], [ -112.05729579, 41.448234052 ], [ -112.057502571, 41.445565254 ], [ -112.057721236, 41.443078076000099 ], [ -112.05850558, 41.441351605000101 ], [ -112.058555493, 41.439635780000103 ], [ -112.058591144, 41.437996527000102 ], [ -112.058636304, 41.436351887 ], [ -112.05868384, 41.434703641000098 ], [ -112.058731376, 41.433057136000102 ], [ -112.058774158, 41.431275157000101 ], [ -112.05882407, 41.429375513 ], [ -112.05783057, 41.427723527000097 ], [ -112.056775272, 41.425975262000101 ], [ -112.055719973, 41.424225167 ], [ -112.054669429, 41.422473244 ], [ -112.053832796, 41.421079513 ], [ -112.052958135, 41.419484350000097 ], [ -112.05208585, 41.417887365000098 ], [ -112.051845794, 41.415894644 ], [ -112.051615245, 41.413882253 ], [ -112.051375188, 41.411884062000098 ], [ -112.051142262, 41.40983233 ], [ -112.050930727, 41.408135280000103 ], [ -112.050048935, 41.406108389 ], [ -112.04929549, 41.4043755860001 ], [ -112.048544422, 41.402657 ], [ -112.047786224, 41.400927672000101 ], [ -112.047011389, 41.399153725000097 ], [ -112.046265074, 41.3974581800001 ], [ -112.045483107, 41.395657394000096 ], [ -112.04480572, 41.394107965 ], [ -112.04400474, 41.392280340000099 ], [ -112.043246541, 41.390557868 ], [ -112.042523995, 41.388871014000102 ], [ -112.042633328, 41.3869754790001 ], [ -112.04274266, 41.385028175000102 ], [ -112.042868631, 41.382777645 ], [ -112.043006484, 41.380318381000102 ], [ -112.044137841, 41.378747185000101 ], [ -112.046968606, 41.377257992000096 ], [ -112.049606851, 41.375872208 ], [ -112.049680531, 41.373501862000097 ], [ -112.049735198, 41.370858530000099 ], [ -112.049796994, 41.368034933 ], [ -112.049858791, 41.3653771090001 ], [ -112.049920588, 41.362653171 ], [ -112.050018036, 41.35974894 ], [ -112.050053689, 41.356955189000097 ], [ -112.050115486, 41.354145263000099 ], [ -112.046562174, 41.354089955000099 ], [ -112.043063528, 41.354038215000102 ], [ -112.04315147, 41.351945406 ], [ -112.043241787, 41.349265513 ], [ -112.043348744, 41.346373175000103 ], [ -112.043467583, 41.343450373 ], [ -112.043546018, 41.340998909000099 ], [ -112.045224037, 41.341032814000101 ], [ -112.046317364, 41.341229107000103 ], [ -112.047247788, 41.340060929000103 ] ] ] } },
{ "type": "Feature", "properties": { "objectid": "86353", "id": "306086", "type": "AC; OVERHEAD", "status": "IN SERVICE", "naics_code": "221121", "naics_desc": "ELECTRIC BULK POWER TRANSMISSION AND CONTROL", "source": "Western Electricity Coordinating Council https://www.wecc.biz/Reliability/YEAR%202014%20OC%20MAP-1.pdf", "sourcedate": "2016-12-31T18:00:00-07:00", "val_method": "IMAGERY/OTHER", "val_date": "2016-12-31T18:00:00-07:00", "owner": "NOT AVAILABLE", "voltage": 345.0, "volt_class": "345", "inferred": "N", "sub_1": "NOT AVAILABLE", "sub_2": "SPRINGERVILLE", "shape_lengt": 387130.92755288508, "globalid": "faef8f4f-4082-48d9-9f4a-ad1d7a287710", "NERC": "WECC", "NERC_Label": "Western Electricity Coordinating Council (WECC)" }, "geometry": { "type": "MultiLineString", "coordinates": [ [ [ -107.492535694, 32.538068416 ], [ -107.491747001, 32.537959999000101 ], [ -107.491750888, 32.5400675160001 ], [ -107.491841001, 32.58893 ], [ -107.487359001, 32.68683 ], [ -107.489675001, 32.774432999000098 ], [ -107.464222, 32.816155 ], [ -107.465287, 32.831253000000103 ], [ -107.458258001, 32.879485 ], [ -107.445365155, 32.896320077 ], [ -107.432542, 32.90943 ], [ -107.407383001, 32.945916000000103 ], [ -107.407335, 32.981464999 ], [ -107.404782209, 32.990708923 ], [ -107.404903001, 33.014692 ], [ -107.403583, 33.102005999 ], [ -107.404011, 33.147851999000103 ], [ -107.401881001, 33.1536520000001 ], [ -107.40175, 33.214763999000098 ], [ -107.409008, 33.240815999000098 ], [ -107.394952, 33.295870999 ], [ -107.463133, 33.318036 ], [ -107.512674, 33.352828 ], [ -107.542277, 33.365582000000103 ], [ -107.553245, 33.377296000000101 ], [ -107.564305, 33.383645999000102 ], [ -107.579712, 33.403145 ], [ -107.58179, 33.407299999 ], [ -107.597852001, 33.404546 ], [ -107.613492001, 33.4209040000001 ], [ -107.620947, 33.443274 ], [ -107.628005001, 33.454858000000101 ], [ -107.636121, 33.485334000000101 ], [ -107.649180001, 33.509253000000101 ], [ -107.726135001, 33.516274000000102 ], [ -107.760152, 33.524887 ], [ -107.786548, 33.545898999 ], [ -107.808061001, 33.566861999 ], [ -107.847603, 33.5706 ], [ -107.873753, 33.593578 ], [ -107.879944001, 33.605141000000103 ], [ -107.968076, 33.592367 ], [ -108.004504, 33.597323000000102 ], [ -108.010859001, 33.597021 ], [ -108.022575, 33.594798 ], [ -108.056825001, 33.59696 ], [ -108.068377, 33.593593 ], [ -108.086787, 33.599562 ], [ -108.142191, 33.595411 ], [ -108.184632, 33.595818000000101 ], [ -108.237033, 33.595257999000097 ], [ -108.259741001, 33.609670999000102 ], [ -108.314667, 33.685879 ], [ -108.319304, 33.702534 ], [ -108.330582, 33.742346 ], [ -108.35421, 33.761269 ], [ -108.359777, 33.8083770000001 ], [ -108.367158, 33.815240000000102 ], [ -108.361358994, 33.827512956000099 ], [ -108.364383001, 33.846202 ], [ -108.375078, 33.856506 ], [ -108.381333001, 33.893675 ], [ -108.380667001, 33.898523 ], [ -108.376643, 33.901463 ], [ -108.374847864, 33.904865124 ], [ -108.377981, 33.923421 ], [ -108.383321001, 33.929903 ], [ -108.421225, 33.939161 ], [ -108.464511, 33.947127999 ], [ -108.481107, 33.943591 ], [ -108.538594001, 33.943366 ], [ -108.580893001, 33.978239 ], [ -108.599731001, 33.999811000000101 ], [ -108.745146, 33.998851000000101 ], [ -108.761468, 34.052942999 ], [ -108.805479, 34.08188 ], [ -108.885615, 34.142582 ], [ -108.939746, 34.162246999 ], [ -108.94027, 34.197603999000101 ], [ -108.940555, 34.210971 ], [ -108.940613, 34.241953999 ], [ -108.940560001, 34.256652 ], [ -108.952245, 34.266550000000102 ], [ -108.958766, 34.299634 ], [ -108.959159874, 34.299638835000103 ], [ -108.987413623, 34.299985649000099 ], [ -109.007258328, 34.299842882 ], [ -109.042426761, 34.300080827 ], [ -109.075691626, 34.300509130000101 ], [ -109.093870708, 34.315166611 ], [ -109.145219478, 34.315594913 ], [ -109.15823037, 34.312054276 ], [ -109.161185647, 34.312393114 ] ] ] } },
{ "type": "Feature", "properties": { "objectid": "68449", "id": "200149", "type": "AC; OVERHEAD", "status": "NOT AVAILABLE", "naics_code": "221121", "naics_desc": "ELECTRIC BULK POWER TRANSMISSION AND CONTROL", "source": "http://www.oasis.oati.com/PPW/PPWdocs/Transmission_Network_Diagram.pdf", "sourcedate": "2014-06-22T20:00:00-06:00", "val_method": "IMAGERY/OTHER", "val_date": "2014-06-22T20:00:00-06:00", "owner": "PACIFICORP", "voltage": 345.0, "volt_class": "345", "inferred": "N", "sub_1": "BEN LOMOND", "sub_2": "TERMINAL", "shape_lengt": 100037.62958746099, "globalid": "257f2939-f3c0-47fe-83ab-b343347e6283", "NERC": "WECC", "NERC_Label": "Western Electricity Coordinating Council (WECC)" }, "geometry": { "type": "MultiLineString", "coordinates": [ [ [ -112.047247788, 41.340060929000103 ], [ -112.047817474, 41.341258286 ], [ -112.047972821, 41.341240142000103 ], [ -112.049101128, 41.340849091 ], [ -112.052049665, 41.34051828 ], [ -112.055046602, 41.340530781 ], [ -112.05831707, 41.3405486260001 ], [ -112.061934527, 41.340562901000098 ], [ -112.06470207, 41.340545253000101 ], [ -112.063466377, 41.338016846000102 ], [ -112.063055216, 41.336628525 ], [ -112.062449153, 41.334658367 ], [ -112.061679046, 41.3321383030001 ], [ -112.060963628, 41.329721739 ], [ -112.060198326, 41.327210582000099 ], [ -112.059482906, 41.324890211 ], [ -112.058705683, 41.322321626000097 ], [ -112.057949862, 41.319833306000099 ], [ -112.057194047, 41.317341334 ], [ -112.056665722, 41.3156164580001 ], [ -112.056637175, 41.313104153 ], [ -112.056613407, 41.310545863000101 ], [ -112.056584885, 41.308371271 ], [ -112.056575377, 41.305843103 ], [ -112.056553986, 41.303522002000101 ], [ -112.056542102, 41.301434701000098 ], [ -112.056525465, 41.29931164 ], [ -112.056511204, 41.297234921 ], [ -112.056496941, 41.295138104 ], [ -112.056580143, 41.293237742 ], [ -112.056637185, 41.291498371 ], [ -112.056715537, 41.289657303000098 ], [ -112.056174058, 41.287139374000098 ], [ -112.055622643, 41.2845961290001 ], [ -112.05509737, 41.282161732000098 ], [ -112.054567348, 41.279714758000097 ], [ -112.054038896, 41.277288997 ], [ -112.054657801, 41.274893570000103 ], [ -112.055337559, 41.272196241000103 ], [ -112.055760627, 41.270538482000099 ], [ -112.056240728, 41.268625256000099 ], [ -112.056727502, 41.266670936 ], [ -112.056739376, 41.264244953000102 ], [ -112.056741753, 41.261779455000102 ], [ -112.05674413, 41.259313825 ], [ -112.056748884, 41.256848096 ], [ -112.056756014, 41.2543769420001 ], [ -112.056756014, 41.251982532 ], [ -112.056758391, 41.249834594000099 ], [ -112.056767898, 41.247250571 ], [ -112.056772651, 41.244777275000096 ], [ -112.056774434, 41.242330678 ], [ -112.056776811, 41.240180663 ], [ -112.056779188, 41.237542624000099 ], [ -112.056788694, 41.234892003 ], [ -112.056786318, 41.232706010000101 ], [ -112.056791071, 41.230167774 ], [ -112.056793448, 41.227802845 ], [ -112.056800579, 41.225080302 ], [ -112.056805332, 41.222334417000098 ], [ -112.056810088, 41.2196161480001 ], [ -112.057074001, 41.217260774000103 ], [ -112.057356837, 41.214523529000097 ], [ -112.057608784, 41.212183008000103 ], [ -112.057910634, 41.209475940000097 ], [ -112.058193391, 41.206762367000103 ], [ -112.058217151, 41.2046369810001 ], [ -112.058236164, 41.201970775000099 ], [ -112.058240918, 41.199835547000099 ], [ -112.058252802, 41.197453417000098 ], [ -112.058262309, 41.195101612 ], [ -112.05827657, 41.192701432 ], [ -112.058288454, 41.190240359 ], [ -112.058302715, 41.187800663000097 ], [ -112.058312222, 41.185555866000101 ], [ -112.058319353, 41.183114180000103 ], [ -112.058333614, 41.1810015410001 ], [ -112.058352627, 41.178362949000103 ], [ -112.058362135, 41.175700987 ], [ -112.058374019, 41.173264359 ], [ -112.058371642, 41.171095947 ], [ -112.058393034, 41.168438939 ], [ -112.058421555, 41.1660020630001 ], [ -112.058423931, 41.161190533000102 ], [ -112.058450077, 41.159281222000097 ], [ -112.058450077, 41.157103484000103 ], [ -112.058464337, 41.154834325 ], [ -112.058471467, 41.152174972000097 ], [ -112.058485728, 41.149746329 ], [ -112.05850712, 41.147399553000099 ], [ -112.05854277, 41.144906462 ], [ -112.058530887, 41.142586899 ], [ -112.058530887, 41.140050466 ], [ -112.058545148, 41.137651804 ], [ -112.058561786, 41.1351224410001 ], [ -112.058571292, 41.132916981 ], [ -112.05858793, 41.130740096000103 ], [ -112.058597426, 41.128732111 ], [ -112.057839963, 41.126285332000101 ], [ -112.057117426, 41.123938171000098 ], [ -112.056371115, 41.121558678 ], [ -112.055710363, 41.119422594000099 ], [ -112.055066254, 41.117361664 ], [ -112.054331809, 41.114999783 ], [ -112.053568862, 41.112508944000098 ], [ -112.052796416, 41.110039524000101 ], [ -112.052019195, 41.107544877000102 ], [ -112.051211836, 41.10493618 ], [ -112.049925123, 41.103014946 ], [ -112.04860599, 41.101051982000101 ], [ -112.047070577, 41.098750453 ], [ -112.045547705, 41.096482106000103 ], [ -112.045077732, 41.094675437 ], [ -112.043332443, 41.093099213000102 ], [ -112.041081103, 41.090796884 ], [ -112.039053684, 41.088715328 ], [ -112.037154641, 41.086768093 ], [ -112.035065434, 41.084632673 ], [ -112.033040397, 41.082554510000101 ], [ -112.031060518, 41.080528237000102 ], [ -112.029232764, 41.078648826000098 ], [ -112.027241002, 41.076611683000102 ], [ -112.025513065, 41.074832491 ], [ -112.023585511, 41.072857978000101 ], [ -112.021685806, 41.070915966 ], [ -112.020010129, 41.069199305 ], [ -112.018253631, 41.067387615 ], [ -112.016337957, 41.065402123000098 ], [ -112.014479352, 41.063497240000103 ], [ -112.012623068, 41.0615976220001 ], [ -112.010819057, 41.05974632 ], [ -112.008934257, 41.057807169 ], [ -112.006913984, 41.055733546000098 ], [ -112.005026819, 41.053794288000098 ], [ -112.003070721, 41.051792236 ], [ -112.001097977, 41.049768603000103 ], [ -111.999094329, 41.047716223000101 ], [ -111.997150105, 41.045717560000099 ], [ -111.995239167, 41.043758284 ], [ -111.993447069, 41.041919058000097 ], [ -111.991443423, 41.039868228 ], [ -111.989430263, 41.0377993990001 ], [ -111.98750505, 41.035821945000102 ], [ -111.985556089, 41.033815766 ], [ -111.983535822, 41.031746771 ], [ -111.981612971, 41.029772706000102 ], [ -111.979680636, 41.027782468 ], [ -111.977748308, 41.025799349000103 ], [ -111.975853991, 41.023852017 ], [ -111.973878878, 41.021820361 ], [ -111.971908512, 41.0197976010001 ], [ -111.969969036, 41.01780167 ], [ -111.968001538, 41.015826633000103 ], [ -111.966095136, 41.013815311 ], [ -111.96411525, 41.011847891000102 ], [ -111.962135377, 41.00987325 ], [ -111.960165017, 41.007914699 ], [ -111.958197031, 41.005954293000102 ], [ -111.956176762, 41.003947201000102 ], [ -111.954175485, 41.001957961000102 ], [ -111.95215281, 40.999941747 ], [ -111.9501658, 40.9979559820001 ], [ -111.948340445, 40.996133433000097 ], [ -111.946332051, 40.994138588000098 ], [ -111.944435354, 40.992244135000099 ], [ -111.942460238, 40.990276087 ], [ -111.940530217, 40.988349182 ], [ -111.938545604, 40.986341558 ], [ -111.936708408, 40.984513347000103 ], [ -111.934883005, 40.982697555000101 ], [ -111.932753407, 40.98056595 ], [ -111.930775917, 40.978604733 ], [ -111.928796019, 40.976625483000099 ], [ -111.926737729, 40.974570848 ], [ -111.925045439, 40.972885796000099 ], [ -111.922927708, 40.970766418 ], [ -111.920976368, 40.968821068000103 ], [ -111.919115357, 40.966963611 ], [ -111.917076063, 40.964940961 ], [ -111.915314824, 40.963182056 ], [ -111.913304063, 40.961171866 ], [ -111.911771042, 40.959644446 ], [ -111.910233144, 40.958152600000098 ], [ -111.909091256, 40.9560050790001 ], [ -111.907886215, 40.953820532000101 ], [ -111.906695429, 40.951655650000099 ], [ -111.905499937, 40.9494764230001 ], [ -111.904330066, 40.947390746 ], [ -111.902963311, 40.94488439 ], [ -111.90167742, 40.942469598000102 ], [ -111.900850158, 40.940915464 ], [ -111.901131275, 40.938622745 ], [ -111.901494967, 40.936317061000103 ], [ -111.901860992, 40.93399183 ], [ -111.902229397, 40.931630586 ], [ -111.902600177, 40.929285422000099 ], [ -111.902961448, 40.926972519000103 ], [ -111.903332228, 40.924593069 ], [ -111.903694132, 40.922279539 ], [ -111.905374721, 40.91994844 ], [ -111.906597972, 40.917757882 ], [ -111.908017688, 40.915860735000102 ], [ -111.909550724, 40.913721567 ], [ -111.910548989, 40.9123295300001 ], [ -111.91154013, 40.910951828000101 ], [ -111.913123033, 40.908756879000101 ], [ -111.914765548, 40.906437641 ], [ -111.916331736, 40.904377371000102 ], [ -111.917824272, 40.902178689 ], [ -111.919343174, 40.900110766000097 ], [ -111.92091178, 40.8979047300001 ], [ -111.922449613, 40.895749831 ], [ -111.924014761, 40.893583027 ], [ -111.925558471, 40.891440472 ], [ -111.926952492, 40.889497226 ], [ -111.928531796, 40.887327665 ], [ -111.929929311, 40.885325101 ], [ -111.931590778, 40.883006927000103 ], [ -111.934678218, 40.878718344000099 ], [ -111.936122112, 40.876688516000101 ], [ -111.937241603, 40.875127652000103 ], [ -111.938614101, 40.873211067 ], [ -111.9399689, 40.871251114000103 ], [ -111.941498499, 40.869134592000101 ], [ -111.943038639, 40.867007429000097 ], [ -111.944564477, 40.86487756 ], [ -111.946076159, 40.862739387 ], [ -111.947619958, 40.860614587 ], [ -111.949271, 40.858335623000102 ], [ -111.950732973, 40.856555639000099 ], [ -111.952426401, 40.854390337 ], [ -111.95415203, 40.852262577 ], [ -111.955863289, 40.850124095000098 ], [ -111.95763521, 40.847915357 ], [ -111.959289473, 40.845860284 ], [ -111.960967944, 40.843754353000101 ], [ -111.962939853, 40.842297051000102 ], [ -111.965374953, 40.841294735000098 ], [ -111.967713743, 40.840323743 ], [ -111.970284238, 40.839261044000096 ], [ -111.972658621, 40.838272964000097 ], [ -111.975270704, 40.83718506 ], [ -111.977859035, 40.836104324000097 ], [ -111.980297711, 40.835088274 ], [ -111.983002578, 40.833976903000099 ], [ -111.985666727, 40.832858219 ], [ -111.986449622, 40.830670114 ], [ -111.987117486, 40.828821388 ], [ -111.987775852, 40.826965388000097 ], [ -111.988241718, 40.825666158 ], [ -111.990410394, 40.825427266000098 ], [ -111.9925496, 40.825179057000099 ], [ -111.994697278, 40.824940570000102 ], [ -111.996626879, 40.824717176 ], [ -111.998599094, 40.824511066000099 ], [ -112.000736603, 40.824257491 ], [ -112.002880096, 40.824011436 ], [ -112.005026377, 40.823768624 ], [ -112.007166903, 40.8235268970001 ], [ -112.00931314, 40.8232819300001 ], [ -112.011452261, 40.8230391190001 ], [ -112.013601379, 40.822794148000099 ], [ -112.015722591, 40.822555393000101 ], [ -112.015491617, 40.820950313 ], [ -112.015252039, 40.819316421000103 ], [ -112.01501103, 40.817680290000098 ], [ -112.01478143, 40.816097007000103 ], [ -112.014548976, 40.814505032000099 ], [ -112.014325086, 40.812920638 ], [ -112.014085509, 40.811328637 ], [ -112.013853048, 40.809713846000101 ], [ -112.013627732, 40.808131487 ], [ -112.013386724, 40.806495094000098 ], [ -112.013154275, 40.804862985000099 ], [ -112.012911847, 40.803225469 ], [ -112.012677964, 40.801638572 ], [ -112.012412711, 40.7997828600001 ], [ -112.012143182, 40.797933582 ], [ -112.011953515, 40.796601397000103 ], [ -112.011713827, 40.794979105 ], [ -112.011651044, 40.793724941 ], [ -112.011582953, 40.792533929000101 ], [ -112.010426966, 40.791310393000103 ], [ -112.009263299, 40.790087123 ], [ -112.008102448, 40.788862712 ], [ -112.006927349, 40.787619730000102 ], [ -112.006694127, 40.785945980000101 ], [ -112.006462954, 40.784282068 ], [ -112.006454391, 40.78280061 ], [ -112.006445836, 40.781588 ], [ -112.006434427, 40.7804379620001 ], [ -112.006425871, 40.779098955000102 ], [ -112.006408758, 40.777765329 ], [ -112.006391645, 40.776111947000103 ], [ -112.006380236, 40.774643222000101 ], [ -112.006368827, 40.773315907 ], [ -112.006365975, 40.771717596 ], [ -112.00634598, 40.770485626 ], [ -112.006701249, 40.768946906 ], [ -112.006833783, 40.76729233 ], [ -112.006967838, 40.765721847000101 ], [ -112.007114251, 40.764023172000101 ], [ -112.007293246, 40.762013375 ], [ -112.008317261, 40.761278575 ], [ -112.009137555, 40.760693904 ], [ -112.00937135, 40.760053864 ], [ -112.006095235, 40.758372227000102 ] ] ] } },
{ "type": "Feature", "properties": { "objectid": "83620", "id": "303344", "type": "AC; OVERHEAD", "status": "IN SERVICE", "naics_code": "221121", "naics_desc": "ELECTRIC BULK POWER TRANSMISSION AND CONTROL", "source": "Western Electricity Coordinating Council https://www.wecc.biz/Reliability/YEAR%202014%20OC%20MAP-1.pdf", "sourcedate": "2016-12-31T18:00:00-07:00", "val_method": "IMAGERY/OTHER", "val_date": "2016-12-31T18:00:00-07:00", "owner": "NOT AVAILABLE", "voltage": 345.0, "volt_class": "345", "inferred": "N", "sub_1": "PEACOCK", "sub_2": "NOT AVAILABLE", "shape_lengt": 173964.80116492999, "globalid": "f03c1087-2e48-42a5-9721-b3b8b829b985", "NERC": "WECC", "NERC_Label": "Western Electricity Coordinating Council (WECC)" }, "geometry": { "type": "MultiLineString", "coordinates": [ [ [ -113.717923554, 35.250824423 ], [ -113.717602001, 35.252302 ], [ -113.715973, 35.253723 ], [ -113.714973, 35.271167999000099 ], [ -113.711365, 35.327682 ], [ -113.728806, 35.366416999000101 ], [ -113.755142001, 35.398777000000102 ], [ -113.771751, 35.41925 ], [ -113.801104001, 35.4555310000001 ], [ -113.827773, 35.530597999000101 ], [ -113.838249, 35.539112 ], [ -114.03199, 35.697784 ], [ -114.050802001, 35.713165 ], [ -114.068141233, 35.718124762000102 ], [ -114.089943001, 35.724361 ], [ -114.234497, 35.765251 ], [ -114.409601, 35.815387 ], [ -114.484478, 35.8365450000001 ], [ -114.488104, 35.8376060000001 ], [ -114.492011001, 35.838106 ], [ -114.555557, 35.837502 ], [ -114.562510001, 35.837396999000099 ], [ -114.570714, 35.837282999 ], [ -114.573543355, 35.8374490140001 ], [ -114.580684001, 35.837867999 ], [ -114.594095, 35.839195999 ], [ -114.608457, 35.841033 ], [ -114.621663, 35.843211999000097 ], [ -114.629358001, 35.844473 ], [ -114.637068, 35.845796 ], [ -114.643773001, 35.846933999 ], [ -114.648115414, 35.846164295000101 ], [ -114.650945001, 35.845567999 ], [ -114.654471, 35.844887999 ], [ -114.658411, 35.842507999000098 ], [ -114.660924, 35.839753 ], [ -114.663484907, 35.8370306300001 ], [ -114.666222, 35.8353040000001 ], [ -114.677582, 35.831417 ], [ -114.682831001, 35.830055000000101 ], [ -114.687920001, 35.829444999 ], [ -114.698280001, 35.830528000000101 ], [ -114.706276001, 35.834666999 ], [ -114.716942001, 35.844554999 ], [ -114.72036, 35.855862000000101 ], [ -114.731834, 35.867889 ], [ -114.746475, 35.89336 ], [ -114.809020837, 35.919622616 ], [ -114.819721921, 35.924316074 ], [ -114.820305962, 35.924572232000102 ], [ -114.820663736, 35.924729151000101 ], [ -114.820936543, 35.924848803 ], [ -114.821234587, 35.924979524 ], [ -114.821895322, 35.92526932 ], [ -114.827402833, 35.927684895 ], [ -114.83474159, 35.9278066480001 ] ] ] } },
{ "type": "Feature", "properties": { "objectid": "68483", "id": "200184", "type": "AC; OVERHEAD", "status": "NOT AVAILABLE", "naics_code": "221121", "naics_desc": "ELECTRIC BULK POWER TRANSMISSION AND CONTROL", "source": "http://www.oasis.oati.com/PPW/PPWdocs/Transmission_Network_Diagram.pdf", "sourcedate": "2014-06-29T20:00:00-06:00", "val_method": "IMAGERY/OTHER", "val_date": "2014-06-29T20:00:00-06:00", "owner": "PACIFICORP", "voltage": 345.0, "volt_class": "345", "inferred": "N", "sub_1": "EMERY", "sub_2": "SIGURD", "shape_lengt": 154903.63625615899, "globalid": "f9f388b9-161b-4584-8c2b-b4f2496c9201", "NERC": "WECC", "NERC_Label": "Western Electricity Coordinating Council (WECC)" }, "geometry": { "type": "MultiLineString", "coordinates": [ [ [ -111.028556031, 39.177324660000103 ], [ -111.027793957, 39.17781754 ], [ -111.027744194, 39.179669141 ], [ -111.003310687, 39.179727003 ], [ -111.002989741, 39.173387992000102 ], [ -111.003104099, 39.1675956650001 ], [ -111.003485291, 39.147170951000099 ], [ -111.009190469, 39.138725427 ], [ -111.018300964, 39.12539974 ], [ -111.02556903, 39.114763008000097 ], [ -111.033370766, 39.103227388 ], [ -111.041337684, 39.091472916 ], [ -111.051401161, 39.076737615000098 ], [ -111.060867436, 39.062788518 ], [ -111.068199033, 39.052014061000101 ], [ -111.076331136, 39.040063542 ], [ -111.084425118, 39.028170227 ], [ -111.093141715, 39.015307402000097 ], [ -111.09995235, 39.005246509000102 ], [ -111.108033626, 38.993347336 ], [ -111.114323299, 38.984063604 ], [ -111.121693017, 38.973128967 ], [ -111.132518877, 38.963724026000101 ], [ -111.145352351, 38.952470045 ], [ -111.15869408, 38.940749778 ], [ -111.171984984, 38.929057227 ], [ -111.17830007, 38.923432650000102 ], [ -111.202658256, 38.913655304 ], [ -111.222975805, 38.905547686 ], [ -111.243636426, 38.898161039000101 ], [ -111.264335167, 38.890763732 ], [ -111.299226967, 38.878301287000099 ], [ -111.30890925, 38.877430812 ], [ -111.31697782, 38.869121199000098 ], [ -111.326596572, 38.859306691 ], [ -111.33605014, 38.849649159000101 ], [ -111.349709272, 38.82317342 ], [ -111.360231213, 38.814975467000103 ], [ -111.390016403, 38.814597077 ], [ -111.397104947, 38.816637957000097 ], [ -111.408187402, 38.812165637000099 ], [ -111.425431782, 38.811317609000099 ], [ -111.435216035, 38.807012737 ], [ -111.439077817, 38.805840075 ], [ -111.44721838, 38.805218415000098 ], [ -111.454307379, 38.808411429 ], [ -111.461432638, 38.810700139000097 ], [ -111.470715417, 38.811180476000096 ], [ -111.484857153, 38.807351816 ], [ -111.518815448, 38.8104599690001 ], [ -111.528098227, 38.8128475030001 ], [ -111.546373701, 38.813370207 ], [ -111.594926991, 38.823413854000101 ], [ -111.601298478, 38.8247218180001 ], [ -111.612731073, 38.824275478000096 ], [ -111.617009855, 38.826168192000097 ], [ -111.622068245, 38.827397016000099 ], [ -111.63200372, 38.83482601 ], [ -111.634215632, 38.838526094 ], [ -111.638023022, 38.853140956000097 ], [ -111.667086102, 38.868783297 ], [ -111.671999448, 38.879538939 ], [ -111.688461879, 38.882037064 ], [ -111.749960296, 38.8705901330001 ], [ -111.812800365, 38.875248170000098 ], [ -111.846058861, 38.887248244 ], [ -111.850126519, 38.888685148 ], [ -111.852723803, 38.888694099000098 ], [ -111.855584694, 38.887932488 ], [ -111.865222408, 38.89041437 ], [ -111.87419683, 38.900403223000097 ], [ -111.901422582, 38.899634925 ], [ -111.917822484, 38.899274226 ], [ -111.930680957, 38.898821037000097 ], [ -111.946534194, 38.898395591 ], [ -111.965108865, 38.897979393000099 ], [ -111.970492312, 38.888822398000102 ], [ -111.976042133, 38.878961121 ], [ -111.982839773, 38.866961080000102 ], [ -111.989423501, 38.854986776 ], [ -111.991942906, 38.850433421 ], [ -111.991408128, 38.847721630000102 ], [ -111.990683204, 38.845814985000104 ], [ -111.990706972, 38.84530592 ], [ -111.993278603, 38.844292165000098 ] ] ] } },
{ "type": "Feature", "properties": { "objectid": "90407", "id": "310149", "type": "AC; OVERHEAD", "status": "IN SERVICE", "naics_code": "221121", "naics_desc": "ELECTRIC BULK POWER TRANSMISSION AND CONTROL", "source": "Western Electricity Coordinating Council https://www.wecc.biz/Reliability/YEAR%202014%20OC%20MAP-1.pdf", "sourcedate": "2016-12-31T18:00:00-07:00", "val_method": "IMAGERY/OTHER", "val_date": "2016-12-31T18:00:00-07:00", "owner": "NOT AVAILABLE", "voltage": 345.0, "volt_class": "345", "inferred": "N", "sub_1": "HUMBOLDT", "sub_2": "MIDPOINT", "shape_lengt": 382865.48845819, "globalid": "7c321001-7388-4c74-aade-bc76b5ab729e", "NERC": "WECC", "NERC_Label": "Western Electricity Coordinating Council (WECC)" }, "geometry": { "type": "MultiLineString", "coordinates": [ [ [ -114.420608483, 42.835673530000101 ], [ -114.419552346, 42.8360973260001 ], [ -114.418033886, 42.836079882 ], [ -114.41793477, 42.835172804000102 ], [ -114.414243434, 42.834554735 ], [ -114.402134824, 42.833085277000102 ], [ -114.395484662, 42.825860048 ], [ -114.380987579, 42.809970936000099 ], [ -114.371603929, 42.799779182000101 ], [ -114.364349174, 42.791887063 ], [ -114.356675282, 42.783646947000101 ], [ -114.350314771, 42.77667301 ], [ -114.346611532, 42.7727714970001 ], [ -114.341905474, 42.768784743 ], [ -114.330319625, 42.759056012 ], [ -114.322383658, 42.752412919 ], [ -114.319444739, 42.7497197960001 ], [ -114.316426206, 42.747188996 ], [ -114.30233516, 42.735341965 ], [ -114.294242684, 42.728428002 ], [ -114.281950593, 42.718090344000103 ], [ -114.267513265, 42.705968552000101 ], [ -114.25305212, 42.693705915000102 ], [ -114.237256553, 42.680256726 ], [ -114.232682668, 42.676447328000101 ], [ -114.229938039, 42.669574506000103 ], [ -114.230041566, 42.658192864 ], [ -114.230068791, 42.654193378000102 ], [ -114.230962074, 42.646823062000102 ], [ -114.232306238, 42.6372326420001 ], [ -114.232463904, 42.634129904000098 ], [ -114.23980953, 42.633010119000097 ], [ -114.239899091, 42.628209843 ], [ -114.239874779, 42.615000125 ], [ -114.239870959, 42.608367057000102 ], [ -114.239843538, 42.602048195000101 ], [ -114.2398608, 42.5958406620001 ], [ -114.239935753, 42.586398773 ], [ -114.239982302, 42.580378621000101 ], [ -114.239995771, 42.576871327 ], [ -114.239921545, 42.573615980000099 ], [ -114.239929952, 42.569947168 ], [ -114.240013878, 42.563393283 ], [ -114.239996701, 42.560193167000101 ], [ -114.239723662, 42.555809200000098 ], [ -114.23978331, 42.549562212000097 ], [ -114.239990808, 42.543104252 ], [ -114.239985459, 42.540624625000099 ], [ -114.242152562, 42.538495129000097 ], [ -114.249563895, 42.531357812000103 ], [ -114.249521218, 42.522009897 ], [ -114.249504533, 42.506957119 ], [ -114.249411943, 42.500263527000101 ], [ -114.249265795, 42.48662175 ], [ -114.249203648, 42.480725195 ], [ -114.24910654, 42.47510874 ], [ -114.248990954, 42.472395058000103 ], [ -114.248951981, 42.463747851 ], [ -114.248828157, 42.450280724 ], [ -114.248843226, 42.441013168 ], [ -114.248829062, 42.434852785 ], [ -114.248715531, 42.424425034000102 ], [ -114.248788066, 42.407088444000102 ], [ -114.263143908, 42.407074560000098 ], [ -114.281568852, 42.407060486 ], [ -114.287880825, 42.409862203 ], [ -114.301562319, 42.409970010000102 ], [ -114.30973866, 42.409985874 ], [ -114.319911207, 42.410048976 ], [ -114.327801107, 42.409480058 ], [ -114.337537502, 42.408834931000101 ], [ -114.346103436, 42.408237998000097 ], [ -114.354661335, 42.407652678 ], [ -114.362503039, 42.407119419 ], [ -114.380138729, 42.405896882 ], [ -114.390921362, 42.405136212000102 ], [ -114.398982554, 42.404595673000102 ], [ -114.409420283, 42.40390511 ], [ -114.428961969, 42.395935826 ], [ -114.444221875, 42.389675159 ], [ -114.451385788, 42.386769092000101 ], [ -114.455162569, 42.3851711840001 ], [ -114.460519209, 42.376413276 ], [ -114.462339903, 42.373293281 ], [ -114.467506783, 42.364275694000099 ], [ -114.469397641, 42.361170490000099 ], [ -114.471407788, 42.357937125 ], [ -114.476128445, 42.3540980020001 ], [ -114.482475918, 42.348749126 ], [ -114.486961524, 42.345052566000099 ], [ -114.492395554, 42.338339902 ], [ -114.497052875, 42.3325723230001 ], [ -114.502567081, 42.325751814 ], [ -114.506810175, 42.320065153 ], [ -114.515477788, 42.3085562690001 ], [ -114.51779398, 42.30533067 ], [ -114.520271186, 42.302021021 ], [ -114.524722457, 42.295928896000099 ], [ -114.529251876, 42.289825632 ], [ -114.533015093, 42.284793069 ], [ -114.535516483, 42.28145952 ], [ -114.535391788, 42.277881849 ], [ -114.535367803, 42.263417709000102 ], [ -114.535363445, 42.255888845000101 ], [ -114.535399688, 42.248899223000102 ], [ -114.535343751, 42.235047864000101 ], [ -114.535464758, 42.222038580000103 ], [ -114.535505232, 42.219250477000102 ], [ -114.545758164, 42.212727003 ], [ -114.564484405, 42.201034320000097 ], [ -114.581626105, 42.190350935 ], [ -114.604660604, 42.175930165000104 ], [ -114.621252352, 42.165494879 ], [ -114.63416857, 42.157409424 ], [ -114.63804487, 42.153081961000098 ], [ -114.649382841, 42.140471776 ], [ -114.660014431, 42.128520414 ], [ -114.669810244, 42.117620495 ], [ -114.674603181, 42.112280096000099 ], [ -114.692476166, 42.0899412260001 ], [ -114.700876872, 42.079446311 ], [ -114.704183795, 42.0753188260001 ], [ -114.703921568, 42.066025508 ], [ -114.703494771, 42.054435201 ], [ -114.703010626, 42.041120387 ], [ -114.702514386, 42.028155750000103 ], [ -114.702009991, 42.014100453 ], [ -114.701636413, 42.003349271 ], [ -114.701624377, 41.996509646 ], [ -114.69703683, 41.988929638 ], [ -114.691125795, 41.978766697 ], [ -114.699023532, 41.964298264 ], [ -114.702276153, 41.9585240480001 ], [ -114.70929926, 41.946053781 ], [ -114.709637872, 41.942660634 ], [ -114.710998231, 41.930127996000103 ], [ -114.712198879, 41.9182859000001 ], [ -114.713718906, 41.903826505 ], [ -114.71498466, 41.891188310000103 ], [ -114.716340046, 41.877723014 ], [ -114.717993993, 41.86247561 ], [ -114.726908622, 41.838067180000102 ], [ -114.731770247, 41.824968490000103 ], [ -114.737141472, 41.810285447000098 ], [ -114.737141472, 41.795175794 ], [ -114.737184823, 41.781574433000102 ], [ -114.737130218, 41.774174395 ], [ -114.741727253, 41.767894784000099 ], [ -114.747173544, 41.7607477170001 ], [ -114.751970938, 41.754398726 ], [ -114.758128242, 41.746189304 ], [ -114.763387185, 41.739283244 ], [ -114.769620825, 41.731013099000101 ], [ -114.776772189, 41.721552144 ], [ -114.776761043, 41.700668628000102 ], [ -114.776806146, 41.694057886 ], [ -114.77687362, 41.687659606000103 ], [ -114.776935432, 41.678855257000102 ], [ -114.777006246, 41.670937426000101 ], [ -114.777009758, 41.661908798000098 ], [ -114.776998434, 41.653171962000101 ], [ -114.777058944, 41.648572319 ], [ -114.777012104, 41.638341492000102 ], [ -114.777123795, 41.631271569 ], [ -114.777152476, 41.621881902 ], [ -114.780799591, 41.617104487000098 ], [ -114.785202003, 41.611337696000099 ], [ -114.78936535, 41.605842998000099 ], [ -114.795290096, 41.5980472050001 ], [ -114.801629472, 41.5897445210001 ], [ -114.805792883, 41.584319111000099 ], [ -114.813427659, 41.5751797140001 ], [ -114.818549275, 41.569060533 ], [ -114.823370714, 41.563282806000103 ], [ -114.830689893, 41.554549709000099 ], [ -114.835308025, 41.549074642 ], [ -114.844798908, 41.537897627000099 ], [ -114.851877089, 41.52940878 ], [ -114.858944248, 41.521070271 ], [ -114.864655064, 41.514334212 ], [ -114.871648239, 41.506051627 ], [ -114.878660516, 41.497691237 ], [ -114.885070807, 41.489961414 ], [ -114.891478215, 41.482134923 ], [ -114.896174249, 41.476571025000098 ], [ -114.900370282, 41.472956319 ], [ -114.907460469, 41.4668969270001 ], [ -114.918783109, 41.457286717000102 ], [ -114.928910974, 41.448734671000103 ], [ -114.936728375, 41.442026404 ], [ -114.94169968, 41.437743738 ], [ -114.950173132, 41.432211396000099 ], [ -114.958416028, 41.426816742 ], [ -114.964123234, 41.422916254 ], [ -114.984930987, 41.409465523000101 ], [ -114.997236834, 41.401430701 ], [ -115.003796494, 41.396234894 ], [ -115.013223869, 41.3886142530001 ], [ -115.024271502, 41.379755879000101 ], [ -115.033458205, 41.372345563000103 ], [ -115.043214302, 41.364168163 ], [ -115.053982076, 41.3553112640001 ], [ -115.062809946, 41.347308439000102 ], [ -115.070659789, 41.340262552000098 ], [ -115.079707973, 41.331957804000098 ], [ -115.095774787, 41.317221538000098 ], [ -115.101264343, 41.3123872540001 ], [ -115.110046805, 41.304394917 ], [ -115.126056146, 41.289620045 ], [ -115.144972076, 41.272456786000099 ], [ -115.150419629, 41.267530345000097 ], [ -115.15298467, 41.265129704000103 ], [ -115.197073657, 41.254581901000101 ], [ -115.218382059, 41.249482969 ], [ -115.247950516, 41.2423095770001 ], [ -115.274430747, 41.235932022 ], [ -115.303385178, 41.228927958 ], [ -115.31160956, 41.2275669140001 ], [ -115.357123291, 41.223538622 ], [ -115.377468095, 41.221693808 ], [ -115.404562382, 41.231496699 ], [ -115.430705268, 41.2409788410001 ], [ -115.456444269, 41.25027013 ], [ -115.484703914, 41.260545264 ], [ -115.50135259, 41.2665087190001 ], [ -115.536118208, 41.263496816 ], [ -115.561660478, 41.26133058 ], [ -115.581628188, 41.259517464 ], [ -115.610770427, 41.257022938 ], [ -115.637518462, 41.254613206 ], [ -115.666891938, 41.252040898000097 ], [ -115.690768067, 41.249969981 ], [ -115.72348506, 41.247136805 ], [ -115.746062363, 41.244979917000101 ], [ -115.768075689, 41.242949766 ], [ -115.791696546, 41.240739498 ], [ -115.820462135, 41.238119329 ], [ -115.845864265, 41.235817315000098 ], [ -115.873570733, 41.233493076000101 ], [ -115.89889843, 41.231184501 ], [ -115.932867943, 41.22837036 ], [ -115.937217987, 41.227990745 ], [ -115.939986904, 41.22774911 ], [ -115.939915457, 41.227259311000097 ] ] ] } },
{ "type": "Feature", "properties": { "objectid": "74392", "id": "206671", "type": "AC; OVERHEAD", "status": "NOT AVAILABLE", "naics_code": "221121", "naics_desc": "ELECTRIC BULK POWER TRANSMISSION AND CONTROL", "source": "IMAGERY", "sourcedate": "2015-12-07T18:00:00-07:00", "val_method": "IMAGERY", "val_date": "2015-12-07T18:00:00-07:00", "owner": "WAPA-- WESTERN AREA POWER ADMINISTRATION", "voltage": 345.0, "volt_class": "345", "inferred": "Y", "sub_1": "NOT AVAILABLE", "sub_2": "COMANCHE", "shape_lengt": 382.54523405819998, "globalid": "693fc7d1-805b-4be8-94b3-03dbdb794bc5", "NERC": "WECC", "NERC_Label": "Western Electricity Coordinating Council (WECC)" }, "geometry": { "type": "MultiLineString", "coordinates": [ [ [ -104.575438511, 38.208924634 ], [ -104.575643938, 38.209577935 ], [ -104.575629661, 38.210281066 ], [ -104.575626092, 38.210944935 ], [ -104.576305422, 38.211333365 ] ] ] } },
{ "type": "Feature", "properties": { "objectid": "68439", "id": "200139", "type": "AC; OVERHEAD", "status": "NOT AVAILABLE", "naics_code": "221121", "naics_desc": "ELECTRIC BULK POWER TRANSMISSION AND CONTROL", "source": "http://www.oasis.oati.com/PPW/PPWdocs/Transmission_Network_Diagram.pdf", "sourcedate": "2014-06-22T20:00:00-06:00", "val_method": "IMAGERY/OTHER", "val_date": "2014-06-22T20:00:00-06:00", "owner": "PACIFICORP", "voltage": 345.0, "volt_class": "345", "inferred": "N", "sub_1": "KINPORT", "sub_2": "GOSHEN", "shape_lengt": 90320.319682575806, "globalid": "d078e294-a07d-40bd-a4ee-0992270e3c63", "NERC": "WECC", "NERC_Label": "Western Electricity Coordinating Council (WECC)" }, "geometry": { "type": "MultiLineString", "coordinates": [ [ [ -112.558736669, 42.892690368 ], [ -112.556778641, 42.892694996000102 ], [ -112.55679659, 42.895136511 ], [ -112.556808556, 42.898844624 ], [ -112.556311957, 42.901005395 ], [ -112.555080986, 42.906116331000099 ], [ -112.555071479, 42.918085826 ], [ -112.555100001, 42.92806211 ], [ -112.555100001, 42.934584459000099 ], [ -112.555119015, 42.939254788 ], [ -112.555147536, 42.946979890000101 ], [ -112.555166551, 42.957034990000103 ], [ -112.555014436, 42.96185668 ], [ -112.55479577, 42.975408266 ], [ -112.555080986, 42.9854795850001 ], [ -112.555347188, 42.995604883 ], [ -112.555775011, 43.008099259 ], [ -112.542778683, 43.017602183000101 ], [ -112.5299725, 43.026846484 ], [ -112.520693484, 43.033643285 ], [ -112.517546603, 43.035853126000099 ], [ -112.510311632, 43.037777985 ], [ -112.499321322, 43.0407381200001 ], [ -112.492076844, 43.044573576 ], [ -112.475886101, 43.044191430000097 ], [ -112.460446426, 43.0441636380001 ], [ -112.441878886, 43.044170586000099 ], [ -112.428454734, 43.051243362 ], [ -112.41927079, 43.051382308 ], [ -112.409906209, 43.051542095000102 ], [ -112.407073066, 43.050909890000099 ], [ -112.392317909, 43.050930732 ], [ -112.378323326, 43.050868206000096 ], [ -112.365089319, 43.050798732 ], [ -112.352796524, 43.06153842 ], [ -112.338678348, 43.073949934 ], [ -112.32663274, 43.084442542 ], [ -112.314216351, 43.095238818 ], [ -112.29267306, 43.113938601 ], [ -112.282975727, 43.122432829 ], [ -112.27938201, 43.125118259 ], [ -112.269922356, 43.132369023000102 ], [ -112.259882765, 43.139854797 ], [ -112.246848409, 43.1495315230001 ], [ -112.240022246, 43.154622462000098 ], [ -112.225999142, 43.16512205 ], [ -112.214704602, 43.173546769 ], [ -112.202487863, 43.18266357 ], [ -112.193997944, 43.189110373000098 ], [ -112.191088744, 43.191252224 ], [ -112.188692932, 43.193622729 ], [ -112.179708639, 43.20259793 ], [ -112.171408863, 43.210906611 ], [ -112.160475595, 43.221846842 ], [ -112.147117995, 43.235154002 ], [ -112.139065406, 43.243077344 ], [ -112.134463926, 43.262576564 ], [ -112.134406883, 43.276179388000102 ], [ -112.134232783, 43.290161152000103 ], [ -112.122897566, 43.300402869 ], [ -112.121878444, 43.303788938 ], [ -112.12135927, 43.305882627000102 ], [ -112.121138902, 43.306245975000103 ] ] ] } },
{ "type": "Feature", "properties": { "objectid": "68485", "id": "200186", "type": "AC; OVERHEAD", "status": "NOT AVAILABLE", "naics_code": "221121", "naics_desc": "ELECTRIC BULK POWER TRANSMISSION AND CONTROL", "source": "IMAGERY", "sourcedate": "2014-06-29T20:00:00-06:00", "val_method": "IMAGERY", "val_date": "2014-06-29T20:00:00-06:00", "owner": "FIRST WIND", "voltage": 345.0, "volt_class": "345", "inferred": "Y", "sub_1": "MILDFORD WIND", "sub_2": "INTERMOUNTAIN", "shape_lengt": 183952.56415878501, "globalid": "0294764d-91ce-419a-b59f-1676e39dbdc7", "NERC": "WECC", "NERC_Label": "Western Electricity Coordinating Council (WECC)" }, "geometry": { "type": "MultiLineString", "coordinates": [ [ [ -112.938259476, 38.562189257 ], [ -112.982535611, 38.572602275000101 ], [ -113.046636655, 38.572449909 ], [ -113.046457514, 38.650735253 ], [ -113.02721697, 38.661335806000103 ], [ -113.02745305, 38.663732235000097 ], [ -113.02745305, 38.679468332000098 ], [ -113.027482561, 38.698563573000101 ], [ -113.02751207, 38.715627502000103 ], [ -113.007032105, 38.736301406 ], [ -112.985696349, 38.757337523 ], [ -112.972711933, 38.770821313000098 ], [ -112.946890651, 38.796654286 ], [ -112.924492533, 38.819259082 ], [ -112.904425708, 38.839489234 ], [ -112.899231942, 38.862356173000101 ], [ -112.896280938, 38.874855190000098 ], [ -112.880138948, 38.898055257000102 ], [ -112.874679592, 38.921775804000099 ], [ -112.869190724, 38.944960543 ], [ -112.863642838, 38.968022983 ], [ -112.858360541, 38.990366881 ], [ -112.853196285, 39.012910093000102 ], [ -112.845936816, 39.042918335 ], [ -112.849861651, 39.058754064 ], [ -112.851042052, 39.064047127 ], [ -112.857032589, 39.083726505000101 ], [ -112.862432927, 39.099759193000097 ], [ -112.869928476, 39.120893865 ], [ -112.878132266, 39.144242251 ], [ -112.885509775, 39.165386459 ], [ -112.894669977, 39.190881356 ], [ -112.90497153, 39.2198335100001 ], [ -112.904918153, 39.24250436 ], [ -112.904935945, 39.255442067 ], [ -112.904935945, 39.269107423 ], [ -112.904953738, 39.285510597 ], [ -112.904900361, 39.298798346000098 ], [ -112.904918153, 39.312331356000101 ], [ -112.904953738, 39.325228645 ], [ -112.904793609, 39.337903386 ], [ -112.904669066, 39.35144259 ], [ -112.904473354, 39.36492415 ], [ -112.904295434, 39.381126091 ], [ -112.904331018, 39.397145536 ], [ -112.904366602, 39.412446514000102 ], [ -112.898744339, 39.420831071000102 ], [ -112.889990688, 39.433694594 ], [ -112.882073259, 39.445456592 ], [ -112.874120248, 39.457147918 ], [ -112.862519881, 39.474399683 ], [ -112.840902633, 39.485221059 ], [ -112.808539033, 39.500832184 ], [ -112.778612934, 39.500804727000101 ], [ -112.761319136, 39.500804727000101 ], [ -112.731126157, 39.500804727000101 ], [ -112.701876152, 39.500763542000101 ], [ -112.676273503, 39.500763542000101 ], [ -112.641490195, 39.500694898 ], [ -112.607027142, 39.500722356 ], [ -112.582714092, 39.494442067000101 ], [ -112.579317298, 39.494980166000097 ], [ -112.579275906, 39.4971252180001 ], [ -112.580586737, 39.498279661 ], [ -112.580690036, 39.501311126000097 ] ] ] } },
{ "type": "Feature", "properties": { "objectid": "90921", "id": "310664", "type": "AC; OVERHEAD", "status": "IN SERVICE", "naics_code": "221121", "naics_desc": "ELECTRIC BULK POWER TRANSMISSION AND CONTROL", "source": "Western Electricity Coordinating Council https://www.wecc.biz/Reliability/YEAR%202014%20OC%20MAP-1.pdf", "sourcedate": "2016-12-31T18:00:00-07:00", "val_method": "IMAGERY/OTHER", "val_date": "2016-12-31T18:00:00-07:00", "owner": "NOT AVAILABLE", "voltage": 345.0, "volt_class": "345", "inferred": "N", "sub_1": "SAN JUAN", "sub_2": "NOT AVAILABLE", "shape_lengt": 180620.119820347, "globalid": "457f2c38-7309-48a0-88b6-16e1d258e4c2", "NERC": "WECC", "NERC_Label": "Western Electricity Coordinating Council (WECC)" }, "geometry": { "type": "MultiLineString", "coordinates": [ [ [ -108.442428794, 36.802125632000099 ], [ -108.448061, 36.802055 ], [ -108.4586, 36.794938000000101 ], [ -108.461602262, 36.7928848560001 ], [ -108.462292709, 36.785337439 ], [ -108.462362001, 36.78458 ], [ -108.463276001, 36.773316000000101 ], [ -108.46409, 36.763840000000101 ], [ -108.464707, 36.755784 ], [ -108.465500001, 36.746612 ], [ -108.465728, 36.743371 ], [ -108.479615, 36.728733 ], [ -108.482980223, 36.72517294 ], [ -108.486282, 36.721679999000102 ], [ -108.48721313, 36.721272952 ], [ -108.500563001, 36.715437000000101 ], [ -108.513180725, 36.709987459 ], [ -108.515518, 36.708978000000101 ], [ -108.522717001, 36.691488 ], [ -108.527431, 36.679998 ], [ -108.537847, 36.657081 ], [ -108.537936524, 36.656322405 ], [ -108.538056, 36.65531 ], [ -108.535219038, 36.629002086000099 ], [ -108.535165133, 36.62850222 ], [ -108.535004001, 36.627008 ], [ -108.565541001, 36.5913350000001 ], [ -108.598036, 36.553265999000097 ], [ -108.609168001, 36.504452999000101 ], [ -108.612349001, 36.490507999 ], [ -108.614224, 36.444194999 ], [ -108.615564001, 36.411402000000102 ], [ -108.618002001, 36.351255 ], [ -108.615648, 36.331463 ], [ -108.612759001, 36.306955000000102 ], [ -108.617087001, 36.2442530000001 ], [ -108.618344, 36.223254 ], [ -108.621052, 36.213557 ], [ -108.624268, 36.198133 ], [ -108.628132, 36.144251 ], [ -108.630922, 36.098277000000103 ], [ -108.635528, 36.050561000000101 ], [ -108.640211, 36.005192999 ], [ -108.645665, 35.94555 ], [ -108.647151, 35.932233 ], [ -108.635801012, 35.898295895 ], [ -108.651344, 35.823866999000103 ], [ -108.652414, 35.820688999 ], [ -108.655127, 35.815046 ], [ -108.672727001, 35.778142000000102 ], [ -108.682690001, 35.7573340000001 ], [ -108.686605, 35.751472999 ], [ -108.688641, 35.748422 ], [ -108.694399, 35.739897 ], [ -108.700180001, 35.731221 ], [ -108.719354001, 35.702527999 ], [ -108.732868001, 35.682289 ], [ -108.753580001, 35.65134 ], [ -108.807725, 35.629120999000101 ], [ -108.813687, 35.606672000000103 ], [ -108.816621, 35.5951230000001 ], [ -108.817516068, 35.592827394 ] ] ] } },
{ "type": "Feature", "properties": { "objectid": "68460", "id": "200160", "type": "AC; OVERHEAD", "status": "NOT AVAILABLE", "naics_code": "221121", "naics_desc": "ELECTRIC BULK POWER TRANSMISSION AND CONTROL", "source": "http://www.oasis.oati.com/PPW/PPWdocs/Transmission_Network_Diagram.pdf", "sourcedate": "2014-06-22T20:00:00-06:00", "val_method": "IMAGERY/OTHER", "val_date": "2014-06-22T20:00:00-06:00", "owner": "PACIFICORP", "voltage": 345.0, "volt_class": "345", "inferred": "N", "sub_1": "90TH SOUTH", "sub_2": "CAMP WILLIAMS", "shape_lengt": 22895.582278519501, "globalid": "dc0e2ed3-93d1-4e25-8c52-3bdb90f257d7", "NERC": "WECC", "NERC_Label": "Western Electricity Coordinating Council (WECC)" }, "geometry": { "type": "MultiLineString", "coordinates": [ [ [ -111.916191286, 40.589554883000098 ], [ -111.917638952, 40.588891389 ], [ -111.91750485, 40.588330651 ], [ -111.917295679, 40.587560243 ], [ -111.916903975, 40.586053074000098 ], [ -111.916924849, 40.584242031 ], [ -111.916992456, 40.581240278000102 ], [ -111.917246618, 40.579558115 ], [ -111.917175611, 40.577840007000098 ], [ -111.913896374, 40.5756104640001 ], [ -111.912068964, 40.574636486 ], [ -111.910431778, 40.573551350000102 ], [ -111.906375891, 40.570545398 ], [ -111.905427592, 40.570067871 ], [ -111.904994735, 40.56897997 ], [ -111.903737382, 40.564918634 ], [ -111.902823094, 40.562116670000101 ], [ -111.902475258, 40.560862452 ], [ -111.901694496, 40.558560492 ], [ -111.900970875, 40.557449171 ], [ -111.900403532, 40.556413082000098 ], [ -111.898229718, 40.552472123 ], [ -111.898224493, 40.549831561000097 ], [ -111.898240071, 40.545175311 ], [ -111.898224528, 40.542297083 ], [ -111.897581907, 40.539193662000102 ], [ -111.896886079, 40.535953685 ], [ -111.896190286, 40.53270976 ], [ -111.895826758, 40.531111185 ], [ -111.895481322, 40.529488839000102 ], [ -111.894050483, 40.527289996 ], [ -111.893987074, 40.526318001 ], [ -111.893799205, 40.523759452 ], [ -111.894805728, 40.520802077 ], [ -111.896358445, 40.5163095710001 ], [ -111.89737731, 40.513297749000102 ], [ -111.897165182, 40.510178448 ], [ -111.897049839, 40.507192756000101 ], [ -111.901474499, 40.502455762000103 ], [ -111.905042088, 40.498633369000103 ], [ -111.907358268, 40.496141478 ], [ -111.910884507, 40.492377755000099 ], [ -111.912780444, 40.490355190000102 ], [ -111.91518895, 40.487861989000102 ], [ -111.914946351, 40.483158852 ], [ -111.914749885, 40.479281588 ], [ -111.918714859, 40.479285652 ], [ -111.922749612, 40.479261954 ], [ -111.924084974, 40.4792579860001 ], [ -111.928395754, 40.479594187 ], [ -111.931814985, 40.479861232000097 ], [ -111.934724961, 40.4758988070001 ], [ -111.937285189, 40.472434280000101 ], [ -111.938089551, 40.471341899 ], [ -111.947172881, 40.471294162 ], [ -111.949276687, 40.471290387000103 ], [ -111.949385732, 40.470367061 ], [ -111.949151183, 40.469633937 ], [ -111.948762272, 40.468462464 ], [ -111.948803481, 40.468172471000102 ], [ -111.948620614, 40.4674531470001 ] ] ] } },
{ "type": "Feature", "properties": { "objectid": "68447", "id": "200147", "type": "AC; OVERHEAD", "status": "NOT AVAILABLE", "naics_code": "221121", "naics_desc": "ELECTRIC BULK POWER TRANSMISSION AND CONTROL", "source": "http://www.oasis.oati.com/PPW/PPWdocs/Transmission_Network_Diagram.pdf", "sourcedate": "2014-06-22T20:00:00-06:00", "val_method": "IMAGERY/OTHER", "val_date": "2014-06-22T20:00:00-06:00", "owner": "PACIFICORP", "voltage": 345.0, "volt_class": "345", "inferred": "N", "sub_1": "BEN LOMOND", "sub_2": "TERMINAL", "shape_lengt": 99752.357524748193, "globalid": "3ccbe082-1e0f-47fd-8fdb-3ce3bdd68172", "NERC": "WECC", "NERC_Label": "Western Electricity Coordinating Council (WECC)" }, "geometry": { "type": "MultiLineString", "coordinates": [ [ [ -112.047247788, 41.340060929000103 ], [ -112.047814419, 41.340486472000102 ], [ -112.049378211, 41.340305979 ], [ -112.052092366, 41.340325625 ], [ -112.055051456, 41.340341686 ], [ -112.058326637, 41.340361314 ], [ -112.06189188, 41.340372022000103 ], [ -112.064368223, 41.340393090000099 ], [ -112.063181667, 41.338036223000103 ], [ -112.062765294, 41.336639227 ], [ -112.062180623, 41.334667286000098 ], [ -112.061420028, 41.332195431000102 ], [ -112.060709356, 41.329725296 ], [ -112.059946447, 41.327207053000102 ], [ -112.059228663, 41.324870663 ], [ -112.058456189, 41.32235561 ], [ -112.057709867, 41.319870836000099 ], [ -112.056944534, 41.317355625000097 ], [ -112.056430486, 41.315632526000101 ], [ -112.056401939, 41.313113148000099 ], [ -112.056375795, 41.310554866000103 ], [ -112.056344896, 41.308371367000099 ], [ -112.056325882, 41.305700367 ], [ -112.056302113, 41.303507782 ], [ -112.056292606, 41.301418656000102 ], [ -112.056283098, 41.2993259510001 ], [ -112.056271215, 41.297224269 ], [ -112.056254574, 41.295139989000099 ], [ -112.056330646, 41.293237789 ], [ -112.0563972, 41.291501917000097 ], [ -112.056485044, 41.289676992000103 ], [ -112.05593883, 41.287178757 ], [ -112.055385029, 41.284630121000099 ], [ -112.054864509, 41.282206435 ], [ -112.054332108, 41.279745160000097 ], [ -112.053803678, 41.277289096000104 ], [ -112.054410662, 41.274868697 ], [ -112.055033382, 41.272374991 ], [ -112.055501626, 41.270504588000101 ], [ -112.055993642, 41.268594814 ], [ -112.056501758, 41.266642387 ], [ -112.056495227, 41.264247657000098 ], [ -112.056504521, 41.261791787 ], [ -112.056499768, 41.259320852 ], [ -112.056495014, 41.2568497090001 ], [ -112.056511651, 41.254387490000099 ], [ -112.056502144, 41.251984123000099 ], [ -112.056518782, 41.249848685000103 ], [ -112.056521158, 41.247255764000101 ], [ -112.056530666, 41.244782499000102 ], [ -112.056516405, 41.242371644000102 ], [ -112.056523535, 41.240185805000102 ], [ -112.056535419, 41.237562075 ], [ -112.056547304, 41.234897176000104 ], [ -112.056547304, 41.232714771000097 ], [ -112.056549681, 41.230178316 ], [ -112.056556811, 41.227809826000097 ], [ -112.056556811, 41.225080127000098 ], [ -112.056568694, 41.222346771 ], [ -112.056561563, 41.219612454000099 ], [ -112.056818352, 41.217262356 ], [ -112.057122568, 41.214501975000097 ], [ -112.057334111, 41.212179297 ], [ -112.05766687, 41.2094757180001 ], [ -112.057935367, 41.206758605 ], [ -112.057973382, 41.204645729 ], [ -112.057980512, 41.202085053000097 ], [ -112.057994773, 41.199844297 ], [ -112.058001903, 41.197460396000103 ], [ -112.058016164, 41.19511398 ], [ -112.058018541, 41.192706625 ], [ -112.05804231, 41.1902455090001 ], [ -112.058056569, 41.188050908 ], [ -112.0580637, 41.185580722000097 ], [ -112.058077961, 41.1831103970001 ], [ -112.058094599, 41.181015675 ], [ -112.058111236, 41.178369937000099 ], [ -112.058120743, 41.175704038 ], [ -112.058131202, 41.173262391 ], [ -112.058131202, 41.171097681 ], [ -112.058109808, 41.168479915 ], [ -112.058178735, 41.166017943 ], [ -112.058154968, 41.163538059000103 ], [ -112.058195375, 41.1611652550001 ], [ -112.058202505, 41.159241767 ], [ -112.058200128, 41.157069292000102 ], [ -112.05822152, 41.154825129000102 ], [ -112.058245288, 41.152124723 ], [ -112.058233403, 41.149692514 ], [ -112.058264302, 41.147405154000097 ], [ -112.058273809, 41.144840390000098 ], [ -112.058295199, 41.142583468 ], [ -112.058269054, 41.140032789 ], [ -112.0582952, 41.137705678 ], [ -112.058302331, 41.135125321 ], [ -112.058317306, 41.132898331 ], [ -112.058338696, 41.130741089 ], [ -112.058364808, 41.128760033 ], [ -112.057597878, 41.126338393 ], [ -112.056870552, 41.123985748 ], [ -112.056148016, 41.121617024 ], [ -112.055473027, 41.119468486000102 ], [ -112.054824148, 41.1174057120001 ], [ -112.054096834, 41.115045624000103 ], [ -112.053329141, 41.112556605000101 ], [ -112.052549553, 41.110072826000099 ], [ -112.051781832, 41.107587108000097 ], [ -112.050988731, 41.105003496000101 ], [ -112.049718657, 41.1031019710001 ], [ -112.048399548, 41.101133674 ], [ -112.046859357, 41.098841067000102 ], [ -112.045583098, 41.096915729 ], [ -112.045091219, 41.096206600000102 ], [ -112.044234019, 41.094879249 ], [ -112.042985769, 41.093047062 ], [ -112.04088704, 41.09091183 ], [ -112.038812102, 41.088790884 ], [ -112.036946288, 41.086895557 ], [ -112.034847532, 41.084735017000099 ], [ -112.032836786, 41.082669429000099 ], [ -112.030835524, 41.080621669 ], [ -112.029057661, 41.078795988 ], [ -112.027039778, 41.076721249000101 ], [ -112.025176382, 41.074816655000099 ], [ -112.023312989, 41.072906633000102 ], [ -112.021461434, 41.071021596 ], [ -112.019816649, 41.06932285 ], [ -112.017941325, 41.067392909 ], [ -112.016137317, 41.065514894 ], [ -112.014293016, 41.063608266000102 ], [ -112.012432003, 41.061715845 ], [ -112.010630354, 41.059862737000103 ], [ -112.008650473, 41.057830385 ], [ -112.006813226, 41.055936004 ], [ -112.004831013, 41.053910744000099 ], [ -112.002872511, 41.051908668000102 ], [ -112.000902137, 41.049885033000102 ], [ -111.998893767, 41.047827311 ], [ -111.996940013, 41.045832213 ], [ -111.995019575, 41.043851438 ], [ -111.993234603, 41.042035513 ], [ -111.991226172, 41.0399649350001 ], [ -111.989215433, 41.0378997400001 ], [ -111.987292626, 41.035933075000102 ], [ -111.985341238, 41.033939399000097 ], [ -111.983335194, 41.0318685760001 ], [ -111.981402875, 41.029880211 ], [ -111.979468149, 41.027891756 ], [ -111.977545319, 41.025906836 ], [ -111.975653411, 41.023961332 ], [ -111.97366166, 41.021917127 ], [ -111.971707928, 41.019910506 ], [ -111.969758932, 41.017907393 ], [ -111.967838491, 41.01592398 ], [ -111.965896805, 41.013933485 ], [ -111.963919437, 41.011971588 ], [ -111.961937164, 41.0100023090001 ], [ -111.95996441, 41.008032984000103 ], [ -111.957984573, 41.006060058 ], [ -111.955971456, 41.004067339000102 ], [ -111.953965422, 41.002083481000099 ], [ -111.951935586, 41.000065447 ], [ -111.949936663, 40.998063511 ], [ -111.948125584, 40.9962463620001 ], [ -111.946117235, 40.994255155000097 ], [ -111.944206261, 40.992358896 ], [ -111.942221628, 40.990376488 ], [ -111.940286794, 40.988453115 ], [ -111.938344959, 40.986454460000097 ], [ -111.936491155, 40.984615516000098 ], [ -111.934523174, 40.982638274000102 ], [ -111.932550472, 40.98068433 ], [ -111.930532529, 40.978676416 ], [ -111.928600194, 40.976742058000099 ], [ -111.926539553, 40.974692835 ], [ -111.924721299, 40.972891149000098 ], [ -111.922681967, 40.970861464 ], [ -111.920697315, 40.968874804 ], [ -111.9189433, 40.967117891 ], [ -111.916851728, 40.965055774000099 ], [ -111.915116601, 40.963321965 ], [ -111.913139095, 40.961340476 ], [ -111.911546659, 40.959744859000097 ], [ -111.910035266, 40.958236810000102 ], [ -111.908845509, 40.956076805000102 ], [ -111.907638103, 40.953890488000098 ], [ -111.90643541, 40.951714795 ], [ -111.905263654, 40.9495552590001 ], [ -111.904101432, 40.947458532 ], [ -111.90272049, 40.944955904 ], [ -111.901408415, 40.942558998 ], [ -111.900550166, 40.940932844 ], [ -111.900869386, 40.938598837 ], [ -111.901240187, 40.936293292000101 ], [ -111.901601463, 40.933942893000101 ], [ -111.90198176, 40.931608535000102 ], [ -111.902357278, 40.929267057000096 ], [ -111.902713794, 40.926903880000097 ], [ -111.90308221, 40.924556677000098 ], [ -111.903457748, 40.922222009000102 ], [ -111.905096187, 40.919836466 ], [ -111.906391533, 40.917672471000103 ], [ -111.907539493, 40.916081216000102 ], [ -111.908801577, 40.9143102560001 ], [ -111.909702408, 40.913063702 ], [ -111.911249683, 40.910911903000098 ], [ -111.912937208, 40.908558819000099 ], [ -111.91452728, 40.906347572000101 ], [ -111.916081691, 40.904175784000103 ], [ -111.917636153, 40.902002057000097 ], [ -111.919138281, 40.899930721 ], [ -111.920614238, 40.897861155 ], [ -111.922137783, 40.895733957000097 ], [ -111.923696969, 40.893561791 ], [ -111.925251396, 40.891396749000101 ], [ -111.926637066, 40.889467021 ], [ -111.928193862, 40.887296464 ], [ -111.9297887, 40.885070112000101 ], [ -111.931371643, 40.882868859 ], [ -111.932883287, 40.880755581000102 ], [ -111.934359287, 40.878703326 ], [ -111.935816257, 40.876672593000102 ], [ -111.937163886, 40.874794572 ], [ -111.938639849, 40.872726007 ], [ -111.939806882, 40.871083264 ], [ -111.941221103, 40.869118752000098 ], [ -111.94275174, 40.866985295000099 ], [ -111.944282404, 40.864842741000103 ], [ -111.945815434, 40.862710919 ], [ -111.947341317, 40.860571861 ], [ -111.948841077, 40.858470454 ], [ -111.950408572, 40.85647234 ], [ -111.952154991, 40.854349268000099 ], [ -111.9538663, 40.852202702 ], [ -111.955575242, 40.850068638 ], [ -111.957350705, 40.847859031 ], [ -111.959033489, 40.84575361 ], [ -111.960810789, 40.843550572 ], [ -111.962677023, 40.8421658010001 ], [ -111.96531864, 40.841067560000099 ], [ -111.967583725, 40.840128942 ], [ -111.97006033, 40.839098609000096 ], [ -111.972434768, 40.838111402 ], [ -111.975058752, 40.837023489000103 ], [ -111.977618547, 40.835958940000097 ], [ -111.980088053, 40.834932127000101 ], [ -111.982788104, 40.833811787000101 ], [ -111.985400455, 40.832697821000103 ], [ -111.986156789, 40.830686661000101 ], [ -111.986817535, 40.828830704 ], [ -111.987475912, 40.826974671000102 ], [ -111.988003573, 40.825500971 ], [ -111.990371562, 40.825231852000101 ], [ -111.992514189, 40.824991753000099 ], [ -111.994654484, 40.824741756 ], [ -111.996585786, 40.824524114 ], [ -111.998557295, 40.824310989 ], [ -112.000696313, 40.824064596 ], [ -112.002840216, 40.8238208860001 ], [ -112.004987663, 40.823577177000097 ], [ -112.007127993, 40.823335265 ], [ -112.00927658, 40.823094257 ], [ -112.011416892, 40.822847847 ], [ -112.013565555, 40.822607730000101 ], [ -112.015447576, 40.822394898 ], [ -112.015237815, 40.820966274000099 ], [ -112.014996567, 40.819333959000097 ], [ -112.014760072, 40.817701593 ], [ -112.014530715, 40.816114208 ], [ -112.014295412, 40.814524059000099 ], [ -112.014066048, 40.812934751 ], [ -112.0138355, 40.811344536 ], [ -112.013601386, 40.809735391000103 ], [ -112.013370837, 40.808151392000099 ], [ -112.013131965, 40.806515155 ], [ -112.012899042, 40.804879817 ], [ -112.012656614, 40.803242661000098 ], [ -112.012423684, 40.801661176 ], [ -112.012155103, 40.7998043750001 ], [ -112.011887715, 40.797953852 ], [ -112.011692816, 40.796617873000102 ], [ -112.01145865, 40.794996304000101 ], [ -112.011335023, 40.793751703 ], [ -112.011202524, 40.792457512000098 ], [ -112.010224253, 40.791422233 ], [ -112.009063208, 40.790199513000097 ], [ -112.007900951, 40.788975845 ], [ -112.006666727, 40.787674816 ], [ -112.00646863, 40.786362868 ], [ -112.006157097, 40.784288561 ], [ -112.006147583, 40.7828045320001 ], [ -112.006133323, 40.781584329000097 ], [ -112.006126191, 40.7804387730001 ], [ -112.006114308, 40.779099786000103 ], [ -112.006098859, 40.777763403000101 ], [ -112.006089351, 40.776109308000102 ], [ -112.006078656, 40.774643337 ], [ -112.006064395, 40.773317684000098 ], [ -112.0060537, 40.771712126000097 ], [ -112.006037036, 40.770375382 ], [ -112.006422267, 40.768838286000097 ], [ -112.006555258, 40.767241123000098 ], [ -112.00676085, 40.7647596320001 ], [ -112.006964779, 40.7622776850001 ], [ -112.006998277, 40.760627068000097 ], [ -112.008148647, 40.760497447 ], [ -112.008167662, 40.760032249000098 ], [ -112.006095235, 40.758372227000102 ] ] ] } },
{ "type": "Feature", "properties": { "objectid": "68497", "id": "200198", "type": "AC; OVERHEAD", "status": "NOT AVAILABLE", "naics_code": "221121", "naics_desc": "ELECTRIC BULK POWER TRANSMISSION AND CONTROL", "source": "Regional Map", "sourcedate": "2014-06-29T20:00:00-06:00", "val_method": "IMAGERY/OTHER", "val_date": "2014-06-29T20:00:00-06:00", "owner": "TRI-STATE G & T ASSN, INC", "voltage": 345.0, "volt_class": "345", "inferred": "N", "sub_1": "GRAND JUNCTION", "sub_2": "MONTROSE", "shape_lengt": 113934.829199181, "globalid": "c266d12b-1565-4a56-b362-4796b5a91297", "NERC": "WECC", "NERC_Label": "Western Electricity Coordinating Council (WECC)" }, "geometry": { "type": "MultiLineString", "coordinates": [ [ [ -108.414607626, 39.046989006 ], [ -108.414072177, 39.046362655 ], [ -108.414321533, 39.045496027000098 ], [ -108.414271663, 39.035139241 ], [ -108.414178154, 39.022921222 ], [ -108.414134517, 39.011030476 ], [ -108.411665895, 39.0088652250001 ], [ -108.402184147, 38.998411022 ], [ -108.390651447, 38.985740860000099 ], [ -108.380010194, 38.973998949000098 ], [ -108.368938802, 38.961910937 ], [ -108.357370941, 38.948897931 ], [ -108.348598226, 38.939249616 ], [ -108.338365369, 38.923033799 ], [ -108.329414588, 38.908754162 ], [ -108.31782843, 38.893935771 ], [ -108.306111692, 38.878901738 ], [ -108.294667987, 38.86416955 ], [ -108.292103837, 38.861895678000103 ], [ -108.274392211, 38.848740920000097 ], [ -108.250519503, 38.831145054 ], [ -108.220200808, 38.81976969 ], [ -108.209338786, 38.795431406 ], [ -108.200874718, 38.776165799000097 ], [ -108.194654281, 38.762097323 ], [ -108.187674095, 38.746526210000098 ], [ -108.179874807, 38.728803226 ], [ -108.173048946, 38.713530525000103 ], [ -108.169511369, 38.701043199 ], [ -108.165914437, 38.688581491 ], [ -108.163112866, 38.6787495720001 ], [ -108.154078987, 38.664615557 ], [ -108.145496208, 38.651238968 ], [ -108.138100537, 38.639686554 ], [ -108.128817365, 38.6252480570001 ], [ -108.118335216, 38.608867924 ], [ -108.110037343, 38.595916995 ], [ -108.097406532, 38.579177521000098 ], [ -108.084348363, 38.562044284000102 ], [ -108.074079894, 38.548537148 ], [ -108.065971958, 38.537850324 ], [ -108.062351283, 38.532956695 ], [ -108.054017797, 38.522063231000097 ], [ -108.048224718, 38.516091092000103 ], [ -108.040021814, 38.507824017000097 ], [ -108.039377136, 38.494743847 ], [ -108.038810965, 38.481455927000098 ], [ -108.037893508, 38.463351419 ], [ -108.037026009, 38.4462285500001 ], [ -108.03619658, 38.429853323 ], [ -108.035516748, 38.416032781000098 ], [ -108.034054157, 38.414970398 ], [ -108.033967571, 38.414907505 ], [ -108.027569068, 38.415986454000098 ], [ -108.019366164, 38.417297914000102 ], [ -108.003779458, 38.419734747000099 ], [ -107.983040711, 38.422999231000098 ], [ -107.954585773, 38.427686437 ], [ -107.95455016, 38.4386871560001 ], [ -107.952793243, 38.438659262 ], [ -107.952096487, 38.438374327000098 ] ] ] } },
{ "type": "Feature", "properties": { "objectid": "90495", "id": "310237", "type": "AC; OVERHEAD", "status": "IN SERVICE", "naics_code": "221121", "naics_desc": "ELECTRIC BULK POWER TRANSMISSION AND CONTROL", "source": "City of Albuquerque http://www.cabq.gov/planning/documents/EFPwithsecurityCOABernco20102020.pdf", "sourcedate": "2016-12-31T18:00:00-07:00", "val_method": "IMAGERY/OTHER", "val_date": "2016-12-31T18:00:00-07:00", "owner": "NOT AVAILABLE", "voltage": 345.0, "volt_class": "345", "inferred": "N", "sub_1": "WEST MESA", "sub_2": "SANDIA", "shape_lengt": 47391.110069223803, "globalid": "ab900188-3200-4b2a-b855-48899338e295", "NERC": "WECC", "NERC_Label": "Western Electricity Coordinating Council (WECC)" }, "geometry": { "type": "MultiLineString", "coordinates": [ [ [ -106.723999907, 35.114057879 ], [ -106.721357, 35.112417 ], [ -106.721331001, 35.110708999 ], [ -106.730052262, 35.105946178000103 ], [ -106.730563207, 35.105667143000097 ], [ -106.734797, 35.1033550000001 ], [ -106.746708429, 35.096869792000099 ], [ -106.749858, 35.095155 ], [ -106.764147, 35.087374000000104 ], [ -106.77445, 35.081758 ], [ -106.767788001, 35.073531000000102 ], [ -106.763522, 35.068308 ], [ -106.760798, 35.057255999000098 ], [ -106.758068, 35.046256999 ], [ -106.755986001, 35.037910999000097 ], [ -106.752803, 35.025127 ], [ -106.750429001, 35.01552 ], [ -106.747657, 35.00445 ], [ -106.747319957, 35.004448938 ], [ -106.700318, 35.004301 ], [ -106.692317001, 35.004579999 ], [ -106.671271001, 35.004364000000102 ], [ -106.651945851, 35.001247320000097 ], [ -106.651175, 35.001123 ], [ -106.639070148, 35.005136475 ], [ -106.618294, 35.012025000000101 ], [ -106.553807, 35.010481 ], [ -106.532865, 35.024022000000102 ], [ -106.532294, 35.044969999 ], [ -106.530305, 35.050753 ], [ -106.530211508, 35.051313251000103 ] ] ] } },
{ "type": "Feature", "properties": { "objectid": "68459", "id": "200159", "type": "AC; OVERHEAD", "status": "NOT AVAILABLE", "naics_code": "221121", "naics_desc": "ELECTRIC BULK POWER TRANSMISSION AND CONTROL", "source": "http://www.oasis.oati.com/PPW/PPWdocs/Transmission_Network_Diagram.pdf", "sourcedate": "2014-06-22T20:00:00-06:00", "val_method": "IMAGERY/OTHER", "val_date": "2014-06-22T20:00:00-06:00", "owner": "PACIFICORP", "voltage": 345.0, "volt_class": "345", "inferred": "N", "sub_1": "90TH SOUTH", "sub_2": "CAMP WILLIAMS", "shape_lengt": 22924.833353742899, "globalid": "dc581dc5-c874-440a-9370-4e7288afd157", "NERC": "WECC", "NERC_Label": "Western Electricity Coordinating Council (WECC)" }, "geometry": { "type": "MultiLineString", "coordinates": [ [ [ -111.916191286, 40.589554883000098 ], [ -111.91787392, 40.588900672000101 ], [ -111.917609072, 40.588309126000098 ], [ -111.917401348, 40.587544052 ], [ -111.917011866, 40.586045427000101 ], [ -111.917032638, 40.584243089 ], [ -111.917100149, 40.5812456580001 ], [ -111.91735461, 40.579561516000098 ], [ -111.917281907, 40.57780239 ], [ -111.913963517, 40.575546224 ], [ -111.912135546, 40.574571947 ], [ -111.910504914, 40.573491154000102 ], [ -111.90644391, 40.570481407 ], [ -111.905519539, 40.5700159290001 ], [ -111.905098898, 40.568958731000102 ], [ -111.903842168, 40.564899408 ], [ -111.902928183, 40.562098370000101 ], [ -111.902580245, 40.560843783000102 ], [ -111.901796087, 40.55853181 ], [ -111.901069054, 40.557415248 ], [ -111.900503006, 40.556381524000102 ], [ -111.898337484, 40.552455595 ], [ -111.898332291, 40.549831604000097 ], [ -111.89834787, 40.545175247 ], [ -111.898332291, 40.54229051 ], [ -111.897688347, 40.539180696000102 ], [ -111.896992471, 40.535940496000102 ], [ -111.896296596, 40.532696192000103 ], [ -111.895933079, 40.531097663 ], [ -111.895585142, 40.529463572 ], [ -111.89415704, 40.527268932 ], [ -111.894094723, 40.526313689000098 ], [ -111.893907771, 40.523767624000101 ], [ -111.894910039, 40.520822751 ], [ -111.896462775, 40.516330189 ], [ -111.897485815, 40.513306029 ], [ -111.897272898, 40.5101751280001 ], [ -111.897158651, 40.507217813000103 ], [ -111.901562398, 40.502503213000097 ], [ -111.905130056, 40.498680747 ], [ -111.907446179, 40.496188919000097 ], [ -111.910972292, 40.492425334000103 ], [ -111.912867773, 40.490403257 ], [ -111.915298143, 40.487887425 ], [ -111.915054068, 40.483155666000101 ], [ -111.914861923, 40.479363698 ], [ -111.918715202, 40.479367648 ], [ -111.922750239, 40.4793439480001 ], [ -111.924079672, 40.4793399980001 ], [ -111.928384751, 40.479675754 ], [ -111.931874513, 40.479948307 ], [ -111.934819, 40.475938894000102 ], [ -111.937379198, 40.472474410000103 ], [ -111.938152969, 40.471423573 ], [ -111.947173381, 40.471376166 ], [ -111.949375255, 40.471372216000098 ], [ -111.949494696, 40.470360868 ], [ -111.949255813, 40.469614199 ], [ -111.948871525, 40.468456649000103 ], [ -111.948913069, 40.468164295000101 ], [ -111.948620614, 40.4674531470001 ] ] ] } },
{ "type": "Feature", "properties": { "objectid": "68458", "id": "200158", "type": "AC; OVERHEAD", "status": "NOT AVAILABLE", "naics_code": "221121", "naics_desc": "ELECTRIC BULK POWER TRANSMISSION AND CONTROL", "source": "http://www.oasis.oati.com/PPW/PPWdocs/Transmission_Network_Diagram.pdf", "sourcedate": "2014-06-22T20:00:00-06:00", "val_method": "IMAGERY/OTHER", "val_date": "2014-06-22T20:00:00-06:00", "owner": "PACIFICORP", "voltage": 345.0, "volt_class": "345", "inferred": "N", "sub_1": "OQUIRRH", "sub_2": "CAMP WILLIAMS", "shape_lengt": 17781.5155735962, "globalid": "ee171b76-ce33-4a06-b03b-4f784deb1822", "NERC": "WECC", "NERC_Label": "Western Electricity Coordinating Council (WECC)" }, "geometry": { "type": "MultiLineString", "coordinates": [ [ [ -112.02806805, 40.564560743000101 ], [ -112.028789654, 40.566145445000103 ], [ -112.029529535, 40.565322904 ], [ -112.029531655, 40.565320559 ], [ -112.030292917, 40.5645273330001 ], [ -112.030220392, 40.553951190000099 ], [ -112.013512154, 40.537262472000101 ], [ -111.992326099, 40.516154387 ], [ -111.963251665, 40.48707891 ], [ -111.950346558, 40.471255797 ], [ -111.950100379, 40.468406963000099 ], [ -111.949901281, 40.467772224 ], [ -111.948620614, 40.4674531470001 ] ] ] } },
{ "type": "Feature", "properties": { "objectid": "93314", "id": "313063", "type": "AC; OVERHEAD", "status": "IN SERVICE", "naics_code": "221121", "naics_desc": "ELECTRIC BULK POWER TRANSMISSION AND CONTROL", "source": "Western Electricity Coordinating Council https://www.wecc.biz/Reliability/YEAR%202014%20OC%20MAP-1.pdf", "sourcedate": "2016-12-31T18:00:00-07:00", "val_method": "IMAGERY/OTHER", "val_date": "2016-12-31T18:00:00-07:00", "owner": "EL PASO ELECTRIC POWER COMPANY", "voltage": 345.0, "volt_class": "345", "inferred": "N", "sub_1": "NOT AVAILABLE", "sub_2": "NOT AVAILABLE", "shape_lengt": 57026.026207670802, "globalid": "1613ac2a-d660-4f6f-9ffc-71ec2aada816", "NERC": "WECC", "NERC_Label": "Western Electricity Coordinating Council (WECC)" }, "geometry": { "type": "MultiLineString", "coordinates": [ [ [ -106.434814453, 31.984375 ], [ -106.439735281, 31.984232188000099 ], [ -106.448843035, 31.9839678650001 ], [ -106.463265657, 32.0013831690001 ], [ -106.472262438, 32.012542247 ], [ -106.484733, 32.028009999000098 ], [ -106.509266, 32.0582840000001 ], [ -106.529650001, 32.083428 ], [ -106.55961, 32.120367 ], [ -106.593825, 32.11258 ], [ -106.595870569, 32.112110993 ], [ -106.634052221, 32.103356718 ], [ -106.634207065, 32.103321216 ], [ -106.64123, 32.101711000000101 ], [ -106.658843, 32.09764 ], [ -106.767982001, 32.098063 ], [ -106.847542, 32.119255000000102 ], [ -106.849542, 32.115547 ], [ -106.849546, 32.1143700000001 ], [ -106.848268787, 32.114060258 ] ] ] } },
{ "type": "Feature", "properties": { "objectid": "68507", "id": "200208", "type": "AC; OVERHEAD", "status": "NOT AVAILABLE", "naics_code": "221121", "naics_desc": "ELECTRIC BULK POWER TRANSMISSION AND CONTROL", "source": "Regional Map", "sourcedate": "2014-06-29T20:00:00-06:00", "val_method": "IMAGERY/OTHER", "val_date": "2014-06-29T20:00:00-06:00", "owner": "PUBLIC SERVICE CO OF COLORADO", "voltage": 345.0, "volt_class": "345", "inferred": "N", "sub_1": "MIDWAY", "sub_2": "WATERTON", "shape_lengt": 169784.71872404299, "globalid": "8774d2d0-5556-4659-95e0-77e2afbde17d", "NERC": "WECC", "NERC_Label": "Western Electricity Coordinating Council (WECC)" }, "geometry": { "type": "MultiLineString", "coordinates": [ [ [ -104.690542407, 38.561174435000098 ], [ -104.690143589, 38.5615141850001 ], [ -104.689547017, 38.562591814 ], [ -104.688696954, 38.563675244000102 ], [ -104.687577437, 38.565289059000101 ], [ -104.681944509, 38.572949366000103 ], [ -104.668680747, 38.578633486000101 ], [ -104.656602416, 38.583827905000099 ], [ -104.639137509, 38.591260169000101 ], [ -104.627356883, 38.596262988 ], [ -104.627334787, 38.6050183770001 ], [ -104.627688337, 38.606986897000098 ], [ -104.627688337, 38.615723713000101 ], [ -104.627754628, 38.637414386 ], [ -104.627754628, 38.658753397000098 ], [ -104.627887208, 38.676109844000102 ], [ -104.627909306, 38.684924480000099 ], [ -104.627909306, 38.697670144 ], [ -104.627975596, 38.713275747000097 ], [ -104.627942451, 38.730515545000102 ], [ -104.62150121, 38.736798417 ], [ -104.609204294, 38.7487248730001 ], [ -104.609182197, 38.759262274 ], [ -104.616275297, 38.764724222 ], [ -104.62780987, 38.773605456 ], [ -104.627754628, 38.7800137300001 ], [ -104.627732531, 38.795687457 ], [ -104.627710433, 38.803540248 ], [ -104.627644143, 38.819802761000098 ], [ -104.627622046, 38.834710389000101 ], [ -104.626649783, 38.840071896 ], [ -104.627003333, 38.845131825000102 ], [ -104.627555755, 38.853942813000103 ], [ -104.627588901, 38.8577112420001 ], [ -104.627467368, 38.870193814000103 ], [ -104.627412126, 38.888505075000097 ], [ -104.627392162, 38.899273577 ], [ -104.627349161, 38.911813731000102 ], [ -104.627325931, 38.919373737 ], [ -104.627274419, 38.929551157 ], [ -104.626999717, 39.013132781 ], [ -104.627014332, 39.020843143 ], [ -104.617333048, 39.020902228000097 ], [ -104.617402096, 39.030378756000097 ], [ -104.617326053, 39.039321474000097 ], [ -104.617143195, 39.05553452 ], [ -104.626649655, 39.064433824 ], [ -104.626690032, 39.070732187 ], [ -104.626459342, 39.0772850110001 ], [ -104.626482158, 39.110143543 ], [ -104.626542995, 39.134910683 ], [ -104.62657343, 39.164172121 ], [ -104.632246568, 39.175312410000103 ], [ -104.64655112, 39.203020925 ], [ -104.658239534, 39.225840660000102 ], [ -104.668706925, 39.2463127830001 ], [ -104.67832739, 39.252074510000099 ], [ -104.693704111, 39.261331182000099 ], [ -104.706997223, 39.269315011000103 ], [ -104.720807499, 39.277615838 ], [ -104.734123512, 39.285585745000098 ], [ -104.74745436, 39.293637610000097 ], [ -104.759545963, 39.300888073000102 ], [ -104.766496741, 39.305072053000103 ], [ -104.774118287, 39.309631411000098 ], [ -104.778373472, 39.316961121000098 ], [ -104.782639723, 39.32432677 ], [ -104.789058122, 39.335391454 ], [ -104.794921379, 39.345513437000101 ], [ -104.799324536, 39.35309957 ], [ -104.806275267, 39.365076891000101 ], [ -104.812009273, 39.374953603000101 ], [ -104.818260293, 39.385680995 ], [ -104.829245079, 39.404586564000098 ], [ -104.835044906, 39.411408838 ], [ -104.840154934, 39.417424645 ], [ -104.846459252, 39.424885446000097 ], [ -104.855600177, 39.435652312 ], [ -104.86204132, 39.443257909000103 ], [ -104.868832366, 39.451297312000101 ], [ -104.874224248, 39.457656664000098 ], [ -104.879491016, 39.463834817000098 ], [ -104.883011845, 39.468013832000103 ], [ -104.885876418, 39.471365166000098 ], [ -104.889678706, 39.4758602960001 ], [ -104.893322006, 39.480152877000101 ], [ -104.896524864, 39.483921121 ], [ -104.900283638, 39.488340081 ], [ -104.903514796, 39.492162923000102 ], [ -104.903946285, 39.492908454 ], [ -104.905370584, 39.492769957 ], [ -104.907321835, 39.492881933 ], [ -104.921152423, 39.492914347000102 ], [ -104.925647977, 39.492903437000102 ], [ -104.934280503, 39.492896099000099 ], [ -104.941467938, 39.492896099000099 ], [ -104.942295064, 39.492910773000098 ], [ -104.946126461, 39.492067044000102 ], [ -104.953646648, 39.4904309140001 ], [ -104.957088251, 39.491135262 ], [ -104.969989506, 39.493717809 ], [ -104.973526181, 39.494414786 ], [ -104.97944916, 39.495617973 ], [ -104.981493205, 39.496006804 ], [ -104.985058401, 39.495977458 ], [ -104.993034932, 39.495984795 ], [ -105.006364011, 39.49593344 ], [ -105.014340544, 39.495918767 ], [ -105.020795924, 39.495918767 ], [ -105.025644591, 39.495926104 ], [ -105.038108516, 39.495926104 ], [ -105.054251723, 39.495977458 ], [ -105.067514252, 39.495962786000099 ], [ -105.069929078, 39.495962786000099 ], [ -105.070727682, 39.496131523 ], [ -105.071568034, 39.497212293000104 ] ] ] } },
{ "type": "Feature", "properties": { "objectid": "74449", "id": "206728", "type": "AC", "status": "NOT AVAILABLE", "naics_code": "221121", "naics_desc": "ELECTRIC BULK POWER TRANSMISSION AND CONTROL", "source": "IMAGERY", "sourcedate": "2015-12-17T18:00:00-07:00", "val_method": "IMAGERY", "val_date": "2015-12-17T18:00:00-07:00", "owner": "DESERET GENERATION & TRAN COOP", "voltage": 345.0, "volt_class": "345", "inferred": "Y", "sub_1": "NOT AVAILABLE", "sub_2": "BONANZA", "shape_lengt": 362.2551564218, "globalid": "6529f07b-d245-485c-94ff-780de5a13df1", "NERC": "WECC", "NERC_Label": "Western Electricity Coordinating Council (WECC)" }, "geometry": { "type": "MultiLineString", "coordinates": [ [ [ -109.28736739, 40.086460829 ], [ -109.288137325, 40.086181191 ], [ -109.289140292, 40.086173734 ], [ -109.290506664, 40.085944304000101 ] ] ] } },
{ "type": "Feature", "properties": { "objectid": "82918", "id": "302642", "type": "AC; OVERHEAD", "status": "NOT AVAILABLE", "naics_code": "221121", "naics_desc": "ELECTRIC BULK POWER TRANSMISSION AND CONTROL", "source": "EPE maps", "sourcedate": "2016-08-07T20:00:00-06:00", "val_method": "IMAGERY/OTHER", "val_date": "2016-08-07T20:00:00-06:00", "owner": "EL PASO ELECTRIC CO.", "voltage": 345.0, "volt_class": "345", "inferred": "N", "sub_1": "PICANTE", "sub_2": "NOT AVAILABLE", "shape_lengt": 14088.481287848999, "globalid": "0cb51ac0-c2fc-47b8-aa31-7a6bafc54716", "NERC": "WECC", "NERC_Label": "Western Electricity Coordinating Council (WECC)" }, "geometry": { "type": "MultiLineString", "coordinates": [ [ [ -106.314478942, 31.8802309820001 ], [ -106.31383559, 31.879947308000101 ], [ -106.313487293, 31.843764849 ], [ -106.313320001, 31.826386 ], [ -106.313243163, 31.826382831 ], [ -106.311089, 31.8262940000001 ], [ -106.250548708, 31.826091708 ] ] ] } },
{ "type": "Feature", "properties": { "objectid": "68448", "id": "200148", "type": "AC; OVERHEAD", "status": "NOT AVAILABLE", "naics_code": "221121", "naics_desc": "ELECTRIC BULK POWER TRANSMISSION AND CONTROL", "source": "http://www.oasis.oati.com/PPW/PPWdocs/Transmission_Network_Diagram.pdf", "sourcedate": "2014-06-22T20:00:00-06:00", "val_method": "IMAGERY/OTHER", "val_date": "2014-06-22T20:00:00-06:00", "owner": "PACIFICORP", "voltage": 345.0, "volt_class": "345", "inferred": "N", "sub_1": "BEN LOMOND", "sub_2": "SYRACUSE", "shape_lengt": 38830.308719327302, "globalid": "aa74bbed-3263-4010-8d6e-83c089134ce5", "NERC": "WECC", "NERC_Label": "Western Electricity Coordinating Council (WECC)" }, "geometry": { "type": "MultiLineString", "coordinates": [ [ [ -112.047247788, 41.340060929000103 ], [ -112.047810916, 41.340600474 ], [ -112.049345698, 41.3403463430001 ], [ -112.0583448, 41.340414247000098 ], [ -112.064487278, 41.34044628 ], [ -112.063236586, 41.338007637 ], [ -112.062850204, 41.336622293000097 ], [ -112.062236002, 41.334652361 ], [ -112.061470696, 41.332163957 ], [ -112.060810851, 41.329720822000098 ], [ -112.060081498, 41.327198062 ], [ -112.059336256, 41.324843218000098 ], [ -112.058574581, 41.322321687 ], [ -112.05783413, 41.3198450410001 ], [ -112.056498467, 41.315634042 ], [ -112.056511823, 41.313105726 ], [ -112.056481191, 41.310550102 ], [ -112.056463461, 41.308354608000101 ], [ -112.056438415, 41.30568771 ], [ -112.05640929, 41.303495894 ], [ -112.056405699, 41.301422566 ], [ -112.056381321, 41.299315581 ], [ -112.056367804, 41.297216039 ], [ -112.056343948, 41.295132697 ], [ -112.056418487, 41.293223444 ], [ -112.056533807, 41.289673271 ], [ -112.056018084, 41.28715434 ], [ -112.055471946, 41.284600514 ], [ -112.054940994, 41.282185423000101 ], [ -112.05441612, 41.279743575000097 ], [ -112.053872173, 41.277276491000102 ], [ -112.054490534, 41.274867402 ], [ -112.055131054, 41.272382279 ], [ -112.055598935, 41.270526513 ], [ -112.056088575, 41.268596635 ], [ -112.056563055, 41.266643864000102 ], [ -112.056608937, 41.261785706000097 ], [ -112.056607246, 41.2593134520001 ], [ -112.056598889, 41.256841589 ], [ -112.056605871, 41.25437715 ], [ -112.056615206, 41.2519716850001 ], [ -112.056612412, 41.249840842 ], [ -112.056612042, 41.247257219000097 ], [ -112.056615953, 41.244773878 ], [ -112.056634389, 41.242360427 ], [ -112.056614249, 41.240169768 ], [ -112.056612225, 41.237548949 ], [ -112.056625357, 41.234883234 ], [ -112.056634447, 41.232703592000099 ], [ -112.056640588, 41.230167367 ], [ -112.056641359, 41.227787094000099 ], [ -112.056645756, 41.225076300000097 ], [ -112.056650577, 41.222335503000103 ], [ -112.056642028, 41.2196092350001 ], [ -112.056906146, 41.217254239 ], [ -112.057182714, 41.214494463000101 ], [ -112.057385275, 41.212166794 ], [ -112.057806434, 41.209485288 ], [ -112.058004001, 41.206750388 ], [ -112.058053734, 41.2046345 ], [ -112.058065625, 41.2020671430001 ], [ -112.058085367, 41.1998380470001 ], [ -112.058086627, 41.197433461000102 ], [ -112.05808784, 41.195121089000097 ], [ -112.05809514, 41.192691182 ], [ -112.058150332, 41.190233621000097 ], [ -112.05815698, 41.1880438 ], [ -112.058164473, 41.185575467 ], [ -112.05817847, 41.183112426 ], [ -112.058190453, 41.181003493 ], [ -112.058212278, 41.178368539000097 ], [ -112.058234371, 41.1757009190001 ], [ -112.058232499, 41.173242493 ], [ -112.058230861, 41.1710898790001 ], [ -112.058200892, 41.168476488000103 ], [ -112.058252653, 41.1659972100001 ], [ -112.058290626, 41.1611546930001 ], [ -112.058292453, 41.15922748 ], [ -112.05831913, 41.154809339 ], [ -112.058335306, 41.152130034 ], [ -112.058332552, 41.149687234 ], [ -112.058373905, 41.144833649000098 ], [ -112.058398083, 41.142583273000099 ], [ -112.058345485, 41.137718070000098 ], [ -112.058378306, 41.132896475000102 ], [ -112.058430266, 41.130732149 ], [ -112.058443104, 41.128740106000102 ], [ -112.057675889, 41.126314352000101 ], [ -112.056217375, 41.121603395000101 ], [ -112.055552305, 41.119455128 ], [ -112.054912334, 41.117387968000102 ], [ -112.054179622, 41.115021168 ], [ -112.053409637, 41.112535487 ], [ -112.052641428, 41.110055452 ], [ -112.051856237, 41.107579996 ], [ -112.051028913, 41.104971612 ], [ -112.049766422, 41.103063602000098 ], [ -112.048467268, 41.101100125000102 ], [ -112.045655791, 41.096888113 ], [ -112.045178627, 41.096173224 ], [ -112.045034074, 41.095506721000099 ], [ -112.0435657, 41.094735381000099 ] ] ] } },
{ "type": "Feature", "properties": { "objectid": "68499", "id": "200200", "type": "AC; OVERHEAD", "status": "NOT AVAILABLE", "naics_code": "221121", "naics_desc": "ELECTRIC BULK POWER TRANSMISSION AND CONTROL", "source": "Regional Map", "sourcedate": "2014-06-29T20:00:00-06:00", "val_method": "IMAGERY/OTHER", "val_date": "2014-06-29T20:00:00-06:00", "owner": "TRI-STATE G & T ASSN, INC", "voltage": 345.0, "volt_class": "345", "inferred": "N", "sub_1": "HESPERUS", "sub_2": "WATERFLOW", "shape_lengt": 88741.662414341205, "globalid": "2fb8f237-cc0a-4c54-98b7-518cba71c701", "NERC": "WECC", "NERC_Label": "Western Electricity Coordinating Council (WECC)" }, "geometry": { "type": "MultiLineString", "coordinates": [ [ [ -108.015592303, 37.184408780000098 ], [ -108.015718851, 37.1840394560001 ], [ -108.015893363, 37.183272377 ], [ -108.016741845, 37.182792949 ], [ -108.019672419, 37.178022476 ], [ -108.023818549, 37.1713720750001 ], [ -108.029059883, 37.163081031 ], [ -108.038020097, 37.148904068 ], [ -108.038531593, 37.137636379000099 ], [ -108.039440252, 37.122859683000101 ], [ -108.040084135, 37.110964268 ], [ -108.040818283, 37.099129377000096 ], [ -108.041504291, 37.087278237000099 ], [ -108.041979681, 37.079093197000098 ], [ -108.040986777, 37.060540368 ], [ -108.040060065, 37.042295209 ], [ -108.039909625, 37.039528516000097 ], [ -108.040246611, 37.030622539 ], [ -108.039139372, 37.025751191 ], [ -108.0384573, 37.013052581000103 ], [ -108.038339721, 37.009405376000103 ], [ -108.037954422, 37.002855494000102 ], [ -108.037322374, 36.996357546000098 ], [ -108.03559963, 36.977873895000101 ], [ -108.033758997, 36.957887406000097 ], [ -108.039295392, 36.952409312 ], [ -108.046237626, 36.945216544000097 ], [ -108.053136381, 36.937258537 ], [ -108.068673071, 36.921664455 ], [ -108.075180509, 36.915140873 ], [ -108.079108162, 36.913402702 ], [ -108.084012045, 36.908517212 ], [ -108.093341114, 36.899335650000097 ], [ -108.103594308, 36.889501017 ], [ -108.117464156, 36.874696853000103 ], [ -108.123089663, 36.866909082000099 ], [ -108.14095457, 36.849275195000097 ], [ -108.173043568, 36.849474883 ], [ -108.181628282, 36.849523597 ], [ -108.199270495, 36.849590243000101 ], [ -108.206435597, 36.849613032 ], [ -108.215320065, 36.852209139 ], [ -108.224311423, 36.852371258000097 ], [ -108.22814071, 36.851114039 ], [ -108.236139805, 36.849774658000101 ], [ -108.24025278, 36.849062477000103 ], [ -108.251071534, 36.849518126000099 ], [ -108.262702828, 36.84853414 ], [ -108.268226981, 36.848096731 ], [ -108.273873242, 36.849920358000098 ], [ -108.289912085, 36.849900207000097 ], [ -108.305418454, 36.849790447 ], [ -108.322980431, 36.849698044 ], [ -108.331375338, 36.848340621 ], [ -108.355532157, 36.848883891000099 ], [ -108.367974689, 36.849184229000102 ], [ -108.379296253, 36.849435747 ], [ -108.384565454, 36.849448095000099 ], [ -108.397538678, 36.849489584 ], [ -108.412843691, 36.849466673 ], [ -108.423912668, 36.849475414 ], [ -108.44207302, 36.836576244000099 ], [ -108.442146614, 36.829700475 ], [ -108.442121358, 36.821102366 ], [ -108.441985887, 36.817327668000097 ], [ -108.442104546, 36.816826071 ] ] ] } },
{ "type": "Feature", "properties": { "objectid": "74439", "id": "206718", "type": "AC", "status": "NOT AVAILABLE", "naics_code": "221121", "naics_desc": "ELECTRIC BULK POWER TRANSMISSION AND CONTROL", "source": "IMAGERY", "sourcedate": "2015-12-17T18:00:00-07:00", "val_method": "IMAGERY", "val_date": "2015-12-17T18:00:00-07:00", "owner": "PACIFICORP", "voltage": 345.0, "volt_class": "345", "inferred": "Y", "sub_1": "NOT AVAILABLE", "sub_2": "CURRENT CREEK", "shape_lengt": 339.35235781260002, "globalid": "f58e375e-568a-4b4d-82c2-520314640486", "NERC": "WECC", "NERC_Label": "Western Electricity Coordinating Council (WECC)" }, "geometry": { "type": "MultiLineString", "coordinates": [ [ [ -111.893973994, 39.821786575 ], [ -111.894046979, 39.821392896000098 ], [ -111.894807797, 39.821357509000102 ], [ -111.895789782, 39.821361933 ], [ -111.8960773, 39.821370779000098 ], [ -111.896148433, 39.821749922 ] ] ] } },
{ "type": "Feature", "properties": { "objectid": "68498", "id": "200199", "type": "AC; OVERHEAD", "status": "NOT AVAILABLE", "naics_code": "221121", "naics_desc": "ELECTRIC BULK POWER TRANSMISSION AND CONTROL", "source": "Regional Map", "sourcedate": "2014-06-29T20:00:00-06:00", "val_method": "IMAGERY/OTHER", "val_date": "2014-06-29T20:00:00-06:00", "owner": "TRI-STATE G & T ASSN, INC", "voltage": 345.0, "volt_class": "345", "inferred": "N", "sub_1": "MONTROSE", "sub_2": "HESPERUS", "shape_lengt": 222522.15644275301, "globalid": "cbc13a60-b61a-435b-b0d9-5482640f923e", "NERC": "WECC", "NERC_Label": "Western Electricity Coordinating Council (WECC)" }, "geometry": { "type": "MultiLineString", "coordinates": [ [ [ -107.952096487, 38.438374327000098 ], [ -107.952781372, 38.438296627000099 ], [ -107.954348351, 38.438287328000101 ], [ -107.954429449, 38.436641084 ], [ -107.954431449, 38.427612039000103 ], [ -107.991493247, 38.421549641000098 ], [ -108.013746519, 38.418070314 ], [ -108.02755363, 38.415888880000097 ], [ -108.03406254, 38.414647066 ], [ -108.039499487, 38.4094008920001 ], [ -108.039665682, 38.392552891 ], [ -108.039956375, 38.375588499000102 ], [ -108.040213121, 38.3580416900001 ], [ -108.040512657, 38.325990175000101 ], [ -108.046802913, 38.317261653000102 ], [ -108.077869075, 38.301211858 ], [ -108.092161221, 38.267992951000103 ], [ -108.102773354, 38.264028507 ], [ -108.106111041, 38.263591734 ], [ -108.109191982, 38.264431681000097 ], [ -108.113000369, 38.2639949100001 ], [ -108.114198513, 38.2622477970001 ], [ -108.114925957, 38.260534242000098 ], [ -108.118135271, 38.253881234000097 ], [ -108.119333415, 38.228540464 ], [ -108.120445978, 38.203089985000098 ], [ -108.120659932, 38.186275013000099 ], [ -108.120574351, 38.172450198 ], [ -108.108935237, 38.137691577 ], [ -108.108250583, 38.1249010820001 ], [ -108.108036629, 38.112512361 ], [ -108.10807942, 38.107462008 ], [ -108.109662682, 38.090355552000098 ], [ -108.132769744, 38.072537682000103 ], [ -108.149586551, 38.0720997600001 ], [ -108.166965384, 38.062013186000101 ], [ -108.172336999, 38.059117127 ], [ -108.176652695, 38.051043414 ], [ -108.180187124, 38.044432015 ], [ -108.186346318, 38.032991241 ], [ -108.190496667, 38.025154064 ], [ -108.200247143, 38.018555258 ], [ -108.207581321, 38.013620694000103 ], [ -108.215076585, 38.001301498 ], [ -108.216943295, 37.998165372000102 ], [ -108.218696296, 37.994909632 ], [ -108.220345065, 37.992475201 ], [ -108.233326748, 37.982520074 ], [ -108.249378554, 37.9702255340001 ], [ -108.265686203, 37.957674912000101 ], [ -108.279549126, 37.947057503000103 ], [ -108.298045657, 37.932806394000103 ], [ -108.309454377, 37.924009234 ], [ -108.323393105, 37.913297251000103 ], [ -108.332774031, 37.892556574 ], [ -108.334214334, 37.8892587610001 ], [ -108.337701385, 37.885452259 ], [ -108.338971127, 37.8788483700001 ], [ -108.343453124, 37.868952646 ], [ -108.347309727, 37.8602077 ], [ -108.348399431, 37.85823265 ], [ -108.350019772, 37.85419261 ], [ -108.357050728, 37.838733671000099 ], [ -108.359410173, 37.833450252 ], [ -108.359703919, 37.830553938 ], [ -108.363134115, 37.809602803000097 ], [ -108.364176441, 37.803066987000101 ], [ -108.367995141, 37.793565441000098 ], [ -108.36630847, 37.789589254000099 ], [ -108.36729394, 37.774109290000098 ], [ -108.366280043, 37.753396869 ], [ -108.366962291, 37.750901997 ], [ -108.373036204, 37.745132754 ], [ -108.384918708, 37.732641176000101 ], [ -108.398857436, 37.707734161000097 ], [ -108.396706457, 37.686965669000102 ], [ -108.395739937, 37.677179219 ], [ -108.395569375, 37.673939282 ], [ -108.396649603, 37.645163639 ], [ -108.395683083, 37.6438131 ], [ -108.396355857, 37.625083098000097 ], [ -108.396839117, 37.612203483 ], [ -108.377963558, 37.59682158 ], [ -108.373434182, 37.584064725000097 ], [ -108.371235824, 37.577854447 ], [ -108.357012825, 37.573100643 ], [ -108.354122742, 37.572251986 ], [ -108.350844156, 37.571080372 ], [ -108.331542192, 37.5600242410001 ], [ -108.319394368, 37.553135861 ], [ -108.299249069, 37.529746680000102 ], [ -108.284533334, 37.509792833000098 ], [ -108.277218108, 37.499652281000103 ], [ -108.271286331, 37.493367303000099 ], [ -108.26439751, 37.486209604000102 ], [ -108.257129662, 37.47852484 ], [ -108.25120736, 37.461137212 ], [ -108.248042483, 37.451689643000101 ], [ -108.237117022, 37.434498927 ], [ -108.230256628, 37.423723564 ], [ -108.218279366, 37.410033907000098 ], [ -108.209969193, 37.400700326000099 ], [ -108.203705767, 37.382360971 ], [ -108.198958451, 37.368505611 ], [ -108.194931285, 37.3568169260001 ], [ -108.191340002, 37.34905861 ], [ -108.17297613, 37.343250647 ], [ -108.165225023, 37.339649636 ], [ -108.147211752, 37.334345739000099 ], [ -108.124413261, 37.335845032000101 ], [ -108.113506751, 37.333441629000099 ], [ -108.112350717, 37.3304655210001 ], [ -108.112379144, 37.324377318000103 ], [ -108.112587609, 37.306509211 ], [ -108.104921783, 37.302084861 ], [ -108.099387985, 37.296620015 ], [ -108.090139719, 37.292541851000102 ], [ -108.078020322, 37.291132157 ], [ -108.063304587, 37.285108620000102 ], [ -108.062262262, 37.27119007 ], [ -108.056899026, 37.253799577000102 ], [ -108.041671606, 37.245427179 ], [ -108.030168128, 37.239022799 ], [ -108.015945129, 37.233462842 ], [ -108.013130852, 37.219889394000099 ], [ -108.016039886, 37.212433899000096 ], [ -108.015787584, 37.196637456000097 ], [ -108.015367112, 37.186756608 ], [ -108.015281832, 37.185095812 ], [ -108.015592303, 37.184408780000098 ] ] ] } },
{ "type": "Feature", "properties": { "objectid": "74666", "id": "206958", "type": "AC; OVERHEAD", "status": "NOT AVAILABLE", "naics_code": "221121", "naics_desc": "ELECTRIC BULK POWER TRANSMISSION AND CONTROL", "source": "IMAGERY", "sourcedate": "2015-09-13T20:00:00-06:00", "val_method": "IMAGERY", "val_date": "2015-09-13T20:00:00-06:00", "owner": "PACIFICORP", "voltage": 345.0, "volt_class": "345", "inferred": "Y", "sub_1": "JIM BRIDGER", "sub_2": "NOT AVAILABLE", "shape_lengt": 660.743543004, "globalid": "0cac9ee9-c636-4c6f-9f78-5624280337a3", "NERC": "WECC", "NERC_Label": "Western Electricity Coordinating Council (WECC)" }, "geometry": { "type": "MultiLineString", "coordinates": [ [ [ -108.790339686, 41.7349171050001 ], [ -108.790015738, 41.735518361000103 ], [ -108.789682614, 41.735903833000101 ], [ -108.788592821, 41.737098323 ], [ -108.786416407, 41.738040272 ] ] ] } },
{ "type": "Feature", "properties": { "objectid": "72112", "id": "204326", "type": "AC; OVERHEAD", "status": "UNDER CONSTRUCTION", "naics_code": "221121", "naics_desc": "ELECTRIC BULK POWER TRANSMISSION AND CONTROL", "source": "IMAGERY", "sourcedate": "2015-08-28T20:00:00-06:00", "val_method": "IMAGERY", "val_date": "2015-08-28T20:00:00-06:00", "owner": "PACIFICORP", "voltage": 345.0, "volt_class": "345", "inferred": "Y", "sub_1": "SIGURD", "sub_2": "RED BUTTE", "shape_lengt": 348060.96598256408, "globalid": "05378071-d2d9-4a00-98d1-584ee244bc99", "NERC": "WECC", "NERC_Label": "Western Electricity Coordinating Council (WECC)" }, "geometry": { "type": "MultiLineString", "coordinates": [ [ [ -111.993278603, 38.844292165000098 ], [ -111.993389998, 38.846171061000099 ], [ -112.001509909, 38.845970294 ], [ -112.012964783, 38.846148753000101 ], [ -112.029235835, 38.837582694 ], [ -112.044940277, 38.823149775000097 ], [ -112.062563161, 38.807423025 ], [ -112.076527622, 38.795421619000102 ], [ -112.088261339, 38.7897109130001 ], [ -112.093771279, 38.785026349000098 ], [ -112.10494731, 38.769165754 ], [ -112.109252647, 38.762250445000099 ], [ -112.110234175, 38.749347818 ], [ -112.118978694, 38.735642123 ], [ -112.130444722, 38.728012976000102 ], [ -112.135129285, 38.717689089 ], [ -112.142758432, 38.704483081 ], [ -112.149651433, 38.696407785000098 ], [ -112.157146735, 38.686302512 ], [ -112.16165284, 38.681216414000097 ], [ -112.174992693, 38.669906538000099 ], [ -112.205286206, 38.657213601000102 ], [ -112.212826123, 38.6541797880001 ], [ -112.220990649, 38.64385144 ], [ -112.240398127, 38.640103789000101 ], [ -112.24579653, 38.619424786 ], [ -112.248540346, 38.609274897 ], [ -112.251841848, 38.6048803300001 ], [ -112.270981637, 38.595979659000101 ], [ -112.273770068, 38.588595894 ], [ -112.274326267, 38.581915557000102 ], [ -112.275777738, 38.578322571000101 ], [ -112.28009646, 38.574824763 ], [ -112.286687567, 38.571779053 ], [ -112.299596143, 38.565616249000101 ], [ -112.312814049, 38.563236788 ], [ -112.325972468, 38.561416501000103 ], [ -112.341974343, 38.560607484000101 ], [ -112.348862883, 38.560345743 ], [ -112.358642468, 38.5618804960001 ], [ -112.368294751, 38.56133322 ], [ -112.390840144, 38.558822888000101 ], [ -112.406382784, 38.557102538 ], [ -112.414130309, 38.556264968 ], [ -112.434669816, 38.562375423 ], [ -112.45222072, 38.567629273000101 ], [ -112.483439249, 38.579640792000099 ], [ -112.493979397, 38.583638693000097 ], [ -112.499888727, 38.585870727 ], [ -112.509723358, 38.588632976 ], [ -112.511886977, 38.590163757 ], [ -112.522747831, 38.593156906 ], [ -112.541770263, 38.598464623 ], [ -112.556713278, 38.592554042000103 ], [ -112.566088355, 38.588908708000098 ], [ -112.574473575, 38.579181471 ], [ -112.58367733, 38.568588111 ], [ -112.58774145, 38.563857743 ], [ -112.620938937, 38.568805617000102 ], [ -112.622587769, 38.5864753050001 ], [ -112.623747388, 38.599187623 ], [ -112.644046148, 38.603173811 ], [ -112.667432392, 38.607696324000102 ], [ -112.693482135, 38.612671812 ], [ -112.721731529, 38.618125643 ], [ -112.745268162, 38.62477533 ], [ -112.759962702, 38.631660565000097 ], [ -112.792468259, 38.641499203000102 ], [ -112.799208542, 38.643510417000101 ], [ -112.831822813, 38.642223965 ], [ -112.851590685, 38.636262801 ], [ -112.851210185, 38.614153949000098 ], [ -112.85092028, 38.597835942000103 ], [ -112.853420708, 38.582191964 ], [ -112.855377564, 38.569950741000099 ], [ -112.854580326, 38.547472260000099 ], [ -112.853456946, 38.518159278 ], [ -112.853148922, 38.511114596 ], [ -112.859102839, 38.4981558590001 ], [ -112.864013098, 38.487056135 ], [ -112.866542516, 38.481544324 ], [ -112.871733621, 38.480058562000103 ], [ -112.895547474, 38.480167277000099 ], [ -112.918208957, 38.487124988000097 ], [ -112.925583406, 38.489407987 ], [ -112.955197164, 38.48897313 ], [ -113.000329879, 38.488194011000097 ], [ -113.04203266, 38.487505488000103 ], [ -113.042050779, 38.481935695000097 ], [ -113.040057685, 38.476644935 ], [ -113.039677185, 38.452724179 ], [ -113.0394054, 38.43608003 ], [ -113.053279148, 38.418428462000101 ], [ -113.059609941, 38.410369113000101 ], [ -113.059881726, 38.388869061 ], [ -113.06866946, 38.368021294000101 ], [ -113.076931742, 38.347999756 ], [ -113.095114198, 38.330235849000097 ], [ -113.118215973, 38.307460217 ], [ -113.146264246, 38.279683729000098 ], [ -113.159355252, 38.248895858 ], [ -113.172582151, 38.218075372 ], [ -113.212299086, 38.186385172 ], [ -113.237919407, 38.1660374900001 ], [ -113.237412074, 38.115231704000102 ], [ -113.237278733, 38.077079729 ], [ -113.249222127, 38.062084981000098 ], [ -113.249584544, 37.944288194000102 ], [ -113.317256415, 37.8909882680001 ], [ -113.404783805, 37.819961944000099 ], [ -113.440653915, 37.798265739 ], [ -113.48781618, 37.759261307 ], [ -113.503202192, 37.713279113 ], [ -113.518660379, 37.685448695 ], [ -113.516274534, 37.677931329 ], [ -113.515513106, 37.6618461730001 ], [ -113.523888809, 37.661750995 ], [ -113.557486799, 37.648901905000102 ], [ -113.575643665, 37.6335518980001 ], [ -113.582807999, 37.634987208 ], [ -113.592988357, 37.628438541 ], [ -113.607442561, 37.609274539000097 ], [ -113.617591953, 37.579571144000099 ], [ -113.613957414, 37.562951035 ], [ -113.607292362, 37.547981595000103 ], [ -113.596283893, 37.54167914 ], [ -113.599577049, 37.520914907000098 ], [ -113.614213149, 37.494817528000098 ], [ -113.626303049, 37.462200706 ], [ -113.632367893, 37.432879232000097 ], [ -113.641342823, 37.424180877 ], [ -113.645571651, 37.415595074000102 ], [ -113.645211607, 37.41300556 ] ] ] } },
{ "type": "Feature", "properties": { "objectid": "74390", "id": "206669", "type": "AC; OVERHEAD", "status": "NOT AVAILABLE", "naics_code": "221121", "naics_desc": "ELECTRIC BULK POWER TRANSMISSION AND CONTROL", "source": "IMAGERY", "sourcedate": "2015-12-07T18:00:00-07:00", "val_method": "IMAGERY", "val_date": "2015-12-07T18:00:00-07:00", "owner": "WAPA-- WESTERN AREA POWER ADMINISTRATION", "voltage": 345.0, "volt_class": "345", "inferred": "Y", "sub_1": "NOT AVAILABLE", "sub_2": "COMANCHE", "shape_lengt": 409.71391409040001, "globalid": "acaf0e38-2b99-46ea-a5bc-63d818df935c", "NERC": "WECC", "NERC_Label": "Western Electricity Coordinating Council (WECC)" }, "geometry": { "type": "MultiLineString", "coordinates": [ [ [ -104.575438511, 38.208924634 ], [ -104.575319538, 38.209553109000097 ], [ -104.57530427, 38.210325443 ], [ -104.575299511, 38.210915549 ], [ -104.576305422, 38.211333365 ] ] ] } },
{ "type": "Feature", "properties": { "objectid": "90043", "id": "309784", "type": "AC; OVERHEAD", "status": "IN SERVICE", "naics_code": "221121", "naics_desc": "ELECTRIC BULK POWER TRANSMISSION AND CONTROL", "source": "Western Electricity Coordinating Council https://www.wecc.biz/Reliability/YEAR%202014%20OC%20MAP-1.pdf", "sourcedate": "2016-12-31T18:00:00-07:00", "val_method": "IMAGERY/OTHER", "val_date": "2016-12-31T18:00:00-07:00", "owner": "ARIZONA PUBLIC SERVICE COMPANY", "voltage": 345.0, "volt_class": "345", "inferred": "N", "sub_1": "CHOLLA", "sub_2": "UNKNOWN309328", "shape_lengt": 2317.7802419983, "globalid": "dcaab4ae-f0ad-4d41-84d6-6556091c2563", "NERC": "WECC", "NERC_Label": "Western Electricity Coordinating Council (WECC)" }, "geometry": { "type": "MultiLineString", "coordinates": [ [ [ -110.29075455, 34.946977183000101 ], [ -110.295479, 34.941332 ], [ -110.299987104, 34.936448072000097 ], [ -110.304221819, 34.938624772 ] ] ] } },
{ "type": "Feature", "properties": { "objectid": "68481", "id": "200182", "type": "AC; OVERHEAD", "status": "NOT AVAILABLE", "naics_code": "221121", "naics_desc": "ELECTRIC BULK POWER TRANSMISSION AND CONTROL", "source": "http://www.oasis.oati.com/PPW/PPWdocs/Transmission_Network_Diagram.pdf", "sourcedate": "2014-06-29T20:00:00-06:00", "val_method": "IMAGERY/OTHER", "val_date": "2014-06-29T20:00:00-06:00", "owner": "PACIFICORP", "voltage": 345.0, "volt_class": "345", "inferred": "N", "sub_1": "EMERY", "sub_2": "SPANISH FORK", "shape_lengt": 179514.587455573, "globalid": "bd07daef-5254-4dcc-b108-66d5de50caab", "NERC": "WECC", "NERC_Label": "Western Electricity Coordinating Council (WECC)" }, "geometry": { "type": "MultiLineString", "coordinates": [ [ [ -111.028556031, 39.177324660000103 ], [ -111.028631358, 39.177943902 ], [ -111.028613228, 39.179813188 ], [ -111.005477996, 39.179869407000098 ], [ -111.0054848, 39.179915100000102 ], [ -111.0028312, 39.179875100000103 ], [ -111.0023791, 39.1799106 ], [ -111.0022528, 39.1809512 ], [ -110.9998288, 39.1821023 ], [ -110.9971152, 39.1833625 ], [ -110.9943809, 39.1845969 ], [ -110.9916549, 39.1858506 ], [ -110.9889201, 39.1871015 ], [ -110.9862057, 39.188343900000099 ], [ -110.9834035, 39.1895953000001 ], [ -110.9807242, 39.190796900000102 ], [ -110.9778167, 39.192093600000099 ], [ -110.976793, 39.194288 ], [ -110.9757575, 39.1963962 ], [ -110.9747221, 39.198508800000099 ], [ -110.9736632, 39.200671300000103 ], [ -110.9722592, 39.2034321 ], [ -110.9723177, 39.2055853 ], [ -110.9723294, 39.208015 ], [ -110.9723236, 39.210068400000097 ], [ -110.9723528, 39.211759100000101 ], [ -110.9723704, 39.214737 ], [ -110.9723996, 39.216509200000097 ], [ -110.9724113, 39.218852400000102 ], [ -110.9724055, 39.2210414 ], [ -110.9724406, 39.223502300000099 ], [ -110.9724698, 39.225836200000103 ], [ -110.9724932, 39.2283151 ], [ -110.9725049, 39.2309162 ], [ -110.9725225, 39.2335217 ], [ -110.9725517, 39.2360728 ], [ -110.9725693, 39.2388321 ], [ -110.9725927, 39.2415733 ], [ -110.9725751, 39.244291700000097 ], [ -110.9736632, 39.246946600000101 ], [ -110.9747279, 39.2495787 ], [ -110.9755787, 39.2516995 ], [ -110.9764567, 39.2538802 ], [ -110.977452, 39.256342700000097 ], [ -110.9784352, 39.258745700000098 ], [ -110.9810005, 39.2602212 ], [ -110.9831368, 39.261436800000098 ], [ -110.98883, 39.264647 ], [ -110.9916689, 39.2662878000001 ], [ -110.9941753, 39.267724900000097 ], [ -110.9967363, 39.2691735000001 ], [ -110.9987265, 39.2702685 ], [ -111.0007316, 39.271379 ], [ -111.0025432, 39.2746102 ], [ -111.0025779, 39.2784868 ], [ -111.0026077, 39.280914800000097 ], [ -111.0026722, 39.283385000000102 ], [ -111.0026971, 39.285762900000101 ], [ -111.0027467, 39.2883597000001 ], [ -111.0027467, 39.290253500000098 ], [ -111.0027715, 39.2921472 ], [ -111.002841, 39.294279000000103 ], [ -111.0029502, 39.2971174 ], [ -111.0030842, 39.3002976000001 ], [ -111.0031835, 39.3027133 ], [ -111.0032778, 39.304990700000097 ], [ -111.0034118, 39.307417900000097 ], [ -111.0034862, 39.3096989000001 ], [ -111.0035855, 39.3118993 ], [ -111.0036599, 39.3141419 ], [ -111.0038309, 39.316957300000098 ], [ -111.003882, 39.3190808 ], [ -111.0033943, 39.320500100000103 ], [ -111.0023387, 39.3233697000001 ], [ -111.0014805, 39.325775500000098 ], [ -111.00054, 39.3284149 ], [ -110.9997779, 39.330517900000103 ], [ -110.9990365, 39.3326579000001 ], [ -110.9986451, 39.33372 ], [ -110.9976354, 39.3364822 ], [ -110.9969994, 39.3384083 ], [ -110.9949314, 39.3403682000001 ], [ -110.9928536, 39.342358100000098 ], [ -110.9908673, 39.344342600000097 ], [ -110.9888864, 39.3462262 ], [ -110.9865974, 39.348365100000102 ], [ -110.9843304, 39.3506288 ], [ -110.9825256, 39.3523024 ], [ -110.981924, 39.354798500000101 ], [ -110.9813665, 39.357186700000099 ], [ -110.9808015, 39.359608900000097 ], [ -110.9801119, 39.362326 ], [ -110.9804934, 39.3648274 ], [ -110.9808676, 39.3675386 ], [ -110.9812344, 39.370368800000101 ], [ -110.9815939, 39.373006 ], [ -110.9819827, 39.3757396 ], [ -110.9823202, 39.3784163 ], [ -110.9826504, 39.380866100000098 ], [ -110.9829536, 39.3831670000001 ], [ -110.9831507, 39.384526300000097 ], [ -110.9825178, 39.387413100000103 ], [ -110.9816774, 39.3910616000001 ], [ -110.9808578, 39.394754 ], [ -110.9802963, 39.397290300000101 ], [ -110.9797107, 39.3998296 ], [ -110.9791359, 39.402381300000101 ], [ -110.9785503, 39.404983200000103 ], [ -110.977943, 39.407719100000101 ], [ -110.9773536, 39.4103459 ], [ -110.9767846, 39.412849000000101 ], [ -110.9761941, 39.415509100000101 ], [ -110.9756113, 39.4179203 ], [ -110.976021, 39.4206713 ], [ -110.9764195, 39.4236244 ], [ -110.9768262, 39.4261774 ], [ -110.9763734, 39.428277900000097 ], [ -110.9759179, 39.431735300000099 ], [ -110.9754841, 39.434556 ], [ -110.9750015, 39.437521 ], [ -110.9754489, 39.440276600000097 ], [ -110.9758881, 39.4432581 ], [ -110.9762053, 39.4455801 ], [ -110.9767232, 39.4490555 ], [ -110.9772573, 39.452664700000099 ], [ -110.9774877, 39.454172 ], [ -110.9778456, 39.456767800000101 ], [ -110.9784827, 39.461035900000098 ], [ -110.9787837, 39.4631626 ], [ -110.9791768, 39.465756 ], [ -110.9796459, 39.468916400000097 ], [ -110.9800634, 39.4717545 ], [ -110.9803887, 39.4739310000001 ], [ -110.9806761, 39.475833400000099 ], [ -110.981297, 39.480202900000101 ], [ -110.9816386, 39.4823876 ], [ -110.9819531, 39.484574300000098 ], [ -110.9823842, 39.48751 ], [ -110.9827448, 39.490002000000104 ], [ -110.9831054, 39.492416600000098 ], [ -110.98347, 39.4948998 ], [ -110.98396, 39.4981516 ], [ -110.9845127, 39.5019326 ], [ -110.98494, 39.504933000000101 ], [ -110.9853438, 39.5076732 ], [ -110.985971, 39.5118227 ], [ -110.9862062, 39.513873100000097 ], [ -110.9864884, 39.516189600000097 ], [ -110.9868686, 39.5193889 ], [ -110.987194, 39.522131600000101 ], [ -110.9874919, 39.524390400000101 ], [ -110.9877271, 39.52677 ], [ -110.9891266, 39.529167700000102 ], [ -110.9903183, 39.5312750000001 ], [ -110.9909063, 39.532284800000099 ], [ -110.9923449, 39.5348335 ], [ -110.9938502, 39.537445500000103 ], [ -110.9954104, 39.5401361 ], [ -110.9968843, 39.5426965 ], [ -110.9982524, 39.545075500000102 ], [ -110.9996518, 39.54753 ], [ -111.0005926, 39.549162200000097 ], [ -111.0018666, 39.5513536 ], [ -111.0034189, 39.5539197 ], [ -111.003843, 39.5561327 ], [ -111.0043239, 39.5586077 ], [ -111.0048169, 39.5609313 ], [ -111.0055302, 39.564394800000102 ], [ -111.0060793, 39.567169200000102 ], [ -111.0066323, 39.5697426 ], [ -111.0071253, 39.5720843 ], [ -111.0075621, 39.5743085 ], [ -111.0081513, 39.576909500000099 ], [ -111.0081352, 39.579457900000101 ], [ -111.0081272, 39.5815954 ], [ -111.0081994, 39.585573700000097 ], [ -111.0081913, 39.5875905 ], [ -111.0082194, 39.590713 ], [ -111.0082434, 39.593125 ], [ -111.0082795, 39.5956697 ], [ -111.0082955, 39.5991469 ], [ -111.0082996, 39.601472100000102 ], [ -111.0083116, 39.604137 ], [ -111.0096061, 39.606949900000103 ], [ -111.0109366, 39.6099233 ], [ -111.0115137, 39.6112139 ], [ -111.0144547, 39.617764900000097 ], [ -111.0155692, 39.620289800000101 ], [ -111.0167287, 39.6228905 ], [ -111.0178965, 39.6254878 ], [ -111.0190438, 39.6279304 ], [ -111.0192445, 39.628732 ], [ -111.0207032, 39.6332257 ], [ -111.0213014, 39.635100000000101 ], [ -111.0221455, 39.6377758 ], [ -111.0229895, 39.6404326 ], [ -111.0238622, 39.6430924000001 ], [ -111.0247801, 39.6460234 ], [ -111.0257061, 39.6489038 ], [ -111.0265706, 39.6515412 ], [ -111.0272508, 39.653759 ], [ -111.0281399, 39.6565098 ], [ -111.0288815, 39.6589418 ], [ -111.029787, 39.6616987 ], [ -111.0295699, 39.664102200000102 ], [ -111.0291847, 39.6670513 ], [ -111.0290208, 39.6688711 ], [ -111.0287217, 39.6719745 ], [ -111.02823, 39.676528400000102 ], [ -111.0281155, 39.6782648000001 ], [ -111.0279103, 39.680254 ], [ -111.0277176, 39.682291500000098 ], [ -111.0274411, 39.6841162 ], [ -111.0283124, 39.6864567000001 ], [ -111.0294351, 39.689909100000101 ], [ -111.0302561, 39.6926329 ], [ -111.0306331, 39.6934968 ], [ -111.0318228, 39.69721 ], [ -111.0322585, 39.6984186 ], [ -111.0335236, 39.7022025 ], [ -111.034441, 39.7050644 ], [ -111.0349059, 39.7064759 ], [ -111.0389232, 39.708300000000101 ], [ -111.0412439, 39.709369900000098 ], [ -111.0415916, 39.7099983 ], [ -111.0428483, 39.712334600000098 ], [ -111.0435479, 39.7136107 ], [ -111.0447083, 39.7157987000001 ], [ -111.0470415, 39.7201776 ], [ -111.0484868, 39.722832600000103 ], [ -111.0490942, 39.723966700000098 ], [ -111.0498272, 39.7253006 ], [ -111.0525334, 39.7303619 ], [ -111.0553987, 39.7356355 ], [ -111.0567517, 39.7381127 ], [ -111.0576775, 39.7398296000001 ], [ -111.0582975, 39.740957 ], [ -111.0598517, 39.7439630000001 ], [ -111.0610994, 39.744719700000097 ], [ -111.0663081, 39.748117 ], [ -111.0687066, 39.749688600000098 ], [ -111.0723861, 39.752086700000099 ], [ -111.073876, 39.753046 ], [ -111.0765894, 39.754822400000101 ], [ -111.0792907, 39.7565825 ], [ -111.0817982, 39.758216800000099 ], [ -111.0846055, 39.760046600000102 ], [ -111.0857199, 39.760775200000097 ], [ -111.0882667, 39.762423400000102 ], [ -111.0953107, 39.7670302000001 ], [ -111.0970823, 39.768184700000099 ], [ -111.0972731, 39.7697932 ], [ -111.0975275, 39.7721208 ], [ -111.0977576, 39.7743157 ], [ -111.0979635, 39.776301 ], [ -111.0982149, 39.778553900000098 ], [ -111.0983936, 39.7801854 ], [ -111.098654, 39.782733700000101 ], [ -111.1008859, 39.786662 ], [ -111.1017793, 39.7881769 ], [ -111.1028998, 39.7901153 ], [ -111.10485, 39.793554400000097 ], [ -111.1052952, 39.7943107 ], [ -111.1077512, 39.798598900000101 ], [ -111.1082024, 39.7994295 ], [ -111.1089746, 39.800623100000102 ], [ -111.1092078, 39.8027891 ], [ -111.1094531, 39.804710800000102 ], [ -111.1097136, 39.8068767 ], [ -111.1100406, 39.8095453 ], [ -111.1102814, 39.811402 ], [ -111.1105091, 39.8132922 ], [ -111.1109601, 39.816985 ], [ -111.1111309, 39.818743900000101 ], [ -111.1136748, 39.8213199 ], [ -111.1150716, 39.8227424 ], [ -111.1169981, 39.8247332 ], [ -111.1194545, 39.8272553 ], [ -111.1206586, 39.8284591 ], [ -111.1221561, 39.830009200000099 ], [ -111.1257202, 39.833694400000098 ], [ -111.1281459, 39.836169 ], [ -111.1299499, 39.838014800000103 ], [ -111.1317276, 39.839850500000097 ], [ -111.1335447, 39.841729900000097 ], [ -111.1354056, 39.8436361 ], [ -111.1379714, 39.8462515 ], [ -111.1392412, 39.8475827 ], [ -111.1411853, 39.8495594 ], [ -111.1426608, 39.8510889 ], [ -111.1437336, 39.852178 ], [ -111.1456383, 39.854141 ], [ -111.1466015, 39.8551427 ], [ -111.1497191, 39.8583291 ], [ -111.1511027, 39.8597441000001 ], [ -111.1525213, 39.861192700000103 ], [ -111.153778, 39.8624799 ], [ -111.1553805, 39.8641368 ], [ -111.1578238, 39.866633900000103 ], [ -111.160683, 39.867608500000102 ], [ -111.163008, 39.868405000000102 ], [ -111.1652016, 39.8691487 ], [ -111.170112, 39.8708003 ], [ -111.1722205, 39.871536900000102 ], [ -111.1735425, 39.8719575000001 ], [ -111.1775303, 39.873340400000103 ], [ -111.1787495, 39.875644200000103 ], [ -111.1795756, 39.8771771 ], [ -111.1803796, 39.878722 ], [ -111.1814938, 39.8808474000001 ], [ -111.1827062, 39.8831623 ], [ -111.1836431, 39.884950000000103 ], [ -111.1847827, 39.8871213 ], [ -111.1857418, 39.8888968 ], [ -111.1869351, 39.8911895 ], [ -111.1880018, 39.893212500000097 ], [ -111.1889388, 39.8949927 ], [ -111.189613, 39.8962822 ], [ -111.1902144, 39.897443000000102 ], [ -111.190971, 39.8996286 ], [ -111.1916294, 39.901513000000101 ], [ -111.1923637, 39.903613500000098 ], [ -111.1930126, 39.9054662 ], [ -111.193633, 39.9073261 ], [ -111.1943579, 39.9094385000001 ], [ -111.195719, 39.913301400000101 ], [ -111.1963806, 39.9152777 ], [ -111.1974441, 39.9181813000001 ], [ -111.1970105, 39.919972900000097 ], [ -111.1963173, 39.9229152 ], [ -111.1959343, 39.924544 ], [ -111.1953835, 39.9269618000001 ], [ -111.1942566, 39.9317048 ], [ -111.1934653, 39.9354960000001 ], [ -111.1929493, 39.937529900000101 ], [ -111.1924935, 39.9394326 ], [ -111.1919965, 39.941578 ], [ -111.1945768, 39.946986100000103 ], [ -111.1958227, 39.9495836 ], [ -111.1970978, 39.952250500000098 ], [ -111.1998809, 39.9531188 ], [ -111.2025774, 39.9539459000001 ], [ -111.2052937, 39.9547834 ], [ -111.2077765, 39.955550900000098 ], [ -111.2100022, 39.956225000000103 ], [ -111.2178465, 39.9586182 ], [ -111.2197779, 39.9592042 ], [ -111.2234277, 39.960321700000101 ], [ -111.2242599, 39.960596500000101 ], [ -111.2283731, 39.9618617 ], [ -111.229946, 39.962331 ], [ -111.2323916, 39.9625488 ], [ -111.2342757, 39.9622947 ], [ -111.2362173, 39.962056200000099 ], [ -111.2394308, 39.961672500000098 ], [ -111.2435339, 39.9611773 ], [ -111.245604, 39.9611513 ], [ -111.2474712, 39.961117600000101 ], [ -111.2550651, 39.960972400000102 ], [ -111.2569526, 39.960931000000102 ], [ -111.2605551, 39.9608765 ], [ -111.2661566, 39.9607624000001 ], [ -111.2718969, 39.960645800000101 ], [ -111.2742004, 39.9608687 ], [ -111.2770384, 39.9611202 ], [ -111.2787534, 39.9615869 ], [ -111.2817944, 39.9624114000001 ], [ -111.2850247, 39.9632799 ], [ -111.2871016, 39.9638192 ], [ -111.2891008, 39.964363600000098 ], [ -111.2904741, 39.9647551 ], [ -111.2920538, 39.9661576 ], [ -111.2942895, 39.9682393000001 ], [ -111.2961973, 39.969973600000102 ], [ -111.2986937, 39.972317100000097 ], [ -111.3005479, 39.9739408 ], [ -111.301983, 39.975249500000103 ], [ -111.3056712, 39.9785963 ], [ -111.3062405, 39.9791205000001 ], [ -111.3080296, 39.9807591 ], [ -111.3129329, 39.9825112 ], [ -111.3155209, 39.9834312 ], [ -111.3200367, 39.985055 ], [ -111.3250483, 39.9868683 ], [ -111.3283227, 39.988039700000101 ], [ -111.3304233, 39.9887965 ], [ -111.3344959, 39.990278900000099 ], [ -111.3375572, 39.9913751 ], [ -111.33981, 39.9921707 ], [ -111.3421744, 39.9930285 ], [ -111.345946, 39.994389 ], [ -111.3469066, 39.9947337 ], [ -111.3525387, 39.9967394 ], [ -111.3563001, 39.9981024000001 ], [ -111.3595305, 39.9992633 ], [ -111.3602713, 39.9995717 ], [ -111.3672529, 40.000082200000101 ], [ -111.3686702, 40.0001832 ], [ -111.3722084, 40.000476 ], [ -111.3826775, 40.0012767 ], [ -111.3851502, 40.0014788 ], [ -111.3897235, 40.001851900000098 ], [ -111.3917903, 40.0020307 ], [ -111.3960286, 40.0023961 ], [ -111.4005309, 40.0040673 ], [ -111.4075599, 40.006681700000101 ], [ -111.4107057, 40.007842400000101 ], [ -111.4117137, 40.0075755 ], [ -111.4158946, 40.0064485 ], [ -111.4197169, 40.0053525000001 ], [ -111.4211241, 40.00521 ], [ -111.4229676, 40.004969000000102 ], [ -111.4256229, 40.004616600000098 ], [ -111.4298343, 40.004075100000101 ], [ -111.43137, 40.00386 ], [ -111.4357944, 40.0032745 ], [ -111.4407431, 40.0026655 ], [ -111.4458001, 40.001960800000099 ], [ -111.4478939, 40.0016576 ], [ -111.4508638, 40.0026474000001 ], [ -111.4548654, 40.003883400000099 ], [ -111.4583292, 40.0049612 ], [ -111.4634572, 40.006549500000098 ], [ -111.4650369, 40.007062500000103 ], [ -111.4711662, 40.008969400000097 ], [ -111.4742714, 40.0099229 ], [ -111.4767001, 40.0126613 ], [ -111.4787229, 40.0149178 ], [ -111.4801402, 40.0165085 ], [ -111.4813376, 40.017858100000097 ], [ -111.4843718, 40.0212491 ], [ -111.4849096, 40.021661 ], [ -111.4869696, 40.023230700000099 ], [ -111.4893814, 40.025085400000101 ], [ -111.4930964, 40.0264201 ], [ -111.4971147, 40.0278231 ], [ -111.5058689, 40.030889000000101 ], [ -111.5067013, 40.031193 ], [ -111.5073758, 40.031423700000097 ], [ -111.5091697, 40.0326728000001 ], [ -111.5105187, 40.033647 ], [ -111.5176956, 40.0386738 ], [ -111.5216693, 40.0389097 ], [ -111.5268828, 40.0392167 ], [ -111.5278292, 40.0397784 ], [ -111.5321183, 40.042195300000103 ], [ -111.5341333, 40.043337300000097 ], [ -111.5369993, 40.044971600000103 ], [ -111.5392563, 40.046257700000098 ], [ -111.5412713, 40.0490169 ], [ -111.5420074, 40.049969700000098 ], [ -111.5446997, 40.0536142 ], [ -111.5474703, 40.0556001 ], [ -111.5496883, 40.0572004 ], [ -111.5530995, 40.059641 ], [ -111.5544005, 40.0605768 ], [ -111.5584524, 40.063466500000096 ], [ -111.5612157, 40.0654709 ], [ -111.5617414, 40.065832100000101 ], [ -111.5647982, 40.0684015 ], [ -111.5678182, 40.070924100000099 ], [ -111.5691778, 40.0720731 ], [ -111.5711145, 40.073693600000098 ], [ -111.5735379, 40.0757126 ], [ -111.574988, 40.0769382 ], [ -111.5743473, 40.078493100000102 ], [ -111.5734914, 40.0805868 ], [ -111.572704, 40.0825495 ], [ -111.5723127, 40.0834645 ], [ -111.5718212, 40.0860557 ], [ -111.5714177, 40.088147300000102 ], [ -111.5707868, 40.091353900000101 ], [ -111.5705961, 40.0923042000001 ], [ -111.5703309, 40.0935470000001 ], [ -111.5726237, 40.093539 ], [ -111.5763794, 40.0935284 ], [ -111.5803412, 40.0934867 ], [ -111.5837305, 40.093434300000098 ], [ -111.5860927, 40.0926993 ], [ -111.586290203, 40.091883959 ] ] ] } },
{ "type": "Feature", "properties": { "objectid": "89206", "id": "308945", "type": "AC; OVERHEAD", "status": "IN SERVICE", "naics_code": "221121", "naics_desc": "ELECTRIC BULK POWER TRANSMISSION AND CONTROL", "source": "Western Electricity Coordinating Council https://www.wecc.biz/Reliability/YEAR%202014%20OC%20MAP-1.pdf", "sourcedate": "2016-12-31T18:00:00-07:00", "val_method": "IMAGERY/OTHER", "val_date": "2016-12-31T18:00:00-07:00", "owner": "NOT AVAILABLE", "voltage": 345.0, "volt_class": "345", "inferred": "N", "sub_1": "SPRINGERVILLE", "sub_2": "NOT AVAILABLE", "shape_lengt": 214009.995610174, "globalid": "48c332cf-db34-469b-84c9-671cae387245", "NERC": "WECC", "NERC_Label": "Western Electricity Coordinating Council (WECC)" }, "geometry": { "type": "MultiLineString", "coordinates": [ [ [ -109.161185647, 34.312393114 ], [ -109.158147373, 34.311969659 ], [ -109.145203217, 34.31544287 ], [ -109.116546411, 34.315216702 ], [ -109.093949627, 34.315038362 ], [ -109.075746751, 34.300404677000103 ], [ -109.030028, 34.299911999000102 ], [ -108.995548, 34.299792999 ], [ -108.983148867, 34.299797186 ], [ -108.959451, 34.299356 ], [ -108.959137, 34.296272 ], [ -108.953275001, 34.266152999 ], [ -108.941659, 34.256271 ], [ -108.941665, 34.208285 ], [ -108.940806, 34.162723 ], [ -108.940317, 34.131963999 ], [ -108.940236, 34.079911999 ], [ -108.940014001, 34.052856 ], [ -108.942438, 33.98515 ], [ -108.940175, 33.9788 ], [ -108.938394001, 33.9745810000001 ], [ -108.934624, 33.971747 ], [ -108.931917, 33.969505 ], [ -108.924113, 33.96389 ], [ -108.907517, 33.915682000000103 ], [ -108.907387001, 33.884777 ], [ -108.896689, 33.823611 ], [ -108.886971001, 33.768063999 ], [ -108.888488001, 33.757310000000103 ], [ -108.884141472, 33.746530843000102 ], [ -108.882529, 33.742532 ], [ -108.870533, 33.724345 ], [ -108.871099, 33.7170849990001 ], [ -108.904535, 33.657266 ], [ -108.905624, 33.654068 ], [ -108.903287, 33.636719999 ], [ -108.902483, 33.630883 ], [ -108.904574, 33.611850000000103 ], [ -108.920188, 33.586938 ], [ -108.934044001, 33.571433 ], [ -108.945394001, 33.544245 ], [ -108.943053, 33.523577000000103 ], [ -108.943722, 33.513358 ], [ -108.954027, 33.445724 ], [ -108.973156, 33.420467999 ], [ -108.982060001, 33.39189 ], [ -108.986792, 33.377557 ], [ -108.99026, 33.367807 ], [ -108.992528, 33.358264 ], [ -108.993586001, 33.328184999 ], [ -109.007394001, 33.306709999000098 ], [ -109.014279, 33.285102000000101 ], [ -109.029129, 33.254837999000102 ], [ -109.036649, 33.253161999 ], [ -109.040497, 33.251582999 ], [ -109.043458, 33.248917 ], [ -109.046174701, 33.245184502 ], [ -109.046829053, 33.236618442000101 ], [ -109.04198, 33.225462 ], [ -109.052004381, 33.213061778000103 ], [ -109.057060735, 33.200748068000102 ], [ -109.069758045, 33.189194198000102 ], [ -109.079723226, 33.1733898170001 ], [ -109.088788974, 33.159669846 ], [ -109.095399116, 33.148990824000101 ], [ -109.100510198, 33.1389399810001 ], [ -109.110075631, 33.118981063 ], [ -109.118927227, 33.101120827 ], [ -109.129363542, 33.087415132000103 ], [ -109.136544756, 33.069640558000103 ], [ -109.136873122, 33.0525941000001 ], [ -109.133618018, 33.042243445 ], [ -109.130491406, 33.032492414 ], [ -109.127436178, 33.022669998 ], [ -109.129649077, 33.012819030000102 ], [ -109.13056279, 33.000498181000097 ], [ -109.13577381, 32.991346773 ], [ -109.143611754, 32.978640453 ], [ -109.147951891, 32.976841579 ], [ -109.156003988, 32.9745287430001 ], [ -109.160426892, 32.973265664000103 ], [ -109.169438425, 32.968732376 ], [ -109.172407226, 32.966889954000102 ] ] ] } },
{ "type": "Feature", "properties": { "objectid": "92687", "id": "312433", "type": "AC; OVERHEAD", "status": "IN SERVICE", "naics_code": "221121", "naics_desc": "ELECTRIC BULK POWER TRANSMISSION AND CONTROL", "source": "Western Electricity Coordinating Council https://www.wecc.biz/Reliability/YEAR%202014%20OC%20MAP-1.pdf", "sourcedate": "2016-12-31T18:00:00-07:00", "val_method": "IMAGERY/OTHER", "val_date": "2016-12-31T18:00:00-07:00", "owner": "NOT AVAILABLE", "voltage": 345.0, "volt_class": "345", "inferred": "N", "sub_1": "FOUR CORNERS", "sub_2": "UNKNOWN309328", "shape_lengt": 314505.444087504, "globalid": "6bf7705b-bb0b-4657-b21f-6ab967444876", "NERC": "WECC", "NERC_Label": "Western Electricity Coordinating Council (WECC)" }, "geometry": { "type": "MultiLineString", "coordinates": [ [ [ -108.485219595, 36.687158655000097 ], [ -108.488102001, 36.685923000000102 ], [ -108.488239713, 36.68562667 ], [ -108.489413, 36.683102 ], [ -108.502475001, 36.667471 ], [ -108.510736288, 36.6577648190001 ], [ -108.533996, 36.630437 ], [ -108.535219038, 36.629002086000099 ], [ -108.535563421, 36.6285980420001 ], [ -108.567251, 36.591421 ], [ -108.592853, 36.561425 ], [ -108.899671898, 36.204390119 ], [ -109.047881, 36.078452 ], [ -109.105124, 36.029105000000101 ], [ -109.170517, 35.971703 ], [ -109.179916, 35.9639740000001 ], [ -109.213377, 35.933941 ], [ -109.234222, 35.915916000000102 ], [ -109.297687, 35.859779000000103 ], [ -109.359416001, 35.805592999000098 ], [ -109.422859, 35.749319 ], [ -109.448783, 35.726393 ], [ -109.451859, 35.723698 ], [ -109.500804001, 35.694698000000102 ], [ -109.540243665, 35.67125013 ], [ -109.567691001, 35.654932 ], [ -109.626083001, 35.620162 ], [ -109.684778001, 35.5851720000001 ], [ -109.731136001, 35.557402 ], [ -109.731157001, 35.54992 ], [ -109.754309, 35.524311 ], [ -109.762447, 35.514894 ], [ -109.770561, 35.504734 ], [ -109.809564, 35.455639 ], [ -109.840288001, 35.416979 ], [ -109.855981, 35.397110999000098 ], [ -109.85877, 35.393560999 ], [ -109.900786, 35.340419999000098 ], [ -109.925931, 35.308589 ], [ -109.941481001, 35.288863 ], [ -109.944116001, 35.285419 ], [ -110.00454, 35.231247000000103 ], [ -110.065665001, 35.176298 ], [ -110.127351001, 35.120761000000101 ], [ -110.188576, 35.065521 ], [ -110.196411, 35.058431 ], [ -110.204485, 35.049570000000102 ], [ -110.237583, 35.010412999 ], [ -110.283862, 34.9552130000001 ], [ -110.29075455, 34.946977183000101 ] ] ] } },
{ "type": "Feature", "properties": { "objectid": "89038", "id": "308776", "type": "AC; OVERHEAD", "status": "IN SERVICE", "naics_code": "221121", "naics_desc": "ELECTRIC BULK POWER TRANSMISSION AND CONTROL", "source": "Western Electricity Coordinating Council https://www.wecc.biz/Reliability/YEAR%202014%20OC%20MAP-1.pdf", "sourcedate": "2016-12-31T18:00:00-07:00", "val_method": "IMAGERY/OTHER", "val_date": "2016-12-31T18:00:00-07:00", "owner": "NOT AVAILABLE", "voltage": 345.0, "volt_class": "345", "inferred": "N", "sub_1": "NOT AVAILABLE", "sub_2": "NOT AVAILABLE", "shape_lengt": 239911.00418394001, "globalid": "178acc35-9849-475c-858e-1ff17863043a", "NERC": "WECC", "NERC_Label": "Western Electricity Coordinating Council (WECC)" }, "geometry": { "type": "MultiLineString", "coordinates": [ [ [ -106.138167155, 32.519401028000097 ], [ -106.134628001, 32.519616 ], [ -106.124248, 32.519615 ], [ -106.059786, 32.547509 ], [ -105.906721, 32.547650999 ], [ -105.881489, 32.528568 ], [ -105.843737, 32.527777999000101 ], [ -105.679188001, 32.468439 ], [ -105.566135001, 32.4976780000001 ], [ -105.563489, 32.497949 ], [ -105.546547, 32.499881000000101 ], [ -105.532289, 32.5054060000001 ], [ -105.47137, 32.524418 ], [ -105.428702, 32.531503999 ], [ -105.306836, 32.604507 ], [ -105.199992001, 32.602926 ], [ -105.077162, 32.641939999000101 ], [ -105.055916001, 32.650678999 ], [ -104.979951, 32.681791 ], [ -104.711188, 32.663864 ], [ -104.616723, 32.6408119990001 ], [ -104.545306, 32.654077 ], [ -104.527552946971454, 32.654121970570742 ] ] ] } },
{ "type": "Feature", "properties": { "objectid": "68494", "id": "200195", "type": "AC; OVERHEAD", "status": "NOT AVAILABLE", "naics_code": "221121", "naics_desc": "ELECTRIC BULK POWER TRANSMISSION AND CONTROL", "source": "Regional Map", "sourcedate": "2014-06-29T20:00:00-06:00", "val_method": "IMAGERY/OTHER", "val_date": "2014-06-29T20:00:00-06:00", "owner": "TRI-STATE G & T ASSN, INC", "voltage": 345.0, "volt_class": "345", "inferred": "N", "sub_1": "MEEKER", "sub_2": "MCBRYDE", "shape_lengt": 56433.455399189799, "globalid": "3d9d2ea7-6b18-4eb8-9988-252937185247", "NERC": "WECC", "NERC_Label": "Western Electricity Coordinating Council (WECC)" }, "geometry": { "type": "MultiLineString", "coordinates": [ [ [ -107.980316515, 40.008499483 ], [ -107.980581156, 40.008388837 ], [ -107.982632804, 40.008486647 ], [ -107.983654372, 40.005591451 ], [ -107.995206596, 40.005532763000097 ], [ -108.009397869, 40.00528497 ], [ -108.018711158, 40.005076302000099 ], [ -108.024099925, 40.0049524040001 ], [ -108.026543174, 40.000283273 ], [ -108.028586309, 39.996370347 ], [ -108.03240016, 39.988922126 ], [ -108.036835465, 39.980305438000102 ], [ -108.038589155, 39.976998063 ], [ -108.042505164, 39.971413651 ], [ -108.04447168, 39.966924914000103 ], [ -108.047204374, 39.962651206 ], [ -108.051563061, 39.955832295 ], [ -108.05720722, 39.947048274 ], [ -108.059854783, 39.943151879 ], [ -108.064136852, 39.936304914000097 ], [ -108.068282713, 39.929862005000103 ], [ -108.074761152, 39.923966898000103 ], [ -108.081937663, 39.917359597 ], [ -108.085317349, 39.9142777120001 ], [ -108.09285992, 39.907297254000099 ], [ -108.100598293, 39.900146280000101 ], [ -108.109571059, 39.8919690930001 ], [ -108.118782192, 39.883483904 ], [ -108.134080163, 39.879204985000101 ], [ -108.148952481, 39.875043397000098 ], [ -108.154690284, 39.87342312 ], [ -108.156163043, 39.87232549 ], [ -108.161679507, 39.868366038 ], [ -108.173078496, 39.8682810970001 ], [ -108.179088717, 39.866627988000097 ], [ -108.185694853, 39.864746141000097 ], [ -108.18974707, 39.868124282 ], [ -108.189321417, 39.871463055 ], [ -108.188427546, 39.878584356 ], [ -108.206007017, 39.878512493000102 ], [ -108.215388461, 39.8784741650001 ], [ -108.221835158, 39.882322512 ], [ -108.230505657, 39.8874333380001 ], [ -108.239148363, 39.892543880000098 ], [ -108.247581877, 39.8977653070001 ], [ -108.256914982, 39.903725255 ], [ -108.265532651, 39.909242404000103 ], [ -108.272021267, 39.913367767000103 ], [ -108.279860596, 39.918402998 ], [ -108.289094036, 39.924275511000097 ], [ -108.290307913, 39.928229142000099 ], [ -108.291763518, 39.933051863000102 ], [ -108.302365516, 39.934129568000102 ], [ -108.304016482, 39.934289897 ], [ -108.307122762, 39.937605185000102 ], [ -108.313986684, 39.945031575 ], [ -108.327154787, 39.94841595 ], [ -108.329838004, 39.949071440000097 ], [ -108.330321565, 39.949270891 ], [ -108.330964041, 39.949971372 ] ] ] } },
{ "type": "Feature", "properties": { "objectid": "68450", "id": "200150", "type": "AC; OVERHEAD", "status": "NOT AVAILABLE", "naics_code": "221121", "naics_desc": "ELECTRIC BULK POWER TRANSMISSION AND CONTROL", "source": "http://www.oasis.oati.com/PPW/PPWdocs/Transmission_Network_Diagram.pdf", "sourcedate": "2014-06-22T20:00:00-06:00", "val_method": "IMAGERY/OTHER", "val_date": "2014-06-22T20:00:00-06:00", "owner": "PACIFICORP", "voltage": 345.0, "volt_class": "345", "inferred": "N", "sub_1": "BEN LOMOND", "sub_2": "TERMINAL", "shape_lengt": 100181.525293859, "globalid": "fe4ebbb6-f28d-4383-b16e-29eb8a10dd81", "NERC": "WECC", "NERC_Label": "Western Electricity Coordinating Council (WECC)" }, "geometry": { "type": "MultiLineString", "coordinates": [ [ [ -112.047247788, 41.340060929000103 ], [ -112.047462255, 41.3413320390001 ], [ -112.047832631, 41.341334786000097 ], [ -112.047996166, 41.341278108 ], [ -112.049117238, 41.340889563000097 ], [ -112.05205365, 41.340560113 ], [ -112.055046244, 41.340572596000101 ], [ -112.058316722, 41.340590441000103 ], [ -112.061934235, 41.340604717000097 ], [ -112.064889005, 41.340650520000104 ], [ -112.063520745, 41.338007768000097 ], [ -112.063109534, 41.336619281 ], [ -112.06250343, 41.334648985000101 ], [ -112.061733372, 41.332129089 ], [ -112.061017958, 41.329712535 ], [ -112.060252602, 41.3272012 ], [ -112.059537191, 41.3248808600001 ], [ -112.058759988, 41.32231234 ], [ -112.058004165, 41.319824009000101 ], [ -112.057248337, 41.317331999 ], [ -112.056721364, 41.315611533 ], [ -112.056692869, 41.31310383 ], [ -112.056669101, 41.310545511 ], [ -112.05664058, 41.308371006000101 ], [ -112.056631072, 41.305842899 ], [ -112.056609682, 41.303521767000099 ], [ -112.056597798, 41.301434488 ], [ -112.05658116, 41.299311409 ], [ -112.0565669, 41.297234707 ], [ -112.056552641, 41.295138685 ], [ -112.056635815, 41.293238945 ], [ -112.056692859, 41.291499555 ], [ -112.056771376, 41.289654608 ], [ -112.056229035, 41.287132671 ], [ -112.055677616, 41.284589416000102 ], [ -112.055152345, 41.282155020000097 ], [ -112.054622316, 41.279708015 ], [ -112.05409547, 41.277289624 ], [ -112.054712499, 41.274901455000098 ], [ -112.05539227, 41.272204078000101 ], [ -112.055815341, 41.270546305 ], [ -112.056295465, 41.268632987000103 ], [ -112.056783178, 41.266674897 ], [ -112.056795072, 41.264245045 ], [ -112.056799825984584, 41.259313878999983 ] ], [ [ -112.056799825984584, 41.259313878999983 ], [ -112.056799826, 41.259313863000102 ], [ -112.056772006, 41.259313848 ], [ -112.056799825984584, 41.259313878999983 ] ], [ [ -112.056799825984584, 41.259313878999983 ], [ -112.056799826, 41.259313879 ], [ -112.056804578971082, 41.256848178999952 ] ], [ [ -112.056804578971082, 41.256848178999952 ], [ -112.056804579, 41.256848164000097 ], [ -112.056776759, 41.256848134 ], [ -112.056804578971082, 41.256848178999952 ] ], [ [ -112.056804578971082, 41.256848178999952 ], [ -112.056804579, 41.256848179 ], [ -112.056811709, 41.254376988 ], [ -112.056811709, 41.251982559000098 ] ], [ [ -112.056811709, 41.251982559000098 ], [ -112.056811709, 41.251982541000103 ], [ -112.056783889, 41.251982541000103 ], [ -112.056811709, 41.251982559000098 ] ], [ [ -112.056811709, 41.251982559000098 ], [ -112.056814085955736, 41.24983469 ] ], [ [ -112.056814085955736, 41.24983469 ], [ -112.056814086, 41.24983465 ], [ -112.056786266, 41.249834632000102 ], [ -112.056814085955736, 41.24983469 ] ], [ [ -112.056814085955736, 41.24983469 ], [ -112.056814086, 41.2498346900001 ], [ -112.056823593, 41.247250659 ], [ -112.056828347, 41.2447773170001 ], [ -112.056830128995628, 41.242330709 ] ], [ [ -112.056830128995628, 41.242330709 ], [ -112.056830129, 41.242330703 ], [ -112.056802309, 41.242330692000102 ], [ -112.056830128995628, 41.242330709 ] ], [ [ -112.056830128995628, 41.242330709 ], [ -112.056830129, 41.242330709 ], [ -112.056832506, 41.240180694000102 ], [ -112.056834883, 41.237542674000103 ], [ -112.056834883, 41.2375427160001 ], [ -112.05684439, 41.234892042000098 ], [ -112.056842014032327, 41.232706028738768 ] ], [ [ -112.056842014032327, 41.232706028738768 ], [ -112.056842014, 41.232705999000103 ], [ -112.056814194, 41.232706016000101 ], [ -112.056842014, 41.232706046 ], [ -112.056842014032327, 41.232706028738768 ] ], [ [ -112.056842014032327, 41.232706028738768 ], [ -112.056846767, 41.230167819 ], [ -112.056849144, 41.2278029020001 ], [ -112.056856275, 41.2250803700001 ], [ -112.056861028, 41.222334472000099 ], [ -112.05686578, 41.219617937000102 ], [ -112.057129515, 41.217264157 ], [ -112.057412358, 41.214526843 ], [ -112.057664291, 41.212186450000097 ], [ -112.057966148, 41.209479329 ], [ -112.058249069, 41.206764182 ], [ -112.058272844, 41.20463727 ], [ -112.05829186, 41.201970923 ], [ -112.058296614, 41.199835660000097 ], [ -112.058308498, 41.197453559 ], [ -112.058318004, 41.195101769000097 ], [ -112.058332265, 41.192701602000099 ], [ -112.05834415, 41.190240528000103 ], [ -112.058358411, 41.187800823 ], [ -112.058367917, 41.185555978 ], [ -112.058375048, 41.183114333 ], [ -112.058389309, 41.181001761000097 ], [ -112.058408323, 41.178363119 ], [ -112.058417831, 41.175701121 ], [ -112.058429714, 41.173264418 ], [ -112.058427337, 41.171096057000099 ], [ -112.058448728, 41.168439251000102 ], [ -112.058477251, 41.166002255000102 ], [ -112.058479627, 41.161190757 ], [ -112.058505772, 41.159281438 ], [ -112.058505772, 41.157103582 ], [ -112.058520033, 41.1548344670001 ], [ -112.058527163, 41.152175107000097 ], [ -112.058541423, 41.149746566 ], [ -112.058562814, 41.147399922 ], [ -112.058598467, 41.144906607000102 ], [ -112.058586583, 41.142586817000101 ], [ -112.058586583, 41.140050560000098 ], [ -112.058600843, 41.137652001 ], [ -112.058617481, 41.1351226130001 ], [ -112.058626988, 41.13291717 ], [ -112.058643626, 41.130740290000098 ], [ -112.058653145, 41.128727359 ], [ -112.057894211, 41.12627583 ], [ -112.057171655, 41.123928609000103 ], [ -112.056425338, 41.121549093 ], [ -112.055764591, 41.119413025 ], [ -112.055120474, 41.11735207 ], [ -112.054386059, 41.11499028 ], [ -112.053623102, 41.112499413000101 ], [ -112.052850631, 41.110029916 ], [ -112.052073426, 41.107535317 ], [ -112.051264562, 41.104921757000099 ], [ -112.049974828, 41.102996012000098 ], [ -112.048655715, 41.101033077000103 ], [ -112.047120306, 41.098731554 ], [ -112.045600878, 41.096468336 ], [ -112.04512964, 41.094656805000099 ], [ -112.043376282, 41.093073291000103 ], [ -112.041125968, 41.090772012000102 ], [ -112.039098571, 41.088690477 ], [ -112.037199492, 41.086743205000097 ], [ -112.03511029, 41.084607789000103 ], [ -112.033085264, 41.082529637 ], [ -112.0311054, 41.080503377000099 ], [ -112.02927764, 41.078623960000101 ], [ -112.027285889, 41.076586828000103 ], [ -112.025557962, 41.074807646000103 ], [ -112.023630351, 41.072833074000101 ], [ -112.021730648, 41.070891061000097 ], [ -112.020055039, 41.069174471000103 ], [ -112.018298633, 41.067362874 ], [ -112.016382909, 41.06537733 ], [ -112.014524203, 41.0634723430001 ], [ -112.012667929, 41.061572734 ], [ -112.010863961, 41.059721474000099 ], [ -112.00897916, 41.057782323 ], [ -112.006958878, 41.055708689 ], [ -112.00507169, 41.053769408 ], [ -112.003115578, 41.05176734 ], [ -112.001142839, 41.049743712000101 ], [ -111.999139207, 41.047691349000097 ], [ -111.99719499, 41.045692692 ], [ -111.995284039, 41.043733401000097 ], [ -111.993491927, 41.04189416 ], [ -111.991488292, 41.039843340000097 ], [ -111.989475159, 41.037774537000097 ], [ -111.987549959, 41.035797096000103 ], [ -111.985600974, 41.033790892000098 ], [ -111.983580685, 41.031721874 ], [ -111.981657877, 41.029747853000103 ], [ -111.979725541, 41.027757612000102 ], [ -111.977793197, 41.025774476 ], [ -111.975898898, 41.023827161 ], [ -111.973923773, 41.021795493000099 ], [ -111.97195341, 41.019772735000103 ], [ -111.970013953, 41.017776824000101 ], [ -111.96810374, 41.015769246 ], [ -111.966139493, 41.013789897 ], [ -111.964159635, 41.011822504000101 ], [ -111.962179765, 41.009847866 ], [ -111.960209395, 41.007889303000098 ], [ -111.958241404, 41.005928892 ], [ -111.956221117, 41.00392178 ], [ -111.954219867, 41.001932567 ], [ -111.952197235, 40.999916395000099 ], [ -111.950210238, 40.997930641 ], [ -111.948384833, 40.996108041000099 ], [ -111.94637644, 40.994113198 ], [ -111.944479769, 40.992218771000097 ], [ -111.942504649, 40.990250718 ], [ -111.94057475, 40.988323933000103 ], [ -111.93859011, 40.98631628 ], [ -111.936752778, 40.9844879340001 ], [ -111.934927421, 40.982672188 ], [ -111.932797799, 40.980540556000101 ], [ -111.930820298, 40.978579328000102 ], [ -111.928840451, 40.976600130000101 ], [ -111.926782129, 40.974545461 ], [ -111.925089859, 40.97286043 ], [ -111.922972138, 40.970741060000101 ], [ -111.921020776, 40.968795687000103 ], [ -111.919159723, 40.966938186 ], [ -111.917120433, 40.964915541 ], [ -111.915359258, 40.963156698 ], [ -111.913348478, 40.961146489 ], [ -111.91181543, 40.959619041 ], [ -111.910315025, 40.958071559000103 ], [ -111.909142669, 40.955988904 ], [ -111.907937638, 40.9538043760001 ], [ -111.906746874, 40.951639531000097 ], [ -111.905551307, 40.949460167 ], [ -111.904381459, 40.94737453 ], [ -111.903014897, 40.944868529000097 ], [ -111.901729093, 40.9424539 ], [ -111.900906858, 40.940909211000097 ], [ -111.901186665, 40.9386271750001 ], [ -111.901550272, 40.936322034 ], [ -111.901916302, 40.933996777000097 ], [ -111.902284704, 40.931635544000102 ], [ -111.902655484, 40.929290384000097 ], [ -111.90301676, 40.926977445 ], [ -111.903387541, 40.924597999000099 ], [ -111.903748182, 40.922292541 ], [ -111.905423631, 40.919968573000098 ], [ -111.90674771, 40.9178198440001 ], [ -111.908066662, 40.915880778 ], [ -111.909599695, 40.913741615 ], [ -111.910597939, 40.91234961 ], [ -111.911589047, 40.9109719510001 ], [ -111.913172038, 40.908776882 ], [ -111.914814257, 40.906458063000102 ], [ -111.916380687, 40.904397476 ], [ -111.917873409, 40.902198519000102 ], [ -111.919392054, 40.900130948 ], [ -111.920960819, 40.897924689 ], [ -111.922498564, 40.895769913 ], [ -111.924063658, 40.893603184 ], [ -111.925607406, 40.891460577 ], [ -111.927001369, 40.889517412 ], [ -111.928580828, 40.88734764 ], [ -111.929978427, 40.885344956 ], [ -111.931639722, 40.8830270240001 ], [ -111.934727203, 40.878738384 ], [ -111.936171117, 40.876708528 ], [ -111.93729057, 40.875147717000097 ], [ -111.938663271, 40.873230849 ], [ -111.94001802, 40.871270969000101 ], [ -111.941547362, 40.869154804000097 ], [ -111.94308755, 40.867027574000097 ], [ -111.944613519, 40.864897523 ], [ -111.946125124, 40.862759460000099 ], [ -111.947668785, 40.860634851 ], [ -111.949319114, 40.858356874 ], [ -111.950780602, 40.856577479000102 ], [ -111.95247411, 40.854412076000102 ], [ -111.954199591, 40.852284498000103 ], [ -111.955910919, 40.850145930000103 ], [ -111.957682803, 40.8479372420001 ], [ -111.959337042, 40.845882196 ], [ -111.961030809, 40.843787281000097 ], [ -111.96298739, 40.842343083000102 ], [ -111.965401748, 40.841331674000102 ], [ -111.967740495, 40.840360700000097 ], [ -111.970311014, 40.839297992000098 ], [ -111.972685472, 40.838309882 ], [ -111.975297589, 40.837221963 ], [ -111.977885923, 40.836141227 ], [ -111.980324434, 40.835125246000104 ], [ -111.983029157, 40.834013934 ], [ -111.985731851, 40.832899677 ], [ -111.986503347, 40.830681226 ], [ -111.987171244, 40.828832406000103 ], [ -111.987829623, 40.8269763690001 ], [ -111.988285955, 40.825703731 ], [ -111.990418835, 40.825468924000099 ], [ -111.992557864, 40.825220736000098 ], [ -111.994705533, 40.824982250000097 ], [ -111.996634901, 40.824758884000097 ], [ -111.998607218, 40.824552763 ], [ -112.000745092, 40.824299145000097 ], [ -112.002888391, 40.824053111000097 ], [ -112.005034606, 40.823810308000098 ], [ -112.007175167, 40.823568577000103 ], [ -112.009321425, 40.823323607000098 ], [ -112.01146054, 40.823080798 ], [ -112.013609623, 40.82283583 ], [ -112.015783758, 40.822591119 ], [ -112.015546979, 40.820945708000103 ], [ -112.015307394, 40.819311762 ], [ -112.015066388, 40.817675657000102 ], [ -112.014836791, 40.816092393000098 ], [ -112.014604344, 40.814500475 ], [ -112.014380445, 40.812916012000102 ], [ -112.014140861, 40.811323969 ], [ -112.01390842, 40.809709304000101 ], [ -112.013683095, 40.808126894 ], [ -112.013442088, 40.806490499000098 ], [ -112.013209636, 40.804858377000102 ], [ -112.012967198, 40.803220784000104 ], [ -112.012733327, 40.801633967 ], [ -112.012468078, 40.799778281000101 ], [ -112.012198549, 40.797929010000097 ], [ -112.012008879, 40.796596795 ], [ -112.011769406, 40.794975959 ], [ -112.011706694, 40.793723232 ], [ -112.011637882, 40.792519589 ], [ -112.010472212, 40.791285805 ], [ -112.009308519, 40.790062507000101 ], [ -112.008147716, 40.788838146000103 ], [ -112.006981194, 40.787604237 ], [ -112.006749515, 40.785941562000097 ], [ -112.006518637, 40.784279763 ], [ -112.006510087, 40.782800404 ], [ -112.00650153, 40.781587730000098 ], [ -112.006490121, 40.780437702 ], [ -112.006481564, 40.779098648000101 ], [ -112.006464452, 40.777764959000102 ], [ -112.006447339, 40.776111658 ], [ -112.00643593, 40.774642961 ], [ -112.006424522, 40.773315741 ], [ -112.00642167, 40.771717308000099 ], [ -112.006401735, 40.770489029 ], [ -112.006756652, 40.768951832 ], [ -112.006889369, 40.767294968000101 ], [ -112.007023417, 40.765724582000097 ], [ -112.007169825, 40.764025965 ], [ -112.00734735, 40.762032662 ], [ -112.008355497, 40.761309248 ], [ -112.009187077, 40.760716535 ], [ -112.009579959, 40.760076398000102 ], [ -112.006095235, 40.758372227000102 ] ] ] } },
{ "type": "Feature", "properties": { "objectid": "74667", "id": "206959", "type": "AC; OVERHEAD", "status": "NOT AVAILABLE", "naics_code": "221121", "naics_desc": "ELECTRIC BULK POWER TRANSMISSION AND CONTROL", "source": "IMAGERY", "sourcedate": "2015-09-13T20:00:00-06:00", "val_method": "IMAGERY", "val_date": "2015-09-13T20:00:00-06:00", "owner": "PACIFICORP", "voltage": 345.0, "volt_class": "345", "inferred": "Y", "sub_1": "NOT AVAILABLE", "sub_2": "JIM BRIDGER", "shape_lengt": 774.96829837739995, "globalid": "2e5230d3-0968-4d10-ad47-318393d4afba", "NERC": "WECC", "NERC_Label": "Western Electricity Coordinating Council (WECC)" }, "geometry": { "type": "MultiLineString", "coordinates": [ [ [ -108.786416407, 41.738040272 ], [ -108.789330454, 41.73781692 ], [ -108.790034774, 41.736170333000103 ], [ -108.790301274, 41.735437459 ], [ -108.790339686, 41.7349171050001 ] ] ] } },
{ "type": "Feature", "properties": { "objectid": "74437", "id": "206716", "type": "AC", "status": "NOT AVAILABLE", "naics_code": "221121", "naics_desc": "ELECTRIC BULK POWER TRANSMISSION AND CONTROL", "source": "IMAGERY", "sourcedate": "2015-12-17T18:00:00-07:00", "val_method": "IMAGERY", "val_date": "2015-12-17T18:00:00-07:00", "owner": "PACIFICORP", "voltage": 345.0, "volt_class": "345", "inferred": "Y", "sub_1": "NOT AVAILABLE", "sub_2": "CURRENT CREEK", "shape_lengt": 242.7761230152, "globalid": "6ddb3ea0-8215-4480-a479-32c34b6ed50d", "NERC": "WECC", "NERC_Label": "Western Electricity Coordinating Council (WECC)" }, "geometry": { "type": "MultiLineString", "coordinates": [ [ [ -111.893973994, 39.821786575 ], [ -111.894790103, 39.821729071 ], [ -111.895807475, 39.821715801 ], [ -111.896148433, 39.821749922 ] ] ] } },
{ "type": "Feature", "properties": { "objectid": "68513", "id": "200214", "type": "AC; OVERHEAD", "status": "NOT AVAILABLE", "naics_code": "221121", "naics_desc": "ELECTRIC BULK POWER TRANSMISSION AND CONTROL", "source": "IMAGERY", "sourcedate": "2014-07-08T20:00:00-06:00", "val_method": "IMAGERY", "val_date": "2014-07-08T20:00:00-06:00", "owner": "PUBLIC SERVICE CO OF COLORADO", "voltage": 345.0, "volt_class": "345", "inferred": "Y", "sub_1": "MISSLE SITE", "sub_2": "LIMON WIND #1", "shape_lengt": 82893.7842205864, "globalid": "8f9f8969-1571-438f-bbd6-dab5b6a04db7", "NERC": "WECC", "NERC_Label": "Western Electricity Coordinating Council (WECC)" }, "geometry": { "type": "MultiLineString", "coordinates": [ [ [ -104.020331797, 39.685770963 ], [ -104.021229544, 39.684981988000096 ], [ -104.021262972, 39.68017121 ], [ -104.022700381, 39.680164778 ], [ -104.023051377, 39.653101122000102 ], [ -103.967401887, 39.653384229 ], [ -103.967993586, 39.610112755 ], [ -103.924177504, 39.6100654460001 ], [ -103.924560847, 39.549855401000102 ], [ -103.912008842, 39.549961044 ], [ -103.897008751, 39.546294455000101 ], [ -103.897644735, 39.418426391 ], [ -103.878568489, 39.403786634 ], [ -103.867896016, 39.399465713 ], [ -103.84143851, 39.388896848000101 ], [ -103.787309263, 39.3886745880001 ], [ -103.714710888, 39.389119107 ], [ -103.714870656, 39.374720203 ], [ -103.656982735, 39.374828380000103 ], [ -103.656427164, 39.375196736000099 ] ] ] } },
{ "type": "Feature", "properties": { "objectid": "71454", "id": "203238", "type": "AC; OVERHEAD", "status": "NOT AVAILABLE", "naics_code": "221121", "naics_desc": "ELECTRIC BULK POWER TRANSMISSION AND CONTROL", "source": "Company Map", "sourcedate": "2015-06-28T20:00:00-06:00", "val_method": "IMAGERY/OTHER", "val_date": "2015-06-28T20:00:00-06:00", "owner": "PACIFICORP", "voltage": 345.0, "volt_class": "345", "inferred": "N", "sub_1": "BORAH", "sub_2": "ADELAIDE", "shape_lengt": 83791.363005936393, "globalid": "e0539fc8-33c4-49c5-9c06-db4584ebea46", "NERC": "WECC", "NERC_Label": "Western Electricity Coordinating Council (WECC)" }, "geometry": { "type": "MultiLineString", "coordinates": [ [ [ -112.930460759, 42.750304781000096 ], [ -112.931059169, 42.749456527000099 ], [ -112.939259119, 42.749466999 ], [ -112.949006365, 42.743974137000102 ], [ -112.957577096, 42.739234909000103 ], [ -112.962611153, 42.738564580000102 ], [ -112.975624117, 42.736815406000098 ], [ -112.990391159, 42.734746709 ], [ -113.004687595, 42.732803641 ], [ -113.019048204, 42.730918127000102 ], [ -113.034350025, 42.728796856 ], [ -113.048168724, 42.726921696 ], [ -113.062393856, 42.725009812000103 ], [ -113.081056468, 42.721999567000097 ], [ -113.100137396, 42.71854913 ], [ -113.118838038, 42.715224236 ], [ -113.137700301, 42.711906150000097 ], [ -113.156695664, 42.708483096000101 ], [ -113.176470618, 42.704955057000099 ], [ -113.196968118, 42.701287081 ], [ -113.215839888, 42.697891389000098 ], [ -113.217503646, 42.697576964000099 ], [ -113.235700406, 42.697583952000102 ], [ -113.255, 42.69763985 ], [ -113.274128464, 42.697667799 ], [ -113.293665738, 42.697653824 ], [ -113.313136462, 42.697646837 ], [ -113.333776569, 42.69763985 ], [ -113.35369413, 42.69763985 ], [ -113.375665244, 42.697653824 ], [ -113.400517037, 42.697611901000101 ], [ -113.427099137, 42.697653824 ], [ -113.450154071, 42.697611901000101 ], [ -113.465745861, 42.697594433000098 ], [ -113.476382029, 42.7020661070001 ], [ -113.482015038, 42.704520151 ], [ -113.483536188, 42.704974269000097 ], [ -113.499971741, 42.705210060000098 ], [ -113.526758247, 42.705533179 ], [ -113.550656944, 42.7058824960001 ], [ -113.576813598, 42.7063104060001 ], [ -113.603017788, 42.706371536000098 ], [ -113.623957371, 42.706205612000097 ], [ -113.647036073, 42.706048421 ], [ -113.667571602, 42.7058824960001 ], [ -113.668272756, 42.7058562980001 ], [ -113.668707086, 42.705538114 ] ] ] } },
{ "type": "Feature", "properties": { "objectid": "93428", "id": "313178", "type": "AC; OVERHEAD", "status": "IN SERVICE", "naics_code": "221121", "naics_desc": "ELECTRIC BULK POWER TRANSMISSION AND CONTROL", "source": "Western Electricity Coordinating Council https://www.wecc.biz/Reliability/YEAR%202014%20OC%20MAP-1.pdf", "sourcedate": "2016-12-31T18:00:00-07:00", "val_method": "IMAGERY/OTHER", "val_date": "2016-12-31T18:00:00-07:00", "owner": "NOT AVAILABLE", "voltage": 345.0, "volt_class": "345", "inferred": "N", "sub_1": "NOT AVAILABLE", "sub_2": "NOT AVAILABLE", "shape_lengt": 247853.25102045701, "globalid": "293972e8-1c51-4f37-805f-dc1d96dba731", "NERC": "WECC", "NERC_Label": "Western Electricity Coordinating Council (WECC)" }, "geometry": { "type": "MultiLineString", "coordinates": [ [ [ -111.486262189, 36.931867778 ], [ -111.490255, 36.929939999000098 ], [ -111.493279, 36.927775999000097 ], [ -111.495370001, 36.925753 ], [ -111.497065001, 36.922806 ], [ -111.497055, 36.919109 ], [ -111.496343001, 36.914975 ], [ -111.496758105, 36.913762504 ], [ -111.497279001, 36.912241 ], [ -111.497002, 36.901306 ], [ -111.495720001, 36.859164999 ], [ -111.495247, 36.843361000000101 ], [ -111.493517001, 36.778663999 ], [ -111.492222, 36.711263 ], [ -111.490913, 36.638331999000101 ], [ -111.489998, 36.583195 ], [ -111.487415001, 36.568150000000102 ], [ -111.47847, 36.5073620000001 ], [ -111.468086001, 36.440277 ], [ -111.457443, 36.37175 ], [ -111.448719, 36.312061 ], [ -111.449364001, 36.307861000000102 ], [ -111.460503001, 36.289916999000098 ], [ -111.466278, 36.261723000000103 ], [ -111.465111, 36.247581 ], [ -111.458473001, 36.197529 ], [ -111.448944, 36.12561 ], [ -111.443169, 36.081832999 ], [ -111.442802, 36.076752 ], [ -111.444809, 36.05714 ], [ -111.446892, 36.035999000000103 ], [ -111.447106001, 36.024355 ], [ -111.446684, 35.996108 ], [ -111.445912001, 35.948401999 ], [ -111.446272, 35.929330999000101 ], [ -111.447807001, 35.909805 ], [ -111.450142, 35.903526 ], [ -111.453356, 35.8954880000001 ], [ -111.454086001, 35.888557 ], [ -111.453308, 35.8675 ], [ -111.451874028, 35.832039884 ], [ -111.451860991, 35.831717478 ], [ -111.451860001, 35.831693 ], [ -111.451836, 35.828751000000103 ], [ -111.467941, 35.800971999000097 ], [ -111.470811643, 35.79592612 ], [ -111.483342528, 35.77389993 ], [ -111.487, 35.767471 ], [ -111.495636, 35.750526 ], [ -111.513084, 35.712223 ], [ -111.515831, 35.7060010000001 ], [ -111.53389, 35.64397 ], [ -111.549698, 35.589416999 ], [ -111.555222001, 35.570167999 ], [ -111.542168, 35.541416 ], [ -111.538635, 35.535973 ], [ -111.504280001, 35.482944 ], [ -111.468055, 35.426903 ], [ -111.460076, 35.414689000000102 ], [ -111.446587, 35.374363000000102 ], [ -111.428137, 35.319768999000097 ], [ -111.40947, 35.264361999000101 ], [ -111.405887452, 35.253694152 ], [ -111.393173, 35.215834 ], [ -111.393913, 35.183887 ], [ -111.39403356, 35.182452514 ] ] ] } },
{ "type": "Feature", "properties": { "objectid": "86731", "id": "306465", "type": "AC; OVERHEAD", "status": "IN SERVICE", "naics_code": "221121", "naics_desc": "ELECTRIC BULK POWER TRANSMISSION AND CONTROL", "source": "Western Electricity Coordinating Council https://www.wecc.biz/Reliability/YEAR%202014%20OC%20MAP-1.pdf", "sourcedate": "2016-12-31T18:00:00-07:00", "val_method": "IMAGERY/OTHER", "val_date": "2016-12-31T18:00:00-07:00", "owner": "NOT AVAILABLE", "voltage": 345.0, "volt_class": "345", "inferred": "N", "sub_1": "SHIPROCK", "sub_2": "NOT AVAILABLE", "shape_lengt": 16577.4882493156, "globalid": "7f190796-e841-4113-9c53-ddef44309e21", "NERC": "WECC", "NERC_Label": "Western Electricity Coordinating Council (WECC)" }, "geometry": { "type": "MultiLineString", "coordinates": [ [ [ -108.477331775, 36.797149224000101 ], [ -108.480174, 36.789809 ], [ -108.479889, 36.759556 ], [ -108.486117584, 36.750893910000102 ], [ -108.486725, 36.747695999 ], [ -108.487116658, 36.726495097000097 ], [ -108.487206562, 36.7216284880001 ], [ -108.48721313, 36.721272952 ], [ -108.487251, 36.719222999000102 ], [ -108.487253, 36.712633999 ], [ -108.493511, 36.687706999000099 ], [ -108.493027, 36.686499999 ], [ -108.491628726, 36.686455552 ], [ -108.489000247, 36.686372001000102 ], [ -108.488025001, 36.686341 ], [ -108.485219595, 36.687158655000097 ] ] ] } },
{ "type": "Feature", "properties": { "objectid": "79610", "id": "212302", "type": "AC", "status": "NOT AVAILABLE", "naics_code": "221121", "naics_desc": "ELECTRIC BULK POWER TRANSMISSION AND CONTROL", "source": "IMAGERY", "sourcedate": "2019-04-21T20:00:00-06:00", "val_method": "IMAGERY", "val_date": "2019-04-21T20:00:00-06:00", "owner": "NORTHERN WASCO COUNTY PUD", "voltage": 345.0, "volt_class": "345", "inferred": "N", "sub_1": "TAP209586", "sub_2": "UNKNOWN206537", "shape_lengt": 36.799252652299998, "globalid": "c93ac121-7408-4f13-83ad-df7f4f3309c2", "NERC": "WECC", "NERC_Label": "Western Electricity Coordinating Council (WECC)" }, "geometry": { "type": "MultiLineString", "coordinates": [ [ [ -111.679209939, 41.056470433000101 ], [ -111.679395537, 41.056488279 ], [ -111.679538305, 41.056477571000102 ] ] ] } }
]
}
